Marketing_authorisation_number,Procedure_number,Drug_name,Non_proprietary_name,Marketing_authorisation_holder,Drug_class,Pharmaceutical_form,Administration_route,Decision,Current_status,Decision_date,Decision_year,Orphan_drug_status,Indication_extended,Indication_requested,Indication_approved,Disease_class(es),Application_date,Application_year,Nonclinical_abridged,Referral_body,Document_name,Agency
138885,pm-2019-04825-1-1,soliris,eculizumab,alexion pharmaceuticals australasia pty ltd,biologics,solution,intravenous,approved,authorised (under additional monitoring),26.06.2020,2020,yes,yes,adult patients with neuromyelitis optica spectrum disorder (nmosd) who are anti-aquaporin-4 (aqp4) antibody-positive.,adult patients with neuromyelitis optica spectrum disorder (nmosd) who are anti-aquaporin-4 (aqp4) antibody-positive.,diseases of the nervous system,02.12.2019,2019,yes,health canada,auspar-eculizumab-201124.pdf,TGA
381094,pm-2021-05441-1-1,nuceiva,prabotulinum toxin a,ppd australia pty ltd,biologics,powder,intramuscular,approved,authorised (under additional monitoring),13.01.2023,2023,no,no,the temporary improvement in the appearance of moderate to severe glabellar lines associated with corrugator and/or procerus muscle activity in adult patients.,the temporary improvement in the appearance of moderate to severe glabellar lines in adult patients.,diseases of the skin,31.01.2022,2022,yes,,auspar-nuceiva-230919.pdf,TGA
82903; 154382,pm-2014-01870-1-2,valcyte,valganciclovir,roche products pty ltd,small molecule,tablet; powder,oral,approved,authorised,08.09.2015,2015,no,yes,prophylaxis of cmv disease in adult and paediatric solid organ transplantation (sot) patients who are at risk.,prophylaxis of cmv disease in adult and paediatric solid organ transplantation (sot) patients who are at risk.,infectious and parasitic diseases,,,yes,,auspar-valganciclovir-160105.pdf,TGA
"199410, 199411, 199412, 216038, 238700, 95779",pm-2015-01149-1-3,humira,adalimumab,abbvie pty ltd,biologics,solution,subcutaneous,approved,authorised,07.07.2016,2016,no,yes,enthesitis-related arthritis; psoriasis in adults and children,enthesitis-related arthritis; psoriasis in adults and children,diseases of the musculoskeletal system and connective tissue; diseases of the skin,,,yes,,auspar-adalimumab-170320.pdf,TGA
355338,pm-2021-00644-1-4,welireg,belzutifan,merck sharp & dohme (australia) pty ltd,small molecule,tablet,oral,approved,authorised (under additional monitoring),20.12.2022,2022,yes,yes,treatment of adult patients with von hippel-lindau (vhl) disease who require therapy for associated renal cell carcinoma not requiring immediate surgery,"treatment of adult patients with von hippel-lindau (vhl) disease who require therapy for associated renal cell carcinoma (rcc), central nervous system (cns) haemangioblastomas, or pancreatic neuroendocrine tumours (pnet), not requiring immediate surgery",neoplasms; diseases of the nervous system; diseases of the digestive system,31.03.2021,2021,no,na,auspar-welireg-230913.pdf,TGA
"158356, 158419 and 200121",pm-2012-01934-3-2,revolade,eltrombopag olamine,glaxosmithkline australia pty ltd,small molecule,tablet,oral,approved,authorised,27.08.2013,2013,no,yes,treatment of thrombocytopenia in adult patients with chronic hepatitis c virus (hcv) infection to enable the initiation of interferon-based therapy and during interferon-based therapy.,treatment of thrombocytopenia in patients with chronic hepatitis c to allow the initiation and maintenance of interferon-based therapy.,diseases of the blood and blood-forming organs; infectious and parasitic diseases,,,yes,,auspar-eltrombopag-olamine-131203.pdf,TGA
156226,pm-2008-2954-5,zomacton,somatropin,ferring pharmaceuticals pty ltd,peptides and proteins,powder,subcutaneous,approved,authorised,03.09.2010,2010,no,no,for the long term treatment of children who have growth failure due to inadequate secretion of growth hormone.,for the long term treatment of children who have growth failure due to inadequate secretion of growth hormone.,"endocrine, nutritional, and metabolic diseases",,,no,na,auspar-zomacton.pdf,TGA
312687,pm-2020-02479-1-3,rinvoq,upadacitinib,abbvie pty ltd,small molecule,tablet,oral,approved,authorised (under additional monitoring),06.05.2021,2021,no,yes,psoriatic arthritis; ankylosing spondylitis,psoriatic arthritis; ankylosing spondylitis,diseases of the musculoskeletal system and connective tissue; diseases of the skin,30.06.2020,2020,yes,,auspar-upadacitinib-210716.pdf,TGA
,pm-2013-00709-1-4,avastin,bevacizumab,roche products pty ltd,biologics,solution,intravenous,rejected,na,17.09.2014,2014,yes,yes,treatment of adult patients with newly diagnosed glioblastoma in combination with radiotherapy and temozolomide.,na,neoplasms; diseases of the nervous system,,,yes,,auspar-bevacizumab-141103.pdf,TGA
161 281 and 161 282,pm-2009-01084-4,votrient,pazopanib hydrochloride,glaxosmithkline australia pty ltd,small molecule,tablet,oral,approved,authorised,22.06.2010,2010,yes,no,treatment of advanced and/or metastatic renal cell carcinoma (rcc).,treatment of advanced and/or metastatic renal cell carcinoma (rcc).,neoplasms; diseases of the genitourinary system,,,no,na,auspar-votrient.pdf,TGA
"205919, 205917 and 200922, 200936",pm-2017-04434-1-4 and pm-2017-04435-1-4,mekinist and tafinlar,trametinib and dabrafenib,novartis pharmaceuticals australia pty limited,small molecule,tablet; capsule,oral,approved,authorised,06.06.2018,2018,no,yes,"adjuvant treatment of patients with stage iii melanoma with a braf v600 mutation, following complete resection.","adjuvant treatment of patients with stage iii melanoma with a braf v600 mutation, following complete resection.",neoplasms; diseases of the skin,16.01.2018,2018,yes,,auspar-trametinib-dabrafenib-181108.pdf,TGA
"96426, 96427",pm-2012-02513-3-2,emtriva,emtricitabine,gilead sciences pty ltd,small molecule,capsule,oral,approved,authorised,09.04.2014,2014,yes,yes,treatment of hiv infected adults and paediatric patients 12 years of age and older in combination with other antiretroviral agents.,"treatment of hiv in combination with other antiretroviral agents in infected adults and paediatric patients 12 years of age and older, weighing more than 33 kg.",infectious and parasitic diseases,,,yes,,auspar-emtricitabine-140612.pdf,TGA
"173315, 173323, 173324",pm-2010-01887-3-2,evogam,normal (human) immunoglobulin,csl ltd,biologics,solution,subcutaneous,approved,authorised,24.01.2012,2012,no,no,replacement therapy in primary immunodeficiency disease and symptomatic hypogammaglobulinaemia secondary to underlying disease or treatment.,replacement therapy in primary immunodeficiency disease and symptomatic hypogammaglobulinaemia secondary to underlying disease or treatment.,diseases of the blood and blood-forming organs,10.04.2007,2007,yes,,auspar-normal-immunoglobulin-human-120507.pdf,TGA
"149402, 149403, 149404",pm-2012-01905-3-3,actemra,tocilizumab,roche products pty ltd,biologics,concentrate,intravenous,approved,authorised,04.10.2013,2013,no,yes,treatment of moderate to severe active polyarticular juvenile idiopathic arthritis in patients 2 years of age and older who have had an inadequate response to or intolerance to methotrexate.,treatment of moderate to severe active polyarticular juvenile idiopathic arthritis in patients 2 years of age and older who have had an inadequate response to or intolerance to methotrexate.,diseases of the musculoskeletal system and connective tissue,,,yes,,auspar-tocilizumab-140206.pdf,TGA
212325,pm-2013-01459-1-5,mirvaso,brimonidine,galderma australia pty ltd,small molecule,gel,topical,approved,authorised,01.08.2014,2014,no,no,for the treatment of facial erythema of rosacea in adult patients,for the treatment of facial erythema of rosacea in adult patients,diseases of the skin,,,yes,,auspar-brimonidine-as-tartrate-150123.pdf,TGA
263913,pm-2015-02803-1-3,antizol,fomepizole,aft pharmaceuticals,small molecule,concentrate,intravenous,approved,authorised,25.11.2016,2016,yes,no,antidote for ethylene glycol or methanol poisoning,treatment of ethylene glycol or methanol poisoning,"injury, poisoning and certain other consequences of external causes",06.01.2015,2015,yes,,auspar-fomepizole-170817.pdf,TGA
,pm-2015-00426-1-5,gliclazide gppl mr 30; gliclazide gxp mr 60; gliclazide genpar mr 60,gliclazide,generic partners pty ltd,small molecule,tablet,oral,withdrawn,withdrawn,23.02.2016,2016,no,no,type ii diabetes in association with dietary measures when dietary measures alone are inadequate to control blood glucose.,na,"endocrine, nutritional, and metabolic diseases",,,yes,na,auspar-gliclazide-160719.pdf,TGA
352151,pm-2020-06691-1-4,lutetium (177lu) chloride,lutetium (177lu) chloride,australian nuclear science and technology organisation (ansto),other,solution,intravenous,approved,authorised (under additional monitoring),08.12.2021,2021,yes,no,for the treatment of non resectable or metastatic neuroendocrine tumours (nets) expressing somatostatin subtype 2 receptors when coupled with a suitable carrier molecule.,for the treatment of non resectable or metastatic neuroendocrine tumours (nets) expressing somatostatin subtype 2 receptors when coupled with a suitable carrier molecule.,neoplasms,20.01.2021,2021,yes,,auspar-lutetium-177lu-chloride-20220916.pdf,TGA
"199538, 199539, 199540, 199541, 199542, 199543",pm-2012-01949-3-5,"nesina, vipidia",alogliptin,takeda pharmaceuticals australia pty ltd,small molecule,tablet,oral,approved,authorised,10.09.2013,2013,no,no,to improve glycaemic control in adult patients with type 2 diabetes mellitus when diet and exercise do not provide adequate glycaemic control.,"to improve glycaemic control in adult patients with type 2 diabetes mellitus when diet and exercise do not provide adequate glycaemic control, as add on to metformin, a sulphonylurea, a thiazolidinedione, insulin (with or without metformin), or in combination with metformin and a thiazolidinedione when dual therapy does not provide adequate glycaemic control.","endocrine, nutritional, and metabolic diseases",,,no,na,auspar-alogliptin-benzoate-140109.pdf,TGA
211684 and 211685,pm-2013-01517-1-4,ribomustin,bendamustine hydrochloride,janssen-cilag pty ltd,small molecule,powder,intravenous,approved,authorised,26.06.2014,2014,no,no,"first-line treatment of chronic lymphocytic leukaemia (binet stage b or c); previously untreated indolent cd20-positive, stage iii-iv non-hodgkin's lymphoma, in combination with rituximab; previously untreated cd20-positive, stage i/ii-iv mantle cell lymphoma in combination with rituximab, in patients ineligible for autologous stem cell transplantation; relapsed/refractory indolent non-hodgkin's lymphoma.","first-line treatment of chronic lymphocytic leukaemia (binet stage b or c); previously untreated indolent cd20-positive, stage iii-iv non-hodgkin's lymphoma, in combination with rituximab; previously untreated cd20-positive, stage i/ii-iv mantle cell lymphoma in combination with rituximab, in patients ineligible for autologous stem cell transplantation; relapsed/refractory indolent non-hodgkin's lymphoma.",neoplasms; diseases of the blood and blood-forming organs,,,yes,,auspar-bendamustine-150106.pdf,TGA
"267441, 267442, 267443, 267444 and 267445",pm-2020-02543-1-6,venclexta,venetoclax,abbvie pty ltd,small molecule,tablet,oral,approved,authorised (under additional monitoring),24.09.2021,2021,yes,no,acute myeloid leukaemia,acute myeloid leukaemia,neoplasms; diseases of the blood and blood-forming organs,30.06.2020,2020,yes,,auspar-venetoclax-220426.pdf,TGA
172244,pm-2010-01492-3-3,eliquis,apixaban,bristol-myers squibb australia pty ltd,small molecule,tablet,oral,approved,authorised,14.07.2011,2011,no,no,prevention of venous thromboembolic events (vte) in adult patients who have undergone elective hip or knee replacement surgery.,for the prevention of venous thromboembolic events (vte) in adult patients who have undergone elective total hip or total knee replacement surgery.,diseases of the musculoskeletal system and connective tissue; diseases of the circulatory system,,,no,na,auspar-eliquis.pdf,TGA
"185934, 185935",pm-2013-01123-1-1,pecfent,fentanyl,astrazeneca pty ltd,small molecule,solution,nasal,withdrawn,withdrawn,03.03.2014,2014,no,yes,management of breakthrough pain in adults with cancer who are already receiving maintenance opioid therapy for chronic pain.,na,neoplasms; diseases of the nervous system,,,yes,,auspar-fentanyl-140520.pdf,TGA
200674 and 210806,pm-2012-02287-3-2,fluarix tetra,influenza virus haemagglutinin,glaxosmithkline australia pty ltd,vaccine,suspension,intramuscular,approved,authorised,21.08.2013,2013,no,no,active immunisation of adults and children from 3 years of age for the prevention of influenza disease caused by the influenza virus types a and b contained in the vaccine.,active immunisation of adults and children from 3 years of age for the prevention of influenza disease caused by the influenza virus types a and b contained in the vaccine.,infectious and parasitic diseases,,,no,na,auspar-influenza-virus-140206.pdf,TGA
"389597,389598,389600,389599,389596",pm-2022-01578-1-6,esperoct,turoctocog alfa pegol,novo nordisk pharmaceuticals pty ltd,biologics,powder,intravenous,approved,authorised (under additional monitoring),31.05.2023,2023,no,no,for the treatment and prophylaxis of bleeding in previously treated patients with haemophilia a (congenital factor viii deficiency).,routine prophylactic treatment to prevent or reduce the frequency of bleeding episodes; on-demand treatment and control of bleeding episodes; peri-operative management of bleeding (surgical prophylaxis),diseases of the blood and blood-forming organs,03.06.2022,2022,no,na,auspar-esperoct-231024.pdf,TGA
225804,pm-2014-01472-1-5,saxenda,liraglutide,novo nordisk pharmaceuticals pty ltd,peptides and proteins,solution,subcutaneous,approved,authorised,23.12.2015,2015,no,yes,"chronic weight management in adult patients with an initial body mass index (bmi) of greater than or equal to 30 kg/m2 (obese); or greater than or equal to 27 kg/m2 to less than 30 kg/m2 (overweight) in the presence of at least one weight related comorbidity, such as dysglycaemia (pre-diabetes and type 2 diabetes mellitus), hypertension, dyslipidaemia, or obstructive sleep apnoea.","chronic weight management in adult patients with an initial body mass index (bmi) of greater than or equal to 30 kg/m2 (obese); or greater than or equal to 27 kg/m2 to less than 30 kg/m2 (overweight) in the presence of at least one weight related comorbidity, such as dysglycaemia (pre-diabetes and type 2 diabetes mellitus), hypertension, dyslipidaemia, or obstructive sleep apnoea.","endocrine, nutritional, and metabolic diseases",,,no,na,auspar-liraglutide-160323.pdf,TGA
"aust r 102134, aust r 102138, aust r 102139",pm-2011-01941-3-3,olmetec,olmesartan medoxomil,merck sharp & dohme (australia) pty ltd,small molecule,tablet,oral,approved,authorised,07.09.2012,2012,no,yes,for the treatment of hypertension,for the treatment of hypertension,diseases of the circulatory system,,,yes,,auspar-olmesartan-medoxomil-130226.pdf,TGA
172213; 172234; 172235,pm-2012-02256-3-5,levemir,insulin detemir,novo nordisk pharmaceuticals,peptides and proteins,solution,subcutaneous,approved,authorised,16.10.2013,2013,no,no,treatment of diabetes mellitus,treatment of diabetes mellitus,"endocrine, nutritional, and metabolic diseases",,,yes,,auspar-insulin-detemir-rys-140328.pdf,TGA
"319085, 319086",pm-2019-02568-1-6,sarclisa,isatuximab,sanofi-aventis australia pty ltd,biologics,concentrate,intravenous,approved,authorised (under additional monitoring),29.04.2020,2020,yes,no,"sarclisa is indicated in combination with pomalidomide and dexamethasone, for the treatment of patients with multiple myeloma (mm) who have received at least two prior therapies including lenalidomide and a proteasome inhibitor (pi).","sarclisa is indicated in combination with pomalidomide and dexamethasone, for the treatment of patients with multiple myeloma (mm) who have received at least two prior therapies including lenalidomide and a proteasome inhibitor (pi).",neoplasms; diseases of the blood and blood-forming organs,30.07.2019,2019,no,na,auspar-isatuximab-201102.pdf,TGA
"311926, 330566, 336710",pm-2023-02695-1-1,ultomiris,ravulizumab,alexion pharmaceuticals australasia pty ltd,biologics,solution,intravenous,approved,authorised,19.01.2024,2024,no,yes,treatment of adult patients with neuromyelitis optica spectrum disorder (nmosd) who are anti-aquaporin 4 (aqp4) antibody-positive,treatment of adult patients with neuromyelitis optica spectrum disorder (nmosd) who are anti-aquaporin 4 (aqp4) antibody-positive,diseases of the nervous system,31.07.2023,2023,yes,,auspar-ultomiris-240708.pdf,TGA
"228476, 228475, 228474",pm-2014-02782-1-3,spedra,avanafil,a.menarini australia pty ltd,small molecule,tablet,oral,approved,authorised,10.11.2015,2015,no,no,treatment of erectile dysfunction in men.,treatment of erectile dysfunction in adult males.,diseases of the genitourinary system,,,no,na,auspar-avanafil-161027.pdf,TGA
280432; 280433,pm-2016-02723-1-5,ryzodeg 70/30 flextouch; ryzodeg 70/30 penfill,insulin degludec; insulin aspart,novo nordisk pharmaceuticals pty ltd,peptides and proteins,solution,subcutaneous,approved,authorised,24.11.2017,2017,no,no,to improve glycaemic control in adult patients with diabetes mellitus requiring basal and prandial insulin.,to improve glycaemic control in adult patients with diabetes mellitus requiring basal and prandial insulin.,"endocrine, nutritional, and metabolic diseases",31.10.2016,2016,yes,,auspar-ryzodeg-180522.pdf,TGA
"238285, 238299, 238304, 238305",pm-2018-02973-1-3,praluent,alirocumab,sanofi-aventis australia pty ltd,biologics,solution,subcutaneous,approved,authorised,29.10.2019,2019,no,yes,primary hypercholesterolaemia and mixed dyslipidaemia,primary hypercholesterolaemia; prevention of cardiovascular events,"diseases of the circulatory system; endocrine, nutritional, and metabolic diseases",31.08.2018,2018,yes,,auspar-alirocumab-rch-191209.pdf,TGA
212274,pm-2013-01250-1-4,hemangiol,propranolol hydrochloride,pierre fabre medicament australia pty limited,small molecule,solution,oral,approved,authorised,18.06.2015,2015,yes,yes,treatment of proliferating infantile hemangioma requiring systemic therapy,treatment of proliferating infantile hemangioma requiring systemic therapy,neoplasms,,,yes,,auspar-propranolol-hydrochloride-150819.pdf,TGA
"457685, 457688, 457690, 457677, 457680, 457686, 459385, 457679, 459366",pm-2024-02578 1-1-2,comirnaty jn.1 covid-19 vaccine,bretovameran,pfizer australia pty ltd,vaccine,suspension,intramuscular,approved,authorised,10.10.2024,2024,no,no,"active immunisation to prevent coronavirus disease 2019 (covid-19) caused by sars-cov-2, in individuals 6 months of age and older.","active immunisation to prevent coronavirus disease 2019 (covid-19) caused by sars-cov-2, in individuals 6 months of age and older.",infectious and parasitic diseases,02.08.2024,2024,yes,,auspar-comirnaty-jn-1-covid-19-vaccine-250318.pdf,TGA
328580,pm-2019-05122-1-5,xultophy,insulin degludec/liraglutide,novo nordisk pharmaceuticals pty ltd,peptides and proteins,solution,subcutaneous,approved,authorised (under additional monitoring),17.12.2020,2020,no,no,treatment of adults with type 2 diabetes mellitus to improve glycaemic control in combination with one or more oral glucose-lowering medicinal products.,"treatment of adults with type 2 diabetes mellitus to improve glycaemic control in combination with metformin, with or without other oral glucose-lowering medicinal products.","endocrine, nutritional, and metabolic diseases",31.01.2020,2020,no,na,auspar-insulin-degludec-liraglutide-210322.pdf,TGA
206071,pm-2012-04170-1-5,bretaris genuair,aclidinium bromide,a menarini australia pty ltd,small molecule,powder,inhalation,approved,authorised,18.03.2014,2014,no,no,long term maintenance bronchodilator treatment to relieve symptoms in adult patients with chronic obstructive pulmonary disease (copd).,long term maintenance bronchodilator treatment to relieve symptoms in adult patients with chronic obstructive pulmonary disease (copd).,diseases of the respiratory system,,,no,na,auspar-aclidinium-bromide-140908.pdf,TGA
351139,pm-2022-00638-1-2,nuvaxovid,sars-cov-2 rs vaccine,biocelect pty ltd,vaccine,suspension,intramuscular,approved,authorised,09.06.2022,2022,no,yes,active immunisation to prevent coronavirus disease 2019 (covid-19) caused by sars-cov-2 in individuals 18 years of age and older.,active immunisation to prevent coronavirus disease 2019 (covid-19) caused by sars-cov-2 in individuals 18 years of age and older.,infectious and parasitic diseases,03.03.2022,2022,no,na,auspar-nuvaxovid-homologous-booster-220614.pdf,TGA
187136,pm-2011-01624-3-4,halaven,eribulin mesilate,eisai australia pty ltd,small molecule,solution,intravenous,approved,authorised,30.08.2012,2012,no,no,treatment of patients with locally advanced or metastatic breast cancer who have progressed after at least two chemotherapeutic regimens for advanced disease.,treatment of patients with locally advanced or metastatic breast cancer who have progressed after at least two chemotherapeutic regimens for advanced disease.,neoplasms,,,no,na,auspar-eribulin-mesilate-130517-01.pdf,TGA
"91939, 91940",pm-2010-01235-3-2,myfortic,mycophenolate sodium,novartis pharmaceuticals australia pty limited,small molecule,tablet,oral,approved,authorised,07.09.2012,2012,yes,yes,induction and maintenance treatment of lupus nephritis,"induction and maintenance treatment of adult patients with who class iii, iv or v lupus nephritis",diseases of the genitourinary system,,,yes,,auspar-mycophenolate-sodium-130517.pdf,TGA
96916,pm-2009-00296-3-2,hepsera,adefovir dipivoxil,gilead sciences pty ltd,small molecule,tablet,oral,approved,authorised,29.04.2010,2010,no,yes,treatment of chronic hepatitis b in patients 12 years of age and older with evidence of active viral replication and either evidence of persistent elevations in serum aminotransferases or histologically active disease.,treatment of chronic hepatitis b in patients 12 years of age and older with evidence of active viral replication and either evidence of persistent elevations in serum aminotransferases or histologically active disease.,infectious and parasitic diseases,,,yes,,auspar-hepsera.pdf,TGA
234034,pm-2014-04309-1-3,actemra,tocilizumab,roche products pty ltd,biologics,solution,subcutaneous,approved,authorised,19.01.2016,2016,no,no,treatment of moderate to severe active rheumatoid arthritis in adult patients,treatment of moderate to severe active rheumatoid arthritis in adult patients,diseases of the musculoskeletal system and connective tissue,,,no,na,auspar-tocilizumab-rch-160929.pdf,TGA
,,prevenar 13,pneumococcal polysaccharide conjugate vaccine,wyeth australia pty ltd,vaccine,suspension,intramuscular,approved,authorised,16.03.2010,2010,no,no,"active immunisation for the prevention of disease caused by streptococcus pneumoniae serotypes 1, 3, 4, 5, 6a, 6b, 7f, 9v, 14, 18c, 19a, 19f, and 23f in infants and children from 6 weeks to 5 years of age.","active immunisation for the prevention of disease caused by streptococcus pneumoniae serotypes 1, 3, 4, 5, 6a, 6b, 7f, 9v, 14, 18c, 19a, 19f, and 23f (including invasive disease, pneumonia and acute otitis media) in infants and children from 6 weeks up to 5 years of age.",infectious and parasitic diseases,,,no,na,auspar-prevenar13.pdf,TGA
311926,pm-2018-05023-1-6,ultomiris,ravulizumab,alexion pharmaceuticals australasia pty ltd,biologics,solution,intravenous,approved,authorised (under additional monitoring),08.10.2019,2019,yes,no,treatment of adult patients with paroxysmal nocturnal haemoglobinuria (pnh),treatment of adult patients with paroxysmal nocturnal haemoglobinuria (pnh),diseases of the blood and blood-forming organs,02.01.2019,2019,yes,,auspar-ravulizumab-191113.pdf,TGA
391874,pm-2022-02134-1-4,tibsovo,ivosidenib,servier laboratories (aust) pty ltd,small molecule,tablet,oral,approved,authorised (under additional monitoring),04.04.2023,2023,yes,no,"treatment of adult patients with locally advanced or metastatic cholangiocarcinoma with an isocitrate dehydrogenase-1 (idh1) mutation, who were previously treated by at least one prior line of systemic therapy.",treatment of adult patients with locally advanced or metastatic cholangiocarcinoma with an isocitrate dehydrogenase-1 (idh1) r132 mutation after at least one prior line of systemic therapy.,neoplasms; diseases of the digestive system,01.08.2022,2022,no,na,auspar-tibsovo-231003.pdf,TGA
"aust r 196044, aust r 196045, aust r 196046",pm-2012-00296-3-5,kombiglyze,saxagliptin / metformin hydrochloride,bristol-myers squibb australia pty ltd,small molecule,tablet,oral,approved,authorised,01.05.2013,2013,no,no,as an adjunct to diet and exercise to improve glycaemic control in adults with type 2 diabetes mellitus when treatment with both saxagliptin and metformin is appropriate.,as an adjunct to diet and exercise to improve glycaemic control in adults with type 2 diabetes mellitus when treatment with both saxagliptin and metformin is appropriate.,"endocrine, nutritional, and metabolic diseases",,,no,na,auspar-saxagliptin-131015.pdf,TGA
224612,pm-2014-01436-1-2,viekira pak,paritaprevir / ritonavir / ombitasvir / dasabuvir,abbvie pty ltd,small molecule,tablet,oral,approved,authorised,01.07.2015,2015,no,no,"treatment of genotype 1 chronic hepatitis c infection, including patients with cirrhosis","treatment of genotype 1 chronic hepatitis c infection, including patients with compensated cirrhosis",infectious and parasitic diseases,,,no,na,auspar-paritaprevir-ritonavir-ombitasvir-dasabuvir-sodium-salt-170324.pdf,TGA
194081,pm-2014-01079-1-2,stribild,tenofovir disoproxil fumarate / emtricitabine / elvitegravir / cobicistat,gilead sciences pty ltd,small molecule,tablet,oral,approved,authorised,01.07.2015,2015,no,yes,stribild is indicated as a single tablet regimen for the treatment of hiv infection in treatment naive adults or adults who have no known mutations associated with resistance to the individual components of stribild.,stribild is indicated as a single tablet regimen for the treatment of hiv infection in treatment naive adults. stribild is also indicated in certain virologically suppressed (hiv-1 rna < 50 copies/ml) adult patients on a stable antiretroviral regimen at start of therapy in order to replace their current antiretroviral treatment regimen.,infectious and parasitic diseases,22.02.2013,2013,yes,,auspar-tenofovir-disoproxil-fumarate-170601.pdf,TGA
310960,pm-2018-04728-1-5,oxervate,cenegermin,jace pharma pty ltd,biologics,solution,ocular,approved,authorised (under additional monitoring),16.09.2019,2019,yes,no,treatment of moderate (persistent epithelial defect) or severe (corneal ulcer) neurotrophic keratitis in adults.,treatment of moderate (persistent epithelial defect) or severe (corneal ulcer) neurotrophic keratitis in adults.,diseases of the eye and adnexa,31.10.2018,2018,no,na,auspar-cenegermin-rbe-191126.pdf,TGA
369670,pm-2021-02677-1-2,spy agent green,indocyanine green,stryker australia pty ltd,small molecule,powder,intravenous; interstitial,approved,authorised,19.02.2024,2024,no,no,"visualisation of vessels, blood flow and tissue perfusion; visualisation of extrahepatic biliary ducts; visualisation of lymph nodes and lymphatic vessels during lymphatic mapping for cervical and uterine tumours","visualisation of vessels, blood flow and tissue perfusion in adults and paediatric patients from one month of age and above; visualisation of extrahepatic biliary ducts in adults and children from 12 years of age and above; visualisation of lymph nodes and lymphatic vessels in women with cervical or uterine solid tumours for which lymphatic mapping is a component of intraoperative management",neoplasms; diseases of the circulatory system; diseases of the digestive system,02.08.2021,2021,yes,,auspar-spy-agent-green-240808.pdf,TGA
314166,pm-2019-00405-1-5,trimbow,beclometasone dipropionate / formoterol fumarate dihydrate / glycopyrronium bromide,emerge health pty ltd,small molecule,solution,inhalation,approved,authorised,18.06.2020,2020,no,no,maintenance treatment in adult patients with moderate to severe chronic obstructive pulmonary disease (copd) who are not adequately treated by a combination of an inhaled corticosteroid (ics) and a long-acting beta2-agonist (laba) or a combination of a laba and a long-acting muscarinic antagonist (lama),maintenance treatment in adult patients with moderate to severe chronic obstructive pulmonary disease (copd) who are not adequately treated by a combination of an inhaled corticosteroid (ics) and a long-acting beta2-agonist (laba) or a combination of a laba and a long-acting muscarinic antagonist (lama),diseases of the respiratory system,10.05.2019,2019,no,na,auspar-beclometasone-dipropionate-formoterol-fumarate-glycopyrronium-bromide-201102.pdf,TGA
232805,pm-2017-01431-1-4,blincyto,blinatumomab,amgen australia pty ltd,biologics,powder,intravenous,approved,authorised,03.05.2018,2018,no,yes,treatment of relapsed or refractory b-cell precursor acute lymphoblastic leukaemia (all) and minimal residual disease (mrd) positive b-cell precursor acute lymphoblastic leukaemia (all) in patients in complete haematological remission.,treatment of relapsed or refractory b-cell precursor acute lymphoblastic leukaemia (all) and minimal residual disease (mrd) positive b-cell precursor acute lymphoblastic leukaemia (all) in patients in complete haematological remission.,neoplasms; diseases of the blood and blood-forming organs,31.05.2017,2017,yes,,auspar-blinatumomab-190930.pdf,TGA
275778,pm-2016-01580-1-1,ocrevus,ocrelizumab,roche products pty limited,biologics,vial,intravenous,approved,authorised,03.07.2017,2017,no,no,treatment of patients with relapsing forms of multiple sclerosis (rms) to delay the progression of physical disability and to reduce the frequency of relapse; treatment of patients with primary progressive multiple sclerosis (ppms) to delay the progression of physical disability,treatment of patients with relapsing forms of multiple sclerosis (rms) to delay the progression of physical disability and to reduce the frequency of relapse; treatment of patients with primary progressive multiple sclerosis (ppms) to delay the progression of physical disability,diseases of the nervous system,30.06.2016,2016,yes,,auspar-ocrelizumab-180808.pdf,TGA
176537,pm-2013-01524-1-2,eviplera,tenofovir disoproxil fumarate / emtricitabine / rilpivirine,gilead sciences pty ltd,small molecule,tablet,oral,approved,authorised,14.05.2014,2014,no,yes,"treatment of hiv infection in adult patients with plasma hiv-1 rna ≤500,000 copies/ml.","treatment of hiv infection in treatment-naïve adult patients with plasma hiv-1 rna ≤100,000 copies/ml and in certain virologically-suppressed adult patients on a stable antiretroviral regimen.",infectious and parasitic diseases,,,yes,,auspar-tenofovir-disoproxil-fumarate-140715.pdf,TGA
"232296, 232297",pm-2014-03464-1-4,imlygic,talimogene laherparepvec,amgen australia,biologics,solution,intralesional,approved,authorised,18.12.2015,2015,no,no,treatment of melanoma that is regionally or distantly metastatic,"treatment of melanoma in patients with unresectable cutaneous, subcutaneous or nodal lesions after initial surgery",neoplasms; diseases of the skin,,,no,na,auspar-talimogene-laherparepvec-160531.pdf,TGA
377110,pm-2021-04582-1-2,comirnaty,tozinameran,pfizer australia pty ltd,vaccine,suspension,intramuscular,approved,authorised (under additional monitoring),27.01.2022,2022,no,yes,"active immunisation to prevent coronavirus disease 2019 (covid-19) caused by sars-cov-2, in individuals 12 years of age and older.","active immunisation to prevent coronavirus disease 2019 (covid-19) caused by sars-cov-2, in individuals 12 years of age and older.",infectious and parasitic diseases,15.10.2021,2021,yes,,auspar-tozinameran-220128.pdf,TGA
165709,pm-2009-02764-3-2,tadim,colistimethate sodium,phebra pty ltd,peptides and proteins,powder,inhalation,approved,authorised,13.01.2011,2011,yes,no,treatment of colonisation and infections of the lung due to susceptible pseudomonas aeruginosa in patients with cystic fibrosis.,for the treatment of colonisation and infections of the lung due to susceptible pseudomonas aeruginosa in patients with cystic fibrosis.,infectious and parasitic diseases; diseases of the respiratory system,,,yes,,auspar-tadim.pdf,TGA
"232030, 232029",pm-2014-03892-1-1,movantik,naloxegol oxalate,astrazeneca pty ltd,small molecule,tablet,oral,approved,authorised,05.01.2016,2016,no,no,treatment of opioid-induced constipation (oic) in adult patients who have had an inadequate response to laxative(s).,treatment of opioid-induced constipation (oic) in adult patients who have had an inadequate response to laxative(s).,diseases of the digestive system,,,no,na,auspar-naloxegol-oxalate-160601.pdf,TGA
234008,pm-2014-04684-1-4,lynparza,olaparib,astrazeneca pty ltd,small molecule,capsule,oral,approved,authorised,23.12.2015,2015,yes,no,monotherapy for the maintenance treatment of adult patients with platinum-sensitive relapsed brca-mutated high grade serous ovarian cancer (including fallopian tube or primary peritoneal) who are in response to platinum based chemotherapy.,"monotherapy for the maintenance treatment of patients with platinum sensitive relapsed brca-mutated (germline or somatic) high grade serous epithelial ovarian, fallopian tube or primary peritoneal cancer who are in response (complete response or partial response) after platinum based chemotherapy.",neoplasms; diseases of the genitourinary system,31.03.2015,2015,no,na,auspar-olaparib-190211.pdf,TGA
"377572, 389801",pm-2023-03740-1-2,paxlovid,nirmatrelvir and ritonavir,pfizer australia pty ltd,peptides and proteins,tablet,oral,approved,authorised,26.08.2024,2024,no,no,"treatment of coronavirus disease 2019 (covid-19) in adults 18 years of age and older, who do not require initiation of supplemental oxygen due to covid-19 and are at increased risk of progression to hospitalisation or death","treatment of coronavirus disease 2019 (covid-19) in adults 18 years of age and older, who do not require initiation of supplemental oxygen due to covid-19 and are at increased risk of progression to hospitalisation or death",infectious and parasitic diseases; diseases of the respiratory system,09.11.2023,2023,no,na,auspar-paxlovid-241105.pdf,TGA
"205917, 205918, 205919",pm-2012-04134-1-4,mekinist,trametinib,glaxosmithkline australia pty ltd,small molecule,tablet,oral,approved,authorised,11.02.2014,2014,yes,no,treatment of patients with braf v600 mutation-positive unresectable or metastatic (stage iv) melanoma,treatment of patients with braf v600 mutation-positive unresectable or metastatic (stage iv) melanoma,neoplasms,,,no,na,auspar-trametinib-140317.pdf,TGA
,pm-2020-05286-1-1,cibinqo,abrocitinib,pfizer australia pty ltd,small molecule,tablet,oral,approved,authorised,24.07.2024,2024,no,no,"treatment of patients 12 years and older with moderate-to-severe atopic dermatitis, including the relief of pruritus, who have had an inadequate response to prescribed topical therapy or for whom these treatments are not advisable.",treatment of moderate-to-severe atopic dermatitis in adults who are candidates for systemic therapy.,diseases of the skin,,,no,na,auspar-cibinqo-240724.pdf,TGA
"253893, 253892",pm-2018-05753-1-3,taltz,ixekizumab,eli lilly australia pty ltd,biologics,solution,subcutaneous,approved,authorised,06.03.2020,2020,no,yes,ankylosing spondylitis (radiographic axial spondyloarthritis),ankylosing spondylitis (radiographic axial spondyloarthritis),diseases of the musculoskeletal system and connective tissue,01.04.2019,2019,yes,,auspar-ixekizumab-200622.pdf,TGA
260052; 260055,pm-2015-02402-1-4,empliciti,elotuzumab,bristol-myers squibb australia pty ltd,biologics,lyophilized powder,intravenous,approved,authorised,12.09.2016,2016,no,no,combination treatment of multiple myeloma in adult patients who have received one or more prior therapies.,combination treatment of multiple myeloma in adult patients who have received one or more prior therapies.,neoplasms; diseases of the blood and blood-forming organs,,,yes,,auspar-elotuzumab-171009.pdf,TGA
aust r 58113; aust r 58114; aust r 78360; aust r 58112; aust r 73350; aust r 78361; aust r 138917; aust r 153883; aust r 138920; aust r 138921; aust r 138922,pm-2008-03436-1,"seroquel, seroquel xr",quetiapine,astrazeneca pty ltd,small molecule,tablet,oral,approved,authorised,03.03.2010,2010,no,yes,"extension of indications to include use in children/adolescents with schizophrenia and bipolar mania, and treatment of generalised anxiety disorder.",bipolar disorder; schizophrenia; major depressive disorder; generalised anxiety disorder,mental and behavioural disorders,,,yes,,auspar-seroquel.pdf,TGA
338631 and 338645,pm-2020-02421-1-1,dayvigo,lemborexant,eisai australia pty ltd,small molecule,tablet,oral,approved,authorised (under additional monitoring),15.07.2021,2021,no,no,"treatment of insomnia, characterised by difficulties with sleep onset and/or sleep maintenance","treatment of insomnia, characterised by difficulties with sleep onset and/or sleep maintenance",mental and behavioural disorders,30.06.2020,2020,no,na,auspar-lemborexant-220328.pdf,TGA
372650,pm-2021-03679-1-2,lagevrio,molnupiravir,merck sharp & dohme (australia) pty limited,small molecule,capsule,oral,approved,authorised (under additional monitoring),18.01.2022,2022,no,no,molnupiravir is indicated for the treatment of covid-19 in adults.,treatment of adults with covid-19 who do not require initiation of oxygen due to covid-19 and who are at increased risk for hospitalisation or death.,infectious and parasitic diseases; diseases of the respiratory system,17.08.2021,2021,no,na,auspar-molnupiravir-220207.pdf,TGA
"224092, 224093",pm-2014-01099-1-3,gardasil 9,human papillomavirus 9-valent vaccine,merck sharp & dohme australia pty ltd,vaccine,suspension,intramuscular,approved,authorised,22.06.2015,2015,no,no,"prevention of cervical, vulvar, vaginal and anal cancer, precancerous or dysplastic lesions, genital warts, and infection caused by human papillomavirus (hpv) types 6, 11, 16, 18, 31, 33, 45, 52 and 58.","prevention of cervical, vulvar, vaginal and anal cancer, precancerous or dysplastic lesions, genital warts, and infection caused by human papillomavirus (hpv) types 6, 11, 16, 18, 31, 33, 45, 52 and 58.",neoplasms; infectious and parasitic diseases,29.06.2015,2015,no,na,auspar-human-papillomavirus-9-valent-vaccine-170103.pdf,TGA
"209227 (250 iu), 209223 (500 iu), 209224 (1000 iu), 209225 (2000 iu) and 209226 (3000 iu)",pm-2013-00745-1-4,alprolix,eftrenonacog alfa,biogen idec australia pty ltd,biologics,powder,intravenous,approved,authorised,17.04.2014,2014,yes,no,control and prevention of bleeding episodes in adults and children (≥ 12 years) with haemophilia b,control and prevention of bleeding episodes; routine prophylaxis to prevent or reduce the frequency of bleeding episodes; perioperative management in adults and children (≥ 12 years) with haemophilia b,diseases of the blood and blood-forming organs,,,no,na,auspar-eftrenonacog-alfa-141103.pdf,TGA
"75731 and 75732 (xeloda) and 101658, 101701, 122549, 122550, 125804, 128862, 128864, 75454 and 75455 (eloxatin, oxaliplatin dakota, winthrop oxaliplatin)",pm-2010-00909-4/2010-02795-4,"xeloda /eloxatin, oxaliplatin dakota, winthrop oxaliplatin",capecitabine /oxaliplatin,roche products pty ltd/sanofi-aventis australia pty ltd,small molecule,tablet; concentrate; powder,oral; intravenous,approved,authorised,02.02.2011,2011,no,yes,for adjuvant treatment of stage iii (dukes c) colon cancer.,"colon cancer, colorectal cancer, oesophagogastric cancer, breast cancer",neoplasms; diseases of the digestive system,,,yes,,auspar-xeloda-eloxatin.pdf,TGA
319093 and 341450,pm-2022-01977-1-2,flucelvax quad,influenza virus haemagglutinin,seqirus pty ltd,vaccine,suspension,intramuscular,approved,authorised,28.07.2023,2023,no,yes,"for the prevention of influenza caused by influenza virus, types a and b contained in the vaccine. the vaccine is indicated for use in adults and children 6 months of age and older.","for the prevention of influenza caused by influenza virus, types a and b contained in the vaccine. the vaccine is indicated for use in children 6 months to 2 years of age.",infectious and parasitic diseases,30.06.2022,2022,yes,,auspar-flucelvax-quad-231101.pdf,TGA
153980 and 225804,pm-2016-003931-1-5,"victoza, saxenda",liraglutide,novo nordisk pharmaceuticals pty. ltd.,peptides and proteins,solution,subcutaneous,approved,authorised,05.01.2018,2018,no,yes,glycaemic control and prevention of cardiovascular events in adults with type 2 diabetes mellitus,glycaemic control and prevention of cardiovascular events in adults with type 2 diabetes mellitus,"endocrine, nutritional, and metabolic diseases; diseases of the circulatory system",01.02.2017,2017,no,na,auspar-liraglutide-190429.pdf,TGA
232818; 232823; 232824,pm-2014-03908-1-5,prometrium / utrogestan,progesterone,besins healthcare australia pty ltd,small molecule,capsule,oral; vaginal,approved,authorised,28.04.2016,2016,no,yes,treatment of menstrual irregularities; hormone replacement therapy; luteal phase support,treatment of menstrual irregularities; hormone replacement therapy; luteal phase support,"diseases of the genitourinary system; endocrine, nutritional, and metabolic diseases",,,no,na,auspar-progesterone-170601.pdf,TGA
"304764, 304765, 304766 and 304767",pm-2020-06568-1-4,verzenio,abemaciclib,eli lilly australia pty ltd,small molecule,tablet,oral,approved,authorised (under additional monitoring),25.05.2022,2022,no,yes,"adjuvant treatment of patients with hormone receptor (hr) positive, human epidermal growth factor receptor 2 (her2) negative, node-positive early breast cancer at high risk of recurrence.","adjuvant treatment of patients with hormone receptor (hr) positive, human epidermal growth factor receptor 2 (her2) negative, node-positive early breast cancer at high risk of recurrence.",neoplasms,01.02.2021,2021,no,na,auspar-verzenio-221116.pdf,TGA
394890,pm-2022-03551-1-2,comirnaty original /omicron ba.1 covid-19 vaccine,tozinameran and riltozinameran,pfizer australia pty ltd,vaccine,suspension,intramuscular,approved,authorised (under additional monitoring),27.10.2022,2022,no,no,"as a booster dose for active immunisation to prevent coronavirus disease 2019 (covid-19) caused by sars-cov-2, in individuals 12 years of age and older.","as a booster dose for active immunisation to prevent coronavirus disease 2019 (covid-19) caused by sars-cov-2, in individuals 18 years of age and older.",infectious and parasitic diseases,30.08.2022,2022,no,na,auspar-comirnaty-original-omicron-ba1-covid-19-vaccine-20221110.pdf,TGA
158477,sm-2009-00001-3-2,menveo,meningococcal conjugate vaccine,novartis vaccines and diagnostics pty ltd,vaccine,powder; solvent,intramuscular,approved,authorised,20.05.2010,2010,no,no,"active immunisation of adolescents and adults to prevent invasive disease caused by neisseria meningitidis serogroups a, c, w-135 and y.","active immunisation of adolescents and adults to prevent invasive disease caused by neisseria meningitidis serogroups a, c, w-135 and y.",infectious and parasitic diseases,,,no,na,auspar-menveo.pdf,TGA
352630,pm-2021-00020-1-1,ruzurgi,amifampridine,orspec pharma pty ltd,small molecule,tablet,oral,approved,authorised (under additional monitoring),10.09.2021,2021,yes,no,treatment of lambert-eaton myasthenic syndrome (lems) in adults and children aged 6 years and above.,treatment of lambert-eaton myasthenic syndrome (lems) in adults and children aged 6 years and above.,diseases of the nervous system,01.02.2021,2021,yes,,auspar-amifampridine-220412.pdf,TGA
"161444, 161445 and 161448",pm-2009-01135-3-5,"alendraccord, alendrocor, pharmacor alendronate",alendronic acid,accord healthcare pty ltd,small molecule,tablet,oral,approved,authorised,20.09.2010,2010,no,no,for the treatment of osteoporosis and prevention of glucocorticoid-induced osteoporosis in postmenopausal women not receiving oestrogen and who are on long-term corticosteroid therapy.,for the treatment of osteoporosis and prevention of glucocorticoid-induced osteoporosis in postmenopausal women not receiving oestrogen and who are on long-term corticosteroid therapy.,diseases of the musculoskeletal system and connective tissue,,,yes,,auspar-alendraccord.pdf,TGA
"174319, 174322, 174327 and 174326",pm-2010-02212-3-4,yervoy/winglore,ipilimumab,bristol-myers squibb australia pty ltd,biologics,solution,intravenous,approved,authorised,27.06.2011,2011,,no,treatment of advanced melanoma in patients who have received prior therapy,treatment of patients with unresectable or metastatic melanoma who have failed or are intolerant to prior therapy,neoplasms; diseases of the skin,,,no,na,auspar-yervoy.pdf,TGA
"190963, 190964, 190965, 190966",,xalkori,crizotinib,pfizer australia pty ltd,small molecule,capsule,oral,approved,authorised,12.12.2017,2017,yes,yes,treatment of patients with ros1-positive advanced non-small cell lung cancer (nsclc),treatment of patients with ros1-positive advanced non-small cell lung cancer (nsclc),neoplasms; diseases of the respiratory system,03.01.2017,2017,no,na,auspar-crizotinib-181018.pdf,TGA
"226597, 263932",pm-2016-02736-1-4,keytruda,pembrolizumab,merck sharp & dohme australia pty ltd,biologics,powder; solution,intravenous,approved,authorised,01.09.2017,2017,no,yes,"treatment of patients with refractory classical hodgkin lymphoma, or those who have relapsed after 3 or more prior lines of therapy.",treatment of adult patients with relapsed or refractory classical hodgkin lymphoma (chl) following autologous stem cell transplant (asct) or following at least two prior therapies when asct or multi-agent chemotherapy is not a treatment option.,neoplasms; diseases of the blood and blood-forming organs,31.10.2016,2016,yes,,auspar-keytruda-180530.pdf,TGA
"234161, 234160, 234159, 234166, 234162, 234163, 234165, 234164",,uptravi,selexipag,actelion pharmaceuticals ltd,small molecule,tablet,oral,approved,authorised,18.03.2016,2016,yes,no,treatment of subtypes of pulmonary arterial hypertension (pah),"idiopathic pulmonary arterial hypertension; heritable pulmonary arterial hypertension; pulmonary arterial hypertension associated with connective tissue disease; pulmonary arterial hypertension associated with congenital heart disease with repaired shunts; pulmonary arterial hypertension associated with drugs and toxins in patients with who functional class ii, iii or iv symptoms",diseases of the circulatory system,,,no,na,auspar-selexipag-161108.pdf,TGA
200435 (85 mg); 201510 (150 mg),pm-2012-02159-3-2,vitekta,elvitegravir,gilead sciences pty ltd,small molecule,tablet,oral,approved,authorised,15.10.2013,2013,no,no,treatment of hiv-1 infection in antiretroviral treatment-experienced adults,treatment of hiv-1 infection in antiretroviral treatment-experienced adults and adolescents when co-administered with a ritonavir-boosted protease inhibitor and other antiretroviral therapy,infectious and parasitic diseases,,,no,na,auspar-elvitegravir-131216.pdf,TGA
,pm-2023-02164-1-1,leqembi,lecanemab,eisai australia pty ltd,biologics,solution,intravenous,refused,withdrawn,01.10.2024,2024,no,no,leqembi is indicated as a disease modifying treatment in patients with mild cognitive impairment due to alzheimer’s disease and mild alzheimer’s dementia (early alzheimer’s disease).,na,diseases of the nervous system,19.05.2023,2023,no,na,auspar-leqembi-250303.pdf,TGA
289045,pm-2017-00846-1-4,ferinject,ferric carboxymaltose,vifor pharma pty ltd,other,solution,intravenous,approved,authorised,29.05.2018,2018,no,no,treatment of iron deficiency when oral iron preparations are ineffective or cannot be used.,treatment of iron deficiency when oral iron preparations are ineffective or cannot be used.,"endocrine, nutritional, and metabolic diseases",31.05.2017,2017,yes,,auspar-ferric-carboxymaltose-191001.pdf,TGA
174554,pm-2009-03526-3-2,pandemrix h1n1 pandemic influenza vaccine,influenza virus haemagglutinin [h1n1],glaxosmithkline australia pty ltd,vaccine,solution,intramuscular,approved,authorised,09.08.2010,2010,no,no,prophylaxis of influenza in an officially declared pandemic situation,prophylaxis of influenza in an officially declared pandemic situation,infectious and parasitic diseases,,,yes,,auspar-pandemic.pdf,TGA
210562,pm-2016-03149-1-4,gazyva,obinutuzumab,roche products pty ltd,biologics,concentrate,intravenous,approved,authorised,16.11.2017,2017,no,yes,gazyva in combination with chemotherapy followed by gazyva maintenance is indicated for the treatment of patients with previously untreated follicular lymphoma.,gazyva in combination with chemotherapy followed by gazyva maintenance is indicated for the treatment of patients with previously untreated advanced follicular lymphoma.,neoplasms; diseases of the blood and blood-forming organs,30.11.2016,2016,yes,,auspar-obinutuzumab-180502.pdf,TGA
207334,pm-2012-04453-1-4,mabthera sc,rituximab,roche products pty limited,biologics,solution,subcutaneous,approved,authorised,26.05.2014,2014,no,yes,for treatment of patients with non-hodgkin’s lymphoma,"for treatment of patients with cd20 positive, previously untreated, stage iii/iv follicular, b-cell non-hodgkin's lymphoma; cd20 positive, relapsed or refractory low grade or follicular, b-cell non-hodgkin's lymphoma; cd20 positive, diffuse large b-cell non-hodgkin's lymphoma, in combination with chemotherapy.",neoplasms; diseases of the blood and blood-forming organs,,,no,na,auspar-rituximab-140904.pdf,TGA
320609,pm-2020-06003-1-4,libtayo,cemiplimab,sanofi-aventis australia pty ltd,biologics,concentrate,intravenous,approved,authorised (under additional monitoring),25.11.2021,2021,no,yes,"treatment of adult patients with non-small cell lung cancer (nsclc) expressing pd-l1 (in ≥ 50% tumour cells) with no egfr, alk or ros1 aberrations, who have locally advanced nsclc and who are not candidates for surgical resection or definitive chemoradiation, or have progressed after treatment with definitive chemoradiation, or metastatic nsclc.",non-small cell lung cancer,neoplasms; diseases of the respiratory system,04.01.2021,2021,no,na,auspar-libtayo-220902.pdf,TGA
"aust r 60318, 60319 and 207334",pm-2014-04709-1-4,mabthera,rituximab,roche products pty ltd,biologics,solution,intravenous; subcutaneous,approved,authorised,25.11.2016,2016,no,yes,treatment of chronic lymphocytic leukaemia (cll) and non-hodgkin's lymphoma (nhl),treatment of patients with cd20 positive chronic lymphocytic leukaemia (cll) in combination with chemotherapy,neoplasms; diseases of the blood and blood-forming organs,28.04.2016,2016,yes,,auspar-rituximab-170209.pdf.pdf,TGA
"218798, 218799, 218800, 353254, 353265 and 353266",pm-2021-01700-1-1,cosentyx,secukinumab,novartis pharmaceuticals australia pty limited,biologics,powder; solution,subcutaneous,approved,authorised (under additional monitoring),03.05.2022,2022,no,yes,plaque psoriasis; psoriatic arthritis; axial spondyloarthritis with or without radiographic damage,plaque psoriasis; psoriatic arthritis; axial spondyloarthritis with or without radiographic damage,diseases of the skin; diseases of the musculoskeletal system and connective tissue,01.06.2021,2021,yes,,auspar-cosentyx-20221024.pdf,TGA
"216701, 216702",pm-2013-03249-1-3,velphoro,sucroferric oxyhydroxide,vifor pharma pty ltd,other,tablet,oral,approved,authorised,18.11.2014,2014,no,no,control of serum phosphorus levels in patients with end stage renal disease (esrd).,control of serum phosphorus levels in adult patients with chronic kidney disease (ckd) on dialysis.,diseases of the genitourinary system,,,no,na,auspar-sucroferric-oxyhydroxide-150219.pdf,TGA
128136,pm-2014-01399-1-3,inomax,nitric oxide,ikaria australia pty ltd,small molecule,gas,inhalation,approved,authorised,27.07.2015,2015,yes,yes,"treatment of peri- and post-operative pulmonary hypertension in newborn infants, infants and toddlers, children and adolescents, ages 0-17 years in conjunction with heart surgery.","treatment of peri- and post-operative pulmonary hypertension in newborn infants, infants and toddlers, children and adolescents, ages 0-17 years in conjunction with heart surgery.",diseases of the circulatory system; congenital malformations and chromosomal abnormalities,,,no,na,auspar-nitric-oxide-170515.pdf,TGA
"118642, 118634",pm-2012-02387-3-5,lipidil,fenofibrate,abbott australasia pty ltd,small molecule,tablet,oral,approved,authorised,08.10.2013,2013,no,yes,reduction in the progression of diabetic retinopathy in patients with type 2 diabetes and existing diabetic retinopathy.,reduction in the progression of diabetic retinopathy in patients with type 2 diabetes and existing diabetic retinopathy.,"diseases of the eye and adnexa; endocrine, nutritional, and metabolic diseases",14.04.2014,2014,yes,,auspar-fenofibrate-141208.pdf,TGA
370977,pm-2021-03109-1-4,tepmetko,tepotinib,merck healthcare pty ltd,small molecule,tablet,oral,approved,authorised (under additional monitoring),11.01.2022,2022,yes,no,the treatment of adult patients with advanced non-small cell lung cancer (nsclc) harbouring met tyrosine kinase receptor exon 14 (metex14) skipping alterations.,the treatment of adult patients with locally advanced or metastatic non-small cell lung cancer (nsclc) harbouring mesenchymal-epithelial transition (met) exon 14 skipping alterations.,neoplasms; diseases of the respiratory system,31.08.2021,2021,no,na,auspar-tepmetko-220802.pdf,TGA
"163443, 163444",pm-2009-01902-3-1,suboxone sublingual film,"buprenorphine, naloxone",reckitt benckiser (australia) pty ltd,small molecule,soluble film,sublingual,approved,authorised,07.12.2010,2010,no,no,"treatment of opiate dependence within a framework of medical, social and psychological treatment.","treatment of opiate dependence within a framework of medical, social and psychological treatment.",mental and behavioural disorders,,,no,na,auspar-suboxone.pdf,TGA
350150,pm-2020-06173-1-2,covid-19 vaccine janssen,adenovirus serotype 26 encoding the sars-cov-2 spike glycoprotein,janssen-cilag pty ltd,vaccine,suspension,intramuscular,approved,authorised (under additional monitoring),25.06.2021,2021,no,no,active immunisation for the prevention of coronavirus disease-2019 (covid-19) in adults greater than or equal to 18 years of age.,active immunisation to prevent covid-19 caused by sars-cov-2 in individuals 18 years of age and older.,infectious and parasitic diseases,01.12.2020,2020,no,na,auspar-ad26-cov2-s-210625.pdf,TGA
323721,pm-2019-04281-1-2 and pm-2019-04280-1-2,vocabria and cabenuva,cabotegravir,viiv healthcare pty ltd,small molecule,tablet,oral,approved,authorised (under additional monitoring),10.02.2021,2021,no,no,short-term treatment of hiv-1 infection in adults who are virologically suppressed,short-term treatment of hiv-1 infection in adults who are virologically suppressed,infectious and parasitic diseases,31.10.2019,2019,no,na,auspar-cabotegravir-sodium-and-cabotegravir-rilpivirine-210503.pdf,TGA
101581,pm-2021-01406-1-5,eligard,leuprorelin acetate,mundipharma pty ltd,peptides and proteins,injection,subcutaneous,approved,authorised (under additional monitoring),06.07.2022,2022,no,yes,central precocious puberty (cpp),central precocious puberty (cpp),"endocrine, nutritional, and metabolic diseases",30.06.2021,2021,yes,,auspar-eligard-230303.pdf,TGA
,pm-2010-03270-3-1,cymbalta,duloxetine,eli lilly australia pty ltd,small molecule,capsule,oral,rejected,na,20.12.2011,2011,no,yes,treatment of chronic somatic pain,na,diseases of the musculoskeletal system and connective tissue,,,yes,,auspar-duloxetine-120906.pdf,TGA
,pm-2020-05290-1-4,koselugo,selumetinib,"alexion pharmaceuticals, inc.",small molecule,capsule,oral,approved,authorised,06.08.2024,2024,,no,"treatment of paediatric patients 2 years of age and older with neurofibromatosis type 1 (nf1) who have symptomatic, inoperable plexiform neurofibromas (pn)","treatment of paediatric patients aged 2 years and above, with neurofibromatosis type 1 (nf1) who have symptomatic, inoperable plexiform neurofibromas (pn)",neoplasms; diseases of the nervous system,,,yes,,auspar-koselugo-240806.pdf,TGA
335256,pm-2020-01823-1-1,vyepti,eptinezumab,lundbeck australia pty ltd,biologics,concentrate,intravenous,approved,authorised (under additional monitoring),09.06.2021,2021,no,no,preventive treatment of migraine in adults,preventive treatment of migraine in adults,diseases of the nervous system,02.06.2020,2020,no,na,auspar-eptinezumab-220303.pdf,TGA
"308424, 308425, 308426",pm-2018-02720-1-6,refixia,nonacog beta pegol,novo nordisk pharmaceuticals pty ltd,biologics,powder; solvent,intravenous,approved,authorised (under additional monitoring),02.09.2019,2019,yes,no,treatment and prophylaxis of bleeding in patients with haemophilia b (congenital factor ix deficiency).,treatment and prophylaxis of bleeding in patients 12 years and above with haemophilia b (congenital factor ix deficiency).,diseases of the blood and blood-forming organs,28.09.2018,2018,no,na,auspar-nonacog-beta-pegol-191101.pdf,TGA
195065 and 195066,pm-2011-03860-3-4,zarzio,filgrastim,sandoz pty ltd,biologics,solution,subcutaneous; intravenous,approved,authorised,02.05.2013,2013,no,no,"to decrease the incidence of infection, as manifested by febrile neutropenia, in patients with non-myeloid malignancies receiving myelosuppressive anticancer drugs in doses not usually requiring bone marrow transplantation.","to decrease the incidence of infection, as manifested by febrile neutropenia, in patients with non-myeloid malignancies receiving myelosuppressive anticancer drugs in doses not usually requiring bone marrow transplantation.",neoplasms; diseases of the blood and blood-forming organs; infectious and parasitic diseases,,,no,na,auspar-filgrastim-131003.pdf,TGA
378245,pm-2021-05375-1-2,evusheld,tixagevimab/cilgavimab,astrazeneca pty ltd,biologics,solution,intramuscular,approved,authorised (under additional monitoring),24.02.2022,2022,no,no,prophylaxis of covid-19 in adults and adolescents aged 12 years and older weighing at least 40 kg,pre-exposure prophylaxis of covid-19 in adults and adolescents aged 12 years and older weighing at least 40 kg,infectious and parasitic diseases,02.12.2021,2021,no,na,auspar-tixagevimab-cilgavimab-220311.pdf,TGA
194081,pm-2011-03533-3-2,stribild,"tenofovir disoproxil fumarate, emtricitabine, elvitegravir, cobicistat",gilead sciences pty ltd,small molecule,tablet,oral,approved,authorised,07.02.2013,2013,no,no,as a complete regimen for the treatment of hiv infection in adults who have no known mutations associated with resistance to the individual components of stribild,as a single tablet regimen for the treatment of hiv infection in treatment-naïve adults,infectious and parasitic diseases,,,no,na,auspar-tenofovir-disoproxil-fumarate-130805.pdf,TGA
126114 and 126115,pm-2009-02655-3-2,cervarix,human papillomavirus vaccine types 16 and 18,glaxosmithkline pty ltd,vaccine,solution,intramuscular,approved,authorised,23.03.2011,2011,no,yes,"the prevention of persistent infection, premalignant cervical lesions and cervical cancer caused by oncogenic human papillomaviruses (hpv)","in females from 10 to 45 years of age for the prevention of persistent infection, premalignant cervical lesions and cervical cancer caused by human papillomavirus types 16 and 18",neoplasms; infectious and parasitic diseases,,,yes,,auspar-cervarix.pdf,TGA
"328525, 328526",pm-2020-00066-1-4,tukysa,tucatinib,aa-med pty ltd,small molecule,tablet,oral,approved,authorised (under additional monitoring),10.08.2020,2020,no,no,"tukysa is indicated in combination with trastuzumab and capecitabine for treatment of patients with locally advanced unresectable or metastatic her2-positive breast cancer, including patients with brain metastases, who have received at least 3 prior her2-directed agents separately or in combination, in the neoadjuvant, adjuvant, or metastatic setting.","tukysa is indicated in combination with trastuzumab and capecitabine for treatment of patients with advanced unresectable or metastatic her2-positive breast cancer, including patients with brain metastases, who have received one or more prior anti-her2-based regimens in the metastatic setting.",neoplasms,02.03.2020,2020,no,na,auspar-tucatinib-210317.pdf,TGA
343262,pm-2022-02867-1-4,enhertu,trastuzumab deruxtecan,astrazeneca pty ltd,biologics,powder,intravenous,approved,authorised,24.01.2023,2023,no,yes,treatment of adult patients with unresectable or metastatic her2-low breast cancer who have received prior systemic therapy in the metastatic setting or developed disease recurrence during or within 6 months of completing adjuvant chemotherapy.,treatment of adult patients with unresectable or metastatic her2-low breast cancer who have received prior chemotherapy in the metastatic setting or developed disease recurrence during or within 6 months of completing adjuvant chemotherapy.,neoplasms,31.08.2022,2022,no,na,auspar-enhertu-240906.pdf,TGA
208829,pm-2013-00674-1-5,jardiance,empagliflozin,boehringer ingelheim pty ltd,small molecule,tablet,oral,approved,authorised,17.04.2014,2014,no,no,as an adjunct to diet and exercise to improve glycaemic control in adults with type 2 diabetes mellitus.,treatment of type 2 diabetes mellitus to improve glycaemic control in adults as monotherapy or add-on combination therapy.,"endocrine, nutritional, and metabolic diseases",,,no,na,auspar-empagliflozin-150127.pdf,TGA
319502,pm-2019-02588-1-5,ikervis,ciclosporin,seqirus pty ltd,peptides and proteins,emulsion,ocular,approved,authorised (under additional monitoring),03.12.2020,2020,no,yes,treatment of dry eye disease in adult patients with keratitis.,treatment of severe keratitis in adult patients with dry eye disease which has not improved despite treatment with tear substitutes.,diseases of the eye and adnexa,31.07.2019,2019,no,na,auspar-ciclosporin-210326.pdf,TGA
167237,pm-2009-03523-3-3,brilinta,ticagrelor,astrazeneca pty ltd,small molecule,tablet,oral,approved,authorised,09.06.2011,2011,no,no,"the prevention of thrombotic events (cardiovascular death, myocardial infarction and stroke) in patients with acute coronary syndromes (acs) (unstable angina, non st elevation mi or st elevation mi) including patients managed medically, and those who are managed with percutaneous coronary intervention (pci) or coronary artery-bypass grafting (cabg).","brilinta, in combination with aspirin, is indicated for the prevention of atherothrombotic events (cardiovascular death, myocardial infarction and stroke) in adult patients with acute coronary syndromes (unstable angina, non st elevation myocardial infarction or st elevation myocardial infarction) including patients managed medically, and those who are managed with percutaneous coronary intervention or coronary artery by-pass grafting.",diseases of the circulatory system,,,no,na,auspar-brilinta.pdf,TGA
"275313, 275314, 275315 and 275278",pm-2016-00711-1-1,intuniv,guanfacine,shire australia pty ltd,small molecule,tablet,oral,approved,authorised,22.08.2017,2017,no,no,for the treatment of attention deficit hyperactivity disorder (adhd) in paediatric patients (children and adolescents 6-17 years old inclusive).,"intuniv is indicated for the treatment of attention deficit hyperactivity disorder (adhd) in children and adolescents 6-17 years old, as monotherapy (when stimulants or atomoxetine are not suitable, not tolerated or have been shown to be ineffective) or as adjunctive therapy to psychostimulants (where there has been a sub-optimal response to psychostimulants).",mental and behavioural disorders,31.05.2016,2016,yes,,auspar-guanfacine-180503.pdf,TGA
285559,pm-2016-04333-1-2,rapivab,peramivir,seqirus pty ltd,small molecule,concentrate,intravenous,approved,authorised (under additional monitoring),16.03.2018,2018,no,no,treatment of infections due to influenza a and b viruses in adults and children 2 years and older,treatment of acute influenza infection in adults and children 2 years and older who have been symptomatic for no more than two days,infectious and parasitic diseases,28.02.2017,2017,no,na,auspar-peramivir-181105.pdf,TGA
"355315, 380404, 380405, 380406",pm-2020-06238-1-2,xembify,human normal immunoglobulin,grifols australia pty ltd,biologics,solution,subcutaneous,approved,authorised (under additional monitoring),08.07.2022,2022,no,no,"treatment of primary immunodeficiency syndromes (pid) in adults, children and adolescents (0-18 years).",primary immunodeficiency diseases (pid); symptomatic hypogammaglobulinaemia secondary to underlying disease or treatment.,diseases of the blood and blood-forming organs,31.03.2021,2021,no,na,auspar-xembify-230123.pdf,TGA
"165310, 165317, 165318",pm-2009-02488-3-1,palexia ir,tapentadol,csl pty ltd,small molecule,tablet,oral,approved,authorised,17.11.2010,2010,no,no,relief of moderate to severe pain,relief of moderate to severe pain,other,,,no,na,auspar-palexia.pdf,TGA
"329314, 329315, 329316, 329317",pm-2020-00155-1-3,"trientine dr.reddy's, trientine-reddy's, trientine-rz, trientine-drla",trientine dihydrochloride,dr reddy’s laboratories australia pty ltd,small molecule,capsule,oral,approved,authorised (under additional monitoring),15.02.2021,2021,yes,no,treatment of patients with wilson's disease who are intolerant of penicillamine.,treatment of patients with wilson's disease who are intolerant of penicillamine.,"endocrine, nutritional, and metabolic diseases",31.03.2020,2020,yes,,auspar-trientine-dihydrochloride-211202.pdf,TGA
338475,pm-2022-01012-1-4,brukinsa,zanubrutinib,beigene aus pty ltd,small molecule,capsule,oral,approved,authorised,01.03.2023,2023,no,yes,chronic lymphocytic leukemia (cll) or small lymphocytic lymphoma (sll),"chronic lymphocytic leukaemia (cll) or small lymphocytic lymphoma (sll), including patients with deletion 17p and/or tp53 mutation",neoplasms; diseases of the blood and blood-forming organs,02.05.2022,2022,no,na,auspar-brukinsa-241105.pdf,TGA
388597,pm-2022-01272-1-1,spevigo,spesolimab,boehringer ingelheim pty ltd,biologics,solution,injection,approved,authorised (under additional monitoring),05.09.2023,2023,yes,no,treatment of flares in adult patients with generalised pustular psoriasis,treatment of flares in adult patients with generalised pustular psoriasis,diseases of the skin,30.06.2022,2022,no,na,auspar-spevigo-240703.pdf,TGA
"180139, 180146, 180141, 180149, 180150, 180152 and 180147",pm-2010-03812-35,"appebb, az dapagliflozin, bms dapagliflozin, bms/az dapagliflozin, edistride, empliciti and forxiga",dapagliflozin,bristol-myers squibb australia pty ltd,small molecule,tablet,oral,approved,authorised,05.10.2012,2012,no,no,indicated as an adjunct to diet and exercise in patients for whom metformin is inappropriate due to contraindications or intolerance.,indicated as an adjunct to diet and exercise in patients with type 2 diabetes mellitus for whom metformin is otherwise indicated but was not tolerated.,"endocrine, nutritional, and metabolic diseases",,,no,na,auspar-dapagliflozin-propanediol-monohydrate-130114.pdf,TGA
389513,pm-2022-02203-1-2,spikevax bivalent original/omicron,elasomeran and imelasomeran,moderna australia pty ltd,vaccine,suspension,intramuscular,approved,authorised,29.08.2022,2022,no,no,as a booster dose for active immunisation to prevent coronavirus disease 2019 (covid-19) caused by sars-cov-2 in individuals 18 years of age and older.,as a booster dose for active immunisation to prevent coronavirus disease 2019 (covid-19) caused by sars-cov-2 in individuals 18 years of age and older.,infectious and parasitic diseases,22.06.2022,2022,yes,,auspar-spikevax-bivalent-original-omicron-220830.pdf,TGA
"316417, 317242",pm-2022-00878-1-4,nubeqa,darolutamide,bayer australia ltd,small molecule,tablet,oral,approved,authorised,17.03.2023,2023,no,yes,treatment of patients with metastatic hormone-sensitive prostate cancer (mhspc) in combination with docetaxel,treatment of patients with metastatic hormone-sensitive prostate cancer (mhspc) in combination with docetaxel,neoplasms,02.05.2022,2022,no,na,auspar-nubeqa-240930.pdf,TGA
,pm-2014-04276-1-1,fetzima,levomilnacipran,pierre fabre australia pty ltd,small molecule,capsule,oral,refused,withdrawn,06.07.2016,2016,no,no,treatment of major depressive disorder,na,mental and behavioural disorders,,,no,na,auspar-levomilnacipran-161213.pdf,TGA
"314866, 374135",pm-2021-05903-1-6,polivy,polatuzumab vedotin,roche products pty limited,biologics,powder,intravenous,approved,authorised,14.02.2023,2023,no,yes,"polivy in combination with rituximab, cyclophosphamide, doxorubicin, and prednisone (r-chp) is indicated for the treatment of adult patients with previously untreated diffuse large b-cell lymphoma (dlbcl).","polivy in combination with rituximab, cyclophosphamide, doxorubicin, and prednisone (r-chp) is indicated for the treatment of adult patients with previously untreated diffuse large b-cell lymphoma (dlbcl).",neoplasms; diseases of the blood and blood-forming organs,31.01.2022,2022,no,na,auspar-polivy-240830.pdf,TGA
179566 and 179575,pm-2010-03268-3-1,budenofalk,budesonide,orphan australia pty ltd,small molecule,capsule; foam,oral; rectal,approved,authorised,11.05.2012,2012,yes,yes,treatment of mild to moderate active crohn’s disease of the ileum and/or the colon; induction of remission in patients with active collagenous colitis.,induction of remission in patients with mild to moderately active crohn’s disease affecting the ileum and/or the ascending colon; treatment of active rectal and rectosigmoid disease in ulcerative colitis.,diseases of the digestive system,,,no,na,auspar-budesonide-121022-1.pdf,TGA
"379330, 379331, 379332, 379333, 379334 and 382625",pm-2021-05212-1-5,mounjaro,tirzepatide,eli lilly australia pty ltd,peptides and proteins,solution,subcutaneous,approved,authorised (under additional monitoring),22.12.2022,2022,no,no,treatment of adults with type 2 diabetes mellitus as an adjunct to diet and exercise,treatment of adults with insufficiently controlled type 2 diabetes mellitus as an adjunct to diet and exercise,"endocrine, nutritional, and metabolic diseases",14.01.2022,2022,no,na,auspar-mounjaro-231113.pdf,TGA
384355; 384354,pm-2011-03002-3-4,caprelsa,vandetanib,astrazeneca pty ltd,small molecule,tablet,oral,approved,authorised,15.01.2013,2013,yes,no,treatment of patients with unresectable locally advanced or metastatic medullary thyroid cancer (mtc).,for the treatment of patients with symptomatic or progressive medullary thyroid cancer in patients with unresectable locally advanced or metastatic disease.,"neoplasms; endocrine, nutritional, and metabolic diseases",,,no,na,auspar-vandetanib-130807.pdf,TGA
"99755, 99757",pm-2011-02308-3-4,avastin,bevacizumab,roche products pty ltd,biologics,injection,intravenous,approved,authorised,24.08.2012,2012,no,yes,"treatment of patients with recurrent, platinum-sensitive, epithelial ovarian, fallopian tube, or primary peritoneal cancer.","treatment of patients with recurrent, platinum-sensitive, epithelial ovarian, fallopian tube, or primary peritoneal cancer who have not received prior bevacizumab or other vegf-targeted angiogenesis inhibitors.",neoplasms,,,yes,,auspar-bevacizumab-130307.pdf,TGA
178756,pm-2010-03274-3-2,preflucel,influenza vaccine,baxter healthcare pty ltd,vaccine,suspension,intramuscular,withdrawn,withdrawn,15.05.2012,2012,no,no,prophylaxis of influenza infection in adults and elderly,na,infectious and parasitic diseases,,,no,na,auspar-split-virus-120716.pdf,TGA
"316417, 317242",pm-2019-01420-1-4,nubeqa,darolutamide,bayer australia limited,small molecule,tablet,oral,approved,authorised (under additional monitoring),20.02.2020,2020,no,no,treatment of patients with non-metastatic castration resistant prostate cancer (nmcrpc),treatment of patients with non-metastatic castration resistant prostate cancer (nmcrpc),neoplasms,30.05.2019,2019,no,na,auspar-darolutamide-200702.pdf,TGA
163515,pm-2009-01572-3-4,artiss,fibrin sealant,baxter healthcare pty ltd,biologics,solution,topical,approved,authorised,03.08.2010,2010,no,no,"artiss is indicated as a tissue glue to adhere/seal subcutaneous tissue in plastic, reconstructive and burn surgery.",artiss is indicated to adhere autologous skin grafts in burns patients. artiss is not indicated for haemostasis.,diseases of the skin,,,no,na,auspar-artiss.pdf,TGA
,pm-2009-01406-3-1,naropin,ropivacaine,astrazeneca pty ltd,small molecule,solution,continuous wound infusion,approved,authorised,02.03.2010,2010,no,yes,analgesia (adults and children >12 years of age) by continuous or intermittent wound infusion,continuous wound infusion for postoperative pain management (adults only),diseases of the musculoskeletal system and connective tissue,,,yes,,auspar-naropin.pdf,TGA
"176514, 176515, 176519, 176521 and 176513",pm-2011-02708-3-1,joncia,milnacipran hydrochloride,pierre fabre medicament australia pty ltd,small molecule,capsule,oral,approved,authorised,04.11.2011,2011,no,no,management of fibromyalgia,management of fibromyalgia,diseases of the musculoskeletal system and connective tissue,,,no,na,auspar-milnacipran-hydrochloride-120124.pdf,TGA
196234,pm-2012-00329-3-4,erivedge,vismodegib,roche products pty limited,small molecule,capsule,oral,approved,authorised,06.05.2013,2013,no,no,treatment of adult patients with advanced basal cell carcinoma for whom surgery is inappropriate,"treatment of adult patients with metastatic basal cell carcinoma, or with locally advanced basal cell carcinoma where surgery and/or radiation therapy are not appropriate",neoplasms; diseases of the skin,,,no,na,auspar-vismodegib-130913.pdf,TGA
218837 (100 mg); 218839 (150 mg),pm-2013-04151-1-4,zydelig,idelalisib,gilead sciences pty ltd,small molecule,tablet,oral,approved,authorised,30.01.2015,2015,no,no,treatment of patients with relapsed chronic lymphocytic leukaemia (cll) and refractory indolent non-hodgkin lymphoma (inhl).,"zydelig is indicated as monotherapy for the treatment of patients with refractory follicular lymphoma, who have received at least 2 prior systemic therapies. zydelig, in combination with rituximab, is indicated for the treatment of patients with chronic lymphocytic leukaemia (cll)/small lymphocytic lymphoma (sll) for whom chemo-immunotherapy is not considered suitable.",neoplasms; diseases of the blood and blood-forming organs,,,no,na,auspar-idelalisib-150714.pdf,TGA
421050,pm-2023-03742-1-3,oxlumo,lumasiran,medison pharma australia pty ltd,small molecule,solution,subcutaneous,approved,authorised,20.06.2024,2024,yes,no,treatment of primary hyperoxaluria type 1 (ph1) in all age groups,treatment of primary hyperoxaluria type 1 (ph1) in all age groups,"endocrine, nutritional, and metabolic diseases",03.10.2023,2023,no,na,auspar-oxlumo-250611.pdf,TGA
,pm-2008-2938-1,targin,"oxycodone hydrochloride, naloxone hydrochloride",mundipharma pty ltd,small molecule,tablet,oral,approved,authorised,05.03.2010,2010,no,no,management of moderate to severe chronic pain unresponsive to non-narcotic analgesia. the naloxone component in a fixed combination with oxycodone is indicated for the therapy and/or prophylaxis of opioid-induced constipation.,management of moderate to severe chronic pain unresponsive to non-narcotic analgesia. the naloxone component in a fixed combination with oxycodone is indicated for the therapy and/or prophylaxis of opioid-induced constipation.,diseases of the musculoskeletal system and connective tissue; diseases of the digestive system,,,no,na,auspar-targin.pdf,TGA
171014 and 73229,2011-01528-3-4,herceptin,trastuzumab,roche products pty ltd,biologics,powder,intravenous,approved,authorised,29.06.2012,2012,no,yes,for the treatment of her2-positive locally advanced breast cancer in combination with neoadjuvant chemotherapy followed by adjuvant herceptin.,for the treatment of her2-positive locally advanced breast cancer in combination with neoadjuvant chemotherapy followed by adjuvant herceptin.,neoplasms,,,yes,,auspar-trastuzumab-121217.pdf,TGA
173078 and 173077,pm-2010-01980-3-2,benlysta,belimumab,glaxosmithkline australia,biologics,lyophilized powder,intravenous,approved,authorised,06.07.2012,2012,no,no,"reducing disease activity in adult patients with active, autoantibody-positive systemic lupus erythematosus (sle) who are receiving standard therapy","add-on therapy for reducing disease activity in adult patients with active, autoantibody-positive systemic lupus erythematosus (sle) with a high degree of disease activity despite standard therapy",diseases of the musculoskeletal system and connective tissue,17.02.2012,2012,yes,,auspar-belimumab-121031.pdf,TGA
166483,pm-2009-02909-3-1,movectro,cladribine,merck serono australia pty ltd,small molecule,tablet,oral,approved,withdrawn,02.09.2010,2010,no,yes,treatment of relapsing-remitting multiple sclerosis (ms) for a maximum duration of two years.,treatment of relapsing-remitting multiple sclerosis (ms) for a maximum duration of two years.,diseases of the nervous system,,,no,na,auspar-movectro.pdf,TGA
"164548, 164549, 164550 and 164551",pm-2009-02495-3-2,intratect,immunoglobulin – normal (human),link medical products pty ltd,biologics,solution,intravenous,approved,authorised,03.02.2011,2011,no,no,"replacement therapy in primary immunodeficiency syndromes, myeloma or chronic lymphocytic leukemia with severe secondary hypogammaglobulinaemia and recurrent infections, and for children with congenital aids; immunomodulatory effect in idiopathic thrombocytopenic purpura, guillain-barré syndrome, kawasaki disease or allogenic bone marrow transplant.","replacement therapy in primary immunodeficiency syndromes, myeloma or chronic lymphocytic leukemia with severe secondary hypogammaglobulinaemia and recurrent infections, and for children with congenital aids; immunomodulatory effect in idiopathic thrombocytopenic purpura, guillain-barré syndrome, kawasaki disease or allogenic bone marrow transplant.",diseases of the blood and blood-forming organs; infectious and parasitic diseases,,,yes,,auspar-intratect.pdf,TGA
"370599, 388244 and 388245",pm-2022-05374-1-2,spikevax,elasomeran,moderna australia pty ltd,vaccine,suspension,intramuscular,approved,authorised (under additional monitoring),21.04.2023,2023,no,no,active immunisation to prevent coronavirus disease 2019 (covid-19) caused by sars-cov-2 in individuals 6 years of age and older.,active immunisation to prevent coronavirus disease 2019 (covid-19) caused by sars-cov-2 in individuals 6 years of age and older.,infectious and parasitic diseases; diseases of the respiratory system,19.01.2023,2023,yes,,auspar-spikevax-230511.pdf,TGA
157907,,onglyza,saxagliptin,bristol-myers squibb australia pty ltd,small molecule,tablet,oral,approved,authorised,07.03.2011,2011,no,no,"onglyza is indicated in patients with type 2 diabetes mellitus, to improve glycaemic control, as an adjunct to diet and exercise.","add-on combination - onglyza is indicated in patients with type 2 diabetes mellitus, to improve glycaemic control, in combination with metformin, a sulfonylurea, or a thiazolidinedione, as an adjunct to diet and exercise, when the single agent alone does not provide adequate glycaemic control.","endocrine, nutritional, and metabolic diseases",,,no,na,auspar-onglyza.pdf,TGA
370599,,spikevax,elasomeran,moderna australia pty ltd,vaccine,suspension,intramuscular,approved,authorised (under additional monitoring),07.12.2021,2021,no,yes,active immunisation to prevent coronavirus disease 2019 (covid-19) caused by sars-cov-2 in individuals 12 years of age and older.,active immunisation to prevent coronavirus disease 2019 (covid-19) caused by sars-cov-2 in individuals 18 years of age and older.,infectious and parasitic diseases; diseases of the respiratory system,08.11.2021,2021,yes,,auspar-elasomeran-mrna-1273-211208.pdf,TGA
"128478 (2.5 mg), 128496 (5 mg)",pm-2011-03166-3-3,cialis,tadalafil,eli lilly australia pty ltd,small molecule,tablet,oral,approved,authorised,16.05.2013,2013,no,yes,treatment of erectile dysfunction (ed) and benign prostatic hyperplasia (bph) in adult males,treatment of erectile dysfunction (ed) and lower urinary tract symptoms (luts) associated with benign prostatic hyperplasia (bph) in adult males,diseases of the genitourinary system,,,yes,,auspar-tadalafil-130722.pdf,TGA
266267,pm-2015-03568-1-5,aczone,dapsone,allergan australia pty ltd,small molecule,gel,topical,approved,authorised,04.01.2017,2017,no,yes,for the topical treatment of acne vulgaris in patients 12 years of age and older,for the topical treatment of acne vulgaris in patients 12 years of age and older,diseases of the skin,,,no,na,auspar-dapsone-171201.pdf,TGA
205624; 205427,pm-2012-04112-1-3,opsumit,macitentan,actelion pharmaceuticals australia pty ltd,small molecule,tablet,oral,approved,authorised,31.01.2014,2014,yes,no,for the treatment of pulmonary arterial hypertension (pah),idiopathic pulmonary arterial hypertension; heritable pulmonary arterial hypertension; pulmonary arterial hypertension associated with connective tissue disease; pulmonary arterial hypertension associated with congenital heart disease with repaired shunts,diseases of the circulatory system,,,no,na,auspar-macitentan-140428.pdf,TGA
"183793, 183794, 183795",pm 2011-00520-3-3,lodotra,prednisone,mundipharma pty limited,small molecule,tablet,oral,approved,authorised,17.07.2012,2012,no,no,"treatment of moderate to severe, active rheumatoid arthritis in adults, particularly when accompanied by morning stiffness","treatment of moderate to severe, active rheumatoid arthritis in adults, particularly when accompanied by morning stiffness",diseases of the musculoskeletal system and connective tissue,,,yes,,auspar-prednisone-130613.pdf,TGA
"226597, 263932",pm-2019-02526-1-4,keytruda,pembrolizumab,merck sharp & dohme (australia) pty limited,biologics,powder; concentrate,intravenous,approved,authorised (under additional monitoring),17.09.2019,2019,no,yes,"treatment of patients with advanced endometrial carcinoma that is not msi-h or dmmr, who have disease progression following prior systemic therapy and are not candidates for curative surgery or radiation.","treatment of patients with advanced endometrial carcinoma that is not msi-h or dmmr, who have disease progression following prior systemic therapy and are not candidates for curative surgery or radiation.",neoplasms; diseases of the genitourinary system,04.07.2019,2019,yes,,auspar-pembrolizumab-rch-200505.pdf,TGA
283127 and 282981,pm-2016-04087-1-1,dupixent,dupilumab,sanofi-aventis australia pty ltd,biologics,solution,subcutaneous,approved,authorised,22.01.2018,2018,no,no,treatment of adult patients with moderate-to-severe atopic dermatitis whose disease is not adequately controlled with topical prescription therapies or when those therapies are not advisable.,treatment of moderate to severe atopic dermatitis in adult patients who are candidates for chronic systemic therapy.,diseases of the skin,03.01.2017,2017,no,na,auspar-dupilumab-180612.pdf,TGA
"21190, 21195, 165111, 165112",pm-2018-04477-1-5,oripro,progesterone,orion laboratories pty ltd t/a perrigo australia,small molecule,pessary,vaginal,approved,authorised,06.11.2019,2019,no,yes,prevention of preterm birth due to shortened cervix or where there is a history of spontaneous birth between 20 and 34 weeks of gestation,prevention of preterm birth in singleton pregnancies at risk due to shortened cervix (midtrimester sonographic cervix ≤ 25 mm) and/or where there is a history of spontaneous preterm birth,pregnancy and childbirth,30.11.2018,2018,yes,,auspar-progesterone-200207.pdf,TGA
"216038, 127116, 155315, 199410, 199411, 199412, 95779, 95780",pm-2013-01154-1-1,humira,adalimumab,abbvie pty ltd,biologics,solution,subcutaneous,approved,authorised,02.06.2014,2014,yes,yes,crohn’s disease in adults and children (greater than or equal to 6 years),crohn’s disease in adults and children (greater than or equal to 6 years),diseases of the digestive system,20.05.2013,2013,yes,,auspar-adalimumab-140805.pdf,TGA
"192672, 191696, 191700",pm-2011-02772-3-1,aubagio/teriflunomide winthrop/teriflunomide sanofi,teriflunomide,sanofi-aventis australia pty ltd,small molecule,tablet,oral,approved,authorised,30.10.2012,2012,no,no,treatment of patients with relapsing forms of multiple sclerosis to reduce the frequency of clinical relapses and to delay the accumulation of physical disability,treatment of patients with relapsing forms of multiple sclerosis to reduce the frequency of clinical relapses and to delay the progression of physical disability,diseases of the nervous system,,,no,na,auspar-teriflunomide-130521.pdf,TGA
"31820, 46283, 50595, 50620, 59154, 59155, 72895, 72896",pm-2010-02082-3-5,albumex 20/albumex 5/albumex 4,albumin (human),csl ltd,biologics,solution,intravenous,withdrawn,withdrawn,14.06.2011,2011,no,yes,extension of indications for albumex 4 to include first line use in hypovolaemia/shock,na,diseases of the circulatory system,,,yes,,auspar-albumex-110920.pdf,TGA
,pm-2010-03132-3-4,removab,catumaxomab,biotech regulatory solutions,biologics,concentrate,intraperitoneal,rejected,na,01.11.2011,2011,yes,no,treatment of patients with malignant ascites due to epcam positive carcinomas,na,neoplasms; diseases of the digestive system,,,yes,,auspar-catumaxomab-140311.pdf,TGA
190719 and 190718,pm-2011-02486-3-2,bexsero,neisseria meningitidis group b factor h binding protein fusion protein,novartis vaccines and diagnostics pty ltd,vaccine,suspension,intramuscular,approved,authorised,09.08.2013,2013,no,no,active immunisation against invasive disease caused by n. meningitidis group b strains,active immunisation against invasive disease caused by n. meningitidis group b strains,infectious and parasitic diseases,,,no,na,auspar-meningococcal-131031.pdf,TGA
262428,pm-2015-02796-1-2,afluria quad,influenza virus haemagglutinin,seqirus pty ltd,vaccine,suspension,intramuscular; subcutaneous,approved,authorised,15.07.2016,2016,no,no,"for the prevention of influenza caused by influenza virus, types a and b contained in the vaccine. the vaccine is indicated for use only in persons aged 18 years and over.","for the prevention of influenza caused by influenza virus, types a and b contained in the vaccine. the vaccine is indicated for use only in persons aged 18 years and over.",infectious and parasitic diseases,27.10.2015,2015,yes,,auspar-inactivated-quadrivalent-influenza-vaccine-split-virion-170720.pdf,TGA
353210,pm-2021-00026-1-4,lumakras,sotorasib,amgen australia pty ltd,small molecule,tablet,oral,approved,authorised (under additional monitoring),28.03.2022,2022,yes,no,the treatment of patients with previously treated kras g12c-mutated locally advanced or metastatic non-small cell lung cancer (nsclc).,the treatment of adult patients with kras g12c-mutated locally advanced or metastatic non-small cell lung cancer (nsclc) who have received at least one prior systemic therapy for advanced disease.,neoplasms; diseases of the respiratory system,01.03.2021,2021,no,na,auspar-lumakras-230530.pdf,TGA
211122; 211150,pm-2013-01100-1-1,abilify maintena,aripiprazole monohydrate,lundbeck (australia) pty ltd,small molecule,lyophilized powder; solvent,intramuscular,approved,authorised,22.07.2014,2014,no,no,for the treatment of schizophrenia,for maintenance of clinical improvement in the treatment of schizophrenia,mental and behavioural disorders,,,no,na,auspar-aripiprazole-monohyrate-141125.pdf,TGA
370599,pm-2021-02994-1-2,spikevax,elasomeran,moderna australia pty ltd,vaccine,suspension,intramuscular,approved,authorised (under additional monitoring),09.08.2021,2021,no,no,active immunisation to prevent covid-19 caused by sars-cov-2 in individuals 18 years of age and older.,active immunisation to prevent covid-19 caused by sars-cov-2 in individuals 18 years of age and older.,infectious and parasitic diseases; diseases of the respiratory system,08.07.2021,2021,no,na,auspar-elasomeran.pdf,TGA
"167565, 167566",pm-2009-03500-3-2,oralair tablet,allergen pollen extract of 5 grasses,helex-a pty ltd,other,tablet,oral,approved,authorised,19.04.2011,2011,no,no,"treatment of grass pollen allergic rhinitis with or without conjunctivitis in adults, adolescents and children (above the age of 5) with clinically relevant symptoms, confirmed by a positive cutaneous test and/or a positive titre of the specific ige to the grass pollen.","treatment of grass pollen allergic rhinitis with or without conjunctivitis in adults, adolescents and children (above the age of 5) with clinically relevant symptoms, confirmed by a positive cutaneous test and/or a positive titre of the specific ige to the grass pollen.",diseases of the respiratory system; diseases of the eye and adnexa,,,yes,,auspar-oralair.pdf,TGA
"320241, 320242, 320243",pm-2019-03192-1-1,idacio,adalimumab,fresenius kabi australia pty ltd,biologics,solution,subcutaneous,approved,authorised,15.06.2020,2020,no,no,rheumatoid arthritis; juvenile idiopathic arthritis; enthesitis-related arthritis; psoriatic arthritis; ankylosing spondylitis; crohn’s disease in adults and children (≥ 6 years); ulcerative colitis; psoriasis in adults and children; hidradenitis suppurativa in adults and adolescents (from 12 years of age); uveitis,rheumatoid arthritis; juvenile idiopathic arthritis; enthesitis-related arthritis; psoriatic arthritis; ankylosing spondylitis; crohn’s disease in adults and children (≥ 6 years); ulcerative colitis; psoriasis in adults and children; hidradenitis suppurativa in adults and adolescents (from 12 years of age); uveitis,diseases of the musculoskeletal system and connective tissue; diseases of the digestive system; diseases of the skin; diseases of the eye and adnexa,02.09.2019,2019,no,na,auspar-adalimumab-200917.pdf,TGA
"296830, 296831",pm-2017-04339-1-5,evenity,romosozumab,amgen australia pty. ltd.,biologics,solution,subcutaneous,approved,authorised,21.06.2019,2019,no,no,treatment of osteoporosis in postmenopausal women at increased risk of fracture; treatment of osteoporosis in men at increased risk of fracture,treatment of osteoporosis in postmenopausal women at high risk of fracture; treatment to increase bone mass in men with osteoporosis at high risk of fracture,diseases of the musculoskeletal system and connective tissue,05.01.2018,2018,no,na,auspar-romosozumab-200120.pdf,TGA
"95779, 95780, 127116, 155315, 199410, 199411, 199412",pm-2012-01954-3-1,humira,adalimumab,abbvie pty ltd,biologics,solution,subcutaneous,approved,authorised,16.07.2013,2013,no,yes,treatment of moderate to severe ulcerative colitis in patients who have had an inadequate response to conventional therapy or who are intolerant to or have medical contraindications for such therapies.,treatment of moderate to severe ulcerative colitis in adult patients who have had an inadequate response to conventional therapy or who are intolerant to or have medical contraindications for such therapies.,diseases of the digestive system,,,yes,,auspar-adalimumab-131025.pdf,TGA
"97800, 97799, 97798, 80279",pm-2017-03032-1-3,arixtra,fondaparinux,aspen pharmacare australia pty ltd,small molecule,solution,subcutaneous,approved,authorised,21.03.2019,2019,no,yes,treatment of unstable angina or non-st segment elevation myocardial infarction (ua/nstemi) and st segment elevation myocardial infarction (stemi),treatment of unstable angina or non-st segment elevation myocardial infarction (ua/nstemi) in patients for whom urgent (< 120 min) invasive management (pci) is not indicated; treatment of st segment elevation myocardial infarction (stemi) in patients who are managed with thrombolytics or who initially are to receive no other form of reperfusion therapy,diseases of the circulatory system,30.11.2017,2017,yes,,auspar-fondaparinux-200511.pdf,TGA
200456,pm-2012-01933-3-5,jaydess,levonorgestrel,bayer australia ltd,small molecule,drug delivery system,intrauterine,approved,authorised,10.09.2013,2013,no,yes,contraception for up to 3 years,contraception for up to 3 years,other,,,yes,,auspar-levonorgestrel-140205.pdf,TGA
"309829, 309831, 309830, 309834",pm-2018-03223-1-3,rymti/etera,etanercept,lupin australia pty ltd,biologics,solution,subcutaneous,approved,authorised,28.01.2020,2020,no,no,"rheumatoid arthritis, psoriatic arthritis, plaque psoriasis, ankylosing spondylitis, non-radiographic axial spondyloarthritis, juvenile idiopathic arthritis, paediatric plaque psoriasis","rheumatoid arthritis, psoriatic arthritis, plaque psoriasis, ankylosing spondylitis, non-radiographic axial spondyloarthritis, juvenile idiopathic arthritis, paediatric plaque psoriasis",diseases of the musculoskeletal system and connective tissue; diseases of the skin; diseases of the blood and blood-forming organs,31.10.2018,2018,no,na,auspar-etanercept-210224.pdf,TGA
"321410, 286020",pm-2019-05350-1-3,tremfya,guselkumab,janssen-cilag pty ltd,biologics,solution,subcutaneous,approved,authorised (under additional monitoring),21.01.2021,2021,no,yes,"treatment of adult patients with active psoriatic arthritis, who have had an inadequate response to, or are intolerant to prior dmard therapy","treatment of adult patients with active psoriatic arthritis, who have had an inadequate response to, or are intolerant to prior dmard therapy",diseases of the musculoskeletal system and connective tissue; diseases of the skin,18.12.2019,2019,yes,,auspar-guselkumab-210329.pdf,TGA
299792 and 299791,pm-2018-00489-1-4,erlyand / janssen apalutamide,apalutamide,janssen-cilag pty ltd,small molecule,tablet,oral,approved,authorised (under additional monitoring),04.07.2018,2018,no,no,"treatment of patients with non-metastatic, castration-resistant prostate cancer","treatment of patients with non-metastatic, castration-resistant prostate cancer",neoplasms,07.03.2018,2018,no,na,auspar-apalutamide-190325.pdf,TGA
180314,pm-2012-02706-3-4,zytiga,abiraterone acetate,janssen-cilag pty ltd,small molecule,tablet,oral,approved,authorised,20.08.2013,2013,no,yes,treatment of patients with metastatic castration resistant prostate cancer (mcrpc) who are asymptomatic or mildly symptomatic after failure of androgen deprivation therapy (adt) and who have received prior chemotherapy containing a taxane.,treatment of patients with metastatic castration resistant prostate cancer (mcrpc) who are asymptomatic or mildly symptomatic after failure of androgen deprivation therapy (adt),neoplasms,27.02.2012,2012,no,na,auspar-abiraterone-acetate-140122.pdf,TGA
210574,pm-2022-05475-1-5,ms-2 step composite pack,mifepristone & misoprostol,ms health pty ltd,small molecule,tablet,oral,approved,authorised,28.06.2023,2023,no,yes,"medical termination of an intrauterine pregnancy, up to 63 days of gestation.","medical termination of an intrauterine pregnancy, up to 63 days of gestation.",pregnancy and childbirth,31.01.2023,2023,no,na,auspar-ms-2step-composite-pack-240214.pdf,TGA
349072,pm-2020-06115-1-2,covid-19 vaccine astrazeneca,chadox1-s,astrazeneca pty ltd,vaccine,solution,intramuscular,approved,authorised,15.02.2021,2021,no,no,active immunisation of individuals ≥ 18 years old for the prevention of coronavirus disease 2019 (covid-19) caused by sars-cov-2.,active immunisation of individuals ≥ 18 years old for the prevention of coronavirus disease 2019 (covid-19) caused by sars-cov-2.,infectious and parasitic diseases,01.12.2020,2020,yes,,auspar-chadox1-s-covid-19-vaccine-astrazeneca-210215.pdf,TGA
335536,pm-2020-02181-1-4,zepzelca,lurbinectedin,specialised therapeutics pharma pty ltd,small molecule,powder,intravenous,approved,authorised (under additional monitoring),10.09.2021,2021,yes,no,for the treatment of patients with small cell lung cancer (sclc) who have progressed after prior platinum-containing therapy.,for the treatment of patients with metastatic small cell lung cancer (sclc) that has progressed on or after prior platinum-containing therapy.,neoplasms; diseases of the respiratory system,28.05.2020,2020,no,na,auspar-lurbinectedin-220401.pdf,TGA
"338419, 338420",pm-2020-01491-1-2,veklury,remdesivir,gilead sciences pty ltd,small molecule,concentrate; powder,intravenous,approved,authorised,10.07.2020,2020,no,no,treatment of adults and paediatric patients weighing at least 3.5 kg with coronavirus disease 2019 (covid-19).,"treatment of coronavirus disease 2019 (covid-19) in adults and adolescents (aged 12 years and older weighing at least 40 kg) with pneumonia, requiring supplemental oxygen.",infectious and parasitic diseases; diseases of the respiratory system,06.07.2020,2020,yes,,auspar-remdesivir-200720.pdf,TGA
376832,pm-2021-04814-1-4,rybrevant,amivantamab,janssen-cilag pty ltd,biologics,concentrate,intravenous,approved,authorised (under additional monitoring),28.11.2022,2022,yes,no,"treatment of patients with locally advanced or metastatic non-small cell lung cancer (nsclc) with activating epidermal growth factor receptor (egfr) exon 20 insertion mutations, whose disease has progressed on or after platinum-based chemotherapy.","treatment of patients with locally advanced or metastatic non-small cell lung cancer (nsclc) with activating epidermal growth factor receptor (egfr) exon 20 insertion mutations, whose disease has progressed on or after platinum-based chemotherapy.",neoplasms; diseases of the respiratory system,14.10.2021,2021,no,na,auspar-rybrevant-230830.pdf,TGA
199584,pm-2012-01472-3-3,xiaflex,collagenase clostridium histolyticum,actelion pharmaceuticals australia pty ltd,biologics,lyophilized powder,intralesional,approved,authorised,30.07.2013,2013,no,no,treatment of dupuytren’s contracture in adult patients with a palpable cord,treatment of dupuytren’s contracture in adult patients with a palpable cord,diseases of the musculoskeletal system and connective tissue,,,no,na,auspar-collagenase-clostridium-histolyticum-131118.pdf,TGA
122957,pm-2008-3187-1,zavesca,miglustat,actelion pharmaceuticals australia pty ltd,small molecule,capsule,oral,approved,authorised,03.02.2010,2010,yes,yes,treatment of progressive neurological manifestations in adult and paediatric patients with niemann-pick disease type c,treatment of progressive neurological manifestations in adult and paediatric patients with niemann-pick disease type c,neoplasms; diseases of the nervous system,,,yes,,auspar-miglustat.pdf,TGA
153381,pm-2009-1961-2,pandemic influenza vaccine h5n1 baxter,pandemic influenza vaccine,baxter healthcare pty ltd,vaccine,suspension,intramuscular,approved,authorised,23.08.2010,2010,no,no,prophylaxis of influenza in an officially declared pandemic situation.,prophylaxis of influenza in an officially declared pandemic situation.,infectious and parasitic diseases,,,no,na,auspar-pandemic-influenza.pdf,TGA
"419330, 419331, 419332, 419370, 419371, 419372, 428610",pm-2023-03730-1-2,comirnaty omicron xbb.1.5,raxtozinameran,pfizer australia pty ltd,vaccine,suspension,intramuscular,approved,authorised,06.10.2023,2023,no,no,"active immunisation to prevent coronavirus disease 2019 (covid-19) caused by sars-cov-2, in individuals 5 years of age and older.","active immunisation to prevent coronavirus disease 2019 (covid-19) caused by sars-cov-2, in individuals 6 months of age and older.",infectious and parasitic diseases,23.08.2023,2023,yes,,auspar-comirnaty-omicron-xbb15-240209.pdf,TGA
"373065, 374373, 374374, 374375, 374376, 374377",pm-2021-02447-1-3,ardalicip/ciptunec,adalimumab,cipla australia pty ltd,biologics,solution,subcutaneous,approved,authorised,23.08.2022,2022,no,no,rheumatoid arthritis; juvenile idiopathic arthritis; enthesitis-related arthritis; psoriatic arthritis; ankylosing spondylitis; crohn’s disease; ulcerative colitis; psoriasis; hidradenitis suppurativa; uveitis,rheumatoid arthritis; juvenile idiopathic arthritis; enthesitis-related arthritis; psoriatic arthritis; ankylosing spondylitis; crohn’s disease; ulcerative colitis; psoriasis; hidradenitis suppurativa; uveitis,diseases of the musculoskeletal system and connective tissue; diseases of the skin; diseases of the digestive system; diseases of the eye and adnexa,31.08.2021,2021,yes,,auspar-ardalicip-ciptunec-230427_0.pdf,TGA
158423,sm-2008-03602-4,mozobil,plerixafor,genzyme australasia pty ltd,small molecule,solution,subcutaneous,approved,authorised,18.05.2010,2010,yes,no,mobilise haematopoietic stem cells to the peripheral blood for collection and subsequent autologous transplantation in patients with non-hodgkin’s lymphoma and multiple myeloma,mobilise haematopoietic stem cells to the peripheral blood for collection and subsequent autologous transplantation in patients with lymphoma and multiple myeloma,neoplasms; diseases of the blood and blood-forming organs,,,no,na,auspar-plerixafor.pdf,TGA
"389650, 392331",pm-2022-01989-1-6,columvi,glofitamab,roche products pty ltd,biologics,concentrate,intravenous,approved,authorised,03.08.2023,2023,yes,no,treatment of adult patients with relapsed or refractory diffuse large b-cell lymphoma (dlbcl) after two or more lines of systemic therapy.,treatment of adult patients with relapsed or refractory diffuse large b-cell lymphoma (dlbcl) after two or more lines of systemic therapy.,neoplasms; diseases of the blood and blood-forming organs,30.06.2022,2022,no,na,auspar-columvi-241218.pdf,TGA
167889,pm-2009-03498-3-5,sayana,medroxyprogesterone acetate,pfizer australia pty ltd,small molecule,suspension,subcutaneous,approved,authorised,23.06.2011,2011,no,no,endometriosis and contraception (ovulation suppression),endometriosis and contraception (ovulation suppression),"diseases of the genitourinary system; endocrine, nutritional, and metabolic diseases",,,yes,,auspar-sayana.pdf,TGA
355139,pm-2023-00909-1-2,nuvaxovid,sars-cov-2 rs,biocelect pty ltd,vaccine,suspension,intramuscular,approved,authorised,31.01.2024,2024,no,yes,active immunisation to prevent coronavirus disease 2019 (covid-19) caused by sars-cov-2 in individuals 12 years of age and older.,active immunisation to prevent coronavirus disease 2019 (covid-19) caused by sars-cov-2 in individuals 12 years of age and older.,infectious and parasitic diseases,03.04.2023,2023,yes,,auspar-nuvaxovid-240531.pdf,TGA
218042,pm-2013-03652-1-5,taptiqom 15/5,tafluprost / timolol,merck sharp & dohme (australia) pty ltd,small molecule,solution,ocular,approved,authorised,29.01.2015,2015,no,no,reduction of ocular pressure in adult patients with open angle glaucoma or ocular hypertension when concomitant therapy is appropriate.,reduction of ocular pressure in adult patients with open angle glaucoma or ocular hypertension who are insufficiently responsive to beta blockers or prostaglandin analogues and require a combination therapy.,diseases of the eye and adnexa,,,no,na,auspar-tafluprost-timolol-150728.pdf,TGA
246092 and 246093,pm-2015-01283-1-3,descovy,emtricitabine/tenofovir alafenamide,gilead sciences pty ltd,small molecule,tablet,oral,approved,authorised,28.06.2016,2016,no,no,treatment of hiv-1 infection in adults and adolescents aged 12 years and older with body weight at least 35 kg.,treatment of hiv-1 infection in adults and adolescents aged 12 years and older with body weight at least 35 kg.,infectious and parasitic diseases,,,yes,,auspar-emtricitabine-161220.pdf,TGA
210494,pm-2014-03154-1-4,xtandi,enzalutamide,astellas pharma australia pty ltd,small molecule,capsule,oral,approved,authorised,06.11.2015,2015,no,yes,the treatment of patients with metastatic castration-resistant prostate cancer who are asymptomatic or mildly symptomatic after failure of androgen deprivation therapy in whom chemotherapy is not yet clinically indicated.,for the treatment of patients with metastatic castration-resistant prostate cancer following failure of androgen deprivation therapy in whom chemotherapy is not yet indicated.,neoplasms,,,no,na,auspar-enzalutamide-160323.pdf,TGA
"199226, 199227, 199228",pm-2012-01494-3-1,vyvanse,lisdexamfetamine dimesilate,shire australia pty limited,small molecule,capsule,oral,approved,authorised,15.07.2013,2013,no,no,"treatment of attention deficit hyperactivity disorder (adhd) in children, adolescents, and adults",treatment of attention deficit hyperactivity disorder (adhd),mental and behavioural disorders,,,yes,,auspar-lisdexamfetamine-dimesilate-131023.pdf,TGA
"370599, 388244 and 388245",pm-2022-01792-1-2 and pm-2022-01760-1-2,spikevax,elasomeran,moderna australia pty ltd,vaccine,suspension,intramuscular,approved,authorised (under additional monitoring),19.07.2022,2022,no,yes,active immunisation to prevent coronavirus disease 2019 (covid-19) caused by sars-cov-2 in individuals 6 months of age and older.,active immunisation to prevent coronavirus disease 2019 (covid-19) caused by sars-cov-2 in individuals 6 months of age and older.,infectious and parasitic diseases,12.05.2022,2022,no,na,auspar-elasomeran-220727.pdf,TGA
"aust r 170172 (blister pack), aust r 172457 (bottle)",pm-2010-00798-3-1,azilect,rasagiline,lundbeck australia pty ltd,small molecule,tablet,oral,approved,authorised,12.09.2011,2011,no,no,symptomatic treatment of idiopathic parkinson’s disease (pd) as monotherapy or as adjunct therapy.,symptomatic treatment of idiopathic parkinson’s disease (pd) as monotherapy or as adjunct therapy.,diseases of the nervous system,,,no,na,auspar-azilect.pdf,TGA
335289 and 335290,pm-2020-01850-1-1,zebinix,eslicarbazepine acetate,maxx pharma pty ltd,small molecule,tablet,oral,approved,authorised (under additional monitoring),10.05.2021,2021,no,no,"monotherapy in the treatment of partial-onset seizures, with or without secondary generalisation, in adults with newly diagnosed epilepsy; adjunctive therapy in adults, adolescents and children aged above 6 years, with partial-onset seizures with or without secondary generalisation.","monotherapy in the treatment of partial-onset seizures, with or without secondary generalisation, in adults with newly diagnosed epilepsy; adjunctive therapy in adults, adolescents and children aged above 6 years, with partial-onset seizures with or without secondary generalisation.",diseases of the nervous system,02.06.2020,2020,yes,,auspar-eslicarbazepine-acetate_-210909.pdf,TGA
"274624, 274623, 274622, 274621, 274620 and 274619",pm-2016-01317-1-4,ibrance,palbociclib,pfizer australia pty ltd,small molecule,capsule,oral,approved,authorised,28.04.2017,2017,no,no,"treatment of hormone receptor (hr)-positive, human epidermal growth factor receptor 2 (her2)-negative advanced or metastatic breast cancer","treatment of hormone receptor (hr)-positive, human epidermal growth factor receptor 2 (her2)-negative advanced or metastatic breast cancer in combination with an aromatase inhibitor or fulvestrant",neoplasms,25.04.2016,2016,no,na,auspar-palbociclib-180430.pdf,TGA
448382,pm-2014-04262-1-3,xiaflex,collagenase clostridium histolyticum,actelion pharmaceuticals australia pty ltd,biologics,lyophilized powder,intralesional,approved,authorised,16.03.2016,2016,no,yes,the treatment of adult men with peyronie’s disease with a palpable plaque and curvature deformity of at least 30 degrees at the start of therapy.,the treatment of adult men with peyronie’s disease with a palpable plaque and curvature deformity of at least 30 degrees at the start of therapy.,diseases of the musculoskeletal system and connective tissue,,,no,na,auspar-collagenase-clostridium-histolyticum-160802.pdf,TGA
287013,pm-2017-00871-1-4,rydapt,midostaurin,novartis pharmaceuticals australia pty ltd,small molecule,capsule,oral,approved,authorised (under additional monitoring),07.05.2018,2018,yes,no,in combination with standard induction and consolidation chemotherapy followed by single agent maintenance therapy for adult patients with newly diagnosed acute myeloid leukaemia (aml) who are flt3 mutation-positive; and for the treatment of adult patients with advanced systemic mastocytosis (advanced sm).,"in combination with standard anthracycline and cytarabine induction and cytarabine consolidation chemotherapy, followed in patients in complete remission by single agent maintenance therapy for adult patients with newly diagnosed acute myeloid leukemia (aml) who are flt3 mutation-positive; for the treatment of adult patients with aggressive systemic mastocytosis (asm), systemic mastocytosis with associated haematological neoplasms (sm-ahn), or mast cell leukaemia (mcl)",neoplasms; diseases of the blood and blood-forming organs,01.05.2017,2017,no,na,auspar-midostaurin-190103.pdf,TGA
"325474, 325475",pm-2019-04815-1-5,truvelog,insulin aspart,sanofi-aventis australia pty ltd,peptides and proteins,solution,subcutaneous,approved,authorised,14.10.2020,2020,no,no,treatment of diabetes mellitus,treatment of diabetes mellitus,"endocrine, nutritional, and metabolic diseases",02.12.2019,2019,no,na,auspar-insulin-aspart-200301.pdf,TGA
"313680, 313681",pm-2019-00106-1-5,beovu,brolucizumab,novartis pharmaceuticals australia pty ltd,biologics,solution,intravitreal,approved,authorised (under additional monitoring),15.01.2020,2020,no,no,treatment of neovascular (wet) age-related macular degeneration (amd),treatment of neovascular (wet) age-related macular degeneration (amd),diseases of the eye and adnexa,06.03.2019,2019,no,na,auspar-brolucizumab-rbe-200414.pdf,TGA
220736; 220737,pm-2013-04969-1-2,optaflu,inactivated influenza virus vaccine,novartis vaccines & diagnostics pty ltd,vaccine,suspension,intramuscular,approved,authorised,03.03.2015,2015,no,no,"prevention of influenza caused by influenza virus, types a and b in adults over 18 years of age.","prevention of influenza caused by influenza virus, types a and b in adults over 18 years of age.",infectious and parasitic diseases,,,no,na,auspar-inactivated-influenza-virus-vaccine-150824.pdf,TGA
352631,pm-2020-06455-1-4,jemperli,dostarlimab,glaxosmithkline australia pty ltd,biologics,solution,intravenous,approved,authorised (under additional monitoring),15.02.2022,2022,no,no,monotherapy for the treatment of patients with recurrent or advanced mismatch repair deficient/microsatellite instability-high (dmmr/msi-h) endometrial cancer who have progressed on or after treatment with a platinum-containing regimen.,monotherapy for the treatment of adult patients with recurrent or advanced mismatch repair deficient (dmmr) endometrial cancer (ec) that has progressed on or following prior treatment with a platinum-containing regimen.,neoplasms; diseases of the genitourinary system,01.02.2021,2021,no,na,auspar-jemperli-230210.pdf,TGA
"435450, 438499",pm-2023-06126-1-4,voranigo,vorasidenib,servier laboratories (aust) pty ltd,small molecule,tablet,oral,approved,authorised,10.09.2024,2024,yes,no,treatment of predominantly non-enhancing astrocytoma or oligodendroglioma with an isocitrate dehydrogenase-1 (idh-1) mutation or isocitrate dehydrogenase-2 (idh-2) mutation in adults and paediatric patients 12 years and older following surgical intervention.,"treatment of grade 2 astrocytoma or oligodendroglioma with a susceptible isocitrate dehydrogenase-1 (idh1) mutation or isocitrate dehydrogenase-2 (idh2) mutation in adults and paediatric patients 12 years and older, who are not in need of immediate chemotherapy or radiotherapy following surgical intervention.",neoplasms; diseases of the nervous system,06.12.2023,2023,no,na,auspar-voranigo-250521.pdf,TGA
232028,pm-2014-03872-1-5,nucala,mepolizumab,glaxosmithkline australia pty ltd,biologics,powder,subcutaneous,approved,authorised,25.01.2016,2016,no,no,"add-on treatment for severe eosinophilic asthma in patients aged 12 years and over identified by either a blood eosinophil count ≥ 150 cells/µl at initiation of treatment or a blood eosinophil count ≥ 300 cells/µl in prior 12 months, with a history of exacerbations and/or dependency on systemic corticosteroids.",add-on treatment for severe refractory eosinophilic asthma in patients aged 12 years and over,diseases of the respiratory system,03.11.2014,2014,no,na,auspar-mepolizumab-rch-170308.pdf,TGA
"117237, 117238, 117239, 117240, 116689",pm-2010-01870-3-201870-3-2,gamunex,normal immunoglobulin (human),talecris biotherapeutics pty ltd,biologics,solution,intravenous; subcutaneous,approved,authorised,17.10.2011,2011,no,yes,extension of indications to include chronic inflammatory demyelinating polyneuropathy (cidp) and new route of administration for primary immune deficiency (pid),"replacement therapy in primary immunodeficiency (pi) diseases; symptomatic hypogammaglobulinaemia; immunomodulation in idiopathic thrombocytopaenic purpura (itp), guillain barré syndrome (gbs), chronic inflammatory demyelinating polyneuropathy (cidp), kawasaki disease",diseases of the blood and blood-forming organs; diseases of the nervous system; diseases of the immune system,,,yes,,auspar-immunoglobulin-normal-human-111213.pdf,TGA
"271653, 271652 and 270336",pm-2015-04337-1-5,rekovelle,follitropin delta,ferring pharmaceuticals pty ltd,biologics,solution,subcutaneous,approved,authorised,24.03.2017,2017,no,no,controlled ovarian stimulation for the development of multiple follicles in women undergoing assisted reproductive technologies (art) such as an in vitro fertilisation (ivf) or intracytoplasmic sperm injection (icsi) cycle.,controlled ovarian stimulation for the development of multiple follicles in women undergoing assisted reproductive technologies (art) such as an in vitro fertilisation (ivf) or intracytoplasmic sperm injection (icsi) cycle.,diseases of the genitourinary system,,,no,na,auspar-follitropin-delta-rhu-171025.pdf,TGA
260410,pm-2015-02764-1-3,renflexis,infliximab,samsung bioepis au pty ltd,biologics,powder,intravenous,approved,authorised,18.11.2016,2016,no,no,rheumatoid arthritis in adults; ankylosing spondylitis; psoriatic arthritis; psoriasis; crohn’s disease in adults and in children and adolescents (6 to 17 years); refractory fistulising crohn’s disease; ulcerative colitis in adults and in children and adolescents (6 to 17 years),rheumatoid arthritis in adults; ankylosing spondylitis; psoriatic arthritis; psoriasis; crohn’s disease in adults and in children and adolescents (6 to 17 years); refractory fistulising crohn’s disease; ulcerative colitis in adults and in children and adolescents (6 to 17 years),diseases of the musculoskeletal system and connective tissue; diseases of the digestive system; diseases of the skin,,,yes,,auspar-infliximab-171012.pdf,TGA
275964,pm-2016-01679-1-2 / pm-2017-04923-1-2 / pm-2017-04924-1-2,dengvaxia,"live, attenuated, chimeric yellow fever dengue virus",sanofi-aventis australia pty ltd,vaccine,powder,subcutaneous,approved,authorised,13.07.2017,2017,no,no,"prevention of dengue disease caused by dengue virus serotypes 1, 2, 3 and 4 in individuals 9 through 60 years of age living in endemic areas.","prevention of dengue disease caused by dengue virus serotypes 1, 2, 3 and 4 in individuals 9 through 45 years of age with previous dengue infection and living in endemic areas.",infectious and parasitic diseases,30.06.2016,2016,no,na,auspar-live-attenuated-chimeric-yellow-fever-dengue-virus-181123.pdf,TGA
381053,pm-2021-05913-1-3,tavneos,avacopan,vifor pharma pty ltd,small molecule,capsule,oral,approved,authorised (under additional monitoring),17.01.2023,2023,yes,no,"tavneos, in combination with other immunosuppressant therapies, is indicated for the treatment of patients with anti-neutrophil cytoplasmic autoantibody (anca)-associated vasculitis (granulomatosis with polyangiitis [gpa] and microscopic polyangiitis [mpa]).","tavneos, in combination with a rituximab or cyclophosphamide based regimen, is indicated for the treatment of adults with anti-neutrophil cytoplasmic autoantibody (anca)-associated vasculitis (granulomatosis with polyangiitis [gpa] and microscopic polyangiitis [mpa]).",diseases of the blood and blood-forming organs; diseases of the circulatory system,31.01.2022,2022,no,na,auspar-tavneos-231004.pdf,TGA
,pm-2014-03891-1-1,transtec,buprenorphine,mundipharma pty ltd,small molecule,drug delivery system,transdermal,rejected,na,28.04.2016,2016,no,yes,management of moderate to severe cancer pain and severe pain that does not respond to non-opioids.,na,neoplasms; other,,,no,na,auspar-buprenorphine-161213.pdf,TGA
"335950, 336835, 336836, 336837",pm-2020-01828-1-6,veraseal,human fibrinogen / human thrombin,grifols australia pty ltd,biologics,solution,epilesional,approved,authorised (under additional monitoring),29.10.2021,2021,no,no,"veraseal is used as supportive treatment in adults where standard surgical techniques are insufficient, for improvement of haemostasis. in addition, veraseal is indicated for suture support in vascular surgery.","veraseal is used as supportive treatment in adults where standard surgical techniques are insufficient, for improvement of hemostasis.",diseases of the circulatory system,02.06.2020,2020,no,na,auspar-veraseal-220614.pdf,TGA
174554,pm-2010-02995-3-2,pandemrix h1n1 pandemic influenza vaccine,influenza virus haemagglutinin,glaxosmithkline australia pty ltd,vaccine,suspension,intramuscular,approved,authorised,04.07.2012,2012,no,no,prophylaxis of influenza in an officially declared pandemic situation,prophylaxis of influenza in an officially declared pandemic situation,infectious and parasitic diseases,26.08.2010,2010,yes,,auspar-influenza-virus-haemagglutinin-130212.pdf,TGA
,pm-2009-01976-3-4,yondelis,trabectedin,janssen-cilag pty ltd,small molecule,powder,intravenous,withdrawn,withdrawn,24.06.2010,2010,yes,no,"the initial requested indications were for the treatment of patients with relapsed ovarian cancer in combination with pegylated liposomal doxorubicin hydrochloride (pld) and for the treatment of patients with advanced soft tissue sarcoma, after failure of anthracycline and ifosfamide, or who are unsuited to receive these agents.",na,neoplasms,,,no,na,auspar-yondelis.pdf,TGA
"67901, 67902 and 101341",pm-2009-01564-3-1,celebrex,celecoxib,pfizer australia pty ltd,small molecule,capsule,oral,approved,authorised,23.06.2010,2010,no,yes,short-term treatment of acute pain in adults following surgery or musculoskeletal and/or soft tissue injury.,"for the symptomatic treatment of osteoarthritis, rheumatoid arthritis and ankylosing spondylitis. for the treatment of primary dysmenorrhoea in adults. short-term treatment of acute pain in adults following surgery or musculoskeletal and/or soft tissue injury.",diseases of the musculoskeletal system and connective tissue,,,yes,,auspar-celebrex.pdf,TGA
286358,pm-2016-04442-1-2,vosevi,sofosbuvir / velpatasvir / voxilaprevir,gilead sciences pty ltd,small molecule,tablet,oral,approved,authorised (under additional monitoring),13.03.2018,2018,no,no,treatment of chronic hepatitis c virus (hcv) infection in adults,"treatment of chronic hepatitis c virus (hcv) infection in adult patients, without cirrhosis or with compensated cirrhosis",infectious and parasitic diseases,31.03.2017,2017,no,na,auspar-sofosbuvir-velpatasvir-voxilaprevir-190304.pdf,TGA
338475,pm-2020-02814-1-6,brukinsa,zanubrutinib,beigene aus pty ltd,small molecule,capsule,oral,approved,authorised (under additional monitoring),07.10.2021,2021,yes,no,"waldenström’s macroglobulinaemia (wm) who have received at least one prior therapy, or in first line treatment for patients unsuitable for chemo-immunotherapy.","waldenström’s macroglobulinaemia (wm) who have received at least one prior therapy, or in first line treatment for patients unsuitable for chemo-immunotherapy.",neoplasms; diseases of the blood and blood-forming organs,31.07.2020,2020,no,na,auspar-brukinsa-220811-02.pdf,TGA
175671,pm-2010-02694-3-5,mifepristone linepharma,mifepristone,ms health,small molecule,tablet,oral,approved,authorised,07.08.2012,2012,no,no,medical termination of a developing intra-uterine pregnancy. in sequential combination with a prostaglandin analogue up to 49 days of gestation.,medical termination of a developing intra-uterine pregnancy. in sequential combination with a prostaglandin analogue up to 49 days of gestation.,pregnancy and childbirth,,,yes,us fda,auspar-mifepristone-121002.pdf,TGA
"196449, 196450, 196451, 196452, 151815, 286810",pm-2016-04633-1-1,vimpat,lacosamide,ucb australia pty ltd,small molecule,tablet; solution,oral; intravenous,approved,authorised,24.07.2018,2018,no,yes,monotherapy and add-on therapy in the treatment of partial seizures with or without secondary generalisation in patients with epilepsy aged 4 years and older,monotherapy in the treatment of partial seizures with or without secondary generalisation in patients with epilepsy aged 16 years and older; add on therapy in the treatment of partial seizures with or without secondary generalisation in patients with epilepsy aged 4 years and older,diseases of the nervous system,31.03.2017,2017,no,na,auspar-lacosamide-200130.pdf,TGA
212583 and 212584,pm-2013-02061-1-4,iclusig,ponatinib,ariad pharmaceuticals australia pty ltd,small molecule,tablet,oral,approved,authorised,19.11.2014,2014,yes,no,"for the treatment of adult patients with chronic phase, accelerated phase, or blast phase chronic myeloid leukaemia (cml) that is resistant or intolerant to prior tyrosine kinase inhibitor (tki) therapy, or philadelphia chromosome positive acute lymphoblastic leukaemia (ph+ all) that is resistant or intolerant to prior tki therapy.","iclusig is indicated for the treatment of adult patients with: 1. chronic phase, accelerated phase, or blast phase chronic myeloid ieukaemia whose disease is resistant to, or who are intolerant of at least two prior tyrosine kinase inhibitors; or where there is a t315 i mutation. 2. philadelphia chromosome-positive acute lymphoblastic ieukaemia (ph+ all) whose disease is resistant to, or who are intolerant of dasatinib and for whom subsequent treatment with imatinib is not clinically appropriate; or where there is a t315 i mutation.",neoplasms; diseases of the blood and blood-forming organs,14.08.2013,2013,no,na,auspar-ponatinib-150416.pdf,TGA
340350,pm-2020-03580-1-3,evrysdi,risdiplam,roche products pty ltd,small molecule,powder,oral; nasogastric,approved,authorised (under additional monitoring),02.06.2021,2021,yes,no,for the treatment of 5q spinal muscular atrophy (sma).,for the treatment of 5q spinal muscular atrophy (sma) in patients aged 2 months and older.,diseases of the nervous system,31.08.2020,2020,no,na,auspar-risdiplam-210806.pdf,TGA
273750,pm-2016-00417-1-3,pheburane,sodium phenylbutyrate,orpharma pty ltd,small molecule,granules,oral,approved,authorised,19.05.2017,2017,yes,no,management of hyperammonaemia associated with urea cycle disorders,management of hyperammonaemia associated with urea cycle disorders,"endocrine, nutritional, and metabolic diseases",02.05.2016,2016,yes,,auspar-sodium-phenylbutyrate-180123.pdf,TGA
"286019, 286020",pm-2017-00552-1-1,tremfya / janssen guselkumab,guselkumab,janssen-cilag pty ltd,biologics,solution,subcutaneous,approved,authorised,08.03.2018,2018,no,no,"treatment of moderate to severe plaque psoriasis, scalp, nail, and hand and foot psoriasis and improvement of health related quality of life in adult patients who are candidates for systemic therapy or phototherapy.",treatment of adult patients (18 years or older) with moderate to severe plaque psoriasis who are candidates for systemic therapy or phototherapy.,diseases of the skin,31.03.2017,2017,no,na,auspar-guselkumab-181105.pdf,TGA
90434,pm-2009-02236-3-3,avodart,dutasteride,glaxosmithkline australia pty ltd,small molecule,capsule,oral,approved,authorised,22.09.2010,2010,no,yes,treatment of symptomatic benign prostatic hyperplasia (bph) in men with an enlarged prostate.,use as monotherapy for the management of symptomatic benign prostatic hyperplasia (bph) or as combination therapy with an alpha blocker.,neoplasms; diseases of the genitourinary system,,,yes,european medicines agency (ema),auspar-avodart.pdf,TGA
"302145, 302146",pm-2018-00780-1-1,emgality,galcanezumab,eli lilly australia pty ltd,biologics,solution,subcutaneous,approved,authorised (under additional monitoring),22.05.2019,2019,no,no,prophylaxis of migraine in adults,prophylaxis of migraine in adults,diseases of the nervous system,31.05.2018,2018,no,na,auspar-galcanezumab-190910.pdf,TGA
149319,pm-2009-02910-3-5,qlaira,oestradiol valerate,bayer australia limited,small molecule,tablet,oral,approved,authorised,09.11.2010,2010,no,yes,treatment of heavy and/or prolonged menstrual bleeding in women without organic pathology who desire oral contraception.,treatment of heavy and/or prolonged menstrual bleeding in women without organic pathology who desire oral contraception.,diseases of the genitourinary system,,,yes,,auspar-qlaira.pdf,TGA
193383 and 193388,pm-2011-03107-3-2,isentress,raltegravir,merck sharp and dohme (australia) pty ltd,small molecule,tablet,oral,approved,authorised,31.01.2013,2013,yes,yes,treatment of human immunodeficiency virus type 1 (hiv-1) infection in children and adolescents from 2 to 18 years of age,"treatment of human immunodeficiency virus (hiv-1) infection in adults, adolescents and children from the age of 2 years",infectious and parasitic diseases,,,yes,,auspar-raltegravir-130603.pdf,TGA
188346,pm-2011-01596-3-5,clobex,clobetasol propionate,galderma australia pty ltd,small molecule,shampoo,topical,approved,authorised,06.02.2013,2013,no,no,topical treatment of moderate to severe scalp psoriasis in adults.,topical treatment of moderate to severe scalp psoriasis in adults.,diseases of the skin,,,yes,,auspar-clobetasol-propionate-130522.pdf,TGA
238257,pm-2014-03463-1-4,velcade,bortezomib,janssen-cilag pty ltd,small molecule,powder,intravenous; subcutaneous,approved,authorised,18.11.2015,2015,no,yes,"combination treatment with bortezomib and rituximab, cyclophosphamide, doxorubicin and prednisone in adults with previously untreated mantle cell lymphoma (mcl).","velcade, in combination with rituximab, cyclophosphamide, doxorubicin and prednisone is indicated for the treatment of adult patients with previously untreated mantle cell lymphoma (mcl).",neoplasms; diseases of the blood and blood-forming organs,,,yes,,auspar-bortezomib-160226.pdf,TGA
,pm-2015-01099-1-1,ano-cream,diltiazem hydrochloride,aft pharmaceuticals pty ltd,small molecule,cream,transdermal,rejected,withdrawn,14.11.2016,2016,no,yes,relief of pain associated with chronic anal fissure,na,diseases of the digestive system,,,no,na,auspar-diltiazem-hydrochloride-170510.pdf,TGA
309378,pm-2018-04002-1-2,dovato,dolutegravir/lamivudine,viiv healthcare pty ltd,small molecule,tablet,oral,approved,authorised,11.09.2019,2019,no,no,"treatment of human immunodeficiency virus (hiv) infection in adults and adolescents from 12 years of age weighing at least 40 kg, who have no known or suspected resistance to either antiretroviral component.",treatment of human immunodeficiency virus-1 (hiv-1) infection in antiretroviral treatment-naïve adults and adolescents (from 12 years of age weighing at least 40 kg) who have no known or suspected resistance to either antiretroviral component.,infectious and parasitic diseases,31.10.2018,2018,yes,,auspar-dolutegravir-lamivudine-191204.pdf,TGA
"107297, 107301",pm-2008-2832-3,coralan,ivabradine,servier laboratories (australia) pty ltd,small molecule,tablet,oral,approved,authorised,03.09.2010,2010,no,yes,"treatment of chronic stable angina due to atherosclerotic coronary artery disease in patients with normal sinus rhythm who are already treated with a beta-blocker, or are unable to tolerate or have a contraindication to the use of beta-blockers.","treatment of chronic stable angina due to atherosclerotic coronary artery disease in patients with normal sinus rhythm, who are unable to tolerate or have a contraindication to the use of beta blockers, or in combination with atenolol 50 mg once daily when heart rate is at or above 60 bpm and angina is inadequately controlled.",diseases of the circulatory system,,,yes,,auspar-coralan.pdf,TGA
203372,pm-2022-04918-1-6,adcetris,brentuximab vedotin,takeda pharmaceuticals australia pty ltd,biologics,powder,injection,approved,authorised,08.01.2024,2024,no,yes,"treatment of adult patients with previously untreated cd30+ advanced hodgkin lymphoma (hl) in combination with doxorubicin, vinblastine, and dacarbazine (avd).","treatment of patients with previously untreated cd30+ stage iii or stage iv hodgkin lymphoma (hl) in combination with doxorubicin, vinblastine, and dacarbazine (avd).",neoplasms; diseases of the blood and blood-forming organs,31.01.2023,2023,no,na,auspar-adcetris-240507.pdf,TGA
,pm-2011-01623-3-4,docetaxel -pf,docetaxel,pfizer australia pty ltd,small molecule,concentrate,intravenous,withdrawn,withdrawn,18.12.2012,2012,no,no,"breast cancer, non-small cell lung cancer, ovarian cancer, prostate cancer and head and neck cancer",na,neoplasms,,,no,na,auspar-docetaxel-130513.pdf,TGA
60318 and 60319,pm-2010-01845-3-4,mabthera,rituximab,roche products pty ltd,biologics,solution,intravenous,rejected,authorised,18.07.2011,2011,no,no,new dosing regimen for maintenance therapy in patients with previously untreated follicular nhl,na,neoplasms; diseases of the blood and blood-forming organs,,,yes,,auspar-mabthera-111215.pdf,TGA
280246,pm-2016-03090-1-4,kisqali,ribociclib succinate,novartis pharmaceuticals australia pty ltd,small molecule,tablet,oral,approved,authorised,20.10.2017,2017,no,no,"treatment of postmenopausal women with hormone receptor (hr) positive, human epidermal growth factor receptor 2 (her2) negative advanced or metastatic breast cancer, as an initial endocrine-based therapy.","treatment of men and postmenopausal women with hormone receptor positive (hr+), human epidermal growth factor receptor 2 negative (her2-) advanced or metastatic breast cancer, as an initial endocrine-based therapy.",neoplasms,31.10.2016,2016,no,na,auspar-ribociclib-succinate-200630.pdf,TGA
206449,pm-2012-04395-1-5,ultibro breezhaler,indacaterol maleate / glycopyrronium bromide,novartis pharmaceuticals australia pty ltd,small molecule,powder,inhalation,approved,authorised,14.03.2014,2014,no,no,once daily maintenance bronchodilator treatment to relieve symptoms and reduce exacerbations in patients with copd.,once daily maintenance bronchodilator treatment to relieve symptoms in patients with copd.,diseases of the respiratory system,,,no,na,auspar-indacaterol-maleate-141023.pdf,TGA
231016,pm-2014-03142-1-4,lonquex,lipegfilgrastim,teva pharma australia pty ltd,biologics,solution,subcutaneous,approved,authorised,29.10.2015,2015,no,no,reduction in the duration of neutropenia and the incidence of febrile neutropenia in adult patients treated with cytotoxic chemotherapy for malignancy (with the exception of chronic myeloid leukaemia and myelodysplastic syndromes).,for reduction in the duration of neutropenia and the incidence of febrile neutropenia in adult patients treated with cytotoxic chemotherapy for malignancy (with the exception of chronic myeloid leukaemia and myelodysplastic syndromes).,neoplasms,,,no,na,auspar-lipegfilgrastim-rbe-160223.pdf,TGA
,pm-2011-03916-3-3,xarelto,rivaroxaban,bayer australia ltd,small molecule,tablet,oral,withdrawn,withdrawn,31.05.2013,2013,no,yes,"prevention of cardiovascular death, myocardial infarction and stent thrombosis in patients after an acute coronary syndrome (acs)",na,diseases of the circulatory system,,,no,na,auspar-rivaroxaban-131111.pdf,TGA
176845,pm-2010-02975-3-1,lucassin,terlipressin,ikaria australia pty ltd,peptides and proteins,powder,intravenous,approved,authorised,09.01.2012,2012,yes,no,the treatment of patients with hepatorenal syndrome (hrs) type 1 who are actively being considered for a liver transplant.,the treatment of patients with hepatorenal syndrome (hrs) type 1 who are actively being considered for a liver transplant.,diseases of the genitourinary system; diseases of the digestive system,,,yes,,auspar-terlipressin-130827.pdf,TGA
"218798, 218799, 218800, 230440, 230438 and 230439",pm-2013-04153-1-4,cosentyx / zafrez,secukinumab,novartis pharmaceuticals australia pty ltd,biologics,powder; solution,subcutaneous,approved,authorised,08.01.2015,2015,no,no,the treatment of moderate to severe plaque psoriasis in adult patients who are candidates for systemic therapy or phototherapy.,the treatment of moderate to severe plaque psoriasis in adult patients who are candidates for systemic therapy or phototherapy.,diseases of the skin,,,no,na,auspar-secukinumab-150916.pdf,TGA
82818,pm-2009-01140-3-3,replagal,agalsidase alfa ghu,shire australia pty limited,biologics,solution,intravenous,approved,authorised,07.05.2010,2010,no,no,long-term enzyme replacement therapy of patients with fabry disease (α-galactosidase a deficiency),long-term enzyme replacement therapy of patients with fabry disease (α-galactosidase a deficiency),"endocrine, nutritional, and metabolic diseases",,,no,na,auspar-replagal.pdf,TGA
272115,pm-2015-04677-1-4,alecensa,alectinib hydrochloride,roche products pty limited,small molecule,capsule,oral,approved,authorised,10.03.2017,2017,no,no,"treatment of patients with anaplastic lymphoma kinase (alk)-positive, locally advanced or metastatic non-small cell lung cancer (nsclc) who have progressed on or are intolerant to crizotinib.","treatment of patients with anaplastic lymphoma kinase (alk)-positive, locally advanced or metastatic non-small cell lung cancer (nsclc) who have progressed on or are intolerant to crizotinib.",neoplasms; diseases of the respiratory system,,,no,na,auspar-alectinib-hydrochloride-171127.pdf,TGA
"199471, 199472",pm-2012-01958-3-2,nimenrix,"meningococcal (groups a, c, w-135, y) polysaccharide tetanus toxoid conjugate vaccine",glaxosmithkline australia pty ltd,vaccine,powder; diluent,intramuscular,approved,authorised,22.08.2013,2013,no,no,"active immunisation against invasive meningococcal disease caused by neisseria meningitidis serogroups a, c, w-135 and y in individuals 1-55 years of age.","active immunisation of individuals from the age of 12 months through 55 years against invasive meningococcal diseases caused by neisseria meningitidis serogroups a, c, w-135 and y.",infectious and parasitic diseases,,,no,na,auspar-meningococcal-polysaccharide-131204.pdf,TGA
"207690, 207689, 207688, 207687, 207692, 207691, 332505",pm-2019-05359-1-1,fycompa,perampanel hemisesquihydrate,eisai australia pty ltd,small molecule,tablet; suspension,oral,approved,authorised (under additional monitoring),11.02.2021,2021,no,yes,adjunctive treatment of partial-onset seizures with or without secondary generalised seizures in paediatric patients from 2 to 11 years of age with epilepsy; adjunctive treatment of primary generalised tonic-clonic seizures in paediatric patients from 2 to 11 years of age with idiopathic generalised epilepsy,adjunctive treatment of partial-onset seizures with or without secondarily generalised seizures in patients from 4 years of age with epilepsy; primary generalised tonic-clonic seizures in patients from 7 years of age with idiopathic generalised epilepsy,diseases of the nervous system,02.01.2020,2020,yes,,auspar-perampanel-hemisesquihydrate-210426.pdf,TGA
418910 and 418911,pm-2023-03611-1-2,spikevax xbb.1.5,andusomeran,moderna australia pty ltd,vaccine,suspension,intramuscular,approved,authorised (under additional monitoring),06.10.2023,2023,no,no,active immunisation to prevent coronavirus disease 2019 (covid-19) caused by sars-cov-2 in individuals 12 years of age and older.,active immunisation to prevent coronavirus disease 2019 (covid-19) caused by sars-cov-2 in individuals 12 years of age and older.,infectious and parasitic diseases,23.08.2023,2023,yes,,auspar-spikevax-xbb.1.5-231012.pdf,TGA
305254; 305255,pm-2018-02496-1-4,zejula,niraparib,glaxosmithkline australia pty ltd,small molecule,capsule,oral,approved,authorised (under additional monitoring),28.06.2019,2019,no,no,"monotherapy for the maintenance treatment of adult patients with platinum-sensitive relapsed high grade serous epithelial ovarian, fallopian tube, or primary peritoneal cancer who are in response (complete or partial) to platinum-based chemotherapy.","monotherapy for the maintenance treatment of adult patients with platinum-sensitive relapsed high grade serous epithelial ovarian, fallopian tube, or primary peritoneal cancer who are in response (complete or partial) to platinum-based chemotherapy.",neoplasms; diseases of the genitourinary system,30.08.2018,2018,no,na,auspar-niraparib-tosilate-monohydrate-201126.pdf,TGA
273093,pm-2015-04658-1-3,pedea,ibuprofen,emerge health pty ltd,small molecule,intravenous,intravenous,approved,authorised,08.03.2017,2017,yes,yes,treatment of haemodynamically significant patent ductus arteriosus in preterm newborn infants less than 34 weeks of gestational age,treatment of haemodynamically significant patent ductus arteriosus in preterm newborn infants less than 34 weeks of gestational age,diseases of the circulatory system; congenital malformations and chromosomal abnormalities,,,yes,,auspar-ibuprofen-171110.pdf,TGA
"231867, 231868",pm-2017-02209-1-4,opdivo,nivolumab,bristol-myers squibb australia pty. ltd.,biologics,concentrate,intravenous,approved,authorised,17.09.2018,2018,no,yes,"opdivo, as monotherapy is indicated for the treatment of adult patients with hepatocellular carcinoma after prior sorafenib therapy.",hepatocellular carcinoma,neoplasms; diseases of the digestive system,01.08.2017,2017,yes,,auspar-nivolumab-200124.pdf,TGA
,pm-2009-02138-3-5,forteo,teriparatide,eli lilly australia pty ltd,peptides and proteins,solution,subcutaneous,withdrawn,withdrawn,07.09.2010,2010,no,yes,extension of treatment duration for osteoporosis,na,diseases of the musculoskeletal system and connective tissue,,,yes,,auspar-forteo.pdf,TGA
226544,pm-2014-01865-1-4,odomzo,sonidegib,novartis pharmaceuticals australia pty ltd,small molecule,capsule,oral,approved,authorised,06.08.2015,2015,no,no,"treatment of adult patients with locally advanced basal cell carcinoma (bcc) who are not amenable to curative surgery or radiation therapy, and metastatic bcc.","treatment of adult patients with locally advanced basal cell carcinoma (bcc) who are not amenable to curative surgery or radiation therapy, and metastatic bcc.",neoplasms; diseases of the skin,01.09.2014,2014,no,na,auspar-odomzo-191127.pdf,TGA
175499,pm-2010-02400-3-5,trajenta,linagliptin,boehringer ingelheim (australia) pty ltd,small molecule,tablet,oral,approved,authorised,21.10.2011,2011,no,no,"type 2 diabetes mellitus to improve glycaemic control in conjunction with diet and exercise, as add on to metformin, sulphonylureas or metformin plus sulphonylureas.","type 2 diabetes mellitus to improve glycaemic control in conjunction with diet and exercise, as add on to metformin, sulphonylureas or metformin plus sulphonylureas.","endocrine, nutritional, and metabolic diseases",,,no,na,auspar-trajenta.pdf,TGA
"348760, 348761, 348762, 348763",pm-2020-06031-1-4,truseltiq,infigratinib,adjutor healthcare pty ltd,small molecule,capsule,oral,approved,authorised (under additional monitoring),02.11.2021,2021,yes,no,"treatment of adults with previously treated, unresectable locally advanced or metastatic cholangiocarcinoma with a fibroblast growth factor receptor 2 (fgfr2) fusion or other rearrangement.","treatment of adults with previously treated, unresectable locally advanced or metastatic cholangiocarcinoma with a fibroblast growth factor receptor 2 (fgfr2) fusion or other rearrangement.",neoplasms; diseases of the digestive system,04.01.2021,2021,no,na,auspar-truseltiq-221208.pdf,TGA
398631 and 398632,pm-2022-04193-1-4,vegzelma,bevacizumab,celltrion healthcare australia pty ltd,biologics,solution,intravenous,approved,authorised,30.08.2023,2023,no,no,"metastatic colorectal cancer; locally recurrent or metastatic breast cancer; advanced, metastatic or recurrent non-squamous non-small cell lung cancer; advanced and/or metastatic renal cell cancer; grade iv glioma; epithelial ovarian, fallopian tube or primary peritoneal cancer; recurrent epithelial ovarian, fallopian tube or primary peritoneal cancer; cervical cancer","metastatic colorectal cancer; locally recurrent or metastatic breast cancer; advanced, metastatic or recurrent non-squamous non-small cell lung cancer; advanced and/or metastatic renal cell cancer; grade iv glioma; epithelial ovarian, fallopian tube or primary peritoneal cancer; recurrent epithelial ovarian, fallopian tube or primary peritoneal cancer; cervical cancer",neoplasms; diseases of the respiratory system; diseases of the genitourinary system,30.11.2022,2022,no,na,auspar-vegzelma-240222.pdf,TGA
"229941, 230845, 230844",pm-2014-03146-1-4,farydak,panobinostat,novartis pharmaceuticals australia pty ltd,small molecule,capsule,oral,approved,authorised,23.03.2016,2016,yes,no,"treatment of patients with multiple myeloma, who have received at least 1 prior therapy",treatment of adult patients with relapsed and/or refractory multiple myeloma who have received at least two prior regimens including bortezomib and an immunomodulatory agent,neoplasms; diseases of the blood and blood-forming organs,01.12.2014,2014,no,na,auspar-panobinostat-lactate-181022.pdf,TGA
177517; 177708,pm-2010-03182-3-3,glypressin,terlipressin acetate,ferring pharmaceuticals pty ltd,peptides and proteins,powder; solution,intravenous,approved,authorised,11.05.2012,2012,yes,no,treatment of bleeding oesophageal varices,treatment of bleeding oesophageal varices,diseases of the digestive system,,,yes,,auspar-terlipressin-acetate-121126.pdf,TGA
373839 and 374310,pm-2021-03952-1-2,ronapreve,casirivimab/imdevimab,roche products pty limited,biologics,solution,intravenous; subcutaneous,approved,authorised,15.10.2021,2021,no,no,treatment and prevention of covid-19 in certain adults and adolescents,treatment and prevention of covid-19 in adults and adolescents who do not require supplemental oxygen and are at increased risk of severe covid-19,infectious and parasitic diseases; diseases of the respiratory system,31.08.2021,2021,yes,,auspar-casirivimab-imdevimab-211025.pdf,TGA
"310778, 310779, 310780, 310781",pm-2018-04291-1-4,lorviqua,lorlatinib,pfizer australia pty ltd,small molecule,tablet,oral,approved,authorised (under additional monitoring),11.11.2019,2019,no,no,treatment of patients with anaplastic lymphoma kinase (alk) positive advanced non-small cell lung cancer (nsclc) previously treated with one or more alk tyrosine kinase inhibitors (tkis),treatment of patients with anaplastic lymphoma kinase (alk) positive advanced non-small cell lung cancer (nsclc) whose disease has progressed on: crizotinib and at least one other alk inhibitor; or alectinib as the first alk inhibitor therapy; or ceritinib as the first alk inhibitor therapy,neoplasms; diseases of the respiratory system,30.11.2018,2018,no,na,auspar-lorlatinib-200221.pdf,TGA
aust r 149004 and aust r 148981,pm-2010-02793-3-2,synflorix,pneumococcal polysaccharide conjugate vaccine,glaxosmithkline pty ltd,vaccine,solution,intramuscular,approved,authorised,13.03.2012,2012,no,yes,"active immunisation of infants and children from age of 6 weeks to 5 years against disease caused by streptococcus pneumonia serotypes 1, 4, 5, 6b, 7f, 9v, 14, 18c, 19f and 23f (including invasive disease, pneumonia and acute otitis media).","active immunisation of infants and children from the age of 6 weeks up to 5 years against disease caused by streptococcus pneumonia serotypes 1, 4, 5, 6b, 7f, 9v, 14, 18c, 19f and 23f (including invasive disease, pneumonia and acute otitis media).",infectious and parasitic diseases; diseases of the respiratory system,,,yes,,auspar-pneumococcal-polysaccharide-vaccine-121022-1.pdf,TGA
"292237, 292238 and 281035",pm-2020-04870-1-2,influvac tetra,influenza virus haemagglutinin,viatris pty ltd,vaccine,suspension,intramuscular;subcutaneous,approved,authorised,15.09.2021,2021,no,yes,"for the prevention of influenza caused by influenza virus, types a and b.","for the prevention of influenza caused by influenza virus, types a and b.",infectious and parasitic diseases; diseases of the respiratory system,02.11.2020,2020,yes,,auspar-influenza-virus-haemagglutinin-220325.pdf,TGA
"169890, 169896, 169897",pm-2010-00401-3-1,"gilenya, fynefta & filosir",fingolimod,novartis pharmaceuticals australia pty limited,small molecule,capsule,oral,approved,authorised,19.01.2011,2011,no,no,treatment of patients with relapsing multiple sclerosis to reduce the frequency of relapses and to delay the progression of disability.,treatment of relapsing remitting multiple sclerosis and secondary progressive multiple sclerosis with superimposed relapses to delay the progression of physical disability and reduce the frequency of relapse.,diseases of the nervous system,,,no,na,auspar-gilenya.pdf,TGA
"159322, 159323",pm-2017-01353-1-5,prolia,denosumab,amgen australia pty ltd,biologics,solution,subcutaneous,approved,authorised,15.06.2018,2018,no,yes,treatment of osteoporosis associated with sustained systemic glucocorticoid therapy in women and men at increased risk of fracture.,treatment to increase bone mass in women and men at increased risk of fracture due to long-term systemic glucocorticoid therapy.,diseases of the musculoskeletal system and connective tissue,01.06.2017,2017,yes,,auspar-denosumab-190213.pdf,TGA
175499,pm-2012-01168-3-5,trajenta,linagliptin,boehringer ingelheim pty ltd,small molecule,tablet,oral,approved,authorised,09.05.2013,2013,no,yes,to improve glycaemic control in adult patients with type 2 diabetes mellitus,"to improve glycaemic control in adult patients with type 2 diabetes mellitus as monotherapy when metformin and sulfonylureas are not tolerated, or are contraindicated, or as add on to metformin, sulphonylureas or metformin plus sulphonylureas, or to insulin (with or without metformin).","endocrine, nutritional, and metabolic diseases",,,yes,,auspar-linagliptin-130926.pdf,TGA
"82507, 82505, 82503, 99016",pm-2011-03524-3-2,vfend,voriconazole,pfizer australia pty ltd,small molecule,tablet; powder,oral; intravenous,approved,authorised,11.01.2012,2012,no,yes,prophylaxis against development of invasive fungal infections (ifi) in high risk patients such as haematopoietic stem cell transplant (hsct) recipients.,prophylaxis in patients who are at high risk of developing invasive fungal infections. the indication is based on studies including patients undergoing haematopoietic stem cell transplantation.,infectious and parasitic diseases; diseases of the blood and blood-forming organs,,,yes,,auspar-voriconazole-130521.pdf,TGA
379333; 379332; 379334; 382625; 379330; 379331; 407050; 407051; 407052; 407053; 407054; 407055; 439430; 439690; 439691; 439692; 439693; 439694,pm-2023-03723-1-5,mounjaro,tirzepatide,eli lilly australia pty ltd,peptides and proteins,solution,subcutaneous,approved,authorised,09.09.2024,2024,no,yes,chronic weight management,chronic weight management,"endocrine, nutritional, and metabolic diseases",03.10.2023,2023,no,na,auspar-mounjaro-240920.pdf,TGA
123609; 123610,pm-2011-01931-3-5,byetta,exenatide,bristol-myers squibb australia pty ltd,peptides and proteins,solution,subcutaneous,approved,authorised,07.09.2012,2012,no,yes,"to improve glycaemic control in patients with type 2 diabetes mellitus in combination with a basal insulin, with or without metformin and/or a thiazolidinedione.","exenatide is indicated as adjunctive therapy to improve glycaemic control in patients with type 2 diabetes mellitus who are taking metformin, a sulfonylurea, or a combination of metformin and a sulfonylurea, or a combination of metformin and a basal insulin, but are not achieving adequate glycaemic control.","endocrine, nutritional, and metabolic diseases",,,yes,,auspar-exenatide-130603.pdf,TGA
"236110, 236108, 236109",pm-2015-00423-1-3,ranexa,ranolazine,a menarini australia pty ltd,small molecule,tablet,oral,approved,authorised,12.05.2016,2016,no,no,add-on therapy for the symptomatic treatment of patients with stable angina pectoris who are inadequately controlled or intolerant to first-line anti-angina therapies.,add-on therapy for the symptomatic treatment of stable angina pectoris in patients taking maximum tolerated doses of a beta-blocker or a calcium channel blocker and have inadequate symptom control.,diseases of the circulatory system,29.05.2015,2015,no,na,auspar-ranolazine-180220.pdf,TGA
,pm-2008-1737-1,zeldox im,ziprasidone,pfizer australia pty ltd,small molecule,powder,intramuscular,approved,authorised,28.10.2009,2009,no,no,for acute treatment and short term management of agitation and disturbed behaviour in patients with schizophrenia and related psychoses when oral therapy is not appropriate,for acute treatment and short term management of agitation and disturbed behaviour in patients with schizophrenia and related psychoses when oral therapy is not appropriate,mental and behavioural disorders,31.10.2000,2000,no,na,auspar-zeldoxim.pdf,TGA
128136,pm-2018-00306-1-3,inomax,nitric oxide,ikaria australia pty ltd,small molecule,gas,inhalation,approved,authorised,30.04.2019,2019,no,yes,"as part of the treatment of patients with peri- and post-operative pulmonary hypertension in conjunction with heart surgery, to selectively decrease pulmonary arterial pressure and improve right ventricular function and oxygenation.","as part of the treatment of patients with peri- and post-operative pulmonary hypertension in conjunction with heart surgery, to selectively decrease pulmonary arterial pressure and improve right ventricular function and oxygenation.",diseases of the circulatory system,30.04.2018,2018,yes,,auspar-nitric-oxide-191128.pdf,TGA
"339992, 339993, 339994",pm-2020-03566-1-3,verquvo,vericiguat,bayer australia ltd,small molecule,tablet,oral,approved,authorised (under additional monitoring),10.11.2021,2021,no,no,treatment of symptomatic chronic heart failure in adult patients with reduced ejection fraction less than 45% who had a previous worsening heart failure event,treatment of symptomatic chronic heart failure in adult patients with reduced ejection fraction less than 45% who are stabilised after a recent heart failure decompensation event requiring admission and/or iv diuretic therapy,diseases of the circulatory system,13.08.2020,2020,no,na,auspar-verquvo-220707.pdf,TGA
"149402, 149403, 149404",pm-2010-03070-3-3,actemra,tocilizumab,roche products pty ltd,biologics,solution,intravenous,approved,authorised,31.10.2011,2011,no,yes,treatment of active systemic juvenile idiopathic arthritis in patients 2 years of age and older.,treatment of active systemic juvenile idiopathic arthritis in patients 2 years of age and older.,diseases of the musculoskeletal system and connective tissue,,,yes,,auspar-actemra-111215.pdf,TGA
160465,pm-2009-00539-3-5,visanne,dienogest,bayer australia ltd,small molecule,tablet,oral,approved,authorised,25.05.2010,2010,no,yes,for the treatment of endometriosis,for the treatment of endometriosis,diseases of the genitourinary system,,,no,na,auspar-visanne.pdf,TGA
"233470, 233471",pm-2014-03871-1-2,actair initiation treatment and actair continuation treatment,american house dust mite / european house dust mite,stallergenes australia pty ltd,biologics,tablet,sublingual,approved,authorised,05.04.2016,2016,no,yes,treatment of house dust mite allergic rhinitis with or without conjunctivitis in adults and adolescents and children (above the age of 5) diagnosed with house dust mite allergy,treatment of house dust mite allergic rhinitis with or without conjunctivitis in adults and adolescents over 12 years diagnosed with house dust mite allergy,diseases of the respiratory system,,,yes,,auspar-american-house-dust-mite-european-house-dust-mite-170809.pdf,TGA
313780,pm-2019-00113-1-5,cequa,ciclosporin,sun pharma anz pty ltd,peptides and proteins,drops,ocular,approved,authorised (under additional monitoring),28.01.2020,2020,no,yes,cequa is indicated to increase tear production in patients with keratoconjunctivitis sicca (dry eye).,cequa is indicated to increase tear production in patients with moderate to severe keratoconjunctivitis sicca (dry eye) where prior use of artificial tears has not been sufficient.,diseases of the eye and adnexa,28.02.2019,2019,no,na,auspar-ciclosporin-200424.pdf,TGA
253893 and 253892,pm-2017-02078-1-3,taltz,ixekizumab,eli lilly australia pty ltd,biologics,solution,subcutaneous,approved,authorised (under additional monitoring),22.06.2018,2018,no,yes,"treatment of active psoriatic arthritis in adult patients who have responded inadequately, or who are intolerant, to previous dmard therapy.","treatment of active psoriatic arthritis in adult patients who have responded inadequately, or who are intolerant, to previous dmard therapy.",diseases of the musculoskeletal system and connective tissue; diseases of the skin,31.08.2017,2017,yes,,auspar-ixekizumab-181119.pdf,TGA
"203131, 203132",pm-2012-03466-1-5,dymista/dylastine,fluticasone propionate and azelastine hydrochloride,meda pharmaceuticals pty ltd,small molecule,spray,nasal,approved,authorised,16.12.2013,2013,no,no,symptomatic treatment of moderate to severe allergic rhinitis and rhino-conjunctivitis in adults and children 12 years and older where use of a combination (nasal antihistamine and glucocorticoid) is appropriate.,symptomatic treatment of moderate to severe allergic rhinitis and rhino-conjunctivitis in adults and children 12 years and older where use of a combination (nasal antihistamine and glucocorticoid) is appropriate.,diseases of the respiratory system; diseases of the eye and adnexa,,,no,na,auspar-fluticasone-propionate-140724.pdf,TGA
,,genotropin,somatropin,pfizer australia,peptides and proteins,powder,subcutaneous,approved,authorised,19.12.2009,2009,yes,no,,short stature due to decreased or failed secretion of pituitary growth hormone; treatment of adults with severe growth hormone deficiency; growth disturbances associated with turner syndrome; improvement of body composition and treatment of short stature associated with prader-willi syndrome in paediatric patients; treatment of growth disturbance in children with chronic renal insufficiency,"endocrine, nutritional, and metabolic diseases; congenital malformations and chromosomal abnormalities",,,yes,,auspar-somatropin.pdf,TGA
339070,pm-2020-02915-1-5,breztri aerosphere,budesonide / glycopyrronium / formoterol,astrazeneca pty ltd,small molecule,inhaler,inhalation,approved,authorised,16.07.2021,2021,no,no,maintenance treatment to prevent exacerbations and relieve symptoms in adults with copd who require treatment with lama+laba+ics,"maintenance treatment to prevent exacerbations and relieve symptoms in adults with moderate, severe, or very severe chronic obstructive pulmonary disease (copd) who require treatment with a combination of an inhaled corticosteroid (ics), a long-acting β2-agonist (laba), and a long-acting muscarinic antagonist (lama).",diseases of the respiratory system,31.07.2020,2020,no,na,auspar-budesonide-glycopyrronium-formoterol-220414.pdf,TGA
181185 and 181186,pm-2012-01179-3-3,xarelto,rivaroxaban,bayer australia ltd,small molecule,tablet,oral,approved,authorised,27.06.2013,2013,no,yes,treatment of pulmonary embolism,treatment of pulmonary embolism,diseases of the circulatory system,,,yes,,auspar-rivaroxaban-131002.pdf,TGA
aust r 176602,pm-2010-02939-3-5,samsca,tolvaptan,orphan australia pty ltd,small molecule,tablet,oral,approved,authorised,15.03.2012,2012,yes,no,"treatment of clinically significant dilutional hyponatremia including patients with heart failure, cirrhosis, and syndrome of inappropriate antidiuretic hormone (siadh).",treatment of clinically significant hypervolemic or euvolemic hyponatremia including patients with heart failure and syndrome of inappropriate antidiuretic hormone (siadh).,"diseases of the blood and blood-forming organs; diseases of the circulatory system; endocrine, nutritional, and metabolic diseases",,,no,na,auspar-tolvaptan-121004.pdf,TGA
,pm-2009-00795-3-5,ozurdex,dexamethasone,allergan australia pty ltd,biologics,implant,ocular,withdrawn,withdrawn,12.07.2011,2011,no,yes,treatment of adult patients with macular oedema due to either central retinal vein occlusion (crvo) or branch retinal vein occlusion (brvo).,na,diseases of the eye and adnexa,,,yes,,auspar-ozurdex.pdf,TGA
215632,pm-2013-02751-1-3-2,carbaglu,carglumic acid,emerge health pty ltd,small molecule,tablet,oral,approved,authorised,30.01.2015,2015,yes,no,"hyperammonaemia due to n-acetylglutamate synthase primary deficiency; hyperammonaemia due to organic acidaemias such as isovaleric acidaemia, methymalonic acidaemia, propionic acidaemia","hyperammonaemia due to n-acetylglutamate synthase primary deficiency; hyperammonaemia due to organic acidaemias such as isovaleric acidaemia, methymalonic acidaemia, propionic acidaemia","endocrine, nutritional, and metabolic diseases",12.02.2015,2015,yes,,auspar-carglumic-acid-150902.pdf,TGA
"74124, 170651, 235282",pm-2019-02645-1-1,dysport,clostridium botulinum type a toxin - haemagglutinin complex,ipsen australia pty ltd,biologics,powder,intramuscular,approved,authorised,14.07.2020,2020,no,yes,for symptomatic treatment of focal spasticity of upper limbs in children aged 2 years and older.,for symptomatic treatment of focal spasticity of upper limbs in children aged 2 years and older.,diseases of the nervous system; congenital malformations and chromosomal abnormalities,31.07.2019,2019,yes,,auspar-clostridium-botulinum-type-a-toxin-haemagglutinin-complex-210408.pdf,TGA
"211294, 211295, 211296",pm-2013-01515-1-5,xigduo xr,dapagliflozin; metformin,astrazeneca pty ltd,small molecule,tablet,oral,approved,authorised,11.07.2014,2014,no,no,as an adjunct to diet and exercise to improve glycaemic control in adults with type 2 diabetes mellitus when treatment with both dapagliflozin and metformin is appropriate.,as an adjunct to diet and exercise to improve glycaemic control in adults with type 2 diabetes mellitus when treatment with both dapagliflozin and metformin is appropriate.,"endocrine, nutritional, and metabolic diseases",,,no,na,auspar-dapagliflozin-propanediol-monohydrate-141217.pdf,TGA
325682,pm-2019-04826-1-2,menquadfi,"meningococcal (groups a, c, y, w) polysaccharide tetanus toxoid conjugate vaccine",sanofi-aventis australia pty ltd,vaccine,solution,intramuscular,approved,authorised (under additional monitoring),27.10.2020,2020,no,no,"active immunisation for the prevention of invasive meningococcal disease caused by neisseria meningitidis serogroups a, c, w and y.","active immunisation for the prevention of invasive meningococcal disease caused by neisseria meningitidis serogroups a, c, w and y.",infectious and parasitic diseases,02.12.2019,2019,no,na,auspar-meningococcal-groups-a-c-y-w-polysaccharide-tetanus-toxoid-conjugate-vaccine-210317.pdf,TGA
243872; 243873,pm-2015-01556-1-1,zinbryta,daclizumab,biogen australia pty ltd,biologics,solution,subcutaneous,approved,authorised,20.09.2016,2016,no,no,treatment of relapsing forms of multiple sclerosis (ms),treatment of relapsing forms of multiple sclerosis (ms) to delay the progression of physical disability and to reduce the frequency of relapse,diseases of the nervous system,,,no,na,auspar-daclizumab-170504.pdf,TGA
,pm-2010-02389-3-5,byetta and bydureon,exenatide,eli lilly australia pty ltd,peptides and proteins,solution; powder,subcutaneous,approved,authorised,06.12.2012,2012,no,yes,"to improve glycaemic control in patients with type 2 diabetes mellitus who are taking metformin, a sulfonylurea, or a combination of metformin and a sulfonylurea but are not achieving adequate glycaemic control.","to improve glycaemic control in patients with type 2 diabetes mellitus who are taking metformin, a sulfonylurea, or a combination of metformin and a sulfonylurea but are not achieving adequate glycaemic control.","endocrine, nutritional, and metabolic diseases",,,no,na,auspar-exenatide-130205-1.pdf,TGA
172882,pm-2010-01829-3-3,adcirca,tadalafil,eli lilly australia pty ltd,small molecule,tablet,oral,approved,authorised,05.08.2011,2011,yes,yes,adcirca is indicated for the treatment of pulmonary arterial hypertension (pah) classified as who functional class ii and iii to improve exercise capacity. efficacy has been shown in idiopathic pah (ipah) and in pah related to collagen vascular disease.,"adcirca is indicated in adults for the treatment of pulmonary arterial hypertension (pah) classified as who functional class ii and iii, to improve exercise capacity. efficacy has been shown in idiopathic pah (ipah) and in pah related to collagen vascular disease.",diseases of the circulatory system,,,yes,,auspar-adcirca.pdf,TGA
172244 (2.5 mg) and 193474 (5 mg),pm-2011-03165-3-3,eliquis,apixaban,bristol-myers squibb australia pty ltd,small molecule,tablet,oral,approved,authorised,29.04.2013,2013,no,yes,"reduce the risk of stroke, systemic embolism, and death in patients with non-valvular atrial fibrillation with at least one additional risk factor for stroke.",prevention of stroke and systemic embolism in patients with non-valvular atrial fibrillation and at least one additional risk factor for stroke.,diseases of the circulatory system,,,no,na,auspar-apixaban-130621.pdf,TGA
"90456, 107316, 124421, 124422, 157627",pm-2012-04135-1-3,enbrel,etanercept,pfizer australia pty ltd,biologics,powder; diluent; solution,injection,approved,authorised,12.02.2014,2014,no,yes,juvenile idiopathic arthritis,juvenile idiopathic arthritis,diseases of the musculoskeletal system and connective tissue,06.02.2013,2013,yes,,auspar-etanercept-140424.pdf,TGA
"393999, 394000, 394001, 394002, 394003",,sohonos,palovarotene,ipsen pty ltd,small molecule,capsule,oral,approved,authorised (under additional monitoring),27.11.2023,2023,yes,no,to reduce the formation of heterotopic ossification in adults and children aged 8 years and above for females and 10 years and above for males with fibrodysplasia ossificans progressiva (fop).,to reduce the formation of heterotopic ossification in adults and children aged 8 years and above for females and 10 years and above for males with fibrodysplasia ossificans progressiva (fop).,diseases of the musculoskeletal system and connective tissue; congenital malformations and chromosomal abnormalities,30.09.2022,2022,no,na,auspar-sohonos-240813.pdf,TGA
201509,pm-2012-02740-3-2,besivance,besifloxacin hydrochloride,bausch & lomb (australia) pty ltd,small molecule,suspension,ocular,approved,authorised,29.10.2013,2013,no,no,treatment of bacterial conjunctivitis caused by susceptible isolates of specific bacteria,"treatment of severe, confirmed bacterial conjunctivitis caused by besifloxacin sensitive bacteria",diseases of the eye and adnexa; infectious and parasitic diseases,,,no,na,auspar-besifloxacin-hydrochloride-140203.pdf,TGA
"217964, 217965",pm-2013-03639-1-5,trulicity,dulaglutide,eli lilly australia pty ltd,biologics,solution,subcutaneous,approved,authorised,22.12.2014,2014,no,no,as an adjunct to diet and exercise to improve glycaemic control in adults with type 2 diabetes mellitus,as an adjunct to diet and exercise to improve glycaemic control in adults with type 2 diabetes mellitus,"endocrine, nutritional, and metabolic diseases",,,no,na,auspar-dulaglutide-rch-150727.pdf,TGA
"220889, 220890, 220892, 220886, 220893, 220888, 220894, 220887 and 220891",pm-2013-04961-1-3,renvela / sevelamer carbonate winthrop/ sevelamer carbonate sanofi,sevelamer carbonate,sanofi aventis australia pty ltd,other,tablet; powder,oral,approved,authorised,14.04.2015,2015,no,no,the management of hyperphosphataemia in adult patients with stage 4 and 5 chronic kidney disease.,the management of hyperphosphataemia in adult patients with stage 4 and 5 chronic kidney disease.,"endocrine, nutritional, and metabolic diseases",,,yes,,auspar-sevelamer-carbonate-151002.pdf,TGA
165621,dk/h/1306/01/dc,sancuso,granisetron,invida australia pty ltd,small molecule,patch,transdermal,approved,authorised,02.03.2011,2011,no,no,the prevention of nausea and vomiting in patients receiving moderately and/or highly emetogenic chemotherapy regimens of up to 5 consecutive days duration.,the prevention of nausea and vomiting in patients receiving moderately and/or highly emetogenic chemotherapy regimens of up to 5 consecutive days duration.,neoplasms,,,no,na,auspar-sancuso.pdf,TGA
222744,pm-2014-00648-1-2,sunvepra,asunaprevir,bristol-myers squibb australia pty ltd,small molecule,capsule,oral,approved,authorised,21.05.2015,2015,no,no,treatment of chronic hepatitis c virus (hcv) infection in adults with compensated liver disease (including cirrhosis),treatment of chronic hepatitis c virus (hcv) infection in adults with compensated liver disease (including cirrhosis),infectious and parasitic diseases,,,no,na,auspar-asunaprevir-151214.pdf,TGA
308832,pm-2018-03515-1-2,uvadex,methoxsalen,terumo bct australia pty ltd,small molecule,concentrate,extracorporeal circulation,approved,authorised (under additional monitoring),13.09.2019,2019,yes,no,treatment of steroid-refractory graft versus host disease (gvhd) following allogeneic hsc transplantation.,treatment of steroid-refractory and steroid-intolerant chronic graft versus host disease (cgvhd) in adults following allogeneic hsc transplantation.,diseases of the blood and blood-forming organs,28.09.2018,2018,no,na,auspar-methoxsalen-191114.pdf,TGA
73229,pm-2009-03121,herceptin,trastuzumab,roche products pty ltd,biologics,powder,intravenous,approved,authorised,17.09.2010,2010,no,yes,her2 positive advanced adenocarcinoma of the stomach or gastro-oesophageal junction,in combination with cisplatin and either capecitabine or 5-fu for the treatment of patients with her2 positive advanced adenocarcinoma of the stomach or gastro-oesophageal junction who have not received prior anti-cancer treatment for their metastatic disease.,neoplasms; diseases of the digestive system,,,yes,,auspar-herceptin.pdf,TGA
"226557, 226558, 226559, 226560, 226561",pm-2014-01922-1-1,nuvigil,armodafinil,teva pharmaceuticals australia pty ltd,small molecule,tablet,oral,approved,authorised,24.11.2015,2015,no,no,to improve wakefulness in patients with excessive daytime sleepiness associated with narcolepsy; to treat excessive sleepiness associated with moderate to severe chronic shift work sleep disorder where nonpharmacological interventions are unsuccessful or inappropriate; as an adjunct to continuous positive airways pressure (cpap) in obstructive sleep apnoea/hypopnoea syndrome in order to improve wakefulness.,to improve wakefulness in patients with excessive daytime sleepiness associated with narcolepsy; to treat excessive sleepiness associated with moderate to severe chronic shift work sleep disorder where nonpharmacological interventions are unsuccessful or inappropriate; as an adjunct to continuous positive airways pressure (cpap) in obstructive sleep apnoea/hypopnoea syndrome in order to improve wakefulness.,diseases of the nervous system; diseases of the respiratory system,,,no,na,auspar-armodafinil-160526.pdf,TGA
297214,pm-2017-04578-1-2,kozenis,tafenoquine,glaxosmithkline australia pty ltd,small molecule,tablet,oral,approved,authorised (under additional monitoring),12.09.2018,2018,yes,no,radical cure (prevention of relapse) of plasmodium vivax malaria in patients aged 16 years and older.,radical cure (prevention of relapse) of plasmodium vivax malaria in patients aged 16 years and older who are receiving appropriate antimalarial therapy for the acute plasmodium vivax infection.,infectious and parasitic diseases,11.01.2018,2018,no,na,auspar-tafenoquine-as-succinate-181115.pdf,TGA
220423,pm-2013-04920-1-3,otezla,apremilast,celgene pty ltd,small molecule,tablet,oral,approved,authorised,12.03.2015,2015,no,no,the treatment of signs and symptoms of active psoriatic arthritis in adult patients; the treatment of adult patients with moderate to severe plaque psoriasis who are candidates for phototherapy or systemic therapy.,the treatment of signs and symptoms of active psoriatic arthritis in adult patients; the treatment of adult patients with moderate to severe plaque psoriasis who are candidates for phototherapy or systemic therapy.,diseases of the musculoskeletal system and connective tissue; diseases of the skin,,,no,na,auspar-apremilast-151022.pdf,TGA
aust r 180859 and aust r 180860,pm-2010-03802-3-5,eylea,aflibercept,bayer australia limited,biologics,solution,intravitreal,approved,authorised,17.02.2012,2012,no,no,treatment of neovascular (wet) age-related macular degeneration (amd),treatment of neovascular (wet) age-related macular degeneration (amd),diseases of the eye and adnexa,,,no,na,auspar-aflibercept-120730.pdf,TGA
318800 ; 318801,pm-2019-02397-1-1,zeposia,ozanimod hydrochloride,celgene pty ltd,small molecule,capsule,oral,approved,authorised (under additional monitoring),16.07.2020,2020,no,no,treatment of adult patients with relapsing forms of multiple sclerosis,treatment of adult patients with relapsing forms of multiple sclerosis,diseases of the nervous system,31.07.2019,2019,no,na,auspar-ozanimod-hydrochloride-201125.pdf,TGA
"226065, 226066, 226067, 226068",pm-2014-01847-1-4,ofev and vargatef,nintedanib esilate,boehringer ingelheim pty ltd,small molecule,capsule,oral,approved,authorised,27.08.2015,2015,no,no,"treatment of patients with locally advanced, metastatic or recurrent non-small cell lung cancer (nsclc) of adenocarcinoma tumour histology after first line chemotherapy; treatment of idiopathic pulmonary fibrosis (ipf)","treatment of patients with locally advanced, metastatic or recurrent non-small cell lung cancer (nsclc) of adenocarcinoma tumour histology after failure of first line chemotherapy; treatment of idiopathic pulmonary fibrosis (ipf)",neoplasms; diseases of the respiratory system,,,no,na,auspar-nintedanib-esilate-160208.pdf,TGA
204371,pm-2012-03754-1-4,novoeight,turoctocog alfa,novo nordisk pharmaceuticals pty ltd,biologics,powder,intravenous,approved,authorised,08.01.2014,2014,yes,yes,"treatment and prophylaxis of bleeding episodes in patients with haemophilia a, including control and prevention of bleeding in surgical settings.","treatment and prophylaxis of bleeding episodes in patients with haemophilia a, including control and prevention of bleeding in surgical settings.",diseases of the blood and blood-forming organs,04.09.2012,2012,no,na,auspar-turoctocog-140507.pdf,TGA
123158,pm-2013-02057-1-4,nexavar,sorafenib,bayer australia ltd,small molecule,tablet,oral,approved,authorised,22.04.2014,2014,yes,yes,"the treatment of patients with locally advanced or metastatic, progressive, differentiated thyroid carcinoma refractory to radioactive iodine.","differentiated thyroid carcinoma: nexavar is indicated for the treatment of patients with locally advanced or metastatic, progressive, differentiated thyroid carcinoma refractory to radioactive iodine.","neoplasms; endocrine, nutritional, and metabolic diseases",06.03.2013,2013,yes,,auspar-sorafenib-140806.pdf,TGA
"293333, 293334, 293335 and 293336",pm-2017-03119-1-3,kevzara,sarilumab,sanofi-aventis australia pty ltd,biologics,solution,subcutaneous,approved,authorised (under additional monitoring),12.09.2018,2018,no,no,treatment of moderate to severe active rheumatoid arthritis in adult patients who have had an inadequate response or intolerance to one or more dmards.,treatment of moderate to severe active rheumatoid arthritis in adult patients who have had an inadequate response or intolerance to one or more dmards.,diseases of the musculoskeletal system and connective tissue,29.09.2017,2017,no,na,auspar-sarilumab-rch-190408.pdf,TGA
330601 and 330617,pm-2020-00666-1-1,kesimpta,ofatumumab,novartis pharmaceuticals australia pty ltd,biologics,solution,subcutaneous,approved,authorised (under additional monitoring),03.03.2021,2021,no,yes,treatment of adult patients with relapsing forms of multiple sclerosis (rms).,treatment of adult patients with relapsing forms of multiple sclerosis (rms) to delay the progression of physical disability and reduce the frequency of relapse.,diseases of the nervous system,30.03.2020,2020,no,na,auspar-ofatumumab-210624.pdf,TGA
417266,pm-2023-03314-1-2,comirnaty original/omicron ba.4-5,tozinameran/famtozinameran,pfizer australia pty ltd,vaccine,suspension,intramuscular,approved,authorised,09.05.2024,2024,no,yes,"as a booster dose for active immunisation to prevent coronavirus disease 2019 (covid-19) caused by sars-cov-2, in individuals 6 months of age and older.","active immunisation to prevent coronavirus disease 2019 (covid-19) caused by sarscov-2, in individuals 6 months of age and older.",infectious and parasitic diseases,16.08.2023,2023,no,na,auspar-comirnaty-original-omicron-ba45-240912.pdf,TGA
"346198, 346199 and 346200",pm-2020-03921-1-5,rybelsus,semaglutide,novo nordisk pharmaceuticals pty ltd,biologics,tablet,oral,approved,authorised (under additional monitoring),04.02.2022,2022,no,no,the treatment of adults with insufficiently controlled type 2 diabetes mellitus as an adjunct to diet and exercise,the treatment of adults with insufficiently controlled type 2 diabetes mellitus as an adjunct to diet and exercise,"endocrine, nutritional, and metabolic diseases",02.11.2020,2020,no,na,auspar-rybelsus-20221027.pdf,TGA
336970,pm-2020-02488-1-2,kamrab,rabies immunoglobulin,link medical products pty ltd,biologics,solution,intramuscular,approved,authorised (under additional monitoring),11.08.2021,2021,no,no,"passive, transient post-exposure prophylaxis (pep) of rabies infection, when given immediately after contact with a rabid or possibly rabid animal.","passive, transient post-exposure prophylaxis (pep) of rabies infection, when given immediately after contact with a rabid or possibly rabid animal.",infectious and parasitic diseases,30.06.2020,2020,no,na,auspar-rabies-immunoglobulin-220110.pdf,TGA
"399552, 399553, 406730",pm-2023-01714-1-2,spikevax bivalent original/omicron ba.4-5,elasomeran and davesomeran,moderna australia pty ltd,vaccine,suspension,intramuscular,approved,authorised,14.08.2023,2023,no,no,as a booster dose for active immunisation to prevent coronavirus disease 2019 (covid-19) caused by sars-cov-2 in individuals 12 years of age and older who have previously received at least a primary vaccination course against covid-19.,as a booster dose for active immunisation to prevent coronavirus disease 2019 (covid-19) caused by sars-cov-2 in individuals 12 years of age and older who have previously received at least a primary vaccination course against covid-19.,infectious and parasitic diseases,04.05.2023,2023,yes,,auspar-spikevax-original-omicron-ba.4-5-230907.pdf,TGA
"197680, 197688, 197689, 197690, 197691, 197692",pm-2012-00804-3-1,instanyl,fentanyl citrate,takeda pharmaceuticals australia pty ltd,small molecule,spray,nasal,approved,authorised,03.06.2013,2013,no,no,management of breakthrough pain in patients already receiving maintenance opioid therapy for chronic cancer pain,management of breakthrough pain in adults already receiving maintenance opioid therapy for chronic cancer pain,neoplasms,,,no,na,auspar-fentanyl-citrate-131111.pdf,TGA
"160106, 160108, 160107",pm-2009-00676-3-4,nivestim,filgrastim,hospira pty ltd,biologics,solution,subcutaneous; intravenous,approved,authorised,13.09.2010,2010,no,no,to decrease the incidence of infection in patients with non-myeloid malignancies receiving myelosuppressive anti-cancer drugs; for reducing the duration of neutropenia in patients undergoing chemotherapy for acute myeloid leukaemia; for the mobilisation of peripheral blood progenitor cells; for reducing the duration of neutropenia following bone marrow transplantation; for chronic administration to increase neutrophil counts in patients with severe chronic neutropenia; in patients with hiv infection for reversal of neutropenia.,to decrease the incidence of infection in patients with non-myeloid malignancies receiving myelosuppressive anti-cancer drugs; for reducing the duration of neutropenia in patients undergoing chemotherapy for acute myeloid leukaemia; for the mobilisation of peripheral blood progenitor cells; for reducing the duration of neutropenia following bone marrow transplantation; for chronic administration to increase neutrophil counts in patients with severe chronic neutropenia; in patients with hiv infection for reversal of neutropenia.,neoplasms; diseases of the blood and blood-forming organs; infectious and parasitic diseases,,,no,na,auspar-nivestim.pdf,TGA
179059,pm-2010-03273-3-2,victrelis,boceprevir,merck sharp & dohme (australia) pty ltd,small molecule,capsule,oral,approved,authorised,22.12.2011,2011,no,no,"treatment of chronic hepatitis c (hcv) genotype 1 infection, in combination with peginterferon alpha and ribavirin, in adult patients with compensated liver disease who are previously untreated or who have failed previous therapy.","treatment of chronic hepatitis c (hcv) genotype 1 infection, in combination with peginterferon alpha and ribavirin, in adult patients with compensated liver disease who are previously untreated or who have failed previous therapy.",infectious and parasitic diseases,,,no,na,auspar-boceprevir-120423.pdf,TGA
"181185, 181186",pm-2010-03901-3-3,xarelto,rivaroxaban,bayer australia ltd,small molecule,tablet,oral,approved,authorised,03.04.2012,2012,no,yes,prevention of stroke and systemic embolism in patients with non valvular atrial fibrillation; treatment of deep vein thrombosis (dvt) and for the prevention of recurrent dvt and pulmonary embolism (pe),prevention of stroke and systemic embolism in patients with non valvular atrial fibrillation; treatment of deep vein thrombosis (dvt) and for the prevention of recurrent dvt and pulmonary embolism (pe),diseases of the circulatory system,,,no,na,auspar-rivaroxaban-120913.pdf,TGA
,pm-2007-3666-2,cayston,aztreonam,gilead sciences pty ltd,small molecule,inhaler,inhalation,approved,authorised,02.02.2010,2010,yes,no,"control of gram-negative bacteria, particularly pseudomonas aeruginosa, in the respiratory tract of patients with cystic fibrosis.","control of gram-negative bacteria, particularly pseudomonas aeruginosa, in the respiratory tract of patients with cystic fibrosis.",infectious and parasitic diseases; diseases of the respiratory system,,,no,na,auspar-cayston.pdf,TGA
167943 and 167949,pm-2009-03929-3-2,aflunov/prepandemic h5n1 adjuvanted influenza vaccine,influenza virus haemagglutinin h5n1,novartis vaccines and diagnostics,vaccine,solution,intramuscular;deep subcutaneous,approved,authorised,16.03.2011,2011,no,no,active immunisation against h5n1 subtype of influenza a virus,active immunisation against a/vietnam/1194 2004 (h5n1) like strain (nibrg-14) subtype of influenza a virus,infectious and parasitic diseases,,,yes,,auspar-aflunov.pdf,TGA
"227125, 227242",pm-2014-01877-1-2,soolantra and vastreka,ivermectin,galderma australia pty ltd,small molecule,cream,topical,approved,authorised,09.09.2015,2015,no,yes,topical treatment of inflammatory lesions of rosacea (papulo-pustular) in adult patients 18 years and over.,topical treatment of inflammatory lesions of rosacea (papulo-pustular) in adult patients 18 years and over.,diseases of the skin,,,no,na,auspar-ivermectin-151209.pdf,TGA
,pm-2008-2254-4,firmagon,degarelix,ferring pharmaceuticals pty ltd,peptides and proteins,powder,subcutaneous,approved,authorised,16.02.2010,2010,no,no,treatment of patients with prostate cancer in whom androgen deprivation therapy is warranted.,treatment of patients with prostate cancer in whom androgen deprivation therapy is warranted.,neoplasms,,,no,na,auspar-firmagon.pdf,TGA
,pm-2009-03232-3-5,rupafin,rupatadine,inova pharmaceuticals (australia) pty ltd,small molecule,tablet,oral,withdrawn,withdrawn,17.03.2011,2011,no,no,"symptomatic treatment of seasonal allergic rhinitis (sar), perennial allergic rhinitis (par) and chronic idiopathic urticaria (ciu) in adults and adolescents (over 12 years of age).",na,diseases of the respiratory system; diseases of the skin,,,no,na,auspar-rupafin.pdf,TGA
"203690, 203694, 203692, 203687, 203690, 203694, 203692, 203687",pm-2012-03419-1-3,ezalo composite pack / rosuzet composite pack,ezetimibe and rosuvastatin,merck sharp & dohme australia pty ltd,small molecule,tablet,oral,approved,authorised,20.11.2013,2013,no,no,primary hypercholesterolaemia; homozygous familial hypercholesterolaemia (hofh),primary hypercholesterolaemia; homozygous familial hypercholesterolaemia (hofh),"endocrine, nutritional, and metabolic diseases",,,yes,,auspar-ezetimibe-140305.pdf,TGA
211019,pm-2013-01283-1-2,sovaldi,sofosbuvir,gilead sciences pty ltd,small molecule,tablet,oral,approved,authorised,30.06.2014,2014,no,no,treatment of adults with chronic hepatitis c (chc) infection as a component of a combination antiviral treatment regimen.,treatment of adults with chronic hepatitis c (chc) infection as a component of a combination antiviral treatment regimen.,infectious and parasitic diseases,,,no,na,auspar-sofosbuvir-140805.pdf,TGA
281781 and 281782,pm-2016-03153-1-4,riximyo,rituximab,sandoz pty ltd,biologics,solution,intravenous,approved,authorised,21.11.2017,2017,no,no,non-hodgkin’s lymphoma (nhl); chronic lymphocytic leukaemia (cll); rheumatoid arthritis (ra); granulomatosis with polyangiitis (gpa) and microscopic polyangiitis (mpa),non-hodgkin’s lymphoma (nhl); chronic lymphocytic leukaemia (cll); rheumatoid arthritis (ra); granulomatosis with polyangiitis (gpa) and microscopic polyangiitis (mpa),neoplasms; diseases of the blood and blood-forming organs; diseases of the musculoskeletal system and connective tissue,30.11.2016,2016,yes,,auspar-rituximab-180823.pdf,TGA
175191 and 175190,pm-2010-02393-3-1,caldolor,ibuprofen,phebra pty ltd,small molecule,concentrate,intravenous,approved,authorised,28.02.2012,2012,no,yes,"management of mild to moderate pain, management of moderate to severe pain as an adjunct to opioid analgesics, and reduction of fever in adults.","management of acute mild to moderate post-operative pain and moderate to severe post-operative pain with adjunctive reduced morphine dosage, and reduction of fever in adults where an iv route of administration is considered clinically necessary.",diseases of the musculoskeletal system and connective tissue; infectious and parasitic diseases,,,no,na,auspar-ibuprofen-130102.pdf,TGA
"137330, 137332, 137331, 137329",pm-2010-02896-3-2,celsentri,maraviroc,viiv healthcare pty ltd,small molecule,tablet,oral,approved,authorised,22.08.2012,2012,no,yes,"celsentri, in combination with other antiretroviral medicinal product, is indicated for adult patients infected with ccr5-tropic hiv-1.","celsentri, in combination with other antiretroviral medicinal products, is indicated for adult patients infected with only ccr5-tropic hiv-1.",infectious and parasitic diseases,,,yes,,auspar-maraviroc-130512.pdf,TGA
"161984, 161985",pm-2009-01335-3-5,menopur,gonadotrophin - human menopausal,ferring pharmaceuticals pty limited,peptides and proteins,powder; solvent,subcutaneous,approved,authorised,25.07.2011,2011,no,no,"anovulatory infertility, including polycystic ovarian disease (pcod), in women who have been unresponsive to treatment with clomiphene citrate. controlled ovarian hyperstimulation to induce the development of multiple follicles for assisted reproductive technologies (art) (e.g. in vitro fertilisation/embryo transfer (ivf/et), gamete intrafallopian transfer (gift) and intracytoplasmic sperm injection (icsi).","anovulatory infertility, including polycystic ovarian disease (pcod), in women who have been unresponsive to treatment with clomiphene citrate. controlled ovarian hyperstimulation to induce the development of multiple follicles for assisted reproductive technologies (art) (e.g. in vitro fertilisation/embryo transfer (ivf/et), gamete intrafallopian transfer (gift) and intracytoplasmic sperm injection (icsi).",diseases of the genitourinary system,,,no,na,auspar-menopur.pdf,TGA
200553,pm-2013-04954-1-4,stivarga,regorafenib,bayer australia ltd,small molecule,tablet,oral,approved,authorised,18.03.2015,2015,yes,yes,treatment of patients with unresectable or metastatic gastrointestinal stromal tumours (gist) who progressed on or are intolerant to prior treatment with imatinib and sunitinib.,treatment of patients with unresectable or metastatic gastrointestinal stromal tumours (gist) who progressed on or are intolerant to prior treatment with imatinib and sunitinib.,neoplasms; diseases of the digestive system,,,no,na,auspar-regorafenib-151119.pdf,TGA
,pm-2015-03290-1-4,arzerra,ofatumumab,novartis pharmaceuticals pty ltd australia,biologics,concentrate,intravenous,withdrawn,withdrawn,16.02.2017,2017,yes,yes,maintenance treatment for adult patients with cll at high risk of relapse who are in complete or partial response after at least two lines of induction therapy.,na,neoplasms; diseases of the blood and blood-forming organs,24.12.2015,2015,yes,,auspar-ofatumumab-180112.pdf,TGA
210574,pm-2013-01037-1-5,ms-2 step,mifepristone/misoprostol,ms health pty ltd,small molecule,tablet,oral; buccal,approved,authorised,28.05.2014,2014,no,yes,medical termination of a developing intrauterine pregnancy up to 63 days gestation.,medical termination of a developing intrauterine pregnancy up to 63 days gestation.,pregnancy and childbirth,04.06.2014,2014,yes,,auspar-mifepristone-misoprostol-141013.pdf,TGA
"143586, 143574",pm-2017-04652-1-2,cubicin,daptomycin,merck sharp & dohme (australia) pty ltd,peptides and proteins,powder,intravenous,approved,authorised,19.01.2019,2019,no,yes,staphylococcus aureus bloodstream infections (bacteraemia) in paediatric patients (1 to 17 years of age),staphylococcus aureus bloodstream infections (bacteraemia) in paediatric patients (1 to 17 years of age),infectious and parasitic diseases,31.01.2018,2018,yes,,auspar-daptomycin-191120.pdf,TGA
175041,pm-2010-02051-3-4,xgeva,denosumab,amgen australia pty ltd,biologics,solution,subcutaneous,approved,authorised,29.08.2011,2011,no,yes,prevention of skeletal related events in adults with advanced malignancies involving bone,prevention of skeletal related events in patients with bone metastases from solid tumours,neoplasms; diseases of the musculoskeletal system and connective tissue,,,no,na,auspar-xgeva.pdf,TGA
255492 and 255493,pm-2017-04579-1-4,tagrisso,osimertinib mesilate,astrazeneca pty ltd,small molecule,tablet,oral,approved,authorised,03.07.2018,2018,no,yes,first-line treatment of patients with locally advanced or metastatic non-small cell lung cancer (nsclc) whose tumours have activating epidermal growth factor receptor (egfr) mutations.,first-line treatment of patients with locally advanced or metastatic non-small cell lung cancer (nsclc) whose tumours have activating epidermal growth factor receptor (egfr) mutations.,neoplasms; diseases of the respiratory system,10.01.2018,2018,yes,,auspar-osimertinib-mesilate-190822.pdf,TGA
114185,pm-2012-02735-3-4,aloxi,palonosetron hydrochloride,specialised therapeutics australia pty ltd,small molecule,solution,intravenous,approved,authorised,20.08.2013,2013,no,no,prevention of nausea and vomiting induced by cytotoxic chemotherapy,prevention of nausea and vomiting induced by cytotoxic chemotherapy,neoplasms,,,yes,,auspar-palonosetron-hydrochloride-140107.pdf,TGA
168332,pm-2010-00254-3-5,zoely,nomegestrol acetate,merck sharp & dohme (australia) pty limited,small molecule,tablet,oral,approved,authorised,10.08.2011,2011,no,no,oral contraception,oral contraception,diseases of the genitourinary system,,,no,na,auspar-zoely.pdf,TGA
"263596, 264292",pm-2015-03168-1-final,nocdurna,desmopressin,ferring pharmaceuticals pty ltd,peptides and proteins,water,sublingual,approved,authorised,30.11.2016,2016,no,yes,treatment of nocturia due to nocturnal polyuria in adults who awaken two or more times each night to void.,treatment of nocturia due to idiopathic nocturnal polyuria in adults who awaken two or more times each night to void and have not responded to lifestyle measures.,diseases of the genitourinary system,,,no,na,auspar-desmopressin-181127.pdf,TGA
400874,pm-2022-05306-1-2,comirnaty original/omicron ba.4-5 covid-19 vaccine,tozinameran and famtozinameran,pfizer australia pty ltd,vaccine,suspension,intramuscular,approved,authorised (under additional monitoring),20.01.2023,2023,no,no,"as a booster dose for active immunisation to prevent coronavirus disease 2019 (covid-19) caused by sars-cov-2, in individuals 12 years of age and older.","as a booster dose for active immunisation to prevent coronavirus disease 2019 (covid-19) caused by sars-cov-2, in individuals 12 years of age and older.",infectious and parasitic diseases,13.12.2022,2022,yes,,auspar-comirnaty-orignal-omicron-ba.4-5-230131.pdf,TGA
332180 and 332181,pm-2020-01326-1-4,phesgo sc,pertuzumab/trastuzumab,roche products pty ltd,biologics,solution,subcutaneous,approved,authorised,05.05.2021,2021,no,no,early breast cancer; metastatic breast cancer,early breast cancer; metastatic breast cancer,neoplasms,30.04.2020,2020,yes,,auspar-pertuzumab-trastuzumab-210920.pdf,TGA
235577,pm-2015-00413-1-5,esbriet,pirfenidone,roche products pty ltd,small molecule,capsule,oral,approved,authorised,05.02.2016,2016,no,no,treatment of idiopathic pulmonary fibrosis (ipf),treatment of idiopathic pulmonary fibrosis (ipf),diseases of the respiratory system,,,no,na,auspar-pirfenidone-160809.pdf,TGA
"260934, 260935 and 260936",,ninlaro,ixazomib,takeda pharmaceuticals australia pty ltd,small molecule,capsule,oral,approved,authorised,10.11.2016,2016,no,no,ninlaro is indicated for the treatment of patients with multiple myeloma who have received at least one prior therapy.,ninlaro is indicated in combination with lenalidomide and dexamethasone for the treatment of patients with multiple myeloma who have received at least one prior therapy.,neoplasms; diseases of the blood and blood-forming organs,,,no,na,auspar-ixazomib-citrate-171102.pdf,TGA
"200674, 210806 and 242512",pm-2017-01036-1-2,fluarix tetra,inactivated split influenza vaccine,glaxosmithkline australia pty ltd,vaccine,suspension,intramuscular,approved,authorised,23.05.2018,2018,no,yes,active immunisation of adults and children from 6 months of age for the prevention of influenza disease caused by the influenza virus types a and b contained in the vaccine.,active immunisation of adults and children from 6 months of age for the prevention of influenza disease caused by the influenza virus types a and b contained in the vaccine.,infectious and parasitic diseases,28.04.2017,2017,yes,,auspar-inactivated-split-influenza-vaccine-181104.pdf,TGA
309320 and 309321,pm-2018-03842-1-4,zirabev,bevacizumab,pfizer australia pty ltd,biologics,solution,intravenous,approved,authorised,28.10.2019,2019,no,no,"metastatic colorectal cancer; locally recurrent or metastatic breast cancer; advanced, metastatic or recurrent non-squamous non-small cell lung cancer; advanced and/or metastatic renal cell cancer; grade iv glioma; epithelial ovarian, fallopian tube or primary peritoneal cancer; recurrent epithelial ovarian, fallopian tube or primary peritoneal cancer; cervical cancer","metastatic colorectal cancer; locally recurrent or metastatic breast cancer; advanced, metastatic or recurrent non-squamous non-small cell lung cancer; advanced and/or metastatic renal cell cancer; grade iv glioma; epithelial ovarian, fallopian tube or primary peritoneal cancer; recurrent epithelial ovarian, fallopian tube or primary peritoneal cancer; cervical cancer",neoplasms; diseases of the respiratory system; diseases of the genitourinary system,31.10.2018,2018,no,na,auspar-bevacizumab-200226.pdf,TGA
353268 and 353269,pm-2020-06299-1-1,bimzelx,bimekizumab,ucb pharma,biologics,solution,subcutaneous,approved,authorised (under additional monitoring),17.03.2022,2022,no,no,treatment of moderate to severe plaque psoriasis in adult patients who are candidates for systemic therapy or phototherapy.,treatment of moderate to severe plaque psoriasis in adult patients who are candidates for systemic therapy or phototherapy.,diseases of the skin,01.03.2021,2021,no,na,auspar-bimzelx-230426.pdf,TGA
148325 and 212387,pm-2013-00985-1-5,lucentis,ranibizumab,novartis pharmaceuticals australia,biologics,solution,intravitreal,approved,authorised,28.04.2014,2014,no,yes,treatment of visual impairment due to choroidal neovascularisation (cnv) secondary to pathologic myopia (pm).,treatment of visual impairment due to choroidal neovascularisation (cnv) secondary to pathologic myopia (pm).,diseases of the eye and adnexa,,,yes,,auspar-ranibizumab-141014.pdf,TGA
233398,pm-2014-04011-1-2,genvoya,elvitegravir / cobicistat / emtricitabine / tenofovir alafenamide,gilead sciences pty ltd,small molecule,tablet,oral,approved,authorised,12.01.2016,2016,no,no,treatment of hiv-1 infection in adults and paediatric patients 12 years of age and older without any known mutations associated with resistance to the individual components of genvoya,treatment of hiv-1 infection in adults and adolescents aged 12 years of age and older with body weight at least 35 kg who are either treatment naive or virologically suppressed on a stable antiretroviral regimen,infectious and parasitic diseases,,,yes,,auspar-elvitegravir-160628.pdf,TGA
132305,,tykerb,lapatinib,glaxosmithkline australia pty ltd,small molecule,tablet,oral,approved,authorised,26.05.2010,2010,no,yes,for the treatment of patients with hormone sensitive metastatic breast cancer whose tumours overexpress her2.,tykerb in combination with an aromatase inhibitor is indicated for the treatment of post-menopausal women with hormone receptor-positive metastatic breast cancer whose tumours overexpress her2 (erbb2) and for whom hormonal therapy is indicated.,neoplasms,,,yes,,auspar-tykerb.pdf,TGA
177513,pm-2010-03159-3-2,cinryze,c1 esterase inhibitor,cedarglen investments pty ltd,biologics,powder,intravenous,approved,authorised,19.03.2012,2012,yes,no,"treatment, routine prevention and pre procedure prevention of angioedema attacks in adults, adolescents, and children from 6 years of age with c1 inhibitor deficiency.","treatment and pre procedure prevention of angioedema attacks in adults and adolescents with c1 inhibitor deficiency; routine prevention of angioedema attacks in adults and adolescents with frequent attacks of hereditary angioedema (hae), who are intolerant to or insufficiently protected by oral therapy.",diseases of the blood and blood-forming organs,,,yes,,auspar-c1-esterase-inhibitor-130729.pdf,TGA
100162 and 100163,pm-2011-04066-3-3,inspra,eplerenone,pfizer australia pty ltd,small molecule,tablet,oral,approved,authorised,23.05.2013,2013,no,yes,to reduce the risk of cardiovascular mortality and morbidity in adult patients with nyha class ii (chronic) heart failure and left ventricular systolic dysfunction (lvef ≤ 35%) in addition to standard optimal therapy.,to reduce the risk of cardiovascular mortality and morbidity in adult patients with nyha class ii (chronic) heart failure and left ventricular systolic dysfunction (lvef ≤30% or lvef ≤35% in addition to qrs duration of >130 msec) in addition to standard optimal therapy.,diseases of the circulatory system,,,yes,,auspar-eplerenone-131001.pdf,TGA
160467,pm-2009-00544-3-4,"lucrin depot, lucrin xl depot",leuprorelin acetate,abbott australasia pty ltd,peptides and proteins,depot,subcutaneous,approved,authorised,30.07.2010,2010,no,no,palliative treatment of metastatic or locally extensive prostatic cancer (stages c and d),palliative treatment of metastatic or locally extensive prostatic cancer (stages c and d),neoplasms,,,no,na,auspar-lucrin.pdf,TGA
389746,pm-2021-04064-1-2,vaxchora,cholera vaccine,biocelect australia pty ltd,vaccine,powder,oral,approved,authorised (under additional monitoring),04.09.2023,2023,no,no,active immunisation against disease caused by vibrio cholerae serogroup o1 in adults and children aged 2 years and older.,active immunisation against disease caused by vibrio cholerae serogroup o1 in adults and children aged 2 years and older travelling to cholera-affected countries.,infectious and parasitic diseases,11.07.2022,2022,yes,,auspar-vaxchora-241031.pdf,TGA
"150443, 150448, 150469, 150470, 150473, 150474, 150477, 150478, 150479",pm-2010-00534-3-4/2010-00535-3-3,co plavix/duo cover,clopidogrel/aspirin,sanofi-aventis australia pty ltd,small molecule,tablet,oral,withdrawn,withdrawn,11.03.2011,2011,no,yes,"prevention of atherothrombotic and thromboembolic events, including stroke in adult patients with atrial fibrillation who have at least one risk factor for vascular events and who cannot take vitamin k antagonist (vka) therapy.",na,diseases of the circulatory system,,,yes,,auspar-coplavix.pdf,TGA
"aust r 133188, aust r 133187 and aust r 133182",pm 2011-01224-3-5,januvia,sitagliptin,msd (australia) pty limited,small molecule,tablet,oral,approved,authorised,13.09.2012,2012,no,yes,monotherapy and initial combination therapy with metformin for type 2 diabetes mellitus,treatment of diabetes mellitus type 2 in persons 18 years of age and older who have failed dietary measures and exercise,"endocrine, nutritional, and metabolic diseases",,,yes,,auspar-sitagliptin-121220.pdf,TGA
"67045, 67046, 67047, 67048, 72493, 72494, 72517 and 72518",pm-2015-01572-1-2,gadovist 1.0,gadobutrol,bayer australia ltd,small molecule,solution,intravenous,approved,authorised,30.06.2016,2016,no,yes,"to include paediatric patients less than 2 years of age for the same indications approved by tga for adults, adolescents and children above 2 years of age.","contrast enhancement in cranial and spinal magnetic resonance imaging (mri); contrast enhancement in whole body mri including head and neck region, thoracic space, breast, abdomen (pancreas, liver and spleen), pelvis (prostate, bladder and uterus), retroperitoneal space (kidney), extremities and musculoskeletal system; use in first-pass mri studies of cerebral perfusion; contrast enhancement in magnetic resonance angiography (ce mra); contrast enhancement in cardiac mri including assessment of rest and pharmacological stress perfusion and delayed enhancement.",diseases of the nervous system; neoplasms; diseases of the musculoskeletal system and connective tissue; diseases of the genitourinary system,,,no,,auspar-gadobutrol-170131.pdf,TGA
,pm-2012-02668-3-5,latisse,bimatoprost,allergan australia pty ltd,small molecule,solution,topical,approved,withdrawn,06.10.2015,2015,no,yes,"for treatment of hypotrichosis of the eyelashes by increasing their growth, including length, thickness and darkness.","for treatment of hypotrichosis of the eyelashes by increasing their growth, including length, thickness and darkness.",diseases of the eye and adnexa,,,no,na,auspar-bimatoprost-140718.pdf,TGA
99756 and 99757,pm-2014-01871-1-4,avastin,bevacizumab,roche products pty ltd,biologics,concentrate,intravenous,approved,authorised,16.07.2015,2015,yes,yes,"treatment of persistent, recurrent or stage iv carcinoma of the cervix","in combination with paclitaxel and cisplatin is indicated for the treatment of persistent, recurrent or metastatic carcinoma of the cervix. in combination with paclitaxel and topotecan is an acceptable alternative where cisplatin is not tolerated or not indicated.",neoplasms,,,yes,,auspar-bevacizumab-rch-170510.pdf,TGA
165738,pm-2009-02891-3-3,kuvan,sapropterin dihydrochloride,merck serono australia pty ltd,small molecule,tablet,oral,approved,authorised,21.10.2010,2010,yes,no,treatment of hyperphenylalaninaemia (hpa) in sapropterin-responsive adult and paediatric patients with phenylketonuria (pku) or tetrahydrobiopterin (bh4) deficiency.,treatment of hyperphenylalaninaemia (hpa) in sapropterin-responsive adult and paediatric patients with phenylketonuria (pku) or tetrahydrobiopterin (bh4) deficiency.,"endocrine, nutritional, and metabolic diseases",,,no,na,auspar-kuvan.pdf,TGA
"177648, 154661, 154663",pm-2011-01215-3-4,afinitor,everolimus,novartis pharmaceuticals australia pty ltd,small molecule,tablet,oral,approved,authorised,10.07.2012,2012,no,yes,"treatment of advanced neuroendocrine tumours (nets) of gastrointestinal, lung or pancreatic origin","treatment of progressive, unresectable or metastatic, well or moderately differentiated, neuroendocrine tumours (nets) of pancreatic origin",neoplasms,,,yes,,auspar-everolimus-130226-1.pdf,TGA
152760,pm-2014-02385-1-4,phenasen,arsenic trioxide,phebra pty ltd,small molecule,concentrate,intravenous,approved,authorised,24.08.2015,2015,yes,yes,"for the induction of remission and consolidation in patients with previously untreated acute promyelocytic leukaemia (apl), in combination with all-trans retinoic acid (atra) and/or chemotherapy and whose apl is characterised by the presence of the t(15:17) translocation or pml/rar-alpha gene expression.","for the induction of remission and consolidation in patients with acute promyelocytic leukaemia (apl) who are refractory to, or have relapsed from, retinoid and anthracycline chemotherapy, and whose apl is characterised by the presence of the t(15:17) translocation or pml/rar-alpha gene expression.",neoplasms; diseases of the blood and blood-forming organs,24.06.2014,2014,yes,,auspar-arsenic-trioxide-151216.pdf,TGA
"373602, 373603 and 373604",pm-2021-03753-1-5,teriparatide lupin/teriparatide lapl/teriparatide gh,teriparatide,generic health pty ltd,peptides and proteins,solution,subcutaneous,approved,authorised (under additional monitoring),20.03.2023,2023,no,no,treatment of osteoporosis in postmenopausal women and primary osteoporosis in men when other agents are unsuitable and high risk of fractures; osteoporosis associated with sustained systemic glucocorticoid therapy in women and men at high risk for fracture,treatment of osteoporosis in postmenopausal women and primary osteoporosis in men when other agents are unsuitable and high risk of fractures; osteoporosis associated with sustained systemic glucocorticoid therapy in women and men at high risk for fracture,diseases of the musculoskeletal system and connective tissue,02.05.2022,2022,yes,,auspar-teriparatide-lupin-teriparatide-lapl-teriparatide-gh-231012.pdf,TGA
380132,pm-2021-05396-1-2,livtencity,maribavir,takeda pharmaceuticals australia pty ltd,small molecule,tablet,oral,approved,authorised (under additional monitoring),27.09.2022,2022,yes,no,treatment of adults with post-transplant cytomegalovirus (cmv) infection and disease resistant or refractory to one or more prior therapies.,"treatment of adults with post-transplant cytomegalovirus (cmv) infection and disease resistant, refractory or intolerant to one or more prior therapies.",infectious and parasitic diseases,17.01.2022,2022,no,na,auspar-livtencity-230525.pdf,TGA
"218837, 218839",pm-2015-02423-1-4,zydelig,idelalisib,gilead sciences pty ltd,small molecule,tablet,oral,approved,authorised,01.02.2017,2017,no,yes,treatment of adult patients with cll/sll upon relapse in patients for whom chemo-immunotherapy is not considered suitable.,treatment of adult patients with cll/sll upon relapse in patients for whom chemo-immunotherapy is not considered suitable.,neoplasms; diseases of the blood and blood-forming organs,,,yes,,auspar-idelalisib-171019.pdf,TGA
"97500, 97506, 97509, 97516, 97520, 97527",pm-2011-03534-3-2,certican,everolimus,novartis pharmaceuticals australia pty ltd,small molecule,tablet,oral,approved,authorised,23.01.2013,2013,no,yes,prophylaxis of organ rejection in adult patients at mild to moderate immunological risk receiving an allogeneic renal or cardiac or hepatic transplant.,prophylaxis of organ rejection in adult patients receiving an allogeneic hepatic transplant.,diseases of the genitourinary system,,,yes,,auspar-everolimus-130521.pdf,TGA
"317240, 317241",pm-2019-01386-1-2,xofluza,baloxavir marboxil,roche products pty limited,small molecule,tablet,oral,approved,authorised (under additional monitoring),21.02.2020,2020,no,no,treatment of uncomplicated influenza in patients aged 12 years and older who have been symptomatic for no more than 48 hours and who are otherwise healthy or at high risk of developing influenza complications.,treatment of uncomplicated influenza in patients aged 12 years and older who have been symptomatic for no more than 48 hours and who are otherwise healthy or at high risk of developing influenza complications.,infectious and parasitic diseases; diseases of the respiratory system,31.05.2019,2019,no,na,auspar-baloxavir-marboxil-200604.pdf,TGA
160313,pm-2018-02506-1-2,firazyr,icatibant,shire australia pty limited,peptides and proteins,solution,subcutaneous,approved,authorised (under additional monitoring),23.07.2019,2019,yes,yes,"symptomatic treatment of acute attacks of hereditary angioedema (hae) in adults, adolescents and children aged 2 years and older with c1-esterase-inhibitor deficiency.","symptomatic treatment of acute attacks of hereditary angioedema (hae) in adults, adolescents and children aged 2 years and older with c1-esterase-inhibitor deficiency.",diseases of the blood and blood-forming organs,30.06.2018,2018,yes,,auspar-icatibant.pdf,TGA
"177869, 177873, 177875",pm-2010-03251-3-5,flutiform,fluticasone propionate / eformoterol fumarate dihydrate,mundipharma pty ltd,small molecule,inhaler,inhalation,approved,authorised,04.02.2013,2013,no,no,regular treatment of asthma where the use of a combination product (an inhaled corticosteroid and a long-acting beta-2 agonist) is appropriate.,regular treatment of asthma where the use of a combination product (an inhaled corticosteroid and a long-acting beta-2 agonist) is appropriate.,diseases of the respiratory system,,,no,na,auspar-fluticasone-propionate-130613.pdf,TGA
"284948, 325401 and 352573",pm-2020-06602-1-2,maviret,glecaprevir/pibrentasvir,abbvie pty ltd,small molecule,tablet; granules,oral,approved,authorised (under additional monitoring),25.01.2022,2022,no,yes,"treatment of adult and paediatric patients 3 years and older with chronic hepatitis c virus (hcv) genotype (gt) 1, 2, 3, 4, 5, or 6 infection with or without compensated cirrhosis.","treatment of adult and paediatric patients 3 years and older with chronic hepatitis c virus (hcv) genotype (gt) 1, 2, 3, 4, 5, or 6 infection with or without compensated cirrhosis.",infectious and parasitic diseases,01.02.2021,2021,yes,,auspar-maviret-230220.pdf,TGA
,pm-2012-02255-3-3,humira,adalimumab,abbvie pty ltd,biologics,solution,subcutaneous,withdrawn,withdrawn,19.08.2013,2013,no,yes,non-radiographic axial spondyloarthritis,na,diseases of the musculoskeletal system and connective tissue,,,yes,,auspar-adalimumab-140122.pdf,TGA
"347290, 347291, 347292 and 347293",pm-2020-05373-1-4,bevacip/bevaciptin,bevacizumab,cipla australia pty ltd,biologics,solution,intravenous,approved,authorised,13.10.2021,2021,no,no,"metastatic colorectal cancer; locally recurrent or metastatic breast cancer; advanced, metastatic or recurrent non-squamous non-small cell lung cancer (nsclc); advanced and/or metastatic renal cell cancer; grade iv glioma; epithelial ovarian, fallopian tube or primary peritoneal cancer; recurrent epithelial ovarian, fallopian tube or primary peritoneal cancer; cervical cancer","metastatic colorectal cancer; locally recurrent or metastatic breast cancer; advanced, metastatic or recurrent non-squamous non-small cell lung cancer (nsclc); advanced and/or metastatic renal cell cancer; grade iv glioma; epithelial ovarian, fallopian tube or primary peritoneal cancer; recurrent epithelial ovarian, fallopian tube or primary peritoneal cancer; cervical cancer",neoplasms,30.11.2020,2020,no,na,auspar-bevacizumab-220519.pdf,TGA
"177648, 154661, 174663, 200203, 200204 and 200205",pm-2015-03569-1-4,afinitor,everolimus,novartis pharmaceuticals australia pty ltd,small molecule,tablet,oral,approved,authorised,13.01.2017,2017,no,yes,"progressive, unresectable or metastatic, well-differentiated, non-functional neuroendocrine tumours (net) of gastrointestinal or lung origin in adults.","progressive, unresectable or metastatic, well-differentiated, non-functional neuroendocrine tumours (net) of gastrointestinal or lung origin in adults.",neoplasms; diseases of the respiratory system; diseases of the digestive system,,,yes,,auspar-everolimus-171031.pdf,TGA
,pm-2010-00616-3-2,tamiflu,oseltamivir phosphate,roche products pty ltd,small molecule,capsule; powder,oral,rejected,na,25.03.2011,2011,no,yes,treatment of influenza in 6-12 month olds and dosage regime for immunocompromised hosts,na,infectious and parasitic diseases,,,yes,,auspar-tamiflu.pdf,TGA
161825 and 161826,pm-2009-01168-3-3,exforge/ejocia 5/320; exforge ejocia 10/320,amlodipine/valsartan,novartis pharmaceuticals australia pty ltd,small molecule,tablet,oral,approved,authorised,26.07.2010,2010,no,yes,treatment of hypertension,treatment of hypertension,diseases of the circulatory system,,,yes,,auspar-exforge-ejo.pdf,TGA
201776,pm-2012-02713-3-4,novothirteen,catridecacog,novo nordisk pharmaceuticals pty ltd,biologics,powder,intravenous,approved,authorised,04.11.2013,2013,yes,no,routine prophylaxis of bleeding in patients with congenital factor xiii a-subunit deficiency.,routine prophylaxis of bleeding in patients with congenital factor xiii a-subunit deficiency.,diseases of the blood and blood-forming organs,,,no,na,auspar-catridecacog-rys-140410.pdf,TGA
211601,pm-2013-01505-1-5,incruse ellipta,umeclidinium bromide,glaxosmithkline australia pty ltd,small molecule,powder,inhalation,approved,authorised,02.07.2014,2014,no,no,long-term once daily maintenance bronchodilator treatment to relieve symptoms in adult patients with chronic obstructive pulmonary disease (copd).,long-term once daily maintenance bronchodilator treatment to relieve symptoms in adult patients with chronic obstructive pulmonary disease (copd).,diseases of the respiratory system,,,no,na,auspar-umeclidinium-bromide-201500709.pdf,TGA
"223457, 223466, 223467",pm-2014-00670-1-5,toujeo / edomlus / lambeto,insulin glargine,sanofi aventis australia pty ltd,peptides and proteins,solution,subcutaneous,approved,authorised,22.06.2015,2015,no,no,treatment of diabetes mellitus in adults,treatment of diabetes mellitus in adults,"endocrine, nutritional, and metabolic diseases",,,no,na,auspar-insulin-glargine-rbe-170106_0.pdf,TGA
not applicable,pm-2010-03584-3-4,oracea,doxycycline monohydrate,galderma australia pty ltd,small molecule,capsule,oral,rejected,na,10.05.2012,2012,no,yes,to reduce papulopustular lesions in adult patients with facial rosacea,na,diseases of the skin,,,no,na,auspar-doxycycline-monohydrate-130606.pdf,TGA
"81489, 81490, 81491",pm-2008-03495-3-1,risperdal consta,risperidone,janssen-cilag pty ltd,small molecule,powder,intramuscular,approved,authorised,18.03.2010,2010,no,yes,maintenance treatment to prevent the recurrence of mood episodes of bipolar disorder.,"treatment of schizophrenia and related psychoses. monotherapy for maintenance treatment to prevent the recurrence of manic or mixed episodes of bipolar i disorder in patients with a manic or mixed episode, following stabilisation with oral risperidone.",mental and behavioural disorders,,,yes,,auspar-risperdal-consta.pdf,TGA
230200,pm-2014-03164-1-1,ilevro,nepafenac,alcon laboratories (australia) pty ltd,small molecule,suspension,ocular,approved,authorised,03.11.2015,2015,no,no,the prevention and treatment of postoperative pain and inflammation associated with cataract surgery,the prevention and treatment of postoperative pain and inflammation associated with cataract surgery,diseases of the eye and adnexa,,,no,na,auspar-nepafenac-151223.pdf,TGA
394930,pm-2022-03499-1-3,heparin interpharma,heparin sodium,interpharma pty ltd,biologics,solution,intravenous; subcutaneous,approved,authorised,15.11.2023,2023,no,no,"prophylaxis of and treatment of thromboembolic disorders such as thrombophlebitis, pulmonary embolism and occlusive vascular disease",prophylaxis and treatment of deep vein thrombosis for use in patients 18 years and older,diseases of the circulatory system,04.10.2022,2022,yes,,auspar-heparin-interpharma-240712.pdf,TGA
222392,pm-2016-00346-1-5,ozurdex,dexamethasone,allergan australia pty ltd,small molecule,implant,intravitreal,approved,authorised,06.06.2017,2017,no,yes,macular oedema due to branch retinal vein occlusion (brvo) or central retinal vein occlusion (crvo); non-infectious uveitis affecting the posterior segment of the eye,macular oedema due to branch retinal vein occlusion (brvo) or central retinal vein occlusion (crvo); non-infectious uveitis affecting the posterior segment of the eye,diseases of the eye and adnexa,29.04.2016,2016,yes,,auspar-dexamethasone-intravitreal-implant-190220.pdf,TGA
202549,pm-2012-03095-1-2,gliolan,aminolevulinic acid hcl,specialised therapeutics australia pty ltd,small molecule,powder,oral,approved,authorised,31.10.2013,2013,yes,no,"visualisation of malignant tissue during surgery for malignant gliomas that are glioblastoma multiforme (gbm), and intended for gross macroscopic resection of all visible tumour.","visualisation of malignant tissue during surgery for malignant gliomas that are glioblastoma multiforme (gbm) on preoperative imaging, and who are intended for resection of the tumour.",neoplasms; diseases of the nervous system,,,no,na,auspar-aminolevulinic-acid-140303.pdf,TGA
,pm-2009-00399-4-3,avastin,bevacizumab,roche products pty ltd,biologics,solution,intravenous,approved,authorised,10.02.2010,2010,yes,yes,relapsed high grade malignant glioma: avastin as a single agent or in combination with irinotecan is indicated for the treatment of patients with high grade relapsed malignant glioma.,"as a single agent, for the treatment of patients with grade iv glioma after relapse or disease progression after standard therapy, including chemotherapy",neoplasms; diseases of the nervous system,,,yes,,auspar-bevacizumab-091214-01.pdf,TGA
155717,pm-2008-3043-3,omacor,omega-3-acid ethyl esters 90,abbott products pty ltd,small molecule,capsule,oral,approved,authorised,28.07.2010,2010,no,no,"post myocardial infarction: adjuvant treatment in secondary prevention after myocardial infarction, in addition to other standard therapy; hypertriglyceridaemia: endogenous hypertriglyceridaemia as a supplement to diet when dietary measures alone are insufficient.","post myocardial infarction: adjuvant treatment in secondary prevention after myocardial infarction, in addition to other standard therapy; hypertriglyceridaemia: endogenous hypertriglyceridaemia as a supplement to diet when dietary measures alone are insufficient.","diseases of the circulatory system; endocrine, nutritional, and metabolic diseases",,,no,na,auspar-omacor.pdf,TGA
aust r 205556,pm-2012-03425-1-3,adenuric,febuxostat,a menarini australia pty ltd,small molecule,tablet,oral,approved,authorised,18.06.2014,2014,no,no,"treatment of chronic hyperuricaemia in conditions where urate deposition has already occurred (including a history, or presence of, tophus and/or gouty arthritis).",treatment of chronic symptomatic hyperuricaemia in conditions where urate deposition has already occurred (gouty arthritis and/or tophus formation) in adults with gout.,"endocrine, nutritional, and metabolic diseases",,,no,na,auspar-febuxostat-150108.pdf,TGA
"287619 and 287622; 287621 and 287634; 287630 and 287626; 287625 and 287637; 287636, 287635, 287633 and 287627, 287629, 287623, 287632 and 287631",pm-2017-01328-1-5; pm-2017-01329-1-5; pm-2017-01330-1-5,"steglatro, steglujan, segluromet",ertugliflozin,merck sharpe and dohme pty ltd,small molecule,tablet,oral,approved,authorised,14.05.2018,2018,no,no,as an adjunct to diet and exercise to improve glycaemic control in adults with type 2 diabetes mellitus,as an adjunct to diet and exercise to improve glycaemic control in adults with type 2 diabetes mellitus,"endocrine, nutritional, and metabolic diseases",31.05.2017,2017,no,na,auspar-ertugliflozin-ertugliflozine-sitagliptin-ertugliflozin-metformin-190205.pdf,TGA
,pm-2011-01529-3-2,prochymal,remestemcel-l,delpharm consultants pty limited,cell and gene therapy,suspension,intravenous,withdrawn,withdrawn,18.11.2012,2012,yes,no,"for the rescue of patients ≥ 6 months of age with acute graft versus host disease (agvhd), refractory to treatment with systemic corticosteroid therapy or other immunosuppressive agents.",na,diseases of the blood and blood-forming organs,,,no,na,auspar-remestemcel-l-150315.pdf,TGA
,pm-2017-01423-1-3,raxone,idebenone,jace pharma pty ltd,small molecule,tablet,oral,withdrawn,withdrawn,21.08.2018,2018,yes,no,treatment of patients with duchenne muscular dystrophy (dmd) for whom the respiratory function has started to decline and who are currently not taking concomitant glucocorticoids.,na,diseases of the nervous system; diseases of the respiratory system,30.05.2017,2017,no,na,auspar-idebenone-200206.pdf,TGA
"281461, 281460, 281294 and 280985",pm-2016-02336-1-1,diacomit,stiripentol,emerge health australia pty ltd,small molecule,capsule; powder,oral,approved,authorised (under additional monitoring),11.09.2019,2019,yes,no,treatment of severe myoclonic epilepsy in infancy (smei also known as dravet syndrome),"adjunctive treatment of generalised tonic-clonic and clonic seizures associated with severe myoclonic epilepsy in infancy (smei, also known as dravet syndrome) in patients whose seizures are not adequately controlled with a benzodiazepine (usually clobazam) and valproate",diseases of the nervous system,31.10.2016,2016,no,na,auspar-stiripentol-191112.pdf,TGA
297701,pm-2017-04580-1-2 and pm-2017-04581-1-2,pifeltro and delstrigo,doravirine,merck sharp & dohme (australia) pty ltd,small molecule,tablet,oral,approved,authorised (under additional monitoring),18.01.2019,2019,no,no,treatment of adults infected with hiv-1 without past or present evidence of viral resistance to doravirine.,treatment of hiv-1 infection in adults who are antiretroviral therapy (art) naïve with no known substitutions associated with resistance to doravirine.,infectious and parasitic diseases,31.01.2018,2018,no,na,auspar-doravirine-doravirine-lamivudine-tenofovir-disoproxil-fumarate-200311.pdf,TGA
198947,pm-2012-01489-3-2,altargo,retapamulin,glaxosmithkline australia pty ltd,small molecule,ointment,topical,approved,authorised,19.07.2013,2013,no,no,"topical treatment of bacterial skin and skin structure infections including impetigo, secondarily infected traumatic lesions, and secondarily infected dermatoses.","short term treatment of superficial skin infections including impetigo, infected small lacerations, abrasions, sutured wounds, and secondarily infected dermatoses.",diseases of the skin,,,no,na,auspar-retapamulin-131111.pdf,TGA
"384590, 384591, 384592, 384593 and 384594",pm-2022-00347-1-6,jivi,damoctocog alfa pegol,bayer australia ltd,biologics,powder; diluent,intravenous,approved,authorised (under additional monitoring),21.03.2023,2023,no,no,treatment and prophylaxis of bleeding in previously treated patients (ptps) ≥ 12 years of age with haemophilia a (congenital factor viii deficiency).,routine prophylactic treatment to prevent or reduce the frequency of bleeding episodes; on-demand treatment and control of bleeding episodes; per-operative management of bleeding (surgical prophylaxis),diseases of the blood and blood-forming organs,31.03.2022,2022,no,na,auspar-jivi-231109.pdf,TGA
"198654, 198655, 235759, 267390, 269661",pm-2015-00399-1-5,kalydeco,ivacaftor,vertex pharmaceuticals australia pty ltd,small molecule,tablet,oral,approved,authorised,05.02.2016,2016,no,yes,treatment of cystic fibrosis (cf) in patients aged 6 years and older who have an r117h mutation in the cftr gene,treatment of cystic fibrosis (cf) in patients aged 6 years and older who have an r117h mutation in the cftr gene,diseases of the respiratory system; other,,,no,na,auspar-ivacaftor-170105 (1).pdf,TGA
378245,pm-2021-05375-1-2 and pm-2022-03097-1-2,evusheld,tixagevimab and cilgavimab,astrazeneca pty ltd,biologics,solution,intramuscular,approved,authorised (under additional monitoring),12.12.2022,2022,no,yes,treatment of mild to moderate covid-19 in adults and adolescents aged 12 years and older weighing at least 40 kg,"treatment of adults with covid-19, who do not require supplemental oxygen and who are at increased risk of progressing to severe covid-19",infectious and parasitic diseases,04.08.2022,2022,yes,,auspar-evusheld-230104.pdf,TGA
,pm-2018-04902-1-5,lucentis,ranibizumab,novartis pharmaceuticals australia pty ltd,biologics,solution,intravitreal,withdrawn,withdrawn,14.01.2020,2020,yes,yes,treatment of retinopathy of prematurity (rop) in preterm infants,na,diseases of the eye and adnexa; congenital malformations and chromosomal abnormalities,02.01.2019,2019,yes,,auspa-ranibizumab-20200903.pdf,TGA
282729,pm-2016-03575-1-4,bavencio,avelumab,merck serono australia pty ltd,biologics,concentrate,intravenous,approved,authorised (under additional monitoring),02.01.2018,2018,yes,no,treatment of patients with metastatic merkel cell carcinoma (mmcc) whose disease has progressed after receiving at least one prior therapy,treatment of adults and paediatric patients 12 years and older with metastatic merkel cell carcinoma (mmcc),neoplasms; diseases of the skin,03.01.2017,2017,no,na,auspar-avelumab-190122.pdf,TGA
270517,pm-2015-04370-1-5,kyleena,levonorgestrel,bayer australia ltd,small molecule,drug delivery system,intrauterine,approved,authorised,09.01.2017,2017,no,no,contraception for up to 5 years,contraception for up to 5 years,other,,,no,na,auspar-levonorgestrel-171109.pdf,TGA
"128331, 128332 and 128270",pm-2010-01972-3-4,vectibix,panitumumab,amgen australia pty ltd,biologics,solution,intravenous,approved,authorised,21.12.2011,2011,no,yes,treatment of patients with wild-type kras metastatic colorectal cancer (mcrc) in combination with chemotherapy,treatment of patients with wild-type kras metastatic colorectal cancer (mcrc) in combination with chemotherapy,neoplasms; diseases of the digestive system,,,yes,,auspar-panitumumab-120507-01.pdf,TGA
"391347, 391348 and 391349",pm-2022-02424-1-1,omvoh,mirikizumab,eli lilly australia pty ltd,biologics,concentrate; solution,subcutaneous; intravenous,approved,authorised,26.09.2023,2023,no,no,"treatment of moderately to severely active ulcerative colitis in patients who have had an inadequate response with, lost response to, or were intolerant to conventional therapy or a biologic treatment or a janus kinase (jak) inhibitor, or have medical contraindications to such therapies.","treatment of moderately to severely active ulcerative colitis in adult patients who have had an inadequate response with, lost response to, or were intolerant to conventional therapy or a biologic treatment, or have medical contraindications to such therapies.",diseases of the digestive system,28.07.2022,2022,no,na,auspar-omvoh-240502.pdf,TGA
"375490, 375491, 375492, 375493, 375494, 375495 and 375496",pm-2021-04339-1-3,exarane/exarane forte,enoxaparin sodium,juno pharmaceuticals pty ltd,biologics,solution,subcutaneous; intravenous; extracorporeal circulation,approved,authorised,27.06.2023,2023,no,no,"prevention of thrombo-embolic disorders of venous origin in patients undergoing orthopaedic and general surgery; prophylaxis of venous thromboembolism in medical patients bedridden due to acute illness; prevention of thrombosis in extra-corporeal circulation during haemodialysis; treatment of established deep vein thrombosis; treatment of unstable angina and non-q-wave myocardial infarction, administered concurrently with aspirin; treatment of acute st-segment elevation myocardial infarction (stemi) as an adjunctive to thrombolytic treatment, including patients to be managed medically or with subsequent percutaneous coronary intervention (pci).","prevention of thrombo-embolic disorders of venous origin in patients undergoing orthopaedic and general surgery; prophylaxis of venous thromboembolism in medical patients bedridden due to acute illness; prevention of thrombosis in extra-corporeal circulation during haemodialysis; treatment of established deep vein thrombosis; treatment of unstable angina and non-q-wave myocardial infarction, administered concurrently with aspirin; treatment of acute st-segment elevation myocardial infarction (stemi) as an adjunctive to thrombolytic treatment, including patients to be managed medically or with subsequent percutaneous coronary intervention (pci).",diseases of the circulatory system,06.12.2021,2021,no,na,auspar-exarane-exarane-forte-240301.pdf,TGA
"aust r 238285, aust r 238299 to aust r 238306, aust r 238308 to aust r 238310",pm-2015-00764-1-3,praluent,alirocumab,sanofi aventis australia pty ltd,biologics,solution,subcutaneous,approved,authorised,13.05.2016,2016,no,no,"praluent is indicated in adults with primary hypercholesterolaemia (heterozygous familial and non-familial) or mixed dyslipidaemia, as an adjunct to diet.",praluent / golyra /eliriduc is indicated as an adjunct to diet and exercise in adults with heterozygous familial hypercholesterolaemia or clinical atherosclerotic cardiovascular disease.,"endocrine, nutritional, and metabolic diseases; diseases of the circulatory system",,,no,na,auspar-alirocumab-rch-161213.pdf,TGA
,pm-2010-03829-3-3,axanum,aspirin + esomeprazole,astrazeneca pty ltd,small molecule,capsule,oral,withdrawn,withdrawn,18.04.2012,2012,no,no,for patients who require aspirin for the prevention of cardiovascular disease (cvd) in combination with esomeprazole for the prevention of ulcers associated with aspirin use.,na,diseases of the circulatory system; diseases of the digestive system,,,yes,,auspar-aspirin-120809.pdf,TGA
158450,pm-2010-03262-3-2,prevenar 13,pneumococcal polysaccharide conjugate vaccine 13 valent,pfizer australia pty ltd,vaccine,suspension,intramuscular,approved,authorised,28.10.2011,2011,no,yes,"active immunisation for the prevention of pneumococcal disease (including pneumonia and invasive disease) caused by streptococcus pneumoniae serotypes 1, 3, 4, 5, 6a, 6b, 7f, 9v, 14, 18c, 19a, 19f, and 23f in adults aged 50 years and older.","active immunisation for the prevention of disease caused by streptococcus pneumoniae serotypes 1, 3, 4, 5, 6a, 6b, 7f, 9v, 14, 18c, 19a, 19f and 23f (including invasive disease, pneumonia and acute otitis media) in infants and children from 6 weeks up to 5 years of age. active immunisation for the prevention of pneumococcal disease caused by streptococcus pneumoniae serotypes 1, 3, 4, 5, 6a, 6b, 7f, 9v, 14, 18c, 19a, 19f and 23f in adults aged 50 years and older.",infectious and parasitic diseases; diseases of the respiratory system,,,yes,,auspar-prevenar-13-111215.pdf,TGA
232824,pm-2020-06063-1-5,utrogestan 200,progesterone,besins healthcare australia pty ltd,peptides and proteins,capsule,vaginal,approved,authorised,17.02.2022,2022,no,yes,prevention of unexplained threatened miscarriage in women with bleeding in the current pregnancy and a history of at least one or more previous miscarriages.,treatment of unexplained threatened miscarriage in women with bleeding in the current pregnancy and a history of at least three or more previous miscarriages.,pregnancy and childbirth,04.01.2021,2021,no,na,auspar-utrogestan-200-221124.pdf,TGA
"309179, 309180, 309181, 309182, 309183, 309184",pm-2018-02754-1-3,vasodrine / midodrine scp / midodrine ans,midodrine hydrochloride,southern cross pharma pty ltd,small molecule,tablet,oral,approved,authorised (under additional monitoring),04.12.2019,2019,no,no,for the treatment of orthostatic hypotension in adults.,for the treatment of severe symptomatic orthostatic hypotension due to autonomic dysfunction when exacerbating factors have been addressed and other forms of treatment remain inadequate.,diseases of the circulatory system,02.10.2018,2018,yes,,auspar-midodrine-hydrochloride-210716.pdf,TGA
"austr 130502, austr 130714, austr 130717, austr 130732",pm-2009-00515-3-1,invega,paliperidone,janssen-cilag pty ltd,small molecule,tablet,oral,approved,authorised,14.12.2009,2009,no,yes,treatment of schizoaffective disorder as monotherapy and in combination with antidepressants and/or mood stabilizers,treatment of acute exacerbations of schizoaffective disorder as monotherapy and in combination with antidepressants and/or mood stabilizers (lithium and valproate),mental and behavioural disorders,,,yes,,auspar-invega.pdf,TGA
420130,pm-2023-03702-1-3,opsynvi,"macitentan, tadalafil",janssen-cilag pty ltd,small molecule,tablet,oral,approved,authorised,11.09.2024,2024,no,no,"maintenance treatment of pulmonary arterial hypertension (pah, who group 1) in adult patients of who functional class (fc) ii, iii and iv who are on stable doses of macitentan 10 mg and tadalafil 40 mg (20 mg x 2) as separate tablet.","maintenance treatment of pulmonary arterial hypertension (pah, who group 1) in adult patients of who functional class (fc) ii and iii whose pah is idiopathic, heritable or associated with connective tissue disease or congenital heart disease with repaired shunts.",diseases of the circulatory system,05.10.2023,2023,yes,,auspar-opsynvi-250623.pdf,TGA
168403,pm-2010-00277-3-5,menactra,"meningococcal (groups a, c, y and w-135) polysaccharide diphtheria toxoid conjugate vaccine",sanofi pasteur pty ltd,vaccine,solution,intramuscular,approved,authorised,19.07.2011,2011,no,no,"prevention of invasive meningococcal disease caused by n meningitides serogroups a, c, y and w-135","prevention of invasive meningococcal disease caused by n meningitides serogroups a, c, y and w-135",infectious and parasitic diseases,,,no,na,auspar-menactra-110929.pdf,TGA
180147,pm-2020-06068-1-5,forxiga,dapagliflozin,astrazeneca pty ltd,small molecule,tablet,oral,approved,authorised,06.09.2021,2021,no,yes,forxiga is indicated in adults for the treatment of chronic kidney disease.,"to reduce the risk of progressive decline in kidney function in adults with proteinuric chronic kidney disease (ckd stage 2, 3 or 4 and urine acr ≥ 30 mg/g)","diseases of the genitourinary system; endocrine, nutritional, and metabolic diseases",04.01.2021,2021,yes,,auspar-dapagliflozin-as-propanediol-monohydrate-220328.pdf,TGA
"aust r 195088, 195100, 195101, 195106, 195107, 195090",pm-2011-03536-3-5,trajentamet,linagliptin/metformin hcl,boehringer ingelheim pty ltd,small molecule,tablet,oral,approved,authorised,14.05.2013,2013,no,no,as an adjunct to diet and exercise to improve glycaemic control in adults with type 2 diabetes mellitus when treatment with both linagliptin and metformin is appropriate.,as an adjunct to diet and exercise to improve glycaemic control in adults with type 2 diabetes mellitus when treatment with both linagliptin and metformin is appropriate.,"endocrine, nutritional, and metabolic diseases",,,no,na,auspar-linagliptin-metformin-130926.pdf,TGA
"283127, 302463 and 364590",pm-2021-01682-1-5,dupixent,dupilumab,sanofi-aventis australia pty ltd,biologics,solution,subcutaneous,approved,authorised (under additional monitoring),23.06.2022,2022,no,yes,add on maintenance treatment in patients aged 6 years and older with moderate to severe asthma with type 2 inflammation.,add on maintenance treatment in patients aged 6 years and older with moderate to severe asthma with type 2 inflammation (elevated eosinophils or elevated feno) that is inadequately controlled despite therapy with other medicinal products for maintenance treatment.,diseases of the respiratory system,01.06.2021,2021,yes,,auspar-dupixent-230314.pdf,TGA
363251 and 364413,pm-2021-01695-1-2,vaxelis,"diphtheria, tetanus, pertussis, hepatitis b, poliovirus, and haemophilus influenzae type b conjugate",maxx pharma pty ltd,vaccine,suspension,intramuscular,approved,authorised (under additional monitoring),22.03.2022,2022,no,no,"primary and booster vaccination in infants and toddlers from the age of 6 weeks, against diphtheria, tetanus, pertussis, hepatitis b, poliomyelitis and invasive diseases caused by haemophilus influenzae type b (hib).","primary and booster vaccination in infants and toddlers from the age of 6 weeks, against diphtheria, tetanus, pertussis, hepatitis b, poliomyelitis and invasive diseases caused by haemophilus influenzae type b (hib).",infectious and parasitic diseases,01.06.2021,2021,yes,,auspar-vaxelis-230210.pdf,TGA
162530,pm-2009-01559-3-3,duodart,dutasteride and tamsulosin,glaxosmithkline australia pty ltd,small molecule,capsule,oral,approved,authorised,20.10.2010,2010,no,no,treatment and prevention of the progression of benign prostatic hyperplasia (bph) in patients with an enlarged prostate,management of moderate to severe symptomatic benign prostatic hyperplasia (bph),diseases of the genitourinary system,,,yes,,auspar-duodart.pdf,TGA
,pm-2022-00638-1-2,nuvaxovid,sars-cov-2 rs,biocelect pty ltd,vaccine,suspension,intramuscular,approved,authorised (under additional monitoring),20.01.2022,2022,no,no,active immunisation to prevent coronavirus disease 2019 (covid-19) caused by sars-cov-2 in individuals 18 years of age and older.,active immunisation to prevent coronavirus disease 2019 (covid-19) caused by sars-cov-2 in individuals 18 years of age and older.,infectious and parasitic diseases,,,no,na,auspar-nuvaxovid-heterologous-booster-220622-pi.pdf,TGA
"196987, 233439",pm-2017-03802-1-3,xeljanz,tofacitinib,pfizer australia pty ltd,small molecule,tablet,oral,approved,authorised,08.11.2018,2018,no,yes,treatment of active psoriatic arthritis in adult patients who have had an inadequate response or who have been intolerant to a prior dmard therapy.,psoriatic arthritis,diseases of the musculoskeletal system and connective tissue; diseases of the skin,30.11.2017,2017,yes,,auspar-tofacitinib-as-citrate-190925.pdf,TGA
"125557, 125558, 125559, 125560, 125561, 125562, 157352, 157356",pm-2016-04274-1-4,sprycel,dasatinib,bristol-myers squibb australia pty ltd,small molecule,tablet,oral,approved,authorised,07.03.2018,2018,yes,yes,treatment of adults aged 18 years or over with newly diagnosed philadelphia chromosome positive acute lymphoblastic leukaemia integrated with chemotherapy.,treatment of adults aged 18 years or over with newly diagnosed philadelphia chromosome positive acute lymphoblastic leukaemia integrated with chemotherapy.,neoplasms; diseases of the blood and blood-forming organs,28.02.2017,2017,yes,,auspar-dasatinib-190123.pdf,TGA
"273220, 273221, 273222, 273223, 273224 and 273225",pm-2016-009095-1-1,rexulti,brexpiprazole,lundbeck australia pty ltd,small molecule,tablet,oral,approved,authorised,17.05.2017,2017,no,no,for the treatment of adult patients with schizophrenia.,for the treatment of adult patients with schizophrenia.,mental and behavioural disorders,,,no,na,auspar-brexpiprazole-180924.pdf,TGA
"233425, 233426",pm-2019-02448-1-4,lenvima,lenvatinib,eisai australia pty limited,small molecule,capsule,oral,approved,authorised (under additional monitoring),17.09.2019,2019,no,yes,"treatment of patients with advanced endometrial carcinoma that is not microsatellite instability-high (msi-h) or mismatch repair deficient (dmmr), who have disease progression following prior systemic therapy and are not candidates for curative surgery or radiation.","treatment of patients with advanced endometrial carcinoma that is not microsatellite instability-high (msi-h) or mismatch repair deficient (dmmr), who have disease progression following prior systemic therapy and are not candidates for curative surgery or radiation.",neoplasms; diseases of the genitourinary system,04.07.2019,2019,yes,,auspar-lenvatinib-as-mesilate-200505.pdf,TGA
370599,pm-2021-05269-1-2,spikevax,elasomeran,moderna australia pty ltd,vaccine,suspension,intramuscular,approved,authorised,17.02.2022,2022,no,yes,active immunisation to prevent coronavirus disease 2019 (covid-19) caused by sars-cov-2 in individuals 6 years of age and older.,active immunisation to prevent coronavirus disease 2019 (covid-19) caused by sars-cov-2 in individuals 6 years of age and older.,infectious and parasitic diseases; diseases of the respiratory system,25.11.2021,2021,yes,,auspar-elasomeran-220221.pdf,TGA
"154728, 281317",pm-2017-04943-1-1,cimzia,certolizumab pegol,ucb australia pty. ltd.,biologics,solution,subcutaneous,approved,authorised,29.05.2019,2019,no,yes,treatment of adult patients with moderate to severe plaque psoriasis who are candidates for systemic therapy or phototherapy.,treatment of adult patients with moderate to severe chronic plaque psoriasis who are candidates for systemic therapy or phototherapy.,diseases of the skin,03.04.2018,2018,yes,,auspar-certolizumab-pegol-190731.pdf,TGA
229850; 229851; 229852,pm-2014-02792-1-4,revlimid,lenalidomide,celgene pty ltd,small molecule,capsule,oral,approved,authorised,05.11.2015,2015,yes,yes,treatment of patients with newly diagnosed multiple myeloma who are ineligible for autologous stem cell transplantation,treatment of patients with newly diagnosed multiple myeloma who are ineligible for autologous stem cell transplantation,neoplasms; diseases of the blood and blood-forming organs,,,yes,,auspar-lenalidomide-160205.pdf,TGA
406290,,ebglyss,lebrikizumab,eli lilly australia pty ltd,biologics,solution,subcutaneous,approved,authorised,16.05.2024,2024,no,no,for the treatment of adult and adolescent patients (12 years of age and older) with moderate-to-severe atopic dermatitis (ad).,for the treatment of adult and adolescent patients (12 years of age and older) with moderate to severe atopic dermatitis (ad) who are candidates for systemic therapy.,diseases of the skin,01.05.2023,2023,no,na,auspar-ebglyss-241008.pdf,TGA
391413,pm-2022-02499-1-2,idefirix,imlifidase,hansa biopharma,biologics,powder,intravenous,approved,authorised (under additional monitoring),07.07.2023,2023,yes,no,desensitisation treatment of highly sensitised adult kidney patients with a positive cross match against an available donor prior to kidney transplantation.,desensitisation treatment of highly sensitised adult kidney transplant candidates prior to kidney transplantation from a donor against whom there is a positive cross-match.,diseases of the genitourinary system,01.08.2022,2022,no,na,auspar-idefirix-240509.pdf,TGA
134665 and 13466,pm-2010-01920-3-5,aclasta/osteovan,zoledronic acid,novartis australia pty ltd,small molecule,solution,intravenous,approved,authorised,29.07.2011,2011,no,no,"treatment of osteoporosis in postmenopausal women to reduce the incidence of hip, vertebral and non-vertebral fractures. treatment of osteoporosis in patients over 50 years of age with a history of at least one low trauma hip fracture, to reduce the incidence of further fracture. to increase bone mineral density in men with osteoporosis. to increase bone mineral density in patients with osteoporosis associated with long term glucocorticoid use. to prevent glucocorticoid-induced bone mineral density loss. treatment of paget's disease of bone.","treatment of osteoporosis in postmenopausal women to reduce the incidence of hip, vertebral and non-vertebral fractures. treatment of osteoporosis in patients over 50 years of age with a history of at least one low trauma hip fracture, to reduce the incidence of further fracture. to increase bone mineral density in men with osteoporosis. to increase bone mineral density in patients with osteoporosis associated with long term glucocorticoid use. to prevent glucocorticoid-induced bone mineral density loss. treatment of paget's disease of bone.",diseases of the musculoskeletal system and connective tissue,,,yes,,auspar-aclasta.pdf,TGA
"312687, 346215, 375857",pm-2022-00116-1-3,rinvoq,upadacitinib,abbvie pty ltd,small molecule,tablet,oral,approved,authorised,06.01.2023,2023,no,yes,treatment of adults with active non-radiographic axial spondyloarthritis with objective signs of inflammation.,"treatment of adults with active non-radiographic axial spondyloarthritis with objective signs of inflammation as indicated by elevated c-reactive protein (crp) and/or magnetic resonance imaging (mri) change, who have responded inadequately to, or are intolerant to nonsteroidal anti-inflammatory drugs (nsaids).",diseases of the musculoskeletal system and connective tissue,28.02.2022,2022,yes,,auspar-rinvoq-240821.pdf,TGA
"174322, 174327, 174319, 174326",pm-2013-04125-1-4,yervoy/winglore,ipilimumab,bristol-myers squibb australia pty ltd,biologics,concentrate,intravenous,approved,authorised,30.03.2015,2015,no,yes,as first line therapy for patients with unresectable or metastatic melanoma.,as first line therapy for patients with unresectable or metastatic melanoma.,neoplasms; diseases of the skin,,,yes,,auspar-ipilimumab-rch-170206.pdf,TGA
374062,pm-2021-04071-1-1,korsuva,difelikefalin,vifor pharma pty ltd,peptides and proteins,solution,intravenous,approved,authorised (under additional monitoring),09.11.2022,2022,no,no,treatment of moderate-to-severe pruritus associated with chronic kidney disease in adult patients on haemodialysis.,treatment of moderate-to-severe pruritus associated with chronic kidney disease in adult patients on haemodialysis.,diseases of the skin; diseases of the genitourinary system,21.10.2021,2021,no,na,auspar-korsuva-231109.pdf,TGA
,pm-2015-03559-1-5,lokelma,sodium zirconium cyclosilicate hydrate,astrazeneca pty ltd,other,powder,oral,withdrawn,withdrawn,13.04.2017,2017,no,no,"for the treatment of hyperkalaemia in adult patients, acute and extended use.",na,"endocrine, nutritional, and metabolic diseases",23.12.2015,2015,no,na,auspar-sodium-zirconium-cyclosilicate-hydrate-180129.pdf,TGA
"158419, 158356, 200121",pm-2014-04303-1-4,revolade,eltrombopag,novartis pharmaceuticals australia pty ltd,small molecule,tablet,oral,approved,authorised,07.12.2015,2015,yes,yes,the treatment of adult patients with severe aplastic anaemia (saa) who have had an insufficient response to immunosuppressive therapy.,for the treatment of adult patients with severe aplastic anaemia (saa) who have had an insufficient response to immunosuppressive therapy.,diseases of the blood and blood-forming organs,,,yes,,auspar-eltrombopag-160330.pdf,TGA
200922 and 200936,pm-2012-02231-3-4,tafinlar,dabrafenib mesilate,glaxosmithkline australia pty ltd,small molecule,capsule,oral,approved,authorised,21.08.2013,2013,yes,no,treatment of patients with braf v600 mutation positive unresectable or metastatic (stage iv) melanoma,treatment of patients with braf v600 mutation positive unresectable stage iii or metastatic (stage iv) melanoma,neoplasms,,,no,na,auspar-dabrafenib-mesilate-140109.pdf,TGA
"149549, 149550, 165953, 165954",pm-2013-04148-1-3,stelara,ustekinumab,janssen-cilag pty ltd,biologics,solution,subcutaneous,approved,authorised,09.02.2015,2015,no,yes,psoriatic arthritis,psoriatic arthritis,diseases of the musculoskeletal system and connective tissue; diseases of the skin,,,yes,,auspar-ustekinumab-150709.pdf,TGA
"306952, 306953, 306954",pm-2018-01753-1-3,labetalol sxp/rmb/tlb,labetalol hydrochloride,southern cross pharma pty ltd,small molecule,solution,intravenous,approved,authorised,23.08.2019,2019,no,yes,"treatment of severe hypertension, including severe hypertension of pregnancy.",the emergency treatment of severe hypertension when prompt and urgent reduction of blood pressure is essential.,diseases of the circulatory system; pregnancy and childbirth,31.07.2018,2018,yes,,auspar-labetalol-hydrochloride-210319.pdf,TGA
"154726, 281317",pm-2018-04256-1-3,cimzia,certolizumab pegol,ucb australia pty ltd,biologics,solution,subcutaneous,approved,authorised,13.11.2019,2019,no,yes,the treatment of adult patients with active non-radiographic axial spondyloarthritis (nr-axspa) with objective signs of inflammation,non-radiographic axial spondyloarthritis,diseases of the musculoskeletal system and connective tissue,31.12.2018,2018,yes,,auspar-certolizumab-pegol-rbe-200213.pdf,TGA
"384152, 384154 and 384156",pm-2022-00525-1-6,vafseo,vadadustat,adjutor healthcare pty ltd,small molecule,tablet,oral,approved,authorised (under additional monitoring),25.09.2023,2023,no,no,treatment of anaemia associated with chronic kidney disease (ckd) in adults.,treatment of anaemia associated with chronic kidney disease (ckd) in adults on chronic maintenance dialysis.,diseases of the blood and blood-forming organs; diseases of the genitourinary system,19.04.2022,2022,no,na,auspar-vafseo-241211.pdf,TGA
372783,pm-2021-03689-1-4,opdualag,nivolumab and relatlimab,bristol-myers squibb australia pty ltd,biologics,concentrate,intravenous,approved,authorised (under additional monitoring),05.10.2022,2022,no,no,treatment of adult and adolescent patients (12 years and older and weighing at least 40 kg) with unresectable or metastatic melanoma.,treatment of patients with unresectable or metastatic melanoma who are at least 12 years old.,neoplasms; diseases of the skin,30.09.2021,2021,yes,,auspar-opdualag-231222.pdf,TGA
124408 and 124410,pm-2010-03191-3-2,gardasil,quadrivalent human papillomavirus recombinant vaccine,merck sharpe & dohme,vaccine,suspension,intramuscular,approved,authorised,20.12.2012,2012,no,yes,"prevention of anal cancer, precancerous or dysplastic lesions caused by hpv types 6, 11, 16, and 18 in males and females.","prevention of cervical, vulvar, vaginal and anal cancer, precancerous or dysplastic lesions, genital warts, and infection caused by hpv types 6, 11, 16, and 18 in females aged 9 through 45 years; prevention of anal cancer, precancerous or dysplastic lesions, external genital lesions and infection caused by hpv types 6, 11, 16, and 18 in males 9 through 26 years of age.",neoplasms; infectious and parasitic diseases,,,yes,,auspar-human-papillomavirus-quadrivalent-vaccine-120507.pdf,TGA
380812,pm-2021-05760-1-4,gavreto,pralsetinib,roche products pty ltd,small molecule,capsule,oral,approved,authorised (under additional monitoring),29.03.2023,2023,no,no,"for the treatment of adult patients with ret-fusion positive, locally advanced or metastatic nsclc.",for the treatment of adult patients with locally advanced or metastatic rearranged during transfection (ret) fusion-positive non-small cell lung cancer (nsclc).,neoplasms; diseases of the respiratory system,31.01.2022,2022,no,na,auspar-gavreto-231016.pdf,TGA
176631,pm-2010-02840-3-4,tachosil,human fibrinogen/human thrombin,nycomed pty ltd,biologics,"sponge, medicated",topical,approved,authorised,27.02.2012,2012,no,no,as an adjunct to haemostasis and tissue sealing in surgery,as an adjunct to haemostasis during surgery when control of bleeding by standard surgical techniques is ineffective or impractical,"injury, poisoning and certain other consequences of external causes",,,yes,,auspar-human-fibrinogen-120821.pdf,TGA
288565; 288566; 288567,pm-2017-00806-1-1,cizigo; cizinate; cizere,cinnarizine / dimenhydrinate,southern cross pharma pty ltd,small molecule,tablet,oral,approved,authorised,21.12.2018,2018,no,no,treatment of vertigo symptoms of various origins.,"short-term, symptomatic treatment of vertigo of various causes, in adults who have not responded to alternative treatments.",diseases of the nervous system,31.05.2017,2017,yes,,auspar-cinnarizine-dimenhydrinate-191112.pdf,TGA
370599,pm-2021-02994-1-2,spikevax,elasomeran,moderna australia pty ltd,vaccine,suspension,intramuscular,approved,authorised (under additional monitoring),03.09.2021,2021,no,no,active immunisation to prevent covid-19 caused by sars-cov-2 in individuals 12-17 years of age and older.,active immunisation to prevent coronavirus disease 2019 (covid-19) caused by sars-cov-2 in individuals 12 years of age and older.,infectious and parasitic diseases; diseases of the respiratory system,08.07.2021,2021,yes,,auspar-elasomeran-210903.pdf,TGA
"284248, 284249",pm-2016-03547-1-3,hadlima,adalimumab,samsung bioepis au pty ltd,biologics,solution,subcutaneous,approved,authorised,18.01.2018,2018,no,no,rheumatoid arthritis,rheumatoid arthritis,diseases of the musculoskeletal system and connective tissue,03.01.2017,2017,no,na,auspar-adalimumab-190313.pdf,TGA
"299922, 315082",pm-2018-00583-1-2,vaxigrip tetra,inactivated quadrivalent influenza vaccine (split virion) influenza virus haemagglutinin,sanofi-aventis australia pty ltd,vaccine,suspension,intramuscular;deep subcutaneous,approved,authorised,15.05.2019,2019,no,no,active immunisation of adults and children from 6 months of age and older for the prevention of influenza disease.,active immunisation of adults and children from 6 months of age and older for the prevention of influenza disease caused by the two influenza a virus subtypes and the two influenza b virus types contained in the vaccine.,infectious and parasitic diseases,29.03.2018,2018,no,na,auspar-inactivated-quadrivalent-influenza-vaccine-split-virion-191219.pdf,TGA
284948,,maviret,glecaprevir / pibrentasvir,abbvie pty ltd,small molecule,tablet,oral,approved,authorised,21.12.2017,2017,no,no,treatment of chronic hepatitis c virus (hcv) infection in adults,"treatment of adult patients with chronic hepatitis c virus (hcv) genotype 1, 2, 3, 4, 5, or 6 infection with or without compensated cirrhosis",infectious and parasitic diseases,28.02.2017,2017,no,na,auspar-glecaprevir-pibrentasvir-181106.pdf,TGA
195623 and 195622,pm-2012-04269-3-2,dificid,fidaxomicin,specialised therapeutics australia pty ltd,small molecule,tablet,oral,approved,authorised,18.04.2013,2013,no,no,treatment of clostridium difficile infection (cdi) and reducing the risk of recurrence when used for treatment of cdi.,treatment of confirmed clostridium difficile infection (cdi) in adults.,infectious and parasitic diseases,,,no,na,auspar-fidaxomicin-130926.pdf,TGA
337139,pm-2020-02473-1-3,cuprior,trientine tetrahydrochloride,jace pharma pty ltd,small molecule,tablet,oral,approved,authorised (under additional monitoring),15.07.2021,2021,yes,no,"treatment of wilson’s disease in adults, adolescents and children ≥ 5 years intolerant to d-penicillamine therapy","treatment of wilson’s disease in adults, adolescents and children ≥ 5 years intolerant to d-penicillamine therapy","endocrine, nutritional, and metabolic diseases",30.06.2020,2020,no,na,auspar-trientine-tetrahydrochloride-220110.pdf,TGA
"157954, 158161, 158162, 158163, 158164, 158165, 158166, 158167, 158168, 158169",pm-2008-03499-3-3,"exforge hct, ejocia hct","amlodipine, valsartan, hydrochlorothiazide",novartis pharmaceuticals australia pty limited,small molecule,tablet,oral,approved,authorised,01.04.2010,2010,no,no,"treatment of hypertension as substitution therapy in patients whose blood pressure is adequately controlled on amlodipine, valsartan, and hct used as individual or combination therapies.","substitution therapy for the treatment of hypertension in patients whose blood pressure is already adequately controlled on the triple combination of amlodipine, valsartan, and hydrochlorothiazide.",diseases of the circulatory system,,,yes,,auspar-exforge.pdf,TGA
"231867, 231868, 318057",pm-2021-02518-1-4,opdivo,nivolumab,bristol-myers squibb australia pty ltd,biologics,concentrate,intravenous,approved,authorised,14.07.2022,2022,no,yes,"opdivo, as monotherapy, is indicated for the adjuvant treatment of patients with muscle invasive urothelial carcinoma (miuc) who are at high risk of recurrence after undergoing radical resection of miuc.","opdivo, as monotherapy, is indicated for the adjuvant treatment of patients with muscle invasive urothelial carcinoma (miuc) who are at high risk of recurrence after undergoing radical resection of miuc.",neoplasms; diseases of the genitourinary system,02.08.2021,2021,yes,,auspar-opdivo-230606.pdf,TGA
376290,pm-2021-04758-1-1,sotyktu,deucravacitinib,bristol myers squibb australia pty ltd,small molecule,tablet,oral,approved,authorised (under additional monitoring),29.11.2022,2022,no,no,treatment of adult patients with moderate-to-severe plaque psoriasis who are candidates for systemic therapy or phototherapy.,treatment of adult patients with moderate-to-severe plaque psoriasis who are candidates for systemic therapy or phototherapy.,diseases of the skin,30.11.2021,2021,no,na,auspar-sotyktu-230830.pdf,TGA
"310749, 310750, 310751, 310752",pm-2018-04458-1-4,talzenna,talazoparib,pfizer australia pty ltd,small molecule,capsule,oral,approved,authorised (under additional monitoring),15.11.2019,2019,no,no,treatment of patients with germline breast cancer susceptibility gene (brca) mutated human epidermal growth factor receptor 2 (her2)-negative locally advanced or metastatic breast cancer,"treatment of patients with a deleterious or suspected deleterious germline breast cancer susceptibility gene (brca) mutation according to a validated diagnostic test, who have human epidermal growth factor receptor 2 (her2)-negative, locally advanced or metastatic breast cancer",neoplasms,30.11.2018,2018,no,na,auspar-talazoparib-as-tosilate-200225.pdf,TGA
253892; 253893,pm-2015-01878-1-4,taltz,ixekizumab,eli lilly australia pty ltd,biologics,solution,subcutaneous,approved,authorised,01.09.2016,2016,no,no,treatment of adult patients with moderate to severe plaque psoriasis,treatment of adult patients with moderate to severe plaque psoriasis who are candidates for systemic therapy or phototherapy,diseases of the skin,,,no,na,auspar-ixekizumab-170508.pdf,TGA
255632,pm-2015-02415-1-5,qtern,saxagliptin / dapagliflozin,astrazeneca pty ltd,small molecule,tablet,oral,approved,authorised,21.10.2016,2016,no,no,to improve glycaemic control in adults with type 2 diabetes mellitus when treatment with both saxagliptin and dapagliflozin is appropriate.,"as an adjunct to diet and exercise, in combination with metformin, to improve glycaemic control in adults with type 2 diabetes mellitus when treatment with both saxagliptin and dapagliflozin is appropriate.","endocrine, nutritional, and metabolic diseases",20.04.2015,2015,no,na,auspar-saxagliptin-dapagliflozin-171006.pdf,TGA
148325,pm-2020-04187-1-5,lucentis,ranibizumab,novartis pharmaceuticals australia pty ltd,biologics,solution,intravitreal,approved,authorised (under additional monitoring),02.02.2022,2022,yes,yes,"treatment of retinopathy of prematurity (rop) with zone i (stage 1+, 2+, 3 or 3+), zone ii (stage 3+) or ap-rop (aggressive posterior rop) disease","treatment of retinopathy of prematurity (rop) with zone i (stage 1+, 2+, 3 or 3+), zone ii (stage 3+) or ap-rop (aggressive posterior rop) disease",diseases of the eye and adnexa,30.09.2020,2020,yes,,auspar-lucentis-230519.pdf,TGA
"156137, 156138",pm-2008-3132-3,cleviprex,clevidipine,kendle australia pty ltd,small molecule,emulsion,intravenous,approved,authorised,12.04.2010,2010,no,no,short term treatment of hypertension when oral therapy is not feasible or desirable,short term treatment of hypertension when oral therapy is not feasible or desirable,diseases of the circulatory system,,,no,na,auspar-cleviprex.pdf,TGA
154726,pm-2013-00286-2-3,cimzia,certolizumab,ucb australia pty ltd,biologics,solution,subcutaneous,approved,authorised,01.05.2014,2014,no,yes,psoriatic arthritis; ankylosing spondylitis,psoriatic arthritis; ankylosing spondylitis,diseases of the musculoskeletal system and connective tissue,,,yes,,auspar-certolizumab-140815.pdf,TGA
282830,pm-2016-03834-1-4,fulphila,pegfilgrastim,alphapharm pty ltd,biologics,solution,subcutaneous,approved,authorised,06.08.2018,2018,no,no,"treatment of cancer patients following chemotherapy to decrease the duration of severe neutropenia and reduce the incidence of infections, as manifested by febrile neutropenia.","treatment of cancer patients following chemotherapy to decrease the duration of severe neutropenia and reduce the incidence of infections, as manifested by febrile neutropenia.",neoplasms; diseases of the blood and blood-forming organs,03.01.2017,2017,no,na,auspar-pegfilgrastim-190328.pdf,TGA
260634,pm-2015-02479-1-2,odefsey,emtricitabine / rilpivirine / tenofovir alafenamide fumarate,gilead sciences pty ltd,small molecule,tablet,oral,approved,authorised,16.08.2016,2016,no,no,"treatment of hiv-1 infection in adults and adolescents (12 years and older with body weight at least 35 kg) with plasma hiv-1 rna ≤100,000 copies/ml at the start of therapy","treatment of hiv-1 infection in adults and adolescents (12 years and older with body weight at least 35 kg) with plasma hiv-1 rna ≤100,000 copies/ml at the start of therapy",infectious and parasitic diseases,,,yes,,auspar-odefsey-171012.pdf,TGA
407960 and 407961,pm-2023-01677-1-4,truqap,capivasertib,astrazeneca pty ltd,small molecule,tablet,oral,approved,authorised (under additional monitoring),07.05.2024,2024,no,no,"truqap in combination with fulvestrant for the treatment of adult patients with hormone receptor (hr) positive, human epidermal growth factor receptor 2 (her2) negative locally advanced or metastatic breast cancer following recurrence or progression on or after an endocrine-based regimen.","truqap is indicated in combination with fulvestrant for the treatment of adult patients with hormone receptor (hr) positive, human epidermal growth factor receptor 2 (her2) negative locally advanced or metastatic breast cancer following recurrence or progression on or after an endocrine-based regimen.",neoplasms,31.05.2023,2023,no,na,auspar-truqap-250130.pdf,TGA
"311541, 311542",pm-2018-04819-1-6,idhifa,enasidenib,celgene pty ltd,small molecule,tablet,oral,approved,authorised (under additional monitoring),15.01.2020,2020,yes,no,treatment of adult patients with relapsed or refractory acute myeloid leukaemia with an isocitrate dehydrogenase-2 (idh2) mutation.,"treatment of adult patients with relapsed or refractory acute myeloid leukaemia who are ineligible for haematopoietic stem cell transplant, and who have an isocitrate dehydrogenase-2 (idh2) mutation confirmed by a validated diagnostic test.",neoplasms; diseases of the blood and blood-forming organs,02.01.2019,2019,no,na,auspar-enasidenib-200424.pdf,TGA
400874 and 412350,pm-2023-02389-1-2,comirnaty original/omicron ba.4-5,tozinameran and famtozinameran,pfizer australia pty ltd,vaccine,suspension,intramuscular,approved,authorised,20.12.2023,2023,no,yes,"as a booster dose for active immunisation to prevent coronavirus disease 2019 (covid-19) caused by sars-cov-2, in individuals 5 years of age and older.","active immunisation to prevent coronavirus disease 2019 (covid-19) caused by sars-cov-2, in individuals 5 years of age and older.",infectious and parasitic diseases; diseases of the respiratory system,06.07.2023,2023,yes,,auspar-comirnaty-original-omicron-ba-4-5-240201.pdf,TGA
238384,pm-2015-00767-1-5,seasonique,levonorgestrel/ethinyloestradiol,teva pharma australia pty ltd,small molecule,tablet,oral,approved,authorised,23.05.2016,2016,no,no,for use as an oral contraceptive,for use as an oral contraceptive,other,,,yes,,auspar-levonorgestrel-ethinyloestradiol-161209.pdf,TGA
370012 and 370011,pm-2021-02698-1-1,letybo,letibotulinumtoxina,croma australia pty ltd,biologics,powder,intramuscular,approved,authorised (under additional monitoring),23.11.2022,2022,no,no,treatment of glabellar frown lines,temporary improvement in the appearance of moderate to severe glabellar frown lines in adults,diseases of the skin,02.08.2021,2021,yes,,auspar-letybo-231114.pdf,TGA
232805,pm-2014-03864-1-4,blincyto,blinatumomab,amgen australia pty ltd,biologics,powder; solution,intravenous,approved,authorised,30.10.2015,2015,yes,no,for the treatment of adults with philadelphia chromosome-negative relapsed or refractory b-precursor acute lymphoblastic leukaemia,for the treatment of adults with philadelphia chromosome-negative relapsed or refractory b-precursor acute lymphoblastic leukaemia,neoplasms; diseases of the blood and blood-forming organs,02.02.2015,2015,yes,,auspar-blinatumomab-180207.pdf,TGA
411450,pm-2023-02734-1-2,mresvia,respiratory syncytial virus f protein,moderna australia pty ltd,vaccine,suspension,intramuscular,approved,authorised,28.03.2025,2025,no,no,prevention of lower respiratory tract disease (lrtd) and acute respiratory disease (ard) caused by respiratory syncytial virus (rsv) in adults 60 years of age and older,prevention of lower respiratory tract disease (lrtd) caused by respiratory syncytial virus (rsv) in adults 60 years of age and older,infectious and parasitic diseases; diseases of the respiratory system,31.07.2023,2023,no,na,auspar-mresva-250408.pdf,TGA
,,azarga,brinzolamide/ timolol maleate,alcon laboratories (australia) pty ltd,small molecule,drops,ocular,approved,authorised,23.12.2009,2009,no,no,decrease of ocular pressure (iop) in patients with open-angle glaucoma or ocular hypertension for whom monotherapy provides insufficient iop reduction.,decrease of ocular pressure (iop) in patients with open-angle glaucoma or ocular hypertension for whom monotherapy with either component provides insufficient iop reduction.,diseases of the eye and adnexa,,,no,na,auspar-timolol.pdf,TGA
"327905, 327906, 327907",pm-2019-05979-1-3,zolgensma,onasemnogene abeparvovec,novartis pharmaceuticals australia pty ltd,cell and gene therapy,injection,intravenous,approved,authorised (under additional monitoring),24.02.2021,2021,yes,no,treatment of paediatric patients less than 2 years of age with spinal muscular atrophy with bi-allelic mutations in the smn1 gene,treatment of paediatric patients less than 9 months of age with symptomatic or pre-symptomatic spinal muscular atrophy with bi-allelic mutations in the smn1 gene and 1 to 3 copies of the smn2 gene,diseases of the nervous system; congenital malformations and chromosomal abnormalities,29.01.2020,2020,no,na,auspar-onasemnogene-abeparvovec-210406.pdf,TGA
292144 and 292145,pm-2017-01877-1-1,xadago,safinamide,seqirus pty ltd,small molecule,tablet,oral,approved,authorised (under additional monitoring),30.10.2018,2018,no,no,for the treatment of idiopathic parkinson’s disease (pd) as add-on therapy to levodopa (l-dopa) alone or in combination with other pd medicinal products.,for the treatment of idiopathic parkinson’s disease (pd) as add-on therapy to levodopa (l-dopa) alone or in combination with other pd medicinal products.,diseases of the nervous system,30.08.2017,2017,no,na,auspar-safinamide-190327.pdf,TGA
"231039, 231046, 231051, 231052, 231053, 262645, 262646, 262647, 262648, 262649",pm-2014-03163-1-5,"bemfola, afolia",follitropin alfa,finox biotech australia pty ltd,biologics,solution,subcutaneous,approved,authorised,25.11.2015,2015,no,yes,"anovulation, stimulation of multifollicular development in art, stimulation of follicular development in severe lh and fsh deficiency, stimulation of spermatogenesis in hypogonadotropic hypogonadism","treatment of anovulatory infertility, controlled ovarian hyperstimulation in art, stimulation of follicular development in severe lh and fsh deficiency, stimulation of spermatogenesis in hypogonadotropic hypogonadism","endocrine, nutritional, and metabolic diseases; diseases of the genitourinary system",,,no,na,auspar-follitropin-alfa-rch-160408.pdf,TGA
320962,pm-2019-03202-1-2,fluzone high-dose quadrivalent,inactivated quadrivalent influenza vaccine (split virion) influenza virus haemagglutinin,sanofi-aventis australia pty ltd,vaccine,suspension,intramuscular,approved,authorised,30.07.2020,2020,no,no,active immunisation for the prevention of influenza disease in persons 65 years of age and older.,active immunisation for the prevention of influenza disease in persons 65 years of age and older.,infectious and parasitic diseases,02.09.2019,2019,no,na,auspar-inactivated-quadrivalent-influenza-vaccine-virus-haemagglutinin-201127.pdf,TGA
430937,pm-2023-05942-1-5,eladynos,abaloparatide,theramex australia pty ltd,peptides and proteins,solution,subcutaneous,approved,authorised,06.11.2024,2024,no,no,for the treatment of osteoporosis in postmenopausal women at increased risk of fracture.,for the treatment of osteoporosis in postmenopausal women at increased risk of fracture.,diseases of the musculoskeletal system and connective tissue,01.2024,2024,no,na,auspar-eladynos-250218.pdf,TGA
159573 and 187078,pm-2013-01501-1-3,ilaris,canakinumab,novartis pharmaceuticals australia pty ltd,biologics,powder,subcutaneous,approved,authorised,07.08.2014,2014,yes,yes,treatment of active systemic juvenile idiopathic arthritis (sjia) in patients 2 years and older,treatment of active systemic juvenile idiopathic arthritis (sjia) in patients aged 2 years or older,diseases of the musculoskeletal system and connective tissue,,,yes,,auspar-canakinumab-141125.pdf,TGA
"160856, 160857, 160858, 160859, 160860",pm-2009-00926-3-1,invega sustenna,paliperidone palmitate,janssen-cilag australia pty ltd,small molecule,solution,intramuscular,approved,authorised,20.07.2010,2010,no,no,acute and maintenance treatment of schizophrenia in adults,acute and maintenance treatment of schizophrenia in adults,mental and behavioural disorders,,,no,na,auspar-invega-sustenna.pdf,TGA
391198,pm-2022-02492-1-1,onakta,tirbanibulin,seqirus pty ltd,small molecule,ointment,topical,approved,authorised,19.09.2023,2023,no,no,topical field treatment of actinic keratosis of the face or scalp in adults.,"topical field treatment of non-hyperkeratotic, non-hypertrophic actinic keratosis of the face or scalp in adults.",diseases of the skin; neoplasms,18.08.2022,2022,no,na,auspar-onakta-240830.pdf,TGA
"64240 (10 mg), 43375 (20 mg), 17905 (50 mg)",pm-2009-2549-3-3,actilyse,alteplase,boehringer ingelheim pty ltd,biologics,powder,intravenous,approved,authorised,22.09.2010,2010,no,yes,thrombolytic treatment of acute ischaemic stroke with an extended treatment window from 0-3 hours to 0-4.5 hours after onset of symptoms.,thrombolytic treatment of acute ischaemic stroke. treatment must be started as early as possible within 4.5 hours after onset of stroke symptoms and after exclusion of intracranial haemorrhage by appropriate imaging techniques.,diseases of the circulatory system,,,yes,,auspar-actilyse.pdf,TGA
232805,pm-2016-01898-1-4,blincyto,blinatumomab,amgen australia pty ltd,biologics,powder,intravenous,approved,authorised,19.07.2017,2017,yes,yes,treatment of paediatric patients with philadelphia chromosome-negative relapsed or refractory b-cell precursor acute lymphoblastic leukaemia (all),treatment of philadelphia chromosome-negative relapsed or refractory b-cell precursor acute lymphoblastic leukaemia (all),neoplasms; diseases of the blood and blood-forming organs,31.08.2016,2016,yes,,auspar-blinatumomab-180205.pdf,TGA
"231867, 231868, 318057",pm-2022-00374-1-4,opdivo,nivolumab,bristol-myers squibb australia pty ltd,biologics,concentrate,infusion,approved,authorised,17.02.2023,2023,no,yes,neoadjuvant treatment of patients with resectable non-small cell lung cancer (nsclc),neoadjuvant treatment of patients with resectable non-small cell lung cancer (nsclc),neoplasms; diseases of the respiratory system,31.03.2022,2022,yes,,auspar-opdivo-240903.pdf,TGA
,pm-2010-03800-3-5,onglyza,saxagliptin,bristol-myers squibb/astrazeneca,small molecule,tablet,oral,withdrawn,na,20.12.2012,2012,no,yes,type ii diabetes mellitus in patients with renal impairment,na,"endocrine, nutritional, and metabolic diseases",,,yes,,auspar-saxagliptin-120625.pdf,TGA
"235934, 235933, 235932",pm-2015-00409-1-2,vorcon,voriconazole,aspen pharma pty ltd,small molecule,tablet; powder,oral; intravenous,approved,authorised,24.06.2016,2016,no,no,"serious candida infections (including c. krusei), including oesophageal and systemic candida infections (hepatosplenic candidiasis, disseminated candidiasis, candidaemia). serious fungal infections caused by scedosporium spp and fusarium spp. other serious fungal infections, in patients intolerant of, or refractory to, other therapy. prophylaxis in patients who are at high risk of developing invasive fungal infections.","invasive aspergillosis. serious candida infections (including c.krusei), including oesophageal and systemic candida infections (hepatosplenic candidiasis, disseminated candidiasis, candidaemia). serious fungal infections caused by scedosporium spp and fusarium spp. other serious fungal infections, in patients intolerant of, or refractory to, other therapy. prophylaxis in patients who are at risk of developing invasive fungal infections.",infectious and parasitic diseases,,,yes,,auspar-voriconazole-170629.pdf,TGA
"371018, 371019",pm-2021-03048-1-6,scemblix,asciminib,novartis pharmaceuticals australia pty ltd,small molecule,tablet,oral,approved,authorised (under additional monitoring),14.07.2022,2022,yes,no,for the treatment of adult patients with philadelphia chromosome-positive chronic myeloid leukaemia (ph+ cml) in chronic phase (cp) previously treated with two or more tyrosine kinase inhibitors.,philadelphia chromosome-positive chronic myeloid leukaemia (ph+ cml) in chronic phase (cp) previously treated with two or more tyrosine kinase inhibitors; ph+ cml in cp with the t315i mutation.,neoplasms; diseases of the blood and blood-forming organs,27.08.2021,2021,no,na,auspar-scemblix-230406.pdf,TGA
,pm‐2013‐04610‐1‐2,prepandrix,"purified antigen fractions of inactivated split virion a/indonesia/05/2005 (h5n1), as03 adjuvanted",glaxosmithkline australia pty ltd,vaccine,emulsion,intramuscular,withdrawn,withdrawn,03.09.2015,2015,no,no,prophylaxis of influenza caused by the h5n1 strain with a pandemic potential,na,infectious and parasitic diseases,,,yes,,auspar-purified-antigen-fractions-of-inactivated-split-virion-a-indonesia-05-2005-h5n1-as03-adjuvanted-151223.pdf,TGA
282522,pm-2016-04042-1-3,spinraza,nusinersen,biogen australia pty ltd,other,solution,intrathecal,approved,authorised,02.11.2017,2017,yes,no,spinraza is indicated for the treatment of spinal muscular atrophy (sma).,spinraza is indicated for the treatment of 5q spinal muscular atrophy (sma).,diseases of the nervous system,04.01.2017,2017,no,na,auspar-nusinersen-heptadecasodium-180813.pdf,TGA
"99498, 99558, 99561 and 99564",pm-2010-03252-3-4,navelbine,vinorelbine,pierre fabre medicament australia pty ltd,small molecule,capsule,oral,approved,authorised,21.12.2011,2011,no,yes,treatment of advanced breast cancer as a single agent or in combination after standard therapy,first line treatment of advanced non-small cell lung cancer as a single agent or in combination; treatment of advanced breast cancer after failure of standard therapy as a single agent or in combination,neoplasms; diseases of the respiratory system,,,yes,,auspar-vinorelbine-120530-01.pdf,TGA
"291361, 421965, 391362",pm-2022-02486-1-1,aquipta,atogepant,abbvie pty ltd,small molecule,tablet,oral,approved,authorised,14.11.2023,2023,no,no,prophylaxis of migraine in adults who have at least four migraine days per month,prophylaxis of migraine in adults who have at least four migraine days per month,diseases of the nervous system,01.08.2022,2022,no,na,auspar-aquipta-240620.pdf,TGA
327947,pm-2019-05977-1-6,scenesse,afamelanotide,clinuvel pharmaceuticals ltd,peptides and proteins,implant,subcutaneous,approved,authorised (under additional monitoring),22.10.2020,2020,yes,no,prevention of phototoxicity in adult patients with erythropoietic protoporphyria (epp),prevention of phototoxicity in adult patients with erythropoietic protoporphyria (epp),diseases of the blood and blood-forming organs; diseases of the skin,31.01.2020,2020,no,na,auspar-afamelanotide-210311.pdf,TGA
"133809, 133813, 165745, 165746, 174478, 174479",pm-2012-00320-3-1,rebif,interferon beta-1a,merck serono australia pty ltd,biologics,solution,subcutaneous,approved,authorised,15.05.2013,2013,no,yes,patients with a single demyelinating event of the central nervous system (cns): so called clinically isolated syndrome (cis).,"patients with a single demyelinating event in the central nervous system with an active inflammatory process, if alternative diagnoses have been excluded, and if they are determined to be at high risk of developing clinically definite multiple sclerosis.",diseases of the nervous system,,,yes,,auspar-interferon-beta-1a-131010.pdf,TGA
"388301, 388302, 388303, 388304, 388305, 388306, 388307, 388308, 388309, 388310, 388311, 388312, 388174, 388292, 388296, 388297",pm-2022-01551-1-1,"melatonin-link, immela, mel akso, voquily",melatonin,link medical products pty ltd,small molecule,capsule; solution,oral,approved,authorised,03.10.2023,2023,no,yes,"short-term treatment of jet lag in adults aged 18 and over; sleep disorders in children and adolescents aged 6 to 18 with neurodevelopmental disorders including autism spectrum disorder (asd) and attention deficit hyperactivity disorder (adhd), where sleep hygiene measures have been insufficient.","short-term treatment of jet lag in adults aged 18 and over; sleep disorders in children and adolescents aged 6 to 18 with neurodevelopmental disorders including autism spectrum disorder (asd) and attention deficit hyperactivity disorder (adhd), where sleep hygiene measures have been insufficient.",diseases of the nervous system; mental and behavioural disorders,31.05.2022,2022,yes,,auspar-melatonin-link-immela-melakso-voquily-240313.pdf,TGA
234553,pm-2014-04721-1-5,prolastin-c,alpha-1-proteinase inhibitor,grifols australia pty ltd,biologics,powder; diluent,intravenous,approved,authorised,14.10.2016,2016,yes,no,chronic augmentation therapy of individuals with congenital deficiency of alpha pi with clinically demonstrable emphysema.,increase serum alpha1-pi levels in adults with congenital deficiency of alpha-1 antitrypsin and with clinically significant emphysema (fev1 < 80%).,"diseases of the respiratory system; endocrine, nutritional, and metabolic diseases",,,yes,,auspar-prolastin-c-171011.pdf,TGA
"166773, 166767 and 166772",pm-2009-03102-3-4,javlor,vinflunine ditartrate,pierre fabre medicament australia pty ltd,small molecule,concentrate,intravenous,approved,authorised,07.02.2011,2011,no,no,treatment of adult patients with advanced or metastatic transitional cell carcinoma of the urothelial tract after failure of a prior platinum-containing regimen.,treatment of adult patients with advanced or metastatic transitional cell carcinoma of the urothelial tract after failure of a prior platinum-containing regimen.,neoplasms; diseases of the genitourinary system,,,no,na,auspar-javlor.pdf,TGA
321419,pm-2019-04317-1-6,calquence,acalabrutinib,astrazeneca pty ltd,small molecule,capsule,oral,approved,authorised (under additional monitoring),22.11.2019,2019,no,yes,calquence is indicated for the treatment of patients with chronic lymphocytic leukaemia (cll)/small lymphocytic lymphoma (sll).,calquence is indicated for the treatment of patients with chronic lymphocytic leukaemia (cll)/small lymphocytic lymphoma (sll).,neoplasms; diseases of the blood and blood-forming organs,10.10.2019,2019,no,na,auspar-acalabrutinib-200217-01.pdf,TGA
356332 and 356333,pm-2021-00851-1-4,illuccix,glu-urea-lys(ahx)-hbed-cc,telix pharmaceuticals (anz) pty ltd,peptides and proteins,powder; diluent,intravenous,approved,authorised,01.11.2021,2021,no,no,radioactive diagnostic agent for use with pet imaging for the evaluation of prostate cancer,radioactive diagnostic agent for use with pet imaging in patients with prostate cancer who are at risk of metastasis and who are suitable for initial definitive therapy or who have suspected recurrence based on elevated serum psa level,neoplasms,13.04.2021,2021,yes,,auspar-glu-urea-lys-ahx-hbed-cc-220624.pdf,TGA
176537,pm-2010-02853-3-2,eviplera,tenofovir disoproxil fumarate; emtricitabine; rilpivirine,gilead sciences pty ltd,small molecule,tablet,oral,approved,authorised,23.01.2012,2012,no,no,"treatment of hiv infection in treatment-naïve adult patients with plasma hiv-1 rna ≤100,000 copies/ml at the start of therapy.","treatment of hiv infection in treatment-naïve adult patients with plasma hiv-1 rna ≤100,000 copies/ml at the start of therapy.",infectious and parasitic diseases,,,no,na,auspar-tenofovir-disoproxil-fumarate-120327.pdf,TGA
aust r 179687,pm-2010-03075-3-2,nulojix,belatacept,bristol-myers squibb australia pty ltd,biologics,powder,intravenous,approved,authorised,27.02.2012,2012,no,no,prophylaxis of graft rejection and preservation of renal function in adults receiving a renal transplant.,prophylaxis of organ rejection in adults receiving a renal transplant.,diseases of the genitourinary system,,,no,na,auspar-belatacept-120730.pdf,TGA
153980,pm-2008-2113-5,victoza,liraglutide,novo nordisk pharmaceuticals pty limited,peptides and proteins,solution,subcutaneous,approved,authorised,18.08.2010,2010,no,no,as an adjunct to diet and exercise to improve glycaemic control in patients with type 2 diabetes mellitus.,as an adjunct to diet and exercise for treatment of adults with type 2 diabetes mellitus to achieve glycaemic control.,"endocrine, nutritional, and metabolic diseases",,,no,na,auspar-victoza.pdf,TGA
153181 and 153767,pm-2012-01202-3-3,simponi and simponi smartject injector,golimumab,janssen-cilag pty ltd,biologics,solution,subcutaneous,approved,authorised,09.07.2013,2013,no,yes,rheumatoid arthritis (ra) and psoriatic arthritis (psa),rheumatoid arthritis (ra) and psoriatic arthritis (psa),diseases of the musculoskeletal system and connective tissue,,,yes,,auspar-golimumab-130816.pdf,TGA
203372,pm-2015-01529-1-4,adcetris,brentuximab vedotin,takeda pharmaceuticals australia pty ltd,biologics,powder,intravenous,approved,authorised,15.09.2016,2016,yes,yes,treatment of patients with cd30+ hodgkin lymphoma (hl) who are at risk of relapse or progression following autologous stem cell transplant (asct).,treatment of adult patients with cd30+ hl at higher risk of relapse or progression following asct.,neoplasms; diseases of the blood and blood-forming organs,,,yes,,auspar-brentuximab-vedotin-170914.pdf,TGA
90370,pm-2012-01178-3-2,viread,tenofovir disoproxil fumarate,"gilead sciences, australia & new zealand",small molecule,tablet,oral,approved,authorised,17.09.2013,2013,yes,yes,treatment of chronic hepatitis b in paediatric patients aged 12 years of age and older,"treatment of chronic hepatitis b in paediatric patients 12 years of age and older with compensated liver disease and with evidence of immune active disease, i.e. active viral replication, persistently elevated serum alt levels or evidence of active inflammation",infectious and parasitic diseases; diseases of the digestive system,,,yes,,auspar-tenofovir-disoproxil-fumarate-131014.pdf,TGA
229608,pm-2014-03153-1-2,zerbaxa,ceftolozane / tazobactam,merck sharp & dohme australia pty ltd,small molecule,powder,intravenous,approved,authorised,29.10.2015,2015,no,no,"complicated intra-abdominal infections in combination with metronidazole; complicated urinary tract infections, including pyelonephritis","complicated intra-abdominal infections in combination with metronidazole; complicated urinary tract infections, including pyelonephritis",infectious and parasitic diseases,,,no,na,auspar-ceftolozane-as-sulfate-tazobactam-as-sodium-salt-160127.pdf,TGA
,,erbitux,cetuximab,merck serono australia pty ltd,biologics,solution,intravenous,approved,authorised,05.01.2010,2010,no,yes,"treatment of patients with epidermal growth factor receptor (egfr)-expressing, k-ras wild-type metastatic colorectal cancer (crc) in combination with chemotherapy or as a single agent in patients who have failed oxaliplatin- and irinotecan-based therapy and who are intolerant to irinotecan; treatment of patients with squamous cell cancer of the head and neck in combination with radiation therapy for locally advanced disease or in combination with platinum-based chemotherapy for recurrent and/or metastatic disease.","treatment of patients with epidermal growth factor receptor (egfr)-expressing, k-ras wild-type metastatic colorectal cancer (crc) in combination with chemotherapy or as a single agent in patients who have failed oxaliplatin- and irinotecan-based therapy and who are intolerant to irinotecan; treatment of patients with squamous cell cancer of the head and neck in combination with radiation therapy for locally advanced disease or in combination with platinum-based chemotherapy for recurrent and/or metastatic disease.",neoplasms,,,yes,,auspar-erbitux.pdf,TGA
"272785, 272786, 272787, 272788, 272789",pm-2015-04368-1-3,jinarc,tolvaptan,otsuka australia pharmaceutical pty ltd,small molecule,tablet,oral,approved,authorised,10.03.2017,2017,,yes,to slow the progression of cyst development and renal insufficiency of autosomal dominant polycystic kidney disease (adpkd) in adults with ckd stage 1 to 3 at initiation of treatment with evidence of rapidly progressing disease.,to slow the progression of cyst development and renal insufficiency of autosomal dominant polycystic kidney disease (adpkd) in adults with ckd stage 1 to 3 at initiation of treatment with evidence of rapidly progressing disease.,diseases of the genitourinary system,29.02.2016,2016,no,na,auspar-tolvaptan-180209.pdf,TGA
392434,pm-2022-02939-1-1,nurtec odt,rimegepant,pfizer australia pty ltd,small molecule,tablet,sublingual,approved,authorised,17.07.2023,2023,no,no,acute treatment of migraine with or without aura in adults; preventive treatment of episodic migraine in adults who have at least 4 migraine attacks per month.,acute treatment of migraine with or without aura in adults; prophylactic treatment of episodic migraine in adults who have at least 4 migraine attacks per month.,diseases of the nervous system,07.09.2022,2022,no,na,auspar-nurtec-odt-240301.pdf,TGA
"199227, 199226, 199228, 284020, 284021, 284019",pm-2016-01092-1-1,vyvanse,lisdexamfetamine dimesilate,shire australia pty ltd,small molecule,capsule,oral,approved,authorised,22.01.2018,2018,no,yes,treatment of moderate to severe binge eating disorder (bed) in adults,treatment of moderate to severe binge eating disorder (bed) in adults,"mental and behavioural disorders; endocrine, nutritional, and metabolic diseases",30.06.2016,2016,no,na,auspar-lisdexamfetamine-dimesilate-180515.pdf,TGA
78441; 78442; 94216; 94217,pm-2011-02797-3-4,glivec,imatinib,novartis pharmaceuticals australia pty ltd,small molecule,capsule; tablet,oral,approved,authorised,30.10.2012,2012,yes,yes,extension of duration of treatment for adjuvant treatment of adult patients following complete gross resection of kit (cd117) positive primary gastrointestinal stromal tumours (gist) from 12 months to a minimum of 36 months.,adjuvant treatment of adult patients at high risk of recurrence following complete gross resection of kit (cd117) positive primary gist,neoplasms,22.08.2011,2011,yes,,auspar-imatinib-130604.pdf,TGA
197119 and 197118,,tecfidera,dimethyl fumarate,biogen idec australia pty ltd,small molecule,capsule,oral,approved,authorised,03.07.2013,2013,no,no,tecfidera is indicated in patients with relapsing multiple sclerosis to reduce the frequency of relapses and to delay the progression of disability.,tecfidera is indicated in patients with relapsing multiple sclerosis to reduce the frequency of relapses and to delay the progression of disability.,diseases of the nervous system,,,no,na,auspar-dimethyl-fumarate-131022.pdf,TGA
338551,pm-2020-03014-1-6,ledaga,chlormethine hydrochloride,recordati rare diseases australia pty ltd,small molecule,gel,topical,approved,authorised (under additional monitoring),08.06.2021,2021,yes,no,topical treatment of mycosis fungoides-type cutaneous t-cell lymphoma (mf-type ctcl) in adult patients,topical treatment of mycosis fungoides-type cutaneous t-cell lymphoma (mf-type ctcl) in adult patients,neoplasms; diseases of the skin,31.07.2020,2020,no,na,auspar-chlormethine-hydrochloride-210902.pdf,TGA
"95779, 95780, 127116, 155315, 199410, 199411, 199412 and 216038",pm-2014-01048-1-3,humira,adalimumab,abbvie pty ltd,biologics,solution,subcutaneous,approved,authorised,14.05.2015,2015,no,yes,polyarticular juvenile idiopathic arthritis in patients aged 2 years and older,polyarticular juvenile idiopathic arthritis in patients aged 2 years and older,diseases of the musculoskeletal system and connective tissue,,,yes,,auspar-adalimumab-rch-151210.pdf,TGA
199568,pm-2012-01920-3-5,striverdi respimat,olodaterol,boehringer ingelheim pty ltd,small molecule,solution,inhalation,approved,authorised,12.11.2013,2013,no,no,"for long term, once daily maintenance bronchodilator treatment of airflow obstruction in patients with chronic obstructive pulmonary disease (copd), including chronic bronchitis and/or emphysema",once daily maintenance bronchodilator treatment of airflow obstruction in patients with chronic obstructive pulmonary disease (copd),diseases of the respiratory system,16.05.2012,2012,no,na,auspar-olodaterol-140327.pdf,TGA
"287523, 287524, and 287537",pm-2017-01037-1-1,inovelon,rufinamide,eisai australia pty. ltd.,small molecule,tablet,oral,approved,authorised (under additional monitoring),22.06.2018,2018,yes,no,adjunctive therapy in the treatment of seizures associated with lennox-gastaut syndrome in patients 1 year of age and older,adjunctive therapy in the treatment of seizures associated with lennox-gastaut syndrome in patients 4 years of age and older,diseases of the nervous system,28.04.2017,2017,no,na,auspar-rufinamide-190321.pdf,TGA
82872,pm-2013-04579-1-3,kineret,anakinra,a menarini australia pty ltd,biologics,solution,subcutaneous,approved,authorised,13.03.2015,2015,yes,yes,for the treatment of active systemic juvenile idiopathic arthritis (sjia) in patients 2 years and above who have failed to respond adequately to non-biological dmards.,for the treatment of active systemic juvenile idiopathic arthritis (sjia) in patients 2 years and above who have failed to respond adequately to non-biological dmards.,diseases of the musculoskeletal system and connective tissue,,,yes,,auspar-anakinra-151030.pdf,TGA
"aust r 218798, 218799, 218800",pm-2019-04601-1-3,cosentyx,secukinumab,novartis pharmaceuticals australia pty ltd,biologics,powder; solution,subcutaneous,approved,authorised,10.09.2020,2020,no,yes,non-radiographic axial spondyloarthritis (axspa without radiographic damage),"non-radiographic axial spondyloarthritis (nr-axspa) with objective signs of inflammation as indicated by elevated c-reactive protein (crp) and/or mri change, who have had an inadequate response to, or are intolerant to, nsaids.",diseases of the musculoskeletal system and connective tissue,04.12.2019,2019,yes,,auspar-secukinumab-210127.pdf,TGA
104542,pm-2011-00854-3-4,velcade,bortezomib,janssen-cilag pty ltd,small molecule,powder,intravenous,approved,authorised,02.07.2012,2012,no,no,treatment of multiple myeloma,treatment of multiple myeloma,neoplasms; diseases of the blood and blood-forming organs,,,no,na,auspar-bortezomib-130116.pdf,TGA
"427294, 427296",pm-2023-04714-1-1,litfulo,ritlecitinib,pfizer australia pty ltd,small molecule,capsule,oral,approved,authorised (under additional monitoring),26.06.2024,2024,no,no,treatment of severe alopecia areata in adults and adolescents 12 years of age and older,treatment of severe alopecia areata in adults and adolescents 12 years of age and older,diseases of the skin,30.11.2023,2023,no,na,auspar-litfulo-250623.pdf,TGA
166483,pm-2016-03923-1-1,mavenclad,cladribine,merck serono australia pty ltd,small molecule,tablet,oral,approved,authorised,05.12.2017,2017,no,yes,to reduce the frequency of clinical relapses and to delay the progression of physical disability in relapsing-remitting multiple sclerosis (rrms),to reduce the frequency of clinical relapses and to delay the progression of physical disability in relapsing-remitting multiple sclerosis (rrms),diseases of the nervous system,31.01.2017,2017,yes,,auspar-cladribine-180625.pdf,TGA
"299962, 299963, 299964, 299965, 299966, 299967, 299968",pm-2018-00586-1-4,alunbrig,brigatinib,takeda pharmaceuticals australia pty ltd,small molecule,tablet,oral,approved,authorised (under additional monitoring),04.03.2019,2019,yes,no,treatment of adult patients with anaplastic lymphoma kinase (alk)-positive advanced non-small cell lung cancer (nsclc) previously treated with crizotinib,treatment of adult patients with anaplastic lymphoma kinase (alk)-positive advanced non-small cell lung cancer (nsclc) previously treated with crizotinib,neoplasms; diseases of the respiratory system,04.04.2018,2018,no,na,auspar-brigatinib-200312.pdf,TGA
372902,pm-2021-03724-1-1,vyalev,foslevodopa / foscarbidopa,abbvie pty ltd,small molecule,solution,subcutaneous,approved,authorised (under additional monitoring),01.03.2024,2024,no,no,for the treatment of idiopathic parkinson’s disease with severe motor fluctuations despite optimised alternative pharmacological treatment.,for the treatment of advanced idiopathic parkinson’s disease with severe motor fluctuations despite optimised alternative pharmacological treatment.,diseases of the nervous system,06.10.2021,2021,no,na,auspar-vyalev-241021.pdf,TGA
,pm-2008-2935-4,beriplex p/n,human prothrombin complex,csl ltd bioplasma division,biologics,solution,intravenous,approved,authorised,15.01.2010,2010,no,no,"treatment and perioperative prophylaxis of bleedings in acquired deficiency of the prothrombin complex coagulation factors, such as deficiency caused by treatment with vitamin k antagonists, or in case of overdose of vitamin k antagonists, when rapid correction of the deficiency is required.","treatment and perioperative prophylaxis of bleedings in acquired deficiency of the prothrombin complex coagulation factors, such as deficiency caused by treatment with vitamin k antagonists, or in case of overdose of vitamin k antagonists, when rapid correction of the deficiency is required.",diseases of the blood and blood-forming organs,,,yes,,auspar-beriplex.pdf,TGA
375455,pm-2021-04298-1-1,radicava,edaravone,teva pharma australia pty ltd,small molecule,concentrate,intravenous,approved,authorised,17.01.2023,2023,yes,no,treatment of amyotrophic lateral sclerosis,amyotrophic lateral sclerosis in adults who are independent in activities of daily living with normal respiratory function and where treatment is initiated within two years of disease onset,diseases of the nervous system,01.11.2021,2021,yes,,auspar-radicava-240812.pdf,TGA
,pm-2013-00742-1-3,sevelamer gppl,sevelamer hydrochloride,generic partners,other,tablet,oral,refused,withdrawn,30.06.2015,2015,no,no,management of hyperphosphataemia in adult patients with stage 4 and 5 chronic kidney disease,na,"endocrine, nutritional, and metabolic diseases",,,yes,,auspar-sevelamer-hydrochloride-170731_2.pdf,TGA
160658 and 166415,pm-2009-00587,cyklokapron,tranexamic acid,pfizer australia pty ltd,small molecule,solution,intravenous,approved,authorised,10.09.2010,2010,no,yes,for the reduction of peri- and post-operative blood loss and the need for blood transfusions in patients undergoing cardiac surgery or total knee arthroplasty or total hip arthroplasty.,for the reduction of peri- and post-operative blood loss and the need for blood transfusions in patients undergoing cardiac surgery or total knee arthroplasty or total hip arthroplasty.,diseases of the circulatory system; diseases of the musculoskeletal system and connective tissue,,,yes,,auspar-cyklokapron.pdf,TGA
316766,pm-2019-01560-1-4,akynzeo iv,fosnetupitant / palonosetron,mundipharma pty ltd,small molecule,powder,intravenous,approved,authorised (under additional monitoring),12.03.2020,2020,no,no,prevention of acute and delayed nausea and vomiting associated with initial and repeat courses of highly and moderately emetogenic cancer chemotherapy.,prevention of acute and delayed nausea and vomiting associated with initial and repeat courses of highly and moderately emetogenic cancer chemotherapy.,neoplasms,03.06.2019,2019,no,na,auspar-fosnetupitant-chloride-hydrochloride-palonosetron-hydrochloride-200924.pdf,TGA
237700,pm-2015-00776-1-5,esmya,ulipristal acetate,vifor pharma pty ltd,small molecule,tablet,oral,approved,authorised,11.05.2016,2016,no,yes,intermittent treatment of moderate to severe symptoms of uterine fibroids in adult women of reproductive age.,intermittent treatment of moderate to severe symptoms of uterine fibroids in adult women of reproductive age.,neoplasms; diseases of the genitourinary system,,,no,na,auspar-ulipristal-acetate-161019.pdf,TGA
"78441, 78442, 94216, 94217",pm-2012-02722-3-4,glivec,imatinib,novartis pharmaceuticals australia pty ltd,small molecule,capsule; tablet,oral,approved,authorised,21.08.2013,2013,yes,yes,treatment of paediatric patients with newly diagnosed philadelphia chromosome positive acute lymphoblastic leukaemia (ph+ all) integrated with chemotherapy,treatment of paediatric patients with newly diagnosed philadelphia chromosome positive acute lymphoblastic leukaemia (ph+ all) integrated with chemotherapy,neoplasms; diseases of the blood and blood-forming organs,,,yes,,auspar-imatinib-140122.pdf,TGA
338475,pm-2020-03076-1-6,brukinsa,zanubrutinib,beigene aus pty ltd,small molecule,capsule,oral,approved,authorised (under additional monitoring),08.10.2021,2021,no,no,mantle cell lymphoma (mcl) who have received at least one prior therapy,mantle cell lymphoma (mcl) who have received at least one prior therapy,neoplasms; diseases of the blood and blood-forming organs,31.07.2020,2020,no,na,auspar-brukinsa-220809-01.pdf,TGA
"226065, 226066, 226067 and 226068",pm-2019-04480-1-5,ofev /vargatef,nintedanib,boehringer ingelheim pty ltd,small molecule,capsule,oral,approved,authorised,23.12.2020,2020,no,yes,treatment of other chronic fibrosing interstitial lung diseases (ilds) with a progressive phenotype,treatment of other chronic fibrosing interstitial lung diseases (ilds) with a progressive phenotype,diseases of the respiratory system,03.01.2020,2020,no,na,auspar-nintedanib-as-esilate-210226.pdf,TGA
196108 and 196109,pm-2011-04271-3-2,mycamine,micafungin,astellas pharma australia pty ltd,peptides and proteins,powder,intravenous,approved,authorised,02.05.2013,2013,no,no,"treatment of invasive candidiasis, treatment of oesophageal candidiasis, prophylaxis of candida infection in patients undergoing allogeneic haematopoietic stem cell transplantation or expected to have neutropenia for 10 or more days.","treatment of invasive candidiasis, treatment of oesophageal candidiasis, prophylaxis of candida infection in patients undergoing allogeneic haematopoietic stem cell transplantation or expected to have neutropenia for 10 or more days.",infectious and parasitic diseases,,,no,na,auspar-micafungin-130809.pdf,TGA
"aust r 149014, aust r 149021 and aust r 149023",pm-2011-01226-3-5,janumet,sitagliptin/metformin,"merck, sharp and dohme (msd) (australia) pty limited",small molecule,tablet,oral,approved,authorised,13.09.2012,2012,no,yes,janumet is indicated as initial therapy in patients with type 2 diabetes mellitus to improve glycaemic control when diet and exercise do not provide adequate glycaemic control.,"janumet is indicated as initial therapy in patients with type 2 diabetes mellitus to improve glycaemic control when diet and exercise do not provide adequate glycaemic control, when dual sitagliptin and metformin therapy is appropriate (i.e. high initial hba1c levels and poor prospects of response to monotherapy).","endocrine, nutritional, and metabolic diseases",,,yes,,auspar-sitagliptin-130114.pdf,TGA
370160,pm-2021-02546-1-4,exkivity,mobocertinib,takeda pharmaceuticals australia pty ltd,small molecule,capsule,oral,approved,authorised (under additional monitoring),14.07.2022,2022,yes,no,"treatment of adult patients with epidermal growth factor receptor (egfr) exon 20 insertion mutation-positive locally advanced or metastatic non-small cell lung cancer (nsclc), who have received prior platinum-based chemotherapy.","treatment of patients with locally advanced or metastatic non-small cell lung cancer (nsclc) that has an exon 20 insertion mutation of the epidermal growth factor receptor (egfr), who have received prior platinum-based chemotherapy.",neoplasms; diseases of the respiratory system,02.08.2021,2021,no,na,auspar-exkivity-210427.pdf,TGA
"216956, 216957, 216958, 216959, 216960, 216961, 216962, 216963",pm-2015-04334-1-3,atozet / zeteze,ezetimibe and atorvastatin,merck sharp & dohme (australia) pty limited,small molecule,tablet,oral,approved,authorised,19.05.2017,2017,no,yes,prevention of cardiovascular disease in patients with coronary heart disease (chd) and a history of acute coronary syndrome (acs),prevention of cardiovascular disease in patients with coronary heart disease (chd) and a history of acute coronary syndrome (acs) taking their maximum tolerated dose of atorvastatin and in need of additional lowering of ldl-c,diseases of the circulatory system,,,yes,,auspar-ezetimibe-atorvastatin-170711.pdf,TGA
"356286, 356285, 356288, 356270, 356287",pm-2022-04980-1-5,wegovy,semaglutide,novo nordisk pharmaceuticals pty ltd,peptides and proteins,solution,subcutaneous,approved,authorised (under additional monitoring),03.01.2024,2024,no,yes,adolescents with obesity and body weight above 60 kg,adolescents with obesity and body weight above 60 kg,"endocrine, nutritional, and metabolic diseases",03.01.2023,2023,no,na,auspar-wegovy-240904.pdf,TGA
"149402, 149403, 149404",pm-2013-02398-1-3,actemra,tocilizumab,roche products pty ltd,biologics,injection,intravenous,approved,authorised,14.10.2014,2014,no,yes,treatment of moderate to severe active rheumatoid arthritis in adult patients in combination with methotrexate in those not previously treated with mtx.,treatment of moderate to severe active rheumatoid arthritis in adult patients with poor prognostic factors in combination with mtx in those not previously treated with mtx.,diseases of the musculoskeletal system and connective tissue,,,yes,,auspar-tocilizumab-150112.pdf,TGA
291923,pm-2017-02454-1-2,biktarvy,bictegravir / emtricitabine / tenofovir alafenamide,gilead sciences,small molecule,tablet,oral,approved,authorised (under additional monitoring),10.07.2018,2018,no,no,treatment of adults infected with hiv-1 without any known mutations associated with resistance to the individual components of biktarvy. treatment of chronic hepatitis b in adults co-infected with hiv-1 and hepatitis b.,treatment of hiv-1 infection in adults who are antiretroviral therapy (art)-naïve or to replace the current antiretroviral regimen in those who are virologically-suppressed.,infectious and parasitic diseases,31.08.2017,2017,yes,,auspar-bictegravir-emtricitabine-tenofovir-alafenamide-190801.pdf,TGA
"25347, 25349, 61937, 61938, 61939, 66625, 66626",pm-2009-00586-3-3,fragmin,dalteparin,pfizer australia pty ltd,biologics,solution,subcutaneous; intravenous,approved,authorised,01.04.2010,2010,no,yes,extended treatment of symptomatic venous thromboembolism (vte) to reduce the recurrence of vte in patients with cancer,extended treatment of symptomatic venous thromboembolism (vte) (proximal deep vein thrombosis and/or pulmonary embolism) to reduce the recurrence of vte in patients with solid tumour cancers,neoplasms; diseases of the circulatory system,,,yes,,auspar-fragmin.pdf,TGA
202525,pm-2012-03141-1-5,lotemax,loteprednol etabonate,bausch and lomb australia pty ltd,small molecule,suspension,topical,approved,authorised,13.01.2014,2014,no,no,"treatment of post-operative inflammation following ocular surgery and treatment of steroid responsive inflammatory conditions of the palpebral and bulbar conjunctiva, cornea and anterior segment of the globe.",treatment of post-operative inflammation following cataract surgery and treatment of steroid responsive inflammatory conditions of contact lens associated giant papillary conjunctivitis (gpc).,diseases of the eye and adnexa,,,no,na,auspar-loteprednol-etabonate-140417.pdf,TGA
263932,pm-2021-04316-1-4,keytruda,pembrolizumab,merck sharp & dohme (australia) pty ltd,biologics,solution,intravenous,approved,authorised,30.09.2022,2022,no,yes,"adjuvant treatment of patients with rcc at intermediate-high or high risk of recurrence following nephrectomy, or following nephrectomy and resection of metastatic lesions.","adjuvant treatment of patients with rcc with a clear cell component who are at intermediate-high or high risk of recurrence following nephrectomy, or following nephrectomy and resection of metastatic lesions.",neoplasms; diseases of the genitourinary system,01.11.2021,2021,yes,,auspar-keytruda-230830.pdf,TGA
327899,pm-2019-05961-1-4,qinlock,ripretinib,tudorrose consulting pty ltd,small molecule,tablet,oral,approved,authorised (under additional monitoring),10.07.2020,2020,yes,no,"treatment of adult patients with advanced gastrointestinal stromal tumours (gist) who have received prior treatment with 3 or more kinase inhibitors, including imatinib.","treatment of adult patients with advanced gastrointestinal stromal tumours (gist) who have received prior treatment with 3 or more kinase inhibitors, including imatinib.",neoplasms; diseases of the digestive system,13.01.2020,2020,no,na,auspar-ripretinib-201120.pdf,TGA
405360,pm-2023-00668-1-6,hemgenix,etranacogene dezaparvovec,csl behring (australia) pty ltd,cell and gene therapy,injection,intravenous,approved,authorised (under additional monitoring),15.03.2024,2024,yes,no,treatment of adults with haemophilia b (congenital factor ix deficiency) and with a pre-existing neutralising anti-aav5 antibody titre below 1:700 to reduce the frequency of bleeding episodes and the need for factor ix replacement therapy,"treatment of adults with haemophilia b (congenital factor ix deficiency), without a history of factor ix inhibitors, who currently use factor ix prophylaxis therapy, or have current or historical life-threatening haemorrhage, or repeated, serious spontaneous bleeding episodes",diseases of the blood and blood-forming organs,31.03.2023,2023,no,na,auspar-hemgenix-240709.pdf,TGA
200553,pm-2012-02342-3-4,stivarga,regorafenib,bayer australia ltd,small molecule,tablet,oral,approved,authorised,26.11.2013,2013,no,no,"treatment of patients with metastatic colorectal cancer irrespective of kras mutational status who have been previously treated with, or are not considered candidates for, fluoropyrimidine based chemotherapy, an anti-vegf therapy, and, if kras wild type, an anti egfr therapy.","treatment of patients with metastatic colorectal cancer (crc) who have been previously treated with fluoropyrimidine,- oxaliplatin - and irinotecan-based chemotherapy, an anti-vegf therapy, and, if kras wild type, an anti-egfr therapy.",neoplasms; diseases of the digestive system,,,no,na,auspar-regorafenib-140207.pdf,TGA
163657 and 163677,pm-2009-1996-3-4,tevagrastim,filgrastim,aspen pharmacare australia pty ltd,biologics,solution,subcutaneous; intravenous,approved,authorised,16.08.2011,2011,no,no,to decrease the incidence of infection in patients with nonmyeloid malignancies receiving myelosuppressive anticancer drugs; to reduce the duration of neutropenia in patients undergoing chemotherapy for acute myeloid leukaemia; for the mobilisation of peripheral blood progenitor cells; to reduce the duration of neutropenia following bone marrow transplantation; for chronic administration to increase neutrophil counts in patients with severe chronic neutropenia; in patients with hiv infection for reversal of neutropenia.,to decrease the incidence of infection in patients with nonmyeloid malignancies receiving myelosuppressive anticancer drugs; to reduce the duration of neutropenia in patients undergoing chemotherapy for acute myeloid leukaemia; for the mobilisation of peripheral blood progenitor cells; to reduce the duration of neutropenia following bone marrow transplantation; for chronic administration to increase neutrophil counts in patients with severe chronic neutropenia; in patients with hiv infection for reversal of neutropenia.,neoplasms; diseases of the blood and blood-forming organs; infectious and parasitic diseases,,,no,na,auspar-tevagrastim-1.pdf,TGA
275256 and 275265,pm-2016-00744-1-3,urorec,silodosin,mayne pharma international pty ltd,small molecule,capsule,oral,approved,authorised,18.05.2017,2017,no,no,treatment of the signs and symptoms of benign prostatic hyperplasia (bph) in adult men,relief of lower urinary tract symptoms (luts) associated with benign prostatic hyperplasia in adult men,diseases of the genitourinary system,,,no,na,auspar-silodosin-171031.pdf,TGA
192493 and 192492,pm-2011-03153-3-4,folotyn,pralatrexate,mundipharma pty ltd,small molecule,solution,intravenous,approved,authorised,26.02.2015,2015,yes,no,"treatment of adult patients with peripheral t-cell lymphoma (nodal, extranodal, and leukaemic/disseminated) who have progressed after at least one prior therapy","treatment of adult patients with peripheral t-cell lymphoma (ptcl) (nodal, extranodal and leukaemic/disseminated) who have progressed after at least one prior therapy",neoplasms; diseases of the blood and blood-forming organs,23.12.2014,2014,yes,,auspar-pralatrexate-130822.pdf,TGA
161936,pm-2011-04144-3-5,daivobet 50/500,calcipotriol and betamethasone,leo pharma pty ltd,small molecule,gel,topical,approved,authorised,19.03.2013,2013,no,yes,topical treatment of body and scalp psoriasis,topical treatment of mild to moderate plaque psoriasis on the body in adults,diseases of the skin,,,yes,,auspar-calcipotriol-betamethasone-130809.pdf,TGA
403948,pm-2023-00180-1-1,winlevi,clascoterone,sun pharma anz pty ltd,small molecule,cream,topical,approved,authorised (under additional monitoring),08.03.2024,2024,no,no,topical treatment of acne vulgaris in patients 12 years of age and older,topical treatment of acne vulgaris in patients 12 years of age and older,diseases of the skin,28.02.2023,2023,no,na,auspar-winlevi-240816.pdf,TGA
343262,pm-2020-04659-1-4,enhertu,trastuzumab deruxtecan,astrazeneca pty ltd,biologics,powder,intravenous,approved,authorised,05.10.2021,2021,no,no,treatment of adult patients with unresectable or metastatic her2-positive breast cancer who have received two or more prior anti-her2-based regimens.,treatment of adult patients with unresectable or metastatic her2-positive breast cancer who have received two or more prior anti-her2-based regimens.,neoplasms,02.11.2020,2020,no,na,auspar-trastuzumab-deruxtecan-220627.pdf,TGA
298329,pm-2017-04765-1-5,symdeko,tezacaftor/ivacaftor,vertex pharmaceuticals australia pty ltd,small molecule,tablet,oral,approved,authorised (under additional monitoring),01.03.2019,2019,yes,no,treatment of patients with cystic fibrosis (cf) aged 12 years and older who are homozygous for the f508del mutation or who have at least one mutation in the cftr gene that is responsive to tezacaftor/ivacaftor based on in vitro data and/or clinical evidence.,treatment of patients with cystic fibrosis (cf) aged 12 years and older who are homozygous for the f508del mutation or who have at least one mutation in the cftr gene that is responsive to tezacaftor/ivacaftor based on in vitro data and/or clinical evidence.,diseases of the respiratory system; congenital malformations and chromosomal abnormalities,31.01.2018,2018,no,na,auspar-tezacaftor-ivacaftor-ivacaftor-191016.pdf,TGA
"334496, 334497, 334498 and 334499",pm-2020-01818-1-3,abrilada,adalimumab,pfizer australia pty ltd,biologics,solution,subcutaneous,approved,authorised,08.02.2021,2021,no,no,rheumatoid arthritis; juvenile idiopathic arthritis; enthesitis-related arthritis; psoriatic arthritis; ankylosing spondylitis; crohn's disease; ulcerative colitis; psoriasis; hidradenitis suppurativa; uveitis,rheumatoid arthritis; juvenile idiopathic arthritis; enthesitis-related arthritis; psoriatic arthritis; ankylosing spondylitis; crohn's disease; ulcerative colitis; psoriasis; hidradenitis suppurativa; uveitis,diseases of the musculoskeletal system and connective tissue; diseases of the digestive system; diseases of the skin; diseases of the eye and adnexa,02.06.2020,2020,no,na,auspar-adalimumab-210412.pdf,TGA
346290 and 377110,,comirnaty,tozinameran,pfizer australia pty ltd,vaccine,suspension,intramuscular,approved,authorised,23.08.2023,2023,no,no,"active immunisation to prevent coronavirus disease 2019 (covid-19) caused by sars-cov-2, in individuals 12 years of age and older.","active immunisation to prevent coronavirus disease 2019 (covid-19) caused by sars-cov-2, in individuals 12 years of age and older.",infectious and parasitic diseases; diseases of the respiratory system,09.01.2023,2023,yes,,auspar-comirnaty-230911.pdf,TGA
"227905, 277917",pm-2019-05319-1-1,olumiant,baricitinib,eli lilly australia pty ltd,small molecule,tablet,oral,approved,authorised (under additional monitoring),11.02.2021,2021,no,yes,treatment of moderate to severe atopic dermatitis in adult patients who are candidates for systemic therapy.,treatment of moderate to severe atopic dermatitis in adult patients who are candidates for systemic therapy.,diseases of the skin,02.01.2020,2020,no,na,auspar-baricitinib-210505.pdf,TGA
,pm-2008-2072-3,rasilez hct/enviage hct,aliskiren/hydrochlorothiazide,novartis pharmaceuticals australia pty ltd,small molecule,tablet,oral,approved,authorised,05.02.2010,2010,no,no,treatment of hypertension,treatment of hypertension,diseases of the circulatory system,,,yes,,auspar-rasilez.pdf,TGA
"49594, 49597, 49598, 49599, 49600, 49601, 49602, 49603, 49604, 49605, 49606, 49607, 49608, 49609, 75923, 75924, 75925, 75926, 75927, 75928, 75929, 75930, 154369, 154369",pm-2009-00811-3-2,visipaque,iodixanol,ge healthcare australia pty ltd,small molecule,solution,intravascular,approved,authorised,14.05.2010,2010,no,yes,"visipaque is indicated for cardioangiography, urography, ct-enhancement and studies of the upper gastrointestinal tract in children.","visipaque is indicated in adult patients for angiocardiography, peripheral arteriography, visceral arteriography, cerebral arteriography, contrast-enhanced computed tomography of the head and body, excretory urography and venography. in children, visipaque is indicated for cardioangiography, urography, ct enhancement and studies of the upper gastrointestinal tract.",diseases of the circulatory system; diseases of the genitourinary system; diseases of the digestive system,,,yes,,auspar-iodixanol.pdf,TGA
177174; 177176,pm-2010-03115-3-3,orencia,abatacept,bristol-myers squibb australia pty ltd,biologics,solution,subcutaneous,approved,authorised,23.12.2011,2011,no,yes,"treatment of moderate to severe active rheumatoid arthritis in adult patients with an insufficient response or intolerance to other dmards; treatment of severe, active and progressive rheumatoid arthritis in adults not previously treated with methotrexate; reducing signs and symptoms in paediatric patients 6 years and older with moderately to severely active polyarticular juvenile idiopathic arthritis.","treatment of moderate to severe active rheumatoid arthritis in adult patients with an insufficient response or intolerance to other dmards; treatment of severe, active and progressive rheumatoid arthritis in adults not previously treated with methotrexate; reducing signs and symptoms in paediatric patients 6 years and older with moderately to severely active polyarticular juvenile idiopathic arthritis.",diseases of the musculoskeletal system and connective tissue,,,yes,,auspar-abatacept-rch-120426.pdf,TGA
158450,pm-2013-01480-1-3,prevenar 13,pneumococcal polysaccharide conjugate vaccine,pfizer australia pty ltd,vaccine,suspension,intramuscular,approved,authorised,27.05.2014,2014,no,yes,"active immunisation for the prevention of pneumococcal disease caused by streptococcus pneumoniae serotypes 1, 3, 4, 5, 6a, 6b, 7f, 9v, 14, 18c, 19a, 19f, and 23f in adults 18 to 49 years of age.","active immunisation for the prevention of pneumococcal disease caused by streptococcus pneumoniae serotypes 1, 3, 4, 5, 6a, 6b, 7f, 9v, 14, 18c, 19a, 19f, and 23f in adults and children aged more than 6 weeks of age.",infectious and parasitic diseases,,,yes,,auspar-pneumococcal-polysaccharide-conjugate-140917.pdf,TGA
"185934, 185935",pm-2011-00911-3-1,pecfent,fentanyl,astrazeneca pty ltd,small molecule,spray,nasal,approved,authorised,31.07.2012,2012,no,no,management of breakthrough pain in adults with cancer who are already receiving maintenance opioid therapy for chronic pain,management of breakthrough pain in adults with cancer who are already receiving maintenance opioid therapy for chronic pain,neoplasms,,,yes,,auspar-fentanyl-130319.pdf,TGA
"376616, 376617 and 376618",pm-2021-04759-1-5,voxzogo,vosoritide,biomarin pharmaceutical australia pty ltd,peptides and proteins,powder,subcutaneous,approved,authorised (under additional monitoring),29.06.2022,2022,yes,no,for the treatment of achondroplasia in patients 2 years of age and older whose epiphyses are not closed.,for the treatment of achondroplasia in patients 2 years of age and older whose epiphyses are not closed.,congenital malformations and chromosomal abnormalities,30.11.2021,2021,no,na,auspar-voxzogo-230127.pdf,TGA
283127 and 302463,pm-2020-03043-1-5,dupixent,dupilumab,sanofi-aventis australia pty ltd,biologics,solution,subcutaneous,approved,authorised,13.08.2021,2021,no,yes,treatment of moderate to severe atopic dermatitis in patients aged 6 years and older who are candidates for chronic systemic therapy; add-on maintenance treatment in adult patients with inadequately controlled chronic rhinosinusitis with nasal polyposis (crswnp).,treatment of severe atopic dermatitis in patients aged 6 to 11 years old who are candidates for chronic systemic therapy; add-on maintenance treatment in adult patients with inadequately controlled chronic rhinosinusitis with nasal polyposis (crswnp).,diseases of the skin; diseases of the respiratory system,31.07.2020,2020,yes,,auspar-dupilumab-220504.pdf,TGA
"aust r 67311, aust r 172264",pm-2010-03508-3-3,botox,botulinum toxin type a,allergan australia pty ltd,biologics,powder,intramuscular,approved,authorised,20.03.2012,2012,no,yes,second line treatment of urinary incontinence related to neurogenic detrusor overactivity (ndo) when anticholinergic agents have been ineffective or are not tolerated.,treatment of urinary incontinence due to neurogenic detrusor overactivity resulting from a defined neurological illness (such as spinal cord injury or multiple sclerosis) and not controlled adequately by anticholinergic agents.,diseases of the genitourinary system; diseases of the nervous system,,,no,na,auspar-botulinum-toxin-type-a-120706.pdf,TGA
,pm-2015-04749-1-3,crusia-aft; crusia-aft forte,enoxaparin sodium,aft pharmaceuticals pty ltd,biologics,solution,subcutaneous; intravenous,withdrawn,withdrawn,06.04.2017,2017,no,no,"prevention of thrombo-embolic disorders of venous origin in patients undergoing orthopaedic and general surgery; prophylaxis of venous thromboembolism in medical patients bedridden due to acute illness; prevention of thrombosis in extra-corporeal circulation during haemodialysis; treatment of established deep vein thrombosis; treatment of unstable angina and non-q-wave myocardial infarction, administered concurrently with aspirin; treatment of acute st-segment elevation myocardial infarction (stemi) as an adjunctive to thrombolytic treatment, including patients to be managed medically or with subsequent percutaneous coronary intervention (pci).",na,diseases of the circulatory system,,,yes,,auspar-enoxaparin-sodium-171107.pdf,TGA
aust r 159322; aust r 159323; aust r 159324,pm-2012-02302-3-5,prolia,denosumab,amgen australia pty ltd,biologics,solution,subcutaneous,approved,authorised,05.09.2013,2013,no,yes,treatment of osteoporosis in men.,treatment to increase bone mass in men with osteoporosis at increased risk of fracture.,diseases of the musculoskeletal system and connective tissue,,,yes,,auspar-denosumab-140128.pdf,TGA
"192716, 192717, 192718, 192719, 192720, 192722, 192723, 192724",pm-2011-03163-3-5,lyxumia,lixisenatide,sanofi-aventis australia pty ltd,peptides and proteins,solution,subcutaneous,approved,authorised,20.03.2013,2013,no,no,"for the treatment of adults with type 2 diabetes mellitus to achieve glycaemic control in combination with metformin, metformin and sulphonylurea, basal insulin and metformin, basal insulin and sulphonylurea when these, together with diet and exercise, do not provide adequate glycaemic control.","for the treatment of adults with type 2 diabetes mellitus to achieve glycaemic control in combination with metformin, metformin and sulphonylurea, basal insulin and metformin, basal insulin and sulphonylurea when these, together with diet and exercise, do not provide adequate glycaemic control.","endocrine, nutritional, and metabolic diseases",,,no,na,auspar-lixisenatide-130820.pdf,TGA
119102; 171474; 181249,pm-2010-00820-3-3,revatio,sildenafil,pfizer australia pty ltd,small molecule,solution,intravenous,approved,authorised,16.09.2011,2011,no,yes,continued treatment of patients with pulmonary arterial hypertension (pah) classified as who functional class iii who are currently prescribed oral revatio and who are temporarily unable to take oral medication.,"treatment of adult patients with pulmonary arterial hypertension who are currently prescribed oral revatio and who are temporarily unable to take oral therapy, but are otherwise clinically and haemodynamically stable.",diseases of the circulatory system,,,yes,,auspar-revatio.pdf,TGA
"262428, 294907",pm-2016-03542-1-2,afluria quad,influenza virus haemagglutinin,seqirus pty ltd,vaccine,suspension,intramuscular,approved,authorised,01.02.2018,2018,no,yes,"for the prevention of influenza caused by influenza virus, types a and b contained in the vaccine. the vaccine is indicated for use only in persons aged 5 years and over.","for the prevention of influenza caused by influenza virus, types a and b contained in the vaccine. the vaccine is indicated for use only in persons aged 5 years and over.",infectious and parasitic diseases,03.01.2017,2017,yes,,auspar-influenza-virus-haemagglutinin-181105.pdf,TGA
330232,pm-2020-00700-1-6,poteligeo,mogamulizumab,kyowa kirin australia pty ltd,biologics,concentrate,intravenous,approved,authorised (under additional monitoring),06.01.2021,2021,yes,no,treatment of adult patients (≥ 18 years of age) with mycosis fungoides (mf) or sézary syndrome (ss) who have received at least one prior systemic therapy.,treatment of adult patients (≥ 18 years of age) with mycosis fungoides (mf) or sézary syndrome (ss) who have received at least one prior systemic therapy.,neoplasms; diseases of the skin,01.04.2020,2020,no,na,auspar-mogamulizumab-210427.pdf,TGA
,pm-2016-04637-1-2,artimist 6,artemether,suda pharmaceuticals ltd,small molecule,solution,sublingual,refused,na,14.05.2019,2019,no,yes,for the initial treatment of children with severe falciparum malaria weighing between 5 and 15 kg; for the initial treatment of children with falciparum malaria who cannot take (or reliably take) oral medication due to gastrointestinal complications such as vomiting or diarrhoea.,na,infectious and parasitic diseases,31.03.2017,2017,yes,,auspar-artemether-191204.pdf,TGA
"173890, 180543, 180546, 180547, 173891, 180548, 180549, 180550",pm-2010-02110-3-1,smofkabiven and smofkabiven electrolyte free emulsion,"lipids, glucose, amino acids",fresenius kabi australia pty ltd,other,emulsion,intravenous,approved,authorised,20.12.2011,2011,no,no,"parenteral nutrition for adult patients when oral or enteral nutrition is impossible, insufficient or contraindicated.","parenteral nutrition for adult patients when oral or enteral nutrition is impossible, insufficient or contraindicated.","endocrine, nutritional, and metabolic diseases",,,yes,,auspar-smoflipid-120315.pdf,TGA
"198933, 198934, 198936, 232702",pm-2021-00484-1-6,jakavi,ruxolitinib phosphate,novartis pharmaceuticals australia pty ltd,small molecule,tablet,oral,approved,authorised (under additional monitoring),27.01.2022,2022,yes,yes,treatment of patients with graft versus host disease (gvhd) aged 12 years and older who have inadequate response to corticosteroids or other systemic therapies.,treatment of patients aged 12 years and older with acute graft-versus-host disease who have inadequate response to corticosteroids; treatment of patients aged 12 years and older with chronic graft-versus-host disease who have inadequate response to corticosteroids.,diseases of the blood and blood-forming organs,22.03.2021,2021,no,na,auspar-jakavi-230504.pdf,TGA
374190,pm-2021-04004-1-2,regkirona,regdanvimab,celltrion healthcare australia pty ltd,biologics,concentrate,intravenous,approved,authorised (under additional monitoring),06.12.2021,2021,no,no,treatment of mild to moderate covid-19 in adult patients confirmed to be infected with sars-cov-2.,treatment of adults with covid-19 who do not require supplemental oxygen and are at increased risk of progressing to severe covid-19.,infectious and parasitic diseases; diseases of the respiratory system,06.09.2021,2021,no,na,auspar-regdanvimab-211206.pdf,TGA
423370,pm-2022-03512-1-3,xenpozyme,olipudase alfa,sanofi-aventis australia pty ltd,biologics,lyophilized powder,intravenous,approved,authorised,21.08.2023,2023,yes,no,enzyme replacement therapy for the treatment of noncentral nervous system (cns) manifestations of acid sphingomyelinase deficiency (asmd) in paediatric and adult patients with type a/b or type b,enzyme replacement therapy for the treatment of noncentral nervous system (cns) manifestations of acid sphingomyelinase deficiency (asmd) in paediatric and adult patients with type a/b or type b,"endocrine, nutritional, and metabolic diseases",31.10.2022,2022,no,na,auspar-xenpozyme-240820.pdf,TGA
308494,pm-2018-03520-1-5,increlex,mecasermin,ipsen pty ltd,biologics,solution,subcutaneous,approved,authorised (under additional monitoring),19.11.2019,2019,yes,no,for the long-term treatment of growth failure in children and adolescents from 2 to 18 years with severe primary insulin-like growth factor 1 deficiency (primary igfd).,for the long-term treatment of growth failure in children and adolescents from 2 to 18 years with severe primary insulin-like growth factor 1 deficiency (primary igfd).,"endocrine, nutritional, and metabolic diseases",03.10.2018,2018,no,na,auspar-mecasermin-200305.pdf,TGA
"387299, 387300",pm-2022-01514-1-4,imjudo,tremelimumab,astrazeneca pty ltd,biologics,solution,intravenous,approved,authorised (under additional monitoring),19.06.2023,2023,no,no,treatment of patients with unresectable hepatocellular carcinoma (uhcc),treatment of adult patients with unresectable hepatocellular carcinoma (uhcc) who have not received prior treatment with a pd-1/pd-l1 inhibitor,neoplasms; diseases of the digestive system,31.05.2022,2022,no,na,auspar-imjudo-231208.pdf,TGA
"97449, 97450, 97451, 101581",pm-2016-02330-1-4,eligard,leuprorelin,mundipharma pty ltd,peptides and proteins,injection,subcutaneous,approved,authorised,06.10.2017,2017,no,yes,treatment of high-risk localised and locally advanced hormone-dependent prostate cancer in combination with radiotherapy,treatment of high-risk localised and locally advanced hormone-dependent prostate cancer in combination with radiotherapy,neoplasms,30.09.2016,2016,yes,,auspar-leuprorelin-180905.pdf,TGA
"334800, 334801, 334802",pm-2020-01807-1-3,hulio,adalimumab,alphapharm pty ltd,biologics,solution,subcutaneous,approved,authorised,07.04.2021,2021,no,no,rheumatoid arthritis; juvenile idiopathic arthritis; enthesitis-related arthritis; psoriatic arthritis; ankylosing spondylitis; crohn’s disease; ulcerative colitis; psoriasis; hidradenitis suppurativa; uveitis,rheumatoid arthritis; juvenile idiopathic arthritis; enthesitis-related arthritis; psoriatic arthritis; ankylosing spondylitis; crohn’s disease; ulcerative colitis; psoriasis; hidradenitis suppurativa; uveitis,diseases of the musculoskeletal system and connective tissue; diseases of the digestive system; diseases of the skin; diseases of the eye and adnexa,02.06.2020,2020,no,na,auspar-adalimumab-211122.pdf,TGA
391356,pm-2022-01478-1-2,verdye,indocyanine green,clinect pty ltd,small molecule,powder,injection,approved,authorised (under additional monitoring),21.02.2024,2024,no,yes,"cardiac, circulatory and micro-circulatory diagnostics; liver function diagnostics; ocular angiography diagnostics","cardiac, circulatory and micro-circulatory diagnostics; liver function diagnostics; ocular angiography diagnostics",diseases of the circulatory system; diseases of the eye and adnexa; diseases of the blood and blood-forming organs,01.08.2022,2022,yes,,auspar-verdye-250128.pdf,TGA
183674,pm-2011-00795-3-4,zelboraf,vemurafenib,roche products pty limited,small molecule,tablet,oral,approved,authorised,,2012,yes,no,treatment of unresectable stage iiic or stage iv metastatic melanoma positive for a braf v600 mutation,treatment of unresectable stage iiic or stage iv metastatic melanoma positive for a braf v600 mutation,neoplasms,,2011,no,na,auspar-vemurafenib-121217.pdf,TGA
"196987, 233439",pm-2012-00788-3-3,xeljanz,tofacitinib,pfizer australia pty ltd,small molecule,tablet,oral,approved,authorised,13.01.2015,2015,no,no,treatment of moderate to severe active rheumatoid arthritis in adults who have had an inadequate response or are intolerant to previous dmard therapy,treatment of the signs and symptoms of moderate to severe active rheumatoid arthritis in adults who have had an inadequate response or are intolerant to methotrexate,diseases of the musculoskeletal system and connective tissue,,,no,na,auspar-tofacitinib-as-citrate-150306.pdf,TGA
"165332, 165346, 165347, 165356, 165357",pm-2009-02489-3-1,palexia sr,tapentadol,csl ltd,small molecule,tablet,oral,approved,authorised,24.12.2010,2010,no,no,for the management of moderate to severe chronic pain unresponsive to non-narcotic analgesia.,for the management of moderate to severe chronic pain unresponsive to non-narcotic analgesia.,diseases of the musculoskeletal system and connective tissue,,,no,na,auspar-palexia-sr.pdf,TGA
153959,,circadin,melatonin,rad data australia pty ltd,small molecule,tablet,oral,approved,authorised,04.01.2011,2011,no,yes,monotherapy for the short term treatment of primary insomnia characterised by poor quality of sleep in patients who are aged 55 or over.,monotherapy for the short term treatment of primary insomnia characterised by poor quality of sleep in patients who are aged 55 or over.,mental and behavioural disorders,,,yes,,auspar-circadin-110118.pdf,TGA
262525,pm-2015-03089-1-5,duavive,conjugated estrogens / bazedoxifene acetate,pfizer australia pty ltd,peptides and proteins,tablet,oral,approved,authorised,12.12.2016,2016,no,no,treatment of estrogen deficiency symptoms in postmenopausal women with a uterus (with at least 12 months since the last menses) for whom treatment with progestogen-containing therapy is not appropriate.,treatment of moderate to severe vasomotor symptoms associated with menopause in women with a uterus.,"endocrine, nutritional, and metabolic diseases",30.11.2015,2015,no,na,auspar-conjugated-estrogens-bazedoxifene-acetate-180202.pdf,TGA
288135,pm-2017-01455-1-4,besponsa,inotuzumab ozogamicin,pfizer australia pty limited,biologics,powder,intravenous,approved,authorised (under additional monitoring),11.05.2018,2018,yes,no,treatment of adults with relapsed or refractory b cell precursor acute lymphoblastic leukaemia (all),treatment of adults with relapsed or refractory cd22 positive b cell precursor acute lymphoblastic leukaemia (all),neoplasms; diseases of the blood and blood-forming organs,01.06.2017,2017,no,na,auspar-inotuzumab-ozogamicin-190704.pdf,TGA
"224092, 224093",pm-2021-01645-1-2,gardasil 9,"human papillomavirus 9-valent vaccine, recombinant",merck sharp & dohme (australia) pty ltd,vaccine,suspension,intramuscular,approved,authorised,06.04.2023,2023,no,yes,"prevention of oropharyngeal and other head and neck cancers caused by human papillomavirus (hpv) types 6, 11, 16, 18, 31, 33, 45, 52 and 58","prevention of anal cancer, precancerous or dysplastic lesions, external genital lesions, and infection caused by human papillomavirus (hpv) types 6, 11, 16, 18, 31, 33, 45, 52 and 58 in males aged 9 to 45 years",neoplasms; infectious and parasitic diseases,01.06.2021,2021,yes,,auspar-gardasil-9-230831.pdf,TGA
232028,pm-2017-04349-1-5,nucala,mepolizumab,glaxosmithkline australia pty ltd,biologics,powder,subcutaneous,approved,authorised,24.01.2019,2019,yes,yes,add-on treatment for relapsing or refractory eosinophilic granulomatosis with polyangiitis (egpa) in patients aged 6 years and over.,relapsed or refractory eosinophilic granulomatosis with polyangiitis (egpa) in adult patients aged 18 years and over.,neoplasms; diseases of the respiratory system,02.01.2018,2018,yes,,auspar-mepolizumab-191024.pdf,TGA
215551 and 215552,pm-2013-02802-1-5,"abasria, abasria kwikpen",insulin glargine,eli lilly australia pty ltd,biologics,solution,subcutaneous,approved,authorised,10.11.2014,2014,no,no,once-daily subcutaneous treatment of type 1 diabetes in adults and children and type 2 diabetes mellitus in adults who require insulin for the control of hyperglycaemia,"insulin glargine an insulin analogue indicated for once-daily subcutaneous administration in the treatment of type 1 diabetes mellitus, in adults and children and type 2 diabetes mellitus in adults who require insulin for the control of hyperglycaemia","endocrine, nutritional, and metabolic diseases",01.10.2013,2013,no,na,auspar-insulin-glargine-150828.pdf,TGA
222237,pm-2014-00341-1-4,akynzeo,netupitant/palonosetron,mundipharma pty ltd,small molecule,capsule,oral,approved,authorised,04.05.2015,2015,no,no,prevention of acute and delayed nausea and vomiting associated with initial and repeat courses of highly and moderately emetogenic cancer chemotherapy.,prevention of acute and delayed nausea and vomiting associated with initial and repeat courses of highly and moderately emetogenic cancer chemotherapy.,neoplasms,,,no,na,auspar-netupitant-161028.pdf,TGA
277278; 277279,pm-2016-02101-1-5,cinqair / cinqaero,reslizumab,teva pharma australia pty ltd,biologics,solution,intravenous,approved,authorised,17.07.2017,2017,no,no,add on treatment in adult patients with severe eosinophilic asthma,add on therapy in adult patients with severe eosinophilic asthma inadequately controlled despite medium to high dose inhaled corticosteroids in combination with at least another controller,diseases of the respiratory system,29.07.2016,2016,no,na,auspar-reslizumab-180605.pdf,TGA
,pm-2009-00158-3-5,"galvus, xiliarx",vildagliptin,novartis pharmaceuticals australia pty ltd,small molecule,tablet,oral,approved,authorised,23.02.2010,2010,no,no,"treatment of diabetes mellitus type 2 in persons 18 years of age and older, as an adjunct to diet and exercise to improve glycaemic control in patients with type 2 diabetes with one of metformin, a sulfonylurea or pioglitazone when diet, exercise and the single agent do not result in adequate glycaemic control.","treatment of diabetes mellitus type 2 in persons 18 years of age and older, as an adjunct to diet and exercise to improve glycaemic control in patients with type 2 diabetes with one of metformin, a sulfonylurea or pioglitazone when diet, exercise and the single agent do not result in adequate glycaemic control.","endocrine, nutritional, and metabolic diseases",,,yes,,auspar-galvus.pdf,TGA
200941 and 200948,pm-2012-02297-3-1,"lemtrada, remniq",alemtuzumab,sanofi-aventis australia pty ltd,biologics,solution,intravenous,approved,authorised,11.12.2013,2013,no,yes,treatment of patients with relapsing forms of multiple sclerosis (ms) to slow the accumulation of physical disability and reduce the frequency of clinical relapses.,treatment of relapsing forms of multiple sclerosis (ms) for patients with active disease defined by clinical or imaging features to slow the accumulation of physical disability and reduce the frequency of clinical relapses.,diseases of the nervous system,,,no,na,auspar-alemtuzumab-140204.pdf,TGA
229773,pm-2014-03155-1-2,zevtera,ceftobiprole medocaril sodium,jace pharma pty ltd,small molecule,powder,intravenous,approved,authorised,02.11.2015,2015,no,no,treatment of infections in adult patients with hospital-acquired pneumonia (excluding ventilator-associated pneumonia) or community-acquired pneumonia (cap).,"treatment of hospital-acquired pneumonia (hap), excluding ventilator-associated pneumonia (vap), and community-acquired pneumonia (cap) in adults.",diseases of the respiratory system; infectious and parasitic diseases,,,no,na,auspar-ceftobiprole-medocaril-sodium-160208.pdf,TGA
"259539, 259692, 259672",pm-2015-01909-1-3,ephedrine hydrochloride sxp / ephedrine hydrochloride rmb / ephedrine hydrochloride ajs,ephedrine hydrochloride,southern cross pharma pty ltd,small molecule,solution,intravenous,approved,authorised,06.10.2016,2016,no,no,treatment of shock unresponsive to fluid replacement; treatment of hypotension secondary to spinal anaesthesia,treatment of hypotension secondary to spinal anaesthesia,diseases of the circulatory system,,,yes,,auspar-ephedrine-hydrochloride-171013.pdf,TGA
"210521, 210519, 210523, 210525, 210522, 210524, 210520",pm-2013-01157-1-4,eloctate,efmoroctocog alfa,biogen idec australia pty ltd,biologics,powder,intravenous,approved,authorised,18.06.2014,2014,yes,no,control and prevention of bleeding episodes; routine prophylaxis to prevent or reduce the frequency of bleeding episodes; perioperative management in adults and children with haemophilia a,control and prevention of bleeding episodes; routine prophylaxis to prevent or reduce the frequency of bleeding episodes; perioperative management in adults and children with haemophilia a,diseases of the blood and blood-forming organs,,,no,na,auspar-efmoroctocog-alfa-rhu-150317.pdf,TGA
"198654, 198655, 235759, 267390, 269661",pm-2015-00399-1-5,kalydeco,ivacaftor,vertex pharmaceuticals australia pty ltd,small molecule,tablet,oral,approved,authorised,05.02.2016,2016,no,yes,treatment of cystic fibrosis (cf) in patients aged 6 years and older who have an r117h mutation in the cftr gene,treatment of cystic fibrosis (cf) in patients aged 6 years and older who have an r117h mutation in the cftr gene,"diseases of the respiratory system; endocrine, nutritional, and metabolic diseases",29.03.2016,2016,no,na,auspar-ivacaftor-170105.pdf,TGA
353081,pm-2021-00038-1-4,trodelvy,sacituzumab govitecan,gilead sciences pty ltd,biologics,powder,intravenous,approved,authorised (under additional monitoring),03.09.2021,2021,no,no,treatment of adult patients with unresectable locally advanced or metastatic triple-negative breast cancer (mtnbc) who have received at least two prior therapies,"treatment of adult patients with unresectable locally advanced or metastatic triple-negative breast cancer (mtnbc) who have received at least two prior systemic therapies, including at least one prior therapy for locally advanced or metastatic disease",neoplasms,24.02.2021,2021,no,na,auspar-sacituzumab-govitecan-220329.pdf,TGA
"91161, 98100, 98111, 98115, 98117",pm-2015-01524-1-3 and pm-2015-01525-1-3,ezetrol and vytorin,ezetimibe,merck sharp & dohme australia pty ltd,small molecule,capsule,oral,approved,authorised,17.01.2017,2017,no,yes,prevention of cardiovascular disease in patients with coronary heart disease (chd),prevention of cardiovascular disease in patients with coronary heart disease (chd),diseases of the circulatory system,11.08.2016,2016,yes,,auspar-ezetrol-vytorin-170626.pdf,TGA
"285815, 285816, 285817, 285818",pm-2017-00695-1-3,truxima; ritemvia,rituximab,celltrion healthcare pty ltd,biologics,concentrate,intravenous,approved,authorised,16.02.2017,2017,no,no,non-hodgkin’s lymphoma (nhl); chronic lymphocytic leukaemia (cll); rheumatoid arthritis (ra); granulomatosis with polyangiitis (wegener’s) (gpa) and microscopic polyangiitis (mpa),non-hodgkin’s lymphoma (nhl); chronic lymphocytic leukaemia (cll); rheumatoid arthritis (ra); granulomatosis with polyangiitis (wegener’s) (gpa) and microscopic polyangiitis (mpa),neoplasms; diseases of the blood and blood-forming organs; diseases of the musculoskeletal system and connective tissue,31.03.2017,2017,no,na,auspar-rituximab-190813.pdf,TGA
,,prograf -xl,tacrolimus,janssen -cilag pty ltd,small molecule,capsule,oral,approved,authorised,19.03.2010,2010,no,no,"as an adjunct to liver, kidney, lung or heart allograft transplantation in adults and children","as an adjunct to liver, kidney, lung or heart allograft transplantation in adults and children",diseases of the genitourinary system; diseases of the circulatory system; diseases of the respiratory system,,,yes,,auspar-prograf-xl.pdf,TGA
"213938, 213939, 213940 and 213941",pm-2013-02226-1-4,nuwiq,simoctocog alfa,octapharma australia pty ltd,biologics,powder,intravenous,approved,authorised,05.11.2014,2014,no,no,treatment and prophylaxis of bleeding (also during and after surgery) in patients with haemophilia a (congenital fviii deficiency).,treatment and prophylaxis of bleeding (also during and after surgery) in previously treated paediatric (≥ 2 years) and adult patients with haemophilia a (congenital fviii deficiency).,diseases of the blood and blood-forming organs,,,yes,,auspar-simoctocog-alfa-rhu-160607.pdf,TGA
"201484, 201485, 201486",pm-2012-02743 -3-5,signifor,pasireotide,novartis pharmaceuticals australia pty ltd,peptides and proteins,solution,subcutaneous,approved,authorised,28.10.2013,2013,yes,no,the treatment of patients with cushing’s disease for whom medical therapy is appropriate,the treatment of patients with cushing’s disease for whom medical therapy is appropriate,"endocrine, nutritional, and metabolic diseases",,,no,na,auspar-pasireotide-diaspartate-140327.pdf,TGA
244892,pm-2015-01533-1-2,flumist quadrivalent,influenza virus,astrazeneca pty ltd,vaccine,spray,nasal,approved,authorised,12.10.2016,2016,no,no,prevention of influenza in children and adolescents from 24 months to less than 18 years of age,prevention of influenza in children and adolescents from 24 months to less than 18 years of age,infectious and parasitic diseases,,,yes,,auspar-influenza-virus-171106.pdf,TGA
"266773, 283228, 288527",pm-2021-02664-1-6,kyprolis,carfilzomib,amgen australia pty ltd,small molecule,lyophilized powder,intravenous,approved,authorised,17.02.2023,2023,no,yes,treatment of patients with relapsed or refractory multiple myeloma who have received at least one prior therapy,"treatment of patients with relapsed or refractory multiple myeloma who have received at least one prior therapy as part of combination therapy with dexamethasone, lenalidomide and dexamethasone, daratumumab and dexamethasone, or isatuximab and dexamethasone",neoplasms; diseases of the blood and blood-forming organs,02.08.2021,2021,no,na,auspar-kyprolis-240909.pdf,TGA
"394065, 394067, 394068 and 394066",pm-2022-03458-1-6,alhemo,concizumab,novo nordisk pharmaceuticals pty ltd,biologics,solution,subcutaneous,approved,authorised (under additional monitoring),03.07.2023,2023,yes,no,routine prophylaxis to prevent or reduce the frequency of bleeding in patients ≥ 12 years of age with haemophilia b (congenital factor ix deficiency) with fix inhibitors.,prophylaxis to prevent or reduce the frequency of bleeding in patients at least 12 years of age who have haemophilia b (congenital factor ix deficiency) with fix inhibitors.,diseases of the blood and blood-forming organs,23.09.2022,2022,no,na,auspar-alhemo-240308.pdf,TGA
235737,pm-2015-00418-1-4,zykadia,ceritinib,novartis pharmaceuticals aust pty ltd,small molecule,capsule,oral,approved,authorised,29.03.2016,2016,yes,no,treatment of adult patients with alk-positive locally advanced or metastatic non-small cell lung cancer (nsclc) previously treated with an alk-inhibitor.,treatment of adult patients with alk-positive locally advanced or metastatic non-small cell lung cancer (nsclc) whose disease has progressed on or who are intolerant of crizotinib.,neoplasms; diseases of the respiratory system,30.04.2015,2015,no,na,auspar-zykadia-270218.pdf,TGA
180859 and 180860,pm-2012-03146-1-5,eylea,aflibercept,bayer australia ltd,biologics,solution,intravitreal,approved,authorised,07.11.2013,2013,no,yes,treatment of visual impairment due to macular oedema secondary to central retinal vein occlusion (crvo),treatment of visual impairment due to macular oedema secondary to central retinal vein occlusion (crvo),diseases of the eye and adnexa,,,no,na,auspar-aflibercept-rch-140804.pdf,TGA
,pm-2008-03232-3-2,berinert,human c1 esterase inhibitor,"csl limited, bioplasma division",biologics,powder,intravenous,approved,authorised,14.01.2010,2010,yes,no,for the treatment of acute attacks in patients with hereditary angioedema (hae),for the treatment of acute attacks in patients with hereditary angioedema (hae),diseases of the blood and blood-forming organs,,,no,na,auspar-berinert.pdf,TGA
,pm-2010-02565-3-4,jevtana,cabazitaxel,sanofi-aventis australia pty ltd,small molecule,concentrate,intravenous,approved,authorised,05.12.2011,2011,no,no,in combination with prednisone or prednisolone for the treatment of patients with hormone refractory metastatic prostate cancer previously treated with a docetaxel containing regimen,in combination with prednisone or prednisolone for the treatment of patients with hormone refractory metastatic prostate cancer previously treated with a docetaxel containing regimen,neoplasms,,,no,na,auspar-cabazitaxel-120209.pdf,TGA
"328120, 328121, 328122",pm-2019-05982-1-5,ovaleap,follitropin alfa,theramex australia pty ltd,biologics,solution,subcutaneous,approved,authorised,09.03.2021,2021,no,no,the treatment of anovulatory infertility in women who have been unresponsive to clomiphene citrate or where clomiphene citrate is contraindicated; for controlled ovarian hyperstimulation in women undergoing assisted reproductive technologies; ovaleap is indicated with concomitant human chorionic gonadotrophin (hcg) therapy for the stimulation of spermatogenesis in gonadotrophin-deficient men in whom hcg alone is ineffective.,the treatment of anovulatory infertility in women who have been unresponsive to clomiphene citrate or where clomiphene citrate is contraindicated; for controlled ovarian hyperstimulation in women undergoing assisted reproductive technologies; ovaleap is indicated with concomitant human chorionic gonadotrophin (hcg) therapy for the stimulation of spermatogenesis in gonadotrophin-deficient men in whom hcg alone is ineffective.,"endocrine, nutritional, and metabolic diseases; diseases of the genitourinary system",31.01.2020,2020,no,na,auspar-follitropin-alfa-210503.pdf,TGA
286718,pm-2016-04636-1-5,fasenra,benralizumab,astrazeneca pty ltd,biologics,solution,subcutaneous,approved,authorised (under additional monitoring),29.03.2018,2018,no,no,add-on maintenance treatment for severe asthma in patients with an eosinophilic phenotype.,add-on therapy in patients aged 12 years and over with severe eosinophilic asthma.,diseases of the respiratory system,31.03.2017,2017,no,na,auspar-benralizumab-190221.pdf,TGA
"176176, 176182, 176185, 176187 and 176189",pm-2010-02677-3-3,rasilamlo hct,"aliskiren, amlodipine, hydrochlorothiazide",novartis pharmaceuticals australia pty ltd,small molecule,tablet,oral,approved,authorised,16.03.2012,2012,no,no,"substitution therapy for the treatment of hypertension in patients whose blood pressure is already adequately controlled on the triple combination of aliskiren, amlodipine and hydrochlorothiazide.","substitution therapy for the treatment of hypertension in patients whose blood pressure is already adequately controlled on the triple combination of aliskiren, amlodipine and hydrochlorothiazide.",diseases of the circulatory system,,,yes,,auspar-aliskiren-120615.pdf,TGA
99755 and 99757,pm-2013-03227-1-4,avastin,bevacizumab,roche products pty ltd,biologics,solution,intravenous,approved,authorised,19.11.2014,2014,no,yes,"treatment of patients with recurrent, platinum-resistant epithelial ovarian, fallopian tube, or primary peritoneal cancer who received no more than two prior chemotherapy regimens.","treatment of patients with recurrent, platinum-resistant epithelial ovarian, fallopian tube, or primary peritoneal cancer who received no more than two prior chemotherapy regimens.",neoplasms; diseases of the genitourinary system,,,yes,,auspar-bevacizumab-150311.pdf,TGA
"199006, 199007, 198998, 199005, 199000",pm-2012-01550-3-3,sevikar hct,"olmesartan medoxomil, amlodipine, hydrochlorothiazide",merck sharp & dohme australia pty ltd,small molecule,tablet,oral,approved,authorised,11.09.2013,2013,no,no,treatment of hypertension,treatment of hypertension,diseases of the circulatory system,,,no,na,auspar-olmesartan-amlodipine-hydrochlorothiazide-131118.pdf,TGA
"58688, 58689, 58690",pm-2011-00909-3-1,ultiva,remifentanil,glaxosmithkline australia pty ltd,small molecule,powder,intravenous,approved,authorised,08.05.2012,2012,no,no,as an opioid adjunct for use during induction and/or maintenance of general anaesthesia during surgical procedures including cardiac surgery in adults.,as an opioid adjunct for use during induction and/or maintenance of general anaesthesia during surgical procedures including cardiac surgery in adults.,diseases of the circulatory system,,,yes,,auspar-remifentanil-130129.pdf,TGA
"176640, 176658 and 176659",pm-2010-02898-3-3,livalo,pitavastatin,abbott australasia pty ltd,small molecule,tablet,oral,approved,authorised,25.11.2011,2011,no,no,"treatment of adult patients with primary hypercholesterolaemia, including heterozygous familial hypercholesterolaemia","treatment of adult patients with primary hypercholesterolaemia, including heterozygous familial hypercholesterolaemia","endocrine, nutritional, and metabolic diseases",,,no,na,auspar-pitavastatin-130902.pdf,TGA
337863,pm-2020-02898-1-2,rukobia,fostemsavir trometamol,viiv healthcare pty ltd,small molecule,tablet,oral,approved,authorised (under additional monitoring),09.07.2021,2021,no,no,treatment of heavily treatment-experienced adults with multidrug-resistant hiv-1 infection,treatment of heavily treatment-experienced adults with multidrug-resistant hiv-1 infection,infectious and parasitic diseases,31.07.2020,2020,no,na,auspar-fostemsavir-trometamol-210906.pdf,TGA
312687,pm-2018-05603-1-3,rinvoq,upadacitinib,abbvie pty ltd,small molecule,tablet,oral,approved,authorised,17.01.2020,2020,no,no,"treatment of moderate to severe active rheumatoid arthritis in adult patients who have responded inadequately to, or who are intolerant to, one or more disease-modifying anti-rheumatic drugs (dmards).","treatment of moderate to severe active rheumatoid arthritis in adult patients who have responded inadequately to, or who are intolerant to, one or more disease-modifying anti-rheumatic drugs (dmards).",diseases of the musculoskeletal system and connective tissue,31.01.2019,2019,no,na,auspar-upadacitinib-200424.pdf,TGA
181318 (4 ml) and 181319 (10 ml),pm-2009-03561-3-4,evicel,fibrin haemostatic agent/sealant,johnson & johnson medical pty ltd,biologics,solution,topical,approved,authorised,10.10.2012,2012,no,no,"supportive treatment in surgery where standard surgical techniques are insufficient, for improvement of haemostasis. as suture support for haemostasis in large vessel vascular surgery.","supportive treatment in surgery where standard surgical techniques are insufficient, for improvement of haemostasis. as suture support for haemostasis in large vessel vascular surgery.",other,,,yes,,auspar-fibrin-haemostatic-121211.pdf,TGA
"143739, 143743",pm-2014-04323-1-3,volibris,ambrisentan,glaxosmithkline australia pty ltd,small molecule,tablet,oral,approved,authorised,09.02.2016,2016,yes,yes,"volibris in combination with tadalafil is indicated for the treatment of who group 1 pulmonary arterial hypertension (pah) in patients with who functional class ii, iii or iv symptoms.","volibris in combination with tadalafil is indicated for the treatment of who group 1 pulmonary arterial hypertension in patients with who functional class ii, iii or iv symptoms.",diseases of the circulatory system,,,yes,,auspar-ambrisentan-170706.pdf,TGA
163515,pm-2010-03599-3-4,artiss,fibrin adhesive/sealant,baxter healthcare pty ltd,biologics,solution,topical,approved,authorised,21.12.2011,2011,no,yes,to adhere skin flaps and grafts during facial plastic and reconstructive surgery.,to adhere tissue flaps during facial rhytidectomy surgery (facelift).,diseases of the skin,,,yes,,auspar-fibrin-adhesive-sealant-120209.pdf,TGA
"195234, 195939, 195970, 195974,195975, 195976",pm-2011-04301-3-4,"zaltrap, aflitiv, lidaveg",aflibercept,sanofi-aventis australia pty ltd,biologics,concentrate,intravenous,approved,authorised,05.03.2013,2013,no,no,aflibercept in combination with irinotecan-fluoropyrimidine-based chemotherapy is indicated in adults with metastatic colorectal cancer previously treated with an oxaliplatin-containing regimen.,zaltrap/alfitiv/lidaveg in combination with irinotecan-fluoropyrimidine-based chemotherapy is indicated in adults with metastatic colorectal cancer previously treated with an oxaliplatin-containing regimen.,neoplasms; diseases of the digestive system,02.04.2013,2013,no,na,auspar-aflibercept-rch-130729.pdf,TGA
"311926, 330566, 336710",pm-2021-01659-1-6,ultomiris,ravulizumab,alexion pharmaceuticals australasia pty ltd,biologics,solution,intravenous,approved,authorised (under additional monitoring),11.08.2022,2022,yes,yes,treatment of paediatric patients with paroxysmal nocturnal haemoglobinuria (pnh) and patients with atypical haemolytic uraemic syndrome (ahus),paroxysmal nocturnal haemoglobinuria (pnh); atypical haemolytic uraemic syndrome (ahus),diseases of the blood and blood-forming organs; diseases of the genitourinary system,01.06.2021,2021,yes,,auspar-ultomiris-230522.pdf,TGA
391330 and 391331,pm-2022-02343-1-4,retevmo,selpercatinib,eli lilly australia pty ltd,small molecule,capsule,oral,approved,authorised,27.06.2023,2023,yes,no,the treatment of adult patients with advanced or metastatic ret fusion positive non-small cell lung cancer (nsclc).,retevmo has provisional approval for the treatment of adult patients with locally advanced or metastatic ret fusion positive non-small cell lung cancer (nsclc).,neoplasms; diseases of the respiratory system,01.08.2022,2022,no,na,auspar-retevmo-240123.pdf,TGA
"90456, 107316, 124421, 124422, 157622",pm-2010-03845-3-4,enbrel,etanercept,pfizer australia pty ltd,biologics,powder; solution,subcutaneous,approved,authorised,22.12.2011,2011,no,yes,"treatment of chronic, moderate to severe plaque psoriasis in children and adolescents from the age of 6 years who are inadequately controlled by, or are intolerant to, other systemic therapies or phototherapies","treatment of chronic, severe plaque psoriasis in children and adolescents from age 4 to 17 years, who are inadequately controlled by, or are intolerant to, other systemic therapies or phototherapies. duration of therapy to be no longer than 24 weeks and treatment to be ceased after 12 weeks if a significant pasi response is not achieved.",diseases of the skin,,,yes,,auspar-etanercept-120319.pdf,TGA
,pm-2015-04745-1-3,tracleer,bosentan,actelion pharmaceuticals australia pty ltd,small molecule,tablet,oral,rejected,na,19.05.2017,2017,,no,"treatment of idiopathic pulmonary arterial hypertension, familial pulmonary arterial hypertension, pulmonary arterial hypertension associated with scleroderma, or pulmonary arterial hypertension associated with congenital systemic to pulmonary shunts including eisenmenger’s physiology in patients with who functional class ii, iii or iv symptoms.",na,diseases of the circulatory system,20.05.2016,2016,no,na,auspar-bosentan-180625.pdf,TGA
"205212, 312781, 312782, and 340591",pm-2020-03495-1-2,tivicay and tivicay pd,dolutegravir,viiv healthcare pty ltd,small molecule,tablet,oral,approved,authorised (under additional monitoring),15.09.2021,2021,no,yes,treatment of human immunodeficiency virus (hiv) infection in combination with other antiretroviral agents in adults and children of at least 4 weeks in age or older and weighing 3 kg or more,treatment of human immunodeficiency virus (hiv) infection in combination with other antiretroviral agents in adults and children of at least 4 weeks in age or older and weighing 3 kg or more,infectious and parasitic diseases,31.08.2020,2020,yes,,auspar-tivicay-tivicay-pd-220705.pdf,TGA
158450,pm-2012-02211-3-2,prevenar 13,"pneumococcal polysaccharide conjugate vaccine, 13-valent adsorbed",pfizer australia pty ltd,vaccine,suspension,intramuscular,approved,authorised,30.08.2013,2013,no,yes,"active immunisation for the prevention of pneumococcal disease (including invasive disease, pneumonia and acute otitis media) caused by streptococcus pneumoniae serotypes 1, 3, 4, 5, 6a, 6b, 7f, 9v, 14, 18c, 19a, 19f, and 23f in children aged 6 to 17 years of age.","active immunisation for the prevention of disease caused by streptococcus pneumoniae serotypes 1, 3, 4, 5, 6a, 6b, 7f, 9v, 14, 18c, 19a, 19f and 23f (including invasive disease, pneumonia and acute otitis media) in infants and children from 6 weeks to 17 years of age.",infectious and parasitic diseases; diseases of the respiratory system; diseases of the ear and mastoid process,,,yes,,auspar-pneumococcal-polysaccharide-conjugate-vaccine-140207.pdf,TGA
"312687, 346215",pm-2020-04791-1-1,rinvoq,upadacitinib,abbvie pty ltd,small molecule,tablet,oral,approved,authorised (under additional monitoring),17.09.2021,2021,no,yes,treatment of moderate to severe atopic dermatitis in adults and adolescents aged 12 years and above who weigh at least 40 kg,treatment of moderate to severe atopic dermatitis in adults and adolescents aged 12 years and above who weigh at least 40 kg,diseases of the skin,02.11.2020,2020,yes,,auspar-rinvoq-230306.pdf,TGA
301205,pm-2018-00931-1-2,zavicefta,ceftazidime/avibactam,pfizer australia pty ltd,small molecule,powder,intravenous,approved,authorised (under additional monitoring),21.02.2019,2019,no,no,"complicated intra-abdominal infection (ciai); complicated urinary tract infection (cuti), including pyelonephritis; hospital-acquired pneumonia (hap), including ventilator associated pneumonia (vap); infections due to aerobic gram-negative organisms in adult patients with limited treatment options.","complicated intra-abdominal infection (ciai), in combination with metronidazole; complicated urinary tract infection (cuti), including pyelonephritis; hospital-acquired pneumonia (hap), including ventilator associated pneumonia (vap).",infectious and parasitic diseases,30.04.2018,2018,yes,,auspar-ceftazidime-avibactam-200224.pdf,TGA
206449,pm-2016-02734-1-5,ultibro breezhaler,indacaterol maleate/ glycopyrronium bromide,novartis pharmaceuticals australia pty ltd,small molecule,powder,inhalation,approved,authorised,04.09.2017,2017,no,yes,once-daily maintenance bronchodilator treatment to relieve symptoms and prevent exacerbations in patients with chronic obstructive pulmonary disease (copd).,once-daily maintenance bronchodilator treatment to relieve symptoms and prevent exacerbations in patients with chronic obstructive pulmonary disease (copd).,diseases of the respiratory system,31.10.2016,2016,yes,,auspar-indacaterol-maleate-glycopyrronium-bromide-180903.pdf,TGA
207529,pm-2013-00332-1-5,anoro ellipta,umeclidinium bromide and vilanterol trifenatate,glaxosmithkline australia pty ltd,small molecule,powder,inhalation,approved,authorised,03.07.2014,2014,no,no,long-term once daily maintenance bronchodilator treatment to relieve symptoms in adult patients with chronic obstructive pulmonary disease (copd),long-term once daily maintenance bronchodilator treatment to relieve symptoms in adult patients with chronic obstructive pulmonary disease (copd),diseases of the respiratory system,,,no,na,auspar-umeclidinium-bromide-and-vilanterol_trifenatate-150408.pdf,TGA
280302,pm-2016-02721-1-5,"tresiba flextouch, tresiba penfill",insulin degludec,novo nordisk pharmaceuticals pty ltd,peptides and proteins,solution,subcutaneous,approved,authorised,24.11.2017,2017,no,no,to improve glycaemic control in adult patients with diabetes mellitus requiring insulin.,to improve glycaemic control in adult patients with diabetes mellitus requiring insulin.,"endocrine, nutritional, and metabolic diseases",30.11.2016,2016,yes,,auspar-tresiba-180522.pdf,TGA
200553,pm-2016-04269-1-4,stivarga,regorafenib,bayer australia pty ltd,small molecule,tablet,oral,approved,authorised,18.12.2017,2017,yes,yes,treatment of patients with hepatocellular carcinoma (hcc) who have been previously treated with one systemic therapy,treatment of patients with hepatocellular carcinoma (hcc) who have been previously treated with sorafenib,neoplasms; diseases of the digestive system,28.02.2017,2017,yes,,auspar-regorafenib-190404.pdf,TGA
318058,pm-2019-02057-1-6,cablivi,caplacizumab,sanofi-aventis australia pty ltd,biologics,powder; solvent,intravenous; subcutaneous,approved,authorised (under additional monitoring),30.01.2020,2020,yes,no,"treatment of adults experiencing an episode of acquired thrombotic thrombocytopenic purpura (attp), in conjunction with plasma exchange and immunosuppression.","treatment of adults experiencing an episode of acquired thrombotic thrombocytopenic purpura (attp), in conjunction with plasma exchange and immunosuppression.",diseases of the blood and blood-forming organs,01.07.2019,2019,no,na,auspar-caplacizumab-200505.pdf,TGA
250392,pm-2015-01531-1-2,acarizax,american house dust mite extract; european house dust mite extract,seqirus pty ltd,biologics,tablet,sublingual,approved,authorised,21.07.2016,2016,no,no,house dust mite allergic rhinitis and asthma not well controlled by inhaled corticosteroids,house dust mite allergic rhinitis and asthma not well controlled by inhaled corticosteroids,diseases of the respiratory system,,,yes,,auspar-american-house-dust-mite-extract-european-house-dust-mite-extract-171013.pdf,TGA
"206944, 206946, 206950, 206954, 206958, 206960, 206961, 206963, 206966, 206967, 206974",pm-2012-04477-1-5,"eltroxin, aspen thyroxine, thyroxine aspen",thyroxine sodium,aspen pharma pty ltd,small molecule,tablet,oral,approved,authorised,09.05.2014,2014,no,no,management of demonstrated thyroid hormone deficiency; suppression of thyrotropin (tsh) for the management of tsh-responsive tumours of the thyroid; management of thyroiditis such as hashimoto’s disease,management of demonstrated thyroid hormone deficiency; suppression of thyrotropin (tsh) for the management of tsh-responsive tumours of the thyroid,"endocrine, nutritional, and metabolic diseases; neoplasms",,,yes,,auspar-thyroxine-sodium-140612.pdf,TGA
354530,pm-2021-00385-1-1,vumerity,diroximel fumarate,biogen australia pty ltd,small molecule,capsule,oral,approved,authorised (under additional monitoring),18.03.2022,2022,no,no,for the treatment of patients with relapsing multiple sclerosis to reduce the frequency of relapses and to delay the progression of disability.,vumerity is indicated in patients with relapsing multiple sclerosis to reduce the frequency of relapses and to delay the progression of disability.,diseases of the nervous system,31.03.2021,2021,no,na,auspar-vumerity-230210.pdf,TGA
322685,pm-2020-04809-1-6,darzalex sc,daratumumab,janssen-cilag pty ltd,biologics,solution,subcutaneous,approved,authorised,06.10.2021,2021,no,yes,treatment of patients with light chain al amyloidosis.,treatment of patients with light chain al amyloidosis.,diseases of the blood and blood-forming organs,02.11.2020,2020,no,na,auspar-darzalex-sc-20221020.pdf,TGA
"319002, 319001",pm-2019-02514-1-5,enerzair breezhaler,"indacaterol, glycopyrronium, mometasone furoate",novartis pharmaceuticals australia pty ltd,small molecule,powder,inhalation,approved,authorised (under additional monitoring),09.10.2020,2020,no,no,maintenance treatment of asthma in adult patients not adequately controlled with a maintenance combination of a long-acting beta2-agonist and an inhaled corticosteroid.,maintenance treatment of asthma in adult patients not adequately controlled with a maintenance combination of a long-acting beta2-agonist and an inhaled corticosteroid who experienced one or more asthma exacerbations in the previous year.,diseases of the respiratory system,31.07.2019,2019,yes,,auspar-indacaterol-acetate-glycopyrronium-bromide-mometasone-furoate-210406.pdf,TGA
274498,pm-2016-01313-1-3,kanuma,sebelipase alfa,alexion pharmaceuticals australia pty ltd,biologics,injection,intravenous,approved,authorised,17.05.2017,2017,yes,no,long term enzyme replacement therapy (ert) in patients of all ages with lysosomal acid lipase deficiency (lal-d),long term enzyme replacement therapy (ert) in patients of all ages with lysosomal acid lipase deficiency (lal-d),"endocrine, nutritional, and metabolic diseases",31.05.2016,2016,no,na,auspar-sebelipase-alfa-180614.pdf,TGA
"267443, 267441, 267442, 267445 and 267444",pm-2015-04328-1-4,venclexta,venetoclax,abbvie pty ltd,small molecule,tablet,oral,approved,authorised,15.12.2016,2016,,no,treatment of patients with chronic lymphocytic leukaemia (cll) who have received at least one prior therapy; this includes patients with 17p deletion,treatment of patients with relapsed or refractory chronic lymphocytic leukaemia with 17p deletion,neoplasms; diseases of the blood and blood-forming organs,,,no,na,auspar-venetoclax-171109.pdf,TGA
308630,pm-2018-03494-1-1,ajovy,fremanezumab,teva pharma australia pty ltd,biologics,solution,subcutaneous,approved,authorised (under additional monitoring),17.09.2019,2019,no,no,preventive treatment of migraine in adults,preventive treatment of migraine in adults,diseases of the nervous system,28.09.2018,2018,no,na,auspar-fremanezumab-191218.pdf,TGA
235184,pm-2014-04327-1-3,vasokinox,nitric oxide,air liquide healthcare pty ltd,small molecule,gas,inhalation,approved,authorised,18.03.2016,2016,no,yes,"treatment of perioperative pulmonary hypertension in adults and newborn infants, infants and toddlers, children and adolescents, ages 0-17 years in conjunction to heart surgery.","treatment of perioperative pulmonary hypertension in adults and newborn infants, infants and toddlers, children and adolescents, ages 0-17 years in conjunction to heart surgery.",diseases of the circulatory system; congenital malformations and chromosomal abnormalities,31.03.2015,2015,yes,,auspar-nitric-oxide-180115.pdf,TGA
198932-198937,pm-2012-01504-3-4,jakavi,ruxolitinib,novartis pty ltd,small molecule,tablet,oral,approved,authorised,28.06.2013,2013,yes,no,"treatment of disease-related splenomegaly or symptoms in patients with primary myelofibrosis, post-polycythemia vera myelofibrosis or post-essential thrombocythemia myelofibrosis","treatment of disease-related splenomegaly or symptoms in patients with primary myelofibrosis, post-polycythemia vera myelofibrosis or post-essential thrombocythemia myelofibrosis",neoplasms; diseases of the blood and blood-forming organs,21.01.2013,2013,no,na,auspar-ruxolitinib-140121.pdf,TGA
"164163, 164173, 164174",pm-2009-02266-3-3,orfadin,nitisinone,orphan australia pty ltd,small molecule,capsule,oral,approved,authorised,15.10.2010,2010,yes,no,for the treatment of patients with hereditary tyrosinaemia type 1 in combination with dietary restriction of tyrosine and phenylalanine.,for the treatment of patients with hereditary tyrosinaemia type 1 in combination with dietary restriction of tyrosine and phenylalanine.,"endocrine, nutritional, and metabolic diseases",,,yes,,auspar-orfadin.pdf,TGA
326885,pm-2019-05333-1-5,terrosa,teriparatide,gedeon richter australia pty ltd,peptides and proteins,solution,subcutaneous,approved,authorised,24.11.2020,2020,no,no,treatment of osteoporosis in postmenopausal women and primary osteoporosis in men at high risk of fracture; treatment of osteoporosis associated with sustained systemic glucocorticoid therapy in women and men at high risk for fracture.,treatment of osteoporosis in postmenopausal women and primary osteoporosis in men at high risk of fracture; treatment of osteoporosis associated with sustained systemic glucocorticoid therapy in women and men at high risk for fracture.,diseases of the musculoskeletal system and connective tissue,03.01.2020,2020,no,na,auspar-teriparatide-270115.pdf,TGA
213963 and 213964,pm-2013-02401-1-2,fluquadri™ and fluquadri™junior,influenza virus haemagglutinin,sanofi aventis australia pty ltd,vaccine,suspension,intramuscular,approved,authorised,27.11.2014,2014,no,no,active immunisation of influenza disease caused by influenza a subtype viruses and type b viruses contained in the vaccine,active immunisation of influenza disease caused by influenza a subtype viruses and type b viruses contained in the vaccine,infectious and parasitic diseases,,,yes,,auspar-influenza-virus-haemagglutinin-150206.pdf,TGA
99755 and 99757,pm-2012-02716-3-4,avastin,bevacizumab,roche products pty ltd,biologics,solution,intravenous,approved,authorised,21.10.2013,2013,no,no,second line treatment of metastatic colorectal cancer,treatment of patients with metastatic colorectal cancer in combination with fluoropyrimidine-based chemotherapy,neoplasms; diseases of the digestive system,,,yes,,auspar-bevacizumab-injection-140331.pdf,TGA
375296,pm-2021-04357-1-4,kimmtrak,tebentafusp,adjutor healthcare pty ltd,biologics,solution,intravenous,approved,authorised (under additional monitoring),27.05.2022,2022,yes,no,treatment of hla-a*02:01-positive adult patients with unresectable or metastatic uveal melanoma.,treatment of hla-a*02:01-positive adult patients with unresectable or metastatic uveal melanoma.,neoplasms; diseases of the eye and adnexa,26.10.2021,2021,yes,,auspar-kimmtrak-221025.pdf,TGA
,,micardis/pritor,telmisartan,boehringer ingelheim pty ltd,small molecule,tablet,oral,approved,authorised,19.02.2010,2010,no,yes,prevention of cardiovascular morbidity and mortality in patients 55 years or older at high risk for cardiovascular disease.,"prevention of cardiovascular morbidity and mortality in patients 55 years or older with coronary artery disease, peripheral artery disease, previous stroke, transient ischaemic attack or high risk diabetes with evidence of end organ damage.",diseases of the circulatory system,,,yes,,auspar-micardis-pritor.pdf,TGA
201621 and 201622,pm-2012-02734-3-4,kadcyla,trastuzumab emtansine,roche products pty ltd,biologics,powder,intravenous,approved,authorised,26.08.2013,2013,yes,no,"treatment of patients with her2 positive, unresectable locally advanced or metastatic (stage iv) breast cancer who have received prior treatment with trastuzumab and a taxane","treatment of patients with her2 positive metastatic (stage iv) breast cancer who previously received trastuzumab and a taxane, separately or in combination",neoplasms,,,no,na,auspar-trastuzumab-emtansine-140317.pdf,TGA
"137832, 138402, 138415, 138421, 168211, 168215",pm-2010-00120-3-3,pradaxa,dabigatran etexilate mesilate,boehringer ingelheim pty ltd,small molecule,capsule,oral,approved,authorised,29.04.2011,2011,no,yes,"prevention of stroke, systemic embolism and reduction of vascular mortality in patients with atrial fibrillation",prevention of venous thromboembolic events in adult patients who have undergone major orthopaedic surgery of the lower limb; prevention of stroke and systemic embolism in patients with non-valvular atrial fibrillation and at least one additional risk factor for stroke,diseases of the circulatory system,,,no,na,auspar-pradaxa.pdf,TGA
130100,pm-2010-00413-3-3,orencia,abatacept,bristol-myers squibb australia pty ltd,biologics,powder,intravenous,approved,authorised,23.03.2011,2011,no,yes,"treatment of severe, active and progressive rheumatoid arthritis in adults not previously treated with methotrexate.","treatment of moderate to severe active rheumatoid arthritis in adult patients with insufficient response or intolerance to other dmards; treatment of severe, active and progressive rheumatoid arthritis in adults not previously treated with methotrexate; reducing signs and symptoms in paediatric patients with polyarticular juvenile idiopathic arthritis.",diseases of the musculoskeletal system and connective tissue,,,yes,,auspar-orencia-1.pdf,TGA
"156356, 156373, 156374, 156379, 156385, 156386",pm-2008-3045-3,multaq,dronedarone hydrochloride,sanofi aventis australia pty ltd,small molecule,tablet,oral,approved,authorised,19.07.2010,2010,no,no,"to reduce the risk of cardiovascular hospitalisation in patients with paroxysmal or persistent atrial fibrillation (af) or atrial flutter (afl), with a recent episode of af/afl and associated cardiovascular risk factors, who are in sinus rhythm or who will be cardioverted, on top of standard therapy.","to reduce the risk of cardiovascular hospitalisation in patients with paroxysmal or persistent atrial fibrillation (af) or atrial flutter (afl), with a recent episode of af/afl and associated cardiovascular risk factors, who are in sinus rhythm or who will be cardioverted, on top of standard therapy.",diseases of the circulatory system,,,no,na,auspar-multaq.pdf,TGA
327984,pm-2019-05976-1-3,trientine waymade,trientine dihydrochloride,waymade australia pty ltd,small molecule,capsule,oral,approved,authorised (under additional monitoring),07.01.2021,2021,yes,no,treatment of patients with wilson's disease who are intolerant of penicillamine.,treatment of patients with wilson's disease who are intolerant of penicillamine.,diseases of the digestive system; diseases of the nervous system,30.01.2020,2020,yes,,auspar-trientine-dihydrochloride-210406.pdf,TGA
231867; 231868,pm-2014-03852-1-4,opdivo,nivolumab,bristol-myers squibb australia pty ltd,biologics,concentrate,intravenous,approved,authorised,07.01.2016,2016,no,no,treatment of patients with unresectable or metastatic melanoma or squamous cell non-small cell lung cancer (sq nsclc),treatment of patients with unresectable or metastatic melanoma,neoplasms; diseases of the respiratory system,06.01.2015,2015,no,na,auspar-nivolumab-160823.pdf,TGA
"114714, 114717 and 114721",pm-2011-01993-3-4,tarceva,erlotinib,roche products pty limited,small molecule,tablet,oral,approved,authorised,29.06.2012,2012,yes,yes,first-line treatment of patients with advanced (stage iiib) or metastatic (stage iv) non-small cell lung cancer (nsclc) with activating egfr mutations.,first-line treatment of patients with advanced (stage iiib) or metastatic (stage iv) non-small cell lung cancer (nsclc) with activating egfr mutations.,neoplasms; diseases of the respiratory system,,,yes,,auspar-erlotinib-130107.pdf,TGA
208905,pm-2013-00738-1-2,xofigo,radium dichloride,bayer australia ltd,other,solution,intravenous,approved,authorised,13.05.2014,2014,no,no,for the treatment of castration-resistant prostate cancer patients with bone metastases.,for the treatment of castration-resistant prostate cancer patients with symptomatic bone metastases and no known visceral metastatic disease.,neoplasms; diseases of the genitourinary system,,,no,na,auspar-radium-dichloride-140710.pdf,TGA
314866,pm-2019-00471-1-6,polivy,polatuzumab vedotin,roche products pty limited,biologics,powder,intravenous,approved,authorised (under additional monitoring),18.10.2019,2019,yes,no,treatment of previously treated adult patients with diffuse large b-cell lymphoma who are not candidates for hematopoietic stem cell transplant,treatment of previously treated adult patients with diffuse large b-cell lymphoma who are not candidates for hematopoietic stem cell transplant,neoplasms; diseases of the blood and blood-forming organs,15.04.2019,2019,no,na,auspar-polatuzumab-vedotin-191203.pdf,TGA
377111,pm-2022-02476-1-2,comirnaty,tozinameran,pfizer australia pty ltd,vaccine,suspension,intramuscular,approved,authorised,20.09.2022,2022,no,yes,"active immunisation to prevent coronavirus disease 2019 (covid-19) caused by sars-cov-2, in individuals 5 years of age and older.","active immunisation to prevent coronavirus disease 2019 (covid-19) caused by sars-cov-2, in individuals 5 years of age and older.",infectious and parasitic diseases,06.07.2022,2022,no,na,auspar-comirnaty-20221010.pdf,TGA
243792,pm-2015-01568-1-1,briviact,brivaracetam,ucb australia pty ltd,small molecule,tablet; solution,oral; intravenous,approved,authorised,02.08.2016,2016,no,no,add-on therapy in the treatment of partial-onset seizures with or without secondary generalisation in patients from 16 years of age with epilepsy,add-on therapy in the treatment of partial-onset seizures with or without secondary generalisation in patients from 16 years of age with epilepsy,diseases of the nervous system,,,no,na,auspar-brivaracetam-170307.pdf,TGA
51308,pm-2016-02215-1-3,fraxiparine,nadroparin,aspen pharmacare australia pty ltd,biologics,syringe,subcutaneous,approved,authorised,28.08.2017,2017,no,yes,prophylaxis of venous thromboembolism in medical patients bedridden due to acute illness,"prophylaxis of venous thromboembolism in high risk medical patients (respiratory failure and/or respiratory infection and/or cardiac failure), immobilised due to acute illness or hospitalised in an intensive care unit",diseases of the respiratory system; diseases of the circulatory system,30.09.2016,2016,yes,,auspar-nadroparin-180904.pdf,TGA
"197416, 197417, 197418, 197419, 197420, 197421",pm-2012-00805-3-1,"periolimel n4-600e, olimel n5-860e, olimel n7-960, olimel n7-960e, olimel n9-840, olimel n9-840e","amino acids, lipids and glucose",baxter healthcare pty ltd,peptides and proteins,emulsion,intravenous,approved,authorised,23.07.2013,2013,no,no,"parenteral nutrition for adults and children above 2 years of age when oral or enteral nutrition is impossible, insufficient or contraindicated.","parenteral nutrition for adults when oral or enteral nutrition is impossible, insufficient or contraindicated.","endocrine, nutritional, and metabolic diseases",,,yes,,auspar-amino-acids-131002.pdf,TGA
"203986, 203955, 203981, 203970",pm-2012-03463-1-1,brintellix,vortioxetine hydrobromide,lundbeck australia pty ltd,small molecule,tablet,oral,approved,authorised,19.03.2014,2014,no,no,treatment of major depressive disorder including prevention of relapse,treatment of major depressive disorder in adults including prevention of relapse,mental and behavioural disorders,,,no,na,auspar-vortioxetine-hydrobromide-140708.pdf,TGA
"131953, 131966, 131968, 131969, 131973, and 198488",pm-2020-02469-1-1,kiovig,normal immunoglobulin (human),takeda pharmaceuticals australia pty ltd,biologics,solution,intravenous,approved,authorised,20.07.2021,2021,no,yes,chronic inflammatory demyelinating polyradiculoneuropathy (cidp) in adults,chronic inflammatory demyelinating polyradiculoneuropathy (cidp) in adults,diseases of the nervous system,30.06.2020,2020,yes,,auspar-normal-immunoglobulin-human-211124.pdf,TGA
"288613, 288614",pm-2020-00161-1-4,lynparza,olaparib,astrazeneca pty ltd,small molecule,tablet,oral,approved,authorised,04.03.2021,2021,no,yes,"maintenance treatment of adult patients with advanced epithelial ovarian, fallopian tube or primary peritoneal cancer in response to first-line platinum-based chemotherapy and metastatic pancreatic adenocarcinoma","maintenance treatment of adult patients with advanced epithelial ovarian, fallopian tube or primary peritoneal cancer in response to first-line platinum-based chemotherapy and metastatic pancreatic adenocarcinoma",neoplasms; diseases of the digestive system,02.03.2020,2020,yes,,auspar-olaparib-210415.pdf,TGA
"149402, 149403, 149404",pm-2021-04601-1-2,actemra,tocilizumab,roche products pty ltd,biologics,concentrate,intravenous,approved,authorised (under additional monitoring),01.12.2021,2021,no,yes,coronavirus disease 2019 (covid-19) (iv formulation only) in hospitalised adults who are receiving systemic corticosteroids and require supplemental oxygen or mechanical ventilation.,coronavirus disease 2019 (covid-19) in hospitalised adults who are receiving systemic corticosteroids and require supplemental oxygen or mechanical ventilation.,infectious and parasitic diseases; diseases of the respiratory system,07.10.2021,2021,yes,,auspar-tocilizumab-rch-220106.pdf,TGA
272115,pm-2017-03224-1-4,alecensa,alectinib,roche australia pty ltd,small molecule,capsule,oral,approved,authorised,30.01.2018,2018,no,yes,"treatment of patients with anaplastic lymphoma kinase (alk)-positive, locally advanced or metastatic non-small cell lung cancer (nsclc).","treatment of patients with anaplastic lymphoma kinase (alk)-positive, locally advanced or metastatic non-small cell lung cancer (nsclc).",neoplasms; diseases of the respiratory system,,,yes,,auspar-alectinib-180305_0.pdf,TGA
363895,pm-2021-01699-1-5,sogroya,somapacitan,novo nordisk pharmaceuticals pty ltd,biologics,solution,subcutaneous,approved,authorised (under additional monitoring),14.02.2022,2022,no,no,replacement of endogenous growth hormone (gh) in adults with growth hormone deficiency (aghd),replacement of endogenous growth hormone (gh) in adults with growth hormone deficiency (aghd),"endocrine, nutritional, and metabolic diseases",01.06.2021,2021,no,na,auspar-sogroya-20221007.pdf,TGA
"123139, 123146, 123147, 149114, 149115, 149116, 156801 and 156817",pm-2010-01205-4,sutent,sunitinib,pfizer australia pty ltd,small molecule,tablet,oral,approved,authorised,24.02.2011,2011,yes,yes,treatment of unresectable pancreatic neuroendocrine tumours (pnet),"treatment of unresectable, well-differentiated pancreatic neuroendocrine tumours (pancreatic net)","neoplasms; endocrine, nutritional, and metabolic diseases",,,yes,,auspar-sutent.pdf,TGA
"208278, 208279, 153767, 153181",pm-2013-00215-1-1,simponi,golimumab,janssen-cilag pty ltd,biologics,solution,subcutaneous,approved,authorised,20.03.2014,2014,no,yes,the treatment of moderately to severely active ulcerative colitis in adult patients who have had an inadequate response to conventional therapy.,ulcerative colitis (uc),diseases of the digestive system,,,yes,,auspar-golimumab-140519.pdf,TGA
"316323, 313724",pm-2019-00120-1-2,fluad quad,influenza virus haemagglutinin,seqirus pty ltd,vaccine,suspension,intramuscular,approved,authorised,24.09.2019,2019,no,no,active immunisation against influenza in persons 65 years of age and older.,active immunisation against influenza in persons 65 years of age and older.,infectious and parasitic diseases,01.03.2019,2019,no,na,auspar-influenza-virus-haemagglutinin.pdf,TGA
"196987, 233439, 298307",pm-2017-04764-1-1,xeljanz,tofacitinib,pfizer australia pty ltd,small molecule,tablet,oral,approved,authorised (under additional monitoring),11.02.2019,2019,no,yes,"treatment of adult patients with moderately to severely active ulcerative colitis (uc) who have had an inadequate response, lost response, or were intolerant to conventional therapy.",ulcerative colitis,diseases of the digestive system,31.01.2018,2018,yes,,auspar-tofacitinib-as-citrate-190910.pdf,TGA
304226,pm-2018-01889-1-1,skyrizi,risankizumab,abbvie pty ltd,biologics,solution,subcutaneous,approved,authorised (under additional monitoring),15.07.2019,2019,no,no,treatment of moderate to severe plaque psoriasis in adults,treatment of moderate to severe plaque psoriasis in adults who are candidates for phototherapy or systemic therapy,diseases of the skin,02.07.2018,2018,no,na,auspar-risankizumab-200122.pdf,TGA
"280432, 280433",pm-2018-04154-1-5,"ryzodeg 70/30 flextouch, ryzodeg 70/30 penfill","insulin degludec, insulin aspart",novo nordisk pharmaceuticals pty ltd,peptides and proteins,solution,subcutaneous,approved,authorised (under additional monitoring),10.03.2020,2020,no,yes,"to improve glycaemic control in adults, adolescents and children from the age of 2 years with diabetes mellitus requiring basal and prandial insulin.",for use in diabetes mellitus in adolescents and children aged 6 years and older,"endocrine, nutritional, and metabolic diseases",02.01.2019,2019,yes,,auspar-insulin-degludec-rys-insulin-aspart-rys-200702.pdf,TGA
"226597, 263932",pm-2020-01294-1-4,keytruda,pembrolizumab,merck sharp & dohme (australia) pty ltd,biologics,powder; concentrate,intravenous,approved,authorised (under additional monitoring),12.07.2021,2021,no,yes,"for the treatment of patients with bacillus calmette-guerin (bcg)-unresponsive, high-risk, non-muscle invasive bladder cancer (nmibc) with carcinoma-in-situ (cis) with or without papillary tumours who are ineligible for or have elected not to undergo cystectomy.","for the treatment of patients with bacillus calmette-guerin (bcg)-unresponsive, high-risk, non-muscle invasive bladder cancer (nmibc) with carcinoma-in-situ (cis) with or without papillary tumours who are ineligible for or have elected not to undergo cystectomy.",neoplasms; diseases of the genitourinary system,30.04.2020,2020,yes,,auspar-keytruda-230608.pdf,TGA
210562,pm-2013-01148-1-4,gazyva,obinutuzumab,roche products pty ltd,biologics,concentrate,intravenous,approved,authorised,07.05.2014,2014,no,no,gazyva in combination with chlorambucil for the treatment of patients with previously untreated chronic lymphocytic leukaemia (cll).,gazyva in combination with chlorambucil is indicated for the treatment of patients with previously untreated chronic lymphocytic leukaemia (cll).,neoplasms; diseases of the blood and blood-forming organs,07.06.2013,2013,no,na,auspar-obinutuzumab-140826.pdf,TGA
163702,pm-2009-02159-3-4,arzerra,ofatumumab,glaxosmithkline australia pty ltd,biologics,solution,intravenous,approved,authorised,15.12.2010,2010,no,no,treatment of patients with b-cell chronic lymphocytic leukaemia (cll) refractory to fludarabine and alemtuzumab,treatment of patients with b-cell chronic lymphocytic leukaemia (cll) refractory to fludarabine and alemtuzumab,neoplasms; diseases of the blood and blood-forming organs,,,no,na,auspar-arzerra.pdf,TGA
"330021, 330022 and 330023",pm-2020-00739-1-1,austedo,deutetrabenazine,teva pharma australia pty ltd,small molecule,tablet,oral,approved,authorised (under additional monitoring),26.05.2021,2021,no,no,treatment of chorea associated with huntington’s disease and tardive dyskinesia in adults,treatment of chorea associated with huntington’s disease and tardive dyskinesia in adults,diseases of the nervous system; mental and behavioural disorders,30.03.2020,2020,no,na,auspar-deutetrabenazine-220526.pdf,TGA
,,tisseel vh/sd,fibrin sealant,baxter healthcare pty ltd,biologics,solution,topical,approved,authorised,15.03.2010,2010,no,yes,"as a sealant as an adjunct for the adhesion of chondrocyte seeded scaffold to the subchondral bed of articular cartilage defects, for the initiation of articular cartilage repair following aci / maci.",as a sealant and/or adhesive for use in autologous chondrocyte implantation (aci) or matrix-induced autologous chondrocyte implantation (maci) procedures.,diseases of the musculoskeletal system and connective tissue,,,yes,,auspar-tisseel-vhsd.pdf,TGA
327317,pm-2019-05705-1-6,adakveo,crizanlizumab,novartis pharmaceuticals australia pty ltd,biologics,concentrate,intravenous,approved,authorised (under additional monitoring),06.04.2021,2021,yes,no,prevention of vaso-occlusive crises in sickle cell disease patients.,prevention of recurrent vaso-occlusive crises in patients aged 16 years and older with sickle cell disease.,diseases of the blood and blood-forming organs,31.01.2020,2020,no,na,auspar-crizanlizumab-210716.pdf,TGA
180965,pm-2010-03810-3-3,vpriv,velaglucerase alfa,shire australia pty ltd,biologics,lyophilized powder,intravenous,approved,authorised,23.02.2012,2012,yes,no,"long-term enzyme replacement therapy for paediatric and adult patients with type 1 gaucher disease associated with at least one of the following clinical manifestations: anaemia, thrombocytopenia, hepato-splenomegaly.","long-term enzyme replacement therapy for paediatric and adult patients with type 1 gaucher disease associated with at least one of the following clinical manifestations: anaemia, thrombocytopenia, hepato-splenomegaly.","diseases of the blood and blood-forming organs; endocrine, nutritional, and metabolic diseases",,,no,na,auspar-velaglucerase-alfa-ghu-120507-01.pdf,TGA
"289959, 289960",pm-2017-02174-1-1,aimovig,erenumab,novartis australia pty ltd,biologics,solution,subcutaneous,approved,authorised (under additional monitoring),28.06.2018,2018,no,no,prophylaxis of migraine in adults,prophylaxis of migraine in adults,diseases of the nervous system,31.07.2017,2017,no,na,auspar-erenumab-1909010.pdf,TGA
"405541, 405542",pm-2023-00671-1-5,lokelma,sodium zirconium cyclosilicate,astrazeneca pty ltd,other,powder,oral,approved,authorised,04.04.2024,2024,no,no,treatment of hyperkalaemia in adult patients,treatment of hyperkalaemia in adult patients,"endocrine, nutritional, and metabolic diseases",31.03.2023,2023,no,na,auspar-lokelma-240906.pdf,TGA
338419,pm-2022-00260-1-2,veklury,remdesivir,gilead sciences pty ltd,small molecule,powder,intravenous,approved,authorised (under additional monitoring),05.05.2022,2022,no,yes,"adults and paediatric patients (at least 4 weeks of age and weighing at least 3 kg) with pneumonia, requiring supplemental oxygen; adults and paediatric patients (weighing at least 40 kg) who do not require supplemental oxygen and who are at increased risk of progressing to severe covid-19","paediatric patients (at least 4 weeks of age and weighing at least 3 kg) who have pneumonia due to sars-cov-2, and who require supplemental oxygen; adults and paediatric patients (weighing at least 40 kg) who do not require supplemental oxygen and who are at high risk of progressing to severe covid-19",infectious and parasitic diseases,08.03.2022,2022,no,na,auspar-remdesivir-220510.pdf,TGA
187136,pm-2015-04001-1-4,halaven,eribulin mesilate,eisai australia pty ltd,small molecule,solution,intravenous,approved,authorised,16.11.2016,2016,yes,yes,treatment of patients with unresectable soft tissue sarcoma (sts) who have received prior chemotherapy for advanced or metastatic disease.,treatment of patients with unresectable liposarcoma who have received prior chemotherapy for advanced or metastatic disease.,neoplasms,,,yes,,auspar-eribulin-mesilate-171012.pdf,TGA
346216,pm-2020-05447-1-6,empaveli,pegcetacoplan,apellis australia pty ltd,peptides and proteins,solution,subcutaneous,approved,authorised (under additional monitoring),28.01.2022,2022,yes,no,treatment of patients with paroxysmal nocturnal haemoglobinuria (pnh),"treatment of adult patients with paroxysmal nocturnal haemoglobinuria (pnh) who have an inadequate response to, or are intolerant of, a c5 inhibitor",diseases of the blood and blood-forming organs,30.11.2020,2020,yes,,auspar-pegcetacoplan-220902.pdf,TGA
"211696, 211697",pm-2013-01557-1-2,olysio/janssen simeprevir,simeprevir,janssen-cilag pty ltd,small molecule,capsule,oral,approved,authorised,10.07.2014,2014,no,no,"treatment of chronic hepatitis c (chc) genotype 1 or genotype 4 infection, in combination with peginterferon alfa and ribavirin, in adults with compensated liver disease (including cirrhosis) with or without human immunodeficiency virus-1 (hiv-1) co-infection who are treatment-naïve or who have failed previous interferon therapy (pegylated or non-pegylated) with or without ribavirin.","treatment of chronic hepatitis c (chc) genotype 1 or genotype 4 infection, in combination with other medicinal products for the treatment of chc infection",infectious and parasitic diseases,,,no,na,auspar-simeprevir-141027.pdf,TGA
266823,pm 2020-00171-1-2,epclusa,sofosbuvir/velpatasvir,gilead sciences pty ltd,small molecule,tablet,oral,approved,authorised,09.04.2021,2021,no,yes,treatment of chronic hepatitis c virus (hcv) infection in adults and paediatric patients ≥ 12 years of age or weighing ≥ 35 kg,"treatment of chronic hepatitis c virus (hcv) infection (genotype 1, 2, 3, 4, 5 or 6) in adults and paediatric patients ≥ 12 years of age and weighing ≥ 30 kg",infectious and parasitic diseases,02.03.2020,2020,no,na,auspar-sofosbuvir-velpatasvir-210826.pdf,TGA
"325476, 325477, 325478, 325479",pm-2019-04790-1-1,reagila,cariprazine hydrochloride,gedeon richter australia pty ltd,small molecule,capsule,oral,approved,authorised (under additional monitoring),12.11.2020,2020,no,no,treatment of schizophrenia in adult patients,treatment of schizophrenia in adult patients,mental and behavioural disorders,02.12.2019,2019,no,na,auspar-cariprazine-hydrochloride-210524.pdf,TGA
aust r 231867; aust r 231868,pm-2016-03898-1-4,opdivo,nivolumab,bristol-myers squibb australia pty ltd,biologics,concentrate,intravenous,approved,authorised,06.02.2018,2018,no,yes,treatment of patients with locally advanced unresectable or metastatic urothelial carcinoma after prior platinum-containing therapy.,treatment of patients with locally advanced unresectable or metastatic urothelial carcinoma after prior platinum-containing therapy.,neoplasms; diseases of the genitourinary system,31.01.2017,2017,yes,,auspar-nivolumab-191028.pdf,TGA
,pm-2009-03746-3-5,restasis,cyclosporin,allergan australia pty ltd,peptides and proteins,drops,ocular,withdrawn,withdrawn,17.10.2011,2011,no,yes,topical anti-inflammatory treatment for dry eye disease which is inadequately controlled with artificial tears.,na,diseases of the eye and adnexa,,,no,na,auspar-restasis.pdf,TGA
350791,pm-2020-06364-1-2,vaxneuvance,pneumococcal 15-valent conjugate vaccine,merck sharp & dohme (australia) pty ltd,vaccine,suspension,intramuscular,approved,authorised (under additional monitoring),12.01.2022,2022,no,no,active immunisation for the prevention of pneumococcal disease caused by streptococcus pneumoniae serotypes in adults 18 years of age and older.,active immunisation for the prevention of pneumococcal disease caused by streptococcus pneumoniae serotypes in adults 18 years of age and older.,infectious and parasitic diseases; diseases of the respiratory system,01.02.2021,2021,no,na,auspar-vaxneuvance-20221012.pdf,TGA
406624,pm-2023-01210-1-2,abrysvo,rsvpref,pfizer australia pty ltd,vaccine,powder; diluent,intramuscular,approved,authorised (under additional monitoring),20.03.2024,2024,no,no,active immunisation of pregnant women between 24-36 weeks of gestation for prevention of lower respiratory tract disease caused by respiratory syncytial virus (rsv) in infants from birth through 6 months of age; active immunisation of individuals 60 years of age and above for prevention of lower respiratory tract disease caused by respiratory syncytial virus (rsv).,active immunisation of pregnant women between 24-36 weeks of gestation for prevention of lower respiratory tract disease caused by respiratory syncytial virus (rsv) in infants from birth through 6 months of age; active immunisation of individuals 60 years of age and above for prevention of lower respiratory tract disease caused by respiratory syncytial virus (rsv).,infectious and parasitic diseases; diseases of the respiratory system,01.05.2023,2023,no,na,auspar-abrysvo-240502.pdf,TGA
166254,pm-2009-03131-3-2,arepanrix h5n1,pandemic influenza vaccine,gsk australia pty ltd,vaccine,suspension,intramuscular,approved,authorised,01.02.2011,2011,no,no,prophylaxis of influenza in an officially declared pandemic situation,prophylaxis of influenza in an officially declared pandemic situation,infectious and parasitic diseases,,,no,na,auspar-arepanrix.pdf,TGA
"319074, 319075, 319076",pm-2019-02513-1-5,atectura breezhaler,indacaterol (as acetate) / mometasone furoate,novartis pharmaceuticals australia pty ltd,small molecule,powder,inhalation,approved,authorised (under additional monitoring),16.07.2020,2020,no,no,once-daily maintenance treatment of asthma in adults and adolescents 12 years of age and older where use of a combination of long-acting beta 2-agonist and inhaled corticosteroid is appropriate.,once-daily maintenance treatment of asthma in adults and adolescents 12 years of age and older where use of a combination of long-acting beta 2-agonist and inhaled corticosteroid is appropriate.,diseases of the respiratory system,31.07.2019,2019,no,na,auspar-indacaterol-as-acetate-mometasone-furoate-1201111.pdf,TGA
203623,pm-2012-03387-1-3,digifab,digoxin-specific antibody fragment f(ab) (ovine),phebra pty ltd,biologics,powder,intravenous,approved,authorised,12.02.2014,2014,yes,no,"treatment of known or strongly suspected life-threatening digoxin toxicity associated with ventricular arrhythmias, progressive bradycardia, or second or third degree heart block not responsive to atropine.",treatment of known or strongly suspected life-threatening digoxin toxicity associated with ventricular arrhythmias or bradyarrhythmias not responsive to atropine and where additional measures besides withdrawal of digoxin and correction of serum electrolyte abnormalities are considered necessary.,diseases of the circulatory system,,,yes,,auspar-digoxin-specific-140505.pdf,TGA
370319 and 370320,pm-2021-02609-1-1,ponvory,ponesimod,janssen-cilag pty ltd,small molecule,tablet,oral,approved,authorised (under additional monitoring),07.03.2022,2022,no,no,treatment of adult patients with relapsing forms of multiple sclerosis (rms) with active disease defined by clinical or imaging features.,treatment of adult patients with relapsing forms of multiple sclerosis (rms) with active disease defined by clinical or imaging features.,diseases of the nervous system,26.07.2021,2021,no,na,auspar-ponvory-221031.pdf,TGA
399552 and 399553,pm-2022-04824-1-2,spikevax bivalent original/omicron ba.4-5,elasomeran and davesomeran,moderna australia pty ltd,vaccine,suspension,intramuscular,approved,authorised (under additional monitoring),17.02.2023,2023,no,no,as a booster dose for active immunisation to prevent coronavirus disease 2019 (covid-19) caused by sars-cov-2 in individuals 6 years of age and older who have previously received at least a primary vaccination course against covid-19.,as a booster dose for active immunisation to prevent coronavirus disease 2019 (covid-19) caused by sars-cov-2 in individuals 12 years of age and older who have previously received at least a primary vaccination course against covid-19.,infectious and parasitic diseases,18.11.2022,2022,yes,,auspar-spikevax-bivalent-original-omicron-ba-4-5-230224.pdf,TGA
391550,pm-2022-02509-1-5,intrarosa,prasterone,theramex australia pty ltd,small molecule,pessary,vaginal,approved,authorised (under additional monitoring),15.06.2023,2023,no,no,the treatment of postmenopausal vulvovaginal atrophy.,treatment of vulvar and vaginal atrophy in postmenopausal women having moderate to severe symptoms.,diseases of the genitourinary system,31.08.2022,2022,yes,,auspar-intrarosa-231102.pdf,TGA
"358350, 367770 and 367771",pm-2021-01170-1-3,yuflyma,adalimumab,celltrion healthcare australia pty ltd,biologics,solution,subcutaneous,approved,authorised,28.02.2022,2022,no,no,rheumatoid arthritis; juvenile idiopathic arthritis; enthesitis-related arthritis; psoriatic arthritis; ankylosing spondylitis; crohn’s disease; ulcerative colitis; psoriasis; hidradenitis suppurativa; uveitis,rheumatoid arthritis; juvenile idiopathic arthritis; enthesitis-related arthritis; psoriatic arthritis; ankylosing spondylitis; crohn’s disease; ulcerative colitis; psoriasis; hidradenitis suppurativa; uveitis,diseases of the musculoskeletal system and connective tissue; diseases of the digestive system; diseases of the skin; diseases of the eye and adnexa,01.06.2021,2021,no,na,auspar-yuflyma-20221028.pdf,TGA
222743,pm-2014-00647-1-2,daklinza,daclatasvir,bristol-myers squibb australia pty ltd,small molecule,tablet,oral,approved,authorised,22.06.2015,2015,no,no,treatment of chronic hepatitis c virus (hcv) infection in adults with compensated liver disease (including cirrhosis),treatment of chronic hepatitis c virus (hcv) infection in adults with compensated liver disease (including cirrhosis),infectious and parasitic diseases,,,no,na,auspar-daclatasvir-dihydrochloride-151214.pdf,TGA
199664 and 199668,pm-2012-01928-3-3,betmiga,mirabegron,astellas pharma australia pty ltd,small molecule,tablet,oral,approved,authorised,26.09.2013,2013,no,no,"symptomatic treatment of urgency, increased micturition frequency and/or urgency incontinence in patients with overactive bladder (oab) syndrome.","symptomatic treatment of urgency, increased micturition frequency and/or urgency incontinence in patients with overactive bladder (oab) syndrome.",diseases of the genitourinary system,,,no,na,auspar-mirabegron-140109.pdf,TGA
"133086, 171498",pm-2010-01053-3-4,tasigna,nilotinib,novartis pharmaceuticals australia pty ltd,small molecule,capsule,oral,approved,authorised,26.08.2011,2011,yes,yes,treatment of adult patients with newly diagnosed philadelphia chromosome positive chronic myeloid leukaemia (cml) in chronic phase.,treatment of adult patients with newly diagnosed philadelphia chromosome positive chronic myeloid leukaemia (cml) in chronic phase.,neoplasms; diseases of the blood and blood-forming organs,,,yes,,auspar-tasigna.pdf,TGA
225849,pm-2014-04155-1-1,cortiment,budesonide,ferring pharmaceuticals pty ltd,small molecule,tablet,oral,approved,authorised,27.08.2015,2015,no,yes,induction of remission in patients with mild to moderate active ulcerative colitis (uc).,induction of remission in patients with mild to moderate active ulcerative colitis (uc) where 5-asa treatment is not sufficient or not tolerated.,diseases of the digestive system,,,yes,,auspar-budesonide-160111.pdf,TGA
,,mabthera,rituximab,roche products pty ltd,biologics,solution,intravenous,approved,authorised,08.01.2010,2010,no,yes,treatment of patients with relapsed/refractory chronic lymphocytic leukaemia (cll),treatment of patients with cd20 positive chronic lymphocytic leukaemia (cll) in combination with chemotherapy,neoplasms; diseases of the blood and blood-forming organs,,,yes,,auspar-rituximab.pdf,TGA
"310498, 310499",pm-2018-04434-1-1,mayzent,siponimod,novartis pharmaceuticals australia pty ltd,small molecule,tablet,oral,approved,authorised (under additional monitoring),25.10.2019,2019,no,no,treatment of patients with secondary progressive multiple sclerosis (spms),treatment of adult patients with secondary progressive multiple sclerosis (spms),diseases of the nervous system,30.11.2018,2018,no,na,auspar-siponimod-191211.pdf,TGA
180894,pm-2010-03573-3-1,valoid,cyclizine lactate,link medical products pty ltd,small molecule,solution,intravenous,approved,authorised,13.06.2012,2012,no,no,the treatment of nausea and vomiting caused by narcotic analgesics and by general anaesthetics in the post-operative period; pre-operative use in patients undergoing emergency surgery to reduce the hazard of regurgitation and aspiration of gastric contents during induction of general anaesthesia,for the prevention of nausea and vomiting in the post-operative period,diseases of the digestive system,,,yes,,auspar-cyclizine-lactate-130115.pdf,TGA
196218,pm-2014-04259-1-4,perjeta,pertuzumab,roche products pty limited,biologics,concentrate,intravenous,approved,authorised,13.05.2016,2016,no,yes,"perjeta is indicated in combination with trastuzumab and docetaxel for the neoadjuvant treatment of patients with her2 positive, locally advanced, inflammatory, or early stage breast cancer (>2 cm in diameter) as part of a fluorouracil, epirubicin and cyclophosphamide (fec) or carboplatin containing treatment regimen.",perjeta is indicated in combination with trastuzumab and chemotherapy for the neoadjuvant treatment of patients with inflammatory or locally advanced her2 positive breast cancer as part of a complete treatment regimen.,neoplasms,,,yes,,auspar-pertuzumab-160616.pdf,TGA
aust r 60318 and aust r 60319,pm-2013-04906-1-3,mabthera,rituximab,roche products pty ltd,biologics,solution,intravenous,approved,authorised,05.03.2015,2015,no,no,rheumatoid arthritis,rheumatoid arthritis,diseases of the musculoskeletal system and connective tissue,,,yes,,auspar-rituximab-150827.pdf,TGA
314813,pm-2019-00391-1-3 and pm-2019-01399-1-3,vyndamax and vyndaqel,tafamidis,pfizer australia pty ltd,small molecule,capsule,oral,approved,authorised (under additional monitoring),13.03.2020,2020,yes,no,treatment of adult patients with wild-type or hereditary transthyretin amyloid cardiomyopathy to reduce all-cause mortality and cardiovascular related hospitalisation.,treatment of adult patients with wild-type or hereditary transthyretin amyloid cardiomyopathy (attr-cm).,diseases of the circulatory system,11.04.2019,2019,no,na,auspar-tafamidis-200903.pdf,TGA
198854,pm-2012-01446-3-4,istodax,romidepsin,celgene australia pty ltd,peptides and proteins,powder,intravenous,approved,authorised,30.07.2013,2013,yes,no,treatment of peripheral t-cell lymphoma in patients who have received at least one prior systemic therapy,treatment of peripheral t-cell lymphoma in patients who have received at least one prior systemic therapy,neoplasms; diseases of the blood and blood-forming organs,,,no,na,auspar-romidepsin-131120.pdf,TGA
"125968, 148325",pm-2010-02527-3-5,lucentis,ranibizumab,novartis pharmaceuticals australia pty ltd,biologics,solution,ocular,approved,authorised,11.10.2011,2011,no,yes,the treatment of visual impairment due to diabetic macular oedema (dme).,the treatment of visual impairment due to diabetic macular oedema (dme).,"diseases of the eye and adnexa; endocrine, nutritional, and metabolic diseases",,,no,na,auspar-lucentis.pdf,TGA
235759,pm-2015-00424-1-5,orkambi 200/125,lumacaftor / ivacaftor,vertex pharmaceuticals australia pty ltd,small molecule,tablet,oral,approved,authorised,02.03.2016,2016,yes,no,treatment of cystic fibrosis (cf) in patients age 12 years and older who are homozygous for the f508del mutation in the cftr gene,treatment of cystic fibrosis (cf) in patients age 12 years and older who are homozygous for the f508del mutation in the cftr gene,diseases of the respiratory system; congenital malformations and chromosomal abnormalities,,,no,na,auspar-lumacaftor-ivacaftor-160908.pdf,TGA
,pm-2016-02313-1-1,viberzi,eluxadoline,allergan australia pty ltd,small molecule,tablet,oral,withdrawn,withdrawn,24.11.2017,2017,no,no,treatment of irritable bowel syndrome with diarrhoea (ibs-d) in adults,na,diseases of the digestive system,30.09.2016,2016,no,na,auspar-eluxadoline-180516.docx.pdf,TGA
350930,pm-2020-06383-1-2,saphnelo,anifrolumab,astrazeneca pty ltd,biologics,tablet,intravenous,approved,authorised (under additional monitoring),24.03.2022,2022,no,no,add on for the treatment of adult patients with moderate to severe systemic lupus erythematosus (sle) despite standard therapy,"add on treatment of adult patients with moderate to severe, active systemic lupus erythematosus (sle), despite standard therapy",diseases of the musculoskeletal system and connective tissue; diseases of the blood and blood-forming organs; neoplasms,01.02.2021,2021,no,na,auspar-saphnelo-221206.pdf,TGA
"226597, 263932",pm-2015-04712-1-4 and pm-2016-02325-1-4,keytruda,pembrolizumab,merck sharp & dohme australia pty ltd,biologics,powder; concentrate,intravenous,approved,authorised,03.03.2017,2017,no,yes,treatment of patients with advanced non-small cell lung carcinoma (nsclc) whose tumours express pd-l1 and who have received platinum containing chemotherapy.,"first-line treatment of patients with metastatic non-small cell lung carcinoma (nsclc) whose tumours express pd-l1 with a ≥ 50% tumour proportion score (tps) as determined by a validated test, with no egfr or alk genomic tumour aberrations.",neoplasms; diseases of the respiratory system,01.04.2016,2016,yes,,auspar-pembrolizumab-rch-180507.pdf,TGA
166118,pm-2009-02729-3-1,creon micro,pancreatic extract,abbott products pty ltd,other,granules,oral,approved,authorised,28.09.2010,2010,no,no,pancreatic enzyme replacement in paediatric and adult patients with pancreatic exocrine insufficiency (pei),pancreatic enzyme replacement in paediatric and adult patients with pancreatic exocrine insufficiency (pei),diseases of the digestive system,,,yes,,auspar-creon.pdf,TGA
226597 and 263932,pm-2020-02312-1-6,keytruda,pembrolizumab,merck sharp & dohme (australia) pty ltd,biologics,powder; solution,intravenous,approved,authorised,20.10.2021,2021,no,yes,monotherapy for the treatment of adult and paediatric patients with relapsed or refractory classical hodgkin lymphoma (chl).,monotherapy for the treatment of adult patients with relapsed or refractory classical hodgkin lymphoma (chl) following autologous stem cell transplant (asct) or following at least two prior therapies when asct or multi-agent chemotherapy is not a treatment option.,neoplasms; diseases of the blood and blood-forming organs,30.06.2020,2020,yes,,auspar-keytruda-230609.pdf,TGA
,pm-2010-02897-3-4,tracleer,bosentan,actelion pharmaceuticals australia pty,small molecule,tablet,oral,refused,withdrawn,21.12.2011,2011,yes,yes,the reduction in the number of new digital ulcers in patients with systemic sclerosis with active digital ulcer disease.,na,diseases of the skin; other,,,yes,,auspar-bosentan-120905.pdf,TGA
"196987, 233439",,xeljanz,tofacitinib,pfizer australia pty ltd,small molecule,tablet,oral,approved,authorised,01.06.2017,2017,no,yes,treatment of moderate to severe active rheumatoid arthritis in adults who have had an inadequate response or are intolerant to methotrexate.,treatment of moderate to severe active rheumatoid arthritis in adults who have had an inadequate response or are intolerant to methotrexate.,diseases of the musculoskeletal system and connective tissue,06.06.2016,2016,yes,,auspar-tofacitinib-as-citrate-180525.pdf,TGA
,pm-2018-00537-1-5,nucala,mepolizumab,glaxosmithkline australia pty ltd,biologics,powder,subcutaneous,rejected,na,25.07.2019,2019,no,yes,nucala is indicated as an add-on treatment for severe refractory eosinophilic asthma in patients aged 6 years and over.,na,diseases of the respiratory system,18.06.2018,2018,yes,,auspar-mepolizumab-200218.pdf,TGA
285932,pm-2017-00690-1-2,fluzone high-dose,inactivated high-dose trivalent influenza vaccine,sanofi-aventis australia,vaccine,solution,intramuscular,approved,authorised,20.12.2017,2017,no,no,active immunisation against influenza disease caused by influenza virus types a and b contained in the vaccine for use in persons 65 years of age and older.,active immunisation against influenza disease caused by influenza virus types a and b contained in the vaccine for use in persons 65 years of age and older.,infectious and parasitic diseases,31.03.2017,2017,yes,,auspar-inactivated-high-dose-trivalent-influenza-vaccine-180709.pdf,TGA
159712,pm-2009-00483-3-3,valdoxan,agomelatine,servier laboratories (australia) pty ltd,small molecule,tablet,oral,approved,authorised,05.08.2010,2010,no,no,the treatment of major depression in adults including prevention of relapse.,the treatment of major depression in adults including prevention of relapse.,mental and behavioural disorders,,,yes,,auspar-valdoxan.pdf,TGA
"125869, 125870, 125871",pm-2011-03861-3-1,zonegran,zonisamide,scigen australia pty ltd,small molecule,capsule,oral,approved,authorised,04.04.2013,2013,no,yes,"monotherapy in the treatment of partial seizures, with or without secondary generalisation, in adults with newly diagnosed epilepsy.","monotherapy in the treatment of partial seizures, with or without secondary generalisation, in adults with newly diagnosed epilepsy who are intolerant to other agents or where other agents are contraindicated.",diseases of the nervous system,,,yes,,auspar-zonisamide-130722.pdf,TGA
"119230, 119231 and 119232",pm-2012-03063-1-4,exjade,deferasirox,novartis pharmaceuticals australia pty ltd,small molecule,tablet,oral,approved,authorised,24.10.2014,2014,no,yes,treatment of chronic iron overload in patients with nontransfusion dependent thalassemia syndromes aged 10 years and older.,the treatment of chronic iron overload due to blood transfusions (transfusional haemosiderosis) in adults and paediatric patients 6 years and older. exjade is also indicated for the treatment of chronic iron overload in paediatric patients aged 2 to 5 years who are unable to take desferrioxamine therapy or in whom desferrioxamine has proven ineffective. exjade is also indicated for the treatment of chronic iron overload in patients with non transfusion dependent thalassemia syndromes aged 10 years and older.,diseases of the blood and blood-forming organs,,,yes,,auspar-deferasirox-140306.pdf,TGA
"297455, 297456",pm-2017-04616-1-4,mvasi,bevacizumab,amgen australia pty ltd,biologics,concentrate,intravenous,approved,authorised,16.01.2019,2019,no,no,"metastatic colorectal cancer; locally recurrent or metastatic breast cancer; advanced, metastatic or recurrent non-squamous non-small cell lung cancer; advanced and/or metastatic renal cell cancer; grade iv glioma; epithelial ovarian, fallopian tube or primary peritoneal cancer; recurrent epithelial ovarian, fallopian tube or primary peritoneal cancer; cervical cancer","metastatic colorectal cancer; locally recurrent or metastatic breast cancer; advanced, metastatic or recurrent non-squamous non-small cell lung cancer; advanced and/or metastatic renal cell cancer; grade iv glioma; epithelial ovarian, fallopian tube or primary peritoneal cancer; recurrent epithelial ovarian, fallopian tube or primary peritoneal cancer; cervical cancer",neoplasms; diseases of the respiratory system; diseases of the genitourinary system,01.02.2018,2018,no,na,auspar-bevacizumab-201123.pdf,TGA
90010,pm-2009-02058-3-4,iressa,gefitinib,astrazeneca pty ltd,small molecule,tablet,oral,approved,authorised,29.06.2010,2010,no,yes,for the first-line treatment of patients with locally advanced or metastatic non small cell lung cancer (nsclc) who have activating mutations of the egfr tk.,treatment of patients with locally advanced or metastatic non-small cell lung cancer (nsclc) whose tumours express activating mutations of the egfr tyrosine kinase.,neoplasms; diseases of the respiratory system,,,yes,,auspar-gefitinib-100629.pdf,TGA
,pm-2018-04790-1-1,dipeptiven,alanylglutamine,fresenius kabi australia pty ltd,peptides and proteins,solution,intravenous,withdrawn,withdrawn,16.01.2020,2020,no,no,dipeptiven is indicated as part of a clinical nutrition regimen in patients in hypercatabolic and/or hypermetabolic states. it should be given together with parenteral nutrition.,na,"endocrine, nutritional, and metabolic diseases",31.01.2019,2019,no,na,auspar-alanylglutamine-201202.pdf,TGA
226597 and 263932,pm-2020-06395-1-4,keytruda,pembrolizumab,merck sharp & dohme (australia) pty ltd,biologics,powder; solution,intravenous,approved,authorised,16.09.2021,2021,yes,yes,first-line treatment of patients with locally advanced unresectable or metastatic carcinoma of the oesophagus or gastroesophageal junction.,first-line treatment of patients with locally advanced or metastatic carcinoma of the oesophagus or her2 negative gastroesophageal junction adenocarcinoma that is not amenable to surgical resection or definitive chemoradiation.,neoplasms; diseases of the digestive system,18.01.2021,2021,yes,,auspar-keytruda-230623.pdf,TGA
91161,pm-2011-01220-3-3,ezetrol,ezetimibe,merck sharp and dohme (australia) pty limited,small molecule,tablet,oral,withdrawn,authorised,26.07.2012,2012,no,yes,prevention of major cardiovascular events in chronic kidney disease,na,diseases of the circulatory system; diseases of the genitourinary system,,,yes,,auspar-ezetimibe-130228.pdf,TGA
"280666, 290832, 290833, 290834",pm-2016-02728-1-4,monofer,ferric derisomaltose,pfizer australia pty ltd,small molecule,solution,intravenous,approved,authorised,29.11.2017,2017,no,no,treatment of iron deficiency when oral iron preparations are ineffective or cannot be used and/or where there is a clinical need to deliver iron rapidly.,treatment of iron deficiency in adults under specific conditions.,diseases of the blood and blood-forming organs,01.11.2016,2016,yes,,auspar-ferric_derisomaltose-181105.pdf,TGA
401401,pm-2022-05510-1-5,veoza,fezolinetant,astellas pharma australia pty ltd,small molecule,tablet,oral,approved,authorised (under additional monitoring),22.02.2024,2024,no,no,treatment of moderate to severe vasomotor symptoms (vms) associated with menopause,treatment of moderate to severe vasomotor symptoms (vms) associated with menopause,"endocrine, nutritional, and metabolic diseases",08.02.2023,2023,no,na,auspar-veoza-240503.pdf,TGA
192260,pm-2011-03149-3-2,zinforo,ceftaroline fosamil,astrazeneca pty ltd,small molecule,powder,intravenous,approved,authorised,07.02.2013,2013,no,no,complicated skin and soft tissue infections; community-acquired pneumonia,complicated skin and soft tissue infections; community-acquired pneumonia,diseases of the skin; diseases of the respiratory system; infectious and parasitic diseases,,,no,na,auspar-ceftaroline-fosamil-130522.pdf,TGA
"216956, 216957, 216958, 216959, 216960, 216961, 216962 and 216963",pm-2013-03231-1-3,"atozet, zeteze",ezetimibe and atorvastatin,merck sharp & dohme australia pty ltd,small molecule,tablet,oral,approved,authorised,21.01.2015,2015,no,no,primary hypercholesterolaemia; homozygous familial hypercholesterolaemia (hofh),primary hypercholesterolaemia; homozygous familial hypercholesterolaemia (hofh),"endocrine, nutritional, and metabolic diseases",,,yes,,auspar-ezetimibe-atorvastatin-150807.pdf,TGA
"328525, 328526",pm-2022-04598-1-4,tukysa,tucatinib,pfizer australia pty ltd,small molecule,tablet,oral,approved,authorised,17.11.2023,2023,no,yes,tukysa is indicated in combination with trastuzumab for the treatment of patients with her2-positive colorectal cancer who have received at least one prior treatment regimen for unresectable or metastatic disease.,"tukysa is indicated in combination with trastuzumab for the treatment of adult patients with ras wild-type her2 positive unresectable or metastatic colorectal cancer that has progressed following treatment with fluoropyrimidine, oxaliplatin, and irinotecan based chemotherapy.",neoplasms; diseases of the digestive system,30.11.2022,2022,yes,,auspar-tukysa-240725.pdf,TGA
aust r 162215,pm-2012-02264-3-2,imojev,japanese encephalitis vaccine,sanofi-aventis australia pty ltd,vaccine,powder,subcutaneous,approved,authorised,11.12.2013,2013,no,no,"prophylaxis of japanese encephalitis caused by the japanese encephalitis virus, in individuals from 12 months of age and over","prophylaxis of japanese encephalitis caused by the japanese encephalitis virus, in individuals from 12 months of age and over",infectious and parasitic diseases,,,yes,,auspar-japanese-encephalitis-vaccine-140203.pdf,TGA
"346290, 377110",pm-2022-00483-1-2,comirnaty,tozinameran,pfizer australia pty ltd,vaccine,suspension,intramuscular,approved,authorised (under additional monitoring),07.04.2022,2022,no,yes,"active immunisation to prevent covid-19 caused by sars-cov-2, in individuals 12 years of age and older.","active immunisation to prevent covid-19 caused by sars-cov-2, in individuals 12 years of age and older.",infectious and parasitic diseases,04.03.2022,2022,yes,,auspar-tozinameran-220408.pdf,TGA
67311 and 172264,pm-2009-03219-3-1,botox,botulinum toxin type a,allergan australia pty ltd,biologics,powder,intramuscular,approved,authorised,15.03.2011,2011,no,yes,prophylaxis of headaches in adults with chronic migraine,prophylaxis of headaches in adults with chronic migraine (headache on at least 15 days per month of which at least 8 days are with migraine),diseases of the nervous system,,,no,na,auspar-botox.pdf,TGA
"214197, 214198, 214199, 214200",pm-2013-02425-1-1,plegridy,peginterferon beta 1a,biogen idec australia pty ltd,biologics,solution,subcutaneous,approved,authorised,29.10.2014,2014,no,no,treatment of relapsing forms of multiple sclerosis,treatment of relapsing forms of multiple sclerosis,diseases of the nervous system,,,no,na,auspar-peginterferon-beta-1a-rch-150205.pdf,TGA
148329 and 104542,pm-2010-03250-3-4,velcade,bortezomib,janssen-cilag pty ltd,small molecule,powder,intravenous,approved,authorised,27.10.2011,2011,no,yes,as part of combination therapy for the treatment of patients with previously untreated multiple myeloma.,"velcade, as part of combination therapy, is indicated for induction therapy prior to high dose chemotherapy with autologous stem cell rescue for patients under 65 years of age with previously untreated multiple myeloma.",neoplasms; diseases of the blood and blood-forming organs,,,yes,,auspar-velcade.pdf,TGA
237761,pm-2015-00707-1-3,praxbind,idarucizumab,boehringer ingelheim pty ltd,biologics,solution,intravenous,approved,authorised,10.05.2016,2016,no,no,praxbind is a specific reversal agent for dabigatran and is indicated in patients treated with pradaxa (dabigatran etexilate) when rapid reversal of the anticoagulant effects of dabigatran is required: for emergency surgery/urgent procedures; in life-threatening or uncontrolled bleeding.,praxbind is a specific reversal agent for dabigatran and is indicated in patients treated with pradaxa (dabigatran etexilate) when rapid reversal of the anticoagulant effects of dabigatran is required: for emergency surgery/urgent procedures; in life-threatening or uncontrolled bleeding.,diseases of the blood and blood-forming organs,,,no,na,auspar-idarucizumab-161025.pdf,TGA
283800,pm-2016-04459-1-4,cabometyx,cabozantinib,ipsen pty ltd,small molecule,tablet,oral,approved,authorised,18.01.2018,2018,no,no,for the treatment of advanced renal cell carcinoma (rcc) in adults following prior treatment with vascular endothelial growth factor targeted therapy.,for the treatment of advanced renal cell carcinoma (rcc) in adults following prior treatment with vascular endothelial growth factor targeted therapy.,neoplasms; diseases of the genitourinary system,31.01.2017,2017,no,na,auspar-cabozantinib-181018.pdf,TGA
107297 and 107301,pm-2010-03269-3,coralan,ivabradine,servier laboratories (australia) pty ltd,small molecule,tablet,oral,approved,authorised,09.07.2012,2012,no,yes,treatment of chronic heart failure: reduction of cardiovascular events (cardiovascular mortality or hospitalisation for worsening heart failure) in adults with sinus rhythm with symptomatic chronic heart failure and with heart rate at or above 70 bpm,"treatment of symptomatic chronic heart failure of nyha classes ii or iii and with documented left ventricular ejection fraction (lvef) ≤ 35% in adult patients in sinus rhythm and with heart rate at or above 77 bpm, in combination with optimal standard chronic heart failure treatment.",diseases of the circulatory system,,,yes,,auspar-ivabradine-121031.pdf,TGA
377572,pm-2021-04880-1-2,paxlovid,nirmatrelvir/ritonavir,pfizer australia pty ltd,peptides and proteins,tablet,oral,approved,authorised (under additional monitoring),18.01.2022,2022,no,no,treatment of covid-19 in adults who do not require supplemental oxygen and who are at increased risk for progressing to severe covid-19,"treatment of coronavirus disease 2019 (covid-19) in adults 18 years of age and older, who do not require initiation of supplemental oxygen due to covid-19 and are at increased risk of progression to hospitalisation or death",infectious and parasitic diseases; diseases of the respiratory system,23.11.2021,2021,no,na,auspar-nirmatrelvir-ritonavir-220124.pdf,TGA
147141,pm-2010-03271-3-4,tisseel vh/sd,fibrin sealant/adhesive/haemostatic agent,baxter healthcare pty ltd,biologics,solution,topical,approved,authorised,25.01.2012,2012,no,yes,"mesh fixation in hernia repair, as an alternative or adjunct to sutures or staples","for mesh fixation in non-iatrogenic abdominal wall hernia repair, as an alternative to sutures, staples or tacks.",diseases of the musculoskeletal system and connective tissue,,,yes,,auspar-fibrin-sealant-adhesive-120503.pdf,TGA
400126,pm-2022-04707-1-5,raniviz,ranibizumab,actor pharmaceuticals pty ltd,biologics,solution,intravitreal,approved,authorised,12.12.2023,2023,no,no,the treatment of neovascular (wet) age-related macular degeneration; the treatment of visual impairment due to diabetic macular oedema; treatment of proliferative diabetic retinopathy; the treatment of visual impairment due to choroidal neovascularisation; the treatment of visual impairment due to choroidal neovascularisation secondary to pathologic myopia; the treatment of visual impairment due to macular oedema secondary to retinal vein occlusion,the treatment of neovascular (wet) age-related macular degeneration; the treatment of visual impairment due to diabetic macular oedema; treatment of proliferative diabetic retinopathy; the treatment of visual impairment due to choroidal neovascularisation; the treatment of visual impairment due to choroidal neovascularisation secondary to pathologic myopia; the treatment of visual impairment due to macular oedema secondary to retinal vein occlusion,"diseases of the eye and adnexa; endocrine, nutritional, and metabolic diseases",03.01.2023,2023,no,na,auspar-raniviz-240613.pdf,TGA
"305480, 305452",pm-2018-02483-1-2,cresemba,isavuconazole,pfizer australia pty. ltd.,small molecule,capsule; powder,oral; intravenous,approved,authorised (under additional monitoring),15.05.2019,2019,yes,no,treatment of invasive aspergillosis and mucormycosis in patients for whom amphotericin b is inappropriate,treatment of invasive aspergillosis and mucormycosis in patients for whom amphotericin b is inappropriate,infectious and parasitic diseases,29.06.2018,2018,yes,,auspar-isavuconazole-as-sulphate-191217.pdf,TGA
99978,pm-2011-00498-3-5,protos,strontium ranelate,servier laboratories (australia) pty ltd,other,powder,oral,approved,authorised,04.05.2012,2012,no,yes,treatment of osteoporosis in men at increased risk of fracture.,treatment of osteoporosis in men at increased risk of fracture.,diseases of the musculoskeletal system and connective tissue,,,no,na,auspar-strontium-ranelate-130107.pdf,TGA
219857,pm-2013-04578-1-5,decapeptyl,triptorelin acetate,ferring pharmaceuticals pty ltd,peptides and proteins,solution,subcutaneous,approved,authorised,26.02.2015,2015,no,no,down-regulation and prevention of premature luteinising hormone (lh) surges in women undergoing controlled ovarian hyperstimulation for assisted reproductive technologies (art).,down-regulation and prevention of premature luteinising hormone (lh) surges in women undergoing controlled ovarian hyperstimulation for assisted reproductive technologies (art).,diseases of the genitourinary system,,,yes,,auspar-triptorelin-acetate-160915.pdf,TGA
"67045, 67046, 67047, 67048, 72493, 72494, 72517 and 72518",pm-2013-04968-1-2,gadovist,gadobutrol,bayer australia ltd,small molecule,solution,intravenous,approved,authorised,14.01.2015,2015,no,yes,"contrast enhancement in whole body mri including head and neck region, thoracic space, breast, abdomen (pancreas, liver and spleen), pelvis (prostate, bladder and uterus), retroperitoneal space (kidney), extremities and musculoskeletal system; and contrast enhancement in cardiac mri including assessment of rest and pharmacological stress perfusion and delayed enhancement.","contrast enhancement in whole body mri including head and neck region, thoracic space, breast, abdomen (pancreas, liver and spleen), pelvis (prostate, bladder and uterus), retroperitoneal space (kidney), extremities and musculoskeletal system; and contrast enhancement in cardiac mri including assessment of rest and pharmacological stress perfusion and delayed enhancement.",neoplasms; diseases of the circulatory system; diseases of the musculoskeletal system and connective tissue; diseases of the genitourinary system; diseases of the digestive system; diseases of the respiratory system,,,no,na,auspar-gadobutrol-150601.pdf,TGA
"217064, 217066, 217063, 217065",pm-2013-0324 7-1-3,"remsima, emisima, flixceli, inflectra",infliximab,pharmbio pty ltd,biologics,lyophilized powder; water,intravenous,approved,authorised,05.08.2015,2015,no,yes,rheumatoid arthritis in adults; ankylosing spondylitis; psoriatic arthritis; psoriasis; crohn's disease in adults and in children and adolescents (6 to 17 years); refractory fistulising crohn’s disease; ulcerative colitis in adults and in children and adolescents (6 to 17 years),rheumatoid arthritis in adults; ankylosing spondylitis; psoriatic arthritis; psoriasis; crohn's disease in adults and in children and adolescents (6 to 17 years); refractory fistulising crohn’s disease; ulcerative colitis in adults and in children and adolescents (6 to 17 years),diseases of the musculoskeletal system and connective tissue; diseases of the skin; diseases of the digestive system,29.11.2013,2013,no,na,auspar-infliximab-rmc-200603.pdf,TGA
133500,pm-2012-01185-3-4,abraxane,paclitaxel,abraxis bioscience australia pty ltd,biologics,powder,intravenous,approved,authorised,06.08.2013,2013,no,yes,first-line treatment of non-small cell lung cancer in patients who are not candidates for potentially curative surgery and/or radiation,treatment of metastatic carcinoma of the breast after failure of anthracycline therapy; first-line treatment of non-small cell lung cancer in patients who are not candidates for potentially curative surgery and/or radiation,neoplasms; diseases of the respiratory system,30.05.2012,2012,yes,,auspar-nab-paclitaxet-140109.pdf,TGA
"177648, 154661, 154663, 200203, 200204 and 200205",pm-2016-03871-1-1,afinitor,everolimus,novartis pharmaceuticals australia pty ltd,small molecule,tablet,oral,approved,authorised,22.12.2017,2017,yes,yes,adjunctive treatment of patients aged 2 years and older with tsc and refractory seizures.,adjunctive treatment of patients aged 2 years and older with tsc and associated refractory seizures.,diseases of the nervous system,31.01.2017,2017,yes,,auspar-everolimus-181130.pdf,TGA
"166561, 166562",pm-2009-03233-3-1,saphris,asenapine,schering-plough pty limited,small molecule,tablet,sublingual,approved,authorised,07.03.2011,2011,no,no,treatment of schizophrenia including prevention of relapse and maintenance of clinical improvement during continuation therapy; treatment of acute mania or mixed episodes associated with bipolar disorder and maintenance of clinical improvement during the manic episode as monotherapy or in combination with lithium or sodium valproate.,treatment of schizophrenia in adults; treatment of acute manic or mixed episodes associated with bipolar 1 disorder in adults as monotherapy or in combination with lithium or sodium valproate; prevention of relapse of manic or mixed episodes in bipolar 1 disorder in adults as monotherapy or in combination with lithium or sodium valproate.,mental and behavioural disorders,,,no,na,auspar-saphris.pdf,TGA
350772 and 350773,pm-2020-05944-1-5,kerendia,finerenone,bayer australia limited,small molecule,tablet,oral,approved,authorised (under additional monitoring),18.11.2021,2021,no,no,to delay progression of kidney disease and to reduce the risk of major adverse cardiovascular events in adults with chronic kidney disease and type 2 diabetes.,"to delay progressive decline of kidney function in adults with chronic kidney disease associated with type 2 diabetes (with albuminuria), in addition to standard of care.","endocrine, nutritional, and metabolic diseases; diseases of the genitourinary system",04.01.2021,2021,no,na,auspar-finerenone-220519.pdf,TGA
320609,pm-2021-03735-1-4,libtayo,cemiplimab,sanofi-aventis australia pty ltd,biologics,tablet,intravenous,approved,authorised (under additional monitoring),25.11.2021,2021,no,yes,the treatment of adult patients with locally advanced or metastatic bcc previously treated with a hedgehog inhibitor (hhi).,locally advanced basal cell carcinoma (bcc) indications approved. metastatic basal cell carcinoma (mbcc) indication approved for provisional registration.,neoplasms; diseases of the skin,27.09.2021,2021,no,na,auspar-libtayo-20220823.pdf,TGA
"333120, 333121, 333122, 333123, 333124, 333125",pm-2020-00473-1-2,cutaquig,human normal immunoglobulin,octapharma australia pty ltd,biologics,solution,subcutaneous,approved,authorised (under additional monitoring),21.04.2021,2021,no,no,replacement therapy in adults and children in: primary immunodeficiency diseases (pid); symptomatic hypogammaglobulinaemia secondary to underlying disease or treatment,replacement therapy in adults and children in: primary immunodeficiency diseases (pid); symptomatic hypogammaglobulinaemia secondary to underlying disease or treatment,diseases of the blood and blood-forming organs,30.04.2020,2020,no,na,auspar-human-normal-immunoglobulin-210621.pdf,TGA
"318002, 318003",pm-2019-01808-1-4 and pm-2019-01809-1-4,rozlytrek,entrectinib,roche products pty ltd,small molecule,capsule,oral,approved,authorised (under additional monitoring),14.05.2020,2020,no,yes,non-small cell lung cancer (nsclc); solid tumours,non-small cell lung cancer (nsclc); solid tumours,neoplasms; diseases of the respiratory system,01.07.2019,2019,no,na,auspar-entrectinib-201211.pdf,TGA
326047,pm-2019-04752-1-1,enspryng,satralizumab,roche products pty ltd,biologics,solution,subcutaneous,approved,authorised (under additional monitoring),13.11.2020,2020,yes,no,treatment of adult and adolescent patients from 12 years of age with neuromyelitis optica spectrum disorders (nmosd).,treatment of adults with neuromyelitis optica spectrum disorders (nmosd) who have an anti-aquaporin 4 antibody (aqp4)-igg positive status.,diseases of the nervous system,02.12.2019,2019,no,na,auspar-satralizumab-210714.pdf,TGA
199747 and 199748,pm-2012-01970-3-5,breo ellipta,fluticasone furoate/vilanterol trifenatate,glaxosmithkline australia pty ltd,small molecule,powder,inhalation,approved,authorised,21.03.2014,2014,no,no,treatment of asthma and chronic obstructive pulmonary disease (copd),symptomatic treatment of patients with copd and regular treatment of moderate to severe asthma,diseases of the respiratory system,,,no,na,auspar-fluticasone-furoate-140625.pdf,TGA
369935,pm-2021-02671-1-5,vabysmo,faricimab,roche products pty limited,biologics,solution,intravitreal,approved,authorised (under additional monitoring),04.08.2022,2022,no,no,neovascular (wet) age-related macular degeneration (namd); diabetic macular oedema (dmo),neovascular (wet) age-related macular degeneration (namd); diabetic macular oedema (dmo),"diseases of the eye and adnexa; endocrine, nutritional, and metabolic diseases",04.08.2021,2021,no,na,auspar-vabysmo-230314_0.pdf,TGA
"132510, 132514, 132515, 132516, 229850, 229851, 229852",pm-2015-00772-1-4,revlimid,lenalidomide,celgene pty ltd,small molecule,capsule,oral,approved,authorised,07.03.2016,2016,yes,yes,for the treatment of patients with relapsed and/or refractory mantle cell lymphoma.,for the treatment of patients with relapsed and/or refractory mantle cell lymphoma.,neoplasms; diseases of the blood and blood-forming organs,01.06.2015,2015,yes,,auspar-lenalidomide-190506.pdf,TGA
"369218, 369219 and 369220",pm-2021-02641-1-5,isturisa,osilodrostat,recordati rare diseases australia pty ltd,small molecule,tablet,oral,approved,authorised (under additional monitoring),06.05.2022,2022,yes,no,for the treatment of endogenous cushing's syndrome in adults.,for the treatment of endogenous cushing's syndrome in adults.,"endocrine, nutritional, and metabolic diseases",02.08.2021,2021,no,na,auspar-isturisa-20221021.pdf,TGA
"288613, 288614",pm-2017-01451-1-4,lynparza,olaparib,astrazeneca pty ltd,small molecule,tablet,oral,approved,authorised,18.05.2018,2018,no,yes,"monotherapy for the maintenance treatment of adult patients with platinum sensitive relapsed high grade epithelial ovarian, fallopian tube, or primary peritoneal cancer who are in response to platinum-based chemotherapy.","monotherapy for the maintenance treatment of adult patients with platinum sensitive relapsed high grade epithelial ovarian, fallopian tube, or primary peritoneal cancer who are in response to platinum-based chemotherapy.",neoplasms; diseases of the genitourinary system,31.05.2017,2017,no,na,auspar-olaparib-191016.pdf,TGA
"162636, 162641",pm-2009-01623-3-4,ferinject,ferric carboxymaltose,vifor pharma pty ltd,biologics,solution,intravenous,approved,authorised,05.04.2011,2011,no,no,treatment of iron deficiency when oral iron preparations are ineffective or cannot be used.,treatment of iron deficiency when oral iron preparations are ineffective or cannot be used.,diseases of the blood and blood-forming organs,,,no,na,auspar-ferric.pdf,TGA
"297214, 350774",pm-2020-05985-1-2,kozenis,tafenoquine,glaxosmithkline australia pty ltd,small molecule,tablet,oral,approved,authorised (under additional monitoring),08.03.2022,2022,yes,yes,tafenoquine is indicated for the radical cure (prevention of relapse) of plasmodium vivax (p. vivax) malaria in patients aged 6 months and older (≥ 5 kg body weight) who are receiving appropriate antimalarial therapy for the acute p. vivax infection.,"tafenoquine is indicated, in combination with chloroquine, for the radical cure (prevention of relapse) of plasmodium vivax (p. vivax) malaria.",infectious and parasitic diseases,04.01.2021,2021,no,na,auspar-kozenis-221213.pdf,TGA
316671,pm-2019-01426-1-6,mylotarg,gemtuzumab ozogamicin,pfizer australia pty ltd,biologics,powder,intravenous,approved,authorised (under additional monitoring),08.04.2020,2020,no,no,"combination therapy with standard anthracycline and cytarabine (arac) for the treatment of patients age 15 years and above with previously untreated, de novo cd33-positive acute myeloid leukaemia (aml), except acute promyelocytic leukaemia (apl).","combination therapy with standard anthracycline and cytarabine (arac) for the treatment of patients age 15 years and above with previously untreated, de novo cd33-positive acute myeloid leukaemia (aml), except acute promyelocytic leukaemia (apl).",neoplasms; diseases of the blood and blood-forming organs,13.06.2019,2019,no,na,auspar-gemtuzumab-ozogamicin-201008.pdf,TGA
158888 and 158893,pm-2008-03768-3-5,alphagan p; enidin,brimonidine,allergan australia pty ltd,small molecule,solution,ocular,approved,authorised,24.05.2010,2010,no,no,lowering of ocular pressure in patients with chronic open angle glaucoma or ocular hypertension,lowering of ocular pressure in patients with chronic open angle glaucoma or ocular hypertension,diseases of the eye and adnexa,,,yes,,auspar-brimonidine.pdf,TGA
,pm-2013-00325-1-1,belsomra,suvorexant,merck sharp and dohme australia pty ltd,small molecule,tablet,oral,rejected,na,05.09.2014,2014,no,no,"treatment of insomnia, characterised by difficulties with sleep onset and/or sleep maintenance.",na,mental and behavioural disorders,,,no,na,auspar-suvorexant-150411.pdf,TGA
aust r 208829; aust r 208827,pm-2015-04356-1-5,jardiance,empagliflozin,boehringer ingelheim pty ltd,small molecule,tablet,oral,approved,authorised,06.01.2017,2017,no,yes,prevention of cardiovascular events in patients with type 2 diabetes mellitus and high cardiovascular risk,patients with type 2 diabetes mellitus and established cardiovascular disease to reduce the risk of cardiovascular death,"endocrine, nutritional, and metabolic diseases; diseases of the circulatory system",,,yes,,auspar-empagliflozin-171026.pdf,TGA
"149402, 149403, 149404, 234034, 296808",pm-2018-05341-1-3,actemra,tocilizumab,roche products pty limited,biologics,solution,subcutaneous,approved,authorised,18.03.2020,2020,no,yes,treatment of active systemic juvenile idiopathic arthritis in patients 1 year of age and older.,treatment of active systemic juvenile idiopathic arthritis in patients 1 year of age and older.,diseases of the musculoskeletal system and connective tissue,22.02.2019,2019,yes,,auspar-tocilizumab-rch-200818.pdf,TGA
,pm-2008-2508-1-3,cimzia,certolizumab pegol,ucb australia pty ltd,biologics,solution,subcutaneous,approved,authorised,22.12.2009,2009,no,no,treatment of adult patients with moderate to severely active rheumatoid arthritis who are either intolerant of methotrexate or failed to adequately respond to conventional disease-modifying antirheumatic drugs.,treatment of moderate to severe active rheumatoid arthritis in adult patients.,diseases of the musculoskeletal system and connective tissue,,,no,na,auspar-certolizumab-pegol-091222.pdf,TGA
222392,pm-2014-00332-1-5,ozurdex,dexamethasone,allergan australia pty ltd,small molecule,implant,intravitreal,approved,authorised,29.05.2015,2015,no,yes,treatment of diabetic macular oedema,treatment of diabetic macular oedema (dme),"diseases of the eye and adnexa; endocrine, nutritional, and metabolic diseases",,,no,na,auspar-dexamethasone-161025.pdf,TGA
222848,pm-2014-00469-1-2,harvoni,ledipasvir / sofosbuvir,gilead sciences pty ltd,small molecule,tablet,oral,approved,authorised,08.05.2015,2015,no,no,treatment of chronic hepatitis c (chc) genotype 1 infection in adults,treatment of chronic hepatitis c (chc) genotype 1 infection in adults,infectious and parasitic diseases,,,no,na,auspar-ledipasvir-sofosbuvir-151008.pdf,TGA
147946,pm-2007-3614-3,priligy,dapoxetine,janssen-cilag pty ltd,small molecule,tablet,oral,approved,authorised,27.08.2010,2010,no,no,treatment of premature ejaculation in men 18 to 64 years of age,treatment of premature ejaculation in men 18 to 64 years of age,diseases of the genitourinary system,,,no,na,auspar-priligy.pdf,TGA
204767; 204769; 204766; 204768; 204765,pm-2012-03758-1-4,rixubis,nonacog gamma,baxter healthcare pty ltd,biologics,lyophilized powder; solvent,intravenous,approved,authorised,30.01.2014,2014,yes,no,routine prophylaxis of bleeding episodes in patients 12 years and older with haemophilia b; treatment and prevention of bleeding episodes in patients 12 years and older with haemophilia b (congenital factor ix deficiency); peri-operative management in patients 12 years and older with haemophilia b.,routine prophylaxis of bleeding episodes in patients 12 years and older with haemophilia b; treatment and prevention of bleeding episodes in patients 12 years and older with haemophilia b (congenital factor ix deficiency).,diseases of the blood and blood-forming organs,30.08.2012,2012,no,na,auspar-nonacog-gamma-140414.pdf,TGA
181978,pm-2011-00150-3-1,sativex,nabiximols,novartis pharmaceuticals australia pty limited,biologics,spray,oromucosal,approved,authorised,26.11.2012,2012,no,no,symptom improvement in patients with moderate to severe spasticity due to multiple sclerosis (ms) who have not responded adequately to other anti spasticity medication and who demonstrate clinically significant improvement in spasticity related symptoms during an initial trial of therapy.,treatment for symptom improvement in patients with moderate to severe spasticity due to multiple sclerosis (ms) who have not responded adequately to other anti spasticity medication and who demonstrate clinically significant improvement in spasticity related symptoms during an initial trial of therapy.,diseases of the nervous system,,,no,na,auspar-nabiximols-130927.pdf,TGA
366760,pm-2021-00464-1-6,filpegla,pegfilgrastim,cipla australia pty ltd,biologics,solution,subcutaneous,approved,authorised,01.08.2022,2022,no,no,"treatment of cancer patients following chemotherapy to decrease the duration of severe neutropenia and reduce the incidence of infection, as manifested by febrile neutropenia.","treatment of cancer patients following chemotherapy to decrease the duration of severe neutropenia and reduce the incidence of infection, as manifested by febrile neutropenia.",neoplasms; diseases of the blood and blood-forming organs,01.06.2021,2021,no,na,auspar-filpegla-230518.pdf,TGA
"341752, 341753 and 341754",pm-2020-04119-1-3,palynziq,pegvaliase,biomarin pharmaceutical australia pty ltd,biologics,solution,subcutaneous,approved,authorised (under additional monitoring),06.07.2021,2021,yes,no,treatment of patients with phenylketonuria (pku) aged 16 years and older who have inadequate blood phenylalanine control despite prior management with available treatment options,treatment of patients with phenylketonuria (pku) aged 16 years and older who have inadequate blood phenylalanine control despite prior management with available treatment options,"endocrine, nutritional, and metabolic diseases",30.09.2020,2020,no,na,auspar-pegvaliase-211126.pdf,TGA
119102,,revatio,sildenafil,pfizer australia pty ltd,small molecule,tablet; suspension,oral,withdrawn,withdrawn,11.08.2011,2011,no,yes,treatment of paediatric patients aged 1-17 with pulmonary arterial hypertension. efficacy has been shown in primary pulmonary hypertension and pulmonary hypertension associated with congenital heart disease.,na,diseases of the circulatory system; congenital malformations and chromosomal abnormalities,,,yes,,auspar-revatio-1.pdf,TGA
,pm-2010-01025-3-3,brinavess,vernakalant,merck sharpe & dohme (australia) pty ltd,small molecule,concentrate,intravenous,rejected,na,03.01.2012,2012,no,no,rapid conversion of recent onset atrial fibrillation (≤ 7 days duration) to sinus rhythm,na,diseases of the circulatory system,,,no,na,auspar-vernakalant-121112.pdf,TGA
"380979, 380980",pm-2021-05861-1-3,vazkepa,icosapent ethyl,aa-med pty ltd,small molecule,capsule,oral,approved,authorised (under additional monitoring),02.11.2022,2022,no,no,to reduce the risk of cardiovascular events in adult statin-treated patients at high cardiovascular risk with elevated triglycerides and established cardiovascular disease or diabetes with at least one other cardiovascular risk factor.,to reduce the risk of cardiovascular events in adult statin-treated patients at high cardiovascular risk with elevated triglycerides and established cardiovascular disease or diabetes with at least one other cardiovascular risk factor.,"diseases of the circulatory system; endocrine, nutritional, and metabolic diseases",15.02.2022,2022,no,na,auspar-vazkepa-230912.pdf,TGA
182302,pm-2011-00135-3-2,tobi podhaler,tobramycin,novartis pharmaceuticals australia pty ltd,small molecule,powder,inhalation,approved,authorised,27.02.2012,2012,yes,no,management of cystic fibrosis patients with pseudomonas aeruginosa infections,management of cystic fibrosis patients with pseudomonas aeruginosa infections,diseases of the respiratory system; infectious and parasitic diseases,,,no,na,auspar-tobramycin-inhalation-powder-121026.pdf,TGA
302300,pm-2017-01464-1-2,takhzyro,lanadelumab,shire australia pty. ltd.,biologics,solution,subcutaneous,approved,authorised (under additional monitoring),24.01.2019,2019,yes,no,routine prevention of angioedema attacks and control of symptoms of hereditary angioedema (hae) in patients aged 12 years and older.,routine prevention of recurrent attacks of hereditary angioedema (c1-esterase-inhibitor deficiency or dysfunction) in patients aged 12 years and older.,diseases of the blood and blood-forming organs,25.05.2018,2018,no,na,auspar-lanadelumab-200304.pdf,TGA
154726,pm-2013-04590-1-3,cimzia,certolizumab pegol,ucb australia pty ltd,biologics,solution,subcutaneous,approved,authorised,29.01.2015,2015,no,yes,"cimzia has been shown to reduce the rate of progression of joint damage as measured by x-ray, when given in combination with mtx.","cimzia has been shown to reduce the rate of progression of joint damage as measured by x-ray, when given in combination with mtx.",diseases of the musculoskeletal system and connective tissue,,,yes,,auspar-certolizumab-pegol-rbe-151102.pdf,TGA
133500,pm-2013-01523-1-4,abraxane,paclitaxel,abraxis biosciences pty ltd,biologics,lyophilized powder,intravenous,approved,authorised,13.03.2014,2014,yes,yes,first-line treatment of patients with metastatic adenocarcinoma of the pancreas,first-line treatment of patients with metastatic adenocarcinoma of the pancreas,neoplasms; diseases of the digestive system,,,yes,,auspar-nab-paclitaxel-140617.pdf,TGA
215523,pm-2013-02807-1-3,vimizim,elosulfase alfa,biomarin pharmaceutical australia pty ltd,biologics,tablet,intravenous,approved,authorised,02.12.2014,2014,yes,no,treatment of mucopolysaccharidosis type iva (mps iva; morquio a syndrome),treatment of mucopolysaccharidosis type iva (mps iva; morquio a syndrome),diseases of the musculoskeletal system and connective tissue; diseases of the respiratory system,,,no,na,auspar-elosulfase-alfa-rch-150408.pdf,TGA
"231868, 231867",pm-2017-03888-1-4,opdivo,nivolumab,bristol-myers squibb australia pty ltd,biologics,solution,intravenous,rejected,na,27.03.2019,2019,yes,yes,treatment of adult patients with advanced or recurrent gastric or gastro-oesophageal junction cancer after two or more prior systemic therapies.,na,neoplasms; diseases of the digestive system,30.11.2017,2017,yes,,auspar-nivolumab-200317.pdf,TGA
277905,pm-2016-01468-1-3,olumiant,baricitinib,eli lilly australia pty ltd,small molecule,tablet,oral,approved,authorised (under additional monitoring),19.01.2018,2018,no,no,treatment of moderate to severe active rheumatoid arthritis in adult patients.,"treatment of moderate to severe active rheumatoid arthritis in adult patients who have responded inadequately, or who are intolerant, to one or more dmards.",diseases of the musculoskeletal system and connective tissue,01.08.2016,2016,no,na,auspar-baricitinib-190321.pdf,TGA
"153181, 153767, 208278 and 208279",pm-2015-01879-1-3,simponi,golimumab,janssen cilag pty ltd,biologics,solution,subcutaneous,approved,authorised,02.09.2016,2016,no,yes,non-radiographic axial spondyloarthritis,non-radiographic axial spondyloarthritis,diseases of the musculoskeletal system and connective tissue,,,yes,,auspar-golimumab-rmc-170619.pdf,TGA
342250,pm-2020-04160-1-3,leqvio,inclisiran,novartis pharmaceuticals australia pty limited,small molecule,solution,subcutaneous,approved,authorised (under additional monitoring),14.09.2021,2021,no,no,"for adults with primary hypercholesterolaemia (heterozygous familial and non-familial) or mixed dyslipidaemia, as an adjunct to diet in combination with a statin or statin with other lipid-lowering therapies in patients unable to reach ldl-c goals with the maximum tolerated dose of a statin or, alone or in combination with other lipid-lowering therapies in patients who are statin-intolerant, or for whom a statin is contraindicated.","as an adjunct to diet and exercise to reduce low-density lipoprotein cholesterol (ldl-c) in adults with heterozygous familial hypercholesterolaemia, atherosclerotic cardiovascular disease, or at high risk of a cardiovascular event: in combination with a statin or statin with other lipid-lowering therapies in patients unable to reach ldl-c goals with the maximum tolerated dose of a statin or, alone or in combination with other lipid-lowering therapies in patients who are statin-intolerant.","endocrine, nutritional, and metabolic diseases; diseases of the circulatory system",30.09.2020,2020,no,na,auspar-inclisiran-220420.pdf,TGA
"91842, 91843/ 91836 and 91837/ 91841",pm-2010-00382/00415/00416-3-2,pegasys rbv/pegasys/copegus,peginterferon alfa-2a/ ribavirin,roche australia pty ltd,biologics,solution; tablet,subcutaneous; oral,approved,authorised,13.05.2011,2011,no,yes,treatment of chronic hepatitis c in patients with clinically stable human immunodeficiency virus (hiv) who have previously not received interferon therapy.,treatment of chronic hepatitis c in patients with clinically stable human immunodeficiency virus (hiv) who have previously not received interferon therapy.,infectious and parasitic diseases,,,yes,,auspar-pegasys.pdf,TGA
245252; 245253,pm-2015-01528-1-3,brenzys,etanercept,samsung bioepis au pty ltd,biologics,solution,subcutaneous,approved,authorised,15.07.2016,2016,no,no,rheumatoid arthritis; psoriatic arthritis; plaque psoriasis; ankylosing spondylitis; non-radiographic axial spondyloarthritis,rheumatoid arthritis; psoriatic arthritis; plaque psoriasis; ankylosing spondylitis; non-radiographic axial spondyloarthritis,diseases of the musculoskeletal system and connective tissue; diseases of the skin,,,no,na,auspar-etanercept-rch_3.pdf,TGA
182320,pm-2011-00237-3-4,emend,aprepitant,merck sharp & dohme (australia) pty limited,small molecule,capsule,oral,approved,authorised,25.05.2012,2012,no,yes,"prevention of acute and delayed nausea and vomiting associated with highly and moderately emetogenic cancer chemotherapy, and prevention of postoperative nausea and vomiting.","prevention of acute and delayed nausea and vomiting associated with highly and moderately emetogenic cancer chemotherapy, and prevention of postoperative nausea and vomiting.",neoplasms,,,yes,,auspar-aprepitant-121112.pdf,TGA
"231867, 231868",pm-2015-03579-1-4,opdivo,nivolumab,bristol-myers squibb australia pty ltd,biologics,concentrate,intravenous,approved,authorised,16.11.2016,2016,no,yes,treatment of patients with advanced renal cell carcinoma (rcc),treatment of patients with advanced clear cell renal cell carcinoma after prior anti-angiogenic therapy in adults,neoplasms; diseases of the genitourinary system,,,yes,,auspar-nivolumab-171026.pdf,TGA
"161216, 161217, 161218, 164358, 164359 and 164360",pm-2009-00972-3-5,galvumet/sobrea,vildagliptin/metformin hydrochloride,novartis pharmaceuticals australia pty ltd,small molecule,tablet,oral,approved,authorised,07.12.2010,2010,no,no,"to improve glycaemic control in conjunction with diet and exercise, of patients with type 2 diabetes mellitus who are already treated with metformin and vildagliptin or who are not adequately controlled on metformin alone.","as an adjunct to diet and exercise to improve glycaemic control in patients with type 2 diabetes whose diabetes is not adequately controlled on metformin hydrochloride alone or who are already treated with the combination of vildagliptin and metformin hydrochloride, as separate tablet.","endocrine, nutritional, and metabolic diseases",,,no,na,auspar-galvumet.pdf,TGA
"340793, 340796 and 340797",pm-2020-03892-1-5,crysvita,burosumab,kyowa kirin australia pty ltd,biologics,solution,subcutaneous,approved,authorised (under additional monitoring),03.09.2021,2021,yes,no,the treatment of x-linked hypophosphataemia in paediatric patients 1 year of age and older and adults.,"the treatment of x-linked hypophosphataemia (xlh) in adults, adolescents and children 1 year of age or older.","endocrine, nutritional, and metabolic diseases; diseases of the musculoskeletal system and connective tissue",07.09.2020,2020,no,na,auspar-crysvita-220629.pdf,TGA
279831,pm-2016-02333-1-4,oncaspar,pegaspargase,shire australia pty ltd,biologics,solution,intravenous; intramuscular,approved,authorised,19.10.2017,2017,yes,no,oncaspar is indicated as a component of antineoplastic combination therapy in patients with acute lymphoblastic leukaemia (all).,oncaspar is indicated as a component of antineoplastic combination therapy in patients with acute lymphoblastic leukaemia (all).,neoplasms; diseases of the blood and blood-forming organs,30.09.2016,2016,yes,,auspar-pegaspargase-180918.pdf,TGA
291661,pm-2017-02669-1-4,aplidin,plitidepsin,specialised therapeutics pharma pty ltd,peptides and proteins,powder; solvent,intravenous,approved,authorised (under additional monitoring),10.12.2018,2018,yes,no,"treatment of patients with relapsed and refractory multiple myeloma who have received at least two prior treatment regimens, including both a proteasome inhibitor and an immunomodulator.","treatment of patients with relapsed and refractory multiple myeloma who have received at least three prior treatment regimens, including both a proteasome inhibitor and an immunomodulator.",neoplasms; diseases of the blood and blood-forming organs,31.08.2017,2017,no,na,auspar-plitidepsin-190513.pdf,TGA
"106964, 106960 and 106962",pm-2010-01654-3-3,fosrenol,lanthanum carbonate,shire australia pty limited,other,tablet,oral,withdrawn,withdrawn,08.12.2011,2011,no,yes,treatment of hyperphosphataemia in adults with chronic renal failure.,na,"endocrine, nutritional, and metabolic diseases",,,no,na,auspar-fosrenol.pdf,TGA
233201,,belkyra,deoxycholic acid,allergan australia pty ltd,small molecule,solution,subcutaneous,approved,authorised,19.07.2016,2016,no,no,improvement in the appearance of moderate to severe convexity or fullness associated with submental fat in adults.,improvement in the appearance of moderate to severe convexity or fullness associated with submental fat in adults.,diseases of the skin,,,no,na,auspar-deoxycholic-acid-170406.pdf,TGA
34371,pm-2018-05773-1-2,lipiodol ultra fluid,iodised oil,guerbet australia,other,solution,intraarterial,approved,authorised,14.05.2020,2020,no,yes,visualisation and localisation during trans-arterial chemo-embolisation (tace) of hepatocellular carcinoma (hcc) at intermediate stage in adults.,in interventional radiology: as an imaging agent for visualisation and localisation during trans-arterial chemo-embolization (tace) of hepatocellular carcinoma (hcc) at intermediate stage in adults.,neoplasms,30.04.2019,2019,yes,,auspar-iodised-oil-201223.pdf,TGA
"342690, 342691, 342692 and 342693",pm-2020-04183-1-1,zyamis,midazolam maleate,veriton pharma pty ltd,small molecule,solution,buccal,approved,authorised (under additional monitoring),17.09.2021,2021,no,yes,"the treatment of prolonged acute convulsive seizures (pacs) in infants, children and adolescents aged from 6 months to less than 18 years old when iv diazepam is not available or inappropriate to use.","zyamis, as buccal midazolam, is indicated for the treatment of generalised convulsive status epilepticus (gcse), in those over 6 months old.",diseases of the nervous system,30.09.2020,2020,yes,,auspar-zyamis-230420.pdf,TGA
"208827, 208829",pm-2022-05194-1-5,jardiance,empagliflozin,boehringer ingelheim pty ltd,small molecule,tablet,oral,approved,authorised,06.02.2024,2024,no,yes,chronic kidney disease to reduce the risk of kidney disease progression or cardiovascular death,"chronic kidney disease to reduce the risk of kidney disease progression in adults with ckd stages 2 and 3a with urine acr ≥30 mg/g, or ckd stages 3b, 4 and 5 irrespective of urine acr",diseases of the genitourinary system; diseases of the circulatory system,31.01.2023,2023,yes,,auspar-jardiance-240709.pdf,TGA
430450,pm-2023-05418-1-3,pombiliti,cipaglucosidase alfa,amicus therapeutics pty ltd,biologics,powder,intravenous,approved,authorised (under additional monitoring),10.02.2025,2025,yes,no,long-term enzyme replacement therapy used in combination with the enzyme stabiliser miglustat for the treatment of adults with late onset pompe disease (acid α-glucosidase [gaa] deficiency).,long-term enzyme replacement therapy used in combination with the enzyme stabiliser miglustat for the treatment of adults with late onset pompe disease (acid α-glucosidase [gaa] deficiency).,"endocrine, nutritional, and metabolic diseases",31.01.2024,2024,no,na,auspar-pombiliti-250602.pdf,TGA
277120 and 310681,pm-2019-00505-1-4,tecentriq,atezolizumab,roche products pty ltd,biologics,concentrate,intravenous,approved,authorised,13.02.2020,2020,no,yes,first line treatment of patients with metastatic non-squamous nsclc who do not have tumour egfr or alk genomic aberrations,first line treatment of patients with metastatic non-squamous nsclc who do not have tumour egfr or alk genomic aberrations,neoplasms; diseases of the respiratory system,01.04.2019,2019,yes,,auspar-atezolizumab-200604.pdf,TGA
274911,pm-2016-01314-1-1,revestive,teduglutide,shire australia pty ltd,biologics,powder,subcutaneous,approved,authorised,17.05.2017,2017,no,no,treatment of adult patients with short bowel syndrome (sbs) who are dependent on parenteral support.,treatment of adult patients with short bowel syndrome (sbs) who are dependent on parenteral support.,diseases of the digestive system,31.05.2016,2016,no,na,auspar-teduglutide-180406.pdf,TGA
334814 and 334816,pm-2020-01736-1-4,abevmy,bevacizumab,alphapharm pty ltd,biologics,tablet,intravenous,approved,authorised,10.05.2021,2021,no,no,"metastatic colorectal cancer; locally recurrent or metastatic breast cancer; advanced, metastatic or recurrent non-squamous non-small cell lung cancer; advanced and/or metastatic renal cell cancer; grade iv glioma; epithelial ovarian, fallopian tube or primary peritoneal cancer; recurrent epithelial ovarian, fallopian tube or primary peritoneal cancer; cervical cancer","metastatic colorectal cancer; locally recurrent or metastatic breast cancer; advanced, metastatic or recurrent non-squamous non-small cell lung cancer; advanced and/or metastatic renal cell cancer; grade iv glioma; epithelial ovarian, fallopian tube or primary peritoneal cancer; recurrent epithelial ovarian, fallopian tube or primary peritoneal cancer; cervical cancer",neoplasms; diseases of the respiratory system; diseases of the genitourinary system,02.06.2020,2020,no,na,auspar-bevacizumab-220202.pdf,TGA
180138,pm-2010-03576-3-2,incivo,telaprevir,janssen-cilag pty ltd,small molecule,tablet,oral,approved,authorised,24.02.2012,2012,no,no,treatment of genotype 1 chronic hepatitis c in adult patients with compensated liver disease,treatment of genotype 1 chronic hepatitis c in adult patients with compensated liver disease,infectious and parasitic diseases,,,no,na,auspar-telaprevir-121026.pdf,TGA
320609,pm-2019-03270-1-4,libtayo,cemiplimab,sanofi-aventis australia pty ltd,biologics,tablet,intravenous,approved,authorised (under additional monitoring),02.07.2020,2020,no,no,treatment of adult patients with metastatic or locally advanced cutaneous squamous cell carcinoma who are not candidates for curative surgery or curative radiation.,treatment of adult patients with metastatic or locally advanced cutaneous squamous cell carcinoma who are not candidates for curative surgery or curative radiation.,neoplasms; diseases of the skin,30.08.2019,2019,no,na,auspar-cemiplimab-201102.pdf,TGA
160646 and 160645,pm-2009-00870-3-5,elonva,corifollitropin alfa,schering-plough pty ltd,biologics,solution,subcutaneous,approved,authorised,21.07.2010,2010,no,no,controlled ovarian stimulation (cos) for the development of multiple follicles and pregnancy in women undergoing in-vitro fertilisation techniques.,controlled ovarian stimulation (cos) for the development of multiple follicles and pregnancy in women undergoing in-vitro fertilisation techniques.,diseases of the genitourinary system,,,no,na,auspar-elonva.pdf,TGA
"238700, 216038, 199412, 199411, 199410, 95779",pm–2014-04326-1-4,humira,adalimumab,abbvie pty ltd,biologics,solution,subcutaneous,approved,authorised,06.04.2016,2016,no,yes,"treatment of active moderate to severe hidradenitis suppurativa (acne inversa) in adult patients, including treatment of inflammatory lesions and prevention of worsening of abscesses and draining fistulas.",treatment of active moderate to severe hidradenitis suppurativa (acne inversa) in adult patients with an inadequate response to conventional systemic hidradenitis suppurativa therapy.,diseases of the skin,,,yes,,auspar-adalimumab-rch-160712.pdf,TGA
179677 and 179678,pm-2010-3272-3-1,zaldiar,tramadol hydrochloride / paracetamol,grunenthal pty ltd,small molecule,tablet,oral,approved,authorised,05.03.2012,2012,no,no,symptomatic treatment of moderate to severe pain,treatment of moderate pain,diseases of the musculoskeletal system and connective tissue,,,yes,,auspar-tramadol-hydrochloride-120913.pdf,TGA
"261332, 261406, 261407, 261408, 261409, 261410, 261411, 261412",pm-2015-02788-1-1,invega trinza and trevicta,paliperidone palmitate,janssen-cilag pty ltd,small molecule,suspension,intramuscular,approved,authorised,20.09.2017,2017,no,yes,for the treatment of schizophrenia in adult patients who have been adequately treated with the 1 month paliperidone palmitate injectable product for at least four months.,indicated for the maintenance treatment of schizophrenia in adult patients who have been adequately treated with the 1 month paliperidone palmitate injectable product for at least four months.,mental and behavioural disorders,,,no,na,auspar-paliperidone-palmitate-171013.pdf,TGA
363250,pm-2021-01677-1-6,vyxeos,daunorubicin/cytarabine,jazz pharmaceuticals anz pty ltd,biologics,powder,intravenous,approved,authorised,27.05.2022,2022,no,no,"adults with newly diagnosed, therapy-related acute myeloid leukaemia (t-aml) or aml with myelodysplasia-related changes (aml-mrc)","treatment of adults with newly diagnosed, therapy-related acute myeloid leukaemia (t-aml) or aml with myelodysplasia-related changes (aml-mrc)",neoplasms; diseases of the blood and blood-forming organs,01.06.2021,2021,yes,,auspar-vyxeos-230210.pdf,TGA
"341450, 319093",pm-2019-02591-1-2,flucelvax quad,influenza virus haemagglutinin,seqirus pty ltd,vaccine,suspension,intramuscular,approved,authorised,14.08.2020,2020,no,no,"for the prevention of influenza caused by influenza virus, types a and b contained in the vaccine. the vaccine is indicated for use in adults and children 9 years of age and older.","for the prevention of influenza caused by influenza virus, types a and b contained in the vaccine. the vaccine is indicated for use in adults and children 9 years of age and older.",infectious and parasitic diseases; diseases of the respiratory system,31.07.2019,2019,yes,european medicines agency,auspar-quad-quadrivalent-influenza-vaccine-201217.pdf,TGA
346890,pm-2020-04869-1-4,yonsa mpred,abiraterone acetate and methylprednisolone,sun pharma anz pty ltd,small molecule,tablet,oral,approved,authorised,24.03.2022,2022,no,no,"treatment of patients with newly diagnosed high-risk metastatic hormone sensitive prostate cancer (mhspc) in combination with androgen deprivation therapy (adt), or patients with metastatic advanced prostate cancer (castration resistant prostate cancer, mcrpc) who are asymptomatic or mildly symptomatic after failure of androgen deprivation therapy (adt) or patients with mcrpc who have received prior chemotherapy containing a taxane.","treatment of patients with newly diagnosed high-risk metastatic hormone sensitive prostate cancer (mhspc) in combination with androgen deprivation therapy (adt), or patients with metastatic advanced prostate cancer (castration resistant prostate cancer, mcrpc) who are asymptomatic or mildly symptomatic after failure of androgen deprivation therapy (adt) or patients with mcrpc who have received prior chemotherapy containing a taxane.",neoplasms,02.11.2020,2020,yes,,auspar-yonsa-mpred-240801.pdf,TGA
"130100, 177174, 177176, 206764 and 236039",pm-2016-03491-1-3,orencia,abatacept,bristol-myers squibb australia pty ltd.,biologics,solution; powder,subcutaneous; intravenous,approved,authorised,10.01.2018,2018,no,yes,treatment of active psoriatic arthritis in adults when the response to previous dmard therapy has been inadequate.,treatment of active psoriatic arthritis in adults when the response to previous dmard therapy has been inadequate.,diseases of the musculoskeletal system and connective tissue; diseases of the skin,03.01.2017,2017,yes,,auspar-abatacept-190204.pdf,TGA
115552; 115555; 158898; 158899,pm-2008-03789-3-5,symbicort rapihaler,budesonide/eformoterol,astrazeneca pty ltd,small molecule,inhaler,inhalation,approved,authorised,07.04.2011,2011,no,yes,treatment of asthma and copd,treatment of asthma and copd,diseases of the respiratory system,,,no,na,auspar-budesonide-130226.pdf,TGA
226597 and 263932,pm-2016-04328-1-4,keytruda,pembrolizumab,merck sharp & dohme (australia) pty limited,biologics,powder; solution,intravenous,approved,authorised,09.01.2018,2018,no,yes,treatment of patients with locally advanced or metastatic urothelial carcinoma who are not eligible for cisplatin-containing therapy and who have received platinum containing chemotherapy.,treatment of patients with locally advanced or metastatic urothelial carcinoma who are not eligible for cisplatin-containing therapy and who have received platinum containing chemotherapy.,neoplasms; diseases of the genitourinary system,28.02.2017,2017,yes,,auspar-pembrolizumab-181105.pdf,TGA
"346290, 377110, 377111, 393433",pm-2023-01183-1-2,comirnaty covid-19 vaccine,tozinameran,pfizer australia pty ltd,vaccine,suspension,intramuscular,approved,authorised (under additional monitoring),13.07.2023,2023,no,no,"active immunisation to prevent coronavirus disease 2019 (covid-19) caused by sars-cov-2, in individuals 6 months of age and older.","active immunisation to prevent coronavirus disease 2019 (covid-19) caused by sars-cov-2, in individuals 6 months of age and older.",infectious and parasitic diseases,03.04.2023,2023,no,na,auspar-comirnaty-230807.pdf,TGA
312690,pm-2020-06532-1-5,ryaltris,olopatadine / mometasone furoate,seqirus pty limited,small molecule,spray,nasal,approved,authorised,28.01.2022,2022,no,yes,treatment of symptoms associated with allergic rhinitis and rhinoconjunctivitis in patients 6 years of age and older,treatment of symptoms associated with allergic rhinitis and rhinoconjunctivitis in patients 6 years of age and older,diseases of the respiratory system; diseases of the eye and adnexa,01.02.2021,2021,no,na,auspar-ryaltris-230323.pdf,TGA
"119120, 119127, 119128, 119129, 119130, 119131, 119135, 119136",pm-2009-01470-3-3,crestor/visacor,rosuvastatin,astrazeneca pty ltd,small molecule,tablet,oral,approved,authorised,22.02.2011,2011,no,yes,reduce the risk of major cardiovascular events in patients at increased risk of cardiovascular disease with risk markers such as age and elevated high sensitivity assay c-reactive protein [crp](hscrp) but with “normal” cholesterol levels.,prevention of major cardiovascular events in men ≥ 50 years old or women ≥60 years old with no clinically evident cardiovascular disease but with at least two conventional risk factors for cardiovascular disease.,diseases of the circulatory system,,,yes,,auspar-crestor.pdf,TGA
167237,pm-2015-01532-1-3,brilinta,ticagrelor,astrazeneca pty ltd,small molecule,tablet,oral,rejected,na,25.10.2016,2016,no,yes,prevention of atherothrombotic events in patients with a history of myocardial infarction and high risk of developing atherothrombotic events,na,diseases of the circulatory system,,,yes,,auspar-ticagrelor-170531.pdf,TGA
263912,pm-2015-03141-1-2,technivie,paritaprevir / ritonavir / ombitasvir,abbvie pty ltd,small molecule,tablet,oral,approved,authorised,17.11.2016,2016,no,yes,treatment of genotype 4 chronic hepatitis c virus (hcv) infection without cirrhosis,treatment of adult patients with genotype 4 chronic hepatitis c virus (hcv) infection,infectious and parasitic diseases,,,no,na,auspar-paritaprevir-ritonavir-ombitasvir-171005.pdf,TGA
310360,pm-2018-03998-1-5,fostair,beclometasone dipropionate/formoterol fumarate dihydrate,chiesi australia pty ltd,small molecule,solution,inhalation,approved,authorised,20.01.2020,2020,no,no,asthma and copd,asthma and copd,diseases of the respiratory system,31.10.2018,2018,no,na,auspar-beclometasone-dipropionate-formoterol-eformoterol-fumarate-dihydrate-200707.pdf,TGA
181338,pm-2012-01113-3-2,stromectol,ivermectin,merck sharp dohme (australia) pty ltd,small molecule,tablet,oral,approved,authorised,15.07.2013,2013,no,yes,treatment of human sarcoptic scabies,onchocerciasis and intestinal strongyloidiasis; crusted scabies in conjunction with topical therapy; human sarcoptic scabies when prior topical treatment has failed or is contraindicated,infectious and parasitic diseases; diseases of the skin,,,yes,,auspar-ivermectin-131030.pdf,TGA
210 562,pm-2022-03031-1-6,gazyva,obinutuzumab,roche products pty ltd,biologics,concentrate,intravenous,approved,authorised,03.05.2023,2023,no,yes,pre-treatment to reduce the risk of cytokine release syndrome (crs) induced by glofitamab.,pre-treatment to reduce the risk of cytokine release syndrome (crs) induced by glofitamab.,neoplasms; diseases of the blood and blood-forming organs,31.08.2022,2022,no,na,auspar-gazyva-241230.pdf,TGA
370599,pm-2022-00685-1-2,spikevax,elasomeran,moderna australia pty ltd,vaccine,suspension,intramuscular,approved,authorised,19.10.2022,2022,no,yes,active immunisation to prevent coronavirus disease 2019 (covid-19) caused by sars-cov-2 in individuals 6 months of age and older.,active immunisation to prevent coronavirus disease 2019 (covid-19) caused by sars-cov-2 in individuals 6 months of age and older.,infectious and parasitic diseases,08.03.2022,2022,no,na,auspar-spikevax-20221108.pdf,TGA
"207709, 207712, 207711, 207721",pm-2013-00325-1-1,belsomra,suvorexant,merck sharp and dohme australia pty ltd,small molecule,tablet,oral,approved,authorised,11.11.2016,2016,no,no,"treatment of insomnia, characterised by difficulties with sleep onset and/or sleep maintenance.","the treatment of insomnia, characterised by difficulties with sleep onset and/or sleep maintenance.",mental and behavioural disorders,17.04.2014,2014,no,na,auspar-suvorexant-150311.pdf,TGA
"294997, 295051, 295048, 295010, 295042, 295045, 295013",pm-2017-02926-1-1,buvidal,buprenorphine,camurus pty ltd,small molecule,solution,subcutaneous,approved,authorised,22.11.2018,2018,no,no,"treatment of opioid dependence within a framework of medical, social and psychological support.","maintenance treatment of opioid dependence within a framework of medical, social and psychological support.",mental and behavioural disorders,31.10.2017,2017,yes,,auspar-buprenorphine-191106.pdf,TGA
277120,pm-2016-02087-1-4,tecentriq,atezolizumab,roche products pty ltd,biologics,concentrate,intravenous,approved,authorised,26.07.2017,2017,no,no,treatment of patients with locally advanced or metastatic non-small cell lung cancer (nsclc) after prior chemotherapy and treatment of patients with locally advanced or metastatic urothelial carcinoma after prior chemotherapy.,treatment of patients with locally advanced or metastatic non-small cell lung cancer (nsclc) with progression on or after prior chemotherapy.,neoplasms; diseases of the respiratory system; diseases of the genitourinary system,29.07.2016,2016,no,na,auspar-atezolizumab-180903.pdf,TGA
"159322, 159323, 159324",pm-2009-00390-3-5,prolia,denosumab,amgen australia pty ltd,biologics,solution,subcutaneous,approved,authorised,26.10.2010,2010,no,no,treatment of osteoporosis in postmenopausal women; treatment of bone loss associated with hormone ablation in men with prostate cancer,the treatment of osteoporosis in postmenopausal women,"endocrine, nutritional, and metabolic diseases",,,no,na,auspar-prolia.pdf,TGA
"157562, 157563, 157564, 157565",pm-2008-03320-3-3,sevikar,olmesartan medoxomil and amlodipine besylate,schering-plough pty ltd,small molecule,tablet,oral,approved,authorised,10.05.2010,2010,no,no,treatment of hypertension,treatment of hypertension,diseases of the circulatory system,,,no,na,auspar-sevikar.pdf,TGA
"93946, 125665, 125666",pm-2010-00539-3-4,ferriprox,deferiprone,orphan australia pty ltd,small molecule,tablet; solution,oral,approved,authorised,15.08.2011,2011,yes,no,treatment of patients with transfusional iron overload due to chronic blood transfusions (transfusional haemosiderosis),treatment of iron overload in patients with thalassaemia major who are unable to take desferrioxamine therapy or in whom desferrioxamine therapy has proven ineffective.,diseases of the blood and blood-forming organs,,,yes,,auspar-ferriprox.pdf,TGA
10482,pm-2009-03539-3-3,indocid pda,indomethacin,invida australia pty ltd,small molecule,powder; plug,intravenous,approved,authorised,18.03.2011,2011,no,yes,for the closure of patent ductus arteriosus in premature babies.,for the closure of patent ductus arteriosus in premature babies.,congenital malformations and chromosomal abnormalities,,,yes,,auspar-indocid.pdf,TGA
60318 and 60319,pm-2012-00331-3-3,mabthera,rituximab,roche products pty limited,biologics,solution,intravenous,approved,authorised,13.05.2013,2013,yes,yes,induction of remission in patients with severely active granulomatosis with polyangiitis (gpa) and microscopic polyangiitis (mpa),induction of remission in patients with severely active granulomatosis with polyangiitis (gpa) and microscopic polyangiitis (mpa),diseases of the blood and blood-forming organs; diseases of the respiratory system,,,yes,,auspar-rituximab-130813.pdf,TGA
355139,,nuvaxovid,sars-cov-2-rs,biocelect pty ltd,vaccine,suspension,intramuscular,approved,authorised (under additional monitoring),26.10.2023,2023,no,no,active immunisation to prevent coronavirus disease 2019 (covid-19) caused by sars-cov-2 in individuals 12 years of age and older.,active immunisation to prevent coronavirus disease 2019 (covid-19) caused by sars-cov-2 in individuals 12 years of age and older.,infectious and parasitic diseases,04.05.2023,2023,no,na,auspar-nuvaxovid-231106.pdf,TGA
207691,pm-2013-00324-1-1,fycompa,perampanel,eisai australia pty ltd,small molecule,tablet,oral,approved,authorised,16.05.2014,2014,no,no,adjunctive treatment of partial-onset seizures with or without secondarily generalised seizures in epileptic patients aged ≥ 12 years,adjunctive treatment of partial-onset seizures with or without secondarily generalised seizures in epileptic patients aged ≥ 12 years,diseases of the nervous system,,,no,na,auspar-perampanel-141014.pdf,TGA
380813,pm-2021-05675-1-1,onpattro,patisiran,alnylam australia pty ltd,small molecule,concentrate,intravenous,approved,authorised (under additional monitoring),18.11.2022,2022,yes,no,treatment of hereditary transthyretin-mediated amyloidosis (hattr amyloidosis) in adult patients with stage 1 or stage 2 polyneuropathy,treatment of hereditary transthyretin-mediated amyloidosis (hattr amyloidosis) in adult patients with stage 1 or stage 2 polyneuropathy,diseases of the nervous system; diseases of the circulatory system,31.01.2022,2022,no,na,auspar-onpattro-230824.pdf,TGA
"aust r 298198, 147400; 181185; 181186",pm-2017-04819-1-3,xarelto,rivaroxaban,bayer australia ltd,small molecule,tablet,oral,approved,authorised,24.12.2018,2018,no,yes,"prevention of stroke, myocardial infarction and cardiovascular death, and for the prevention of acute limb ischaemia and mortality in patients with coronary artery disease (cad) and/or peripheral artery disease (pad).","prevention of major cardiovascular events (composite of stroke, myocardial infarction and cardiovascular death) in patients with coronary artery disease (cad) and/or peripheral artery disease (pad).",diseases of the circulatory system,31.01.2018,2018,yes,,auspar-rivaroxaban-191022.pdf,TGA
243672,pm-2015-01131-1-3,ephedrine hydrochloride myx,ephedrine hydrochloride,mayne pharma international pty ltd,small molecule,solution,intravenous,approved,authorised,18.07.2016,2016,no,no,treatment of shock unresponsive to fluid replacement; treatment of hypotension secondary to spinal anaesthesia; treatment of bronchial asthma and reversible bronchospasm,treatment of hypotension secondary to spinal anaesthesia,diseases of the circulatory system,,,yes,,auspar-ephedrine-hydrochloride-170622.pdf,TGA
350791,pm-2022-00382-1-2,vaxneuvance,pneumococcal 15-valent conjugate vaccine,merck sharp & dohme (australia) pty ltd,vaccine,suspension,intramuscular,approved,authorised (under additional monitoring),22.03.2023,2023,no,yes,"active immunisation for the prevention of pneumococcal disease (including invasive disease, pneumonia and acute otitis media) caused by streptococcus pneumoniae serotypes in infants, children and adolescents from 6 weeks to less than 18 years of age.",active immunisation for the prevention of pneumococcal disease caused by streptococcus pneumoniae serotypes in adults and children from 6 weeks of age.,infectious and parasitic diseases,31.03.2022,2022,yes,,auspar-vaxneuvance-230907.pdf,TGA
106554; 297685,pm-2018-01989-1-2,adacel,pertussis vaccine - acellular combined with diphtheria and tetanus toxoids (adsorbed),sanofi-aventis australia pty ltd,vaccine,suspension,intramuscular,approved,authorised,14.05.2019,2019,no,yes,adacel may be administered during pregnancy for prevention of pertussis in young infants.,adacel may be administered during pregnancy for prevention of pertussis in young infants via transplacental antibody transfer from the pregnant woman to the fetus.,infectious and parasitic diseases,02.07.2018,2018,yes,,auspar-pertussis-vaccine-acellular-combined-with-diphtheria-tetanus-adsorbed-200323.pdf,TGA
,pm-2010-03905-3-2,fluad paediatric,"influenza virus haemagglutinin (ha), influenza virus neuraminidase",novartis vaccines and diagnostics pty ltd,vaccine,suspension,intramuscular,withdrawn,withdrawn,13.02.2012,2012,no,yes,active immunisation against influenza in infants and children from 6 months to less than 9 years of age,na,infectious and parasitic diseases,,,no,na,auspar-trivalent-seasonal-influenza-vaccine-121004.pdf,TGA
371727,pm-2021-03191-1-2,verorab,inactivated rabies virus,sanofi-aventis australia pty ltd,vaccine,powder; solvent,intramuscular;intradermal,approved,authorised (under additional monitoring),06.10.2022,2022,no,no,pre-exposure and post-exposure prophylaxis against rabies in all age groups,pre-exposure prophylaxis against rabies; post-exposure prophylaxis against rabies,infectious and parasitic diseases; diseases of the nervous system,30.09.2021,2021,yes,,auspar-verorab-230427.pdf,TGA
"270335, 271633, 271634, 271635, 271636, 271637, 271638",pm-2015-04357-1-4,afstyla,lonoctocog alfa,csl behring australia pty ltd,biologics,powder,intravenous,approved,authorised,29.03.2017,2017,no,no,control and prevention of bleeding episodes; routine prophylaxis to prevent or reduce the frequency of bleeding episodes; perioperative management (surgical prophylaxis) in patients with haemophilia a,control and prevention of bleeding episodes; routine prophylaxis to prevent or reduce the frequency of bleeding episodes; perioperative management (surgical prophylaxis) in patients with haemophilia a,diseases of the blood and blood-forming organs,29.02.2016,2016,no,na,auspar-lonoctocog-alfa-rch-180123.pdf,TGA
341876,pm-2020-04185-1-5,nextstellis,estetrol monohydrate / drospirenone,mayne pharma international pty ltd,small molecule,tablet,oral,approved,authorised (under additional monitoring),10.11.2021,2021,no,no,for use by women of reproductive potential to prevent pregnancy.,for use by women of reproductive potential to prevent pregnancy.,pregnancy and childbirth,30.09.2020,2020,no,na,auspar-nextstellis-220721.pdf,TGA
,pm-2008-1439-5,pergoveris,follitropin alfa; lutropin alfa,merck serono australia pty ltd,biologics,powder,subcutaneous,approved,authorised,10.11.2009,2009,no,no,stimulation of follicular development in women with severe lh and fsh deficiency.,stimulation of follicular development in women with severe lh and fsh deficiency.,"endocrine, nutritional, and metabolic diseases",,,yes,,auspar-pergoveris.pdf,TGA
"69413, 69210 and 69376",pm-2010-03092-3-4,sandostatin lar,octreotide,novartis pharmaceuticals australia pty ltd,peptides and proteins,powder,intramuscular,approved,authorised,15.12.2011,2011,yes,yes,treatment of patients with advanced neuroendocrine tumours of the midgut or unknown primary location,"treatment of patients with progression of well-differentiated, advanced neuroendocrine tumours of the midgut or suspected midgut origin",neoplasms,,,yes,,auspar-octreotide-120214.pdf,TGA
289257,pm-2017-01784-1-2,shingrix,recombinant varicella zoster virus glycoprotein e antigen,glaxosmithkline,vaccine,powder; solution,intramuscular,approved,authorised,27.06.2018,2018,no,no,prevention of herpes zoster and post herpetic neuralgia in adults 50 years of age or older,prevention of herpes zoster and post herpetic neuralgia in adults 50 years of age or older,infectious and parasitic diseases; diseases of the nervous system,28.06.2017,2017,no,na,auspar-recombinant-varicella-zoster-virus-glycoprotein-e-antigen-181212.pdf,TGA
"332000, 332001",pm-2020-01313-1-4,yondelis,trabectedin,specialised therapeutics pharma pty ltd,small molecule,powder,intravenous,approved,authorised (under additional monitoring),21.04.2021,2021,yes,no,treatment of patients with unresectable or metastatic liposarcoma or leiomyosarcoma who received a prior anthracycline-containing regimen,treatment of patients with unresectable or metastatic liposarcoma or leiomyosarcoma who received a prior anthracycline-containing regimen,neoplasms,30.04.2020,2020,no,na,auspar-trabectedin-210521.pdf,TGA
179878,pm-2010-03613-3-5,yazflex,drospirenone and ethinyloestradiol,bayer australia ltd,small molecule,tablet,oral,approved,withdrawn,28.02.2012,2012,no,no,oral contraception; treatment of moderate acne vulgaris in women who seek oral contraception; treatment of symptoms of premenstrual dysphoric disorder (pmdd) in women who have chosen oral contraceptives as their method of birth control.,oral contraception; treatment of moderate acne vulgaris in women who seek oral contraception.,"diseases of the skin; endocrine, nutritional, and metabolic diseases",,,no,na,auspar-drospirenone-141014.pdf,TGA
"53364, 53365, 52423",pm-2010-00615-3-5,humatrope,somatropin,eli lilly australia pty ltd,peptides and proteins,powder,subcutaneous,approved,authorised,22.06.2012,2012,yes,yes,treatment of growth failure in children born small for gestational age (sga) who fail to demonstrate catch-up growth by age two to four years.,treatment of growth failure in children born small for gestational age (sga) who fail to demonstrate catch-up growth by age two to four years.,"endocrine, nutritional, and metabolic diseases",,,yes,,auspar-somatropin-130115.pdf,TGA
168803,pm-2009-3896-5,saflutan,tafluprost,merck sharp & dohme pty ltd,small molecule,preservative free,ocular,approved,authorised,16.12.2011,2011,no,no,reduction of elevated ocular pressure in open-angle glaucoma or ocular hypertension,reduction of elevated ocular pressure in open-angle glaucoma or ocular hypertension,diseases of the eye and adnexa,,,no,na,auspar-tafluprost-120503.pdf,TGA
233671,pm-2016-04273-1-5,duratocin,carbetocin,ferring pharmaceuticals pty ltd,peptides and proteins,solution,intravenous; intramuscular,approved,authorised,16.03.2018,2018,no,yes,prevention of uterine atony and excessive bleeding following delivery.,prevention of uterine atony and excessive bleeding following delivery of the infant by caesarean section or vaginal delivery.,pregnancy and childbirth,28.02.2017,2017,yes,,auspar-carbetocin-180823.pdf,TGA
346589,pm-2020-05458-1-6,xpovio,selinexor,antengene (aus) pty ltd,small molecule,tablet,oral,approved,authorised (under additional monitoring),03.03.2022,2022,no,no,"in combination with dexamethasone for the treatment of adult patients with relapsed or refractory multiple myeloma (rrmm) who have received at least three prior therapies and whose disease is refractory to at least one proteasome inhibitor, at least one immunomodulatory medicinal product (imid), and an anti-cd38 monoclonal antibody (mab). in combination with bortezomib and dexamethasone for the treatment of adult patients with multiple myeloma who have received at least one prior therapy. for the treatment of adult patients with relapsed or refractory diffuse large b-cell lymphoma (rr dlbcl), not otherwise specified, including dlbcl arising from follicular lymphoma, after at least 2 lines of systemic therapy.","in combination with bortezomib and dexamethasone for the treatment of adult patients with multiple myeloma who have received at least one prior therapy. in combination with dexamethasone for the treatment of adult patients with relapsed or refractory multiple myeloma (rrmm) who have received at least three prior therapies and whose disease is refractory to at least one proteasome inhibitor, at least one immunomodulatory medicinal product (imid), and an anti-cd38 monoclonal antibody (mab).",neoplasms; diseases of the blood and blood-forming organs,02.12.2020,2020,no,na,auspar-xpovio-221115.pdf,TGA
205507 and 205508,pm-2012-04159-1-1,xeomin,botulinum toxin type a,merz australia pty ltd,biologics,powder,injection,approved,authorised,17.03.2014,2014,no,no,cervical dystonia in adults; blepharospasm in adults; post-stroke spasticity of the upper limb in adults; glabellar frown lines in adults,cervical dystonia in adults; blepharospasm in adults; post-stroke spasticity of the upper limb in adults; glabellar frown lines in adults,diseases of the nervous system; diseases of the musculoskeletal system and connective tissue,,,no,na,auspar-botulinum-toxin-type-a-150915.pdf,TGA
,pm-2009-02915-3-5,daxas/xevex/dalveza,roflumilast,nycomed pty ltd,small molecule,tablet,oral,withdrawn,withdrawn,16.11.2011,2011,no,no,maintenance treatment of copd associated with chronic bronchitis in patients at risk of exacerbations.,na,diseases of the respiratory system,,,no,na,auspar-daxas.pdf,TGA
215536,pm-2013-02800-1-2,hexaxim,"diphtheria toxoid, haemophilus type b polysaccharide, hepatitis b surface antigen, pertussis filamentous haemagglutinin, pertussis toxoid, poliovirus, tetanus protein, tetanus toxoid",sanofi aventis australia pty ltd,vaccine,suspension,intramuscular,approved,authorised,04.09.2014,2014,no,no,"primary and booster vaccination of infants from six weeks of age against diphtheria, tetanus, pertussis, hepatitis b, poliomyelitis, and invasive infections caused by haemophilus influenzae type b.","vaccination of infants from six weeks of age against diphtheria, tetanus, pertussis, hepatitis b, poliomyelitis and invasive infections caused by haemophilus influenzae type b.",infectious and parasitic diseases,,,no,na,auspar-dtpa-150112.pdf,TGA
328860,pm-2020-00157-1-1,epidyolex,cannabidiol,emerge health pty ltd,small molecule,solution,oral,approved,authorised (under additional monitoring),18.09.2020,2020,yes,no,adjunctive therapy of seizures associated with lennox-gastaut syndrome (lgs) or dravet syndrome (ds) for patients 2 years of age and older,adjunctive therapy of seizures associated with lennox-gastaut syndrome (lgs) or dravet syndrome (ds) for patients 2 years of age and older,diseases of the nervous system,28.02.2020,2020,no,na,auspar-cannabidiol-210115.pdf,TGA
"200179, 200180, 200183, 200184",pm-2012-02210-3-5,"invokana, prominad",canagliflozin,janssen-cilag pty ltd,small molecule,tablet,oral,approved,authorised,06.09.2013,2013,no,no,type 2 diabetes mellitus to improve glycaemic control,type 2 diabetes mellitus to improve glycaemic control,"endocrine, nutritional, and metabolic diseases",,,no,na,auspar-canagliflozin-140303.pdf,TGA
"231867, 231868",pm-2016-0712-1-4,opdivo,nivolumab,bristol-myers squibb australia pty ltd,biologics,concentrate,intravenous,approved,authorised,26.05.2017,2017,no,yes,treatment of patients with relapsed or refractory classical hodgkin lymphoma (chl) following autologous stem cell transplant and treatment with brentuximab vedotin or following at least two prior therapies in patients who are not candidates for asct.,treatment of adult patients with relapsed or refractory classical hodgkin lymphoma (chl) after autologous stem cell transplant and treatment with brentuximab vedotin.,neoplasms; diseases of the blood and blood-forming organs,,,yes,,auspar-nivolumab-171031.pdf,TGA
321419,pm-2019-03536-1-6,calquence,acalabrutinib,astrazeneca pty ltd,small molecule,capsule,oral,approved,authorised (under additional monitoring),21.11.2019,2019,yes,no,treatment of patients with mantle cell lymphoma who have received at least one prior therapy.,treatment of patients with mantle cell lymphoma who have received at least one prior therapy.,neoplasms; diseases of the blood and blood-forming organs,12.08.2019,2019,no,na,auspar-acalabrutinib-200217.pdf,TGA
,pm-2018-05140-1-1,rexulti,brexpiprazole,lundbeck australia pty ltd,small molecule,tablet,oral,withdrawn,withdrawn,11.09.2020,2020,no,yes,use as a short-term adjunctive therapy to antidepressants for the treatment of major depressive disorder (mdd) in adult patients with an inadequate response to prior antidepressant treatment.,na,mental and behavioural disorders,31.01.2019,2019,yes,,auspar-brexpiprazole-210304.pdf,TGA
"431837, 431838",pm-2021-04826-1-4,onbevzi,bevacizumab,samsung bioepis au pty ltd,biologics,solution,intravenous,approved,authorised,09.01.2024,2024,no,no,"metastatic colorectal cancer; metastatic breast cancer; non-small cell lung cancer; advanced and/or metastatic renal cell cancer; grade iv glioma; epithelial ovarian, fallopian tube, or primary peritoneal cancer; cervical cancer","metastatic colorectal cancer; metastatic breast cancer; non-small cell lung cancer; advanced and/or metastatic renal cell cancer; grade iv glioma; epithelial ovarian, fallopian tube, or primary peritoneal cancer; cervical cancer",neoplasms; diseases of the respiratory system; diseases of the genitourinary system,30.11.2021,2021,no,na,auspar-onbevzi-240415.pdf,TGA
"334510, and 334511",pm-2020-01706-1-6,reblozyl,luspatercept,celgene pty ltd,biologics,powder,subcutaneous,approved,authorised (under additional monitoring),27.08.2021,2021,no,no,"treatment of adult patients with transfusion-dependent anaemia due to very low, low and intermediate-risk myelodysplastic syndromes with ring sideroblasts who had an unsatisfactory response to or are ineligible for erythropoietin-based therapy; treatment of adult patients with transfusion-dependent anaemia associated with beta thalassaemia.","treatment of adult patients with transfusion-dependent anaemia due to very low, low and intermediate-risk myelodysplastic syndromes with ring sideroblasts; treatment of adult patients with transfusion-dependent anaemia associated with beta thalassaemia.",diseases of the blood and blood-forming organs,02.06.2020,2020,no,na,auspar-luspatercept-220427.pdf,TGA
346290,pm-2021-02187-1-2,comirnaty,bnt162b2,pfizer australia pty ltd,vaccine,suspension,intramuscular,approved,authorised,22.07.2021,2021,no,yes,"active immunisation to prevent coronavirus disease 2019 (covid-19) caused by sars-cov-2, in individuals 12 years of age and older.","active immunisation to prevent coronavirus disease 2019 (covid-19) caused by sars-cov-2, in individuals 12 years of age and older.",infectious and parasitic diseases; diseases of the respiratory system,08.06.2021,2021,yes,,auspar-bnt162b2-mrna-210722.pdf,TGA
377110; 377111,pm-2021-05012-1-2,comirnaty,tozinameran,pfizer australia pty ltd,vaccine,concentrate,intramuscular,approved,authorised (under additional monitoring),03.12.2021,2021,no,yes,"active immunisation to prevent coronavirus disease 2019 (covid-19) caused by sars-cov-2, in individuals 5 years of age and older.","active immunisation to prevent coronavirus disease 2019 (covid-19) caused by sars-cov-2, in individuals 5 years of age and older.",infectious and parasitic diseases,01.11.2021,2021,yes,,auspar-tozinameran-mrna-covid-19-vaccine-211207.pdf,TGA
154726,pm-2015-01158-1-3,cimzia,certolizumab pegol,ucb australia pty ltd,biologics,solution,subcutaneous,approved,authorised,07.11.2016,2016,no,yes,"treatment of severe, active and progressive rheumatoid arthritis in adults not previously treated with methotrexate or other dmards.","treatment of severe, active and progressive rheumatoid arthritis in adults not previously treated with methotrexate or other dmards.",diseases of the musculoskeletal system and connective tissue,,,yes,,auspar-certolizumab-pegol-170721.pdf,TGA
11232 and 11233,pm-2015-02360-1-4,nolvadex/nolvadex-d,tamoxifen,astrazeneca pty ltd,small molecule,tablet,oral,approved,authorised,04.04.2016,2016,no,yes,primary reduction of breast cancer risk in women at moderately increased or high risk,primary reduction of breast cancer risk in women at moderately increased or high risk,neoplasms,30.09.2015,2015,yes,,auspar-nolvadex-130318.pdf,TGA
391874,pm-2022-02178-1-6,tibsovo,ivosidenib,servier laboratories (aust.) pty ltd,small molecule,tablet,oral,approved,authorised (under additional monitoring),15.09.2023,2023,no,no,treatment of acute myeloid leukaemia (aml) with idh1 r132 mutation,treatment of acute myeloid leukaemia (aml) with idh1 r132 mutation,neoplasms; diseases of the blood and blood-forming organs,31.08.2022,2022,yes,,auspar-tibsovo-240402l.pdf,TGA
158419/158356,sm-2009-00082-3-4,revolade,eltrombopag olamine,glaxo smith kline australia pty ltd,small molecule,tablet,oral,approved,authorised,02.07.2010,2010,yes,no,"treatment of adult patients with chronic immune (idiopathic) thrombocytopaenic purpura (itp) who have had an inadequate response, or are intolerant, to corticosteroids and immunoglobulins.","treatment of adult patients with chronic immune (idiopathic) thrombocytopaenic purpura (itp) who have had an inadequate response, or are intolerant, to corticosteroids and immunoglobulins.",diseases of the blood and blood-forming organs,,,no,na,auspar-revolade.pdf,TGA
308367,pm-2018-03328-1-6,ziextenzo,pegfilgrastim,sandoz pty ltd,biologics,solution,subcutaneous,approved,authorised,09.07.2019,2019,no,no,"treatment of cancer patients following chemotherapy to decrease the duration of severe neutropenia and reduce the incidence of infection, as manifested by febrile neutropenia.","treatment of cancer patients following chemotherapy to decrease the duration of severe neutropenia and reduce the incidence of infection, as manifested by febrile neutropenia.",neoplasms,28.09.2018,2018,no,na,auspar-pegfilgrastim-191104.pdf,TGA
233398,pm-2016-04632-1-2,genvoya,"elvitegravir, cobicistat, emtricitabine, tenofovir alafenamide",gilead sciences pty ltd,small molecule,tablet,oral,approved,authorised,20.03.2018,2018,no,yes,treatment of hiv-1 infection in paediatric patients weighing at least 25 kg,treatment of hiv-1 infection in adults and paediatric patients weighing at least 25 kg who are either treatment-naïve or virologically suppressed on a stable antiretroviral regimen,infectious and parasitic diseases,31.03.2017,2017,yes,,auspar-elvitegravir-cobicistat-emtricitabine-tenofovir-alafenamide-fumarate-181018.pdf,TGA
188015,pm-2011-01625-3-5,gymiso,misoprostol,ms health,small molecule,tablet,oral,approved,authorised,07.08.2012,2012,no,yes,"medical termination of a developing intrauterine pregnancy in sequential combination with mifepristone linepharma 200mg tablet, up to 49 days of gestation.","medical termination of a developing intrauterine pregnancy in sequential combination with a mifepristone 200 mg tablet, up to 49 days of gestation.",pregnancy and childbirth,,,yes,,auspar-misoprostol-121002.pdf,TGA
321016,pm-2019-03174-1-4,qarziba,dinutuximab beta,emerge health pty ltd,biologics,solution,intravenous,approved,authorised (under additional monitoring),17.03.2020,2020,yes,no,"treatment of high-risk neuroblastoma in patients aged 12 months and above, who have previously received induction chemotherapy and achieved at least a partial response, followed by myeloablative therapy and stem cell transplantation, as well as patients with history of relapsed or refractory neuroblastoma, with or without residual disease.",treatment of high-risk neuroblastoma in patients who have previously received induction chemotherapy and achieved at least a partial response.,neoplasms; diseases of the nervous system,28.08.2019,2019,yes,,auspar-dinutuximab-beta-200630.pdf,TGA
200445,pm-2012-02160-3-2,tybost,cobicistat,gilead sciences pty ltd,small molecule,tablet,oral,approved,authorised,15.10.2013,2013,no,no,tybost is indicated as a pharmacokinetic enhancer of appropriate hiv-1 protease inhibitors in adults.,tybost is indicated as a pharmacokinetic enhancer of appropriate hiv-1 protease inhibitors in adults.,infectious and parasitic diseases,,,no,na,auspar-cobicistat-131216.pdf,TGA
231152 and 273084,pm-2017-0222 9-1-3,repatha,evolocumab,amgen australia pty ltd,biologics,solution,subcutaneous,approved,authorised,02.08.2018,2018,no,yes,prevention of cardiovascular events in patients with or at risk of atherosclerotic cardiovascular disease; hypercholesterolaemia,prevention of cardiovascular events in adults with established cardiovascular disease in combination with an optimally dosed statin and/or other lipid lowering therapies,diseases of the circulatory system,31.07.2017,2017,yes,,auspar-evolocumab-190307.pdf,TGA
321017,pm-2019-03218-1-1,ongentys,opicapone,maxx pharma pty ltd,small molecule,capsule,oral,approved,authorised (under additional monitoring),19.09.2020,2020,no,no,adjunctive therapy to preparations of levodopa/dopa decarboxylase inhibitors (ddci) in adult patients with parkinson’s disease and end-of-dose motor fluctuations who cannot be stabilised on those combinations,adjunctive therapy to preparations of levodopa/dopa decarboxylase inhibitors (ddci) in adult patients with parkinson’s disease and end-of-dose motor fluctuations who cannot be stabilised on those combinations,diseases of the nervous system,10.09.2019,2019,no,na,auspar-opicapone-210210.pdf,TGA
191482; 191478; 191481; 191476; 191474; 191477; 191475; 191479; and 191480,pm-2011-02796-3-5,juvicor/xelezor/tesozor,sitagliptin and simvastatin,merck sharp & dohme (australia) pty ltd,small molecule,tablet,oral,approved,authorised,23.11.2012,2012,no,no,adult patients with type 2 diabetes mellitus in whom treatment with both sitagliptin and simvastatin is indicated according to the separate indications of these drugs.,adult patients with type 2 diabetes mellitus in whom treatment with both sitagliptin and simvastatin is indicated according to the separate indications of these drugs.,"endocrine, nutritional, and metabolic diseases; diseases of the circulatory system",,,yes,,auspar-sitagliptin-simvastatin-130606.pdf,TGA
205212,pm-2012-04124-1-2,tivicay,dolutegravir,viiv healthcare pty ltd,small molecule,tablet,oral,approved,authorised,17.01.2014,2014,no,no,for the treatment of human immunodeficiency virus (hiv) infection in combination with other antiretroviral agents in adults and children over 12 years of age.,tivicay is indicated for the treatment of human immunodeficiency virus (hiv) infection in combination with other antiretroviral agents in adults and children over 12 years of age and weighing 40 kg or more.,infectious and parasitic diseases,,,no,na,auspar-dolutegravir-140519.pdf,TGA
319503 and 319504,pm-2019-02617-1-1,slenyto,melatonin,rad data australia pty ltd,small molecule,tablet,oral,approved,authorised,20.05.2020,2020,no,yes,"treatment of insomnia in children and adolescents aged 2-18 with autism spectrum disorder (asd) and/or smith-magenis syndrome, where sleep hygiene measures have been insufficient","treatment of insomnia in children and adolescents aged 2-18 with autism spectrum disorder (asd) and/or smith-magenis syndrome, where sleep hygiene measures have been insufficient",diseases of the nervous system; mental and behavioural disorders,31.07.2019,2019,no,na,auspar-melatonin-201027.pdf,TGA
293317,pm-2017-03103-1-5,braltus,tiotropium,teva pharmaceuticals pty ltd,small molecule,capsule,inhalation,approved,authorised,31.10.2018,2018,no,no,braltus is indicated for the long term maintenance treatment of bronchospasm and dyspnoea associated with chronic obstructive pulmonary disease (copd). braltus is indicated for the prevention of copd exacerbations.,braltus is indicated for the long term maintenance treatment of bronchospasm and dyspnoea associated with chronic obstructive pulmonary disease (copd). braltus is indicated for the prevention of copd exacerbations.,diseases of the respiratory system,09.10.2017,2017,yes,,auspar-tiotropium-190613.pdf,TGA
"115399, 201124, 82744, 201126",pm-2019-05980-1-5,xolair,omalizumab,novartis pharmaceuticals australia pty ltd,biologics,solution; powder,subcutaneous,approved,authorised,12.03.2021,2021,no,yes,chronic rhinosinusitis with nasal polyps (crswnp) with inadequate response to nasal corticosteroids,chronic rhinosinusitis with nasal polyps (crswnp) with inadequate response to nasal corticosteroids,diseases of the respiratory system,31.01.2020,2020,yes,,auspar-omalizumab-210415.pdf,TGA
"125557, 125558, 125559, 125560, 125561, 125562, 157352 and 157356",pm-2010-01583-3-4,sprycel,dasatinib,bristol-myers squibb australia pty ltd,small molecule,tablet,oral,approved,authorised,28.04.2011,2011,yes,yes,treatment of adults aged 18 years or over with newly diagnosed chronic myeloid leukaemia (cml),treatment of adults aged 18 years and over with newly diagnosed philadelphia chromosome positive (ph+) chronic myeloid leukaemia in the chronic phase,neoplasms; diseases of the blood and blood-forming organs,,,yes,,auspar-sprycel.pdf,TGA
"234218, 234219, 234220, 234221, 234222, 234223",pm-2015-00001-1-3,entresto / novartis sacubitril/valsartan,sacubitril/valsartan,novartis pharmaceuticals australia pty ltd,small molecule,tablet,oral,approved,authorised,15.01.2016,2016,no,no,treatment of chronic heart failure (nyha class ii-iv) with reduced ejection fraction,treatment of chronic heart failure (nyha class ii-iv) with reduced ejection fraction,diseases of the circulatory system,,,no,na,auspar-sacubitril-valsartan-salt-complex-160923.pdf,TGA
218644,pm-2013-04112-1-2,triumeq,dolutegravir sodium/abacavir sulfate/lamivudine,viiv healthcare pty ltd,small molecule,tablet,oral,approved,authorised,08.01.2015,2015,no,no,treatment of human immunodeficiency virus (hiv) infection in adults and adolescents from 12 years of age who are antiretroviral treatment-naive or are infected with hiv without documented or clinically suspected resistance to any of the three antiretroviral agents in triumeq.,"treatment of human immunodeficiency virus (hiv) infection in adults and adolescents from 12 years of age who are antiretroviral treatment-naive or are infected with hiv without documented or clinically suspected resistance to any of the three antiretroviral agents (dolutegravir, abacavir or lamivudine) in triumeq.",infectious and parasitic diseases,,,yes,,auspar-dolutegravir-sodium-abacavir-sulfate-lamivudine-150519.pdf,TGA
"356286, 356285, 356288, 356270, 356287",pm-2021-00612-1-5,wegovy,semaglutide,novo nordisk pharmaceuticals pty ltd,peptides and proteins,solution,subcutaneous,approved,authorised (under additional monitoring),25.03.2022,2022,no,yes,chronic weight management in adults with obesity or overweight with at least one weight-related comorbidity,induction and maintenance of weight loss in adults with obesity or overweight with at least one weight-related comorbidity,"endocrine, nutritional, and metabolic diseases",31.03.2021,2021,no,na,auspar-wegovy-01-240904.pdf,TGA
418514; 418515,pm-2023-03741-1-5,jubbonti/wyost,denosumab,sandoz pty ltd,biologics,injection,subcutaneous,approved,authorised,07.08.2024,2024,no,no,treatment of osteoporosis in postmenopausal women; prevention of skeletal related events in patients with multiple myeloma and in patients with bone metastases from solid tumours; treatment of giant cell tumour of bone; treatment of hypercalcaemia of malignancy,treatment of osteoporosis in postmenopausal women; prevention of skeletal related events in patients with multiple myeloma and in patients with bone metastases from solid tumours; treatment of giant cell tumour of bone; treatment of hypercalcaemia of malignancy,diseases of the musculoskeletal system and connective tissue; neoplasms; diseases of the blood and blood-forming organs,03.10.2023,2023,yes,,auspar-jubbonti-wyost-241010.pdf,TGA
"153873, 153874, 155059, 155060",pm-2008-2175-5,cafnea,caffeine citrate,phebra pty ltd,small molecule,solution,intravenous; oral,approved,authorised,17.03.2010,2010,yes,no,short-term treatment of apnoea of prematurity in infants of gestational age 28 to less than 33 weeks,short-term treatment of apnoea of prematurity in infants of gestational age 28 to less than 33 weeks,diseases of the respiratory system,,,yes,,auspar-cafnea.pdf,TGA
368972 and 368990,pm-2021-00873-1-4,trastucip and tuzucip,trastuzumab,cipla australia pty ltd,biologics,powder,intravenous,approved,authorised,07.07.2022,2022,no,no,"her2-positive early breast cancer, locally advanced breast cancer, metastatic breast cancer, and advanced gastric cancer","her2-positive early breast cancer, locally advanced breast cancer, metastatic breast cancer, and advanced gastric cancer",neoplasms; diseases of the digestive system,02.07.2021,2021,no,na,auspar-trastucip-tuzucip-230418.pdf,TGA
222848,pm-2015-03086-1-2,harvoni,ledipasvir / sofosbuvir,gilead sciences pty ltd,small molecule,tablet,oral,approved,authorised,14.11.2016,2016,no,yes,treatment of chronic hepatitis c (chc) infection in adults,treatment of chronic hepatitis c (chc) infection in adults,infectious and parasitic diseases,,,yes,,auspar-ledipasvir-sofosbuvir-171020.pdf,TGA
215784,pm-2013-02690-1-1,selincro,nalmefene,lundbeck australia pty ltd,small molecule,tablet,oral,approved,authorised,04.06.2015,2015,no,no,reduction of alcohol consumption in adult patients with alcohol use disorder,reduction of alcohol consumption in adult patients with alcohol use disorder,mental and behavioural disorders,,,no,na,auspar-nalmefene-as-hydrochloride-dihydrate-160809.pdf,TGA
243252 and 243272,pm-2015-1090-1-1,targin,oxycodone/naloxone,mundipharma pty ltd,small molecule,tablet,oral,approved,authorised,14.07.2016,2016,no,yes,symptomatic treatment of patients with moderate to severe idiopathic restless legs syndrome (rls) insufficiently treated with dopaminergic therapy.,second line symptomatic treatment of patients with severe to very severe idiopathic restless legs syndrome after failure of dopaminergic therapy.,diseases of the nervous system,,,no,na,auspar-oxycodone-170607.pdf,TGA
408212; 408213,pm-2023-01920-1-6,elrexfio,elranatamab,pfizer australia pty ltd,biologics,solution,subcutaneous,approved,authorised (under additional monitoring),26.06.2024,2024,no,no,"treatment of adult patients with relapsed or refractory multiple myeloma who have received at least 3 prior therapies, including a proteasome inhibitor, an immunomodulatory agent, and an anti-cd38 monoclonal antibody.","treatment of adult patients with relapsed or refractory multiple myeloma who have received at least 3 prior therapies, including a proteasome inhibitor, an immunomodulatory agent, and an anti-cd38 monoclonal antibody and have demonstrated disease progression on the last therapy.",neoplasms; diseases of the blood and blood-forming organs,31.05.2023,2023,no,na,auspar-elrexfio-241031.pdf,TGA
367690,pm-2021-02236-1-5,bijuva 1/100,estradiol hemihydrate and progesterone,theramex australia pty ltd,peptides and proteins,capsule,oral,approved,authorised,27.04.2022,2022,no,no,estrogen deficiency symptoms in postmenopausal women with an intact uterus and with at least 12 months since last menses.,estrogen deficiency symptoms in postmenopausal women with an intact uterus and with at least 12 months since last menses.,"endocrine, nutritional, and metabolic diseases",14.05.2021,2021,yes,,auspar-bijuva-1-100-230217.pdf,TGA
278658,pm-2016-01944-1-2,monurol,fosfomycin trometamol,mayne pharma international pty ltd,small molecule,granules,oral,approved,authorised,31.08.2017,2017,no,no,treatment of acute uncomplicated lower urinary tract infections (acute cystitis) in females above 12 years of age,treatment of acute uncomplicated lower urinary tract infections (acute cystitis) in females above 12 years of age,diseases of the genitourinary system,31.08.2016,2016,no,na,auspar-fosfomycin-trometamol-180907.pdf,TGA
"282906, 149550, 149549, 165953 and 165954",pm-2015-04746-1-1,stelara,ustekinumab,janssen-cilag pty. ltd.,biologics,solution,intravenous; subcutaneous,approved,authorised,27.02.2017,2017,no,yes,"treatment of adult patients with moderately to severely active crohn’s disease who have had an inadequate response, lost response, or were intolerant to either conventional therapy or a tnfα antagonist or have medical contraindications to such therapies.",crohn’s disease,diseases of the digestive system,,,yes,,auspar-ustekinumab-171024.pdf,TGA
284636 and 335858,pm-2020-01842-1-5,trelegy ellipta,fluticasone furoate / umeclidinium / vilanterol,glaxosmithkline australia pty ltd,small molecule,powder,inhalation,approved,authorised,06.05.2021,2021,no,yes,maintenance treatment of asthma in adult patients who are not adequately controlled with a combination of inhaled corticosteroid and a long-acting beta2-agonist,maintenance treatment of asthma in adult patients who are not adequately controlled with a combination of inhaled corticosteroid and a long-acting beta2-agonist,diseases of the respiratory system,29.05.2020,2020,yes,,auspar-fluticasone-furoate-umeclidinium-vilanterol-210908.pdf,TGA
"132578, 132590",pm-2014-00350-1-5,spiriva respimat / favint respimat,tiotropium bromide,boehringer ingelheim pty limited,small molecule,inhaler,inhalation,approved,authorised,22.05.2015,2015,no,yes,"spiriva respimat is indicated as add-on maintenance treatment for the improvement of asthma symptoms, quality of life, and reduction of exacerbations, in adult patients with asthma who remain symptomatic on at least inhaled corticosteroids.",spiriva is indicated as add on maintenance bronchodilator treatment in adult patients who are currently treated with the maintenance combination of inhaled corticosteroids (≥ 800 µg budesonide/day or equivalent) and long acting β2 agonists and who experienced one or more severe exacerbations in the previous year.,diseases of the respiratory system,,,yes,,auspar-tiotropium-bromide-161125.pdf,TGA
"288222, 288223",pm-2017-01084-1-4,ogivri,trastuzumab,alphapharm pty ltd,biologics,powder,intravenous,approved,authorised,05.12.2018,2018,no,no,"her2-positive early breast cancer, locally advanced breast cancer, metastatic breast cancer, advanced gastric cancer","her2-positive early breast cancer, locally advanced breast cancer, metastatic breast cancer, advanced gastric cancer",neoplasms; diseases of the digestive system,31.05.2017,2017,no,na,auspar-trastuzumab-200318.pdf,TGA
388713,pm-2022-01981-1-3,andexxa,andexanet alfa,astrazeneca pty ltd,biologics,powder,intravenous,approved,authorised,27.06.2023,2023,no,no,for adult patients treated with a direct factor xa (fxa) inhibitor (apixaban or rivaroxaban) when reversal of anticoagulation is needed due to life-threatening or uncontrolled bleeding.,for adult patients treated with a direct factor xa (fxa) inhibitor (apixaban or rivaroxaban) when reversal of anticoagulation is needed due to life-threatening or uncontrolled bleeding.,diseases of the blood and blood-forming organs,31.05.2022,2022,no,na,auspar-andexxa-231204.pdf,TGA
328904,pm-2020-00088-1-6,inqovi 35/100,decitabine and cedazuridine,otsuka australia pharmaceutical pty ltd,small molecule,tablet,oral,approved,authorised (under additional monitoring),29.10.2020,2020,yes,no,"treatment of adult patients with myelodysplastic syndromes (mds) intermediate-1, intermediate-2, and high-risk international prognostic scoring system groups, and patients with chronic myelomonocytic leukaemia (cmml).","treatment of adult patients with myelodysplastic syndromes (mds) intermediate-1, intermediate-2, and high-risk international prognostic scoring system groups, and patients with chronic myelomonocytic leukaemia (cmml).",diseases of the blood and blood-forming organs; neoplasms,02.03.2020,2020,no,na,auspar-decitabine-cedazuridine-210128.pdf,TGA
293438,pm-2017-02418-1-2,kodatef,tafenoquine succinate,biocelect pty ltd,small molecule,tablet,oral,approved,authorised (under additional monitoring),13.09.2018,2018,no,no,prevention of malaria in adults for up to 6 months of continuous dosing,malaria prophylaxis,infectious and parasitic diseases,30.09.2017,2017,no,na,auspar-tafenoquine-succinate-190408.pdf,TGA
"281780, 281783, 281784",pm-2016-03159-1-1,erelzi,etanercept,novartis pharmaceuticals australia pty ltd,biologics,solution,subcutaneous,approved,authorised,18.10.2017,2017,no,no,rheumatoid arthritis; psoriatic arthritis; plaque psoriasis; ankylosing spondylitis; non-radiographic axial spondyloarthritis; polyarticular juvenile idiopathic arthritis; paediatric plaque psoriasis,rheumatoid arthritis; psoriatic arthritis; plaque psoriasis; ankylosing spondylitis; non-radiographic axial spondyloarthritis; polyarticular juvenile idiopathic arthritis; paediatric plaque psoriasis,diseases of the musculoskeletal system and connective tissue; diseases of the skin,30.11.2016,2016,yes,,auspar-etanercept-180907.pdf,TGA
"403011, 403012, 403013 and 403014",pm-2023-00167-1-1,wezlana,ustekinumab,amgen australia pty ltd,biologics,solution,subcutaneous; intravenous,approved,authorised,18.01.2024,2024,no,no,"moderate to severe plaque psoriasis in adults, adolescents and in children; active psoriatic arthritis in adults; severely active crohn’s disease in adults; moderately to severely active ulcerative colitis",plaque psoriasis; psoriatic arthritis; crohn’s disease; ulcerative colitis,diseases of the skin; diseases of the musculoskeletal system and connective tissue; diseases of the digestive system,28.02.2023,2023,yes,,auspar-wezlana-240618.pdf,TGA
"205507, 205508",pm-2022-03519-1-1,xeomin,incobotulinumtoxina,merz australia pty ltd,biologics,powder,intramuscular; intraglandular,approved,authorised,21.11.2023,2023,no,yes,chronic sialorrhea due to neurological disorders; hemifacial spasm; spasticity of the lower and/or upper limbs,chronic sialorrhea due to neurological/neurodevelopmental disorders; spasticity of the lower and/or upper limbs,diseases of the nervous system; diseases of the musculoskeletal system and connective tissue,30.11.2022,2022,no,na,auspar-xeomin-240624.pdf,TGA
391176,,tevimbra,tislelizumab,beigene aus pty ltd,biologics,tablet,intravenous,approved,authorised,24.05.2024,2024,no,no,oesophageal squamous cell carcinoma; non-small cell lung cancer,oesophageal squamous cell carcinoma; non-small cell lung cancer,neoplasms; diseases of the respiratory system,01.08.2022,2022,no,na,auspar-tevimbra-240808.pdf,TGA
346290,pm-2020-05461-1-2,comirnaty,bnt162b2,pfizer australia pty ltd,vaccine,suspension,intramuscular,approved,authorised (under additional monitoring),24.01.2021,2021,no,no,active immunisation against covid-19 disease caused by sars-cov-2 virus in individuals aged 16 years and over.,"active immunisation to prevent coronavirus disease 2019 (covid-19) caused by sars-cov-2, in individuals 16 years of age and older.",infectious and parasitic diseases; diseases of the respiratory system,02.11.2020,2020,yes,,auspar-bnt162b2-mrna-210125.pdf,TGA
276051,pm-2016-01191-1-3,galafold,migalastat,amicus therapeutics pty ltd,small molecule,capsule,oral,approved,authorised,09.08.2017,2017,yes,no,long-term treatment of adult and adolescent patients 16 years and older with a confirmed diagnosis of fabry disease (α-galactosidase a deficiency) and who have an amenable mutation.,long-term treatment of adult and adolescent patients 16 years and older with a confirmed diagnosis of fabry disease (α-galactosidase a deficiency) and who have an amenable mutation.,"endocrine, nutritional, and metabolic diseases",30.06.2016,2016,no,na,auspar-migalastat-180830.pdf,TGA
"223744, 223741, 223739, 223743, 223740, 223742",pm-2014-01051-1-5,"albunate 5, albunate 20 and albunate 25",albumin,csl limited,biologics,solution,intravenous,approved,authorised,15.07.2015,2015,no,no,restoration and maintenance of circulating blood volume where volume deficiency has been demonstrated and use of a colloid is appropriate,restoration and maintenance of circulating blood volume where volume deficiency has been demonstrated and use of a colloid is appropriate,diseases of the circulatory system,,,yes,,auspar-albumin-human-170502.pdf,TGA
319093 and 341450,pm-2020-05368-1-2,flucelvax quad,quadrivalent influenza vaccine,seqirus pty ltd,vaccine,suspension,intramuscular,approved,authorised,10.11.2021,2021,no,yes,"for the prevention of influenza caused by influenza virus, types a and b contained in the vaccine. the vaccine is indicated for use in adults and children 2 years of age and older.","for the prevention of influenza caused by influenza virus, types a and b contained in the vaccine. the vaccine is indicated for use in adults and children 2 years of age and older.",infectious and parasitic diseases; diseases of the respiratory system,30.11.2020,2020,no,na,auspar-flucelvax-quad-221118.pdf,TGA
"198654 , 198655 , 267390 , 269661 , 342815",pm-2021-5827-1-5,kalydeco,ivacaftor,vertex pharmaceuticals (australia) pty ltd,small molecule,tablet; granules,oral,approved,authorised,14.02.2023,2023,yes,yes,treatment of cystic fibrosis (cf) in patients aged 4 months and older who have at least one mutation in the cftr gene that is responsive to ivacaftor potentiation based on clinical and/or in vitro assay data,treatment of cystic fibrosis (cf) in patients aged 4 months and older who have at least one mutation in the cftr gene that is responsive to ivacaftor potentiation based on clinical and/or in vitro assay data,"diseases of the respiratory system; endocrine, nutritional, and metabolic diseases",22.12.2021,2021,yes,,auspar-kalydeco-241105.pdf,TGA
"161282, 161281",pm-2011-01972-3-4,votrient,pazopanib hydrochloride,glaxosmithkline australia pty ltd,small molecule,tablet,oral,approved,authorised,30.08.2012,2012,yes,yes,treatment of patients with advanced (unresectable and/or metastatic) soft tissue sarcoma (sts) who have received prior anthracycline treatment or for patients who are unsuited for such therapy.,"for the treatment of advanced (unresectable and/or metastatic) soft tissue sarcoma (sts) in patients who, unless otherwise contraindicated, have received prior chemotherapy including an anthracycline treatment.",neoplasms,,,yes,,auspar-pazopanib-hydrochloride-130225.pdf,TGA
234034,pm-2016-03548-1-3,actemra,tocilizumab,roche products pty limited,biologics,solution,subcutaneous,approved,authorised,14.11.2017,2017,no,yes,treatment of giant cell arteritis (gca) in adult patients,giant cell arteritis (sc formulation only),diseases of the circulatory system,03.01.2017,2017,yes,,auspar-tocilizumab-180613.pdf,TGA
aust r 176666,pm-2010-03030-3-2,edurant,rilpivirine,janssen-cilag pty ltd,small molecule,tablet,oral,approved,authorised,20.12.2011,2011,no,no,treatment of hiv-1 infection in antiretroviral treatment naïve adult patients,"treatment of hiv-1 infection in antiretroviral treatment naïve adult patients with viral load ≤ 100,000 copies/ml at baseline",infectious and parasitic diseases,,,no,na,auspar-rilpivirine-120327.pdf,TGA
"315020, 315055, 315064",pm-2019-00401-1-4,piqray,alpelisib,novartis pharmaceuticals australia pty ltd,small molecule,tablet,oral,approved,authorised (under additional monitoring),19.03.2020,2020,no,no,"treatment of postmenopausal women, and men, with hormone receptor positive, her2-negative, advanced or metastatic breast cancer with a pik3ca mutation in combination with fulvestrant after disease progression following an endocrine-based regimen.","treatment of postmenopausal women, and men, with hormone receptor positive, her2-negative, advanced or metastatic breast cancer with a pik3ca mutation as detected by a validated test following progression on or after an endocrine-based regimen.",neoplasms,01.04.2019,2019,no,na,auspar-alpelisib-200820.pdf,TGA
283215 and 283216,pm-2022-01573-1-4,imfinzi,durvalumab,astrazeneca pty ltd,biologics,solution,intravenous,approved,authorised,19.06.2023,2023,no,yes,treatment of patients with unresectable hepatocellular carcinoma (uhcc),treatment of adult patients with unresectable hepatocellular carcinoma (uhcc) who have not received prior treatment with a pd-1/pd-l1 inhibitor,neoplasms; diseases of the digestive system,31.05.2022,2022,yes,,auspar-imfinzi-231208.pdf,TGA
193332; 193335; 193336,pm-2011-03151-3-1,abstral,fentanyl citrate,a. menarini australia pty ltd,small molecule,tablet,sublingual,approved,authorised,12.08.2013,2013,no,no,management of breakthrough pain in adult patients using opioid therapy for chronic cancer pain.,management of breakthrough pain in adults with cancer who are already receiving maintenance opioid therapy for chronic pain.,neoplasms,,,no,na,auspar-fentanyl-citrate-131030.pdf,TGA
"316659, 316660",pm-2019-01555-1-6,veyvondi,vonicog alfa,shire australia pty limited (now takeda pharmaceuticals australia pty ltd),biologics,powder; solvent,intravenous,approved,authorised (under additional monitoring),15.04.2020,2020,no,no,treatment of haemorrhage and surgical bleeding; prevention of surgical bleeding in adults with von willebrand disease (vwd) when desmopressin (ddavp) treatment alone is ineffective or not indicated.,treatment of haemorrhage and surgical bleeding; prevention of surgical bleeding in adults with von willebrand disease (vwd) when desmopressin (ddavp) treatment alone is ineffective or not indicated.,diseases of the blood and blood-forming organs,03.06.2019,2019,no,na,auspar-vonicog-alfa-201014.pdf,TGA
12400,pm-2011-04302-3-1,frisium,clobazam,sanofi-aventis australia pty ltd,small molecule,tablet,oral,approved,authorised,15.05.2013,2013,yes,yes,as adjunctive therapy in patients with partial refractory epilepsy who are not adequately stabilised with their current anticonvulsant therapy.,as adjunctive therapy in patients with partial refractory and lennox-gastaut epilepsy types who are not adequately stabilised with their current anticonvulsant therapy.,diseases of the nervous system,,,yes,,auspar-clobazam-131003.pdf,TGA
349072,pm-2021-05173-1-2,vaxzevria,chadox-1-s,astrazeneca pty ltd,vaccine,solution,intramuscular,approved,authorised,08.02.2022,2022,no,yes,active immunisation of individuals ≥ 18 years old for the prevention of coronavirus disease 2019 (covid-19) caused by sars-cov-2.,active immunisation of individuals ≥ 18 years old for the prevention of coronavirus disease 2019 (covid-19) caused by sars-cov-2.,infectious and parasitic diseases,11.11.2021,2021,no,na,auspar-chadox-1-s-220217.pdf,TGA
"275375, 275393, 275394",pm-2018-05745-1-5,"fiasp, fiasp penfill, and fiasp flex touch",insulin aspart,novo nordisk pharmaceuticals pty ltd,peptides and proteins,solution,subcutaneous; intravenous,approved,authorised (under additional monitoring),11.03.2020,2020,no,yes,"treatment of diabetes mellitus in adults, adolescents and children aged 1 year and above.",treatment of diabetes mellitus in adolescents and children aged 1 year and above.,"endocrine, nutritional, and metabolic diseases",01.04.2019,2019,yes,,auspar-insulin-aspart-rys-200827.pdf,TGA
"131370, 131381, 131382, 131383, 163987, 163988",pm-2009-01999-3-1,neupro,rotigotine,ucb australia pty ltd,small molecule,patch,transdermal,approved,authorised,08.10.2010,2010,no,yes,symptomatic treatment of moderate to severe idiopathic restless legs syndrome in adults,parkinson's disease; restless legs syndrome,diseases of the nervous system,,,yes,,auspar-neupro.pdf,TGA
293589,pm-2017-03384-1-5,xiidra,lifitegrast,shire australia pty ltd,small molecule,drops,ocular,approved,authorised (under additional monitoring),18.01.2019,2019,no,no,treatment of the signs and symptoms of dry eye disease in adults.,treatment of moderate to severe dry eye disease in adults for whom prior use of artificial tears has not been sufficient.,diseases of the eye and adnexa,31.10.2017,2017,no,na,auspar-lifitegrast-191107.pdf,TGA
126114; 126115,pm-2014-01893-1-2,cervarix,"human papillomavirus vaccine types 16 and 18 (recombinant, as04 adjuvanted)",glaxosmithkline australia pty ltd,vaccine,suspension,intramuscular,approved,authorised,21.09.2015,2015,no,no,"prevention of persistent infection, premalignant cervical lesions and cervical cancer caused by human papillomavirus types 16 and 18 in females from 10 to 45 years of age.","prevention of persistent infection, premalignant cervical lesions and cervical cancer caused by human papillomavirus types 16 and 18 in females from 10 to 45 years of age.",neoplasms; infectious and parasitic diseases,,,yes,,auspar-human-papillomavirus-vaccine-160104.pdf,TGA
,,fanapt,iloperidone,kendle r&d pty limited,small molecule,tablet,oral,rejected,na,20.12.2011,2011,no,no,treatment of psychotic symptoms in patients with schizophrenia,na,mental and behavioural disorders,,,yes,,auspar-iloperidone-120618.pdf,TGA
376353,pm-2021-04721-1-2,prevenar 20,pneumococcal polysaccharide conjugate vaccine,pfizer australia pty ltd,vaccine,suspension,intramuscular,approved,authorised (under additional monitoring),30.11.2022,2022,no,no,"active immunisation for the prevention of pneumococcal disease caused by streptococcus pneumoniae serotypes 1, 3, 4, 5, 6a, 6b, 7f, 8, 9v, 10a, 11a, 12f, 14, 15b, 18c, 19a, 19f, 22f, 23f, and 33f in adults 18 years of age and older.","active immunisation for the prevention of pneumococcal disease caused by streptococcus pneumoniae serotypes 1, 3, 4, 5, 6a, 6b, 7f, 8, 9v, 10a, 11a, 12f, 14, 15b, 18c, 19a, 19f, 22f, 23f, and 33f in adults 18 years of age and older.",infectious and parasitic diseases; diseases of the respiratory system,30.11.2021,2021,yes,,auspar-prevenar-20-230516.pdf,TGA
"132348, 132393, 132395, 132396",pm-2009-02587-4,erbitux,cetuximab,merck serono australia pty ltd,biologics,solution,intravenous,withdrawn,withdrawn,24.08.2011,2011,no,yes,advanced or metastatic non-small cell lung cancer,na,neoplasms; diseases of the respiratory system,,2009,yes,,auspar-erbitux-1.pdf,TGA
346290,pm-2021-04582-1-2,comirnaty,bnt162b2,pfizer australia pty ltd,vaccine,suspension,intramuscular,approved,authorised (under additional monitoring),26.10.2021,2021,no,yes,"active immunisation to prevent coronavirus disease 2019 (covid-19) caused by sars-cov-2, in individuals 12 years of age and older.","active immunisation to prevent coronavirus disease 2019 (covid-19) caused by sars-cov-2, in individuals 12 years of age and older.",infectious and parasitic diseases,15.10.2021,2021,yes,,auspar-bnt162b2-mrna-211029.pdf,TGA
"172264, 67311 and 195530",pm-2012-01467-3-3,botox,botulinum toxin type a,allergan australia pty ltd,biologics,powder,intravesical,approved,authorised,06.08.2013,2013,no,yes,"treatment of overactive bladder with symptoms of urinary incontinence, urgency, and frequency in adult patients who have an inadequate response to or are intolerant of an anticholinergic medication.","treatment of overactive bladder with symptoms of urinary incontinence, urgency, and frequency in adult patients who have an inadequate response to or are intolerant of an anticholinergic medication.",diseases of the genitourinary system,,,yes,,auspar-botulinum-toxin-131023.pdf,TGA
198654 and 198655,pm-2012-01491-3-5,kalydeco,ivacaftor,vertex pharmaceuticals australia pty ltd,small molecule,tablet,oral,approved,authorised,01.07.2013,2013,yes,no,treatment of cystic fibrosis in patients age 6 years and older who have a g551d mutation in the cftr gene,treatment of cystic fibrosis in patients age 6 years and older who have a g551d mutation in the cftr gene,"diseases of the respiratory system; endocrine, nutritional, and metabolic diseases",,,no,na,auspar-ivacaftor-131129.pdf,TGA
,pm-2008-2262-3,coveram,perindopril arginine / amlodipine,servier laboratories (aust) pty ltd,small molecule,tablet,oral,approved,authorised,13.11.2009,2009,no,no,"substitution therapy for the treatment of hypertension and/or stable coronary heart disease in patients already controlled with separate doses of perindopril and amlodipine, given concurrently at the same dose level.","substitution therapy for the treatment of hypertension and/or stable coronary heart disease in patients already controlled with separate doses of perindopril and amlodipine, given concurrently at the same dose level.",diseases of the circulatory system,,,yes,,auspar-coveram.pdf,TGA
"170431, 170434, 170435, 170436",pm-2010-00719-3-3,rasilamlo,aliskiren/amlodipine,novartis pharmaceuticals australia pty ltd,small molecule,tablet,oral,approved,authorised,10.06.2011,2011,no,no,treatment of hypertension,treatment of hypertension,diseases of the circulatory system,,,no,na,auspar-rasilamlo.pdf,TGA
165902,pm-2009-02689-3-3,levitra,vardenafil,bayer australia ltd,small molecule,tablet,oral,approved,authorised,12.01.2011,2011,no,no,for the treatment of erectile dysfunction in adult males,for the treatment of erectile dysfunction in adult males,diseases of the genitourinary system,,,yes,,auspar-levitra.pdf,TGA
"201314 (20 mg), 201318 (30 mg), 201315 (40 mg), 201320 (50 mg)",pm-2012-02708-3-4,giotrif,afatinib,boehringer ingelheim pty ltd,small molecule,tablet,oral,approved,authorised,01.11.2013,2013,no,no,for the treatment of patients with locally advanced or metastatic non-small cell lung cancer (nsclc) with epidermal growth factor receptor (egfr) mutation(s).,"as monotherapy for the treatment of patients with advanced or metastatic non-squamous non-small cell carcinoma of the lung, either as first line therapy or after failure of cytotoxic chemotherapy. tumours must have epidermal growth factor receptor (egfr) exon 19 deletions or l858r substitution mutations.",neoplasms; diseases of the respiratory system,,2012,no,na,auspar-afatinib-dimaleate-140414.pdf,TGA
,,simponi,golimumab,schering-plough pty ltd,biologics,solution,subcutaneous,approved,authorised,14.12.2009,2009,no,no,"rheumatoid arthritis, psoriatic arthritis, ankylosing spondylitis","rheumatoid arthritis, psoriatic arthritis, ankylosing spondylitis",diseases of the musculoskeletal system and connective tissue,,,no,na,auspar-golimumab.pdf,TGA
206654,pm-2012-04452-1-1,latuda,lurasidone hydrochloride,commercial eyes pty ltd,small molecule,tablet,oral,approved,authorised,19.03.2014,2014,no,no,treatment of schizophrenia,treatment of adults with schizophrenia,mental and behavioural disorders,,,no,na,auspar-lurasidone-hydrochloride-140620.pdf,TGA
401153,pm-2022-05371-1-6,givlaari,givosiran,medison pharma australia pty ltd,small molecule,solution,subcutaneous,approved,authorised (under additional monitoring),16.11.2023,2023,yes,no,treatment of acute hepatic porphyria (ahp) in adults and adolescents aged 12 years and older.,treatment of acute hepatic porphyria (ahp) in adults and adolescents aged 12 years and older.,diseases of the blood and blood-forming organs; diseases of the nervous system,31.01.2023,2023,no,na,auspar-givlaari-240628.pdf,TGA
210494,pm-2013-01155-1-4,xtandi,enzalutamide,astellas pharma australia pty ltd,small molecule,capsule,oral,approved,authorised,26.06.2014,2014,no,no,treatment of patients with metastatic castration-resistant prostate cancer who have previously received docetaxel,treatment of patients with metastatic castration-resistant prostate cancer who have previously received docetaxel,neoplasms,01.07.2014,2014,no,na,auspar-enzalutamide-141124.pdf,TGA
"267441, 267442, 267443, 267444, 267445",pm-2019-01011-1-6,"venclexta, venclexta starting pack",venetoclax,abbvie pty ltd,small molecule,tablet,oral,approved,authorised (under additional monitoring),29.04.2020,2020,no,yes,chronic lymphocytic leukaemia (cll) or small lymphocytic lymphoma (sll),chronic lymphocytic leukaemia (cll) or small lymphocytic lymphoma (sll) who are considered unfit or unsuitable for chemo-immunotherapy,neoplasms; diseases of the blood and blood-forming organs,30.04.2019,2019,yes,,auspar-venetoclax-201009.pdf,TGA
295283,pm-2017-03748-1-1,staquis,crisaborole,pfizer australia pty ltd,small molecule,ointment,topical,approved,authorised (under additional monitoring),15.02.2019,2019,no,no,topical treatment of mild to moderate atopic dermatitis in patients 2 years of age and older,topical treatment of mild to moderate atopic dermatitis in patients 2 years of age and older,diseases of the skin,30.11.2018,2018,no,na,auspar-crisaborole-190814.pdf,TGA
"320237, 320238, 320239",pm-2019-03170-1-4,vitrakvi,larotrectinib,bayer australia limited,small molecule,solution; capsule,oral,approved,authorised (under additional monitoring),27.08.2020,2020,yes,no,treatment of adult and paediatric patients with locally advanced or metastatic solid tumours harbouring an ntrk gene fusion.,"treatment of adult and paediatric patients with locally advanced or metastatic solid tumours that have a neurotrophic tyrosine receptor kinase (ntrk) gene fusion without a known acquired resistance mutation, are metastatic or where surgical resection is likely to result in severe morbidity, and have either progressed following treatment or have no satisfactory alternative therapy.",neoplasms,30.08.2019,2019,no,na,auspar-larotrectinib-201216.pdf,TGA
349990 and 350035,pm-2020-05916-1-5,ngenla,somatrogon,pfizer australia pty ltd,biologics,solution,subcutaneous,approved,authorised (under additional monitoring),23.11.2021,2021,no,no,long-term treatment of paediatric patients with growth disturbance due to insufficient secretion of growth hormone.,long-term treatment of paediatric patients with growth disturbance due to insufficient secretion of growth hormone.,"endocrine, nutritional, and metabolic diseases",04.01.2021,2021,no,na,auspar-ngenla-230113.pdf,TGA
"283215, 283216",pm-2019-04661-1-4,imfinzi,durvalumab,astrazeneca pty ltd,biologics,solution,intravenous,approved,authorised (under additional monitoring),20.11.2020,2020,no,yes,first-line treatment of patients with extensive-stage small cell lung cancer (es-sclc),first-line treatment of patients with extensive-stage small cell lung cancer (es-sclc),neoplasms; diseases of the respiratory system,02.12.2019,2019,yes,,auspar-durvalumab-210322.pdf,TGA
203372,pm-2012-03441-1-4,adcetris,brentuximab vedotin,takeda pharmaceuticals australia pty ltd,biologics,powder,intravenous,approved,authorised,19.12.2013,2013,yes,no,treatment of adult patients with relapsed or refractory hodgkin lymphoma (hl) and systemic anaplastic large cell lymphoma (salcl).,treatment of adult patients with relapsed or refractory cd30+ hodgkin lymphoma (hl) and systemic anaplastic large cell lymphoma (salcl).,neoplasms; diseases of the blood and blood-forming organs,,,no,na,auspar-brentuximab-140519.pdf,TGA
281878,pm-2016-03738-1-2,zinplava,bezlotoxumab,merck sharp and dohme australia,biologics,concentrate,intravenous,approved,authorised,08.11.2017,2017,no,no,prevention of clostridium difficile infection recurrence in patients 18 years or older receiving antibiotic therapy for cdi.,prevention of clostridium difficile infection recurrence in patients 18 years or older receiving antibiotic therapy for cdi.,infectious and parasitic diseases,30.11.2016,2016,no,na,auspar-bezlotoxumab-180924.pdf,TGA
"238299, 238204, 238305, and 238285",pm-2016-01950-1-3,praluent,alirocumab,sanofi aventis australia pty ltd,biologics,solution,subcutaneous,approved,authorised,12.09.2017,2017,no,yes,praluent is indicated as an adjunct to diet and exercise in adults with primary hypercholesterolaemia (heterozygous familial and non-familial) or mixed dyslipidaemia.,"praluent is indicated as an adjunct to diet and exercise to reduce ldl-c in adults with one or more of: heterozygous familial hypercholesterolaemia, clinical atherosclerotic cardiovascular disease, or hypercholesterolemia with high or very high cardiovascular risk.","endocrine, nutritional, and metabolic diseases; diseases of the circulatory system",31.08.2016,2016,yes,,auspar-alirocumab-180918.pdf,TGA
"184856, 184857, 184858, 184859",pm-2011-00876-3-4,inlyta,axitinib,pfizer australia pty ltd,small molecule,tablet,oral,approved,authorised,19.07.2012,2012,yes,no,for the treatment of patients with advanced renal cell carcinoma,for the treatment of patients with advanced renal cell carcinoma after failure of one prior systemic therapy,neoplasms; diseases of the genitourinary system,26.07.2012,2012,no,na,auspar-axitinib-130212.pdf,TGA
aust r 180314,pm-2010-03604-3-4,zytiga,abiraterone acetate,janssen-cilag pty ltd,small molecule,tablet,oral,approved,authorised,27.02.2012,2012,no,no,treatment of metastatic castration resistant prostatic cancer (mcrpc) after failure of taxane chemotherapy,treatment of metastatic advanced prostate cancer (castration resistant prostatic cancer [mcrpc]) in patients who have received prior chemotherapy containing a taxane,neoplasms,,,no,na,auspar-abiraterone-acetate-121004-1.pdf,TGA
"201124, 82744, 201126 and 115399",pm-2014-03868-1-5,xolair,omalizumab,novartis pharmaceuticals australia pty ltd,biologics,powder; solution,subcutaneous,approved,authorised,28.01.2016,2016,no,yes,"add-on therapy to improve asthma control in patients with severe persistent allergic asthma who have frequent daytime symptoms or night-time awakenings, have had documented asthma exacerbations despite daily high-dose inhaled corticosteroids, and who have serum immunoglobulin e levels corresponding to the recommended dose range.","add-on therapy to improve asthma control in patients with severe allergic asthma who have documented exacerbations despite daily high dose inhaled corticosteroids, and who have immunoglobulin e levels corresponding to the recommended dose range.",diseases of the respiratory system,,,yes,,auspar-omalizumab-rch-160622.pdf,TGA
"273536, 278701, 278702",pm-2016-00845-1-1,amgevita,adalimumab,amgen australia pty ltd,biologics,pre-filled syringe,subcutaneous,approved,authorised,18.10.2017,2017,no,no,"rheumatoid arthritis, polyarticular juvenile idiopathic arthritis, psoriatic arthritis, ankylosing spondylitis, crohn’s disease in adults and children (≥6 years), ulcerative colitis, psoriasis, hidradenitis suppurativa, uveitis","rheumatoid arthritis, polyarticular juvenile idiopathic arthritis, psoriatic arthritis, ankylosing spondylitis, crohn’s disease in adults and children (≥6 years), ulcerative colitis, psoriasis, hidradenitis suppurativa, uveitis",diseases of the musculoskeletal system and connective tissue; diseases of the digestive system; diseases of the skin; diseases of the eye and adnexa,03.05.2016,2016,no,na,auspar-adalimumab-180625.pdf,TGA
219535,pm-2013-04154-1-5,ellaone,ulipristal acetate,era consulting (australia) pty ltd,small molecule,tablet,oral,approved,authorised,25.02.2015,2015,no,no,emergency contraception within 120 hours (5 days) of unprotected sexual intercourse or contraceptive failure.,emergency contraception within 120 hours (5 days) of unprotected sexual intercourse or contraceptive failure.,pregnancy and childbirth,,,no,na,auspar-ulipristal-acetate-150904.pdf,TGA
"373115, 386127, 386128 and 386129",pm-2021-03751-1-3,camzyos,mavacamten,bristol-myers squibb australia pty ltd,small molecule,capsule,oral,approved,authorised (under additional monitoring),15.09.2022,2022,yes,no,treatment of symptomatic obstructive hypertrophic cardiomyopathy (ohcm) in adult patients,treatment of adults with symptomatic nyha class ii-iii obstructive hypertrophic cardiomyopathy,diseases of the circulatory system,30.09.2021,2021,no,na,auspar-camzyos-230703.pdf,TGA
162215,pm-2009-01554-3-2,imojev,japanese encephalitis chimeric virus,sanofi pasteur pty ltd,vaccine,powder,subcutaneous,approved,authorised,16.08.2010,2010,no,no,"the prophylaxis of japanese encephalitis caused by the japanese encephalitis virus, in individuals from 12 months of age and over.","the prophylaxis of japanese encephalitis caused by the japanese encephalitis virus, in individuals from 12 months of age and over.",infectious and parasitic diseases,,,no,na,auspar-imojev.pdf,TGA
"190966, 190965, 190964, 190963",pm-2011-02752-3-4,xalkori,crizotinib,pfizer australia pty ltd,small molecule,capsule,oral,approved,authorised,24.09.2013,2013,yes,no,treatment of patients with anaplastic lymphoma kinase (alk)-positive advanced non-small cell lung cancer (nsclc),treatment of patients with anaplastic lymphoma kinase (alk)-positive advanced non-small cell lung cancer (nsclc),neoplasms; diseases of the respiratory system,,,no,na,auspar-crizotinib-130620.pdf,TGA
107072,pm-2015-00411-1-2,truvada,tenofovir disoproxil fumarate / emtricitabine,gilead sciences pty ltd,small molecule,tablet,oral,approved,authorised,02.05.2016,2016,no,yes,pre-exposure prophylaxis (prep) to reduce the risk of sexually acquired hiv-1 in adults at high risk.,pre-exposure prophylaxis (prep) to reduce the risk of sexually acquired hiv-1 in adults at high risk.,infectious and parasitic diseases,,,no,na,auspar-tenofovir-disoproxil-fumarate-161110.pdf,TGA
318929,pm-2019-02585-1-5,luxturna,voretigene neparvovec,novartis pharmaceuticals australia pty ltd,cell and gene therapy,solution,subretinal,approved,authorised (under additional monitoring),04.08.2020,2020,yes,no,treatment of patients with inherited retinal dystrophy caused by pathological biallelic rpe65 mutations and who have sufficient viable retinal cells.,treatment of patients with inherited retinal dystrophy caused by pathological biallelic rpe65 mutations and who have sufficient viable retinal cells as determined by the treating physician.,diseases of the eye and adnexa; congenital malformations and chromosomal abnormalities,31.07.2019,2019,no,na,auspar-voretigene-neparvovec-201215.pdf,TGA
"218171, 218172",pm-2013-03651-1-1,cerdelga/eliglustat,eliglustat,sanofi-aventis australia pty ltd,small molecule,capsule,oral,approved,authorised,10.02.2015,2015,yes,no,long-term treatment of adult patients with gaucher disease type 1 (gd1),long-term treatment of adult patients with gaucher disease type 1 (gd1),"diseases of the blood and blood-forming organs; endocrine, nutritional, and metabolic diseases",,,no,na,auspar-eliglustat-150818.pdf,TGA
aust r 73827,pm-2011-00196-3-1,remicade,infliximab,janssen-cilag pty ltd,biologics,powder,intravenous,approved,authorised,07.05.2012,2012,no,yes,ulcerative colitis in adults and in children and adolescents (6-17 years),treatment of moderately severe to severe active ulcerative colitis in adults or in children and adolescents (6 to 17 years) patients who have had an inadequate response to conventional therapy.,diseases of the digestive system,,,yes,,auspar-infliximab-121217.pdf,TGA
400657,pm-2022-05281-1-2,arexvy,recombinant respiratory syncytial virus pre-fusion f protein,glaxosmithkline australia pty ltd,vaccine,powder; suspension,intramuscular,approved,authorised,08.01.2024,2024,no,no,active immunisation for the prevention of lower respiratory tract disease (lrtd) caused by respiratory syncytial virus rsv-a and rsv-b subtypes in adults 60 years of age and older.,active immunisation of individuals 60 years and older for the prevention of lower respiratory tract disease caused by rsv.,infectious and parasitic diseases; diseases of the respiratory system,31.01.2023,2023,no,na,auspar-arexvy-240503.pdf,TGA
"125968, 148325",pm-2010-03258-3-5,lucentis,ranibizumab,novartis pharmaceuticals australia pty ltd,biologics,solution,ocular,approved,authorised,25.10.2011,2011,no,yes,the treatment of visual impairment due to macular oedema secondary to retinal vein occlusion (rvo),the treatment of visual impairment due to macular oedema secondary to retinal vein occlusion (rvo),diseases of the eye and adnexa,,,yes,,auspar-lucentis-1.pdf,TGA
160313,sm-2009-00755-3-2,firazyr,icatibant,shire australia pty ltd,peptides and proteins,solution,subcutaneous,approved,authorised,07.06.2010,2010,yes,no,symptomatic treatment of acute attacks of hereditary angioedema (hae) in adults (with c1-esterase-inhibitor deficiency),symptomatic treatment of acute attacks of hereditary angioedema (hae) in adults (with c1-esterase-inhibitor deficiency),diseases of the blood and blood-forming organs,,,no,na,auspar-firazyr.pdf,TGA
207595-207599,pm-2013-00307-1-3,adempas,riociguat,bayer australia ltd,small molecule,tablet,oral,approved,authorised,07.04.2014,2014,yes,no,treatment of inoperable or persistent or recurrent chronic thromboembolic pulmonary hypertension (cteph) and pulmonary arterial hypertension (pah),pulmonary arterial hypertension; chronic thromboembolic pulmonary hypertension,diseases of the circulatory system,,,no,na,auspar-riociguat-140612.pdf,TGA
60318 and 60319,pm-2009-01744-3-3,mabthera,rituximab,roche products pty ltd,biologics,solution,intravenous,approved,authorised,06.05.2010,2010,no,yes,"treatment of moderate to severe, active rheumatoid arthritis in patients who have had an inadequate response or intolerance to at least one tumour necrosis factor (tnf) antagonist therapy",non-hodgkin's lymphoma; chronic lymphocytic leukaemia; rheumatoid arthritis,neoplasms; diseases of the blood and blood-forming organs; diseases of the musculoskeletal system and connective tissue,,,yes,,auspar-mabthera.pdf,TGA
"373031, 375309 and 375314",pm-2021-03777-1-4,pemazyre,pemigatinib,specialised therapeutics alim pty ltd,small molecule,tablet,oral,approved,authorised (under additional monitoring),12.09.2022,2022,yes,no,treatment of adults with locally advanced or metastatic cholangiocarcinoma with a fibroblast growth factor receptor 2 (fgfr2) fusion or rearrangement that is relapsed or refractory after at least one line of systemic therapy,treatment of adult patients with locally advanced or metastatic cholangiocarcinoma with a fibroblast growth factor receptor 2 (fgfr2) fusion or rearrangement that has progressed after at least one prior line of systemic therapy,neoplasms; diseases of the digestive system,30.09.2021,2021,no,na,auspar-pemazyre-230703.pdf,TGA
"132305, 185997",pm-2011-00908-3-4,tykerb,lapatinib,glaxosmithkline australia pty ltd,small molecule,tablet,oral,approved,authorised,05.06.2012,2012,no,yes,in combination with paclitaxel for the treatment of patients with metastatic breast cancer whose tumours overexpress her2 (erbb2).,"tykerb, in combination with paclitaxel, is indicated for the first line treatment of patients with metastatic breast cancer whose tumours overexpress her2 (erbb2) and for whom trastuzumab is not appropriate.",neoplasms,,,no,na,auspar-lapatinib-121112.pdf,TGA
263184,pm-2015-03196-1-4,onivyde,irinotecan,baxalta australia pty ltd,small molecule,solution,intravenous,approved,authorised,13.12.2016,2016,no,no,"treatment of metastatic adenocarcinoma of the pancreas, in combination with 5-fluorouracil and folinic acid (leucovorin) in adult patients who have been previously treated with gemcitabine-based therapy.","treatment of metastatic adenocarcinoma of the pancreas, in combination with 5-fluorouracil and folinic acid (leucovorin) in adult patients who have been previously treated with gemcitabine-based therapy.",neoplasms; diseases of the digestive system,,,no,na,auspar-irinotecan-171005.pdf,TGA
"176980 (400mg), 176982 (100mg), 176985 (50mg)",pm-2010-03093-3-2,viramune xr,nevirapine,boehringer ingelheim pty ltd,small molecule,tablet,oral,approved,authorised,19.12.2011,2011,no,no,treatment of hiv-1 infection in adults and children over the age of three years,treatment of hiv-1 infection in adults and children over the age of three years,infectious and parasitic diseases,,,yes,,auspar-nevirapine-120319.pdf,TGA
405072,pm-2023-00623-1-6,nelarabine-reach,nelarabine,reach pharmaceuticals pty ltd,small molecule,solution,intravenous,approved,authorised,25.03.2024,2024,yes,no,treatment of patients with t-cell acute lymphoblastic leukemia and t-cell lymphoblastic lymphoma.,treatment of patients with relapsing/refractory t-cell acute lymphoblastic leukemia and t-cell lymphoblastic lymphoma whose disease has not responded to or has relapsed following treatment with at least two chemotherapy regimens.,neoplasms; diseases of the blood and blood-forming organs,31.03.2023,2023,yes,,auspar-nelarabine-reach-240821.pdf,TGA
263932,pm-2021-04831-1-4,keytruda,pembrolizumab,merck sharp & dohme (australia) pty ltd,biologics,concentrate,intravenous,approved,authorised,02.09.2022,2022,no,yes,"treatment of patients with high-risk early-stage triple-negative breast cancer (tnbc) in combination with chemotherapy as neoadjuvant treatment, and then continued as monotherapy as adjuvant treatment after surgery.","treatment of patients with high-risk early-stage triple-negative breast cancer (tnbc) in combination with chemotherapy as neoadjuvant treatment, and then continued as monotherapy as adjuvant treatment after surgery.",neoplasms,24.11.2021,2021,yes,,auspar-keytruda-230508.pdf,TGA
"137832, 138415, 138402, 138421, 168211, 168215",pm-2013-02038-1-3,pradaxa,dabigatran etexilate,boehringer ingelheim pty ltd,small molecule,capsule,oral,approved,authorised,24.08.2015,2015,no,yes,treatment of acute deep vein thrombosis (dvt) and/or pulmonary embolism (pe) and prevention of related death; prevention of recurrent deep vein thrombosis (dvt) and/or pulmonary embolism (pe) and related death.,"treatment of deep vein thrombosis (dvt) and pulmonary embolism (pe), and for the prevention of recurrent dvt and pe in adults.",diseases of the circulatory system,,,yes,,auspar-dabigatran-etexilate-160104.pdf,TGA
"330537, 330536",pm-2020-00593-1-6,ruxience,rituximab,pfizer australia pty ltd,biologics,solution,intravenous,approved,authorised,26.02.2021,2021,no,no,non-hodgkin’s lymphoma; chronic lymphocytic leukaemia; rheumatoid arthritis; granulomatosis with polyangiitis; microscopic polyangiitis,non-hodgkin’s lymphoma; chronic lymphocytic leukaemia; rheumatoid arthritis; granulomatosis with polyangiitis; microscopic polyangiitis,neoplasms; diseases of the blood and blood-forming organs; diseases of the musculoskeletal system and connective tissue; diseases of the respiratory system,06.04.2020,2020,no,na,auspar-rituximab-210412.pdf,TGA
"224636, 224637, 224638, 234434, 234442",pm-2014-01438-1-2,viekira pak -rbv,paritaprevir / ritonavir / ombitasvir and dasabuvir (as sodium salt) / ribavirin,abbvie pty ltd,small molecule,tablet,oral,approved,authorised,01.07.2015,2015,no,no,"treatment of genotype 1 chronic hepatitis c infection, including patients with cirrhosis","treatment of genotype 1 chronic hepatitis c infection, including patients with compensated cirrhosis",infectious and parasitic diseases,,,no,na,auspar-paritaprevir-ritonavir-ombitasvir-dasabuvir-as-sodium-salt-and-ribavirin-170324.pdf,TGA
206494,pm-2012-04123-1-5,jetrea,ocriplasmin,alcon laboratories australia pty ltd,biologics,concentrate,intravitreal,approved,authorised,03.10.2014,2014,no,no,treatment of symptomatic vitreomacular adhesion (svma) including those associated with macular hole in adults,treatment of vitreomacular traction (vmt) including when associated with macular hole of diameter less than or equal to 400 microns,diseases of the eye and adnexa,,,no,na,auspar-ocriplasmin-141110.pdf,TGA
387298,pm-2022-01544-1-6,minjuvi,tafasitamab,specialised therapeutics alim pty ltd,biologics,powder,intravenous,approved,authorised (under additional monitoring),19.06.2023,2023,yes,no,minjuvi is indicated in combination with lenalidomide followed by minjuvi monotherapy for the treatment of adult patients with relapsed or refractory diffuse large b-cell lymphoma (dlbcl) who are not eligible for autologous stem cell transplant (asct).,minjuvi is indicated in combination with lenalidomide followed by minjuvi monotherapy for the treatment of adult patients with relapsed or refractory diffuse large b-cell lymphoma (dlbcl) who are not eligible for autologous stem cell transplant (asct).,neoplasms; diseases of the blood and blood-forming organs,03.06.2022,2022,no,na,auspar-minjuvi-240123.pdf,TGA
231867 and 231868,pm-2017-03752-1-4,opdivo,nivolumab,bristol-myers squibb australia pty ltd,biologics,concentrate,intravenous,approved,authorised,23.04.2018,2018,no,yes,"adjuvant treatment of patients with completely resected stage iii or stage iv melanoma, as monotherapy.",adjuvant treatment of patients with melanoma with involvement of lymph nodes or metastatic disease who have undergone complete resection.,neoplasms; diseases of the skin,23.10.2017,2017,yes,,auspar-nivolumab-180806.pdf,TGA
"210048, 210042",pm-2013-01102-1-1,entyvio/kynteles,vedolizumab,takeda pharmaceuticals australia pty ltd,biologics,powder,intravenous,approved,authorised,26.06.2014,2014,no,no,"treatment of adult patients with moderate to severe ulcerative colitis and crohn’s disease who have had an inadequate response with, lost response to, or are intolerant to either conventional therapy or a tumour necrosis factor-alpha (tnfα) antagonist.","treatment of adult patients with moderate to severe ulcerative colitis and crohn’s disease who have had an inadequate response with, lost response to, or are intolerant to either conventional therapy or a tumour necrosis factor-alpha (tnfα) antagonist.",diseases of the digestive system,,,no,na,auspar-vedolizumab-141117.pdf,TGA
"273238, 273239",pm-2016-00929-1-4,lonsurf and orcantas,trifluridine/tipiracil,servier laboratories australia pty ltd,small molecule,tablet,oral,approved,authorised,19.05.2017,2017,no,no,"for the treatment of adult patients with metastatic colorectal cancer (mcrc) who have been previously treated with, or are not considered candidates for, available therapies including fluoropyrimidine-, oxaliplatin- and irinotecan-based chemotherapies, anti-vegf agents, and anti-egfr agents.","treatment of adult patients with metastatic colorectal cancer (mcrc) who have been previously treated with, or are not considered candidates for, fluoropyrimidine-, oxaliplatin- and irinotecan-based chemotherapies, anti-vegf agents, and anti-egfr agents.",neoplasms; diseases of the digestive system,02.05.2016,2016,no,na,auspar-trifluridine-tipiracil-180612.pdf,TGA
"405528, 405529",pm-2023-00714-1-1,velsipity,etrasimod,pfizer australia pty ltd,small molecule,tablet,oral,approved,authorised,17.05.2024,2024,no,no,treatment of patients 16 years of age and older with moderately to severely active ulcerative colitis (uc).,"treatment of adults with moderately to severely active ulcerative colitis (uc) who have had inadequate response, loss of response or intolerance to conventional, biologic or janus kinase (jak) inhibitor therapies.",diseases of the digestive system,31.03.2023,2023,no,na,auspar-velsipity-240912.pdf,TGA
180859 and 180860,pm-2013-04198-1-1,eylea,aflibercept,bayer australia ltd,biologics,solution,intravitreal,approved,authorised,02.02.2015,2015,no,yes,diabetic macular oedema (dme),diabetic macular oedema (dme),"diseases of the eye and adnexa; endocrine, nutritional, and metabolic diseases",,,yes,,auspar-aflibercept-150721.pdf,TGA
aust r 158447 (vial syringe) and aust r 192696 (vial/vial),pm-2017-00536-1-2,menveo,"meningococcal (groups a,c,w-135 and y) oligosaccharide crm197 conjugate vaccine",glaxosmithkline australia pty ltd,vaccine,solution; powder,intramuscular,approved,authorised,03.07.2017,2017,no,yes,"immunisation of infants over 2 months of age and children to prevent invasive disease caused by neisseria meningitidis serogroups a, c, w135 and y.","active immunisation of infants and children (from 2 months of age), adolescents and adults to prevent invasive disease caused by neisseria meningitidis serogroups a, c, w135 and y.",infectious and parasitic diseases,,,yes,,auspar-menveo-180410.pdf,TGA
442230; 442231; 442232,pm-2024-00653-1-4,omjjara,momelotinib dihydrochloride monohydrate,glaxosmithkline australia pty ltd,small molecule,tablet,oral,approved,authorised (under additional monitoring),17.12.2024,2024,yes,no,"treatment of disease-related splenomegaly or symptoms in adult patients with moderate to severe anaemia who have primary myelofibrosis, post polycythaemia vera myelofibrosis or post essential thrombocythaemia myelofibrosis and who are janus kinase (jak) inhibitor naïve or have been treated with ruxolitinib","treatment of disease-related splenomegaly or symptoms in adult patients with moderate to severe anaemia who have primary myelofibrosis, post polycythaemia vera myelofibrosis or post essential thrombocythaemia myelofibrosis and who are janus kinase (jak) inhibitor naïve or have been treated with ruxolitinib",neoplasms; diseases of the blood and blood-forming organs,29.02.2024,2024,no,na,auspar-omjjara-250404.pdf,TGA
"aust r 207386, aust r 207385, aust r 207383 and aust r 207384",2013-00301-2-2,hizentra,normal human immunoglobulin,csl behring ltd,biologics,solution,subcutaneous,approved,authorised,16.04.2014,2014,no,no,replacement therapy in primary immunodeficiency disease (pid) and symptomatic hypogammaglobulinaemia secondary to underlying disease or treatment.,replacement therapy in primary immunodeficiency disease (pid) and symptomatic hypogammaglobulinaemia secondary to underlying disease or treatment.,diseases of the blood and blood-forming organs,,,no,na,auspar-normal-human-immunoglobulin-140625.pdf,TGA
"232545, 232546, 266984, 266985, 266986",pm-2014-03845-1-3,strensiq,asfotase alfa,alexion pharmaceuticals australia pty ltd,biologics,solution,subcutaneous,approved,authorised,12.01.2016,2016,yes,no,long term enzyme replacement therapy in patients with paediatric onset hypophosphatasia,enzyme replacement therapy in patients with paediatric onset hypophosphatasia,"endocrine, nutritional, and metabolic diseases; diseases of the musculoskeletal system and connective tissue",,,no,na,auspar-asfotase-alfa-rch-160701.pdf,TGA
,,thromboreductin,anagrelide hydrochloride,orphan australia pty ltd,small molecule,capsule,oral,rejected,na,12.02.2011,2011,yes,no,treatment of essential thrombocythaemia in patients with high or intermediate risk of thrombosis or bleeding,na,diseases of the blood and blood-forming organs,,,no,na,auspar-anagrelide-hydrochloride-120507.pdf,TGA
377442 and 377474,pm-2021-04853-1-2,apretude,cabotegravir,viiv healthcare pty ltd,small molecule,tablet; suspension,oral; intramuscular,approved,authorised (under additional monitoring),08.08.2022,2022,no,yes,pre-exposure prophylaxis (prep) to reduce the risk of sexually acquired hiv-1 infection in at-risk individuals weighing at least 35 kg.,pre-exposure prophylaxis (prep) to reduce the risk of sexually acquired hiv-1 infection in at-risk adults and adolescents (at least 12 years of age) and weighing at least 35 kg.,infectious and parasitic diseases,15.10.2021,2021,yes,,auspar-apretude-221123.pdf,TGA
"98100, 98111, 98115, 98117",pm-2011-01219-3-1,vytorin,ezetimibe and simvastatin,merck sharp and dohme (australia) pty limited,small molecule,tablet,oral,withdrawn,authorised,27.07.2012,2012,no,yes,prevention of major cardiovascular events in chronic kidney disease,na,"diseases of the circulatory system; endocrine, nutritional, and metabolic diseases",,,yes,,auspar-ezetimibe-130228-simvastatin.pdf,TGA
"149402, 149403, 149404",pm-2009-03295-3-3,actemra,tocilizumab,roche products pty ltd,biologics,solution,intravenous,approved,authorised,13.01.2011,2011,no,yes,for the treatment of moderate to severe active rheumatoid arthritis (ra) in adult patients,for the treatment of moderate to severe active rheumatoid arthritis (ra) in adult patients,diseases of the musculoskeletal system and connective tissue,,,yes,,auspar-actemra.pdf,TGA
222643,pm-2014-00379-1-2,xifaxan,rifaximin,norgine pty ltd,small molecule,tablet,oral,approved,authorised,21.05.2015,2015,no,yes,treatment of adult patients with travellers’ diarrhoea caused by non-invasive enteric bacteria.,treatment of patients (≥ 12 years of age) with travellers’ diarrhoea caused by non-invasive strains of escherichia coli.,infectious and parasitic diseases,,,no,na,auspar-rifaximin-151013.pdf,TGA
aust r 176747 (1mg) and aust r 176746 (2mg),pm-2010-03060-3-1,resotrans,prucalopride,janssen-cilag pty ltd,small molecule,tablet,oral,approved,authorised,04.10.2011,2011,no,no,the treatment of chronic functional constipation in adults in whom laxatives fail to provide adequate relief,the treatment of chronic functional constipation in adults in whom laxatives fail to provide adequate relief,diseases of the digestive system,,,no,na,auspar-resotrans.pdf,TGA
,pm-2008-2125-1,circadin,melatonin,commercial eyes pty ltd,small molecule,tablet,oral,approved,authorised,28.11.2009,2009,no,no,monotherapy for the short term treatment (up to 3 weeks) of primary insomnia characterized by poor quality of sleep in patients who are aged 55 or over.,monotherapy for the short term treatment (up to 3 weeks) of primary insomnia characterized by poor quality of sleep in patients who are aged 55 or over.,mental and behavioural disorders,,,no,na,auspar-circadin.pdf,TGA
"224969, 224970, 224974, 224975, 224976, 224977, 224978, 224979, 233714, 233715, 233716, 233717, 233718, 233719, 233720, 233721",pm-2014-01050-1-3,trexject & trexject in,methotrexate,link medical products pty ltd t/a link pharmaceuticals,small molecule,solution,subcutaneous; intramuscular,approved,authorised,18.08.2015,2015,no,yes,"symptomatic control of severe, recalcitrant, disabling psoriasis in adults which is not adequately responsive to other forms of treatment; management of severe, recalcitrant, active rheumatoid arthritis in adults not responding to, or intolerant of, an adequate trial of nsaids and one or more disease modifying drugs.",psoriasis therapy; rheumatoid arthritis therapy,diseases of the skin; diseases of the musculoskeletal system and connective tissue,,,yes,,auspar-methotrexate-170607.pdf,TGA
"397898, 397899",pm-2022-04428-1-2,beyfortus,nirsevimab,sanofi-aventis australia pty ltd,biologics,solution,intramuscular,approved,authorised (under additional monitoring),22.11.2023,2023,yes,no,prevention of respiratory syncytial virus (rsv) lower respiratory tract disease in neonates and infants during their first rsv season and children up to 24 months of age who remain vulnerable to severe rsv disease through their second rsv season.,prevention of respiratory syncytial virus (rsv) lower respiratory tract disease in neonates and infants during their first rsv season and children up to 24 months of age who remain vulnerable to severe rsv disease through their second rsv season.,infectious and parasitic diseases; diseases of the respiratory system,30.11.2022,2022,yes,,auspar-beyfortus-240412.pdf,TGA
346583,pm-2020-05433-1-6,rholistiq,belumosudil,kadmon oceania pty ltd,small molecule,tablet,oral,approved,authorised (under additional monitoring),11.11.2021,2021,yes,no,the treatment of patients 12 years and older with chronic graft-versus-host disease (cgvhd) after failure of at least one prior line of systemic therapy.,rholistiq is indicated for the treatment of patients with chronic graft-versus-host disease (chronic gvhd) aged 12 years and older who have an inadequate response to corticosteroids.,diseases of the blood and blood-forming organs,18.11.2020,2020,no,na,auspar-belumosudil-220505.pdf,TGA
346495,pm-2020-05478-1-3,nexviazyme,avalglucosidase alfa,sanofi-aventis australia pty ltd,biologics,powder,intravenous,approved,authorised (under additional monitoring),15.11.2021,2021,yes,no,long-term enzyme replacement therapy for the treatment of patients with pompe disease (acid α-glucosidase deficiency),long-term enzyme replacement therapy for the treatment of patients one year of age and older with pompe disease (acid α-glucosidase deficiency),"endocrine, nutritional, and metabolic diseases; diseases of the musculoskeletal system and connective tissue; diseases of the nervous system",30.11.2020,2020,no,na,auspar-nexviazyme-221208.pdf,TGA
,pm-2008-03723-3-4,enbrel,etanercept,wyeth australia pty ltd,biologics,powder; diluent; solution,subcutaneous,approved,authorised,16.02.2010,2010,no,yes,"treatment of adult patients with moderate to severe chronic plaque psoriasis, who are candidates for phototherapy or systemic therapy","treatment of adult patients with moderate to severe chronic plaque psoriasis, who are candidates for phototherapy or systemic therapy",diseases of the skin,,,yes,,auspar-enbrel.pdf,TGA
177648; 154661; 154663,pm-2012-00337-3-4,afinitor,everolimus,novartis pharmaceuticals australia pty ltd,small molecule,tablet,oral,approved,authorised,21.02.2013,2013,no,yes,"for the treatment of postmenopausal women with hormone receptor-positive advanced breast cancer in combination with an aromatase inhibitor, after prior endocrine therapy.","for the treatment of postmenopausal women with hormone receptor-positive, her2-negative advanced breast cancer in combination with exemestane after failure of treatment with letrozole or anastrozole.",neoplasms,,,no,na,auspar-everolimus-130822.pdf,TGA
"166263, 166264, 166265 and 166266",pm-2009-03138-3-3,twynsta,telmisartan; amlodipine,boehringer ingelheim pty ltd,small molecule,tablet,oral,approved,authorised,14.02.2011,2011,no,no,treatment of hypertension,treatment of hypertension,diseases of the circulatory system,,,no,na,auspar-twynsta.pdf,TGA
191517 (seebri breezhaler); 192725 (tovanor breezhaler),pm-2011-02800-3-5,seebri breezhaler/tovanor breezhaler,glycopyrronium,novartis pharmaceuticals australia pty ltd,small molecule,powder,inhalation,approved,authorised,31.10.2012,2012,no,no,once daily maintenance bronchodilator treatment to relieve symptoms of patients with chronic obstructive pulmonary disease (copd).,once daily maintenance bronchodilator treatment to relieve symptoms of patients with chronic obstructive pulmonary disease (copd).,diseases of the respiratory system,,,no,na,auspar-glycopyrronium-130710.pdf,TGA
371877,pm-2021-03236-1-6,erwinase,crisantaspase,ppd australia pty ltd,biologics,powder,intravenous; intramuscular,approved,authorised (under additional monitoring),06.02.2024,2024,yes,no,"erwinase is used in combination with other chemotherapeutic agents to treat patients, principally children, with acute lymphoblastic leukaemia who have developed hypersensitivity to e. coli asparaginase or pegylated asparaginase obtained from e. coli.",erwinase is indicated as a component of a multi-agent chemotherapeutic regimen for the treatment of patients with acute lymphoblastic leukemia (all) who have developed hypersensitivity to pegylated asparaginase obtained from e. coli.,neoplasms; diseases of the blood and blood-forming organs,30.09.2021,2021,yes,,auspar-erwinase-240626.pdf,TGA
"196150, 196151, 196152, 196153, 196154, 196155, 196156 and 196157",pm-2011-04091-3-3,atozet composite pack / zeteze composite pack,ezetimibe + atorvastatin,merck sharp & dohme,small molecule,tablet,oral,approved,authorised,18.01.2013,2013,no,no,primary hypercholesterolaemia; homozygous familial hypercholesterolaemia (hofh),primary hypercholesterolaemia; homozygous familial hypercholesterolaemia (hofh),"endocrine, nutritional, and metabolic diseases",,,yes,,auspar-ezetimbe-atorvastatin-130528.pdf,TGA
321060,pm-2019-03406-1-6,xospata,gilteritinib,astellas pharma australia pty ltd,small molecule,tablet,oral,approved,authorised (under additional monitoring),26.03.2020,2020,yes,no,treatment of adult patients who have relapsed or refractory acute myeloid leukaemia (aml) with a flt3 mutation,treatment of adult patients who have relapsed or refractory acute myeloid leukaemia (aml) with a flt3 mutation,neoplasms; diseases of the blood and blood-forming organs,23.08.2019,2019,no,na,auspar-gilteritinib-as-fumarate-200908.pdf,TGA
"218433, 218434, 218435, 218436 and 218437",pm-2013-03632-1-1,fentora,fentanyl citrate,orphan australia pty ltd,small molecule,tablet,buccal,approved,authorised,05.02.2015,2015,yes,no,the treatment of breakthrough pain (btp) in adults with cancer who are already receiving maintenance opioid therapy for chronic cancer pain.,the treatment of breakthrough pain (btp) in adults with cancer who are already receiving maintenance opioid therapy for chronic cancer pain.,neoplasms,,,yes,,auspar-fentanyl-citrate-150422.pdf,TGA
193474 (5 mg) and 172244 (2.5 mg),pm-2014-00349-1-3,eliquis,apixaban,bristol-myers squibb australia pty ltd,small molecule,tablet,oral,approved,authorised,15.05.2015,2015,no,yes,treatment and prevention of deep vein thrombosis (dvt) and pulmonary embolism (pe),treatment and prevention of deep vein thrombosis (dvt) and pulmonary embolism (pe),diseases of the circulatory system,,,no,na,auspar-apixaban-151111.pdf,TGA
422290,pm-2023-04200-1-1,amvuttra,vutrisiran,medison pharma australia pty ltd,small molecule,solution,subcutaneous,approved,authorised,18.06.2024,2024,yes,no,treatment of hereditary transthyretin-mediated amyloidosis (hattr amyloidosis) in adult patients with stage 1 or stage 2 polyneuropathy,treatment of hereditary transthyretin-mediated amyloidosis (hattr amyloidosis) in adult patients with stage 1 or stage 2 polyneuropathy,"endocrine, nutritional, and metabolic diseases; diseases of the nervous system",31.10.2023,2023,no,na,auspar-amvuttra-240912.pdf,TGA
"255552, 259938, 259939, 259940",pm-2015-01850-1-4,idelvion,albutrepenonacog alfa,csl behring,biologics,powder; solvent,intravenous,approved,authorised,14.09.2016,2016,yes,no,routine prophylaxis to prevent or reduce the frequency of bleeding episodes; control and prevention of bleeding episodes; control and prevention of bleeding in the perioperative setting,routine prophylaxis to prevent or reduce the frequency of bleeding episodes; control and prevention of bleeding episodes; control and prevention of bleeding in the perioperative setting,diseases of the blood and blood-forming organs,,,no,na,auspar-albutrepenonacog-alfa-rch-170926.pdf,TGA
,pm-2009-01544-3-2,intragam 10 nf,normal immunoglobulin (human),csl bioplasma ltd,biologics,solution,intravenous,approved,authorised,03.03.2011,2011,no,yes,"replacement igg therapy in primary immunodeficiency disease (pid), myeloma and chronic lymphocytic leukaemia with severe secondary hypogammaglobulinemia and recurrent infections, congenital or acquired immune deficiency syndrome with recurrent infections; immunomodulatory therapy in immune thrombocytopenic purpura (itp), allogeneic bone marrow transplantation, kawasaki disease, guillain-barre syndrome (gbs), chronic inflammatory demyelinating polyneuropathy (cidp), multifocal motor neuropathy (mmn), myasthenia gravis (mg), lambert-eaton myasthenic syndrome (lems), stiff person syndrome.","replacement igg therapy in primary immunodeficiency disease (pid), myeloma and chronic lymphocytic leukaemia with severe secondary hypogammaglobulinemia and recurrent infections, congenital or acquired immune deficiency syndrome with recurrent infections; immunomodulatory therapy in immune thrombocytopenic purpura (itp), allogeneic bone marrow transplantation, kawasaki disease, guillain-barre syndrome (gbs), chronic inflammatory demyelinating polyneuropathy (cidp), multifocal motor neuropathy (mmn), myasthenia gravis (mg), lambert-eaton myasthenic syndrome (lems), stiff person syndrome.",diseases of the blood and blood-forming organs; diseases of the nervous system; neoplasms; infectious and parasitic diseases,,,yes,,auspar-immunoglobulin-normal-human-111018.pdf,TGA
168002,pm-2009-03748-3-5,bronchitol,mannitol,pharmaxis ltd,small molecule,powder,inhalation,approved,authorised,07.02.2011,2011,yes,yes,treatment of cystic fibrosis (cf) in both paediatric and adult populations six years and above as either add-on therapy to rhdnase or in patients intolerant to or inadequately responsive to rhdnase,"treatment of cystic fibrosis (cf) in both paediatric and adult populations six years and above as either add-on therapy to dornase alfa or in patients intolerant to, or inadequately responsive to dornase alfa",diseases of the respiratory system,,,yes,,auspar-bronchitol.pdf,TGA
"288613, 288614",pm-2022-00987-1-4,lynparza,olaparib,astrazeneca pty ltd,small molecule,tablet,oral,approved,authorised,29.09.2023,2023,no,yes,breast cancer: for the adjuvant treatment of adult patients with brca-mutated her2-negative high risk early breast cancer who have previously been treated with neoadjuvant or adjuvant chemotherapy. prostate cancer: in combination with abiraterone and prednisone or prednisolone for the treatment of adult patients with metastatic castration-resistant prostate cancer.,"breast cancer: lynparza is indicated as monotherapy for the adjuvant treatment of adult patients who have her2-negative, high-risk early breast cancer with a deleterious or suspected deleterious germline brca mutation (gbrcam), for which they have previously been treated with neoadjuvant or adjuvant chemotherapy. prostate cancer: lynparza in combination with abiraterone and either prednisone or prednisolone is indicated for the treatment of adult patients who have mcrpc with a deleterious or suspected deleterious brca mutation (germline or somatic).",neoplasms,02.05.2022,2022,yes,,auspar-lynparza-240712.pdf,TGA
180147,pm-2019-05370-1-3,forxiga,dapagliflozin,astrazeneca pty ltd,small molecule,tablet,oral,approved,authorised,04.11.2020,2020,no,yes,heart failure with reduced ejection fraction,"symptomatic heart failure with reduced ejection fraction, as an adjunct to standard of care therapy",diseases of the circulatory system,18.12.2019,2019,no,na,auspar-dapagliflozin-210406.pdf,TGA
"107361, 124421, 157622, 90456 and 124422",pm-2013-04552-1-3,enbrel,etanercept,pfizer australia pty ltd,biologics,solution,subcutaneous,approved,authorised,17.04.2015,2015,no,yes,treatment of adults with active non-radiographic axial spondyloarthritis who have had an inadequate response to conventional therapy.,treatment of adults with active non-radiographic axial spondyloarthritis with objective signs of inflammation as indicated by elevated c-reactive protein (crp) and/or mri change who have had an inadequate response to nsaids.,diseases of the musculoskeletal system and connective tissue,,,yes,,auspar-etanercept-150923.pdf,TGA
"281012, 281013 and 281014",pm-2016-02731-1-5,veltassa,patiromer sorbitex calcium,vifor pharma pty ltd,other,powder,oral,approved,authorised,05.12.2017,2017,no,no,the treatment of hyperkalaemia in adults,the treatment of hyperkalaemia in adults,"endocrine, nutritional, and metabolic diseases",31.10.2016,2016,no,na,auspar-patiromer-sorbitex-calcium-190911.pdf,TGA
160539,pm-2009-00817-3-2,menitorix,haemophilus influenzae type b polyribose ribitol phosphate and group c meningococcal polysaccharide conjugate vaccine,glaxosmithkline australia pty ltd,vaccine,powder,intramuscular,approved,authorised,02.08.2010,2010,no,no,prevention of invasive diseases caused by haemophilus influenzae type b (hib) and neisseria meningitidis serogroup c (menc),prevention of invasive diseases caused by haemophilus influenzae type b (hib) and neisseria meningitidis serogroup c (menc),infectious and parasitic diseases,,,no,na,auspar-menitorix.pdf,TGA
332220 and 340375,pm-2020-01095-1-1,aklief,trifarotene,galderma australia pty ltd,small molecule,cream,topical,approved,authorised (under additional monitoring),11.01.2021,2021,no,no,"cutaneous treatment of acne vulgaris of the face and/or the trunk in patients from 9 years of age and older, when many comedones, papules and pustules are present.","topical treatment of acne vulgaris of the face and/or the trunk in patients from 12 years of age and older, when many comedones, papules and/or pustules are present.",diseases of the skin,30.04.2020,2020,no,na,auspar-trifarotene-210318.pdf,TGA
281035; 292237; 292238,pm-2016-02725-1-2,influvac tetra,influenza virus haemagglutinin,mylan health pty ltd,vaccine,suspension,intramuscular; subcutaneous,approved,authorised,01.11.2017,2017,no,no,"for the prevention of influenza caused by influenza virus, types a and b","for the prevention of influenza caused by influenza virus, types a and b",infectious and parasitic diseases,30.11.2016,2016,yes,,auspar-influenza-virus-haemagglutinin-vaccine-180823.pdf,TGA
364110,pm-2021-01848-1-2,xevudy,sotrovimab,glaxosmithkline australia pty ltd,biologics,solution,intravenous,approved,authorised (under additional monitoring),20.08.2021,2021,no,no,for the treatment of patients with coronavirus disease 2019 (covid-19) who are at risk for progression to hospitalisation or death.,treatment of adults and adolescents (aged 12 years and over and weighing at least 40 kg) with coronavirus disease 2019 (covid-19) who do not require initiation of oxygen due to covid-19 and who are at increased risk of progression to hospitalisation or death.,infectious and parasitic diseases; diseases of the respiratory system,20.05.2021,2021,no,na,auspar-sotrovimab-210820.pdf,TGA
153080,pm-2012-00341-3-4,vidaza,azacitidine,celgene pty ltd,small molecule,powder,intravenous,approved,authorised,11.04.2013,2013,yes,yes,intermediate-2 and high-risk myelodysplastic syndromes (mds); chronic myelomonocytic leukemia (cmmol); acute myeloid leukemia (aml) with 20-30% blasts and multi-lineage dysplasia,intermediate-2 and high-risk myelodysplastic syndromes (mds); chronic myelomonocytic leukemia (cmmol); acute myeloid leukemia (aml) with 20-30% blasts and multi-lineage dysplasia,neoplasms; diseases of the blood and blood-forming organs,,,yes,,auspar-azacitidine-130820.pdf,TGA
"160172, 160176, 160177 & 160178",pm-2009-00350-3-5,onbrez breezhaler/arbeela breezhaler,indacaterol,novartis pharmaceuticals australia pty ltd,small molecule,powder; capsule,inhalation,approved,authorised,02.07.2010,2010,no,no,"long-term, once-daily, maintenance bronchodilator treatment of airflow limitation in patients with chronic obstructive pulmonary disease (copd)","long-term, once-daily, maintenance bronchodilator treatment of airflow limitation in patients with chronic obstructive pulmonary disease (copd)",diseases of the respiratory system,,,no,na,auspar-onbrez.pdf,TGA
290683,pm-2017-02274-1-1,ilumya,tildrakizumab,sun pharma anz pty ltd,biologics,solution,subcutaneous,approved,authorised,05.09.2018,2018,no,no,treatment of adults with moderate-to-severe plaque psoriasis who are candidates for systemic therapy.,treatment of adults with moderate-to-severe plaque psoriasis who are candidates for systemic therapy.,diseases of the skin,31.07.2017,2017,no,na,auspar-tildrkizumab-190924.pdf,TGA
,pm-2008-03683-3-3,orencia,abatacept,bristol-myers squibb australia pty ltd,biologics,powder,intravenous,approved,authorised,04.03.2010,2010,no,yes,reducing signs and symptoms in paediatric patients 6 years of age and older with moderately to severely active polyarticular juvenile idiopathic arthritis.,treatment of moderate to severe active rheumatoid arthritis in adult patients and reducing signs and symptoms in paediatric patients 6 years of age and older with moderately to severely active polyarticular juvenile idiopathic arthritis.,diseases of the musculoskeletal system and connective tissue,,,no,na,auspar-orencia.pdf,TGA
aust r 183411,2011-00501-3-1,xifaxan,rifaximin,norgine pty ltd,small molecule,tablet,oral,approved,authorised,04.05.2012,2012,yes,no,prevention of the recurrence of hepatic encephalopathy in adults,prevention of the recurrence of hepatic encephalopathy where other treatments have failed or are contraindicated,diseases of the nervous system; diseases of the digestive system,,,no,na,auspar-rifaximin-121119.pdf,TGA
124408 and 124410,pm-2009-00914-2,gardasil,human papilloma virus (hpv) quadrivalent l1 vlp vaccine,merck sharp & dohme (australia) pty ltd,vaccine,suspension,intramuscular,approved,authorised,08.10.2010,2010,no,yes,"males aged 9 through to 26 years for the prevention of external genital lesions and infection caused by human papilloma virus (hpv) types 6, 11, 16 and 18.","males aged 9 through to 26 years for the prevention of external genital lesions and infection caused by human papilloma virus (hpv) types 6, 11, 16 and 18.",infectious and parasitic diseases; neoplasms,,,yes,,auspar-gardasil.pdf,TGA
244493,pm-2015-01467-1-1,addaven,chromic chloride,fresenius kabi australia pty ltd,other,concentrate,intravenous,approved,authorised,26.07.2016,2016,no,no,to meet basal to moderately increased requirements of trace elements in parenteral nutrition.,"to meet basal to moderately increased requirements of trace elements in parenteral nutrition in adults, when either oral or enteral nutrition is inappropriate","endocrine, nutritional, and metabolic diseases",,,yes,,auspar-nine-trace-elements-including-chromic-chloride-170323.pdf,TGA
"82744, 115399, 201126 and 201124",pm-2013-03254-1-4,xolair,omalizumab,novartis pharmaceuticals australia pty ltd,biologics,powder; diluent; solution,subcutaneous,approved,authorised,06.11.2014,2014,no,yes,chronic idiopathic urticaria in adults and adolescents (12 years of age and above) who remain symptomatic despite h1 antihistamine treatment.,chronic idiopathic urticaria in adults and adolescents (12 years of age and above) who remain symptomatic despite h1 antihistamine treatment.,diseases of the skin,,,yes,,auspar-omalizumab-rch-150721.pdf,TGA
189948,pm-2011-02023-3-5,endometrin pessaries,progesterone,ferring pharmaceuticals pty ltd,peptides and proteins,tablet,vaginal,approved,authorised,03.09.2012,2012,no,no,luteal support as part of an assisted reproductive technology (art) treatment programme for infertile women.,luteal support as part of an assisted reproductive technology (art) treatment programme for infertile women.,diseases of the genitourinary system,,,no,na,auspar-progesterone-130612.pdf,TGA
428253; 443611,pm-2023-05358-1-2,andembry,garadacimab,csl behring (australia) pty ltd,biologics,solution,subcutaneous,approved,authorised (under additional monitoring),09.01.2025,2025,yes,no,routine prevention of recurrent hereditary angioedema (hae) attacks in patients aged 12 years and older with c1-inh hae (c1-esterase inhibitor deficiency or dysfunction),routine prevention of recurrent hereditary angioedema (hae) attacks in patients aged 12 years and older with c1-inh hae (c1-esterase inhibitor deficiency or dysfunction),diseases of the blood and blood-forming organs,02.01.2024,2024,no,na,auspar-andembry-250612.pdf,TGA
175041,pm-2012-04329-1-4,xgeva,denosumab,amgen australia pty ltd,biologics,solution,subcutaneous,approved,authorised,23.12.2013,2013,no,yes,"treatment of giant cell tumour of bone in adults or skeletally mature adolescents that is recurrent, or unresectable, or resectable but associated with severe morbidity.","treatment of giant cell tumour of bone in adults or skeletally mature adolescents that is recurrent, or unresectable, or resectable but associated with severe morbidity.",neoplasms; diseases of the musculoskeletal system and connective tissue,,,yes,,auspar-denosumab-140417.pdf,TGA
420194,pm-2023-03683-1-1,kisunla,donanemab,eli lilly australia pty ltd,biologics,solution,intravenous,approved,authorised,19.05.2025,2025,no,no,to slow disease progression in adult patients with alzheimer’s disease.,treatment of patients with mild cognitive impairment (mci) due to alzheimer’s disease and mild alzheimer’s dementia (early symptomatic alzheimer’s disease) that are apolipoprotein e ε4 (apoe ε4) heterozygotes or noncarriers.,diseases of the nervous system,03.10.2023,2023,no,na,auspar-kisunla-250528.pdf,TGA
aust r 259 928,pm-2015-02428-1-2,zepatier,grazoprevir / elbasvir,merck sharp and dohme (australia) pty limited,small molecule,tablet,oral,approved,authorised,25.08.2016,2016,no,no,chronic hepatitis c infection in adults,chronic hepatitis c genotype 1 or 4 infection in adults,infectious and parasitic diseases,,,no,na,auspar-grazoprevir-170515.pdf,TGA
375471,pm-2021-04302-1-6,doptelet,avatrombopag,swedish orphan biovitrum pty ltd,small molecule,tablet,oral,approved,authorised (under additional monitoring),13.01.2023,2023,yes,no,treatment of thrombocytopenia in adult patients with chronic liver disease scheduled to undergo a procedure and in adult patients with chronic immune thrombocytopenia with insufficient response to previous treatment.,treatment of thrombocytopenia in adult patients with chronic liver disease scheduled to undergo a procedure and in adult patients with chronic immune thrombocytopenia with insufficient response to previous treatment.,diseases of the blood and blood-forming organs; diseases of the digestive system,01.11.2021,2021,yes,,auspar-doptelet-240207.pdf,TGA
"80876, 80877, 115555",pm-2008-1992-5,"symbicort turbuhaler 200/6, 400/12 and symbicort rapihaler 200/6",budesonide/eformoterol fumarate dihydrate,astrazeneca pty ltd,biologics,powder,inhalation,approved,authorised,26.03.2010,2010,no,yes,maintenance treatment of moderate to severe copd,symptomatic treatment of moderate to severe copd,diseases of the respiratory system,,,yes,,auspar-symbicort.pdf,TGA
"114714, 114717, 114721",pm-2009-00835-3-4,tarceva,erlotinib,roche products pty ltd,small molecule,tablet,oral,approved,authorised,16.04.2010,2010,no,yes,maintenance therapy in patients with locally advanced or metastatic non-small cell lung cancer (nsclc) who have not progressed on first line chemotherapy.,maintenance therapy in patients with locally advanced or metastatic non-small cell lung cancer (nsclc) who have not progressed on first line chemotherapy.,neoplasms; diseases of the respiratory system,,,yes,,auspar-tarceva.pdf,TGA
311827,pm-2018-04814-1-1,spravato,esketamine hydrochloride,janssen-cilag pty ltd,small molecule,solution,nasal,approved,authorised (under additional monitoring),05.03.2021,2021,no,no,treatment resistant depression (major depressive disorder in adults who have not responded adequately to at least two different antidepressants of adequate dose and duration to treat the current depressive episode).,treatment resistant depression (major depressive disorder in adults who have not responded adequately to at least two different antidepressants of adequate dose and duration to treat the current moderate to severe depressive episode).,mental and behavioural disorders,02.01.2019,2019,no,na,auspar-esketamine-hydrochloride-210507.pdf,TGA
"aust r 195150, aust r 195151, aust r 195152, aust r 195153, aust r 195154, aust r 195155",pm-2011-04248-3-1,trobalt,retigabine,glaxosmithkline australia pty ltd,small molecule,tablet,oral,approved,authorised,27.06.2013,2013,no,no,adjunctive treatment of partial onset seizures with or without secondary generalisation in adults aged 18 years and above with epilepsy.,"adjunctive treatment of drug resistant partial onset seizures with or without secondary generalisation, in patients with epilepsy where other appropriate drug combinations have proved inadequate or have not been tolerated.",diseases of the nervous system,,,no,na,auspar-retigabine-131017.pdf,TGA
"210340, 210337, 210333, 210324, 210320, 210318 and 210312",pm-2012-03777-1-3,enoxapo,enoxaparin sodium,apotex pty ltd,biologics,solution,subcutaneous,approved,authorised,04.02.2020,2020,no,no,"prevention of thromboembolic disorders of venous origin in patients undergoing orthopaedic and general surgery; prophylaxis of venous thromboembolism in medical patients bedridden due to acute illness; prevention of thrombosis in extra-corporeal circulation during haemodialysis; treatment of established deep vein thrombosis; treatment of unstable angina and non-q-wave myocardial infarction, administered concurrently with aspirin; treatment of acute st-segment elevation myocardial infarction (stemi) as an adjunctive to thrombolytic treatment, including patients to be managed medically or with subsequent percutaneous coronary intervention (pci).","prevention of thromboembolic disorders of venous origin in patients undergoing orthopaedic and general surgery; prophylaxis of venous thromboembolism in medical patients bedridden due to acute illness; prevention of thrombosis in extra-corporeal circulation during haemodialysis; treatment of established deep vein thrombosis; treatment of unstable angina and non-q-wave myocardial infarction, administered concurrently with aspirin; treatment of acute st-segment elevation myocardial infarction (stemi) as an adjunctive to thrombolytic treatment, including patients to be managed medically or with subsequent percutaneous coronary intervention (pci).",diseases of the circulatory system,22.07.2013,2013,yes,,auspar-enoxaparin-sodium-200721.pdf,TGA
312021,pm-2018-04249-1-1,glycophos,sodium glycerophosphate,fresenius kabi australia pty ltd,small molecule,solution,intravenous,approved,authorised,13.11.2019,2019,no,no,supplement to parenteral nutrition to meet the daily requirements of phosphate.,supplement to parenteral nutrition to meet the daily requirements of phosphate.,"endocrine, nutritional, and metabolic diseases",02.01.2019,2019,yes,,auspar-sodium-glycerophosphate-200213.pdf,TGA
"130502, 130714, 130717, 130732",pm-2011-02378-3-1,invega,paliperidone,janssen-cilag pty ltd,small molecule,tablet,oral,withdrawn,withdrawn,22.10.2012,2012,no,yes,treatment of schizophrenia in adolescents aged from 12 to 17 years,na,mental and behavioural disorders,,,no,na,auspar-paliperidone-130520.pdf,TGA
"170577, 170578",pm 2010-00846-3-3,vimovo,naproxen; esomeprazole,astrazeneca pty ltd,small molecule,tablet,oral,approved,authorised,18.10.2011,2011,no,no,"symptomatic relief in the treatment of osteoarthritis, rheumatoid arthritis, and ankylosing spondylitis in patients at risk for developing nsaid associated gastric and/or duodenal ulcers.","patients with an increased risk of gastrointestinal ulceration, who require nsaid therapy for symptomatic management of rheumatoid arthritis, ankylosing spondylitis and osteoarthritis with an inflammatory component and in whom lower doses of naproxen or other nsaids have proven insufficient.",diseases of the musculoskeletal system and connective tissue; diseases of the digestive system,,,yes,,auspar-vimovo.pdf,TGA
226597,pm-2014-01928-1-4,keytruda,pembrolizumab,merck sharp & dohme (australia) pty ltd,biologics,powder,intravenous,approved,authorised,15.04.2015,2015,yes,no,treatment of unresectable or metastatic melanoma in adults,treatment of unresectable or metastatic melanoma in adults,neoplasms,,,no,na,auspar-pembrolizumab-rch-161014.pdf,TGA
"212657, 212654, 212656, 212655",pm-2013-02037-1-4,pomalyst,pomalidomide,celgene australia pty ltd,small molecule,capsule,oral,approved,authorised,27.06.2014,2014,yes,no,treatment of patients with multiple myeloma who have failed at least two prior therapies including lenalidomide and a proteasome inhibitor.,"pomalidomide, in combination with dexamethasone, is indicated for the treatment of patients with relapsed and refractory multiple myeloma who have received at least two prior treatment regimens, including both lenalidomide and bortezomib, and have demonstrated disease progression on the last therapy.",neoplasms; diseases of the blood and blood-forming organs,,,no,na,auspar-pomalidomide-131014.pdf,TGA
167910,pm-2009-03337-3-5,omnaris,ciclesonide,nycomed pty ltd,small molecule,spray,nasal,approved,authorised,28.11.2011,2011,no,yes,treatment of seasonal allergic rhinitis and perennial allergic rhinitis,treatment of seasonal allergic rhinitis in adults and children 6 years of age and older; treatment of perennial allergic rhinitis in adults and adolescents 12 years of age and older,diseases of the respiratory system,,,no,na,auspar-omnaris.pdf,TGA
"214121, 214114, 214119, 214116, 214120, 214115, 214117, 214118",pm-2013-02434-1-3,"rosuzet, ezalo",ezetimibe and rosuvastatin,merck sharp & dohme (australia) pty limited,small molecule,tablet,oral,approved,authorised,28.08.2014,2014,no,no,primary hypercholesterolaemia; homozygous familial hypercholesterolaemia (hofh),primary hypercholesterolaemia; homozygous familial hypercholesterolaemia (hofh),"endocrine, nutritional, and metabolic diseases",13.10.2014,2014,yes,,auspar-ezetimibe-rosuvastatin-150129.pdf,TGA
375304,pm-2021-04292-1-5,byooviz,ranibizumab,samsung bioepis au pty ltd,biologics,solution,intravitreal,approved,authorised,16.08.2022,2022,no,no,the treatment of neovascular (wet) age-related macular degeneration (amd); the treatment of visual impairment due to diabetic macular oedema (dme); treatment of proliferative diabetic retinopathy (pdr); the treatment of visual impairment due to choroidal neovascularisation (cnv); the treatment of visual impairment due to choroidal neovascularisation (cnv) secondary to pathologic myopia (pm); the treatment of visual impairment due to macular oedema secondary to retinal vein occlusion (rvo).,the treatment of neovascular (wet) age-related macular degeneration (amd); the treatment of visual impairment due to diabetic macular oedema (dme); treatment of proliferative diabetic retinopathy (pdr); the treatment of visual impairment due to choroidal neovascularisation (cnv); the treatment of visual impairment due to choroidal neovascularisation (cnv) secondary to pathologic myopia (pm); the treatment of visual impairment due to macular oedema secondary to retinal vein occlusion (rvo).,"diseases of the eye and adnexa; endocrine, nutritional, and metabolic diseases",01.11.2021,2021,no,na,auspar-byooviz-230426.pdf,TGA
393433,pm-2022-03129-1-2,comirnaty covid-19 vaccine,tozinameran,pfizer australia pty ltd,vaccine,suspension,intramuscular,approved,authorised (under additional monitoring),29.09.2022,2022,no,yes,"active immunisation to prevent coronavirus disease 2019 (covid-19) caused by sars-cov-2, in individuals 6 months of age and older.","active immunisation to prevent coronavirus disease 2019 (covid-19) caused by sars-cov-2, in individuals 6 months of age and older.",infectious and parasitic diseases,02.08.2022,2022,no,na,auspar-tozinameran-221012.pdf,TGA
"66042, 75484, 116741, 116751",,urso/ursofalk,ursodeoxycholic acid,orphan australia pty ltd,small molecule,capsule; liquid,oral,approved,authorised,16.02.2010,2010,,yes,chronic cholestatic liver diseases; intrahepatic cholestasis of pregnancy,chronic cholestatic liver diseases,diseases of the digestive system,,,yes,,auspar-ursodeoxycholic.pdf,TGA
235737,pm-2017-00696-1-4,zykadia,ceritinib,novartis pharmaceuticals australia pty ltd,small molecule,capsule,oral,approved,authorised,23.05.2018,2018,yes,yes,treatment of patients with locally advanced or metastatic non-small cell lung cancer (nsclc) that is anaplastic lymphoma kinase (alk)-positive.,treatment of patients with locally advanced or metastatic non-small cell lung cancer (nsclc) that is anaplastic lymphoma kinase (alk)-positive.,neoplasms; diseases of the respiratory system,31.05.2017,2017,yes,,auspar-ceritinib-200304.pdf,TGA
157907,pm-2011-01174-3-5,onglyza,saxagliptin,bristol-myers squibb australia pty ltd,small molecule,tablet,oral,approved,authorised,19.09.2012,2012,no,yes,to improve glycaemic control in combination with insulin (with or without metformin) in patients with type 2 diabetes mellitus.,"to improve glycaemic control as add-on therapy to premixed or basal insulin (with or without metformin) when premixed or basal insulin (with or without metformin) used with diet and exercise, do not provide adequate glycaemic control.","endocrine, nutritional, and metabolic diseases",18.03.2011,2011,yes,,auspar-saxagliptin-130313.pdf,TGA
355139,pm-2021-00623-1-2,nuvaxovid,sars-cov-2 recombinant spike protein,biocelect pty ltd,vaccine,suspension,intramuscular,approved,authorised (under additional monitoring),19.01.2022,2022,no,no,"active immunisation for the prevention of mild, moderate, and severe disease caused by sars-cov-2 in adults ≥ 18 years of age.",active immunisation to prevent coronavirus disease 2019 (covid-19) caused by sars-cov-2 in individuals 18 years of age and older.,infectious and parasitic diseases; diseases of the respiratory system,26.02.2021,2021,no,na,auspar-sars-cov-2-rs-matrix-m-adjuvant.pdf,TGA
190122 and 190113,pm-2011-02307-3-5,picato 0.015% and 0.05% gel,ingenol mebutate,leo pharma pty ltd,small molecule,gel,topical,approved,authorised,01.11.2012,2012,no,no,topical treatment of solar (actinic) keratoses in adults,topical treatment of solar (actinic) keratoses in adults,neoplasms; diseases of the skin,,,no,na,auspar-ingenol-mebutate-130606.pdf,TGA
"218798, 218799, 218800, 230438, 230439, 230440",pm-2015-00766-1-3 / pm-2015-00777-1-3,cosentyx / zafrez,secukinumab,novartis pharmaceuticals australia pty ltd,biologics,solution,subcutaneous,approved,authorised,11.05.2016,2016,no,yes,psoriatic arthritis and ankylosing spondylitis,psoriatic arthritis and ankylosing spondylitis,diseases of the musculoskeletal system and connective tissue; diseases of the skin,,2015,yes,,auspar-secukinuma-161025.pdf,TGA
220402,pm-2013-04600-1-4,herceptin,trastuzumab,roche products pty ltd,biologics,solution,subcutaneous,approved,authorised,13.03.2015,2015,no,no,treatment of her2-positive breast cancer,"early breast cancer: treatment of her2-positive localised breast cancer following surgery, and in association with chemotherapy and, if applicable, radiotherapy. locally advanced breast cancer: treatment of her2-positive locally advanced breast cancer in combination with neoadjuvant chemotherapy followed by adjuvant herceptin. metastatic breast cancer: treatment of patients with metastatic breast cancer who have tumours that overexpress her2.",neoplasms,,,no,na,auspar-trastuzumab-150803.pdf,TGA
196218,pm-2012-00311-3-4,perjeta,pertuzumab,roche products pty ltd,biologics,solution,intravenous,approved,authorised,02.05.2013,2013,yes,no,her2-positive metastatic (stage iv) or unresectable locally recurrent breast cancer,her2-positive metastatic breast cancer,neoplasms,,,yes,,auspar-pertuzumab-131001.pdf,TGA
387621 and 387622,pm-2022-01541-1-6,tecvayli,teclistamab,janssen-cilag pty ltd,biologics,solution,subcutaneous,approved,authorised (under additional monitoring),02.06.2023,2023,yes,no,"treatment of adult patients with relapsed or refractory multiple myeloma who have received at least three prior therapies, including a proteasome inhibitor, an immunomodulatory agent and an anti-cd38 monoclonal antibody.","treatment of adult patients with relapsed or refractory multiple myeloma who have received at least three prior therapies, including a proteasome inhibitor, an immunomodulatory agent and an anti-cd38 monoclonal antibody.",neoplasms; diseases of the blood and blood-forming organs,31.05.2022,2022,no,na,auspar-tecvayli-240502.pdf,TGA
170002,pm-2010-00524-3-1,fampyra,fampridine,biogen idec australia pty ltd,small molecule,tablet,oral,approved,authorised,13.05.2011,2011,no,no,for the treatment of adult patients with ms for improvement of walking ability.,the symptomatic improvement of walking ability in adult patients with multiple sclerosis who have shown improvement after 8 weeks of treatment.,diseases of the nervous system,,,no,na,auspar-fampyra.pdf,TGA
405540,pm-2023-00672-1-5,sidapvia,dapagliflozin and sitagliptin,astrazeneca pty ltd,small molecule,tablet,oral,approved,authorised,24.05.2024,2024,no,no,sidapvia is indicated as an adjunct to diet and exercise to improve glycaemic control in adults with type 2 diabetes mellitus when treatment with both dapagliflozin and sitagliptin is appropriate.,sidapvia is indicated as an adjunct to diet and exercise to improve glycaemic control in adults with type 2 diabetes mellitus when treatment with both dapagliflozin and sitagliptin is appropriate.,"endocrine, nutritional, and metabolic diseases",05.04.2023,2023,yes,,auspar-sidapvia-240814.pdf,TGA
