Administration_route,Application_date,Application_year,Current_status,Dataset,Decision,Decision_date,Decision_year,Disease_class(es),Disease_name(s),Document_name,Drug_class,Drug_name,Indication_approved,Indication_extended,Indication_requested,Indication_requested_extracted,Marketing_authorisation_holder,Marketing_authorisation_holder_extracted,Marketing_authorisation_number,Non_proprietary_name,Nonclinical_abridged,Orphan_drug_status,Pharmaceutical_form,Procedure_number,Referral_body
intravitreal,02.01.2019,2019,withdrawn,TGA,withdrawn,14.01.2020,2020,diseases of the eye and adnexa; congenital malformations and chromosomal abnormalities,not reported,auspa-ranibizumab-20200903.pdf,biologics,lucentis,na,yes,treatment of retinopathy of prematurity (rop) in preterm infants,<retinopathy of prematurity>,novartis pharmaceuticals australia pty ltd,novartis,,ranibizumab,yes,yes,solution,pm-2018-04902-1-5,
subcutaneous; intravenous,03.01.2017,2017,authorised,TGA,approved,10.01.2018,2018,diseases of the musculoskeletal system and connective tissue; diseases of the skin,"<arthritis, psoriatic>",auspar-abatacept-190204.pdf,biologics,orencia,treatment of active psoriatic arthritis in adults when the response to previous dmard therapy has been inadequate.,yes,treatment of active psoriatic arthritis in adults when the response to previous dmard therapy has been inadequate.,"<arthritis, psoriatic>",bristol-myers squibb australia pty ltd.,bristol-myers squibb,"130100, 177174, 177176, 206764 and 236039",abatacept,yes,no,solution; powder,pm-2016-03491-1-3,
subcutaneous,,,authorised,TGA,approved,23.12.2011,2011,diseases of the musculoskeletal system and connective tissue,<rheumatoid arthritis>; <juvenile idiopathic arthritis>,auspar-abatacept-rch-120426.pdf,biologics,orencia,"treatment of moderate to severe active rheumatoid arthritis in adult patients with an insufficient response or intolerance to other dmards; treatment of severe, active and progressive rheumatoid arthritis in adults not previously treated with methotrexate; reducing signs and symptoms in paediatric patients 6 years and older with moderately to severely active polyarticular juvenile idiopathic arthritis.",yes,"treatment of moderate to severe active rheumatoid arthritis in adult patients with an insufficient response or intolerance to other dmards; treatment of severe, active and progressive rheumatoid arthritis in adults not previously treated with methotrexate; reducing signs and symptoms in paediatric patients 6 years and older with moderately to severely active polyarticular juvenile idiopathic arthritis.",<rheumatoid arthritis>; <juvenile idiopathic arthritis>,bristol-myers squibb australia pty ltd,bristol-myers squibb,177174; 177176,abatacept,yes,no,solution,pm-2010-03115-3-3,
oral,,,authorised,TGA,approved,27.02.2012,2012,neoplasms,<prostatic neoplasms>,auspar-abiraterone-acetate-121004-1.pdf,small molecule,zytiga,treatment of metastatic advanced prostate cancer (castration resistant prostatic cancer [mcrpc]) in patients who have received prior chemotherapy containing a taxane,no,treatment of metastatic castration resistant prostatic cancer (mcrpc) after failure of taxane chemotherapy,<prostatic neoplasms>,janssen-cilag pty ltd,janssen-cilag,aust r 180314,abiraterone acetate,no,no,tablet,pm-2010-03604-3-4,na
oral,27.02.2012,2012,authorised,TGA,approved,20.08.2013,2013,neoplasms,<prostatic neoplasms>,auspar-abiraterone-acetate-140122.pdf,small molecule,zytiga,treatment of patients with metastatic castration resistant prostate cancer (mcrpc) who are asymptomatic or mildly symptomatic after failure of androgen deprivation therapy (adt),yes,treatment of patients with metastatic castration resistant prostate cancer (mcrpc) who are asymptomatic or mildly symptomatic after failure of androgen deprivation therapy (adt) and who have received prior chemotherapy containing a taxane.,<prostatic neoplasms>,janssen-cilag pty ltd,janssen-cilag,180314,abiraterone acetate,no,no,tablet,pm-2012-02706-3-4,na
intramuscular,01.05.2023,2023,authorised (under additional monitoring),TGA,approved,20.03.2024,2024,infectious and parasitic diseases; diseases of the respiratory system,<respiratory tract diseases>,auspar-abrysvo-240502.pdf,vaccine,abrysvo,active immunisation of pregnant women between 24-36 weeks of gestation for prevention of lower respiratory tract disease caused by respiratory syncytial virus (rsv) in infants from birth through 6 months of age; active immunisation of individuals 60 years of age and above for prevention of lower respiratory tract disease caused by respiratory syncytial virus (rsv).,no,active immunisation of pregnant women between 24-36 weeks of gestation for prevention of lower respiratory tract disease caused by respiratory syncytial virus (rsv) in infants from birth through 6 months of age; active immunisation of individuals 60 years of age and above for prevention of lower respiratory tract disease caused by respiratory syncytial virus (rsv).,<respiratory tract diseases>,pfizer australia pty ltd,pfizer,406624,rsvpref,no,no,powder; diluent,pm-2023-01210-1-2,na
oral,10.10.2019,2019,authorised (under additional monitoring),TGA,approved,22.11.2019,2019,neoplasms; diseases of the blood and blood-forming organs,"<leukemia, lymphocytic, chronic, b-cell>; <lymphoma, small lymphocytic>",auspar-acalabrutinib-200217-01.pdf,small molecule,calquence,calquence is indicated for the treatment of patients with chronic lymphocytic leukaemia (cll)/small lymphocytic lymphoma (sll).,yes,calquence is indicated for the treatment of patients with chronic lymphocytic leukaemia (cll)/small lymphocytic lymphoma (sll).,"<leukemia, lymphocytic, chronic, b-cell>; <lymphoma, small lymphocytic>",astrazeneca pty ltd,astrazeneca,321419,acalabrutinib,no,no,capsule,pm-2019-04317-1-6,na
oral,12.08.2019,2019,authorised (under additional monitoring),TGA,approved,21.11.2019,2019,neoplasms; diseases of the blood and blood-forming organs,<mantle cell lymphoma>,auspar-acalabrutinib-200217.pdf,small molecule,calquence,treatment of patients with mantle cell lymphoma who have received at least one prior therapy.,no,treatment of patients with mantle cell lymphoma who have received at least one prior therapy.,<mantle cell lymphoma>,astrazeneca pty ltd,astrazeneca,321419,acalabrutinib,no,yes,capsule,pm-2019-03536-1-6,na
intravenous,,,authorised,TGA,approved,29.07.2011,2011,diseases of the musculoskeletal system and connective tissue,<osteoporosis>; <paget's disease>,auspar-aclasta.pdf,small molecule,aclasta/osteovan,"treatment of osteoporosis in postmenopausal women to reduce the incidence of hip, vertebral and non-vertebral fractures. treatment of osteoporosis in patients over 50 years of age with a history of at least one low trauma hip fracture, to reduce the incidence of further fracture. to increase bone mineral density in men with osteoporosis. to increase bone mineral density in patients with osteoporosis associated with long term glucocorticoid use. to prevent glucocorticoid-induced bone mineral density loss. treatment of paget's disease of bone.",no,"treatment of osteoporosis in postmenopausal women to reduce the incidence of hip, vertebral and non-vertebral fractures. treatment of osteoporosis in patients over 50 years of age with a history of at least one low trauma hip fracture, to reduce the incidence of further fracture. to increase bone mineral density in men with osteoporosis. to increase bone mineral density in patients with osteoporosis associated with long term glucocorticoid use. to prevent glucocorticoid-induced bone mineral density loss. treatment of paget's disease of bone.","<osteoporosis>; <paget's disease, bone>",novartis australia pty ltd,novartis,134665 and 13466,zoledronic acid,yes,no,solution,pm-2010-01920-3-5,
inhalation,,,authorised,TGA,approved,18.03.2014,2014,diseases of the respiratory system,<chronic obstructive pulmonary disease>,auspar-aclidinium-bromide-140908.pdf,small molecule,bretaris genuair,long term maintenance bronchodilator treatment to relieve symptoms in adult patients with chronic obstructive pulmonary disease (copd).,no,long term maintenance bronchodilator treatment to relieve symptoms in adult patients with chronic obstructive pulmonary disease (copd).,<chronic obstructive pulmonary disease>,a menarini australia pty ltd,menarini,206071,aclidinium bromide,no,no,powder,pm-2012-04170-1-5,na
intravenous,,,authorised,TGA,approved,31.10.2011,2011,diseases of the musculoskeletal system and connective tissue,<systemic juvenile idiopathic arthritis>,auspar-actemra-111215.pdf,biologics,actemra,treatment of active systemic juvenile idiopathic arthritis in patients 2 years of age and older.,yes,treatment of active systemic juvenile idiopathic arthritis in patients 2 years of age and older.,<systemic juvenile idiopathic arthritis>,roche products pty ltd,roche,"149402, 149403, 149404",tocilizumab,yes,no,solution,pm-2010-03070-3-3,
intravenous,,,authorised,TGA,approved,13.01.2011,2011,diseases of the musculoskeletal system and connective tissue,<rheumatoid arthritis>,auspar-actemra.pdf,biologics,actemra,for the treatment of moderate to severe active rheumatoid arthritis (ra) in adult patients,yes,for the treatment of moderate to severe active rheumatoid arthritis (ra) in adult patients,<rheumatoid arthritis>,roche products pty ltd,roche,"149402, 149403, 149404",tocilizumab,yes,no,solution,pm-2009-03295-3-3,
intravenous,,,authorised,TGA,approved,22.09.2010,2010,diseases of the circulatory system,<ischemic stroke>,auspar-actilyse.pdf,biologics,actilyse,thrombolytic treatment of acute ischaemic stroke. treatment must be started as early as possible within 4.5 hours after onset of stroke symptoms and after exclusion of intracranial haemorrhage by appropriate imaging techniques.,yes,thrombolytic treatment of acute ischaemic stroke with an extended treatment window from 0-3 hours to 0-4.5 hours after onset of symptoms.,"<stroke, ischemic>",boehringer ingelheim pty ltd,boehringer ingelheim,"64240 (10 mg), 43375 (20 mg), 17905 (50 mg)",alteplase,yes,no,powder,pm-2009-2549-3-3,
intramuscular,01.12.2020,2020,authorised (under additional monitoring),TGA,approved,25.06.2021,2021,infectious and parasitic diseases,<covid-19>,auspar-ad26-cov2-s-210625.pdf,vaccine,covid-19 vaccine janssen,active immunisation to prevent covid-19 caused by sars-cov-2 in individuals 18 years of age and older.,no,active immunisation for the prevention of coronavirus disease-2019 (covid-19) in adults greater than or equal to 18 years of age.,<coronavirus infections>,janssen-cilag pty ltd,janssen-cilag,350150,adenovirus serotype 26 encoding the sars-cov-2 spike glycoprotein,no,no,suspension,pm-2020-06173-1-2,na
subcutaneous,,,authorised,TGA,approved,16.07.2013,2013,diseases of the digestive system,<ulcerative colitis>,auspar-adalimumab-131025.pdf,biologics,humira,treatment of moderate to severe ulcerative colitis in adult patients who have had an inadequate response to conventional therapy or who are intolerant to or have medical contraindications for such therapies.,yes,treatment of moderate to severe ulcerative colitis in patients who have had an inadequate response to conventional therapy or who are intolerant to or have medical contraindications for such therapies.,<ulcerative colitis>,abbvie pty ltd,abbvie,"95779, 95780, 127116, 155315, 199410, 199411, 199412",adalimumab,yes,no,solution,pm-2012-01954-3-1,
subcutaneous,,,withdrawn,TGA,withdrawn,19.08.2013,2013,diseases of the musculoskeletal system and connective tissue,not reported,auspar-adalimumab-140122.pdf,biologics,humira,na,yes,non-radiographic axial spondyloarthritis,"<arthritis, spondylarthritis>",abbvie pty ltd,abbvie,,adalimumab,yes,no,solution,pm-2012-02255-3-3,
subcutaneous,20.05.2013,2013,authorised,TGA,approved,02.06.2014,2014,diseases of the digestive system,<crohn disease>,auspar-adalimumab-140805.pdf,biologics,humira,crohn’s disease in adults and children (greater than or equal to 6 years),yes,crohn’s disease in adults and children (greater than or equal to 6 years),<crohn disease>,abbvie pty ltd,abbvie,"216038, 127116, 155315, 199410, 199411, 199412, 95779, 95780",adalimumab,yes,yes,solution,pm-2013-01154-1-1,
subcutaneous,,,authorised,TGA,approved,07.07.2016,2016,diseases of the musculoskeletal system and connective tissue; diseases of the skin,"<arthritis, juvenile>; <psoriasis>",auspar-adalimumab-170320.pdf,biologics,humira,enthesitis-related arthritis; psoriasis in adults and children,yes,enthesitis-related arthritis; psoriasis in adults and children,"<arthritis, juvenile>; <psoriasis>",abbvie pty ltd,abbvie,"199410, 199411, 199412, 216038, 238700, 95779",adalimumab,yes,no,solution,pm-2015-01149-1-3,
subcutaneous,03.05.2016,2016,authorised,TGA,approved,18.10.2017,2017,diseases of the musculoskeletal system and connective tissue; diseases of the digestive system; diseases of the skin; diseases of the eye and adnexa,"<rheumatoid arthritis>; <arthritis, juvenile>; <arthritis, psoriatic>; <spondylitis, ankylosing>; <crohn disease>; <colitis, ulcerative>; <psoriasis>; <hidradenitis suppurativa>; <uveitis>",auspar-adalimumab-180625.pdf,biologics,amgevita,"rheumatoid arthritis, polyarticular juvenile idiopathic arthritis, psoriatic arthritis, ankylosing spondylitis, crohn’s disease in adults and children (≥6 years), ulcerative colitis, psoriasis, hidradenitis suppurativa, uveitis",no,"rheumatoid arthritis, polyarticular juvenile idiopathic arthritis, psoriatic arthritis, ankylosing spondylitis, crohn’s disease in adults and children (≥6 years), ulcerative colitis, psoriasis, hidradenitis suppurativa, uveitis","<rheumatoid arthritis>; <arthritis, juvenile>; <arthritis, psoriatic>; <spondylitis, ankylosing>; <crohn disease>; <colitis, ulcerative>; <psoriasis>; <hidradenitis suppurativa>; <uveitis>",amgen australia pty ltd,amgen,"273536, 278701, 278702",adalimumab,no,no,pre-filled syringe,pm-2016-00845-1-1,na
subcutaneous,03.01.2017,2017,authorised,TGA,approved,18.01.2018,2018,diseases of the musculoskeletal system and connective tissue,<rheumatoid arthritis>,auspar-adalimumab-190313.pdf,biologics,hadlima,rheumatoid arthritis,no,rheumatoid arthritis,<rheumatoid arthritis>,samsung bioepis au pty ltd,samsung,"284248, 284249",adalimumab,no,no,solution,pm-2016-03547-1-3,na
subcutaneous,02.09.2019,2019,authorised,TGA,approved,15.06.2020,2020,diseases of the musculoskeletal system and connective tissue; diseases of the digestive system; diseases of the skin; diseases of the eye and adnexa,"<rheumatoid arthritis>; <arthritis, juvenile>; <arthritis>; <psoriatic arthritis>; <spondylitis, ankylosing>; <crohn disease>; <colitis, ulcerative>; <psoriasis>; <hidradenitis suppurativa>; <uveitis>",auspar-adalimumab-200917.pdf,biologics,idacio,rheumatoid arthritis; juvenile idiopathic arthritis; enthesitis-related arthritis; psoriatic arthritis; ankylosing spondylitis; crohn’s disease in adults and children (≥ 6 years); ulcerative colitis; psoriasis in adults and children; hidradenitis suppurativa in adults and adolescents (from 12 years of age); uveitis,no,rheumatoid arthritis; juvenile idiopathic arthritis; enthesitis-related arthritis; psoriatic arthritis; ankylosing spondylitis; crohn’s disease in adults and children (≥ 6 years); ulcerative colitis; psoriasis in adults and children; hidradenitis suppurativa in adults and adolescents (from 12 years of age); uveitis,"<rheumatoid arthritis>; <arthritis, juvenile>; <arthritis, psoriatic>; <spondylitis, ankylosing>; <crohn disease>; <colitis, ulcerative>; <psoriasis>; <hidradenitis suppurativa>; <uveitis>",fresenius kabi australia pty ltd,fresenius,"320241, 320242, 320243",adalimumab,no,no,solution,pm-2019-03192-1-1,na
subcutaneous,02.06.2020,2020,authorised,TGA,approved,08.02.2021,2021,diseases of the musculoskeletal system and connective tissue; diseases of the digestive system; diseases of the skin; diseases of the eye and adnexa,"<rheumatoid arthritis>; <arthritis, juvenile>; <arthritis, psoriatic>; <spondylitis, ankylosing>; <crohn disease>; <colitis, ulcerative>; <psoriasis>; <hidradenitis suppurativa>; <uveitis>",auspar-adalimumab-210412.pdf,biologics,abrilada,rheumatoid arthritis; juvenile idiopathic arthritis; enthesitis-related arthritis; psoriatic arthritis; ankylosing spondylitis; crohn's disease; ulcerative colitis; psoriasis; hidradenitis suppurativa; uveitis,no,rheumatoid arthritis; juvenile idiopathic arthritis; enthesitis-related arthritis; psoriatic arthritis; ankylosing spondylitis; crohn's disease; ulcerative colitis; psoriasis; hidradenitis suppurativa; uveitis,"<rheumatoid arthritis>; <arthritis, juvenile>; <arthritis, psoriatic>; <spondylitis, ankylosing>; <crohn disease>; <colitis, ulcerative>; <psoriasis>; <hidradenitis suppurativa>; <uveitis>",pfizer australia pty ltd,pfizer,"334496, 334497, 334498 and 334499",adalimumab,no,no,solution,pm-2020-01818-1-3,na
subcutaneous,02.06.2020,2020,authorised,TGA,approved,07.04.2021,2021,diseases of the musculoskeletal system and connective tissue; diseases of the digestive system; diseases of the skin; diseases of the eye and adnexa,"<rheumatoid arthritis>; <arthritis, juvenile>; <arthritis, psoriatic>; <spondylitis, ankylosing>; <crohn disease>; <colitis, ulcerative>; <psoriasis>; <hidradenitis suppurativa>; <uveitis>",auspar-adalimumab-211122.pdf,biologics,hulio,rheumatoid arthritis; juvenile idiopathic arthritis; enthesitis-related arthritis; psoriatic arthritis; ankylosing spondylitis; crohn’s disease; ulcerative colitis; psoriasis; hidradenitis suppurativa; uveitis,no,rheumatoid arthritis; juvenile idiopathic arthritis; enthesitis-related arthritis; psoriatic arthritis; ankylosing spondylitis; crohn’s disease; ulcerative colitis; psoriasis; hidradenitis suppurativa; uveitis,"<rheumatoid arthritis>; <arthritis, juvenile>; <arthritis, psoriatic>; <spondylitis, ankylosing>; <crohn disease>; <colitis, ulcerative>; <psoriasis>; <hidradenitis suppurativa>; <uveitis>",alphapharm pty ltd,alphapharm,"334800, 334801, 334802",adalimumab,no,no,solution,pm-2020-01807-1-3,na
subcutaneous,,,authorised,TGA,approved,14.05.2015,2015,diseases of the musculoskeletal system and connective tissue,"<arthritis, juvenile>",auspar-adalimumab-rch-151210.pdf,biologics,humira,polyarticular juvenile idiopathic arthritis in patients aged 2 years and older,yes,polyarticular juvenile idiopathic arthritis in patients aged 2 years and older,"<arthritis, juvenile>",abbvie pty ltd,abbvie,"95779, 95780, 127116, 155315, 199410, 199411, 199412 and 216038",adalimumab,yes,no,solution,pm-2014-01048-1-3,
subcutaneous,,,authorised,TGA,approved,06.04.2016,2016,diseases of the skin,<hidradenitis suppurativa>,auspar-adalimumab-rch-160712.pdf,biologics,humira,treatment of active moderate to severe hidradenitis suppurativa (acne inversa) in adult patients with an inadequate response to conventional systemic hidradenitis suppurativa therapy.,yes,"treatment of active moderate to severe hidradenitis suppurativa (acne inversa) in adult patients, including treatment of inflammatory lesions and prevention of worsening of abscesses and draining fistulas.",<hidradenitis suppurativa>,abbvie pty ltd,abbvie,"238700, 216038, 199412, 199411, 199410, 95779",adalimumab,yes,no,solution,pm–2014-04326-1-4,
injection,31.01.2023,2023,authorised,TGA,approved,08.01.2024,2024,neoplasms; diseases of the blood and blood-forming organs,<hodgkin disease>,auspar-adcetris-240507.pdf,biologics,adcetris,"treatment of patients with previously untreated cd30+ stage iii or stage iv hodgkin lymphoma (hl) in combination with doxorubicin, vinblastine, and dacarbazine (avd).",yes,"treatment of adult patients with previously untreated cd30+ advanced hodgkin lymphoma (hl) in combination with doxorubicin, vinblastine, and dacarbazine (avd).",<hodgkin lymphoma>,takeda pharmaceuticals australia pty ltd,takeda,203372,brentuximab vedotin,no,no,powder,pm-2022-04918-1-6,na
oral,,,authorised,TGA,approved,05.08.2011,2011,diseases of the circulatory system,<pulmonary hypertension>; <collagen diseases>,auspar-adcirca.pdf,small molecule,adcirca,"adcirca is indicated in adults for the treatment of pulmonary arterial hypertension (pah) classified as who functional class ii and iii, to improve exercise capacity. efficacy has been shown in idiopathic pah (ipah) and in pah related to collagen vascular disease.",yes,adcirca is indicated for the treatment of pulmonary arterial hypertension (pah) classified as who functional class ii and iii to improve exercise capacity. efficacy has been shown in idiopathic pah (ipah) and in pah related to collagen vascular disease.,<pulmonary hypertension>; <collagen diseases>,eli lilly australia pty ltd,eli lilly,172882,tadalafil,yes,yes,tablet,pm-2010-01829-3-3,
subcutaneous,31.01.2020,2020,authorised (under additional monitoring),TGA,approved,22.10.2020,2020,diseases of the blood and blood-forming organs; diseases of the skin,<erythropoietic protoporphyria>,auspar-afamelanotide-210311.pdf,peptides and proteins,scenesse,prevention of phototoxicity in adult patients with erythropoietic protoporphyria (epp),no,prevention of phototoxicity in adult patients with erythropoietic protoporphyria (epp),<erythropoietic protoporphyria>,clinuvel pharmaceuticals ltd,clinuvel,327947,afamelanotide,no,yes,implant,pm-2019-05977-1-6,na
oral,,2012,authorised,TGA,approved,01.11.2013,2013,neoplasms; diseases of the respiratory system,<lung neoplasms>,auspar-afatinib-dimaleate-140414.pdf,small molecule,giotrif,"as monotherapy for the treatment of patients with advanced or metastatic non-squamous non-small cell carcinoma of the lung, either as first line therapy or after failure of cytotoxic chemotherapy. tumours must have epidermal growth factor receptor (egfr) exon 19 deletions or l858r substitution mutations.",no,for the treatment of patients with locally advanced or metastatic non-small cell lung cancer (nsclc) with epidermal growth factor receptor (egfr) mutation(s).,<lung neoplasms>,boehringer ingelheim pty ltd,boehringer ingelheim,"201314 (20 mg), 201318 (30 mg), 201315 (40 mg), 201320 (50 mg)",afatinib,no,no,tablet,pm-2012-02708-3-4,na
intravitreal,,,authorised,TGA,approved,17.02.2012,2012,diseases of the eye and adnexa,<macular degeneration>,auspar-aflibercept-120730.pdf,biologics,eylea,treatment of neovascular (wet) age-related macular degeneration (amd),no,treatment of neovascular (wet) age-related macular degeneration (amd),<macular degeneration>,bayer australia limited,bayer,aust r 180859 and aust r 180860,aflibercept,no,no,solution,pm-2010-03802-3-5,na
intravitreal,,,authorised,TGA,approved,02.02.2015,2015,"diseases of the eye and adnexa; endocrine, nutritional, and metabolic diseases",<diabetic macular edema>,auspar-aflibercept-150721.pdf,biologics,eylea,diabetic macular oedema (dme),yes,diabetic macular oedema (dme),<macular edema>,bayer australia ltd,bayer,180859 and 180860,aflibercept,yes,no,solution,pm-2013-04198-1-1,
intravenous,,,authorised,TGA,approved,05.03.2013,2013,neoplasms; diseases of the digestive system,<colorectal neoplasms>,auspar-aflibercept-rch-130729.pdf,biologics,"zaltrap, aflitiv, lidaveg",zaltrap/alfitiv/lidaveg in combination with irinotecan-fluoropyrimidine-based chemotherapy is indicated in adults with metastatic colorectal cancer previously treated with an oxaliplatin-containing regimen.,no,aflibercept in combination with irinotecan-fluoropyrimidine-based chemotherapy is indicated in adults with metastatic colorectal cancer previously treated with an oxaliplatin-containing regimen.,<colorectal neoplasms>,sanofi-aventis australia pty ltd,sanofi-aventis,"195234, 195939, 195970, 195974,195975, 195976",aflibercept,no,no,concentrate,pm-2011-04301-3-4,na
intravitreal,,,authorised,TGA,approved,07.11.2013,2013,diseases of the eye and adnexa,<macular edema>; <retinal vein occlusion>,auspar-aflibercept-rch-140804.pdf,biologics,eylea,treatment of visual impairment due to macular oedema secondary to central retinal vein occlusion (crvo),yes,treatment of visual impairment due to macular oedema secondary to central retinal vein occlusion (crvo),<macular edema>; <retinal vein occlusion>,bayer australia ltd,bayer,180859 and 180860,aflibercept,no,no,solution,pm-2012-03146-1-5,na
intramuscular;deep subcutaneous,,,authorised,TGA,approved,16.03.2011,2011,infectious and parasitic diseases,<influenza>,auspar-aflunov.pdf,vaccine,aflunov/prepandemic h5n1 adjuvanted influenza vaccine,active immunisation against a/vietnam/1194 2004 (h5n1) like strain (nibrg-14) subtype of influenza a virus,no,active immunisation against h5n1 subtype of influenza a virus,<influenza>,novartis vaccines and diagnostics,novartis,167943 and 167949,influenza virus haemagglutinin h5n1,yes,no,solution,pm-2009-03929-3-2,
intravenous,31.01.2019,2019,withdrawn,TGA,withdrawn,16.01.2020,2020,"endocrine, nutritional, and metabolic diseases",not reported,auspar-alanylglutamine-201202.pdf,peptides and proteins,dipeptiven,na,no,dipeptiven is indicated as part of a clinical nutrition regimen in patients in hypercatabolic and/or hypermetabolic states. it should be given together with parenteral nutrition.,not reported,fresenius kabi australia pty ltd,fresenius,,alanylglutamine,no,no,solution,pm-2018-04790-1-1,na
intravenous,,,withdrawn,TGA,withdrawn,14.06.2011,2011,diseases of the circulatory system,not reported,auspar-albumex-110920.pdf,biologics,albumex 20/albumex 5/albumex 4,na,yes,extension of indications for albumex 4 to include first line use in hypovolaemia/shock,<shock>,csl ltd,csl,"31820, 46283, 50595, 50620, 59154, 59155, 72895, 72896",albumin (human),yes,no,solution,pm-2010-02082-3-5,
intravenous,,,authorised,TGA,approved,15.07.2015,2015,diseases of the circulatory system,not reported,auspar-albumin-human-170502.pdf,biologics,"albunate 5, albunate 20 and albunate 25",restoration and maintenance of circulating blood volume where volume deficiency has been demonstrated and use of a colloid is appropriate,no,restoration and maintenance of circulating blood volume where volume deficiency has been demonstrated and use of a colloid is appropriate,not reported,csl limited,csl,"223744, 223741, 223739, 223743, 223740, 223742",albumin,yes,no,solution,pm-2014-01051-1-5,
intravenous,,,authorised,TGA,approved,14.09.2016,2016,diseases of the blood and blood-forming organs,<not reported>,auspar-albutrepenonacog-alfa-rch-170926.pdf,biologics,idelvion,routine prophylaxis to prevent or reduce the frequency of bleeding episodes; control and prevention of bleeding episodes; control and prevention of bleeding in the perioperative setting,no,routine prophylaxis to prevent or reduce the frequency of bleeding episodes; control and prevention of bleeding episodes; control and prevention of bleeding in the perioperative setting,not reported,csl behring,csl,"255552, 259938, 259939, 259940",albutrepenonacog alfa,no,yes,powder; solvent,pm-2015-01850-1-4,na
oral,,,authorised,TGA,approved,30.01.2018,2018,neoplasms; diseases of the respiratory system,<non-small cell lung carcinoma>,auspar-alectinib-180305_0.pdf,small molecule,alecensa,"treatment of patients with anaplastic lymphoma kinase (alk)-positive, locally advanced or metastatic non-small cell lung cancer (nsclc).",yes,"treatment of patients with anaplastic lymphoma kinase (alk)-positive, locally advanced or metastatic non-small cell lung cancer (nsclc).",<non-small cell lung carcinoma>,roche australia pty ltd,roche,272115,alectinib,yes,no,capsule,pm-2017-03224-1-4,
oral,,,authorised,TGA,approved,10.03.2017,2017,neoplasms; diseases of the respiratory system,<non-small cell lung carcinoma>,auspar-alectinib-hydrochloride-171127.pdf,small molecule,alecensa,"treatment of patients with anaplastic lymphoma kinase (alk)-positive, locally advanced or metastatic non-small cell lung cancer (nsclc) who have progressed on or are intolerant to crizotinib.",no,"treatment of patients with anaplastic lymphoma kinase (alk)-positive, locally advanced or metastatic non-small cell lung cancer (nsclc) who have progressed on or are intolerant to crizotinib.",<non-small cell lung carcinoma>,roche products pty limited,roche,272115,alectinib hydrochloride,no,no,capsule,pm-2015-04677-1-4,na
intravenous,,,authorised,TGA,approved,11.12.2013,2013,diseases of the nervous system,<multiple sclerosis>,auspar-alemtuzumab-140204.pdf,biologics,"lemtrada, remniq",treatment of relapsing forms of multiple sclerosis (ms) for patients with active disease defined by clinical or imaging features to slow the accumulation of physical disability and reduce the frequency of clinical relapses.,yes,treatment of patients with relapsing forms of multiple sclerosis (ms) to slow the accumulation of physical disability and reduce the frequency of clinical relapses.,<multiple sclerosis>,sanofi-aventis australia pty ltd,sanofi-aventis,200941 and 200948,alemtuzumab,no,no,solution,pm-2012-02297-3-1,na
oral,,,authorised,TGA,approved,20.09.2010,2010,diseases of the musculoskeletal system and connective tissue,<osteoporosis>,auspar-alendraccord.pdf,small molecule,"alendraccord, alendrocor, pharmacor alendronate",for the treatment of osteoporosis and prevention of glucocorticoid-induced osteoporosis in postmenopausal women not receiving oestrogen and who are on long-term corticosteroid therapy.,no,for the treatment of osteoporosis and prevention of glucocorticoid-induced osteoporosis in postmenopausal women not receiving oestrogen and who are on long-term corticosteroid therapy.,<osteoporosis>,accord healthcare pty ltd,accord,"161444, 161445 and 161448",alendronic acid,yes,no,tablet,pm-2009-01135-3-5,
subcutaneous,23.09.2022,2022,authorised (under additional monitoring),TGA,approved,03.07.2023,2023,diseases of the blood and blood-forming organs,<hemophilia b>,auspar-alhemo-240308.pdf,biologics,alhemo,prophylaxis to prevent or reduce the frequency of bleeding in patients at least 12 years of age who have haemophilia b (congenital factor ix deficiency) with fix inhibitors.,no,routine prophylaxis to prevent or reduce the frequency of bleeding in patients ≥ 12 years of age with haemophilia b (congenital factor ix deficiency) with fix inhibitors.,<hemophilia b>,novo nordisk pharmaceuticals pty ltd,novo nordisk,"394065, 394067, 394068 and 394066",concizumab,no,yes,solution,pm-2022-03458-1-6,na
subcutaneous,31.08.2016,2016,authorised,TGA,approved,12.09.2017,2017,"endocrine, nutritional, and metabolic diseases; diseases of the circulatory system",<heterozygous familial hypercholesterolemia>; <atherosclerotic cardiovascular disease>; <hypercholesterolemia>,auspar-alirocumab-180918.pdf,biologics,praluent,"praluent is indicated as an adjunct to diet and exercise to reduce ldl-c in adults with one or more of: heterozygous familial hypercholesterolaemia, clinical atherosclerotic cardiovascular disease, or hypercholesterolemia with high or very high cardiovascular risk.",yes,praluent is indicated as an adjunct to diet and exercise in adults with primary hypercholesterolaemia (heterozygous familial and non-familial) or mixed dyslipidaemia.,<hypercholesterolemia>,sanofi aventis australia pty ltd,sanofi,"238299, 238204, 238305, and 238285",alirocumab,yes,no,solution,pm-2016-01950-1-3,
subcutaneous,,,authorised,TGA,approved,13.05.2016,2016,"endocrine, nutritional, and metabolic diseases; diseases of the circulatory system",<heterozygous familial hypercholesterolemia>; <atherosclerotic cardiovascular disease>,auspar-alirocumab-rch-161213.pdf,biologics,praluent,praluent / golyra /eliriduc is indicated as an adjunct to diet and exercise in adults with heterozygous familial hypercholesterolaemia or clinical atherosclerotic cardiovascular disease.,no,"praluent is indicated in adults with primary hypercholesterolaemia (heterozygous familial and non-familial) or mixed dyslipidaemia, as an adjunct to diet.",<hypercholesterolemia>; <dyslipidemias>,sanofi aventis australia pty ltd,sanofi,"aust r 238285, aust r 238299 to aust r 238306, aust r 238308 to aust r 238310",alirocumab,no,no,solution,pm-2015-00764-1-3,na
subcutaneous,31.08.2018,2018,authorised,TGA,approved,29.10.2019,2019,"diseases of the circulatory system; endocrine, nutritional, and metabolic diseases",<hypercholesterolemia>; <cardiovascular diseases>,auspar-alirocumab-rch-191209.pdf,biologics,praluent,primary hypercholesterolaemia; prevention of cardiovascular events,yes,primary hypercholesterolaemia and mixed dyslipidaemia,<hypercholesterolemia>; <dyslipidemias>,sanofi-aventis australia pty ltd,sanofi-aventis,"238285, 238299, 238304, 238305",alirocumab,yes,no,solution,pm-2018-02973-1-3,
oral,,,authorised,TGA,approved,16.03.2012,2012,diseases of the circulatory system,<hypertension>,auspar-aliskiren-120615.pdf,small molecule,rasilamlo hct,"substitution therapy for the treatment of hypertension in patients whose blood pressure is already adequately controlled on the triple combination of aliskiren, amlodipine and hydrochlorothiazide.",no,"substitution therapy for the treatment of hypertension in patients whose blood pressure is already adequately controlled on the triple combination of aliskiren, amlodipine and hydrochlorothiazide.",<hypertension>,novartis pharmaceuticals australia pty ltd,novartis,"176176, 176182, 176185, 176187 and 176189","aliskiren, amlodipine, hydrochlorothiazide",yes,no,tablet,pm-2010-02677-3-3,
oral,,,authorised,TGA,approved,10.09.2013,2013,"endocrine, nutritional, and metabolic diseases","<diabetes mellitus, type 2>",auspar-alogliptin-benzoate-140109.pdf,small molecule,"nesina, vipidia","to improve glycaemic control in adult patients with type 2 diabetes mellitus when diet and exercise do not provide adequate glycaemic control, as add on to metformin, a sulphonylurea, a thiazolidinedione, insulin (with or without metformin), or in combination with metformin and a thiazolidinedione when dual therapy does not provide adequate glycaemic control.",no,to improve glycaemic control in adult patients with type 2 diabetes mellitus when diet and exercise do not provide adequate glycaemic control.,<type 2 diabetes mellitus>,takeda pharmaceuticals australia pty ltd,takeda,"199538, 199539, 199540, 199541, 199542, 199543",alogliptin,no,no,tablet,pm-2012-01949-3-5,na
oral,01.04.2019,2019,authorised (under additional monitoring),TGA,approved,19.03.2020,2020,neoplasms,<breast neoplasms>,auspar-alpelisib-200820.pdf,small molecule,piqray,"treatment of postmenopausal women, and men, with hormone receptor positive, her2-negative, advanced or metastatic breast cancer with a pik3ca mutation as detected by a validated test following progression on or after an endocrine-based regimen.",no,"treatment of postmenopausal women, and men, with hormone receptor positive, her2-negative, advanced or metastatic breast cancer with a pik3ca mutation in combination with fulvestrant after disease progression following an endocrine-based regimen.",<breast neoplasms>,novartis pharmaceuticals australia pty ltd,novartis,"315020, 315055, 315064",alpelisib,no,no,tablet,pm-2019-00401-1-4,na
oral,,,authorised,TGA,approved,09.02.2016,2016,diseases of the circulatory system,<pulmonary hypertension>,auspar-ambrisentan-170706.pdf,small molecule,volibris,"volibris in combination with tadalafil is indicated for the treatment of who group 1 pulmonary arterial hypertension in patients with who functional class ii, iii or iv symptoms.",yes,"volibris in combination with tadalafil is indicated for the treatment of who group 1 pulmonary arterial hypertension (pah) in patients with who functional class ii, iii or iv symptoms.",<pulmonary hypertension>,glaxosmithkline australia pty ltd,glaxosmithkline,"143739, 143743",ambrisentan,yes,yes,tablet,pm-2014-04323-1-3,
sublingual,,,authorised,TGA,approved,05.04.2016,2016,diseases of the respiratory system,"<rhinitis, allergic, perennial>",auspar-american-house-dust-mite-european-house-dust-mite-170809.pdf,biologics,actair initiation treatment and actair continuation treatment,treatment of house dust mite allergic rhinitis with or without conjunctivitis in adults and adolescents over 12 years diagnosed with house dust mite allergy,yes,treatment of house dust mite allergic rhinitis with or without conjunctivitis in adults and adolescents and children (above the age of 5) diagnosed with house dust mite allergy,"<rhinitis, allergic, perennial>; <conjunctivitis, allergic>",stallergenes australia pty ltd,stallergenes,"233470, 233471",american house dust mite / european house dust mite,yes,no,tablet,pm-2014-03871-1-2,
sublingual,,,authorised,TGA,approved,21.07.2016,2016,diseases of the respiratory system,"<asthma>; <rhinitis, allergic, perennial>",auspar-american-house-dust-mite-extract-european-house-dust-mite-extract-171013.pdf,biologics,acarizax,house dust mite allergic rhinitis and asthma not well controlled by inhaled corticosteroids,no,house dust mite allergic rhinitis and asthma not well controlled by inhaled corticosteroids,"<rhinitis, allergic, perennial>; <asthma>",seqirus pty ltd,seqirus,250392,american house dust mite extract; european house dust mite extract,yes,no,tablet,pm-2015-01531-1-2,
oral,01.02.2021,2021,authorised (under additional monitoring),TGA,approved,10.09.2021,2021,diseases of the nervous system,<lambert-eaton myasthenic syndrome>,auspar-amifampridine-220412.pdf,small molecule,ruzurgi,treatment of lambert-eaton myasthenic syndrome (lems) in adults and children aged 6 years and above.,no,treatment of lambert-eaton myasthenic syndrome (lems) in adults and children aged 6 years and above.,<lambert-eaton myasthenic syndrome>,orspec pharma pty ltd,orspec,352630,amifampridine,yes,yes,tablet,pm-2021-00020-1-1,
intravenous,,,authorised,TGA,approved,23.07.2013,2013,"endocrine, nutritional, and metabolic diseases",not reported,auspar-amino-acids-131002.pdf,peptides and proteins,"periolimel n4-600e, olimel n5-860e, olimel n7-960, olimel n7-960e, olimel n9-840, olimel n9-840e","parenteral nutrition for adults when oral or enteral nutrition is impossible, insufficient or contraindicated.",no,"parenteral nutrition for adults and children above 2 years of age when oral or enteral nutrition is impossible, insufficient or contraindicated.",not reported,baxter healthcare pty ltd,baxter,"197416, 197417, 197418, 197419, 197420, 197421","amino acids, lipids and glucose",yes,no,emulsion,pm-2012-00805-3-1,
oral,,,authorised,TGA,approved,31.10.2013,2013,neoplasms; diseases of the nervous system,<malignant glioma>,auspar-aminolevulinic-acid-140303.pdf,small molecule,gliolan,"visualisation of malignant tissue during surgery for malignant gliomas that are glioblastoma multiforme (gbm) on preoperative imaging, and who are intended for resection of the tumour.",no,"visualisation of malignant tissue during surgery for malignant gliomas that are glioblastoma multiforme (gbm), and intended for gross macroscopic resection of all visible tumour.",<glioblastoma>,specialised therapeutics australia pty ltd,specialised therapeutics,202549,aminolevulinic acid hcl,no,yes,powder,pm-2012-03095-1-2,na
subcutaneous,31.10.2023,2023,authorised,TGA,approved,18.06.2024,2024,"endocrine, nutritional, and metabolic diseases; diseases of the nervous system",<transthyretin amyloidosis>,auspar-amvuttra-240912.pdf,small molecule,amvuttra,treatment of hereditary transthyretin-mediated amyloidosis (hattr amyloidosis) in adult patients with stage 1 or stage 2 polyneuropathy,no,treatment of hereditary transthyretin-mediated amyloidosis (hattr amyloidosis) in adult patients with stage 1 or stage 2 polyneuropathy,<transthyretin amyloidosis>,medison pharma australia pty ltd,medison,422290,vutrisiran,no,yes,solution,pm-2023-04200-1-1,na
oral,,,na,TGA,rejected,12.02.2011,2011,diseases of the blood and blood-forming organs,not reported,auspar-anagrelide-hydrochloride-120507.pdf,small molecule,thromboreductin,na,no,treatment of essential thrombocythaemia in patients with high or intermediate risk of thrombosis or bleeding,"<thrombocythemia, essential>",orphan australia pty ltd,orphan,,anagrelide hydrochloride,no,yes,capsule,,na
subcutaneous,,,authorised,TGA,approved,13.03.2015,2015,diseases of the musculoskeletal system and connective tissue,<systemic juvenile idiopathic arthritis>,auspar-anakinra-151030.pdf,biologics,kineret,for the treatment of active systemic juvenile idiopathic arthritis (sjia) in patients 2 years and above who have failed to respond adequately to non-biological dmards.,yes,for the treatment of active systemic juvenile idiopathic arthritis (sjia) in patients 2 years and above who have failed to respond adequately to non-biological dmards.,<systemic juvenile idiopathic arthritis>,a menarini australia pty ltd,menarini,82872,anakinra,yes,yes,solution,pm-2013-04579-1-3,
subcutaneous,02.01.2024,2024,authorised (under additional monitoring),TGA,approved,09.01.2025,2025,diseases of the blood and blood-forming organs,"<angioedema, hereditary>",auspar-andembry-250612.pdf,biologics,andembry,routine prevention of recurrent hereditary angioedema (hae) attacks in patients aged 12 years and older with c1-inh hae (c1-esterase inhibitor deficiency or dysfunction),no,routine prevention of recurrent hereditary angioedema (hae) attacks in patients aged 12 years and older with c1-inh hae (c1-esterase inhibitor deficiency or dysfunction),"<angioedema, hereditary>",csl behring (australia) pty ltd,csl behring,428253; 443611,garadacimab,no,yes,solution,pm-2023-05358-1-2,na
intravenous,31.05.2022,2022,authorised,TGA,approved,27.06.2023,2023,diseases of the blood and blood-forming organs,not reported,auspar-andexxa-231204.pdf,biologics,andexxa,for adult patients treated with a direct factor xa (fxa) inhibitor (apixaban or rivaroxaban) when reversal of anticoagulation is needed due to life-threatening or uncontrolled bleeding.,no,for adult patients treated with a direct factor xa (fxa) inhibitor (apixaban or rivaroxaban) when reversal of anticoagulation is needed due to life-threatening or uncontrolled bleeding.,not reported,astrazeneca pty ltd,astrazeneca,388713,andexanet alfa,no,no,powder,pm-2022-01981-1-3,na
oral,07.03.2018,2018,authorised (under additional monitoring),TGA,approved,04.07.2018,2018,neoplasms,<prostatic neoplasms>,auspar-apalutamide-190325.pdf,small molecule,erlyand / janssen apalutamide,"treatment of patients with non-metastatic, castration-resistant prostate cancer",no,"treatment of patients with non-metastatic, castration-resistant prostate cancer",<prostatic neoplasms>,janssen-cilag pty ltd,janssen-cilag,299792 and 299791,apalutamide,no,no,tablet,pm-2018-00489-1-4,na
oral,,,authorised,TGA,approved,29.04.2013,2013,diseases of the circulatory system,<stroke>,auspar-apixaban-130621.pdf,small molecule,eliquis,prevention of stroke and systemic embolism in patients with non-valvular atrial fibrillation and at least one additional risk factor for stroke.,yes,"reduce the risk of stroke, systemic embolism, and death in patients with non-valvular atrial fibrillation with at least one additional risk factor for stroke.",<stroke>,bristol-myers squibb australia pty ltd,bristol-myers squibb,172244 (2.5 mg) and 193474 (5 mg),apixaban,no,no,tablet,pm-2011-03165-3-3,na
oral,,,authorised,TGA,approved,15.05.2015,2015,diseases of the circulatory system,<thrombosis>; <pulmonary embolism>,auspar-apixaban-151111.pdf,small molecule,eliquis,treatment and prevention of deep vein thrombosis (dvt) and pulmonary embolism (pe),yes,treatment and prevention of deep vein thrombosis (dvt) and pulmonary embolism (pe),<thrombosis>; <pulmonary embolism>,bristol-myers squibb australia pty ltd,bristol-myers squibb,193474 (5 mg) and 172244 (2.5 mg),apixaban,no,no,tablet,pm-2014-00349-1-3,na
oral,,,authorised,TGA,approved,12.03.2015,2015,diseases of the musculoskeletal system and connective tissue; diseases of the skin,"<arthritis, psoriatic>; <psoriasis>",auspar-apremilast-151022.pdf,small molecule,otezla,the treatment of signs and symptoms of active psoriatic arthritis in adult patients; the treatment of adult patients with moderate to severe plaque psoriasis who are candidates for phototherapy or systemic therapy.,no,the treatment of signs and symptoms of active psoriatic arthritis in adult patients; the treatment of adult patients with moderate to severe plaque psoriasis who are candidates for phototherapy or systemic therapy.,<psoriatic arthritis>; <psoriasis>,celgene pty ltd,celgene,220423,apremilast,no,no,tablet,pm-2013-04920-1-3,na
oral,,,authorised,TGA,approved,25.05.2012,2012,neoplasms,<neoplasms>,auspar-aprepitant-121112.pdf,small molecule,emend,"prevention of acute and delayed nausea and vomiting associated with highly and moderately emetogenic cancer chemotherapy, and prevention of postoperative nausea and vomiting.",yes,"prevention of acute and delayed nausea and vomiting associated with highly and moderately emetogenic cancer chemotherapy, and prevention of postoperative nausea and vomiting.",<neoplasms>,merck sharp & dohme (australia) pty limited,merck sharp & dohme,182320,aprepitant,yes,no,capsule,pm-2011-00237-3-4,
oral; intramuscular,15.10.2021,2021,authorised (under additional monitoring),TGA,approved,08.08.2022,2022,infectious and parasitic diseases,<human immunodeficiency virus>,auspar-apretude-221123.pdf,small molecule,apretude,pre-exposure prophylaxis (prep) to reduce the risk of sexually acquired hiv-1 infection in at-risk adults and adolescents (at least 12 years of age) and weighing at least 35 kg.,yes,pre-exposure prophylaxis (prep) to reduce the risk of sexually acquired hiv-1 infection in at-risk individuals weighing at least 35 kg.,<human immunodeficiency virus>,viiv healthcare pty ltd,viiv,377442 and 377474,cabotegravir,yes,no,tablet; suspension,pm-2021-04853-1-2,
oral,01.08.2022,2022,authorised,TGA,approved,14.11.2023,2023,diseases of the nervous system,<migraine disorders>,auspar-aquipta-240620.pdf,small molecule,aquipta,prophylaxis of migraine in adults who have at least four migraine days per month,no,prophylaxis of migraine in adults who have at least four migraine days per month,<migraine disorders>,abbvie pty ltd,abbvie,"291361, 421965, 391362",atogepant,no,no,tablet,pm-2022-02486-1-1,na
subcutaneous,31.08.2021,2021,authorised,TGA,approved,23.08.2022,2022,diseases of the musculoskeletal system and connective tissue; diseases of the skin; diseases of the digestive system; diseases of the eye and adnexa,"<rheumatoid arthritis>; <arthritis, juvenile>; <arthritis, psoriatic>; <spondylitis, ankylosing>; <crohn disease>; <colitis, ulcerative>; <psoriasis>; <hidradenitis suppurativa>; <uveitis>",auspar-ardalicip-ciptunec-230427_0.pdf,biologics,ardalicip/ciptunec,rheumatoid arthritis; juvenile idiopathic arthritis; enthesitis-related arthritis; psoriatic arthritis; ankylosing spondylitis; crohn’s disease; ulcerative colitis; psoriasis; hidradenitis suppurativa; uveitis,no,rheumatoid arthritis; juvenile idiopathic arthritis; enthesitis-related arthritis; psoriatic arthritis; ankylosing spondylitis; crohn’s disease; ulcerative colitis; psoriasis; hidradenitis suppurativa; uveitis,"<rheumatoid arthritis>; <arthritis, juvenile>; <arthritis, psoriatic>; <spondylitis, ankylosing>; <crohn disease>; <colitis, ulcerative>; <psoriasis>; <hidradenitis suppurativa>; <uveitis>",cipla australia pty ltd,cipla,"373065, 374373, 374374, 374375, 374376, 374377",adalimumab,yes,no,solution,pm-2021-02447-1-3,
intramuscular,,,authorised,TGA,approved,01.02.2011,2011,infectious and parasitic diseases,<influenza>,auspar-arepanrix.pdf,vaccine,arepanrix h5n1,prophylaxis of influenza in an officially declared pandemic situation,no,prophylaxis of influenza in an officially declared pandemic situation,<influenza>,gsk australia pty ltd,gsk,166254,pandemic influenza vaccine,no,no,suspension,pm-2009-03131-3-2,na
intramuscular,31.01.2023,2023,authorised,TGA,approved,08.01.2024,2024,infectious and parasitic diseases; diseases of the respiratory system,<respiratory tract diseases>,auspar-arexvy-240503.pdf,vaccine,arexvy,active immunisation of individuals 60 years and older for the prevention of lower respiratory tract disease caused by rsv.,no,active immunisation for the prevention of lower respiratory tract disease (lrtd) caused by respiratory syncytial virus rsv-a and rsv-b subtypes in adults 60 years of age and older.,<respiratory tract diseases>,glaxosmithkline australia pty ltd,glaxosmithkline,400657,recombinant respiratory syncytial virus pre-fusion f protein,no,no,powder; suspension,pm-2022-05281-1-2,na
intramuscular,,,authorised,TGA,approved,22.07.2014,2014,mental and behavioural disorders,<schizophrenia>,auspar-aripiprazole-monohyrate-141125.pdf,small molecule,abilify maintena,for maintenance of clinical improvement in the treatment of schizophrenia,no,for the treatment of schizophrenia,<schizophrenia>,lundbeck (australia) pty ltd,lundbeck,211122; 211150,aripiprazole monohydrate,no,no,lyophilisate; solvent,pm-2013-01100-1-1,na
oral,,,authorised,TGA,approved,24.11.2015,2015,diseases of the nervous system; diseases of the respiratory system,<narcolepsy>; <shift work sleep disorder>; <obstructive sleep apnea hypopnea syndrome>,auspar-armodafinil-160526.pdf,small molecule,nuvigil,to improve wakefulness in patients with excessive daytime sleepiness associated with narcolepsy; to treat excessive sleepiness associated with moderate to severe chronic shift work sleep disorder where nonpharmacological interventions are unsuccessful or inappropriate; as an adjunct to continuous positive airways pressure (cpap) in obstructive sleep apnoea/hypopnoea syndrome in order to improve wakefulness.,no,to improve wakefulness in patients with excessive daytime sleepiness associated with narcolepsy; to treat excessive sleepiness associated with moderate to severe chronic shift work sleep disorder where nonpharmacological interventions are unsuccessful or inappropriate; as an adjunct to continuous positive airways pressure (cpap) in obstructive sleep apnoea/hypopnoea syndrome in order to improve wakefulness.,<narcolepsy>; <shift work sleep disorder>; <obstructive sleep apnea hypopnea syndrome>,teva pharmaceuticals australia pty ltd,teva,"226557, 226558, 226559, 226560, 226561",armodafinil,no,no,tablet,pm-2014-01922-1-1,na
intravenous,24.06.2014,2014,authorised,TGA,approved,24.08.2015,2015,neoplasms; diseases of the blood and blood-forming organs,"<leukemia, promyelocytic, acute>",auspar-arsenic-trioxide-151216.pdf,small molecule,phenasen,"for the induction of remission and consolidation in patients with acute promyelocytic leukaemia (apl) who are refractory to, or have relapsed from, retinoid and anthracycline chemotherapy, and whose apl is characterised by the presence of the t(15:17) translocation or pml/rar-alpha gene expression.",yes,"for the induction of remission and consolidation in patients with previously untreated acute promyelocytic leukaemia (apl), in combination with all-trans retinoic acid (atra) and/or chemotherapy and whose apl is characterised by the presence of the t(15:17) translocation or pml/rar-alpha gene expression.","<leukemia, promyelocytic, acute>",phebra pty ltd,phebra,152760,arsenic trioxide,yes,yes,concentrate,pm-2014-02385-1-4,
sublingual,31.03.2017,2017,na,TGA,refused,14.05.2019,2019,infectious and parasitic diseases,not reported,auspar-artemether-191204.pdf,small molecule,artimist 6,na,yes,for the initial treatment of children with severe falciparum malaria weighing between 5 and 15 kg; for the initial treatment of children with falciparum malaria who cannot take (or reliably take) oral medication due to gastrointestinal complications such as vomiting or diarrhoea.,"<malaria, falciparum>",suda pharmaceuticals ltd,suda,,artemether,yes,no,solution,pm-2016-04637-1-2,
topical,,,authorised,TGA,approved,03.08.2010,2010,diseases of the skin,<burns>,auspar-artiss.pdf,biologics,artiss,artiss is indicated to adhere autologous skin grafts in burns patients. artiss is not indicated for haemostasis.,no,"artiss is indicated as a tissue glue to adhere/seal subcutaneous tissue in plastic, reconstructive and burn surgery.",not reported,baxter healthcare pty ltd,baxter,163515,fibrin sealant,no,no,solution,pm-2009-01572-3-4,na
intravenous,,,authorised,TGA,approved,15.12.2010,2010,neoplasms; diseases of the blood and blood-forming organs,<b-cell chronic lymphocytic leukemia>,auspar-arzerra.pdf,biologics,arzerra,treatment of patients with b-cell chronic lymphocytic leukaemia (cll) refractory to fludarabine and alemtuzumab,no,treatment of patients with b-cell chronic lymphocytic leukaemia (cll) refractory to fludarabine and alemtuzumab,<b-cell chronic lymphocytic leukemia>,glaxosmithkline australia pty ltd,glaxosmithkline,163702,ofatumumab,no,no,solution,pm-2009-02159-3-4,na
subcutaneous,,,authorised,TGA,approved,12.01.2016,2016,"endocrine, nutritional, and metabolic diseases; diseases of the musculoskeletal system and connective tissue",<hypophosphatasia>,auspar-asfotase-alfa-rch-160701.pdf,biologics,strensiq,enzyme replacement therapy in patients with paediatric onset hypophosphatasia,no,long term enzyme replacement therapy in patients with paediatric onset hypophosphatasia,<hypophosphatasia>,alexion pharmaceuticals australia pty ltd,alexion,"232545, 232546, 266984, 266985, 266986",asfotase alfa,no,yes,solution,pm-2014-03845-1-3,na
oral,,,withdrawn,TGA,withdrawn,18.04.2012,2012,diseases of the circulatory system; diseases of the digestive system,not reported,auspar-aspirin-120809.pdf,small molecule,axanum,na,no,for patients who require aspirin for the prevention of cardiovascular disease (cvd) in combination with esomeprazole for the prevention of ulcers associated with aspirin use.,<cardiovascular diseases>,astrazeneca pty ltd,astrazeneca,,aspirin + esomeprazole,yes,no,capsule,pm-2010-03829-3-3,
oral,,,authorised,TGA,approved,21.05.2015,2015,infectious and parasitic diseases,<chronic hepatitis c>; <liver diseases>; <cirrhosis>,auspar-asunaprevir-151214.pdf,small molecule,sunvepra,treatment of chronic hepatitis c virus (hcv) infection in adults with compensated liver disease (including cirrhosis),no,treatment of chronic hepatitis c virus (hcv) infection in adults with compensated liver disease (including cirrhosis),<chronic hepatitis c>; <liver diseases>; <liver cirrhosis>,bristol-myers squibb australia pty ltd,bristol-myers squibb,222744,asunaprevir,no,no,capsule,pm-2014-00648-1-2,na
intravenous,29.07.2016,2016,authorised,TGA,approved,26.07.2017,2017,neoplasms; diseases of the respiratory system; diseases of the genitourinary system,<lung neoplasms>,auspar-atezolizumab-180903.pdf,biologics,tecentriq,treatment of patients with locally advanced or metastatic non-small cell lung cancer (nsclc) with progression on or after prior chemotherapy.,no,treatment of patients with locally advanced or metastatic non-small cell lung cancer (nsclc) after prior chemotherapy and treatment of patients with locally advanced or metastatic urothelial carcinoma after prior chemotherapy.,<non-small cell lung carcinoma>; <urothelial carcinoma>,roche products pty ltd,roche,277120,atezolizumab,no,no,concentrate,pm-2016-02087-1-4,na
intravenous,01.04.2019,2019,authorised,TGA,approved,13.02.2020,2020,neoplasms; diseases of the respiratory system,<non-small cell lung carcinoma>,auspar-atezolizumab-200604.pdf,biologics,tecentriq,first line treatment of patients with metastatic non-squamous nsclc who do not have tumour egfr or alk genomic aberrations,yes,first line treatment of patients with metastatic non-squamous nsclc who do not have tumour egfr or alk genomic aberrations,<non-small cell lung carcinoma>,roche products pty ltd,roche,277120 and 310681,atezolizumab,yes,no,concentrate,pm-2019-00505-1-4,
oral,,,authorised,TGA,approved,10.11.2015,2015,diseases of the genitourinary system,<impotence>,auspar-avanafil-161027.pdf,small molecule,spedra,treatment of erectile dysfunction in adult males.,no,treatment of erectile dysfunction in men.,<impotence>,a.menarini australia pty ltd,menarini,"228476, 228475, 228474",avanafil,no,no,tablet,pm-2014-02782-1-3,na
intravenous,03.01.2017,2017,authorised (under additional monitoring),TGA,approved,02.01.2018,2018,neoplasms; diseases of the skin,<merkel cell carcinoma>,auspar-avelumab-190122.pdf,biologics,bavencio,treatment of adults and paediatric patients 12 years and older with metastatic merkel cell carcinoma (mmcc),no,treatment of patients with metastatic merkel cell carcinoma (mmcc) whose disease has progressed after receiving at least one prior therapy,<merkel cell carcinoma>,merck serono australia pty ltd,merck,282729,avelumab,no,yes,concentrate,pm-2016-03575-1-4,na
oral,,,authorised,TGA,approved,22.09.2010,2010,neoplasms; diseases of the genitourinary system,<prostatic hyperplasia>,auspar-avodart.pdf,small molecule,avodart,use as monotherapy for the management of symptomatic benign prostatic hyperplasia (bph) or as combination therapy with an alpha blocker.,yes,treatment of symptomatic benign prostatic hyperplasia (bph) in men with an enlarged prostate.,<prostatic hyperplasia>,glaxosmithkline australia pty ltd,glaxosmithkline,90434,dutasteride,yes,no,capsule,pm-2009-02236-3-3,european medicines agency (ema)
oral,,,authorised,TGA,approved,19.07.2012,2012,neoplasms; diseases of the genitourinary system,<renal cell carcinoma>,auspar-axitinib-130212.pdf,small molecule,inlyta,for the treatment of patients with advanced renal cell carcinoma after failure of one prior systemic therapy,no,for the treatment of patients with advanced renal cell carcinoma,<renal cell carcinoma>,pfizer australia pty ltd,pfizer,"184856, 184857, 184858, 184859",axitinib,no,yes,tablet,pm-2011-00876-3-4,na
intravenous,,,authorised,TGA,approved,11.04.2013,2013,neoplasms; diseases of the blood and blood-forming organs,"<myelodysplastic syndromes>; <leukemia, myelomonocytic, chronic>; <leukemia, myeloid, acute>",auspar-azacitidine-130820.pdf,small molecule,vidaza,intermediate-2 and high-risk myelodysplastic syndromes (mds); chronic myelomonocytic leukemia (cmmol); acute myeloid leukemia (aml) with 20-30% blasts and multi-lineage dysplasia,yes,intermediate-2 and high-risk myelodysplastic syndromes (mds); chronic myelomonocytic leukemia (cmmol); acute myeloid leukemia (aml) with 20-30% blasts and multi-lineage dysplasia,"<myelodysplastic syndromes>; <leukemia, myelomonocytic, chronic>; <leukemia, myeloid, acute>",celgene pty ltd,celgene,153080,azacitidine,yes,yes,powder,pm-2012-00341-3-4,
oral,,,authorised,TGA,approved,12.09.2011,2011,diseases of the nervous system,<parkinson disease>,auspar-azilect.pdf,small molecule,azilect,symptomatic treatment of idiopathic parkinson’s disease (pd) as monotherapy or as adjunct therapy.,no,symptomatic treatment of idiopathic parkinson’s disease (pd) as monotherapy or as adjunct therapy.,<parkinson disease>,lundbeck australia pty ltd,lundbeck,"aust r 170172 (blister pack), aust r 172457 (bottle)",rasagiline,no,no,tablet,pm-2010-00798-3-1,na
oral,31.05.2019,2019,authorised (under additional monitoring),TGA,approved,21.02.2020,2020,infectious and parasitic diseases; diseases of the respiratory system,<influenza>,auspar-baloxavir-marboxil-200604.pdf,small molecule,xofluza,treatment of uncomplicated influenza in patients aged 12 years and older who have been symptomatic for no more than 48 hours and who are otherwise healthy or at high risk of developing influenza complications.,no,treatment of uncomplicated influenza in patients aged 12 years and older who have been symptomatic for no more than 48 hours and who are otherwise healthy or at high risk of developing influenza complications.,<influenza>,roche products pty limited,roche,"317240, 317241",baloxavir marboxil,no,no,tablet,pm-2019-01386-1-2,na
oral,01.08.2016,2016,authorised (under additional monitoring),TGA,approved,19.01.2018,2018,diseases of the musculoskeletal system and connective tissue,<rheumatoid arthritis>,auspar-baricitinib-190321.pdf,small molecule,olumiant,"treatment of moderate to severe active rheumatoid arthritis in adult patients who have responded inadequately, or who are intolerant, to one or more dmards.",no,treatment of moderate to severe active rheumatoid arthritis in adult patients.,<rheumatoid arthritis>,eli lilly australia pty ltd,eli lilly,277905,baricitinib,no,no,tablet,pm-2016-01468-1-3,na
oral,02.01.2020,2020,authorised (under additional monitoring),TGA,approved,11.02.2021,2021,diseases of the skin,"<dermatitis, atopic>",auspar-baricitinib-210505.pdf,small molecule,olumiant,treatment of moderate to severe atopic dermatitis in adult patients who are candidates for systemic therapy.,yes,treatment of moderate to severe atopic dermatitis in adult patients who are candidates for systemic therapy.,"<dermatitis, atopic>",eli lilly australia pty ltd,eli lilly,"227905, 277917",baricitinib,no,no,tablet,pm-2019-05319-1-1,na
inhalation,31.10.2018,2018,authorised,TGA,approved,20.01.2020,2020,diseases of the respiratory system,"<asthma>; <pulmonary disease, chronic obstructive>",auspar-beclometasone-dipropionate-formoterol-eformoterol-fumarate-dihydrate-200707.pdf,small molecule,fostair,asthma and copd,no,asthma and copd,"<asthma>; <pulmonary disease, chronic obstructive>",chiesi australia pty ltd,chiesi,310360,beclometasone dipropionate/formoterol fumarate dihydrate,no,no,solution,pm-2018-03998-1-5,na
inhalation,10.05.2019,2019,authorised,TGA,approved,18.06.2020,2020,diseases of the respiratory system,<chronic obstructive pulmonary disease>,auspar-beclometasone-dipropionate-formoterol-fumarate-glycopyrronium-bromide-201102.pdf,small molecule,trimbow,maintenance treatment in adult patients with moderate to severe chronic obstructive pulmonary disease (copd) who are not adequately treated by a combination of an inhaled corticosteroid (ics) and a long-acting beta2-agonist (laba) or a combination of a laba and a long-acting muscarinic antagonist (lama),no,maintenance treatment in adult patients with moderate to severe chronic obstructive pulmonary disease (copd) who are not adequately treated by a combination of an inhaled corticosteroid (ics) and a long-acting beta2-agonist (laba) or a combination of a laba and a long-acting muscarinic antagonist (lama),<chronic obstructive pulmonary disease>,emerge health pty ltd,emerge,314166,beclometasone dipropionate / formoterol fumarate dihydrate / glycopyrronium bromide,no,no,solution,pm-2019-00405-1-5,na
intravenous,,,authorised,TGA,approved,27.02.2012,2012,diseases of the genitourinary system,<rejection (psychology)>,auspar-belatacept-120730.pdf,biologics,nulojix,prophylaxis of organ rejection in adults receiving a renal transplant.,no,prophylaxis of graft rejection and preservation of renal function in adults receiving a renal transplant.,<rejection (psychology)>,bristol-myers squibb australia pty ltd,bristol-myers squibb,aust r 179687,belatacept,no,no,powder,pm-2010-03075-3-2,na
intravenous,17.02.2012,2012,authorised,TGA,approved,06.07.2012,2012,diseases of the musculoskeletal system and connective tissue,<systemic lupus erythematosus>,auspar-belimumab-121031.pdf,biologics,benlysta,"add-on therapy for reducing disease activity in adult patients with active, autoantibody-positive systemic lupus erythematosus (sle) with a high degree of disease activity despite standard therapy",no,"reducing disease activity in adult patients with active, autoantibody-positive systemic lupus erythematosus (sle) who are receiving standard therapy",<systemic lupus erythematosus>,glaxosmithkline australia,glaxosmithkline,173078 and 173077,belimumab,yes,no,lyophilisate,pm-2010-01980-3-2,
oral,18.11.2020,2020,authorised (under additional monitoring),TGA,approved,11.11.2021,2021,diseases of the blood and blood-forming organs,<chronic graft vs host disease>,auspar-belumosudil-220505.pdf,small molecule,rholistiq,rholistiq is indicated for the treatment of patients with chronic graft-versus-host disease (chronic gvhd) aged 12 years and older who have an inadequate response to corticosteroids.,no,the treatment of patients 12 years and older with chronic graft-versus-host disease (cgvhd) after failure of at least one prior line of systemic therapy.,<chronic graft vs host disease>,kadmon oceania pty ltd,kadmon,346583,belumosudil,no,yes,tablet,pm-2020-05433-1-6,na
intravenous,,,authorised,TGA,approved,26.06.2014,2014,neoplasms; diseases of the blood and blood-forming organs,"<leukemia, lymphocytic, chronic, b-cell>; <non-hodgkin lymphoma>; <lymphoma, mantle-cell>",auspar-bendamustine-150106.pdf,small molecule,ribomustin,"first-line treatment of chronic lymphocytic leukaemia (binet stage b or c); previously untreated indolent cd20-positive, stage iii-iv non-hodgkin's lymphoma, in combination with rituximab; previously untreated cd20-positive, stage i/ii-iv mantle cell lymphoma in combination with rituximab, in patients ineligible for autologous stem cell transplantation; relapsed/refractory indolent non-hodgkin's lymphoma.",no,"first-line treatment of chronic lymphocytic leukaemia (binet stage b or c); previously untreated indolent cd20-positive, stage iii-iv non-hodgkin's lymphoma, in combination with rituximab; previously untreated cd20-positive, stage i/ii-iv mantle cell lymphoma in combination with rituximab, in patients ineligible for autologous stem cell transplantation; relapsed/refractory indolent non-hodgkin's lymphoma.","<leukemia, lymphocytic, chronic, b-cell>; <lymphoma, non-hodgkin>; <lymphoma, mantle-cell>",janssen-cilag pty ltd,janssen-cilag,211684 and 211685,bendamustine hydrochloride,yes,no,powder,pm-2013-01517-1-4,
subcutaneous,31.03.2017,2017,authorised (under additional monitoring),TGA,approved,29.03.2018,2018,diseases of the respiratory system,<asthma>,auspar-benralizumab-190221.pdf,biologics,fasenra,add-on therapy in patients aged 12 years and over with severe eosinophilic asthma.,no,add-on maintenance treatment for severe asthma in patients with an eosinophilic phenotype.,<asthma>,astrazeneca pty ltd,astrazeneca,286718,benralizumab,no,no,solution,pm-2016-04636-1-5,na
intravenous,,,authorised,TGA,approved,14.01.2010,2010,diseases of the blood and blood-forming organs,"<angioedemas, hereditary>",auspar-berinert.pdf,biologics,berinert,for the treatment of acute attacks in patients with hereditary angioedema (hae),no,for the treatment of acute attacks in patients with hereditary angioedema (hae),"<angioedema, hereditary>","csl limited, bioplasma division",csl,,human c1 esterase inhibitor,no,yes,powder,pm-2008-03232-3-2,na
intravenous,,,authorised,TGA,approved,15.01.2010,2010,diseases of the blood and blood-forming organs,<coagulation protein disorders>,auspar-beriplex.pdf,biologics,beriplex p/n,"treatment and perioperative prophylaxis of bleedings in acquired deficiency of the prothrombin complex coagulation factors, such as deficiency caused by treatment with vitamin k antagonists, or in case of overdose of vitamin k antagonists, when rapid correction of the deficiency is required.",no,"treatment and perioperative prophylaxis of bleedings in acquired deficiency of the prothrombin complex coagulation factors, such as deficiency caused by treatment with vitamin k antagonists, or in case of overdose of vitamin k antagonists, when rapid correction of the deficiency is required.",<coagulation protein disorders>,csl ltd bioplasma division,csl,,human prothrombin complex,yes,no,solution,pm-2008-2935-4,
ocular,,,authorised,TGA,approved,29.10.2013,2013,diseases of the eye and adnexa; infectious and parasitic diseases,"<conjunctivitis, bacterial>",auspar-besifloxacin-hydrochloride-140203.pdf,small molecule,besivance,"treatment of severe, confirmed bacterial conjunctivitis caused by besifloxacin sensitive bacteria",no,treatment of bacterial conjunctivitis caused by susceptible isolates of specific bacteria,<bacterial conjunctivitis>,bausch & lomb (australia) pty ltd,bausch & lomb,201509,besifloxacin hydrochloride,no,no,suspension,pm-2012-02740-3-2,na
intravenous,,,authorised,TGA,approved,10.02.2010,2010,neoplasms; diseases of the nervous system,<glioma>,auspar-bevacizumab-091214-01.pdf,biologics,avastin,"as a single agent, for the treatment of patients with grade iv glioma after relapse or disease progression after standard therapy, including chemotherapy",yes,relapsed high grade malignant glioma: avastin as a single agent or in combination with irinotecan is indicated for the treatment of patients with high grade relapsed malignant glioma.,<malignant glioma>,roche products pty ltd,roche,,bevacizumab,yes,yes,solution,pm-2009-00399-4-3,
intravenous,,,authorised,TGA,approved,24.08.2012,2012,neoplasms,<ovarian neoplasms>; <fallopian tube neoplasms>; <peritoneal neoplasms>,auspar-bevacizumab-130307.pdf,biologics,avastin,"treatment of patients with recurrent, platinum-sensitive, epithelial ovarian, fallopian tube, or primary peritoneal cancer who have not received prior bevacizumab or other vegf-targeted angiogenesis inhibitors.",yes,"treatment of patients with recurrent, platinum-sensitive, epithelial ovarian, fallopian tube, or primary peritoneal cancer.",<ovarian neoplasms>; <fallopian tube neoplasms>; <peritoneal neoplasms>,roche products pty ltd,roche,"99755, 99757",bevacizumab,yes,no,injection,pm-2011-02308-3-4,
intravenous,,,na,TGA,rejected,17.09.2014,2014,neoplasms; diseases of the nervous system,not reported,auspar-bevacizumab-141103.pdf,biologics,avastin,na,yes,treatment of adult patients with newly diagnosed glioblastoma in combination with radiotherapy and temozolomide.,<glioblastoma>,roche products pty ltd,roche,,bevacizumab,yes,yes,solution,pm-2013-00709-1-4,
intravenous,,,authorised,TGA,approved,19.11.2014,2014,neoplasms; diseases of the genitourinary system,<ovarian neoplasms>; <fallopian tube neoplasms>; <peritoneal neoplasms>,auspar-bevacizumab-150311.pdf,biologics,avastin,"treatment of patients with recurrent, platinum-resistant epithelial ovarian, fallopian tube, or primary peritoneal cancer who received no more than two prior chemotherapy regimens.",yes,"treatment of patients with recurrent, platinum-resistant epithelial ovarian, fallopian tube, or primary peritoneal cancer who received no more than two prior chemotherapy regimens.",<ovarian neoplasms>; <fallopian tube neoplasms>; <peritoneal neoplasms>,roche products pty ltd,roche,99755 and 99757,bevacizumab,yes,no,solution,pm-2013-03227-1-4,
intravenous,31.10.2018,2018,authorised,TGA,approved,28.10.2019,2019,neoplasms; diseases of the respiratory system; diseases of the genitourinary system,<colorectal neoplasms>; <breast neoplasms>; <non-small cell lung carcinoma>; <renal cell carcinoma>; <glioma>; <ovarian neoplasms>; <fallopian tube neoplasms>; <peritoneal neoplasms>; <cervical neoplasms>,auspar-bevacizumab-200226.pdf,biologics,zirabev,"metastatic colorectal cancer; locally recurrent or metastatic breast cancer; advanced, metastatic or recurrent non-squamous non-small cell lung cancer; advanced and/or metastatic renal cell cancer; grade iv glioma; epithelial ovarian, fallopian tube or primary peritoneal cancer; recurrent epithelial ovarian, fallopian tube or primary peritoneal cancer; cervical cancer",no,"metastatic colorectal cancer; locally recurrent or metastatic breast cancer; advanced, metastatic or recurrent non-squamous non-small cell lung cancer; advanced and/or metastatic renal cell cancer; grade iv glioma; epithelial ovarian, fallopian tube or primary peritoneal cancer; recurrent epithelial ovarian, fallopian tube or primary peritoneal cancer; cervical cancer",<colorectal neoplasms>; <breast neoplasms>; <non-small cell lung carcinoma>; <renal cell carcinoma>; <glioma>; <ovarian neoplasms>; <fallopian tube neoplasms>; <peritoneal neoplasms>; <cervical neoplasms>,pfizer australia pty ltd,pfizer,309320 and 309321,bevacizumab,no,no,solution,pm-2018-03842-1-4,na
intravenous,01.02.2018,2018,authorised,TGA,approved,16.01.2019,2019,neoplasms; diseases of the respiratory system; diseases of the genitourinary system,<colorectal neoplasms>; <breast neoplasms>; <non-small cell lung carcinoma>; <renal cell carcinoma>; <glioma>; <ovarian neoplasms>; <fallopian tube neoplasms>; <peritoneal neoplasms>; <cervical neoplasms>,auspar-bevacizumab-201123.pdf,biologics,mvasi,"metastatic colorectal cancer; locally recurrent or metastatic breast cancer; advanced, metastatic or recurrent non-squamous non-small cell lung cancer; advanced and/or metastatic renal cell cancer; grade iv glioma; epithelial ovarian, fallopian tube or primary peritoneal cancer; recurrent epithelial ovarian, fallopian tube or primary peritoneal cancer; cervical cancer",no,"metastatic colorectal cancer; locally recurrent or metastatic breast cancer; advanced, metastatic or recurrent non-squamous non-small cell lung cancer; advanced and/or metastatic renal cell cancer; grade iv glioma; epithelial ovarian, fallopian tube or primary peritoneal cancer; recurrent epithelial ovarian, fallopian tube or primary peritoneal cancer; cervical cancer",<colorectal neoplasms>; <breast neoplasms>; <non-small cell lung carcinoma>; <renal cell carcinoma>; <glioma>; <ovarian neoplasms>; <fallopian tube neoplasms>; <peritoneal neoplasms>; <cervical neoplasms>,amgen australia pty ltd,amgen,"297455, 297456",bevacizumab,no,no,concentrate,pm-2017-04616-1-4,na
intravenous,02.06.2020,2020,authorised,TGA,approved,10.05.2021,2021,neoplasms; diseases of the respiratory system; diseases of the genitourinary system,<colorectal neoplasms>; <breast neoplasms>; <non-small cell lung carcinoma>; <renal cell carcinoma>; <glioma>; <ovarian neoplasms>; <fallopian tube neoplasms>; <peritoneal neoplasms>; <cervical neoplasms>,auspar-bevacizumab-220202.pdf,biologics,abevmy,"metastatic colorectal cancer; locally recurrent or metastatic breast cancer; advanced, metastatic or recurrent non-squamous non-small cell lung cancer; advanced and/or metastatic renal cell cancer; grade iv glioma; epithelial ovarian, fallopian tube or primary peritoneal cancer; recurrent epithelial ovarian, fallopian tube or primary peritoneal cancer; cervical cancer",no,"metastatic colorectal cancer; locally recurrent or metastatic breast cancer; advanced, metastatic or recurrent non-squamous non-small cell lung cancer; advanced and/or metastatic renal cell cancer; grade iv glioma; epithelial ovarian, fallopian tube or primary peritoneal cancer; recurrent epithelial ovarian, fallopian tube or primary peritoneal cancer; cervical cancer",<colorectal neoplasms>; <breast neoplasms>; <non-small cell lung carcinoma>; <renal cell carcinoma>; <glioma>; <ovarian neoplasms>; <fallopian tube neoplasms>; <peritoneal neoplasms>; <cervical neoplasms>,alphapharm pty ltd,alphapharm,334814 and 334816,bevacizumab,no,no,tablet,pm-2020-01736-1-4,na
intravenous,30.11.2020,2020,authorised,TGA,approved,13.10.2021,2021,neoplasms,<colorectal neoplasms>; <breast neoplasms>; <non-small-cell lung carcinoma>; <renal cell carcinoma>; <glioma>; <ovarian neoplasms>; <fallopian tube neoplasms>; <peritoneal neoplasms>; <cervical neoplasms>,auspar-bevacizumab-220519.pdf,biologics,bevacip/bevaciptin,"metastatic colorectal cancer; locally recurrent or metastatic breast cancer; advanced, metastatic or recurrent non-squamous non-small cell lung cancer (nsclc); advanced and/or metastatic renal cell cancer; grade iv glioma; epithelial ovarian, fallopian tube or primary peritoneal cancer; recurrent epithelial ovarian, fallopian tube or primary peritoneal cancer; cervical cancer",no,"metastatic colorectal cancer; locally recurrent or metastatic breast cancer; advanced, metastatic or recurrent non-squamous non-small cell lung cancer (nsclc); advanced and/or metastatic renal cell cancer; grade iv glioma; epithelial ovarian, fallopian tube or primary peritoneal cancer; recurrent epithelial ovarian, fallopian tube or primary peritoneal cancer; cervical cancer",<colorectal neoplasms>; <breast neoplasms>; <non-small-cell lung carcinoma>; <renal cell carcinoma>; <glioma>; <ovarian neoplasms>; <fallopian tube neoplasms>; <peritoneal neoplasms>; <cervical neoplasms>,cipla australia pty ltd,cipla,"347290, 347291, 347292 and 347293",bevacizumab,no,no,solution,pm-2020-05373-1-4,na
intravenous,,,authorised,TGA,approved,21.10.2013,2013,neoplasms; diseases of the digestive system,<colorectal neoplasms>,auspar-bevacizumab-injection-140331.pdf,biologics,avastin,treatment of patients with metastatic colorectal cancer in combination with fluoropyrimidine-based chemotherapy,no,second line treatment of metastatic colorectal cancer,<colorectal neoplasms>,roche products pty ltd,roche,99755 and 99757,bevacizumab,yes,no,solution,pm-2012-02716-3-4,
intravenous,,,authorised,TGA,approved,16.07.2015,2015,neoplasms,<carcinoma of the cervix>,auspar-bevacizumab-rch-170510.pdf,biologics,avastin,"in combination with paclitaxel and cisplatin is indicated for the treatment of persistent, recurrent or metastatic carcinoma of the cervix. in combination with paclitaxel and topotecan is an acceptable alternative where cisplatin is not tolerated or not indicated.",yes,"treatment of persistent, recurrent or stage iv carcinoma of the cervix","<carcinoma, cervical>",roche products pty ltd,roche,99756 and 99757,bevacizumab,yes,yes,concentrate,pm-2014-01871-1-4,
intramuscular,30.11.2022,2022,authorised (under additional monitoring),TGA,approved,22.11.2023,2023,infectious and parasitic diseases; diseases of the respiratory system,<respiratory syncytial virus infections>,auspar-beyfortus-240412.pdf,biologics,beyfortus,prevention of respiratory syncytial virus (rsv) lower respiratory tract disease in neonates and infants during their first rsv season and children up to 24 months of age who remain vulnerable to severe rsv disease through their second rsv season.,no,prevention of respiratory syncytial virus (rsv) lower respiratory tract disease in neonates and infants during their first rsv season and children up to 24 months of age who remain vulnerable to severe rsv disease through their second rsv season.,<respiratory syncytial virus infections>,sanofi-aventis australia pty ltd,sanofi-aventis,"397898, 397899",nirsevimab,yes,yes,solution,pm-2022-04428-1-2,
intravenous,30.11.2016,2016,authorised,TGA,approved,08.11.2017,2017,infectious and parasitic diseases,<clostridium infections>,auspar-bezlotoxumab-180924.pdf,biologics,zinplava,prevention of clostridium difficile infection recurrence in patients 18 years or older receiving antibiotic therapy for cdi.,no,prevention of clostridium difficile infection recurrence in patients 18 years or older receiving antibiotic therapy for cdi.,<clostridium infections>,merck sharp and dohme australia,merck sharp and dohme,281878,bezlotoxumab,no,no,concentrate,pm-2016-03738-1-2,na
oral,31.08.2017,2017,authorised (under additional monitoring),TGA,approved,10.07.2018,2018,infectious and parasitic diseases,<hiv infections>,auspar-bictegravir-emtricitabine-tenofovir-alafenamide-190801.pdf,small molecule,biktarvy,treatment of hiv-1 infection in adults who are antiretroviral therapy (art)-naïve or to replace the current antiretroviral regimen in those who are virologically-suppressed.,no,treatment of adults infected with hiv-1 without any known mutations associated with resistance to the individual components of biktarvy. treatment of chronic hepatitis b in adults co-infected with hiv-1 and hepatitis b.,"<hiv infections>; <hepatitis b, chronic>",gilead sciences,gilead,291923,bictegravir / emtricitabine / tenofovir alafenamide,yes,no,tablet,pm-2017-02454-1-2,
oral,14.05.2021,2021,authorised,TGA,approved,27.04.2022,2022,"endocrine, nutritional, and metabolic diseases",<estrogen deficiency>,auspar-bijuva-1-100-230217.pdf,peptides and proteins,bijuva 1/100,estrogen deficiency symptoms in postmenopausal women with an intact uterus and with at least 12 months since last menses.,no,estrogen deficiency symptoms in postmenopausal women with an intact uterus and with at least 12 months since last menses.,<estrogen deficiency>,theramex australia pty ltd,theramex,367690,estradiol hemihydrate and progesterone,yes,no,capsule,pm-2021-02236-1-5,
topical,,,withdrawn,TGA,approved,06.10.2015,2015,diseases of the eye and adnexa,<hypotrichosis>,auspar-bimatoprost-140718.pdf,small molecule,latisse,"for treatment of hypotrichosis of the eyelashes by increasing their growth, including length, thickness and darkness.",yes,"for treatment of hypotrichosis of the eyelashes by increasing their growth, including length, thickness and darkness.",<hypotrichosis>,allergan australia pty ltd,allergan,,bimatoprost,no,no,solution,pm-2012-02668-3-5,na
subcutaneous,01.03.2021,2021,authorised (under additional monitoring),TGA,approved,17.03.2022,2022,diseases of the skin,<plaque psoriasis>,auspar-bimzelx-230426.pdf,biologics,bimzelx,treatment of moderate to severe plaque psoriasis in adult patients who are candidates for systemic therapy or phototherapy.,no,treatment of moderate to severe plaque psoriasis in adult patients who are candidates for systemic therapy or phototherapy.,<plaque psoriasis>,ucb pharma,ucb,353268 and 353269,bimekizumab,no,no,solution,pm-2020-06299-1-1,na
intravenous,31.08.2016,2016,authorised,TGA,approved,19.07.2017,2017,neoplasms; diseases of the blood and blood-forming organs,<precursor b-cell lymphoblastic leukemia-lymphoma>,auspar-blinatumomab-180205.pdf,biologics,blincyto,treatment of philadelphia chromosome-negative relapsed or refractory b-cell precursor acute lymphoblastic leukaemia (all),yes,treatment of paediatric patients with philadelphia chromosome-negative relapsed or refractory b-cell precursor acute lymphoblastic leukaemia (all),<precursor b-cell lymphoblastic leukemia-lymphoma>,amgen australia pty ltd,amgen,232805,blinatumomab,yes,yes,powder,pm-2016-01898-1-4,
intravenous,02.02.2015,2015,authorised,TGA,approved,30.10.2015,2015,neoplasms; diseases of the blood and blood-forming organs,<precursor b-cell lymphoblastic leukemia-lymphoma>,auspar-blinatumomab-180207.pdf,biologics,blincyto,for the treatment of adults with philadelphia chromosome-negative relapsed or refractory b-precursor acute lymphoblastic leukaemia,no,for the treatment of adults with philadelphia chromosome-negative relapsed or refractory b-precursor acute lymphoblastic leukaemia,<precursor b-cell lymphoblastic leukemia-lymphoma>,amgen australia pty ltd,amgen,232805,blinatumomab,yes,yes,powder; solution,pm-2014-03864-1-4,
intravenous,31.05.2017,2017,authorised,TGA,approved,03.05.2018,2018,neoplasms; diseases of the blood and blood-forming organs,<precursor b-cell lymphoblastic leukemia-lymphoma>,auspar-blinatumomab-190930.pdf,biologics,blincyto,treatment of relapsed or refractory b-cell precursor acute lymphoblastic leukaemia (all) and minimal residual disease (mrd) positive b-cell precursor acute lymphoblastic leukaemia (all) in patients in complete haematological remission.,yes,treatment of relapsed or refractory b-cell precursor acute lymphoblastic leukaemia (all) and minimal residual disease (mrd) positive b-cell precursor acute lymphoblastic leukaemia (all) in patients in complete haematological remission.,<precursor b-cell lymphoblastic leukemia-lymphoma>,amgen australia pty ltd,amgen,232805,blinatumomab,yes,no,powder,pm-2017-01431-1-4,
intramuscular,02.11.2020,2020,authorised (under additional monitoring),TGA,approved,24.01.2021,2021,infectious and parasitic diseases; diseases of the respiratory system,<coronavirus infections>,auspar-bnt162b2-mrna-210125.pdf,vaccine,comirnaty,"active immunisation to prevent coronavirus disease 2019 (covid-19) caused by sars-cov-2, in individuals 16 years of age and older.",no,active immunisation against covid-19 disease caused by sars-cov-2 virus in individuals aged 16 years and over.,<covid-19>,pfizer australia pty ltd,pfizer,346290,bnt162b2,yes,no,suspension,pm-2020-05461-1-2,
intramuscular,08.06.2021,2021,authorised,TGA,approved,22.07.2021,2021,infectious and parasitic diseases; diseases of the respiratory system,<coronavirus infections>,auspar-bnt162b2-mrna-210722.pdf,vaccine,comirnaty,"active immunisation to prevent coronavirus disease 2019 (covid-19) caused by sars-cov-2, in individuals 12 years of age and older.",yes,"active immunisation to prevent coronavirus disease 2019 (covid-19) caused by sars-cov-2, in individuals 12 years of age and older.",<coronavirus disease 2019>,pfizer australia pty ltd,pfizer,346290,bnt162b2,yes,no,suspension,pm-2021-02187-1-2,
intramuscular,15.10.2021,2021,authorised (under additional monitoring),TGA,approved,26.10.2021,2021,infectious and parasitic diseases,<coronavirus infections>,auspar-bnt162b2-mrna-211029.pdf,vaccine,comirnaty,"active immunisation to prevent coronavirus disease 2019 (covid-19) caused by sars-cov-2, in individuals 12 years of age and older.",yes,"active immunisation to prevent coronavirus disease 2019 (covid-19) caused by sars-cov-2, in individuals 12 years of age and older.",<coronavirus disease 2019>,pfizer australia pty ltd,pfizer,346290,bnt162b2,yes,no,suspension,pm-2021-04582-1-2,
oral,,,authorised,TGA,approved,22.12.2011,2011,infectious and parasitic diseases,<chronic hepatitis c>,auspar-boceprevir-120423.pdf,small molecule,victrelis,"treatment of chronic hepatitis c (hcv) genotype 1 infection, in combination with peginterferon alpha and ribavirin, in adult patients with compensated liver disease who are previously untreated or who have failed previous therapy.",no,"treatment of chronic hepatitis c (hcv) genotype 1 infection, in combination with peginterferon alpha and ribavirin, in adult patients with compensated liver disease who are previously untreated or who have failed previous therapy.",<chronic hepatitis c>,merck sharp & dohme (australia) pty ltd,merck sharp & dohme,179059,boceprevir,no,no,capsule,pm-2010-03273-3-2,na
intravenous,,,authorised,TGA,approved,02.07.2012,2012,neoplasms; diseases of the blood and blood-forming organs,<multiple myeloma>,auspar-bortezomib-130116.pdf,small molecule,velcade,treatment of multiple myeloma,no,treatment of multiple myeloma,<multiple myeloma>,janssen-cilag pty ltd,janssen-cilag,104542,bortezomib,no,no,powder,pm-2011-00854-3-4,na
intravenous; subcutaneous,,,authorised,TGA,approved,18.11.2015,2015,neoplasms; diseases of the blood and blood-forming organs,<mantle cell lymphoma>,auspar-bortezomib-160226.pdf,small molecule,velcade,"velcade, in combination with rituximab, cyclophosphamide, doxorubicin and prednisone is indicated for the treatment of adult patients with previously untreated mantle cell lymphoma (mcl).",yes,"combination treatment with bortezomib and rituximab, cyclophosphamide, doxorubicin and prednisone in adults with previously untreated mantle cell lymphoma (mcl).",<mantle cell lymphoma>,janssen-cilag pty ltd,janssen-cilag,238257,bortezomib,yes,no,powder,pm-2014-03463-1-4,
oral,,,withdrawn,TGA,refused,21.12.2011,2011,diseases of the skin; other,not reported,auspar-bosentan-120905.pdf,small molecule,tracleer,na,yes,the reduction in the number of new digital ulcers in patients with systemic sclerosis with active digital ulcer disease.,<systemic sclerosis>,actelion pharmaceuticals australia pty,actelion,,bosentan,yes,yes,tablet,pm-2010-02897-3-4,
oral,20.05.2016,2016,na,TGA,rejected,19.05.2017,2017,diseases of the circulatory system,not reported,auspar-bosentan-180625.pdf,small molecule,tracleer,na,no,"treatment of idiopathic pulmonary arterial hypertension, familial pulmonary arterial hypertension, pulmonary arterial hypertension associated with scleroderma, or pulmonary arterial hypertension associated with congenital systemic to pulmonary shunts including eisenmenger’s physiology in patients with who functional class ii, iii or iv symptoms.","<hypertension, pulmonary>",actelion pharmaceuticals australia pty ltd,actelion,,bosentan,no,,tablet,pm-2015-04745-1-3,na
intramuscular,,,authorised,TGA,approved,15.03.2011,2011,diseases of the nervous system,<chronic migraine>,auspar-botox.pdf,biologics,botox,prophylaxis of headaches in adults with chronic migraine (headache on at least 15 days per month of which at least 8 days are with migraine),yes,prophylaxis of headaches in adults with chronic migraine,<chronic migraine>,allergan australia pty ltd,allergan,67311 and 172264,botulinum toxin type a,no,no,powder,pm-2009-03219-3-1,na
intravesical,,,authorised,TGA,approved,06.08.2013,2013,diseases of the genitourinary system,<overactive bladder>,auspar-botulinum-toxin-131023.pdf,biologics,botox,"treatment of overactive bladder with symptoms of urinary incontinence, urgency, and frequency in adult patients who have an inadequate response to or are intolerant of an anticholinergic medication.",yes,"treatment of overactive bladder with symptoms of urinary incontinence, urgency, and frequency in adult patients who have an inadequate response to or are intolerant of an anticholinergic medication.",<overactive bladder>,allergan australia pty ltd,allergan,"172264, 67311 and 195530",botulinum toxin type a,yes,no,powder,pm-2012-01467-3-3,
intramuscular,,,authorised,TGA,approved,20.03.2012,2012,diseases of the genitourinary system; diseases of the nervous system,<urinary incontinence>; <neurogenic detrusor overactivity>; <spinal cord injuries>; <multiple sclerosis>,auspar-botulinum-toxin-type-a-120706.pdf,biologics,botox,treatment of urinary incontinence due to neurogenic detrusor overactivity resulting from a defined neurological illness (such as spinal cord injury or multiple sclerosis) and not controlled adequately by anticholinergic agents.,yes,second line treatment of urinary incontinence related to neurogenic detrusor overactivity (ndo) when anticholinergic agents have been ineffective or are not tolerated.,<urinary incontinence>,allergan australia pty ltd,allergan,"aust r 67311, aust r 172264",botulinum toxin type a,no,no,powder,pm-2010-03508-3-3,na
injection,,,authorised,TGA,approved,17.03.2014,2014,diseases of the nervous system; diseases of the musculoskeletal system and connective tissue,<cervical dystonia>; <blepharospasm>; <stroke>; <facial dermatoses>,auspar-botulinum-toxin-type-a-150915.pdf,biologics,xeomin,cervical dystonia in adults; blepharospasm in adults; post-stroke spasticity of the upper limb in adults; glabellar frown lines in adults,no,cervical dystonia in adults; blepharospasm in adults; post-stroke spasticity of the upper limb in adults; glabellar frown lines in adults,<cervical dystonia>; <blepharospasm>; <stroke>,merz australia pty ltd,merz,205507 and 205508,botulinum toxin type a,no,no,powder,pm-2012-04159-1-1,na
intravenous,,,authorised,TGA,approved,19.12.2013,2013,neoplasms; diseases of the blood and blood-forming organs,<hodgkin disease>; <anaplastic large cell lymphoma>,auspar-brentuximab-140519.pdf,biologics,adcetris,treatment of adult patients with relapsed or refractory cd30+ hodgkin lymphoma (hl) and systemic anaplastic large cell lymphoma (salcl).,no,treatment of adult patients with relapsed or refractory hodgkin lymphoma (hl) and systemic anaplastic large cell lymphoma (salcl).,<hodgkin disease>; <anaplastic large cell lymphoma>,takeda pharmaceuticals australia pty ltd,takeda,203372,brentuximab vedotin,no,yes,powder,pm-2012-03441-1-4,na
intravenous,,,authorised,TGA,approved,15.09.2016,2016,neoplasms; diseases of the blood and blood-forming organs,<precursor cell lymphoblastic leukemia-lymphoma>,auspar-brentuximab-vedotin-170914.pdf,biologics,adcetris,treatment of adult patients with cd30+ hl at higher risk of relapse or progression following asct.,yes,treatment of patients with cd30+ hodgkin lymphoma (hl) who are at risk of relapse or progression following autologous stem cell transplant (asct).,<hodgkin lymphoma>,takeda pharmaceuticals australia pty ltd,takeda,203372,brentuximab vedotin,yes,yes,powder,pm-2015-01529-1-4,
oral,,,authorised,TGA,approved,17.05.2017,2017,mental and behavioural disorders,<schizophrenia>,auspar-brexpiprazole-180924.pdf,small molecule,rexulti,for the treatment of adult patients with schizophrenia.,no,for the treatment of adult patients with schizophrenia.,<schizophrenia>,lundbeck australia pty ltd,lundbeck,"273220, 273221, 273222, 273223, 273224 and 273225",brexpiprazole,no,no,tablet,pm-2016-009095-1-1,na
oral,31.01.2019,2019,withdrawn,TGA,withdrawn,11.09.2020,2020,mental and behavioural disorders,not reported,auspar-brexpiprazole-210304.pdf,small molecule,rexulti,na,yes,use as a short-term adjunctive therapy to antidepressants for the treatment of major depressive disorder (mdd) in adult patients with an inadequate response to prior antidepressant treatment.,"<depressive disorder, major>",lundbeck australia pty ltd,lundbeck,,brexpiprazole,yes,no,tablet,pm-2018-05140-1-1,
oral,04.04.2018,2018,authorised (under additional monitoring),TGA,approved,04.03.2019,2019,neoplasms; diseases of the respiratory system,<non-small cell lung carcinoma>,auspar-brigatinib-200312.pdf,small molecule,alunbrig,treatment of adult patients with anaplastic lymphoma kinase (alk)-positive advanced non-small cell lung cancer (nsclc) previously treated with crizotinib,no,treatment of adult patients with anaplastic lymphoma kinase (alk)-positive advanced non-small cell lung cancer (nsclc) previously treated with crizotinib,<non-small cell lung carcinoma>,takeda pharmaceuticals australia pty ltd,takeda,"299962, 299963, 299964, 299965, 299966, 299967, 299968",brigatinib,no,yes,tablet,pm-2018-00586-1-4,na
oral,,,authorised,TGA,approved,09.06.2011,2011,diseases of the circulatory system,<acute coronary syndrome>,auspar-brilinta.pdf,small molecule,brilinta,"brilinta, in combination with aspirin, is indicated for the prevention of atherothrombotic events (cardiovascular death, myocardial infarction and stroke) in adult patients with acute coronary syndromes (unstable angina, non st elevation myocardial infarction or st elevation myocardial infarction) including patients managed medically, and those who are managed with percutaneous coronary intervention or coronary artery by-pass grafting.",no,"the prevention of thrombotic events (cardiovascular death, myocardial infarction and stroke) in patients with acute coronary syndromes (acs) (unstable angina, non st elevation mi or st elevation mi) including patients managed medically, and those who are managed with percutaneous coronary intervention (pci) or coronary artery-bypass grafting (cabg).",<acute coronary syndromes>,astrazeneca pty ltd,astrazeneca,167237,ticagrelor,no,no,tablet,pm-2009-03523-3-3,na
topical,,,authorised,TGA,approved,01.08.2014,2014,diseases of the skin,<rosacea>,auspar-brimonidine-as-tartrate-150123.pdf,small molecule,mirvaso,for the treatment of facial erythema of rosacea in adult patients,no,for the treatment of facial erythema of rosacea in adult patients,<rosacea>,galderma australia pty ltd,galderma,212325,brimonidine,yes,no,gel,pm-2013-01459-1-5,
ocular,,,authorised,TGA,approved,24.05.2010,2010,diseases of the eye and adnexa,"<glaucoma, open-angle>; <ocular hypertension>",auspar-brimonidine.pdf,small molecule,alphagan p; enidin,lowering of ocular pressure in patients with chronic open angle glaucoma or ocular hypertension,no,lowering of ocular pressure in patients with chronic open angle glaucoma or ocular hypertension,"<glaucoma, open-angle>; <ocular hypertension>",allergan australia pty ltd,allergan,158888 and 158893,brimonidine,yes,no,solution,pm-2008-03768-3-5,
oral; intravenous,,,authorised,TGA,approved,02.08.2016,2016,diseases of the nervous system,<epilepsy>,auspar-brivaracetam-170307.pdf,small molecule,briviact,add-on therapy in the treatment of partial-onset seizures with or without secondary generalisation in patients from 16 years of age with epilepsy,no,add-on therapy in the treatment of partial-onset seizures with or without secondary generalisation in patients from 16 years of age with epilepsy,<epilepsy>,ucb australia pty ltd,ucb,243792,brivaracetam,no,no,tablet; solution,pm-2015-01568-1-1,na
intravitreal,06.03.2019,2019,authorised (under additional monitoring),TGA,approved,15.01.2020,2020,diseases of the eye and adnexa,<macular degeneration>,auspar-brolucizumab-rbe-200414.pdf,biologics,beovu,treatment of neovascular (wet) age-related macular degeneration (amd),no,treatment of neovascular (wet) age-related macular degeneration (amd),<macular degeneration>,novartis pharmaceuticals australia pty ltd,novartis,"313680, 313681",brolucizumab,no,no,solution,pm-2019-00106-1-5,na
inhalation,,,authorised,TGA,approved,07.02.2011,2011,diseases of the respiratory system,<cystic fibrosis>,auspar-bronchitol.pdf,small molecule,bronchitol,"treatment of cystic fibrosis (cf) in both paediatric and adult populations six years and above as either add-on therapy to dornase alfa or in patients intolerant to, or inadequately responsive to dornase alfa",yes,treatment of cystic fibrosis (cf) in both paediatric and adult populations six years and above as either add-on therapy to rhdnase or in patients intolerant to or inadequately responsive to rhdnase,<cystic fibrosis>,pharmaxis ltd,pharmaxis,168002,mannitol,yes,yes,powder,pm-2009-03748-3-5,
oral,31.07.2020,2020,authorised (under additional monitoring),TGA,approved,08.10.2021,2021,neoplasms; diseases of the blood and blood-forming organs,<mantle cell lymphoma>,auspar-brukinsa-220809-01.pdf,small molecule,brukinsa,mantle cell lymphoma (mcl) who have received at least one prior therapy,no,mantle cell lymphoma (mcl) who have received at least one prior therapy,<mantle cell lymphoma>,beigene aus pty ltd,beigene,338475,zanubrutinib,no,no,capsule,pm-2020-03076-1-6,na
oral,31.07.2020,2020,authorised (under additional monitoring),TGA,approved,07.10.2021,2021,neoplasms; diseases of the blood and blood-forming organs,<waldenstrom macroglobulinemia>,auspar-brukinsa-220811-02.pdf,small molecule,brukinsa,"waldenström’s macroglobulinaemia (wm) who have received at least one prior therapy, or in first line treatment for patients unsuitable for chemo-immunotherapy.",no,"waldenström’s macroglobulinaemia (wm) who have received at least one prior therapy, or in first line treatment for patients unsuitable for chemo-immunotherapy.",<waldenstrom macroglobulinemia>,beigene aus pty ltd,beigene,338475,zanubrutinib,no,yes,capsule,pm-2020-02814-1-6,na
oral,02.05.2022,2022,authorised,TGA,approved,01.03.2023,2023,neoplasms; diseases of the blood and blood-forming organs,"<leukemia, lymphocytic, chronic, b-cell>; <lymphoma, small lymphocytic>",auspar-brukinsa-241105.pdf,small molecule,brukinsa,"chronic lymphocytic leukaemia (cll) or small lymphocytic lymphoma (sll), including patients with deletion 17p and/or tp53 mutation",yes,chronic lymphocytic leukemia (cll) or small lymphocytic lymphoma (sll),"<leukemia, lymphocytic, chronic, b-cell>; <lymphoma, small lymphocytic>",beigene aus pty ltd,beigene,338475,zanubrutinib,no,no,capsule,pm-2022-01012-1-4,na
oral; rectal,,,authorised,TGA,approved,11.05.2012,2012,diseases of the digestive system,<crohn disease>; <ulcerative colitis>,auspar-budesonide-121022-1.pdf,small molecule,budenofalk,induction of remission in patients with mild to moderately active crohn’s disease affecting the ileum and/or the ascending colon; treatment of active rectal and rectosigmoid disease in ulcerative colitis.,yes,treatment of mild to moderate active crohn’s disease of the ileum and/or the colon; induction of remission in patients with active collagenous colitis.,<crohn disease>; <collagenous colitis>,orphan australia pty ltd,orphan,179566 and 179575,budesonide,no,yes,capsule; foam,pm-2010-03268-3-1,na
inhalation,,,authorised,TGA,approved,07.04.2011,2011,diseases of the respiratory system,"<asthma>; <pulmonary disease, chronic obstructive>",auspar-budesonide-130226.pdf,small molecule,symbicort rapihaler,treatment of asthma and copd,yes,treatment of asthma and copd,"<asthma>; <pulmonary disease, chronic obstructive>",astrazeneca pty ltd,astrazeneca,115552; 115555; 158898; 158899,budesonide/eformoterol,no,no,inhaler,pm-2008-03789-3-5,na
oral,,,authorised,TGA,approved,27.08.2015,2015,diseases of the digestive system,<ulcerative colitis>,auspar-budesonide-160111.pdf,small molecule,cortiment,induction of remission in patients with mild to moderate active ulcerative colitis (uc) where 5-asa treatment is not sufficient or not tolerated.,yes,induction of remission in patients with mild to moderate active ulcerative colitis (uc).,<ulcerative colitis>,ferring pharmaceuticals pty ltd,ferring,225849,budesonide,yes,no,tablet,pm-2014-04155-1-1,
inhalation,31.07.2020,2020,authorised,TGA,approved,16.07.2021,2021,diseases of the respiratory system,<chronic obstructive pulmonary disease>,auspar-budesonide-glycopyrronium-formoterol-220414.pdf,small molecule,breztri aerosphere,"maintenance treatment to prevent exacerbations and relieve symptoms in adults with moderate, severe, or very severe chronic obstructive pulmonary disease (copd) who require treatment with a combination of an inhaled corticosteroid (ics), a long-acting β2-agonist (laba), and a long-acting muscarinic antagonist (lama).",no,maintenance treatment to prevent exacerbations and relieve symptoms in adults with copd who require treatment with lama+laba+ics,<chronic obstructive pulmonary disease>,astrazeneca pty ltd,astrazeneca,339070,budesonide / glycopyrronium / formoterol,no,no,inhaler,pm-2020-02915-1-5,na
transdermal,,,na,TGA,rejected,28.04.2016,2016,neoplasms; other,not reported,auspar-buprenorphine-161213.pdf,small molecule,transtec,na,yes,management of moderate to severe cancer pain and severe pain that does not respond to non-opioids.,<neoplasms>,mundipharma pty ltd,mundipharma,,buprenorphine,no,no,drug delivery system,pm-2014-03891-1-1,na
subcutaneous,31.10.2017,2017,authorised,TGA,approved,22.11.2018,2018,mental and behavioural disorders,<opioid-related disorders>,auspar-buprenorphine-191106.pdf,small molecule,buvidal,"maintenance treatment of opioid dependence within a framework of medical, social and psychological support.",no,"treatment of opioid dependence within a framework of medical, social and psychological support.",<opioid-related disorders>,camurus pty ltd,camurus,"294997, 295051, 295048, 295010, 295042, 295045, 295013",buprenorphine,yes,no,solution,pm-2017-02926-1-1,
intravitreal,01.11.2021,2021,authorised,TGA,approved,16.08.2022,2022,"diseases of the eye and adnexa; endocrine, nutritional, and metabolic diseases","<macular degeneration>; <diabetic macular edema>; <diabetic retinopathy>; <choroidal neovascularization>; <myopia, degenerative>; <macular edema>; <retinal vein occlusion>",auspar-byooviz-230426.pdf,biologics,byooviz,the treatment of neovascular (wet) age-related macular degeneration (amd); the treatment of visual impairment due to diabetic macular oedema (dme); treatment of proliferative diabetic retinopathy (pdr); the treatment of visual impairment due to choroidal neovascularisation (cnv); the treatment of visual impairment due to choroidal neovascularisation (cnv) secondary to pathologic myopia (pm); the treatment of visual impairment due to macular oedema secondary to retinal vein occlusion (rvo).,no,the treatment of neovascular (wet) age-related macular degeneration (amd); the treatment of visual impairment due to diabetic macular oedema (dme); treatment of proliferative diabetic retinopathy (pdr); the treatment of visual impairment due to choroidal neovascularisation (cnv); the treatment of visual impairment due to choroidal neovascularisation (cnv) secondary to pathologic myopia (pm); the treatment of visual impairment due to macular oedema secondary to retinal vein occlusion (rvo).,"<macular degeneration>; <diabetic macular edema>; <diabetic retinopathy>; <choroidal neovascularization>; <myopia, degenerative>; <macular edema>; <retinal vein occlusion>",samsung bioepis au pty ltd,samsung,375304,ranibizumab,no,no,solution,pm-2021-04292-1-5,na
intravenous,,,authorised,TGA,approved,19.03.2012,2012,diseases of the blood and blood-forming organs,<angioedema>,auspar-c1-esterase-inhibitor-130729.pdf,biologics,cinryze,"treatment and pre procedure prevention of angioedema attacks in adults and adolescents with c1 inhibitor deficiency; routine prevention of angioedema attacks in adults and adolescents with frequent attacks of hereditary angioedema (hae), who are intolerant to or insufficiently protected by oral therapy.",no,"treatment, routine prevention and pre procedure prevention of angioedema attacks in adults, adolescents, and children from 6 years of age with c1 inhibitor deficiency.",<angioedema>,cedarglen investments pty ltd,cedarglen,177513,c1 esterase inhibitor,yes,yes,powder,pm-2010-03159-3-2,
intravenous,,,authorised,TGA,approved,05.12.2011,2011,neoplasms,<prostatic neoplasms>,auspar-cabazitaxel-120209.pdf,small molecule,jevtana,in combination with prednisone or prednisolone for the treatment of patients with hormone refractory metastatic prostate cancer previously treated with a docetaxel containing regimen,no,in combination with prednisone or prednisolone for the treatment of patients with hormone refractory metastatic prostate cancer previously treated with a docetaxel containing regimen,<prostatic neoplasms>,sanofi-aventis australia pty ltd,sanofi-aventis,,cabazitaxel,no,no,concentrate,pm-2010-02565-3-4,na
oral,31.10.2019,2019,authorised (under additional monitoring),TGA,approved,10.02.2021,2021,infectious and parasitic diseases,<hiv infections>,auspar-cabotegravir-sodium-and-cabotegravir-rilpivirine-210503.pdf,small molecule,vocabria and cabenuva,short-term treatment of hiv-1 infection in adults who are virologically suppressed,no,short-term treatment of hiv-1 infection in adults who are virologically suppressed,<human immunodeficiency virus>,viiv healthcare pty ltd,viiv,323721,cabotegravir,no,no,tablet,pm-2019-04281-1-2 and pm-2019-04280-1-2,na
oral,31.01.2017,2017,authorised,TGA,approved,18.01.2018,2018,neoplasms; diseases of the genitourinary system,<renal cell carcinoma>,auspar-cabozantinib-181018.pdf,small molecule,cabometyx,for the treatment of advanced renal cell carcinoma (rcc) in adults following prior treatment with vascular endothelial growth factor targeted therapy.,no,for the treatment of advanced renal cell carcinoma (rcc) in adults following prior treatment with vascular endothelial growth factor targeted therapy.,<renal cell carcinoma>,ipsen pty ltd,ipsen,283800,cabozantinib,no,no,tablet,pm-2016-04459-1-4,na
intravenous; oral,,,authorised,TGA,approved,17.03.2010,2010,diseases of the respiratory system,<apnea of prematurity>,auspar-cafnea.pdf,small molecule,cafnea,short-term treatment of apnoea of prematurity in infants of gestational age 28 to less than 33 weeks,no,short-term treatment of apnoea of prematurity in infants of gestational age 28 to less than 33 weeks,<apnea of prematurity>,phebra pty ltd,phebra,"153873, 153874, 155059, 155060",caffeine citrate,yes,yes,solution,pm-2008-2175-5,
topical,,,authorised,TGA,approved,19.03.2013,2013,diseases of the skin,<psoriasis>,auspar-calcipotriol-betamethasone-130809.pdf,small molecule,daivobet 50/500,topical treatment of mild to moderate plaque psoriasis on the body in adults,yes,topical treatment of body and scalp psoriasis,<psoriasis>,leo pharma pty ltd,leo,161936,calcipotriol and betamethasone,yes,no,gel,pm-2011-04144-3-5,
oral,30.09.2021,2021,authorised (under additional monitoring),TGA,approved,15.09.2022,2022,diseases of the circulatory system,<hypertrophic cardiomyopathy>,auspar-camzyos-230703.pdf,small molecule,camzyos,treatment of adults with symptomatic nyha class ii-iii obstructive hypertrophic cardiomyopathy,no,treatment of symptomatic obstructive hypertrophic cardiomyopathy (ohcm) in adult patients,<hypertrophic cardiomyopathy>,bristol-myers squibb australia pty ltd,bristol-myers squibb,"373115, 386127, 386128 and 386129",mavacamten,no,yes,capsule,pm-2021-03751-1-3,na
oral,,,authorised,TGA,approved,06.09.2013,2013,"endocrine, nutritional, and metabolic diseases","<diabetes mellitus, type 2>",auspar-canagliflozin-140303.pdf,small molecule,"invokana, prominad",type 2 diabetes mellitus to improve glycaemic control,no,type 2 diabetes mellitus to improve glycaemic control,"<diabetes mellitus, type 2>",janssen-cilag pty ltd,janssen-cilag,"200179, 200180, 200183, 200184",canagliflozin,no,no,tablet,pm-2012-02210-3-5,na
subcutaneous,,,authorised,TGA,approved,07.08.2014,2014,diseases of the musculoskeletal system and connective tissue,<systemic juvenile idiopathic arthritis>,auspar-canakinumab-141125.pdf,biologics,ilaris,treatment of active systemic juvenile idiopathic arthritis (sjia) in patients aged 2 years or older,yes,treatment of active systemic juvenile idiopathic arthritis (sjia) in patients 2 years and older,<systemic juvenile idiopathic arthritis>,novartis pharmaceuticals australia pty ltd,novartis,159573 and 187078,canakinumab,yes,yes,powder,pm-2013-01501-1-3,
oral,28.02.2020,2020,authorised (under additional monitoring),TGA,approved,18.09.2020,2020,diseases of the nervous system,<seizures>; <lennox-gastaut syndrome>; <dravet syndrome>,auspar-cannabidiol-210115.pdf,small molecule,epidyolex,adjunctive therapy of seizures associated with lennox-gastaut syndrome (lgs) or dravet syndrome (ds) for patients 2 years of age and older,no,adjunctive therapy of seizures associated with lennox-gastaut syndrome (lgs) or dravet syndrome (ds) for patients 2 years of age and older,<seizures>; <lennox-gastaut syndrome>; <dravet syndrome>,emerge health pty ltd,emerge,328860,cannabidiol,no,yes,solution,pm-2020-00157-1-1,na
intravenous; subcutaneous,01.07.2019,2019,authorised (under additional monitoring),TGA,approved,30.01.2020,2020,diseases of the blood and blood-forming organs,<thrombotic thrombocytopenic purpura>,auspar-caplacizumab-200505.pdf,biologics,cablivi,"treatment of adults experiencing an episode of acquired thrombotic thrombocytopenic purpura (attp), in conjunction with plasma exchange and immunosuppression.",no,"treatment of adults experiencing an episode of acquired thrombotic thrombocytopenic purpura (attp), in conjunction with plasma exchange and immunosuppression.",<thrombotic thrombocytopenic purpura>,sanofi-aventis australia pty ltd,sanofi-aventis,318058,caplacizumab,no,yes,powder; solvent,pm-2019-02057-1-6,na
intravenous; intramuscular,28.02.2017,2017,authorised,TGA,approved,16.03.2018,2018,pregnancy and childbirth,<obstetric labor complications>,auspar-carbetocin-180823.pdf,peptides and proteins,duratocin,prevention of uterine atony and excessive bleeding following delivery of the infant by caesarean section or vaginal delivery.,yes,prevention of uterine atony and excessive bleeding following delivery.,<obstetric labor complications>,ferring pharmaceuticals pty ltd,ferring,233671,carbetocin,yes,no,solution,pm-2016-04273-1-5,
oral,,,authorised,TGA,approved,30.01.2015,2015,"endocrine, nutritional, and metabolic diseases",<hyperammonemia>; <organic acidurias>,auspar-carglumic-acid-150902.pdf,small molecule,carbaglu,"hyperammonaemia due to n-acetylglutamate synthase primary deficiency; hyperammonaemia due to organic acidaemias such as isovaleric acidaemia, methymalonic acidaemia, propionic acidaemia",no,"hyperammonaemia due to n-acetylglutamate synthase primary deficiency; hyperammonaemia due to organic acidaemias such as isovaleric acidaemia, methymalonic acidaemia, propionic acidaemia",<hyperammonemia>; <organic acidurias>,emerge health pty ltd,emerge,215632,carglumic acid,yes,yes,tablet,pm-2013-02751-1-3-2,
oral,02.12.2019,2019,authorised (under additional monitoring),TGA,approved,12.11.2020,2020,mental and behavioural disorders,<schizophrenia>,auspar-cariprazine-hydrochloride-210524.pdf,small molecule,reagila,treatment of schizophrenia in adult patients,no,treatment of schizophrenia in adult patients,<schizophrenia>,gedeon richter australia pty ltd,gedeon richter,"325476, 325477, 325478, 325479",cariprazine hydrochloride,no,no,capsule,pm-2019-04790-1-1,na
intravenous; subcutaneous,31.08.2021,2021,authorised,TGA,approved,15.10.2021,2021,infectious and parasitic diseases; diseases of the respiratory system,<covid-19>,auspar-casirivimab-imdevimab-211025.pdf,biologics,ronapreve,treatment and prevention of covid-19 in adults and adolescents who do not require supplemental oxygen and are at increased risk of severe covid-19,no,treatment and prevention of covid-19 in certain adults and adolescents,<covid-19>,roche products pty limited,roche,373839 and 374310,casirivimab/imdevimab,yes,no,solution,pm-2021-03952-1-2,
intravenous,,,authorised,TGA,approved,04.11.2013,2013,diseases of the blood and blood-forming organs,<factor xiii deficiency>,auspar-catridecacog-rys-140410.pdf,biologics,novothirteen,routine prophylaxis of bleeding in patients with congenital factor xiii a-subunit deficiency.,no,routine prophylaxis of bleeding in patients with congenital factor xiii a-subunit deficiency.,<factor xiii deficiency>,novo nordisk pharmaceuticals pty ltd,novo nordisk,201776,catridecacog,no,yes,powder,pm-2012-02713-3-4,na
intraperitoneal,,,na,TGA,rejected,01.11.2011,2011,neoplasms; diseases of the digestive system,not reported,auspar-catumaxomab-140311.pdf,biologics,removab,na,no,treatment of patients with malignant ascites due to epcam positive carcinomas,<carcinoma>,biotech regulatory solutions,not reported,,catumaxomab,yes,yes,concentrate,pm-2010-03132-3-4,
inhalation,,,authorised,TGA,approved,02.02.2010,2010,infectious and parasitic diseases; diseases of the respiratory system,<cystic fibrosis>,auspar-cayston.pdf,small molecule,cayston,"control of gram-negative bacteria, particularly pseudomonas aeruginosa, in the respiratory tract of patients with cystic fibrosis.",no,"control of gram-negative bacteria, particularly pseudomonas aeruginosa, in the respiratory tract of patients with cystic fibrosis.",<cystic fibrosis>,gilead sciences pty ltd,gilead,,aztreonam,no,yes,inhaler,pm-2007-3666-2,na
intravenous,,,authorised,TGA,approved,07.02.2013,2013,diseases of the skin; diseases of the respiratory system; infectious and parasitic diseases,<skin diseases>; <soft tissue infections>; <pneumonia>,auspar-ceftaroline-fosamil-130522.pdf,small molecule,zinforo,complicated skin and soft tissue infections; community-acquired pneumonia,no,complicated skin and soft tissue infections; community-acquired pneumonia,<soft tissue infections>; <pneumonia>,astrazeneca pty ltd,astrazeneca,192260,ceftaroline fosamil,no,no,powder,pm-2011-03149-3-2,na
intravenous,30.04.2018,2018,authorised (under additional monitoring),TGA,approved,21.02.2019,2019,infectious and parasitic diseases,"<intraabdominal infections>; <urinary tract infections>; <pyelonephritis>; <pneumonia, hospital-acquired>; <pneumonia, ventilator-associated>",auspar-ceftazidime-avibactam-200224.pdf,small molecule,zavicefta,"complicated intra-abdominal infection (ciai), in combination with metronidazole; complicated urinary tract infection (cuti), including pyelonephritis; hospital-acquired pneumonia (hap), including ventilator associated pneumonia (vap).",no,"complicated intra-abdominal infection (ciai); complicated urinary tract infection (cuti), including pyelonephritis; hospital-acquired pneumonia (hap), including ventilator associated pneumonia (vap); infections due to aerobic gram-negative organisms in adult patients with limited treatment options.","<intraabdominal infections>; <urinary tract infections>; <pyelonephritis>; <pneumonia, hospital-acquired>; <pneumonia, ventilator-associated>",pfizer australia pty ltd,pfizer,301205,ceftazidime/avibactam,yes,no,powder,pm-2018-00931-1-2,
intravenous,,,authorised,TGA,approved,02.11.2015,2015,diseases of the respiratory system; infectious and parasitic diseases,"<pneumonia, hospital-acquired>; <pneumonia, community-acquired>",auspar-ceftobiprole-medocaril-sodium-160208.pdf,small molecule,zevtera,"treatment of hospital-acquired pneumonia (hap), excluding ventilator-associated pneumonia (vap), and community-acquired pneumonia (cap) in adults.",no,treatment of infections in adult patients with hospital-acquired pneumonia (excluding ventilator-associated pneumonia) or community-acquired pneumonia (cap).,"<pneumonia, hospital-acquired>; <pneumonia, community-acquired>",jace pharma pty ltd,jace,229773,ceftobiprole medocaril sodium,no,no,powder,pm-2014-03155-1-2,na
intravenous,,,authorised,TGA,approved,29.10.2015,2015,infectious and parasitic diseases,<intraabdominal infections>; <urinary tract infections>; <pyelonephritis>,auspar-ceftolozane-as-sulfate-tazobactam-as-sodium-salt-160127.pdf,small molecule,zerbaxa,"complicated intra-abdominal infections in combination with metronidazole; complicated urinary tract infections, including pyelonephritis",no,"complicated intra-abdominal infections in combination with metronidazole; complicated urinary tract infections, including pyelonephritis",<intraabdominal infections>; <urinary tract infections>; <pyelonephritis>,merck sharp & dohme australia pty ltd,merck sharp & dohme,229608,ceftolozane / tazobactam,no,no,powder,pm-2014-03153-1-2,na
oral,,,authorised,TGA,approved,23.06.2010,2010,diseases of the musculoskeletal system and connective tissue,<osteoarthritis>; <rheumatoid arthritis>; <ankylosing spondylitis>; <dysmenorrhea>; <acute pain>,auspar-celebrex.pdf,small molecule,celebrex,"for the symptomatic treatment of osteoarthritis, rheumatoid arthritis and ankylosing spondylitis. for the treatment of primary dysmenorrhoea in adults. short-term treatment of acute pain in adults following surgery or musculoskeletal and/or soft tissue injury.",yes,short-term treatment of acute pain in adults following surgery or musculoskeletal and/or soft tissue injury.,<acute pain>,pfizer australia pty ltd,pfizer,"67901, 67902 and 101341",celecoxib,yes,no,capsule,pm-2009-01564-3-1,
intravenous,30.08.2019,2019,authorised (under additional monitoring),TGA,approved,02.07.2020,2020,neoplasms; diseases of the skin,<cutaneous squamous cell carcinoma>,auspar-cemiplimab-201102.pdf,biologics,libtayo,treatment of adult patients with metastatic or locally advanced cutaneous squamous cell carcinoma who are not candidates for curative surgery or curative radiation.,no,treatment of adult patients with metastatic or locally advanced cutaneous squamous cell carcinoma who are not candidates for curative surgery or curative radiation.,<cutaneous squamous cell carcinoma>,sanofi-aventis australia pty ltd,sanofi-aventis,320609,cemiplimab,no,no,tablet,pm-2019-03270-1-4,na
ocular,31.10.2018,2018,authorised (under additional monitoring),TGA,approved,16.09.2019,2019,diseases of the eye and adnexa,<neurotrophic keratitis>,auspar-cenegermin-rbe-191126.pdf,biologics,oxervate,treatment of moderate (persistent epithelial defect) or severe (corneal ulcer) neurotrophic keratitis in adults.,no,treatment of moderate (persistent epithelial defect) or severe (corneal ulcer) neurotrophic keratitis in adults.,<neurotrophic keratitis>,jace pharma pty ltd,jace,310960,cenegermin,no,yes,solution,pm-2018-04728-1-5,na
oral,31.05.2017,2017,authorised,TGA,approved,23.05.2018,2018,neoplasms; diseases of the respiratory system,<lung neoplasms>,auspar-ceritinib-200304.pdf,small molecule,zykadia,treatment of patients with locally advanced or metastatic non-small cell lung cancer (nsclc) that is anaplastic lymphoma kinase (alk)-positive.,yes,treatment of patients with locally advanced or metastatic non-small cell lung cancer (nsclc) that is anaplastic lymphoma kinase (alk)-positive.,<lung neoplasms>,novartis pharmaceuticals australia pty ltd,novartis,235737,ceritinib,yes,yes,capsule,pm-2017-00696-1-4,
subcutaneous,,,authorised,TGA,approved,01.05.2014,2014,diseases of the musculoskeletal system and connective tissue,"<psoriatic arthritis>; <spondylitis, ankylosing>",auspar-certolizumab-140815.pdf,biologics,cimzia,psoriatic arthritis; ankylosing spondylitis,yes,psoriatic arthritis; ankylosing spondylitis,"<psoriatic arthritis>; <spondylitis, ankylosing>",ucb australia pty ltd,ucb,154726,certolizumab,yes,no,solution,pm-2013-00286-2-3,
subcutaneous,,,authorised,TGA,approved,22.12.2009,2009,diseases of the musculoskeletal system and connective tissue,<rheumatoid arthritis>,auspar-certolizumab-pegol-091222.pdf,biologics,cimzia,treatment of moderate to severe active rheumatoid arthritis in adult patients.,no,treatment of adult patients with moderate to severely active rheumatoid arthritis who are either intolerant of methotrexate or failed to adequately respond to conventional disease-modifying antirheumatic drugs.,<rheumatoid arthritis>,ucb australia pty ltd,ucb,,certolizumab pegol,no,no,solution,pm-2008-2508-1-3,na
subcutaneous,,,authorised,TGA,approved,07.11.2016,2016,diseases of the musculoskeletal system and connective tissue,<rheumatoid arthritis>,auspar-certolizumab-pegol-170721.pdf,biologics,cimzia,"treatment of severe, active and progressive rheumatoid arthritis in adults not previously treated with methotrexate or other dmards.",yes,"treatment of severe, active and progressive rheumatoid arthritis in adults not previously treated with methotrexate or other dmards.",<rheumatoid arthritis>,ucb australia pty ltd,ucb,154726,certolizumab pegol,yes,no,solution,pm-2015-01158-1-3,
subcutaneous,03.04.2018,2018,authorised,TGA,approved,29.05.2019,2019,diseases of the skin,<psoriasis>,auspar-certolizumab-pegol-190731.pdf,biologics,cimzia,treatment of adult patients with moderate to severe chronic plaque psoriasis who are candidates for systemic therapy or phototherapy.,yes,treatment of adult patients with moderate to severe plaque psoriasis who are candidates for systemic therapy or phototherapy.,<psoriasis>,ucb australia pty. ltd.,ucb,"154728, 281317",certolizumab pegol,yes,no,solution,pm-2017-04943-1-1,
subcutaneous,,,authorised,TGA,approved,29.01.2015,2015,diseases of the musculoskeletal system and connective tissue,not reported,auspar-certolizumab-pegol-rbe-151102.pdf,biologics,cimzia,"cimzia has been shown to reduce the rate of progression of joint damage as measured by x-ray, when given in combination with mtx.",yes,"cimzia has been shown to reduce the rate of progression of joint damage as measured by x-ray, when given in combination with mtx.",not reported,ucb australia pty ltd,ucb,154726,certolizumab pegol,yes,no,solution,pm-2013-04590-1-3,
subcutaneous,31.12.2018,2018,authorised,TGA,approved,13.11.2019,2019,diseases of the musculoskeletal system and connective tissue,<axial spondyloarthritis>,auspar-certolizumab-pegol-rbe-200213.pdf,biologics,cimzia,non-radiographic axial spondyloarthritis,yes,the treatment of adult patients with active non-radiographic axial spondyloarthritis (nr-axspa) with objective signs of inflammation,"<arthritis, spondylarthritis>",ucb australia pty ltd,ucb,"154726, 281317",certolizumab pegol,yes,no,solution,pm-2018-04256-1-3,
intramuscular,,,authorised,TGA,approved,23.03.2011,2011,neoplasms; infectious and parasitic diseases,<papillomavirus infections>; <cervical intraepithelial neoplasia>; <uterine cervical neoplasms>,auspar-cervarix.pdf,vaccine,cervarix,"in females from 10 to 45 years of age for the prevention of persistent infection, premalignant cervical lesions and cervical cancer caused by human papillomavirus types 16 and 18",yes,"the prevention of persistent infection, premalignant cervical lesions and cervical cancer caused by oncogenic human papillomaviruses (hpv)",<papillomavirus infections>; <uterine cervical dysplasia>; <uterine cervical neoplasms>,glaxosmithkline pty ltd,glaxosmithkline,126114 and 126115,human papillomavirus vaccine types 16 and 18,yes,no,solution,pm-2009-02655-3-2,
intramuscular,11.11.2021,2021,authorised,TGA,approved,08.02.2022,2022,infectious and parasitic diseases,<coronavirus disease 2019>,auspar-chadox-1-s-220217.pdf,vaccine,vaxzevria,active immunisation of individuals ≥ 18 years old for the prevention of coronavirus disease 2019 (covid-19) caused by sars-cov-2.,yes,active immunisation of individuals ≥ 18 years old for the prevention of coronavirus disease 2019 (covid-19) caused by sars-cov-2.,<coronavirus disease 2019>,astrazeneca pty ltd,astrazeneca,349072,chadox-1-s,no,no,solution,pm-2021-05173-1-2,na
intramuscular,01.12.2020,2020,authorised,TGA,approved,15.02.2021,2021,infectious and parasitic diseases,<coronavirus disease 2019>,auspar-chadox1-s-covid-19-vaccine-astrazeneca-210215.pdf,vaccine,covid-19 vaccine astrazeneca,active immunisation of individuals ≥ 18 years old for the prevention of coronavirus disease 2019 (covid-19) caused by sars-cov-2.,no,active immunisation of individuals ≥ 18 years old for the prevention of coronavirus disease 2019 (covid-19) caused by sars-cov-2.,<coronavirus disease 2019>,astrazeneca pty ltd,astrazeneca,349072,chadox1-s,yes,no,solution,pm-2020-06115-1-2,
topical,31.07.2020,2020,authorised (under additional monitoring),TGA,approved,08.06.2021,2021,neoplasms; diseases of the skin,<mycosis fungoides>,auspar-chlormethine-hydrochloride-210902.pdf,small molecule,ledaga,topical treatment of mycosis fungoides-type cutaneous t-cell lymphoma (mf-type ctcl) in adult patients,no,topical treatment of mycosis fungoides-type cutaneous t-cell lymphoma (mf-type ctcl) in adult patients,<mycosis fungoides>,recordati rare diseases australia pty ltd,recordati,338551,chlormethine hydrochloride,no,yes,gel,pm-2020-03014-1-6,na
oral,,,authorised,TGA,approved,24.07.2024,2024,diseases of the skin,"<dermatitis, atopic>",auspar-cibinqo-240724.pdf,small molecule,cibinqo,treatment of moderate-to-severe atopic dermatitis in adults who are candidates for systemic therapy.,no,"treatment of patients 12 years and older with moderate-to-severe atopic dermatitis, including the relief of pruritus, who have had an inadequate response to prescribed topical therapy or for whom these treatments are not advisable.","<dermatitis, atopic>",pfizer australia pty ltd,pfizer,,abrocitinib,no,no,tablet,pm-2020-05286-1-1,na
ocular,28.02.2019,2019,authorised (under additional monitoring),TGA,approved,28.01.2020,2020,diseases of the eye and adnexa,<keratoconjunctivitis sicca>,auspar-ciclosporin-200424.pdf,peptides and proteins,cequa,cequa is indicated to increase tear production in patients with moderate to severe keratoconjunctivitis sicca (dry eye) where prior use of artificial tears has not been sufficient.,yes,cequa is indicated to increase tear production in patients with keratoconjunctivitis sicca (dry eye).,<keratoconjunctivitis sicca>,sun pharma anz pty ltd,sun,313780,ciclosporin,no,no,drops,pm-2019-00113-1-5,na
ocular,31.07.2019,2019,authorised (under additional monitoring),TGA,approved,03.12.2020,2020,diseases of the eye and adnexa,<keratitis>; <dry eye syndromes>,auspar-ciclosporin-210326.pdf,peptides and proteins,ikervis,treatment of severe keratitis in adult patients with dry eye disease which has not improved despite treatment with tear substitutes.,yes,treatment of dry eye disease in adult patients with keratitis.,<dry eye syndromes>; <keratitis>,seqirus pty ltd,seqirus,319502,ciclosporin,no,no,emulsion,pm-2019-02588-1-5,na
oral,31.05.2017,2017,authorised,TGA,approved,21.12.2018,2018,diseases of the nervous system,<vertigo>,auspar-cinnarizine-dimenhydrinate-191112.pdf,small molecule,cizigo; cizinate; cizere,"short-term, symptomatic treatment of vertigo of various causes, in adults who have not responded to alternative treatments.",no,treatment of vertigo symptoms of various origins.,<vertigo>,southern cross pharma pty ltd,southern cross,288565; 288566; 288567,cinnarizine / dimenhydrinate,yes,no,tablet,pm-2017-00806-1-1,
oral,,,authorised,TGA,approved,04.01.2011,2011,mental and behavioural disorders,<primary insomnia>,auspar-circadin-110118.pdf,small molecule,circadin,monotherapy for the short term treatment of primary insomnia characterised by poor quality of sleep in patients who are aged 55 or over.,yes,monotherapy for the short term treatment of primary insomnia characterised by poor quality of sleep in patients who are aged 55 or over.,<primary insomnia>,rad data australia pty ltd,rad data,153959,melatonin,yes,no,tablet,,
oral,,,authorised,TGA,approved,28.11.2009,2009,mental and behavioural disorders,<primary insomnia>,auspar-circadin.pdf,small molecule,circadin,monotherapy for the short term treatment (up to 3 weeks) of primary insomnia characterized by poor quality of sleep in patients who are aged 55 or over.,no,monotherapy for the short term treatment (up to 3 weeks) of primary insomnia characterized by poor quality of sleep in patients who are aged 55 or over.,<primary insomnia>,commercial eyes pty ltd,commercial eyes,,melatonin,no,no,tablet,pm-2008-2125-1,na
oral,31.01.2017,2017,authorised,TGA,approved,05.12.2017,2017,diseases of the nervous system,"<multiple sclerosis, relapsing-remitting>",auspar-cladribine-180625.pdf,small molecule,mavenclad,to reduce the frequency of clinical relapses and to delay the progression of physical disability in relapsing-remitting multiple sclerosis (rrms),yes,to reduce the frequency of clinical relapses and to delay the progression of physical disability in relapsing-remitting multiple sclerosis (rrms),"<multiple sclerosis, relapsing-remitting>",merck serono australia pty ltd,merck serono,166483,cladribine,yes,no,tablet,pm-2016-03923-1-1,
intravenous,,,authorised,TGA,approved,12.04.2010,2010,diseases of the circulatory system,<hypertension>,auspar-cleviprex.pdf,small molecule,cleviprex,short term treatment of hypertension when oral therapy is not feasible or desirable,no,short term treatment of hypertension when oral therapy is not feasible or desirable,<hypertension>,kendle australia pty ltd,kendle,"156137, 156138",clevidipine,no,no,emulsion,pm-2008-3132-3,na
oral,,,authorised,TGA,approved,15.05.2013,2013,diseases of the nervous system,"<epilepsy, lennox-gastaut syndrome>; <epilepsy, partial>",auspar-clobazam-131003.pdf,small molecule,frisium,as adjunctive therapy in patients with partial refractory and lennox-gastaut epilepsy types who are not adequately stabilised with their current anticonvulsant therapy.,yes,as adjunctive therapy in patients with partial refractory epilepsy who are not adequately stabilised with their current anticonvulsant therapy.,"<epilepsy, partial>",sanofi-aventis australia pty ltd,sanofi-aventis,12400,clobazam,yes,yes,tablet,pm-2011-04302-3-1,
topical,,,authorised,TGA,approved,06.02.2013,2013,diseases of the skin,<psoriasis>,auspar-clobetasol-propionate-130522.pdf,small molecule,clobex,topical treatment of moderate to severe scalp psoriasis in adults.,no,topical treatment of moderate to severe scalp psoriasis in adults.,<psoriasis>,galderma australia pty ltd,galderma,188346,clobetasol propionate,yes,no,shampoo,pm-2011-01596-3-5,
intramuscular,31.07.2019,2019,authorised,TGA,approved,14.07.2020,2020,diseases of the nervous system; congenital malformations and chromosomal abnormalities,<spasticity>,auspar-clostridium-botulinum-type-a-toxin-haemagglutinin-complex-210408.pdf,biologics,dysport,for symptomatic treatment of focal spasticity of upper limbs in children aged 2 years and older.,yes,for symptomatic treatment of focal spasticity of upper limbs in children aged 2 years and older.,<spasticity>,ipsen australia pty ltd,ipsen,"74124, 170651, 235282",clostridium botulinum type a toxin - haemagglutinin complex,yes,no,powder,pm-2019-02645-1-1,
oral,,,authorised,TGA,approved,15.10.2013,2013,infectious and parasitic diseases,<acquired immunodeficiency syndrome>,auspar-cobicistat-131216.pdf,small molecule,tybost,tybost is indicated as a pharmacokinetic enhancer of appropriate hiv-1 protease inhibitors in adults.,no,tybost is indicated as a pharmacokinetic enhancer of appropriate hiv-1 protease inhibitors in adults.,<acquired immunodeficiency syndrome>,gilead sciences pty ltd,gilead,200445,cobicistat,no,no,tablet,pm-2012-02160-3-2,na
intralesional,,,authorised,TGA,approved,30.07.2013,2013,diseases of the musculoskeletal system and connective tissue,<dupuytren contracture>,auspar-collagenase-clostridium-histolyticum-131118.pdf,biologics,xiaflex,treatment of dupuytren’s contracture in adult patients with a palpable cord,no,treatment of dupuytren’s contracture in adult patients with a palpable cord,<dupuytren contracture>,actelion pharmaceuticals australia pty ltd,actelion,199584,collagenase clostridium histolyticum,no,no,lyophilisate,pm-2012-01472-3-3,na
intralesional,,,authorised,TGA,approved,16.03.2016,2016,diseases of the musculoskeletal system and connective tissue,<peyronie's disease>,auspar-collagenase-clostridium-histolyticum-160802.pdf,biologics,xiaflex,the treatment of adult men with peyronie’s disease with a palpable plaque and curvature deformity of at least 30 degrees at the start of therapy.,yes,the treatment of adult men with peyronie’s disease with a palpable plaque and curvature deformity of at least 30 degrees at the start of therapy.,<peyronie disease>,actelion pharmaceuticals australia pty ltd,actelion,448382,collagenase clostridium histolyticum,no,no,lyophilisate,pm-2014-04262-1-3,na
intravenous,30.06.2022,2022,authorised,TGA,approved,03.08.2023,2023,neoplasms; diseases of the blood and blood-forming organs,<diffuse large b-cell lymphoma>,auspar-columvi-241218.pdf,biologics,columvi,treatment of adult patients with relapsed or refractory diffuse large b-cell lymphoma (dlbcl) after two or more lines of systemic therapy.,no,treatment of adult patients with relapsed or refractory diffuse large b-cell lymphoma (dlbcl) after two or more lines of systemic therapy.,<diffuse large b-cell lymphoma>,roche products pty ltd,roche,"389650, 392331",glofitamab,no,yes,concentrate,pm-2022-01989-1-6,na
intramuscular,06.07.2022,2022,authorised,TGA,approved,20.09.2022,2022,infectious and parasitic diseases,<coronavirus infections>,auspar-comirnaty-20221010.pdf,vaccine,comirnaty,"active immunisation to prevent coronavirus disease 2019 (covid-19) caused by sars-cov-2, in individuals 5 years of age and older.",yes,"active immunisation to prevent coronavirus disease 2019 (covid-19) caused by sars-cov-2, in individuals 5 years of age and older.",<coronavirus disease 2019>,pfizer australia pty ltd,pfizer,377111,tozinameran,no,no,suspension,pm-2022-02476-1-2,na
intramuscular,03.04.2023,2023,authorised (under additional monitoring),TGA,approved,13.07.2023,2023,infectious and parasitic diseases,<coronavirus disease 2019>,auspar-comirnaty-230807.pdf,vaccine,comirnaty covid-19 vaccine,"active immunisation to prevent coronavirus disease 2019 (covid-19) caused by sars-cov-2, in individuals 6 months of age and older.",no,"active immunisation to prevent coronavirus disease 2019 (covid-19) caused by sars-cov-2, in individuals 6 months of age and older.",<coronavirus disease 2019>,pfizer australia pty ltd,pfizer,"346290, 377110, 377111, 393433",tozinameran,no,no,suspension,pm-2023-01183-1-2,na
intramuscular,09.01.2023,2023,authorised,TGA,approved,23.08.2023,2023,infectious and parasitic diseases; diseases of the respiratory system,<coronavirus infections>,auspar-comirnaty-230911.pdf,vaccine,comirnaty,"active immunisation to prevent coronavirus disease 2019 (covid-19) caused by sars-cov-2, in individuals 12 years of age and older.",no,"active immunisation to prevent coronavirus disease 2019 (covid-19) caused by sars-cov-2, in individuals 12 years of age and older.",<coronavirus disease 2019>,pfizer australia pty ltd,pfizer,346290 and 377110,tozinameran,yes,no,suspension,,
intramuscular,02.08.2024,2024,authorised,TGA,approved,10.10.2024,2024,infectious and parasitic diseases,<coronavirus infections>,auspar-comirnaty-jn-1-covid-19-vaccine-250318.pdf,vaccine,comirnaty jn.1 covid-19 vaccine,"active immunisation to prevent coronavirus disease 2019 (covid-19) caused by sars-cov-2, in individuals 6 months of age and older.",no,"active immunisation to prevent coronavirus disease 2019 (covid-19) caused by sars-cov-2, in individuals 6 months of age and older.",<coronavirus disease 2019>,pfizer australia pty ltd,pfizer,"457685, 457688, 457690, 457677, 457680, 457686, 459385, 457679, 459366",bretovameran,yes,no,suspension,pm-2024-02578 1-1-2,
intramuscular,23.08.2023,2023,authorised,TGA,approved,06.10.2023,2023,infectious and parasitic diseases,<coronavirus infections>,auspar-comirnaty-omicron-xbb15-240209.pdf,vaccine,comirnaty omicron xbb.1.5,"active immunisation to prevent coronavirus disease 2019 (covid-19) caused by sars-cov-2, in individuals 6 months of age and older.",no,"active immunisation to prevent coronavirus disease 2019 (covid-19) caused by sars-cov-2, in individuals 5 years of age and older.",<coronavirus disease 2019>,pfizer australia pty ltd,pfizer,"419330, 419331, 419332, 419370, 419371, 419372, 428610",raxtozinameran,yes,no,suspension,pm-2023-03730-1-2,
intramuscular,06.07.2023,2023,authorised,TGA,approved,20.12.2023,2023,infectious and parasitic diseases; diseases of the respiratory system,<coronavirus infections>,auspar-comirnaty-original-omicron-ba-4-5-240201.pdf,vaccine,comirnaty original/omicron ba.4-5,"active immunisation to prevent coronavirus disease 2019 (covid-19) caused by sars-cov-2, in individuals 5 years of age and older.",yes,"as a booster dose for active immunisation to prevent coronavirus disease 2019 (covid-19) caused by sars-cov-2, in individuals 5 years of age and older.",<coronavirus disease 2019>,pfizer australia pty ltd,pfizer,400874 and 412350,tozinameran and famtozinameran,yes,no,suspension,pm-2023-02389-1-2,
intramuscular,30.08.2022,2022,authorised (under additional monitoring),TGA,approved,27.10.2022,2022,infectious and parasitic diseases,<coronavirus disease 2019>,auspar-comirnaty-original-omicron-ba1-covid-19-vaccine-20221110.pdf,vaccine,comirnaty original /omicron ba.1 covid-19 vaccine,"as a booster dose for active immunisation to prevent coronavirus disease 2019 (covid-19) caused by sars-cov-2, in individuals 18 years of age and older.",no,"as a booster dose for active immunisation to prevent coronavirus disease 2019 (covid-19) caused by sars-cov-2, in individuals 12 years of age and older.",<coronavirus disease 2019>,pfizer australia pty ltd,pfizer,394890,tozinameran and riltozinameran,no,no,suspension,pm-2022-03551-1-2,na
intramuscular,16.08.2023,2023,authorised,TGA,approved,09.05.2024,2024,infectious and parasitic diseases,<coronavirus infections>,auspar-comirnaty-original-omicron-ba45-240912.pdf,vaccine,comirnaty original/omicron ba.4-5,"active immunisation to prevent coronavirus disease 2019 (covid-19) caused by sarscov-2, in individuals 6 months of age and older.",yes,"as a booster dose for active immunisation to prevent coronavirus disease 2019 (covid-19) caused by sars-cov-2, in individuals 6 months of age and older.",<coronavirus disease 2019>,pfizer australia pty ltd,pfizer,417266,tozinameran/famtozinameran,no,no,suspension,pm-2023-03314-1-2,na
intramuscular,,,authorised (under additional monitoring),TGA,approved,20.01.2023,2023,infectious and parasitic diseases,<coronavirus disease 2019>,auspar-comirnaty-orignal-omicron-ba.4-5-230131.pdf,vaccine,comirnaty original/omicron ba.4-5 covid-19 vaccine,"as a booster dose for active immunisation to prevent coronavirus disease 2019 (covid-19) caused by sars-cov-2, in individuals 12 years of age and older.",no,"as a booster dose for active immunisation to prevent coronavirus disease 2019 (covid-19) caused by sars-cov-2, in individuals 12 years of age and older.",<coronavirus disease 2019>,pfizer australia pty ltd,pfizer,400874,tozinameran and famtozinameran,yes,no,suspension,pm-2022-05306-1-2,
oral,30.11.2015,2015,authorised,TGA,approved,12.12.2016,2016,"endocrine, nutritional, and metabolic diseases",<hot flashes>,auspar-conjugated-estrogens-bazedoxifene-acetate-180202.pdf,peptides and proteins,duavive,treatment of moderate to severe vasomotor symptoms associated with menopause in women with a uterus.,no,treatment of estrogen deficiency symptoms in postmenopausal women with a uterus (with at least 12 months since the last menses) for whom treatment with progestogen-containing therapy is not appropriate.,<estrogen deficiency>,pfizer australia pty ltd,pfizer,262525,conjugated estrogens / bazedoxifene acetate,no,no,tablet,pm-2015-03089-1-5,na
oral,,,withdrawn,TGA,withdrawn,11.03.2011,2011,diseases of the circulatory system,not reported,auspar-coplavix.pdf,small molecule,co plavix/duo cover,na,yes,"prevention of atherothrombotic and thromboembolic events, including stroke in adult patients with atrial fibrillation who have at least one risk factor for vascular events and who cannot take vitamin k antagonist (vka) therapy.",<stroke>,sanofi-aventis australia pty ltd,sanofi-aventis,"150443, 150448, 150469, 150470, 150473, 150474, 150477, 150478, 150479",clopidogrel/aspirin,yes,no,tablet,pm-2010-00534-3-4/2010-00535-3-3,
oral,,,authorised,TGA,approved,03.09.2010,2010,diseases of the circulatory system,<angina pectoris>; <coronary artery disease>,auspar-coralan.pdf,small molecule,coralan,"treatment of chronic stable angina due to atherosclerotic coronary artery disease in patients with normal sinus rhythm, who are unable to tolerate or have a contraindication to the use of beta blockers, or in combination with atenolol 50 mg once daily when heart rate is at or above 60 bpm and angina is inadequately controlled.",yes,"treatment of chronic stable angina due to atherosclerotic coronary artery disease in patients with normal sinus rhythm who are already treated with a beta-blocker, or are unable to tolerate or have a contraindication to the use of beta-blockers.","<angina, stable>; <coronary artery disease>",servier laboratories (australia) pty ltd,servier,"107297, 107301",ivabradine,yes,no,tablet,pm-2008-2832-3,
subcutaneous,01.06.2021,2021,authorised (under additional monitoring),TGA,approved,03.05.2022,2022,diseases of the skin; diseases of the musculoskeletal system and connective tissue,"<psoriasis>; <arthritis, psoriatic>; <spondylarthropathies>",auspar-cosentyx-20221024.pdf,biologics,cosentyx,plaque psoriasis; psoriatic arthritis; axial spondyloarthritis with or without radiographic damage,yes,plaque psoriasis; psoriatic arthritis; axial spondyloarthritis with or without radiographic damage,"<plaque psoriasis>; <arthritis, psoriatic>; <spondylarthropathies>",novartis pharmaceuticals australia pty limited,novartis,"218798, 218799, 218800, 353254, 353265 and 353266",secukinumab,yes,no,powder; solution,pm-2021-01700-1-1,
oral,,,authorised,TGA,approved,13.11.2009,2009,diseases of the circulatory system,<hypertension>; <coronary disease>,auspar-coveram.pdf,small molecule,coveram,"substitution therapy for the treatment of hypertension and/or stable coronary heart disease in patients already controlled with separate doses of perindopril and amlodipine, given concurrently at the same dose level.",no,"substitution therapy for the treatment of hypertension and/or stable coronary heart disease in patients already controlled with separate doses of perindopril and amlodipine, given concurrently at the same dose level.",<hypertension>; <coronary disease>,servier laboratories (aust) pty ltd,servier,,perindopril arginine / amlodipine,yes,no,tablet,pm-2008-2262-3,
oral,,,authorised,TGA,approved,28.09.2010,2010,diseases of the digestive system,<pancreatic exocrine insufficiency>,auspar-creon.pdf,other,creon micro,pancreatic enzyme replacement in paediatric and adult patients with pancreatic exocrine insufficiency (pei),no,pancreatic enzyme replacement in paediatric and adult patients with pancreatic exocrine insufficiency (pei),<pancreatic exocrine insufficiency>,abbott products pty ltd,abbott,166118,pancreatic extract,yes,no,granules,pm-2009-02729-3-1,
oral,,,authorised,TGA,approved,22.02.2011,2011,diseases of the circulatory system,<not reported>,auspar-crestor.pdf,small molecule,crestor/visacor,prevention of major cardiovascular events in men ≥ 50 years old or women ≥60 years old with no clinically evident cardiovascular disease but with at least two conventional risk factors for cardiovascular disease.,yes,reduce the risk of major cardiovascular events in patients at increased risk of cardiovascular disease with risk markers such as age and elevated high sensitivity assay c-reactive protein [crp](hscrp) but with “normal” cholesterol levels.,<cardiovascular diseases>,astrazeneca pty ltd,astrazeneca,"119120, 119127, 119128, 119129, 119130, 119131, 119135, 119136",rosuvastatin,yes,no,tablet,pm-2009-01470-3-3,
topical,30.11.2018,2018,authorised (under additional monitoring),TGA,approved,15.02.2019,2019,diseases of the skin,"<dermatitis, atopic>",auspar-crisaborole-190814.pdf,small molecule,staquis,topical treatment of mild to moderate atopic dermatitis in patients 2 years of age and older,no,topical treatment of mild to moderate atopic dermatitis in patients 2 years of age and older,"<dermatitis, atopic>",pfizer australia pty ltd,pfizer,295283,crisaborole,no,no,ointment,pm-2017-03748-1-1,na
intravenous,31.01.2020,2020,authorised (under additional monitoring),TGA,approved,06.04.2021,2021,diseases of the blood and blood-forming organs,<sickle cell disease>,auspar-crizanlizumab-210716.pdf,biologics,adakveo,prevention of recurrent vaso-occlusive crises in patients aged 16 years and older with sickle cell disease.,no,prevention of vaso-occlusive crises in sickle cell disease patients.,<sickle cell disease>,novartis pharmaceuticals australia pty ltd,novartis,327317,crizanlizumab,no,yes,concentrate,pm-2019-05705-1-6,na
oral,,,authorised,TGA,approved,24.09.2013,2013,neoplasms; diseases of the respiratory system,<lung neoplasms>,auspar-crizotinib-130620.pdf,small molecule,xalkori,treatment of patients with anaplastic lymphoma kinase (alk)-positive advanced non-small cell lung cancer (nsclc),no,treatment of patients with anaplastic lymphoma kinase (alk)-positive advanced non-small cell lung cancer (nsclc),<non-small cell lung carcinoma>,pfizer australia pty ltd,pfizer,"190966, 190965, 190964, 190963",crizotinib,no,yes,capsule,pm-2011-02752-3-4,na
oral,03.01.2017,2017,authorised,TGA,approved,12.12.2017,2017,neoplasms; diseases of the respiratory system,<non-small-cell lung carcinoma>,auspar-crizotinib-181018.pdf,small molecule,xalkori,treatment of patients with ros1-positive advanced non-small cell lung cancer (nsclc),yes,treatment of patients with ros1-positive advanced non-small cell lung cancer (nsclc),<lung neoplasms>,pfizer australia pty ltd,pfizer,"190963, 190964, 190965, 190966",crizotinib,no,yes,capsule,,na
subcutaneous,07.09.2020,2020,authorised (under additional monitoring),TGA,approved,03.09.2021,2021,"endocrine, nutritional, and metabolic diseases; diseases of the musculoskeletal system and connective tissue",<x-linked hypophosphatemia>,auspar-crysvita-220629.pdf,biologics,crysvita,"the treatment of x-linked hypophosphataemia (xlh) in adults, adolescents and children 1 year of age or older.",no,the treatment of x-linked hypophosphataemia in paediatric patients 1 year of age and older and adults.,<x-linked hypophosphatemia>,kyowa kirin australia pty ltd,kyowa kirin,"340793, 340796 and 340797",burosumab,no,yes,solution,pm-2020-03892-1-5,na
intravenous,,,authorised,TGA,approved,13.06.2012,2012,diseases of the digestive system,not reported,auspar-cyclizine-lactate-130115.pdf,small molecule,valoid,for the prevention of nausea and vomiting in the post-operative period,no,the treatment of nausea and vomiting caused by narcotic analgesics and by general anaesthetics in the post-operative period; pre-operative use in patients undergoing emergency surgery to reduce the hazard of regurgitation and aspiration of gastric contents during induction of general anaesthesia,<not reported>,link medical products pty ltd,link,180894,cyclizine lactate,yes,no,solution,pm-2010-03573-3-1,
intravenous,,,authorised,TGA,approved,10.09.2010,2010,diseases of the circulatory system; diseases of the musculoskeletal system and connective tissue,not reported,auspar-cyklokapron.pdf,small molecule,cyklokapron,for the reduction of peri- and post-operative blood loss and the need for blood transfusions in patients undergoing cardiac surgery or total knee arthroplasty or total hip arthroplasty.,yes,for the reduction of peri- and post-operative blood loss and the need for blood transfusions in patients undergoing cardiac surgery or total knee arthroplasty or total hip arthroplasty.,<not reported>,pfizer australia pty ltd,pfizer,160658 and 166415,tranexamic acid,yes,no,solution,pm-2009-00587,
oral,,,authorised,TGA,approved,24.08.2015,2015,diseases of the circulatory system,<thrombosis>; <pulmonary embolism>,auspar-dabigatran-etexilate-160104.pdf,small molecule,pradaxa,"treatment of deep vein thrombosis (dvt) and pulmonary embolism (pe), and for the prevention of recurrent dvt and pe in adults.",yes,treatment of acute deep vein thrombosis (dvt) and/or pulmonary embolism (pe) and prevention of related death; prevention of recurrent deep vein thrombosis (dvt) and/or pulmonary embolism (pe) and related death.,<venous thrombosis>; <pulmonary embolism>,boehringer ingelheim pty ltd,boehringer ingelheim,"137832, 138415, 138402, 138421, 168211, 168215",dabigatran etexilate,yes,no,capsule,pm-2013-02038-1-3,
oral,,,authorised,TGA,approved,21.08.2013,2013,neoplasms,<melanoma>,auspar-dabrafenib-mesilate-140109.pdf,small molecule,tafinlar,treatment of patients with braf v600 mutation positive unresectable stage iii or metastatic (stage iv) melanoma,no,treatment of patients with braf v600 mutation positive unresectable or metastatic (stage iv) melanoma,<melanoma>,glaxosmithkline australia pty ltd,glaxosmithkline,200922 and 200936,dabrafenib mesilate,no,yes,capsule,pm-2012-02231-3-4,na
oral,,,authorised,TGA,approved,22.06.2015,2015,infectious and parasitic diseases,<chronic hepatitis c>; <liver diseases>; <cirrhosis>,auspar-daclatasvir-dihydrochloride-151214.pdf,small molecule,daklinza,treatment of chronic hepatitis c virus (hcv) infection in adults with compensated liver disease (including cirrhosis),no,treatment of chronic hepatitis c virus (hcv) infection in adults with compensated liver disease (including cirrhosis),<chronic hepatitis c>; <liver diseases>; <cirrhosis>,bristol-myers squibb australia pty ltd,bristol-myers squibb,222743,daclatasvir,no,no,tablet,pm-2014-00647-1-2,na
subcutaneous,,,authorised,TGA,approved,20.09.2016,2016,diseases of the nervous system,<multiple sclerosis>,auspar-daclizumab-170504.pdf,biologics,zinbryta,treatment of relapsing forms of multiple sclerosis (ms) to delay the progression of physical disability and to reduce the frequency of relapse,no,treatment of relapsing forms of multiple sclerosis (ms),<multiple sclerosis>,biogen australia pty ltd,biogen,243872; 243873,daclizumab,no,no,solution,pm-2015-01556-1-1,na
oral,18.12.2019,2019,authorised,TGA,approved,04.11.2020,2020,diseases of the circulatory system,<heart failure>,auspar-dapagliflozin-210406.pdf,small molecule,forxiga,"symptomatic heart failure with reduced ejection fraction, as an adjunct to standard of care therapy",yes,heart failure with reduced ejection fraction,<heart failure>,astrazeneca pty ltd,astrazeneca,180147,dapagliflozin,no,no,tablet,pm-2019-05370-1-3,na
oral,04.01.2021,2021,authorised,TGA,approved,06.09.2021,2021,"diseases of the genitourinary system; endocrine, nutritional, and metabolic diseases",<chronic kidney disease>,auspar-dapagliflozin-as-propanediol-monohydrate-220328.pdf,small molecule,forxiga,"to reduce the risk of progressive decline in kidney function in adults with proteinuric chronic kidney disease (ckd stage 2, 3 or 4 and urine acr ≥ 30 mg/g)",yes,forxiga is indicated in adults for the treatment of chronic kidney disease.,<chronic kidney disease>,astrazeneca pty ltd,astrazeneca,180147,dapagliflozin,yes,no,tablet,pm-2020-06068-1-5,
oral,,,authorised,TGA,approved,05.10.2012,2012,"endocrine, nutritional, and metabolic diseases","<diabetes mellitus, type 2>",auspar-dapagliflozin-propanediol-monohydrate-130114.pdf,small molecule,"appebb, az dapagliflozin, bms dapagliflozin, bms/az dapagliflozin, edistride, empliciti and forxiga",indicated as an adjunct to diet and exercise in patients with type 2 diabetes mellitus for whom metformin is otherwise indicated but was not tolerated.,no,indicated as an adjunct to diet and exercise in patients for whom metformin is inappropriate due to contraindications or intolerance.,not reported,bristol-myers squibb australia pty ltd,bristol-myers squibb,"180139, 180146, 180141, 180149, 180150, 180152 and 180147",dapagliflozin,no,no,tablet,pm-2010-03812-35,na
oral,,,authorised,TGA,approved,11.07.2014,2014,"endocrine, nutritional, and metabolic diseases","<diabetes mellitus, type 2>",auspar-dapagliflozin-propanediol-monohydrate-141217.pdf,small molecule,xigduo xr,as an adjunct to diet and exercise to improve glycaemic control in adults with type 2 diabetes mellitus when treatment with both dapagliflozin and metformin is appropriate.,no,as an adjunct to diet and exercise to improve glycaemic control in adults with type 2 diabetes mellitus when treatment with both dapagliflozin and metformin is appropriate.,<type 2 diabetes mellitus>,astrazeneca pty ltd,astrazeneca,"211294, 211295, 211296",dapagliflozin; metformin,no,no,tablet,pm-2013-01515-1-5,na
topical,,,authorised,TGA,approved,04.01.2017,2017,diseases of the skin,<acne vulgaris>,auspar-dapsone-171201.pdf,small molecule,aczone,for the topical treatment of acne vulgaris in patients 12 years of age and older,yes,for the topical treatment of acne vulgaris in patients 12 years of age and older,<acne vulgaris>,allergan australia pty ltd,allergan,266267,dapsone,no,no,gel,pm-2015-03568-1-5,na
intravenous,31.01.2018,2018,authorised,TGA,approved,19.01.2019,2019,infectious and parasitic diseases,<staphylococcal infections>,auspar-daptomycin-191120.pdf,peptides and proteins,cubicin,staphylococcus aureus bloodstream infections (bacteraemia) in paediatric patients (1 to 17 years of age),yes,staphylococcus aureus bloodstream infections (bacteraemia) in paediatric patients (1 to 17 years of age),<staphylococcal infections>,merck sharp & dohme (australia) pty ltd,merck sharp & dohme,"143586, 143574",daptomycin,yes,no,powder,pm-2017-04652-1-2,
oral,30.05.2019,2019,authorised (under additional monitoring),TGA,approved,20.02.2020,2020,neoplasms,<prostatic neoplasms>,auspar-darolutamide-200702.pdf,small molecule,nubeqa,treatment of patients with non-metastatic castration resistant prostate cancer (nmcrpc),no,treatment of patients with non-metastatic castration resistant prostate cancer (nmcrpc),<prostatic neoplasms>,bayer australia limited,bayer,"316417, 317242",darolutamide,no,no,tablet,pm-2019-01420-1-4,na
subcutaneous,02.11.2020,2020,authorised,TGA,approved,06.10.2021,2021,diseases of the blood and blood-forming organs,<immunoglobulin light-chain amyloidosis>,auspar-darzalex-sc-20221020.pdf,biologics,darzalex sc,treatment of patients with light chain al amyloidosis.,yes,treatment of patients with light chain al amyloidosis.,<immunoglobulin light-chain amyloidosis>,janssen-cilag pty ltd,janssen-cilag,322685,daratumumab,no,no,solution,pm-2020-04809-1-6,na
oral,28.02.2017,2017,authorised,TGA,approved,07.03.2018,2018,neoplasms; diseases of the blood and blood-forming organs,<precursor cell lymphoblastic leukemia-lymphoma>,auspar-dasatinib-190123.pdf,small molecule,sprycel,treatment of adults aged 18 years or over with newly diagnosed philadelphia chromosome positive acute lymphoblastic leukaemia integrated with chemotherapy.,yes,treatment of adults aged 18 years or over with newly diagnosed philadelphia chromosome positive acute lymphoblastic leukaemia integrated with chemotherapy.,<precursor cell lymphoblastic leukemia-lymphoma>,bristol-myers squibb australia pty ltd,bristol-myers squibb,"125557, 125558, 125559, 125560, 125561, 125562, 157352, 157356",dasatinib,yes,yes,tablet,pm-2016-04274-1-4,
oral,,,withdrawn,TGA,withdrawn,16.11.2011,2011,diseases of the respiratory system,not reported,auspar-daxas.pdf,small molecule,daxas/xevex/dalveza,na,no,maintenance treatment of copd associated with chronic bronchitis in patients at risk of exacerbations.,"<chronic obstructive pulmonary disease>; <bronchitis, chronic>",nycomed pty ltd,nycomed,,roflumilast,no,no,tablet,pm-2009-02915-3-5,na
oral,02.03.2020,2020,authorised (under additional monitoring),TGA,approved,29.10.2020,2020,diseases of the blood and blood-forming organs; neoplasms,"<myelodysplastic syndromes>; <leukemia, myelomonocytic, chronic>",auspar-decitabine-cedazuridine-210128.pdf,small molecule,inqovi 35/100,"treatment of adult patients with myelodysplastic syndromes (mds) intermediate-1, intermediate-2, and high-risk international prognostic scoring system groups, and patients with chronic myelomonocytic leukaemia (cmml).",no,"treatment of adult patients with myelodysplastic syndromes (mds) intermediate-1, intermediate-2, and high-risk international prognostic scoring system groups, and patients with chronic myelomonocytic leukaemia (cmml).","<myelodysplastic syndromes>; <leukemia, myelomonocytic, chronic>",otsuka australia pharmaceutical pty ltd,otsuka,328904,decitabine and cedazuridine,no,yes,tablet,pm-2020-00088-1-6,na
oral,,,authorised,TGA,approved,24.10.2014,2014,diseases of the blood and blood-forming organs,<transfusional hemosiderosis>; <thalassemia>,auspar-deferasirox-140306.pdf,small molecule,exjade,the treatment of chronic iron overload due to blood transfusions (transfusional haemosiderosis) in adults and paediatric patients 6 years and older. exjade is also indicated for the treatment of chronic iron overload in paediatric patients aged 2 to 5 years who are unable to take desferrioxamine therapy or in whom desferrioxamine has proven ineffective. exjade is also indicated for the treatment of chronic iron overload in patients with non transfusion dependent thalassemia syndromes aged 10 years and older.,yes,treatment of chronic iron overload in patients with nontransfusion dependent thalassemia syndromes aged 10 years and older.,<thalassemia>,novartis pharmaceuticals australia pty ltd,novartis,"119230, 119231 and 119232",deferasirox,yes,no,tablet,pm-2012-03063-1-4,
subcutaneous,,,authorised,TGA,approved,05.09.2013,2013,diseases of the musculoskeletal system and connective tissue,<osteoporosis>,auspar-denosumab-140128.pdf,biologics,prolia,treatment to increase bone mass in men with osteoporosis at increased risk of fracture.,yes,treatment of osteoporosis in men.,<osteoporosis>,amgen australia pty ltd,amgen,aust r 159322; aust r 159323; aust r 159324,denosumab,yes,no,solution,pm-2012-02302-3-5,
subcutaneous,,,authorised,TGA,approved,23.12.2013,2013,neoplasms; diseases of the musculoskeletal system and connective tissue,<giant cell tumor of bone>,auspar-denosumab-140417.pdf,biologics,xgeva,"treatment of giant cell tumour of bone in adults or skeletally mature adolescents that is recurrent, or unresectable, or resectable but associated with severe morbidity.",yes,"treatment of giant cell tumour of bone in adults or skeletally mature adolescents that is recurrent, or unresectable, or resectable but associated with severe morbidity.",<giant cell tumor of bone>,amgen australia pty ltd,amgen,175041,denosumab,yes,no,solution,pm-2012-04329-1-4,
subcutaneous,01.06.2017,2017,authorised,TGA,approved,15.06.2018,2018,diseases of the musculoskeletal system and connective tissue,"<fractures, bone>",auspar-denosumab-190213.pdf,biologics,prolia,treatment to increase bone mass in women and men at increased risk of fracture due to long-term systemic glucocorticoid therapy.,yes,treatment of osteoporosis associated with sustained systemic glucocorticoid therapy in women and men at increased risk of fracture.,<osteoporosis>,amgen australia pty ltd,amgen,"159322, 159323",denosumab,yes,no,solution,pm-2017-01353-1-5,
subcutaneous,,,authorised,TGA,approved,19.07.2016,2016,diseases of the skin,<subcutaneous fat>,auspar-deoxycholic-acid-170406.pdf,small molecule,belkyra,improvement in the appearance of moderate to severe convexity or fullness associated with submental fat in adults.,no,improvement in the appearance of moderate to severe convexity or fullness associated with submental fat in adults.,not reported,allergan australia pty ltd,allergan,233201,deoxycholic acid,no,no,solution,,na
sublingual,,,authorised,TGA,approved,30.11.2016,2016,diseases of the genitourinary system,<nocturia>,auspar-desmopressin-181127.pdf,peptides and proteins,nocdurna,treatment of nocturia due to idiopathic nocturnal polyuria in adults who awaken two or more times each night to void and have not responded to lifestyle measures.,yes,treatment of nocturia due to nocturnal polyuria in adults who awaken two or more times each night to void.,<nocturia>,ferring pharmaceuticals pty ltd,ferring,"263596, 264292",desmopressin,no,no,water,pm-2015-03168-1-final,na
oral,30.03.2020,2020,authorised (under additional monitoring),TGA,approved,26.05.2021,2021,diseases of the nervous system; mental and behavioural disorders,<chorea>;<huntington disease>;<tardive dyskinesia>,auspar-deutetrabenazine-220526.pdf,small molecule,austedo,treatment of chorea associated with huntington’s disease and tardive dyskinesia in adults,no,treatment of chorea associated with huntington’s disease and tardive dyskinesia in adults,<chorea>; <huntington disease>; <tardive dyskinesia>,teva pharma australia pty ltd,teva,"330021, 330022 and 330023",deutetrabenazine,no,no,tablet,pm-2020-00739-1-1,na
intravitreal,,,authorised,TGA,approved,29.05.2015,2015,"diseases of the eye and adnexa; endocrine, nutritional, and metabolic diseases",<macular edema>,auspar-dexamethasone-161025.pdf,small molecule,ozurdex,treatment of diabetic macular oedema (dme),yes,treatment of diabetic macular oedema,<macular edema>,allergan australia pty ltd,allergan,222392,dexamethasone,no,no,implant,pm-2014-00332-1-5,na
intravitreal,29.04.2016,2016,authorised,TGA,approved,06.06.2017,2017,diseases of the eye and adnexa,<macular edema>; <retinal vein occlusion>; <uveitis>,auspar-dexamethasone-intravitreal-implant-190220.pdf,small molecule,ozurdex,macular oedema due to branch retinal vein occlusion (brvo) or central retinal vein occlusion (crvo); non-infectious uveitis affecting the posterior segment of the eye,yes,macular oedema due to branch retinal vein occlusion (brvo) or central retinal vein occlusion (crvo); non-infectious uveitis affecting the posterior segment of the eye,<macular edema>; <retinal vein occlusion>; <uveitis>,allergan australia pty ltd,allergan,222392,dexamethasone,yes,no,implant,pm-2016-00346-1-5,
intravenous,,,authorised,TGA,approved,12.02.2014,2014,diseases of the circulatory system,<digoxin toxicity>,auspar-digoxin-specific-140505.pdf,biologics,digifab,treatment of known or strongly suspected life-threatening digoxin toxicity associated with ventricular arrhythmias or bradyarrhythmias not responsive to atropine and where additional measures besides withdrawal of digoxin and correction of serum electrolyte abnormalities are considered necessary.,no,"treatment of known or strongly suspected life-threatening digoxin toxicity associated with ventricular arrhythmias, progressive bradycardia, or second or third degree heart block not responsive to atropine.",<digoxin toxicity>,phebra pty ltd,phebra,203623,digoxin-specific antibody fragment f(ab) (ovine),yes,yes,powder,pm-2012-03387-1-3,
transdermal,,,withdrawn,TGA,rejected,14.11.2016,2016,diseases of the digestive system,not reported,auspar-diltiazem-hydrochloride-170510.pdf,small molecule,ano-cream,na,yes,relief of pain associated with chronic anal fissure,<anal fissure>,aft pharmaceuticals pty ltd,aft,,diltiazem hydrochloride,no,no,cream,pm-2015-01099-1-1,na
oral,,,authorised,TGA,approved,03.07.2013,2013,diseases of the nervous system,"<multiple sclerosis, relapsing-remitting>",auspar-dimethyl-fumarate-131022.pdf,small molecule,tecfidera,tecfidera is indicated in patients with relapsing multiple sclerosis to reduce the frequency of relapses and to delay the progression of disability.,no,tecfidera is indicated in patients with relapsing multiple sclerosis to reduce the frequency of relapses and to delay the progression of disability.,"<multiple sclerosis, relapsing-remitting>",biogen idec australia pty ltd,biogen,197119 and 197118,dimethyl fumarate,no,no,capsule,,na
intravenous,28.08.2019,2019,authorised (under additional monitoring),TGA,approved,17.03.2020,2020,neoplasms; diseases of the nervous system,<neuroblastoma>,auspar-dinutuximab-beta-200630.pdf,biologics,qarziba,treatment of high-risk neuroblastoma in patients who have previously received induction chemotherapy and achieved at least a partial response.,no,"treatment of high-risk neuroblastoma in patients aged 12 months and above, who have previously received induction chemotherapy and achieved at least a partial response, followed by myeloablative therapy and stem cell transplantation, as well as patients with history of relapsed or refractory neuroblastoma, with or without residual disease.",<neuroblastoma>,emerge health pty ltd,emerge,321016,dinutuximab beta,yes,yes,solution,pm-2019-03174-1-4,
intravenous,,,withdrawn,TGA,withdrawn,18.12.2012,2012,neoplasms,not reported,auspar-docetaxel-130513.pdf,small molecule,docetaxel -pf,na,no,"breast cancer, non-small cell lung cancer, ovarian cancer, prostate cancer and head and neck cancer",<breast neoplasms>; <lung neoplasms>; <ovarian neoplasms>; <prostatic neoplasms>; <head and neck neoplasms>,pfizer australia pty ltd,pfizer,,docetaxel,no,no,concentrate,pm-2011-01623-3-4,na
oral,,,authorised,TGA,approved,17.01.2014,2014,infectious and parasitic diseases,<acquired immunodeficiency syndrome>,auspar-dolutegravir-140519.pdf,small molecule,tivicay,tivicay is indicated for the treatment of human immunodeficiency virus (hiv) infection in combination with other antiretroviral agents in adults and children over 12 years of age and weighing 40 kg or more.,no,for the treatment of human immunodeficiency virus (hiv) infection in combination with other antiretroviral agents in adults and children over 12 years of age.,<human immunodeficiency virus>,viiv healthcare pty ltd,viiv,205212,dolutegravir,no,no,tablet,pm-2012-04124-1-2,na
oral,31.10.2018,2018,authorised,TGA,approved,11.09.2019,2019,infectious and parasitic diseases,<human immunodeficiency virus>,auspar-dolutegravir-lamivudine-191204.pdf,small molecule,dovato,treatment of human immunodeficiency virus-1 (hiv-1) infection in antiretroviral treatment-naïve adults and adolescents (from 12 years of age weighing at least 40 kg) who have no known or suspected resistance to either antiretroviral component.,no,"treatment of human immunodeficiency virus (hiv) infection in adults and adolescents from 12 years of age weighing at least 40 kg, who have no known or suspected resistance to either antiretroviral component.",<human immunodeficiency virus>,viiv healthcare pty ltd,viiv,309378,dolutegravir/lamivudine,yes,no,tablet,pm-2018-04002-1-2,
oral,,,authorised,TGA,approved,08.01.2015,2015,infectious and parasitic diseases,<acquired immunodeficiency syndrome>,auspar-dolutegravir-sodium-abacavir-sulfate-lamivudine-150519.pdf,small molecule,triumeq,"treatment of human immunodeficiency virus (hiv) infection in adults and adolescents from 12 years of age who are antiretroviral treatment-naive or are infected with hiv without documented or clinically suspected resistance to any of the three antiretroviral agents (dolutegravir, abacavir or lamivudine) in triumeq.",no,treatment of human immunodeficiency virus (hiv) infection in adults and adolescents from 12 years of age who are antiretroviral treatment-naive or are infected with hiv without documented or clinically suspected resistance to any of the three antiretroviral agents in triumeq.,<human immunodeficiency virus>,viiv healthcare pty ltd,viiv,218644,dolutegravir sodium/abacavir sulfate/lamivudine,yes,no,tablet,pm-2013-04112-1-2,
oral,01.11.2021,2021,authorised (under additional monitoring),TGA,approved,13.01.2023,2023,diseases of the blood and blood-forming organs; diseases of the digestive system,<thrombocytopenia>; <chronic liver disease>; <immune thrombocytopenia>,auspar-doptelet-240207.pdf,small molecule,doptelet,treatment of thrombocytopenia in adult patients with chronic liver disease scheduled to undergo a procedure and in adult patients with chronic immune thrombocytopenia with insufficient response to previous treatment.,no,treatment of thrombocytopenia in adult patients with chronic liver disease scheduled to undergo a procedure and in adult patients with chronic immune thrombocytopenia with insufficient response to previous treatment.,<thrombocytopenia>; <chronic liver disease>; <immune thrombocytopenia>,swedish orphan biovitrum pty ltd,swedish orphan biovitrum,375471,avatrombopag,yes,yes,tablet,pm-2021-04302-1-6,
oral,31.01.2018,2018,authorised (under additional monitoring),TGA,approved,18.01.2019,2019,infectious and parasitic diseases,<human immunodeficiency virus>,auspar-doravirine-doravirine-lamivudine-tenofovir-disoproxil-fumarate-200311.pdf,small molecule,pifeltro and delstrigo,treatment of hiv-1 infection in adults who are antiretroviral therapy (art) naïve with no known substitutions associated with resistance to doravirine.,no,treatment of adults infected with hiv-1 without past or present evidence of viral resistance to doravirine.,<hiv infections>,merck sharp & dohme (australia) pty ltd,merck sharp & dohme,297701,doravirine,no,no,tablet,pm-2017-04580-1-2 and pm-2017-04581-1-2,na
oral,,,na,TGA,rejected,10.05.2012,2012,diseases of the skin,not reported,auspar-doxycycline-monohydrate-130606.pdf,small molecule,oracea,na,yes,to reduce papulopustular lesions in adult patients with facial rosacea,<rosacea>,galderma australia pty ltd,galderma,not applicable,doxycycline monohydrate,no,no,capsule,pm-2010-03584-3-4,na
oral,,,withdrawn,TGA,approved,28.02.2012,2012,"diseases of the skin; endocrine, nutritional, and metabolic diseases",<acne vulgaris>,auspar-drospirenone-141014.pdf,small molecule,yazflex,oral contraception; treatment of moderate acne vulgaris in women who seek oral contraception.,no,oral contraception; treatment of moderate acne vulgaris in women who seek oral contraception; treatment of symptoms of premenstrual dysphoric disorder (pmdd) in women who have chosen oral contraceptives as their method of birth control.,<acne vulgaris>; <premenstrual dysphoric disorder>,bayer australia ltd,bayer,179878,drospirenone and ethinyloestradiol,no,no,tablet,pm-2010-03613-3-5,na
intramuscular,,,authorised,TGA,approved,04.09.2014,2014,infectious and parasitic diseases,<diphtheria>; <tetanus>; <pertussis>; <hepatitis b>; <poliomyelitis>; <haemophilus infections>,auspar-dtpa-150112.pdf,vaccine,hexaxim,"vaccination of infants from six weeks of age against diphtheria, tetanus, pertussis, hepatitis b, poliomyelitis and invasive infections caused by haemophilus influenzae type b.",no,"primary and booster vaccination of infants from six weeks of age against diphtheria, tetanus, pertussis, hepatitis b, poliomyelitis, and invasive infections caused by haemophilus influenzae type b.",<diphtheria>; <tetanus>; <pertussis>; <hepatitis b>; <poliomyelitis>; <haemophilus infections>,sanofi aventis australia pty ltd,sanofi,215536,"diphtheria toxoid, haemophilus type b polysaccharide, hepatitis b surface antigen, pertussis filamentous haemagglutinin, pertussis toxoid, poliovirus, tetanus protein, tetanus toxoid",no,no,suspension,pm-2013-02800-1-2,na
subcutaneous,,,authorised,TGA,approved,22.12.2014,2014,"endocrine, nutritional, and metabolic diseases",<type 2 diabetes mellitus>,auspar-dulaglutide-rch-150727.pdf,biologics,trulicity,as an adjunct to diet and exercise to improve glycaemic control in adults with type 2 diabetes mellitus,no,as an adjunct to diet and exercise to improve glycaemic control in adults with type 2 diabetes mellitus,<type 2 diabetes mellitus>,eli lilly australia pty ltd,eli lilly,"217964, 217965",dulaglutide,no,no,solution,pm-2013-03639-1-5,na
oral,,,na,TGA,rejected,20.12.2011,2011,diseases of the musculoskeletal system and connective tissue,not reported,auspar-duloxetine-120906.pdf,small molecule,cymbalta,na,yes,treatment of chronic somatic pain,<chronic pain>,eli lilly australia pty ltd,eli lilly,,duloxetine,yes,no,capsule,pm-2010-03270-3-1,
oral,,,authorised,TGA,approved,20.10.2010,2010,diseases of the genitourinary system,<prostatic hyperplasia>,auspar-duodart.pdf,small molecule,duodart,management of moderate to severe symptomatic benign prostatic hyperplasia (bph),no,treatment and prevention of the progression of benign prostatic hyperplasia (bph) in patients with an enlarged prostate,<prostatic hyperplasia>,glaxosmithkline australia pty ltd,glaxosmithkline,162530,dutasteride and tamsulosin,yes,no,capsule,pm-2009-01559-3-3,
subcutaneous,03.01.2017,2017,authorised,TGA,approved,22.01.2018,2018,diseases of the skin,"<dermatitis, atopic>",auspar-dupilumab-180612.pdf,biologics,dupixent,treatment of moderate to severe atopic dermatitis in adult patients who are candidates for chronic systemic therapy.,no,treatment of adult patients with moderate-to-severe atopic dermatitis whose disease is not adequately controlled with topical prescription therapies or when those therapies are not advisable.,"<dermatitis, atopic>",sanofi-aventis australia pty ltd,sanofi-aventis,283127 and 282981,dupilumab,no,no,solution,pm-2016-04087-1-1,na
subcutaneous,31.07.2020,2020,authorised,TGA,approved,13.08.2021,2021,diseases of the skin; diseases of the respiratory system,"<dermatitis, atopic>; <rhinosinusitis>; <nasal polyps>",auspar-dupilumab-220504.pdf,biologics,dupixent,treatment of severe atopic dermatitis in patients aged 6 to 11 years old who are candidates for chronic systemic therapy; add-on maintenance treatment in adult patients with inadequately controlled chronic rhinosinusitis with nasal polyposis (crswnp).,yes,treatment of moderate to severe atopic dermatitis in patients aged 6 years and older who are candidates for chronic systemic therapy; add-on maintenance treatment in adult patients with inadequately controlled chronic rhinosinusitis with nasal polyposis (crswnp).,"<dermatitis, atopic>; <rhinosinusitis>; <nasal polyps>",sanofi-aventis australia pty ltd,sanofi-aventis,283127 and 302463,dupilumab,yes,no,solution,pm-2020-03043-1-5,
subcutaneous,01.06.2021,2021,authorised (under additional monitoring),TGA,approved,23.06.2022,2022,diseases of the respiratory system,<asthma>,auspar-dupixent-230314.pdf,biologics,dupixent,add on maintenance treatment in patients aged 6 years and older with moderate to severe asthma with type 2 inflammation (elevated eosinophils or elevated feno) that is inadequately controlled despite therapy with other medicinal products for maintenance treatment.,yes,add on maintenance treatment in patients aged 6 years and older with moderate to severe asthma with type 2 inflammation.,<asthma>,sanofi-aventis australia pty ltd,sanofi-aventis,"283127, 302463 and 364590",dupilumab,yes,no,solution,pm-2021-01682-1-5,
intravenous,02.12.2019,2019,authorised (under additional monitoring),TGA,approved,20.11.2020,2020,neoplasms; diseases of the respiratory system,<lung neoplasms>,auspar-durvalumab-210322.pdf,biologics,imfinzi,first-line treatment of patients with extensive-stage small cell lung cancer (es-sclc),yes,first-line treatment of patients with extensive-stage small cell lung cancer (es-sclc),<small cell lung carcinoma>,astrazeneca pty ltd,astrazeneca,"283215, 283216",durvalumab,yes,no,solution,pm-2019-04661-1-4,
subcutaneous,01.05.2023,2023,authorised,TGA,approved,16.05.2024,2024,diseases of the skin,"<dermatitis, atopic>",auspar-ebglyss-241008.pdf,biologics,ebglyss,for the treatment of adult and adolescent patients (12 years of age and older) with moderate to severe atopic dermatitis (ad) who are candidates for systemic therapy.,no,for the treatment of adult and adolescent patients (12 years of age and older) with moderate-to-severe atopic dermatitis (ad).,"<dermatitis, atopic>",eli lilly australia pty ltd,eli lilly,406290,lebrikizumab,no,no,solution,,na
intravenous,02.12.2019,2019,authorised (under additional monitoring),TGA,approved,26.06.2020,2020,diseases of the nervous system,<neuromyelitis optica spectrum disorder>,auspar-eculizumab-201124.pdf,biologics,soliris,adult patients with neuromyelitis optica spectrum disorder (nmosd) who are anti-aquaporin-4 (aqp4) antibody-positive.,yes,adult patients with neuromyelitis optica spectrum disorder (nmosd) who are anti-aquaporin-4 (aqp4) antibody-positive.,<neuromyelitis optica spectrum disorder>,alexion pharmaceuticals australasia pty ltd,alexion,138885,eculizumab,yes,yes,solution,pm-2019-04825-1-1,health canada
intravenous,,,authorised,TGA,approved,18.06.2014,2014,diseases of the blood and blood-forming organs,<hemophilia a>,auspar-efmoroctocog-alfa-rhu-150317.pdf,biologics,eloctate,control and prevention of bleeding episodes; routine prophylaxis to prevent or reduce the frequency of bleeding episodes; perioperative management in adults and children with haemophilia a,no,control and prevention of bleeding episodes; routine prophylaxis to prevent or reduce the frequency of bleeding episodes; perioperative management in adults and children with haemophilia a,<hemophilia a>,biogen idec australia pty ltd,biogen,"210521, 210519, 210523, 210525, 210522, 210524, 210520",efmoroctocog alfa,no,yes,powder,pm-2013-01157-1-4,na
intravenous,,,authorised,TGA,approved,17.04.2014,2014,diseases of the blood and blood-forming organs,<hemophilia b>,auspar-eftrenonacog-alfa-141103.pdf,biologics,alprolix,control and prevention of bleeding episodes; routine prophylaxis to prevent or reduce the frequency of bleeding episodes; perioperative management in adults and children (≥ 12 years) with haemophilia b,no,control and prevention of bleeding episodes in adults and children (≥ 12 years) with haemophilia b,<hemophilia b>,biogen idec australia pty ltd,biogen,"209227 (250 iu), 209223 (500 iu), 209224 (1000 iu), 209225 (2000 iu) and 209226 (3000 iu)",eftrenonacog alfa,no,yes,powder,pm-2013-00745-1-4,na
subcutaneous,01.2024,2024,authorised,TGA,approved,06.11.2024,2024,diseases of the musculoskeletal system and connective tissue,<osteoporosis>,auspar-eladynos-250218.pdf,peptides and proteins,eladynos,for the treatment of osteoporosis in postmenopausal women at increased risk of fracture.,no,for the treatment of osteoporosis in postmenopausal women at increased risk of fracture.,<osteoporosis>,theramex australia pty ltd,theramex,430937,abaloparatide,no,no,solution,pm-2023-05942-1-5,na
intramuscular,08.07.2021,2021,authorised (under additional monitoring),TGA,approved,03.09.2021,2021,infectious and parasitic diseases; diseases of the respiratory system,<coronavirus infections>,auspar-elasomeran-210903.pdf,vaccine,spikevax,active immunisation to prevent coronavirus disease 2019 (covid-19) caused by sars-cov-2 in individuals 12 years of age and older.,no,active immunisation to prevent covid-19 caused by sars-cov-2 in individuals 12-17 years of age and older.,<covid-19>,moderna australia pty ltd,moderna,370599,elasomeran,yes,no,suspension,pm-2021-02994-1-2,
intramuscular,25.11.2021,2021,authorised,TGA,approved,17.02.2022,2022,infectious and parasitic diseases; diseases of the respiratory system,<coronavirus infections>,auspar-elasomeran-220221.pdf,vaccine,spikevax,active immunisation to prevent coronavirus disease 2019 (covid-19) caused by sars-cov-2 in individuals 6 years of age and older.,yes,active immunisation to prevent coronavirus disease 2019 (covid-19) caused by sars-cov-2 in individuals 6 years of age and older.,<coronavirus disease 2019>,moderna australia pty ltd,moderna,370599,elasomeran,yes,no,suspension,pm-2021-05269-1-2,
intramuscular,12.05.2022,2022,authorised (under additional monitoring),TGA,approved,19.07.2022,2022,infectious and parasitic diseases,<coronavirus disease 2019>,auspar-elasomeran-220727.pdf,vaccine,spikevax,active immunisation to prevent coronavirus disease 2019 (covid-19) caused by sars-cov-2 in individuals 6 months of age and older.,yes,active immunisation to prevent coronavirus disease 2019 (covid-19) caused by sars-cov-2 in individuals 6 months of age and older.,<coronavirus disease 2019>,moderna australia pty ltd,moderna,"370599, 388244 and 388245",elasomeran,no,no,suspension,pm-2022-01792-1-2 and pm-2022-01760-1-2,na
intramuscular,08.11.2021,2021,authorised (under additional monitoring),TGA,approved,07.12.2021,2021,infectious and parasitic diseases; diseases of the respiratory system,<coronavirus infections>,auspar-elasomeran-mrna-1273-211208.pdf,vaccine,spikevax,active immunisation to prevent coronavirus disease 2019 (covid-19) caused by sars-cov-2 in individuals 18 years of age and older.,yes,active immunisation to prevent coronavirus disease 2019 (covid-19) caused by sars-cov-2 in individuals 12 years of age and older.,<coronavirus disease 2019>,moderna australia pty ltd,moderna,370599,elasomeran,yes,no,suspension,,
intramuscular,08.07.2021,2021,authorised (under additional monitoring),TGA,approved,09.08.2021,2021,infectious and parasitic diseases; diseases of the respiratory system,<covid-19>,auspar-elasomeran.pdf,vaccine,spikevax,active immunisation to prevent covid-19 caused by sars-cov-2 in individuals 18 years of age and older.,no,active immunisation to prevent covid-19 caused by sars-cov-2 in individuals 18 years of age and older.,<covid-19>,moderna australia pty ltd,moderna,370599,elasomeran,no,no,suspension,pm-2021-02994-1-2,na
subcutaneous,30.06.2021,2021,authorised (under additional monitoring),TGA,approved,06.07.2022,2022,"endocrine, nutritional, and metabolic diseases",<central precocious puberty>,auspar-eligard-230303.pdf,peptides and proteins,eligard,central precocious puberty (cpp),yes,central precocious puberty (cpp),<precocious puberty>,mundipharma pty ltd,mundipharma,101581,leuprorelin acetate,yes,no,injection,pm-2021-01406-1-5,
oral,,,authorised,TGA,approved,10.02.2015,2015,"diseases of the blood and blood-forming organs; endocrine, nutritional, and metabolic diseases",<gaucher disease>,auspar-eliglustat-150818.pdf,small molecule,cerdelga/eliglustat,long-term treatment of adult patients with gaucher disease type 1 (gd1),no,long-term treatment of adult patients with gaucher disease type 1 (gd1),<gaucher disease>,sanofi-aventis australia pty ltd,sanofi-aventis,"218171, 218172",eliglustat,no,yes,capsule,pm-2013-03651-1-1,na
oral,,,authorised,TGA,approved,14.07.2011,2011,diseases of the musculoskeletal system and connective tissue; diseases of the circulatory system,<thromboembolism>,auspar-eliquis.pdf,small molecule,eliquis,for the prevention of venous thromboembolic events (vte) in adult patients who have undergone elective total hip or total knee replacement surgery.,no,prevention of venous thromboembolic events (vte) in adult patients who have undergone elective hip or knee replacement surgery.,<thromboembolism>,bristol-myers squibb australia pty ltd,bristol-myers squibb,172244,apixaban,no,no,tablet,pm-2010-01492-3-3,na
subcutaneous,,,authorised,TGA,approved,21.07.2010,2010,diseases of the genitourinary system,"<infertility, female>",auspar-elonva.pdf,biologics,elonva,controlled ovarian stimulation (cos) for the development of multiple follicles and pregnancy in women undergoing in-vitro fertilisation techniques.,no,controlled ovarian stimulation (cos) for the development of multiple follicles and pregnancy in women undergoing in-vitro fertilisation techniques.,<infertility>,schering-plough pty ltd,schering-plough,160646 and 160645,corifollitropin alfa,no,no,solution,pm-2009-00870-3-5,na
intravenous,,,authorised,TGA,approved,02.12.2014,2014,diseases of the musculoskeletal system and connective tissue; diseases of the respiratory system,<mucopolysaccharidoses>,auspar-elosulfase-alfa-rch-150408.pdf,biologics,vimizim,treatment of mucopolysaccharidosis type iva (mps iva; morquio a syndrome),no,treatment of mucopolysaccharidosis type iva (mps iva; morquio a syndrome),<mucopolysaccharidoses>,biomarin pharmaceutical australia pty ltd,biomarin,215523,elosulfase alfa,no,yes,tablet,pm-2013-02807-1-3,na
intravenous,,,authorised,TGA,approved,12.09.2016,2016,neoplasms; diseases of the blood and blood-forming organs,<multiple myeloma>,auspar-elotuzumab-171009.pdf,biologics,empliciti,combination treatment of multiple myeloma in adult patients who have received one or more prior therapies.,no,combination treatment of multiple myeloma in adult patients who have received one or more prior therapies.,<multiple myeloma>,bristol-myers squibb australia pty ltd,bristol-myers squibb,260052; 260055,elotuzumab,yes,no,lyophilisate,pm-2015-02402-1-4,
subcutaneous,31.05.2023,2023,authorised (under additional monitoring),TGA,approved,26.06.2024,2024,neoplasms; diseases of the blood and blood-forming organs,<multiple myeloma>,auspar-elrexfio-241031.pdf,biologics,elrexfio,"treatment of adult patients with relapsed or refractory multiple myeloma who have received at least 3 prior therapies, including a proteasome inhibitor, an immunomodulatory agent, and an anti-cd38 monoclonal antibody and have demonstrated disease progression on the last therapy.",no,"treatment of adult patients with relapsed or refractory multiple myeloma who have received at least 3 prior therapies, including a proteasome inhibitor, an immunomodulatory agent, and an anti-cd38 monoclonal antibody.",<multiple myeloma>,pfizer australia pty ltd,pfizer,408212; 408213,elranatamab,no,no,solution,pm-2023-01920-1-6,na
oral,,,authorised,TGA,approved,07.12.2015,2015,diseases of the blood and blood-forming organs,"<anemia, aplastic>",auspar-eltrombopag-160330.pdf,small molecule,revolade,for the treatment of adult patients with severe aplastic anaemia (saa) who have had an insufficient response to immunosuppressive therapy.,yes,the treatment of adult patients with severe aplastic anaemia (saa) who have had an insufficient response to immunosuppressive therapy.,<aplastic anemia>,novartis pharmaceuticals australia pty ltd,novartis,"158419, 158356, 200121",eltrombopag,yes,yes,tablet,pm-2014-04303-1-4,
oral,,,authorised,TGA,approved,27.08.2013,2013,diseases of the blood and blood-forming organs; infectious and parasitic diseases,"<thrombocytopenia>; <hepatitis c, chronic>",auspar-eltrombopag-olamine-131203.pdf,small molecule,revolade,treatment of thrombocytopenia in patients with chronic hepatitis c to allow the initiation and maintenance of interferon-based therapy.,yes,treatment of thrombocytopenia in adult patients with chronic hepatitis c virus (hcv) infection to enable the initiation of interferon-based therapy and during interferon-based therapy.,<thrombocytopenia>; <hepatitis c>,glaxosmithkline australia pty ltd,glaxosmithkline,"158356, 158419 and 200121",eltrombopag olamine,yes,no,tablet,pm-2012-01934-3-2,
oral,30.09.2016,2016,withdrawn,TGA,withdrawn,24.11.2017,2017,diseases of the digestive system,not reported,auspar-eluxadoline-180516.docx.pdf,small molecule,viberzi,na,no,treatment of irritable bowel syndrome with diarrhoea (ibs-d) in adults,<irritable bowel syndrome>,allergan australia pty ltd,allergan,,eluxadoline,no,no,tablet,pm-2016-02313-1-1,na
oral,,,authorised,TGA,approved,15.10.2013,2013,infectious and parasitic diseases,<hiv infections>,auspar-elvitegravir-131216.pdf,small molecule,vitekta,treatment of hiv-1 infection in antiretroviral treatment-experienced adults and adolescents when co-administered with a ritonavir-boosted protease inhibitor and other antiretroviral therapy,no,treatment of hiv-1 infection in antiretroviral treatment-experienced adults,<human immunodeficiency virus>,gilead sciences pty ltd,gilead,200435 (85 mg); 201510 (150 mg),elvitegravir,no,no,tablet,pm-2012-02159-3-2,na
oral,,,authorised,TGA,approved,12.01.2016,2016,infectious and parasitic diseases,<hiv infections>,auspar-elvitegravir-160628.pdf,small molecule,genvoya,treatment of hiv-1 infection in adults and adolescents aged 12 years of age and older with body weight at least 35 kg who are either treatment naive or virologically suppressed on a stable antiretroviral regimen,no,treatment of hiv-1 infection in adults and paediatric patients 12 years of age and older without any known mutations associated with resistance to the individual components of genvoya,<hiv infections>,gilead sciences pty ltd,gilead,233398,elvitegravir / cobicistat / emtricitabine / tenofovir alafenamide,yes,no,tablet,pm-2014-04011-1-2,
oral,31.03.2017,2017,authorised,TGA,approved,20.03.2018,2018,infectious and parasitic diseases,<hiv infections>,auspar-elvitegravir-cobicistat-emtricitabine-tenofovir-alafenamide-fumarate-181018.pdf,small molecule,genvoya,treatment of hiv-1 infection in adults and paediatric patients weighing at least 25 kg who are either treatment-naïve or virologically suppressed on a stable antiretroviral regimen,yes,treatment of hiv-1 infection in paediatric patients weighing at least 25 kg,<hiv infections>,gilead sciences pty ltd,gilead,233398,"elvitegravir, cobicistat, emtricitabine, tenofovir alafenamide",yes,no,tablet,pm-2016-04632-1-2,
oral,,,authorised,TGA,approved,17.04.2014,2014,"endocrine, nutritional, and metabolic diseases",<type 2 diabetes mellitus>,auspar-empagliflozin-150127.pdf,small molecule,jardiance,treatment of type 2 diabetes mellitus to improve glycaemic control in adults as monotherapy or add-on combination therapy.,no,as an adjunct to diet and exercise to improve glycaemic control in adults with type 2 diabetes mellitus.,<type 2 diabetes mellitus>,boehringer ingelheim pty ltd,boehringer ingelheim,208829,empagliflozin,no,no,tablet,pm-2013-00674-1-5,na
oral,,,authorised,TGA,approved,06.01.2017,2017,"endocrine, nutritional, and metabolic diseases; diseases of the circulatory system",<type 2 diabetes mellitus>; <cardiovascular diseases>,auspar-empagliflozin-171026.pdf,small molecule,jardiance,patients with type 2 diabetes mellitus and established cardiovascular disease to reduce the risk of cardiovascular death,yes,prevention of cardiovascular events in patients with type 2 diabetes mellitus and high cardiovascular risk,<type 2 diabetes mellitus>,boehringer ingelheim pty ltd,boehringer ingelheim,aust r 208829; aust r 208827,empagliflozin,yes,no,tablet,pm-2015-04356-1-5,
oral,,,authorised,TGA,approved,09.04.2014,2014,infectious and parasitic diseases,<hiv infections>,auspar-emtricitabine-140612.pdf,small molecule,emtriva,"treatment of hiv in combination with other antiretroviral agents in infected adults and paediatric patients 12 years of age and older, weighing more than 33 kg.",yes,treatment of hiv infected adults and paediatric patients 12 years of age and older in combination with other antiretroviral agents.,<hiv infections>,gilead sciences pty ltd,gilead,"96426, 96427",emtricitabine,yes,yes,capsule,pm-2012-02513-3-2,
oral,,,authorised,TGA,approved,28.06.2016,2016,infectious and parasitic diseases,<hiv infections>,auspar-emtricitabine-161220.pdf,small molecule,descovy,treatment of hiv-1 infection in adults and adolescents aged 12 years and older with body weight at least 35 kg.,no,treatment of hiv-1 infection in adults and adolescents aged 12 years and older with body weight at least 35 kg.,<hiv infections>,gilead sciences pty ltd,gilead,246092 and 246093,emtricitabine/tenofovir alafenamide,yes,no,tablet,pm-2015-01283-1-3,
oral,02.01.2019,2019,authorised (under additional monitoring),TGA,approved,15.01.2020,2020,neoplasms; diseases of the blood and blood-forming organs,"<leukemia, myeloid, acute>",auspar-enasidenib-200424.pdf,small molecule,idhifa,"treatment of adult patients with relapsed or refractory acute myeloid leukaemia who are ineligible for haematopoietic stem cell transplant, and who have an isocitrate dehydrogenase-2 (idh2) mutation confirmed by a validated diagnostic test.",no,treatment of adult patients with relapsed or refractory acute myeloid leukaemia with an isocitrate dehydrogenase-2 (idh2) mutation.,"<leukemia, myeloid, acute>",celgene pty ltd,celgene,"311541, 311542",enasidenib,no,yes,tablet,pm-2018-04819-1-6,na
subcutaneous,,,authorised,TGA,approved,16.02.2010,2010,diseases of the skin,<psoriasis>,auspar-enbrel.pdf,biologics,enbrel,"treatment of adult patients with moderate to severe chronic plaque psoriasis, who are candidates for phototherapy or systemic therapy",yes,"treatment of adult patients with moderate to severe chronic plaque psoriasis, who are candidates for phototherapy or systemic therapy",<psoriasis>,wyeth australia pty ltd,wyeth,,etanercept,yes,no,powder; diluent; solution,pm-2008-03723-3-4,
intravenous,31.08.2022,2022,authorised,TGA,approved,24.01.2023,2023,neoplasms,<breast neoplasms>,auspar-enhertu-240906.pdf,biologics,enhertu,treatment of adult patients with unresectable or metastatic her2-low breast cancer who have received prior chemotherapy in the metastatic setting or developed disease recurrence during or within 6 months of completing adjuvant chemotherapy.,yes,treatment of adult patients with unresectable or metastatic her2-low breast cancer who have received prior systemic therapy in the metastatic setting or developed disease recurrence during or within 6 months of completing adjuvant chemotherapy.,<breast neoplasms>,astrazeneca pty ltd,astrazeneca,343262,trastuzumab deruxtecan,no,no,powder,pm-2022-02867-1-4,na
subcutaneous; intravenous,,,withdrawn,TGA,withdrawn,06.04.2017,2017,diseases of the circulatory system,not reported,auspar-enoxaparin-sodium-171107.pdf,biologics,crusia-aft; crusia-aft forte,na,no,"prevention of thrombo-embolic disorders of venous origin in patients undergoing orthopaedic and general surgery; prophylaxis of venous thromboembolism in medical patients bedridden due to acute illness; prevention of thrombosis in extra-corporeal circulation during haemodialysis; treatment of established deep vein thrombosis; treatment of unstable angina and non-q-wave myocardial infarction, administered concurrently with aspirin; treatment of acute st-segment elevation myocardial infarction (stemi) as an adjunctive to thrombolytic treatment, including patients to be managed medically or with subsequent percutaneous coronary intervention (pci).","<thromboembolism>; <venous thromboembolism>; <thrombosis>; <deep vein thrombosis>; <angina, unstable>; <myocardial infarction>",aft pharmaceuticals pty ltd,aft,,enoxaparin sodium,yes,no,solution,pm-2015-04749-1-3,
subcutaneous,22.07.2013,2013,authorised,TGA,approved,13.02.2015,2015,diseases of the circulatory system,"<thromboembolism>; <venous thromboembolism>; <thrombosis>; <deep vein thrombosis>; <angina, unstable>; <myocardial infarction>",auspar-enoxaparin-sodium-200721.pdf,biologics,enoxapo,"prevention of thromboembolic disorders of venous origin in patients undergoing orthopaedic and general surgery; prophylaxis of venous thromboembolism in medical patients bedridden due to acute illness; prevention of thrombosis in extra-corporeal circulation during haemodialysis; treatment of established deep vein thrombosis; treatment of unstable angina and non-q-wave myocardial infarction, administered concurrently with aspirin; treatment of acute st-segment elevation myocardial infarction (stemi) as an adjunctive to thrombolytic treatment, including patients to be managed medically or with subsequent percutaneous coronary intervention (pci).",no,"prevention of thromboembolic disorders of venous origin in patients undergoing orthopaedic and general surgery; prophylaxis of venous thromboembolism in medical patients bedridden due to acute illness; prevention of thrombosis in extra-corporeal circulation during haemodialysis; treatment of established deep vein thrombosis; treatment of unstable angina and non-q-wave myocardial infarction, administered concurrently with aspirin; treatment of acute st-segment elevation myocardial infarction (stemi) as an adjunctive to thrombolytic treatment, including patients to be managed medically or with subsequent percutaneous coronary intervention (pci).","<thromboembolism>; <venous thromboembolism>; <thrombosis>; <deep vein thrombosis>; <angina, unstable>; <myocardial infarction>",apotex pty ltd,apotex,"210340, 210337, 210333, 210324, 210320, 210318 and 210312",enoxaparin sodium,yes,no,solution,pm-2012-03777-1-3,
oral,01.07.2019,2019,authorised (under additional monitoring),TGA,approved,14.05.2020,2020,neoplasms; diseases of the respiratory system,<lung neoplasms>; <neoplasms>,auspar-entrectinib-201211.pdf,small molecule,rozlytrek,non-small cell lung cancer (nsclc); solid tumours,yes,non-small cell lung cancer (nsclc); solid tumours,<non-small-cell lung carcinoma>; <neoplasms>,roche products pty ltd,roche,"318002, 318003",entrectinib,no,no,capsule,pm-2019-01808-1-4 and pm-2019-01809-1-4,na
oral,,,authorised,TGA,approved,26.06.2014,2014,neoplasms,<prostatic neoplasms>,auspar-enzalutamide-141124.pdf,small molecule,xtandi,treatment of patients with metastatic castration-resistant prostate cancer who have previously received docetaxel,no,treatment of patients with metastatic castration-resistant prostate cancer who have previously received docetaxel,<prostatic neoplasms>,astellas pharma australia pty ltd,astellas,210494,enzalutamide,no,no,capsule,pm-2013-01155-1-4,na
oral,,,authorised,TGA,approved,06.11.2015,2015,neoplasms,<prostatic neoplasms>,auspar-enzalutamide-160323.pdf,small molecule,xtandi,for the treatment of patients with metastatic castration-resistant prostate cancer following failure of androgen deprivation therapy in whom chemotherapy is not yet indicated.,yes,the treatment of patients with metastatic castration-resistant prostate cancer who are asymptomatic or mildly symptomatic after failure of androgen deprivation therapy in whom chemotherapy is not yet clinically indicated.,<prostatic neoplasms>,astellas pharma australia pty ltd,astellas,210494,enzalutamide,no,no,capsule,pm-2014-03154-1-4,na
intravenous,,,authorised,TGA,approved,18.07.2016,2016,diseases of the circulatory system,<hypotension>,auspar-ephedrine-hydrochloride-170622.pdf,small molecule,ephedrine hydrochloride myx,treatment of hypotension secondary to spinal anaesthesia,no,treatment of shock unresponsive to fluid replacement; treatment of hypotension secondary to spinal anaesthesia; treatment of bronchial asthma and reversible bronchospasm,<shock>; <hypotension>; <asthma>; <bronchial spasm>,mayne pharma international pty ltd,mayne,243672,ephedrine hydrochloride,yes,no,solution,pm-2015-01131-1-3,
intravenous,,,authorised,TGA,approved,06.10.2016,2016,diseases of the circulatory system,<hypotension>,auspar-ephedrine-hydrochloride-171013.pdf,small molecule,ephedrine hydrochloride sxp / ephedrine hydrochloride rmb / ephedrine hydrochloride ajs,treatment of hypotension secondary to spinal anaesthesia,no,treatment of shock unresponsive to fluid replacement; treatment of hypotension secondary to spinal anaesthesia,<shock>; <hypotension>,southern cross pharma pty ltd,southern cross,"259539, 259692, 259672",ephedrine hydrochloride,yes,no,solution,pm-2015-01909-1-3,
oral,,,authorised,TGA,approved,23.05.2013,2013,diseases of the circulatory system,<heart failure>,auspar-eplerenone-131001.pdf,small molecule,inspra,to reduce the risk of cardiovascular mortality and morbidity in adult patients with nyha class ii (chronic) heart failure and left ventricular systolic dysfunction (lvef ≤30% or lvef ≤35% in addition to qrs duration of >130 msec) in addition to standard optimal therapy.,yes,to reduce the risk of cardiovascular mortality and morbidity in adult patients with nyha class ii (chronic) heart failure and left ventricular systolic dysfunction (lvef ≤ 35%) in addition to standard optimal therapy.,<heart failure>,pfizer australia pty ltd,pfizer,100162 and 100163,eplerenone,yes,no,tablet,pm-2011-04066-3-3,
intravenous,02.06.2020,2020,authorised (under additional monitoring),TGA,approved,09.06.2021,2021,diseases of the nervous system,<migraine disorders>,auspar-eptinezumab-220303.pdf,biologics,vyepti,preventive treatment of migraine in adults,no,preventive treatment of migraine in adults,<migraine disorders>,lundbeck australia pty ltd,lundbeck,335256,eptinezumab,no,no,concentrate,pm-2020-01823-1-1,na
intravenous,,2009,withdrawn,TGA,withdrawn,24.08.2011,2011,neoplasms; diseases of the respiratory system,not reported,auspar-erbitux-1.pdf,biologics,erbitux,na,yes,advanced or metastatic non-small cell lung cancer,<non-small cell lung carcinoma>,merck serono australia pty ltd,merck serono,"132348, 132393, 132395, 132396",cetuximab,yes,no,solution,pm-2009-02587-4,
intravenous,,,authorised,TGA,approved,05.01.2010,2010,neoplasms,<colorectal neoplasms>; <squamous cell carcinoma of head and neck>,auspar-erbitux.pdf,biologics,erbitux,"treatment of patients with epidermal growth factor receptor (egfr)-expressing, k-ras wild-type metastatic colorectal cancer (crc) in combination with chemotherapy or as a single agent in patients who have failed oxaliplatin- and irinotecan-based therapy and who are intolerant to irinotecan; treatment of patients with squamous cell cancer of the head and neck in combination with radiation therapy for locally advanced disease or in combination with platinum-based chemotherapy for recurrent and/or metastatic disease.",yes,"treatment of patients with epidermal growth factor receptor (egfr)-expressing, k-ras wild-type metastatic colorectal cancer (crc) in combination with chemotherapy or as a single agent in patients who have failed oxaliplatin- and irinotecan-based therapy and who are intolerant to irinotecan; treatment of patients with squamous cell cancer of the head and neck in combination with radiation therapy for locally advanced disease or in combination with platinum-based chemotherapy for recurrent and/or metastatic disease.",<colorectal neoplasms>; <squamous cell carcinoma of head and neck>,merck serono australia pty ltd,merck serono,,cetuximab,yes,no,solution,,
subcutaneous,31.07.2017,2017,authorised (under additional monitoring),TGA,approved,28.06.2018,2018,diseases of the nervous system,<migraine disorders>,auspar-erenumab-1909010.pdf,biologics,aimovig,prophylaxis of migraine in adults,no,prophylaxis of migraine in adults,<migraine disorders>,novartis australia pty ltd,novartis,"289959, 289960",erenumab,no,no,solution,pm-2017-02174-1-1,na
intravenous,,,authorised,TGA,approved,30.08.2012,2012,neoplasms,<breast neoplasms>,auspar-eribulin-mesilate-130517-01.pdf,small molecule,halaven,treatment of patients with locally advanced or metastatic breast cancer who have progressed after at least two chemotherapeutic regimens for advanced disease.,no,treatment of patients with locally advanced or metastatic breast cancer who have progressed after at least two chemotherapeutic regimens for advanced disease.,<breast neoplasms>,eisai australia pty ltd,eisai,187136,eribulin mesilate,no,no,solution,pm-2011-01624-3-4,na
intravenous,,,authorised,TGA,approved,16.11.2016,2016,neoplasms,<liposarcoma>,auspar-eribulin-mesilate-171012.pdf,small molecule,halaven,treatment of patients with unresectable liposarcoma who have received prior chemotherapy for advanced or metastatic disease.,yes,treatment of patients with unresectable soft tissue sarcoma (sts) who have received prior chemotherapy for advanced or metastatic disease.,<soft tissue sarcomas>,eisai australia pty ltd,eisai,187136,eribulin mesilate,yes,yes,solution,pm-2015-04001-1-4,
oral,,,authorised,TGA,approved,29.06.2012,2012,neoplasms; diseases of the respiratory system,<non-small-cell lung carcinoma>,auspar-erlotinib-130107.pdf,small molecule,tarceva,first-line treatment of patients with advanced (stage iiib) or metastatic (stage iv) non-small cell lung cancer (nsclc) with activating egfr mutations.,yes,first-line treatment of patients with advanced (stage iiib) or metastatic (stage iv) non-small cell lung cancer (nsclc) with activating egfr mutations.,<non-small-cell lung carcinoma>,roche products pty limited,roche,"114714, 114717 and 114721",erlotinib,yes,yes,tablet,pm-2011-01993-3-4,
oral,31.05.2017,2017,authorised,TGA,approved,14.05.2018,2018,"endocrine, nutritional, and metabolic diseases",<type 2 diabetes mellitus>,auspar-ertugliflozin-ertugliflozine-sitagliptin-ertugliflozin-metformin-190205.pdf,small molecule,"steglatro, steglujan, segluromet",as an adjunct to diet and exercise to improve glycaemic control in adults with type 2 diabetes mellitus,no,as an adjunct to diet and exercise to improve glycaemic control in adults with type 2 diabetes mellitus,<type 2 diabetes mellitus>,merck sharpe and dohme pty ltd,merck sharpe and dohme,"287619 and 287622; 287621 and 287634; 287630 and 287626; 287625 and 287637; 287636, 287635, 287633 and 287627, 287629, 287623, 287632 and 287631",ertugliflozin,no,no,tablet,pm-2017-01328-1-5; pm-2017-01329-1-5; pm-2017-01330-1-5,na
intravenous; intramuscular,30.09.2021,2021,authorised (under additional monitoring),TGA,approved,06.02.2024,2024,neoplasms; diseases of the blood and blood-forming organs,<precursor cell lymphoblastic leukemia-lymphoma>,auspar-erwinase-240626.pdf,biologics,erwinase,erwinase is indicated as a component of a multi-agent chemotherapeutic regimen for the treatment of patients with acute lymphoblastic leukemia (all) who have developed hypersensitivity to pegylated asparaginase obtained from e. coli.,no,"erwinase is used in combination with other chemotherapeutic agents to treat patients, principally children, with acute lymphoblastic leukaemia who have developed hypersensitivity to e. coli asparaginase or pegylated asparaginase obtained from e. coli.",<precursor cell lymphoblastic leukemia-lymphoma>,ppd australia pty ltd,ppd,371877,crisantaspase,yes,yes,powder,pm-2021-03236-1-6,
nasal,02.01.2019,2019,authorised (under additional monitoring),TGA,approved,05.03.2021,2021,mental and behavioural disorders,"<depressive disorder, treatment-resistant>; <major depressive disorder>",auspar-esketamine-hydrochloride-210507.pdf,small molecule,spravato,treatment resistant depression (major depressive disorder in adults who have not responded adequately to at least two different antidepressants of adequate dose and duration to treat the current moderate to severe depressive episode).,no,treatment resistant depression (major depressive disorder in adults who have not responded adequately to at least two different antidepressants of adequate dose and duration to treat the current depressive episode).,"<depressive disorder, major>",janssen-cilag pty ltd,janssen-cilag,311827,esketamine hydrochloride,no,no,solution,pm-2018-04814-1-1,na
oral,02.06.2020,2020,authorised (under additional monitoring),TGA,approved,10.05.2021,2021,diseases of the nervous system,<epilepsy>,auspar-eslicarbazepine-acetate_-210909.pdf,small molecule,zebinix,"monotherapy in the treatment of partial-onset seizures, with or without secondary generalisation, in adults with newly diagnosed epilepsy; adjunctive therapy in adults, adolescents and children aged above 6 years, with partial-onset seizures with or without secondary generalisation.",no,"monotherapy in the treatment of partial-onset seizures, with or without secondary generalisation, in adults with newly diagnosed epilepsy; adjunctive therapy in adults, adolescents and children aged above 6 years, with partial-onset seizures with or without secondary generalisation.",<epilepsy>,maxx pharma pty ltd,maxx,335289 and 335290,eslicarbazepine acetate,yes,no,tablet,pm-2020-01850-1-1,
intravenous,03.06.2022,2022,authorised (under additional monitoring),TGA,approved,31.05.2023,2023,diseases of the blood and blood-forming organs,<not reported>,auspar-esperoct-231024.pdf,biologics,esperoct,routine prophylactic treatment to prevent or reduce the frequency of bleeding episodes; on-demand treatment and control of bleeding episodes; peri-operative management of bleeding (surgical prophylaxis),no,for the treatment and prophylaxis of bleeding in previously treated patients with haemophilia a (congenital factor viii deficiency).,<hemophilia a>,novo nordisk pharmaceuticals pty ltd,novo nordisk,"389597,389598,389600,389599,389596",turoctocog alfa pegol,no,no,powder,pm-2022-01578-1-6,na
subcutaneous,,,authorised,TGA,approved,22.12.2011,2011,diseases of the skin,<plaque psoriasis>,auspar-etanercept-120319.pdf,biologics,enbrel,"treatment of chronic, severe plaque psoriasis in children and adolescents from age 4 to 17 years, who are inadequately controlled by, or are intolerant to, other systemic therapies or phototherapies. duration of therapy to be no longer than 24 weeks and treatment to be ceased after 12 weeks if a significant pasi response is not achieved.",yes,"treatment of chronic, moderate to severe plaque psoriasis in children and adolescents from the age of 6 years who are inadequately controlled by, or are intolerant to, other systemic therapies or phototherapies",<psoriasis>,pfizer australia pty ltd,pfizer,"90456, 107316, 124421, 124422, 157622",etanercept,yes,no,powder; solution,pm-2010-03845-3-4,
injection,06.02.2013,2013,authorised,TGA,approved,12.02.2014,2014,diseases of the musculoskeletal system and connective tissue,"<arthritis, juvenile>",auspar-etanercept-140424.pdf,biologics,enbrel,juvenile idiopathic arthritis,yes,juvenile idiopathic arthritis,"<arthritis, juvenile>",pfizer australia pty ltd,pfizer,"90456, 107316, 124421, 124422, 157627",etanercept,yes,no,powder; diluent; solution,pm-2012-04135-1-3,
subcutaneous,,,authorised,TGA,approved,17.04.2015,2015,diseases of the musculoskeletal system and connective tissue,"<arthritis, spondylarthritis>",auspar-etanercept-150923.pdf,biologics,enbrel,treatment of adults with active non-radiographic axial spondyloarthritis with objective signs of inflammation as indicated by elevated c-reactive protein (crp) and/or mri change who have had an inadequate response to nsaids.,yes,treatment of adults with active non-radiographic axial spondyloarthritis who have had an inadequate response to conventional therapy.,"<arthritis, spondylarthritis>",pfizer australia pty ltd,pfizer,"107361, 124421, 157622, 90456 and 124422",etanercept,yes,no,solution,pm-2013-04552-1-3,
subcutaneous,30.11.2016,2016,authorised,TGA,approved,18.10.2017,2017,diseases of the musculoskeletal system and connective tissue; diseases of the skin,"<rheumatoid arthritis>; <arthritis, psoriatic>; <psoriasis>; <spondylitis, ankylosing>; <spondylarthropathies>; <arthritis, juvenile>; <psoriasis>",auspar-etanercept-180907.pdf,biologics,erelzi,rheumatoid arthritis; psoriatic arthritis; plaque psoriasis; ankylosing spondylitis; non-radiographic axial spondyloarthritis; polyarticular juvenile idiopathic arthritis; paediatric plaque psoriasis,no,rheumatoid arthritis; psoriatic arthritis; plaque psoriasis; ankylosing spondylitis; non-radiographic axial spondyloarthritis; polyarticular juvenile idiopathic arthritis; paediatric plaque psoriasis,"<rheumatoid arthritis>; <arthritis, psoriatic>; <psoriasis>; <spondylitis, ankylosing>; <spondylarthritis>; <arthritis, juvenile>; <psoriasis>",novartis pharmaceuticals australia pty ltd,novartis,"281780, 281783, 281784",etanercept,yes,no,solution,pm-2016-03159-1-1,
subcutaneous,31.10.2018,2018,authorised,TGA,approved,28.01.2020,2020,diseases of the musculoskeletal system and connective tissue; diseases of the skin; diseases of the blood and blood-forming organs,"<rheumatoid arthritis>; <arthritis, psoriatic>; <psoriasis>; <spondylitis, ankylosing>; <spondylarthritis>; <arthritis, juvenile>; <psoriasis>",auspar-etanercept-210224.pdf,biologics,rymti/etera,"rheumatoid arthritis, psoriatic arthritis, plaque psoriasis, ankylosing spondylitis, non-radiographic axial spondyloarthritis, juvenile idiopathic arthritis, paediatric plaque psoriasis",no,"rheumatoid arthritis, psoriatic arthritis, plaque psoriasis, ankylosing spondylitis, non-radiographic axial spondyloarthritis, juvenile idiopathic arthritis, paediatric plaque psoriasis","<rheumatoid arthritis>; <arthritis, psoriatic>; <psoriasis>; <spondylitis, ankylosing>; <spondyloarthritis>; <arthritis, juvenile>; <psoriasis>",lupin australia pty ltd,lupin,"309829, 309831, 309830, 309834",etanercept,no,no,solution,pm-2018-03223-1-3,na
subcutaneous,,,authorised,TGA,approved,15.07.2016,2016,diseases of the musculoskeletal system and connective tissue; diseases of the skin,"<rheumatoid arthritis>; <arthritis, psoriatic>; <psoriasis>; <spondylitis, ankylosing>; <spondyloarthritis, axial>",auspar-etanercept-rch_3.pdf,biologics,brenzys,rheumatoid arthritis; psoriatic arthritis; plaque psoriasis; ankylosing spondylitis; non-radiographic axial spondyloarthritis,no,rheumatoid arthritis; psoriatic arthritis; plaque psoriasis; ankylosing spondylitis; non-radiographic axial spondyloarthritis,"<rheumatoid arthritis>; <arthritis, psoriatic>; <psoriasis>; <spondylitis, ankylosing>; <spondyloarthritis, axial>",samsung bioepis au pty ltd,samsung,245252; 245253,etanercept,no,no,solution,pm-2015-01528-1-3,na
oral,,,authorised,TGA,approved,10.07.2012,2012,neoplasms,<neuroendocrine tumors>,auspar-everolimus-130226-1.pdf,small molecule,afinitor,"treatment of progressive, unresectable or metastatic, well or moderately differentiated, neuroendocrine tumours (nets) of pancreatic origin",yes,"treatment of advanced neuroendocrine tumours (nets) of gastrointestinal, lung or pancreatic origin",<neuroendocrine tumors>,novartis pharmaceuticals australia pty ltd,novartis,"177648, 154661, 154663",everolimus,yes,no,tablet,pm-2011-01215-3-4,
oral,,,authorised,TGA,approved,23.01.2013,2013,diseases of the genitourinary system,<organ transplantation>,auspar-everolimus-130521.pdf,small molecule,certican,prophylaxis of organ rejection in adult patients receiving an allogeneic hepatic transplant.,yes,prophylaxis of organ rejection in adult patients at mild to moderate immunological risk receiving an allogeneic renal or cardiac or hepatic transplant.,<organ transplantation>,novartis pharmaceuticals australia pty ltd,novartis,"97500, 97506, 97509, 97516, 97520, 97527",everolimus,yes,no,tablet,pm-2011-03534-3-2,
oral,,,authorised,TGA,approved,21.02.2013,2013,neoplasms,<breast neoplasms>,auspar-everolimus-130822.pdf,small molecule,afinitor,"for the treatment of postmenopausal women with hormone receptor-positive, her2-negative advanced breast cancer in combination with exemestane after failure of treatment with letrozole or anastrozole.",yes,"for the treatment of postmenopausal women with hormone receptor-positive advanced breast cancer in combination with an aromatase inhibitor, after prior endocrine therapy.",<breast neoplasms>,novartis pharmaceuticals australia pty ltd,novartis,177648; 154661; 154663,everolimus,no,no,tablet,pm-2012-00337-3-4,na
oral,,,authorised,TGA,approved,13.01.2017,2017,neoplasms; diseases of the respiratory system; diseases of the digestive system,<neuroendocrine tumors>,auspar-everolimus-171031.pdf,small molecule,afinitor,"progressive, unresectable or metastatic, well-differentiated, non-functional neuroendocrine tumours (net) of gastrointestinal or lung origin in adults.",yes,"progressive, unresectable or metastatic, well-differentiated, non-functional neuroendocrine tumours (net) of gastrointestinal or lung origin in adults.",<neuroendocrine tumors>,novartis pharmaceuticals australia pty ltd,novartis,"177648, 154661, 174663, 200203, 200204 and 200205",everolimus,yes,no,tablet,pm-2015-03569-1-4,
oral,31.01.2017,2017,authorised,TGA,approved,22.12.2017,2017,diseases of the nervous system,<tuberous sclerosis complex>,auspar-everolimus-181130.pdf,small molecule,afinitor,adjunctive treatment of patients aged 2 years and older with tsc and associated refractory seizures.,yes,adjunctive treatment of patients aged 2 years and older with tsc and refractory seizures.,<tuberous sclerosis complex>,novartis pharmaceuticals australia pty ltd,novartis,"177648, 154661, 154663, 200203, 200204 and 200205",everolimus,yes,yes,tablet,pm-2016-03871-1-1,
subcutaneous,31.07.2017,2017,authorised,TGA,approved,02.08.2018,2018,diseases of the circulatory system,<cardiovascular diseases>,auspar-evolocumab-190307.pdf,biologics,repatha,prevention of cardiovascular events in adults with established cardiovascular disease in combination with an optimally dosed statin and/or other lipid lowering therapies,yes,prevention of cardiovascular events in patients with or at risk of atherosclerotic cardiovascular disease; hypercholesterolaemia,<atherosclerotic cardiovascular disease>; <hypercholesterolemia>,amgen australia pty ltd,amgen,231152 and 273084,evolocumab,yes,no,solution,pm-2017-0222 9-1-3,
intramuscular,04.08.2022,2022,authorised (under additional monitoring),TGA,approved,12.12.2022,2022,infectious and parasitic diseases,<covid-19>,auspar-evusheld-230104.pdf,biologics,evusheld,"treatment of adults with covid-19, who do not require supplemental oxygen and who are at increased risk of progressing to severe covid-19",yes,treatment of mild to moderate covid-19 in adults and adolescents aged 12 years and older weighing at least 40 kg,<covid-19>,astrazeneca pty ltd,astrazeneca,378245,tixagevimab and cilgavimab,yes,no,solution,pm-2021-05375-1-2 and pm-2022-03097-1-2,
subcutaneous; intravenous; extracorporeal circulation,06.12.2021,2021,authorised,TGA,approved,27.06.2023,2023,diseases of the circulatory system,"<thromboembolism>; <thrombosis>; <deep vein thrombosis>; <angina, unstable>; <myocardial infarction>",auspar-exarane-exarane-forte-240301.pdf,biologics,exarane/exarane forte,"prevention of thrombo-embolic disorders of venous origin in patients undergoing orthopaedic and general surgery; prophylaxis of venous thromboembolism in medical patients bedridden due to acute illness; prevention of thrombosis in extra-corporeal circulation during haemodialysis; treatment of established deep vein thrombosis; treatment of unstable angina and non-q-wave myocardial infarction, administered concurrently with aspirin; treatment of acute st-segment elevation myocardial infarction (stemi) as an adjunctive to thrombolytic treatment, including patients to be managed medically or with subsequent percutaneous coronary intervention (pci).",no,"prevention of thrombo-embolic disorders of venous origin in patients undergoing orthopaedic and general surgery; prophylaxis of venous thromboembolism in medical patients bedridden due to acute illness; prevention of thrombosis in extra-corporeal circulation during haemodialysis; treatment of established deep vein thrombosis; treatment of unstable angina and non-q-wave myocardial infarction, administered concurrently with aspirin; treatment of acute st-segment elevation myocardial infarction (stemi) as an adjunctive to thrombolytic treatment, including patients to be managed medically or with subsequent percutaneous coronary intervention (pci).","<thromboembolism>; <venous thromboembolism>; <thrombosis>; <deep vein thrombosis>; <angina, unstable>; <myocardial infarction>",juno pharmaceuticals pty ltd,juno,"375490, 375491, 375492, 375493, 375494, 375495 and 375496",enoxaparin sodium,no,no,solution,pm-2021-04339-1-3,na
subcutaneous,,,authorised,TGA,approved,06.12.2012,2012,"endocrine, nutritional, and metabolic diseases",<type 2 diabetes mellitus>,auspar-exenatide-130205-1.pdf,peptides and proteins,byetta and bydureon,"to improve glycaemic control in patients with type 2 diabetes mellitus who are taking metformin, a sulfonylurea, or a combination of metformin and a sulfonylurea but are not achieving adequate glycaemic control.",yes,"to improve glycaemic control in patients with type 2 diabetes mellitus who are taking metformin, a sulfonylurea, or a combination of metformin and a sulfonylurea but are not achieving adequate glycaemic control.",<type 2 diabetes mellitus>,eli lilly australia pty ltd,eli lilly,,exenatide,no,no,solution; powder,pm-2010-02389-3-5,na
subcutaneous,,,authorised,TGA,approved,07.09.2012,2012,"endocrine, nutritional, and metabolic diseases",<type 2 diabetes mellitus>,auspar-exenatide-130603.pdf,peptides and proteins,byetta,"exenatide is indicated as adjunctive therapy to improve glycaemic control in patients with type 2 diabetes mellitus who are taking metformin, a sulfonylurea, or a combination of metformin and a sulfonylurea, or a combination of metformin and a basal insulin, but are not achieving adequate glycaemic control.",yes,"to improve glycaemic control in patients with type 2 diabetes mellitus in combination with a basal insulin, with or without metformin and/or a thiazolidinedione.",<type 2 diabetes mellitus>,bristol-myers squibb australia pty ltd,bristol-myers squibb,123609; 123610,exenatide,yes,no,solution,pm-2011-01931-3-5,
oral,,,authorised,TGA,approved,26.07.2010,2010,diseases of the circulatory system,<hypertension>,auspar-exforge-ejo.pdf,small molecule,exforge/ejocia 5/320; exforge ejocia 10/320,treatment of hypertension,yes,treatment of hypertension,<hypertension>,novartis pharmaceuticals australia pty ltd,novartis,161825 and 161826,amlodipine/valsartan,yes,no,tablet,pm-2009-01168-3-3,
oral,,,authorised,TGA,approved,01.04.2010,2010,diseases of the circulatory system,<hypertension>,auspar-exforge.pdf,small molecule,"exforge hct, ejocia hct","substitution therapy for the treatment of hypertension in patients whose blood pressure is already adequately controlled on the triple combination of amlodipine, valsartan, and hydrochlorothiazide.",no,"treatment of hypertension as substitution therapy in patients whose blood pressure is adequately controlled on amlodipine, valsartan, and hct used as individual or combination therapies.",<hypertension>,novartis pharmaceuticals australia pty limited,novartis,"157954, 158161, 158162, 158163, 158164, 158165, 158166, 158167, 158168, 158169","amlodipine, valsartan, hydrochlorothiazide",yes,no,tablet,pm-2008-03499-3-3,
oral,02.08.2021,2021,authorised (under additional monitoring),TGA,approved,14.07.2022,2022,neoplasms; diseases of the respiratory system,<lung neoplasms>,auspar-exkivity-210427.pdf,small molecule,exkivity,"treatment of patients with locally advanced or metastatic non-small cell lung cancer (nsclc) that has an exon 20 insertion mutation of the epidermal growth factor receptor (egfr), who have received prior platinum-based chemotherapy.",no,"treatment of adult patients with epidermal growth factor receptor (egfr) exon 20 insertion mutation-positive locally advanced or metastatic non-small cell lung cancer (nsclc), who have received prior platinum-based chemotherapy.",<non-small cell lung cancer>,takeda pharmaceuticals australia pty ltd,takeda,370160,mobocertinib,no,yes,capsule,pm-2021-02546-1-4,na
oral,,,authorised,TGA,approved,18.01.2013,2013,"endocrine, nutritional, and metabolic diseases",<hypercholesterolemia>,auspar-ezetimbe-atorvastatin-130528.pdf,small molecule,atozet composite pack / zeteze composite pack,primary hypercholesterolaemia; homozygous familial hypercholesterolaemia (hofh),no,primary hypercholesterolaemia; homozygous familial hypercholesterolaemia (hofh),<hypercholesterolemia>,merck sharp & dohme,merck,"196150, 196151, 196152, 196153, 196154, 196155, 196156 and 196157",ezetimibe + atorvastatin,yes,no,tablet,pm-2011-04091-3-3,
oral,,,authorised,TGA,withdrawn,27.07.2012,2012,"diseases of the circulatory system; endocrine, nutritional, and metabolic diseases",not reported,auspar-ezetimibe-130228-simvastatin.pdf,small molecule,vytorin,na,yes,prevention of major cardiovascular events in chronic kidney disease,<chronic kidney disease>,merck sharp and dohme (australia) pty limited,merck sharp and dohme,"98100, 98111, 98115, 98117",ezetimibe and simvastatin,yes,no,tablet,pm-2011-01219-3-1,
oral,,,authorised,TGA,withdrawn,26.07.2012,2012,diseases of the circulatory system; diseases of the genitourinary system,not reported,auspar-ezetimibe-130228.pdf,small molecule,ezetrol,na,yes,prevention of major cardiovascular events in chronic kidney disease,<chronic kidney disease>,merck sharp and dohme (australia) pty limited,merck sharp and dohme,91161,ezetimibe,yes,no,tablet,pm-2011-01220-3-3,
oral,,,authorised,TGA,approved,20.11.2013,2013,"endocrine, nutritional, and metabolic diseases",<hypercholesterolemia>,auspar-ezetimibe-140305.pdf,small molecule,ezalo composite pack / rosuzet composite pack,primary hypercholesterolaemia; homozygous familial hypercholesterolaemia (hofh),no,primary hypercholesterolaemia; homozygous familial hypercholesterolaemia (hofh),<hypercholesterolemia>,merck sharp & dohme australia pty ltd,merck sharp & dohme,"203690, 203694, 203692, 203687, 203690, 203694, 203692, 203687",ezetimibe and rosuvastatin,yes,no,tablet,pm-2012-03419-1-3,
oral,,,authorised,TGA,approved,21.01.2015,2015,"endocrine, nutritional, and metabolic diseases",<hypercholesterolemia>,auspar-ezetimibe-atorvastatin-150807.pdf,small molecule,"atozet, zeteze",primary hypercholesterolaemia; homozygous familial hypercholesterolaemia (hofh),no,primary hypercholesterolaemia; homozygous familial hypercholesterolaemia (hofh),<hypercholesterolemia>,merck sharp & dohme australia pty ltd,merck sharp & dohme,"216956, 216957, 216958, 216959, 216960, 216961, 216962 and 216963",ezetimibe and atorvastatin,yes,no,tablet,pm-2013-03231-1-3,
oral,,,authorised,TGA,approved,19.05.2017,2017,diseases of the circulatory system,<coronary artery disease>; <acute coronary syndrome>,auspar-ezetimibe-atorvastatin-170711.pdf,small molecule,atozet / zeteze,prevention of cardiovascular disease in patients with coronary heart disease (chd) and a history of acute coronary syndrome (acs) taking their maximum tolerated dose of atorvastatin and in need of additional lowering of ldl-c,yes,prevention of cardiovascular disease in patients with coronary heart disease (chd) and a history of acute coronary syndrome (acs),<cardiovascular diseases>; <coronary artery disease>; <acute coronary syndrome>,merck sharp & dohme (australia) pty limited,merck sharp & dohme,"216956, 216957, 216958, 216959, 216960, 216961, 216962, 216963",ezetimibe and atorvastatin,yes,no,tablet,pm-2015-04334-1-3,
oral,,,authorised,TGA,approved,28.08.2014,2014,"endocrine, nutritional, and metabolic diseases",<hypercholesterolemia>,auspar-ezetimibe-rosuvastatin-150129.pdf,small molecule,"rosuzet, ezalo",primary hypercholesterolaemia; homozygous familial hypercholesterolaemia (hofh),no,primary hypercholesterolaemia; homozygous familial hypercholesterolaemia (hofh),<hypercholesterolemia>,merck sharp & dohme (australia) pty limited,merck sharp & dohme,"214121, 214114, 214119, 214116, 214120, 214115, 214117, 214118",ezetimibe and rosuvastatin,yes,no,tablet,pm-2013-02434-1-3,
oral,11.08.2016,2016,authorised,TGA,approved,17.01.2017,2017,diseases of the circulatory system,<cardiovascular diseases>; <coronary artery disease>,auspar-ezetrol-vytorin-170626.pdf,small molecule,ezetrol and vytorin,prevention of cardiovascular disease in patients with coronary heart disease (chd),yes,prevention of cardiovascular disease in patients with coronary heart disease (chd),<cardiovascular diseases>; <coronary artery disease>,merck sharp & dohme australia pty ltd,merck sharp & dohme,"91161, 98100, 98111, 98115, 98117",ezetimibe,yes,no,capsule,pm-2015-01524-1-3 and pm-2015-01525-1-3,
oral,,,authorised,TGA,approved,13.05.2011,2011,diseases of the nervous system,<multiple sclerosis>,auspar-fampyra.pdf,small molecule,fampyra,the symptomatic improvement of walking ability in adult patients with multiple sclerosis who have shown improvement after 8 weeks of treatment.,no,for the treatment of adult patients with ms for improvement of walking ability.,<multiple sclerosis>,biogen idec australia pty ltd,biogen,170002,fampridine,no,no,tablet,pm-2010-00524-3-1,na
oral,,,authorised,TGA,approved,18.06.2014,2014,"endocrine, nutritional, and metabolic diseases",<gout>,auspar-febuxostat-150108.pdf,small molecule,adenuric,treatment of chronic symptomatic hyperuricaemia in conditions where urate deposition has already occurred (gouty arthritis and/or tophus formation) in adults with gout.,no,"treatment of chronic hyperuricaemia in conditions where urate deposition has already occurred (including a history, or presence of, tophus and/or gouty arthritis).",<hyperuricemia>; <gout>,a menarini australia pty ltd,menarini,aust r 205556,febuxostat,no,no,tablet,pm-2012-03425-1-3,na
oral,,,authorised,TGA,approved,08.10.2013,2013,"diseases of the eye and adnexa; endocrine, nutritional, and metabolic diseases","<diabetic retinopathy>; <diabetes mellitus, type 2>",auspar-fenofibrate-141208.pdf,small molecule,lipidil,reduction in the progression of diabetic retinopathy in patients with type 2 diabetes and existing diabetic retinopathy.,yes,reduction in the progression of diabetic retinopathy in patients with type 2 diabetes and existing diabetic retinopathy.,"<diabetic retinopathy>; <diabetes mellitus, type 2>",abbott australasia pty ltd,abbott,"118642, 118634",fenofibrate,yes,no,tablet,pm-2012-02387-3-5,
nasal,,,authorised,TGA,approved,31.07.2012,2012,neoplasms,<cancer>,auspar-fentanyl-130319.pdf,small molecule,pecfent,management of breakthrough pain in adults with cancer who are already receiving maintenance opioid therapy for chronic pain,no,management of breakthrough pain in adults with cancer who are already receiving maintenance opioid therapy for chronic pain,<cancer>,astrazeneca pty ltd,astrazeneca,"185934, 185935",fentanyl,yes,no,spray,pm-2011-00911-3-1,
nasal,,,withdrawn,TGA,withdrawn,03.03.2014,2014,neoplasms; diseases of the nervous system,not reported,auspar-fentanyl-140520.pdf,small molecule,pecfent,na,yes,management of breakthrough pain in adults with cancer who are already receiving maintenance opioid therapy for chronic pain.,<cancer>,astrazeneca pty ltd,astrazeneca,"185934, 185935",fentanyl,yes,no,solution,pm-2013-01123-1-1,
sublingual,,,authorised,TGA,approved,12.08.2013,2013,neoplasms,<cancer>,auspar-fentanyl-citrate-131030.pdf,small molecule,abstral,management of breakthrough pain in adults with cancer who are already receiving maintenance opioid therapy for chronic pain.,no,management of breakthrough pain in adult patients using opioid therapy for chronic cancer pain.,<cancer pain>,a. menarini australia pty ltd,menarini,193332; 193335; 193336,fentanyl citrate,no,no,tablet,pm-2011-03151-3-1,na
nasal,,,authorised,TGA,approved,03.06.2013,2013,neoplasms,<cancer pain>,auspar-fentanyl-citrate-131111.pdf,small molecule,instanyl,management of breakthrough pain in adults already receiving maintenance opioid therapy for chronic cancer pain,no,management of breakthrough pain in patients already receiving maintenance opioid therapy for chronic cancer pain,<cancer pain>,takeda pharmaceuticals australia pty ltd,takeda,"197680, 197688, 197689, 197690, 197691, 197692",fentanyl citrate,no,no,spray,pm-2012-00804-3-1,na
buccal,,,authorised,TGA,approved,05.02.2015,2015,neoplasms,<cancer>,auspar-fentanyl-citrate-150422.pdf,small molecule,fentora,the treatment of breakthrough pain (btp) in adults with cancer who are already receiving maintenance opioid therapy for chronic cancer pain.,no,the treatment of breakthrough pain (btp) in adults with cancer who are already receiving maintenance opioid therapy for chronic cancer pain.,<cancer>,orphan australia pty ltd,orphan,"218433, 218434, 218435, 218436 and 218437",fentanyl citrate,yes,yes,tablet,pm-2013-03632-1-1,
intravenous,31.05.2017,2017,authorised,TGA,approved,29.05.2018,2018,"endocrine, nutritional, and metabolic diseases",<iron deficiencies>,auspar-ferric-carboxymaltose-191001.pdf,other,ferinject,treatment of iron deficiency when oral iron preparations are ineffective or cannot be used.,no,treatment of iron deficiency when oral iron preparations are ineffective or cannot be used.,<iron deficiencies>,vifor pharma pty ltd,vifor,289045,ferric carboxymaltose,yes,no,solution,pm-2017-00846-1-4,
intravenous,,,authorised,TGA,approved,05.04.2011,2011,diseases of the blood and blood-forming organs,<iron deficiencies>,auspar-ferric.pdf,biologics,ferinject,treatment of iron deficiency when oral iron preparations are ineffective or cannot be used.,no,treatment of iron deficiency when oral iron preparations are ineffective or cannot be used.,<iron deficiencies>,vifor pharma pty ltd,vifor,"162636, 162641",ferric carboxymaltose,no,no,solution,pm-2009-01623-3-4,na
intravenous,01.11.2016,2016,authorised,TGA,approved,29.11.2017,2017,diseases of the blood and blood-forming organs,<iron deficiency>,auspar-ferric_derisomaltose-181105.pdf,small molecule,monofer,treatment of iron deficiency in adults under specific conditions.,no,treatment of iron deficiency when oral iron preparations are ineffective or cannot be used and/or where there is a clinical need to deliver iron rapidly.,<iron deficiencies>,pfizer australia pty ltd,pfizer,"280666, 290832, 290833, 290834",ferric derisomaltose,yes,no,solution,pm-2016-02728-1-4,
oral,,,authorised,TGA,approved,15.08.2011,2011,diseases of the blood and blood-forming organs,<thalassemia major>,auspar-ferriprox.pdf,small molecule,ferriprox,treatment of iron overload in patients with thalassaemia major who are unable to take desferrioxamine therapy or in whom desferrioxamine therapy has proven ineffective.,no,treatment of patients with transfusional iron overload due to chronic blood transfusions (transfusional haemosiderosis),<transfusional hemosiderosis>,orphan australia pty ltd,orphan,"93946, 125665, 125666",deferiprone,yes,yes,tablet; solution,pm-2010-00539-3-4,
topical,,,authorised,TGA,approved,21.12.2011,2011,diseases of the skin,<facial dermatoses>,auspar-fibrin-adhesive-sealant-120209.pdf,biologics,artiss,to adhere tissue flaps during facial rhytidectomy surgery (facelift).,yes,to adhere skin flaps and grafts during facial plastic and reconstructive surgery.,not reported,baxter healthcare pty ltd,baxter,163515,fibrin adhesive/sealant,yes,no,solution,pm-2010-03599-3-4,
topical,,,authorised,TGA,approved,10.10.2012,2012,other,not reported,auspar-fibrin-haemostatic-121211.pdf,biologics,evicel,"supportive treatment in surgery where standard surgical techniques are insufficient, for improvement of haemostasis. as suture support for haemostasis in large vessel vascular surgery.",no,"supportive treatment in surgery where standard surgical techniques are insufficient, for improvement of haemostasis. as suture support for haemostasis in large vessel vascular surgery.",not reported,johnson & johnson medical pty ltd,johnson & johnson,181318 (4 ml) and 181319 (10 ml),fibrin haemostatic agent/sealant,yes,no,solution,pm-2009-03561-3-4,
topical,,,authorised,TGA,approved,25.01.2012,2012,diseases of the musculoskeletal system and connective tissue,<abdominal hernia>,auspar-fibrin-sealant-adhesive-120503.pdf,biologics,tisseel vh/sd,"for mesh fixation in non-iatrogenic abdominal wall hernia repair, as an alternative to sutures, staples or tacks.",yes,"mesh fixation in hernia repair, as an alternative or adjunct to sutures or staples",<abdominal hernia>,baxter healthcare pty ltd,baxter,147141,fibrin sealant/adhesive/haemostatic agent,yes,no,solution,pm-2010-03271-3-4,
oral,,,authorised,TGA,approved,18.04.2013,2013,infectious and parasitic diseases,<clostridium infections>,auspar-fidaxomicin-130926.pdf,small molecule,dificid,treatment of confirmed clostridium difficile infection (cdi) in adults.,no,treatment of clostridium difficile infection (cdi) and reducing the risk of recurrence when used for treatment of cdi.,<clostridium infections>,specialised therapeutics australia pty ltd,specialised therapeutics,195623 and 195622,fidaxomicin,no,no,tablet,pm-2012-04269-3-2,na
subcutaneous; intravenous,,,authorised,TGA,approved,02.05.2013,2013,neoplasms; diseases of the blood and blood-forming organs; infectious and parasitic diseases,<neutropenia>,auspar-filgrastim-131003.pdf,biologics,zarzio,"to decrease the incidence of infection, as manifested by febrile neutropenia, in patients with non-myeloid malignancies receiving myelosuppressive anticancer drugs in doses not usually requiring bone marrow transplantation.",no,"to decrease the incidence of infection, as manifested by febrile neutropenia, in patients with non-myeloid malignancies receiving myelosuppressive anticancer drugs in doses not usually requiring bone marrow transplantation.",<neutropenia>,sandoz pty ltd,sandoz,195065 and 195066,filgrastim,no,no,solution,pm-2011-03860-3-4,na
subcutaneous,01.06.2021,2021,authorised,TGA,approved,01.08.2022,2022,neoplasms; diseases of the blood and blood-forming organs,<neutropenia>,auspar-filpegla-230518.pdf,biologics,filpegla,"treatment of cancer patients following chemotherapy to decrease the duration of severe neutropenia and reduce the incidence of infection, as manifested by febrile neutropenia.",no,"treatment of cancer patients following chemotherapy to decrease the duration of severe neutropenia and reduce the incidence of infection, as manifested by febrile neutropenia.",<neoplasms>,cipla australia pty ltd,cipla,366760,pegfilgrastim,no,no,solution,pm-2021-00464-1-6,na
oral,04.01.2021,2021,authorised (under additional monitoring),TGA,approved,18.11.2021,2021,"endocrine, nutritional, and metabolic diseases; diseases of the genitourinary system","<chronic kidney disease>; <diabetes mellitus, type 2>",auspar-finerenone-220519.pdf,small molecule,kerendia,"to delay progressive decline of kidney function in adults with chronic kidney disease associated with type 2 diabetes (with albuminuria), in addition to standard of care.",no,to delay progression of kidney disease and to reduce the risk of major adverse cardiovascular events in adults with chronic kidney disease and type 2 diabetes.,"<chronic kidney disease>; <diabetes mellitus, type 2>",bayer australia limited,bayer,350772 and 350773,finerenone,no,no,tablet,pm-2020-05944-1-5,na
subcutaneous,,,authorised,TGA,approved,07.06.2010,2010,diseases of the blood and blood-forming organs,"<angioedemas, hereditary>",auspar-firazyr.pdf,peptides and proteins,firazyr,symptomatic treatment of acute attacks of hereditary angioedema (hae) in adults (with c1-esterase-inhibitor deficiency),no,symptomatic treatment of acute attacks of hereditary angioedema (hae) in adults (with c1-esterase-inhibitor deficiency),"<angioedema, hereditary>",shire australia pty ltd,shire,160313,icatibant,no,yes,solution,sm-2009-00755-3-2,na
subcutaneous,,,authorised,TGA,approved,16.02.2010,2010,neoplasms,<prostatic neoplasms>,auspar-firmagon.pdf,peptides and proteins,firmagon,treatment of patients with prostate cancer in whom androgen deprivation therapy is warranted.,no,treatment of patients with prostate cancer in whom androgen deprivation therapy is warranted.,<prostatic neoplasms>,ferring pharmaceuticals pty ltd,ferring,,degarelix,no,no,powder,pm-2008-2254-4,na
intramuscular,30.11.2020,2020,authorised,TGA,approved,10.11.2021,2021,infectious and parasitic diseases; diseases of the respiratory system,<influenza>,auspar-flucelvax-quad-221118.pdf,vaccine,flucelvax quad,"for the prevention of influenza caused by influenza virus, types a and b contained in the vaccine. the vaccine is indicated for use in adults and children 2 years of age and older.",yes,"for the prevention of influenza caused by influenza virus, types a and b contained in the vaccine. the vaccine is indicated for use in adults and children 2 years of age and older.",<influenza>,seqirus pty ltd,seqirus,319093 and 341450,quadrivalent influenza vaccine,no,no,suspension,pm-2020-05368-1-2,na
intramuscular,30.06.2022,2022,authorised,TGA,approved,28.07.2023,2023,infectious and parasitic diseases,<influenza>,auspar-flucelvax-quad-231101.pdf,vaccine,flucelvax quad,"for the prevention of influenza caused by influenza virus, types a and b contained in the vaccine. the vaccine is indicated for use in children 6 months to 2 years of age.",yes,"for the prevention of influenza caused by influenza virus, types a and b contained in the vaccine. the vaccine is indicated for use in adults and children 6 months of age and older.",<influenza>,seqirus pty ltd,seqirus,319093 and 341450,influenza virus haemagglutinin,yes,no,suspension,pm-2022-01977-1-2,
inhalation,,,authorised,TGA,approved,21.03.2014,2014,diseases of the respiratory system,<copd>; <asthma>,auspar-fluticasone-furoate-140625.pdf,small molecule,breo ellipta,symptomatic treatment of patients with copd and regular treatment of moderate to severe asthma,no,treatment of asthma and chronic obstructive pulmonary disease (copd),"<asthma>; <pulmonary disease, chronic obstructive>",glaxosmithkline australia pty ltd,glaxosmithkline,199747 and 199748,fluticasone furoate/vilanterol trifenatate,no,no,powder,pm-2012-01970-3-5,na
inhalation,29.05.2020,2020,authorised,TGA,approved,06.05.2021,2021,diseases of the respiratory system,<asthma>,auspar-fluticasone-furoate-umeclidinium-vilanterol-210908.pdf,small molecule,trelegy ellipta,maintenance treatment of asthma in adult patients who are not adequately controlled with a combination of inhaled corticosteroid and a long-acting beta2-agonist,yes,maintenance treatment of asthma in adult patients who are not adequately controlled with a combination of inhaled corticosteroid and a long-acting beta2-agonist,<asthma>,glaxosmithkline australia pty ltd,glaxosmithkline,284636 and 335858,fluticasone furoate / umeclidinium / vilanterol,yes,no,powder,pm-2020-01842-1-5,
inhalation,,,authorised,TGA,approved,04.02.2013,2013,diseases of the respiratory system,<asthma>,auspar-fluticasone-propionate-130613.pdf,small molecule,flutiform,regular treatment of asthma where the use of a combination product (an inhaled corticosteroid and a long-acting beta-2 agonist) is appropriate.,no,regular treatment of asthma where the use of a combination product (an inhaled corticosteroid and a long-acting beta-2 agonist) is appropriate.,<asthma>,mundipharma pty ltd,mundipharma,"177869, 177873, 177875",fluticasone propionate / eformoterol fumarate dihydrate,no,no,inhaler,pm-2010-03251-3-5,na
nasal,,,authorised,TGA,approved,16.12.2013,2013,diseases of the respiratory system; diseases of the eye and adnexa,<allergic rhinitis>; <rhinitis>; <conjunctivitis>,auspar-fluticasone-propionate-140724.pdf,small molecule,dymista/dylastine,symptomatic treatment of moderate to severe allergic rhinitis and rhino-conjunctivitis in adults and children 12 years and older where use of a combination (nasal antihistamine and glucocorticoid) is appropriate.,no,symptomatic treatment of moderate to severe allergic rhinitis and rhino-conjunctivitis in adults and children 12 years and older where use of a combination (nasal antihistamine and glucocorticoid) is appropriate.,<allergic rhinitis>; <conjunctivitis>,meda pharmaceuticals pty ltd,meda,"203131, 203132",fluticasone propionate and azelastine hydrochloride,no,no,spray,pm-2012-03466-1-5,na
subcutaneous,31.01.2020,2020,authorised,TGA,approved,09.03.2021,2021,"endocrine, nutritional, and metabolic diseases; diseases of the genitourinary system",<infertility>,auspar-follitropin-alfa-210503.pdf,biologics,ovaleap,the treatment of anovulatory infertility in women who have been unresponsive to clomiphene citrate or where clomiphene citrate is contraindicated; for controlled ovarian hyperstimulation in women undergoing assisted reproductive technologies; ovaleap is indicated with concomitant human chorionic gonadotrophin (hcg) therapy for the stimulation of spermatogenesis in gonadotrophin-deficient men in whom hcg alone is ineffective.,no,the treatment of anovulatory infertility in women who have been unresponsive to clomiphene citrate or where clomiphene citrate is contraindicated; for controlled ovarian hyperstimulation in women undergoing assisted reproductive technologies; ovaleap is indicated with concomitant human chorionic gonadotrophin (hcg) therapy for the stimulation of spermatogenesis in gonadotrophin-deficient men in whom hcg alone is ineffective.,"<infertility, female>; <gonadotropin deficiency>",theramex australia pty ltd,theramex,"328120, 328121, 328122",follitropin alfa,no,no,solution,pm-2019-05982-1-5,na
subcutaneous,,,authorised,TGA,approved,25.11.2015,2015,"endocrine, nutritional, and metabolic diseases; diseases of the genitourinary system",<infertility>; <hypogonadism>,auspar-follitropin-alfa-rch-160408.pdf,biologics,"bemfola, afolia","treatment of anovulatory infertility, controlled ovarian hyperstimulation in art, stimulation of follicular development in severe lh and fsh deficiency, stimulation of spermatogenesis in hypogonadotropic hypogonadism",yes,"anovulation, stimulation of multifollicular development in art, stimulation of follicular development in severe lh and fsh deficiency, stimulation of spermatogenesis in hypogonadotropic hypogonadism",<anovulation>; <hypogonadotropic hypogonadism>,finox biotech australia pty ltd,finox,"231039, 231046, 231051, 231052, 231053, 262645, 262646, 262647, 262648, 262649",follitropin alfa,no,no,solution,pm-2014-03163-1-5,na
subcutaneous,,,authorised,TGA,approved,24.03.2017,2017,diseases of the genitourinary system,<infertility>,auspar-follitropin-delta-rhu-171025.pdf,biologics,rekovelle,controlled ovarian stimulation for the development of multiple follicles in women undergoing assisted reproductive technologies (art) such as an in vitro fertilisation (ivf) or intracytoplasmic sperm injection (icsi) cycle.,no,controlled ovarian stimulation for the development of multiple follicles in women undergoing assisted reproductive technologies (art) such as an in vitro fertilisation (ivf) or intracytoplasmic sperm injection (icsi) cycle.,<infertility>,ferring pharmaceuticals pty ltd,ferring,"271653, 271652 and 270336",follitropin delta,no,no,solution,pm-2015-04337-1-5,na
intravenous,06.01.2015,2015,authorised,TGA,approved,25.11.2016,2016,"injury, poisoning and certain other consequences of external causes",<poisoning>,auspar-fomepizole-170817.pdf,small molecule,antizol,treatment of ethylene glycol or methanol poisoning,no,antidote for ethylene glycol or methanol poisoning,<poisoning>,aft pharmaceuticals,aft,263913,fomepizole,yes,yes,concentrate,pm-2015-02803-1-3,
subcutaneous,30.11.2017,2017,authorised,TGA,approved,21.03.2019,2019,diseases of the circulatory system,"<angina, unstable>; <myocardial infarction>",auspar-fondaparinux-200511.pdf,small molecule,arixtra,treatment of unstable angina or non-st segment elevation myocardial infarction (ua/nstemi) in patients for whom urgent (< 120 min) invasive management (pci) is not indicated; treatment of st segment elevation myocardial infarction (stemi) in patients who are managed with thrombolytics or who initially are to receive no other form of reperfusion therapy,yes,treatment of unstable angina or non-st segment elevation myocardial infarction (ua/nstemi) and st segment elevation myocardial infarction (stemi),"<angina, unstable>; <myocardial infarction>",aspen pharmacare australia pty ltd,aspen,"97800, 97799, 97798, 80279",fondaparinux,yes,no,solution,pm-2017-03032-1-3,
subcutaneous,,,withdrawn,TGA,withdrawn,07.09.2010,2010,diseases of the musculoskeletal system and connective tissue,not reported,auspar-forteo.pdf,peptides and proteins,forteo,na,yes,extension of treatment duration for osteoporosis,<osteoporosis>,eli lilly australia pty ltd,eli lilly,,teriparatide,yes,no,solution,pm-2009-02138-3-5,
oral,31.08.2016,2016,authorised,TGA,approved,31.08.2017,2017,diseases of the genitourinary system,<urinary tract infections>,auspar-fosfomycin-trometamol-180907.pdf,small molecule,monurol,treatment of acute uncomplicated lower urinary tract infections (acute cystitis) in females above 12 years of age,no,treatment of acute uncomplicated lower urinary tract infections (acute cystitis) in females above 12 years of age,<urinary tract infections>; <cystitis>,mayne pharma international pty ltd,mayne,278658,fosfomycin trometamol,no,no,granules,pm-2016-01944-1-2,na
intravenous,03.06.2019,2019,authorised (under additional monitoring),TGA,approved,12.03.2020,2020,neoplasms,<neoplasms>,auspar-fosnetupitant-chloride-hydrochloride-palonosetron-hydrochloride-200924.pdf,small molecule,akynzeo iv,prevention of acute and delayed nausea and vomiting associated with initial and repeat courses of highly and moderately emetogenic cancer chemotherapy.,no,prevention of acute and delayed nausea and vomiting associated with initial and repeat courses of highly and moderately emetogenic cancer chemotherapy.,<neoplasms>,mundipharma pty ltd,mundipharma,316766,fosnetupitant / palonosetron,no,no,powder,pm-2019-01560-1-4,na
oral,,,withdrawn,TGA,withdrawn,08.12.2011,2011,"endocrine, nutritional, and metabolic diseases",not reported,auspar-fosrenol.pdf,other,fosrenol,na,yes,treatment of hyperphosphataemia in adults with chronic renal failure.,<hyperphosphatemia>; <chronic kidney failure>,shire australia pty limited,shire,"106964, 106960 and 106962",lanthanum carbonate,no,no,tablet,pm-2010-01654-3-3,na
oral,31.07.2020,2020,authorised (under additional monitoring),TGA,approved,09.07.2021,2021,infectious and parasitic diseases,<hiv infections>,auspar-fostemsavir-trometamol-210906.pdf,small molecule,rukobia,treatment of heavily treatment-experienced adults with multidrug-resistant hiv-1 infection,no,treatment of heavily treatment-experienced adults with multidrug-resistant hiv-1 infection,<hiv infections>,viiv healthcare pty ltd,viiv,337863,fostemsavir trometamol,no,no,tablet,pm-2020-02898-1-2,na
subcutaneous; intravenous,,,authorised,TGA,approved,01.04.2010,2010,neoplasms; diseases of the circulatory system,<venous thromboembolism>; <pulmonary embolism>; <deep vein thrombosis>; <neoplasms>,auspar-fragmin.pdf,biologics,fragmin,extended treatment of symptomatic venous thromboembolism (vte) (proximal deep vein thrombosis and/or pulmonary embolism) to reduce the recurrence of vte in patients with solid tumour cancers,yes,extended treatment of symptomatic venous thromboembolism (vte) to reduce the recurrence of vte in patients with cancer,<venous thromboembolism>,pfizer australia pty ltd,pfizer,"25347, 25349, 61937, 61938, 61939, 66625, 66626",dalteparin,yes,no,solution,pm-2009-00586-3-3,
subcutaneous,28.09.2018,2018,authorised (under additional monitoring),TGA,approved,17.09.2019,2019,diseases of the nervous system,<migraine disorders>,auspar-fremanezumab-191218.pdf,biologics,ajovy,preventive treatment of migraine in adults,no,preventive treatment of migraine in adults,<migraine disorders>,teva pharma australia pty ltd,teva,308630,fremanezumab,no,no,solution,pm-2018-03494-1-1,na
intravenous,,,authorised,TGA,approved,14.01.2015,2015,neoplasms; diseases of the circulatory system; diseases of the musculoskeletal system and connective tissue; diseases of the genitourinary system; diseases of the digestive system; diseases of the respiratory system,not reported,auspar-gadobutrol-150601.pdf,small molecule,gadovist,"contrast enhancement in whole body mri including head and neck region, thoracic space, breast, abdomen (pancreas, liver and spleen), pelvis (prostate, bladder and uterus), retroperitoneal space (kidney), extremities and musculoskeletal system; and contrast enhancement in cardiac mri including assessment of rest and pharmacological stress perfusion and delayed enhancement.",yes,"contrast enhancement in whole body mri including head and neck region, thoracic space, breast, abdomen (pancreas, liver and spleen), pelvis (prostate, bladder and uterus), retroperitoneal space (kidney), extremities and musculoskeletal system; and contrast enhancement in cardiac mri including assessment of rest and pharmacological stress perfusion and delayed enhancement.",not reported,bayer australia ltd,bayer,"67045, 67046, 67047, 67048, 72493, 72494, 72517 and 72518",gadobutrol,no,no,solution,pm-2013-04968-1-2,na
intravenous,,,authorised,TGA,approved,30.06.2016,2016,diseases of the nervous system; neoplasms; diseases of the musculoskeletal system and connective tissue; diseases of the genitourinary system,not reported,auspar-gadobutrol-170131.pdf,small molecule,gadovist 1.0,"contrast enhancement in cranial and spinal magnetic resonance imaging (mri); contrast enhancement in whole body mri including head and neck region, thoracic space, breast, abdomen (pancreas, liver and spleen), pelvis (prostate, bladder and uterus), retroperitoneal space (kidney), extremities and musculoskeletal system; use in first-pass mri studies of cerebral perfusion; contrast enhancement in magnetic resonance angiography (ce mra); contrast enhancement in cardiac mri including assessment of rest and pharmacological stress perfusion and delayed enhancement.",yes,"to include paediatric patients less than 2 years of age for the same indications approved by tga for adults, adolescents and children above 2 years of age.",not reported,bayer australia ltd,bayer,"67045, 67046, 67047, 67048, 72493, 72494, 72517 and 72518",gadobutrol,no,no,solution,pm-2015-01572-1-2,
subcutaneous,31.05.2018,2018,authorised (under additional monitoring),TGA,approved,22.05.2019,2019,diseases of the nervous system,<migraine disorders>,auspar-galcanezumab-190910.pdf,biologics,emgality,prophylaxis of migraine in adults,no,prophylaxis of migraine in adults,<migraine disorders>,eli lilly australia pty ltd,eli lilly,"302145, 302146",galcanezumab,no,no,solution,pm-2018-00780-1-1,na
oral,,,authorised,TGA,approved,07.12.2010,2010,"endocrine, nutritional, and metabolic diseases","<diabetes mellitus, type 2>",auspar-galvumet.pdf,small molecule,galvumet/sobrea,"as an adjunct to diet and exercise to improve glycaemic control in patients with type 2 diabetes whose diabetes is not adequately controlled on metformin hydrochloride alone or who are already treated with the combination of vildagliptin and metformin hydrochloride, as separate tablet.",no,"to improve glycaemic control in conjunction with diet and exercise, of patients with type 2 diabetes mellitus who are already treated with metformin and vildagliptin or who are not adequately controlled on metformin alone.",<type 2 diabetes mellitus>,novartis pharmaceuticals australia pty ltd,novartis,"161216, 161217, 161218, 164358, 164359 and 164360",vildagliptin/metformin hydrochloride,no,no,tablet,pm-2009-00972-3-5,na
oral,,,authorised,TGA,approved,23.02.2010,2010,"endocrine, nutritional, and metabolic diseases","<diabetes mellitus, type 2>",auspar-galvus.pdf,small molecule,"galvus, xiliarx","treatment of diabetes mellitus type 2 in persons 18 years of age and older, as an adjunct to diet and exercise to improve glycaemic control in patients with type 2 diabetes with one of metformin, a sulfonylurea or pioglitazone when diet, exercise and the single agent do not result in adequate glycaemic control.",no,"treatment of diabetes mellitus type 2 in persons 18 years of age and older, as an adjunct to diet and exercise to improve glycaemic control in patients with type 2 diabetes with one of metformin, a sulfonylurea or pioglitazone when diet, exercise and the single agent do not result in adequate glycaemic control.","<diabetes mellitus, type 2>",novartis pharmaceuticals australia pty ltd,novartis,,vildagliptin,yes,no,tablet,pm-2009-00158-3-5,
intramuscular,01.06.2021,2021,authorised,TGA,approved,06.04.2023,2023,neoplasms; infectious and parasitic diseases,<anal neoplasms>,auspar-gardasil-9-230831.pdf,vaccine,gardasil 9,"prevention of anal cancer, precancerous or dysplastic lesions, external genital lesions, and infection caused by human papillomavirus (hpv) types 6, 11, 16, 18, 31, 33, 45, 52 and 58 in males aged 9 to 45 years",yes,"prevention of oropharyngeal and other head and neck cancers caused by human papillomavirus (hpv) types 6, 11, 16, 18, 31, 33, 45, 52 and 58",<oropharyngeal neoplasms>; <head and neck neoplasms>,merck sharp & dohme (australia) pty ltd,merck sharp & dohme,"224092, 224093","human papillomavirus 9-valent vaccine, recombinant",yes,no,suspension,pm-2021-01645-1-2,
intramuscular,,,authorised,TGA,approved,08.10.2010,2010,infectious and parasitic diseases; neoplasms,<human papillomavirus infections>,auspar-gardasil.pdf,vaccine,gardasil,"males aged 9 through to 26 years for the prevention of external genital lesions and infection caused by human papilloma virus (hpv) types 6, 11, 16 and 18.",yes,"males aged 9 through to 26 years for the prevention of external genital lesions and infection caused by human papilloma virus (hpv) types 6, 11, 16 and 18.",<human papillomavirus infections>,merck sharp & dohme (australia) pty ltd,merck sharp & dohme,124408 and 124410,human papilloma virus (hpv) quadrivalent l1 vlp vaccine,yes,no,suspension,pm-2009-00914-2,
oral,31.01.2022,2022,authorised (under additional monitoring),TGA,approved,29.03.2023,2023,neoplasms; diseases of the respiratory system,<non-small cell lung carcinoma>,auspar-gavreto-231016.pdf,small molecule,gavreto,for the treatment of adult patients with locally advanced or metastatic rearranged during transfection (ret) fusion-positive non-small cell lung cancer (nsclc).,no,"for the treatment of adult patients with ret-fusion positive, locally advanced or metastatic nsclc.",<non-small cell lung carcinoma>,roche products pty ltd,roche,380812,pralsetinib,no,no,capsule,pm-2021-05760-1-4,na
intravenous,31.08.2022,2022,authorised,TGA,approved,03.05.2023,2023,neoplasms; diseases of the blood and blood-forming organs,<not reported>,auspar-gazyva-241230.pdf,biologics,gazyva,pre-treatment to reduce the risk of cytokine release syndrome (crs) induced by glofitamab.,yes,pre-treatment to reduce the risk of cytokine release syndrome (crs) induced by glofitamab.,<not reported>,roche products pty ltd,roche,210 562,obinutuzumab,no,no,concentrate,pm-2022-03031-1-6,na
oral,,,authorised,TGA,approved,29.06.2010,2010,neoplasms; diseases of the respiratory system,<lung neoplasms>,auspar-gefitinib-100629.pdf,small molecule,iressa,treatment of patients with locally advanced or metastatic non-small cell lung cancer (nsclc) whose tumours express activating mutations of the egfr tyrosine kinase.,yes,for the first-line treatment of patients with locally advanced or metastatic non small cell lung cancer (nsclc) who have activating mutations of the egfr tk.,<non-small-cell lung carcinoma>,astrazeneca pty ltd,astrazeneca,90010,gefitinib,yes,no,tablet,pm-2009-02058-3-4,
intravenous,13.06.2019,2019,authorised (under additional monitoring),TGA,approved,08.04.2020,2020,neoplasms; diseases of the blood and blood-forming organs,"<leukemia, myeloid, acute>",auspar-gemtuzumab-ozogamicin-201008.pdf,biologics,mylotarg,"combination therapy with standard anthracycline and cytarabine (arac) for the treatment of patients age 15 years and above with previously untreated, de novo cd33-positive acute myeloid leukaemia (aml), except acute promyelocytic leukaemia (apl).",no,"combination therapy with standard anthracycline and cytarabine (arac) for the treatment of patients age 15 years and above with previously untreated, de novo cd33-positive acute myeloid leukaemia (aml), except acute promyelocytic leukaemia (apl).","<leukemia, myeloid, acute>",pfizer australia pty ltd,pfizer,316671,gemtuzumab ozogamicin,no,no,powder,pm-2019-01426-1-6,na
oral,,,authorised,TGA,approved,19.01.2011,2011,diseases of the nervous system,"<multiple sclerosis, relapsing-remitting>; <multiple sclerosis, secondary progressive>",auspar-gilenya.pdf,small molecule,"gilenya, fynefta & filosir",treatment of relapsing remitting multiple sclerosis and secondary progressive multiple sclerosis with superimposed relapses to delay the progression of physical disability and reduce the frequency of relapse.,no,treatment of patients with relapsing multiple sclerosis to reduce the frequency of relapses and to delay the progression of disability.,"<multiple sclerosis, relapsing-remitting>",novartis pharmaceuticals australia pty limited,novartis,"169890, 169896, 169897",fingolimod,no,no,capsule,pm-2010-00401-3-1,na
oral,23.08.2019,2019,authorised (under additional monitoring),TGA,approved,26.03.2020,2020,neoplasms; diseases of the blood and blood-forming organs,"<leukemia, myeloid, acute>",auspar-gilteritinib-as-fumarate-200908.pdf,small molecule,xospata,treatment of adult patients who have relapsed or refractory acute myeloid leukaemia (aml) with a flt3 mutation,no,treatment of adult patients who have relapsed or refractory acute myeloid leukaemia (aml) with a flt3 mutation,"<leukemia, myeloid, acute>",astellas pharma australia pty ltd,astellas,321060,gilteritinib,no,yes,tablet,pm-2019-03406-1-6,na
subcutaneous,31.01.2023,2023,authorised (under additional monitoring),TGA,approved,16.11.2023,2023,diseases of the blood and blood-forming organs; diseases of the nervous system,<porphyrias>,auspar-givlaari-240628.pdf,small molecule,givlaari,treatment of acute hepatic porphyria (ahp) in adults and adolescents aged 12 years and older.,no,treatment of acute hepatic porphyria (ahp) in adults and adolescents aged 12 years and older.,<porphyrias>,medison pharma australia pty ltd,medison,401153,givosiran,no,yes,solution,pm-2022-05371-1-6,na
oral,28.02.2017,2017,authorised,TGA,approved,21.12.2017,2017,infectious and parasitic diseases,<chronic hepatitis c>; <cirrhosis>,auspar-glecaprevir-pibrentasvir-181106.pdf,small molecule,maviret,"treatment of adult patients with chronic hepatitis c virus (hcv) genotype 1, 2, 3, 4, 5, or 6 infection with or without compensated cirrhosis",no,treatment of chronic hepatitis c virus (hcv) infection in adults,<chronic hepatitis c>,abbvie pty ltd,abbvie,284948,glecaprevir / pibrentasvir,no,no,tablet,,na
oral,,,withdrawn,TGA,withdrawn,23.02.2016,2016,"endocrine, nutritional, and metabolic diseases",not reported,auspar-gliclazide-160719.pdf,small molecule,gliclazide gppl mr 30; gliclazide gxp mr 60; gliclazide genpar mr 60,na,no,type ii diabetes in association with dietary measures when dietary measures alone are inadequate to control blood glucose.,<type 2 diabetes mellitus>,generic partners pty ltd,generic partners,,gliclazide,yes,no,tablet,pm-2015-00426-1-5,na
intravenous,13.04.2021,2021,authorised,TGA,approved,01.11.2021,2021,neoplasms,<prostatic neoplasms>,auspar-glu-urea-lys-ahx-hbed-cc-220624.pdf,peptides and proteins,illuccix,radioactive diagnostic agent for use with pet imaging in patients with prostate cancer who are at risk of metastasis and who are suitable for initial definitive therapy or who have suspected recurrence based on elevated serum psa level,no,radioactive diagnostic agent for use with pet imaging for the evaluation of prostate cancer,<prostatic neoplasms>,telix pharmaceuticals (anz) pty ltd,telix,356332 and 356333,glu-urea-lys(ahx)-hbed-cc,yes,no,powder; diluent,pm-2021-00851-1-4,
inhalation,,,authorised,TGA,approved,31.10.2012,2012,diseases of the respiratory system,<chronic obstructive pulmonary disease>,auspar-glycopyrronium-130710.pdf,small molecule,seebri breezhaler/tovanor breezhaler,once daily maintenance bronchodilator treatment to relieve symptoms of patients with chronic obstructive pulmonary disease (copd).,no,once daily maintenance bronchodilator treatment to relieve symptoms of patients with chronic obstructive pulmonary disease (copd).,"<pulmonary disease, chronic obstructive>",novartis pharmaceuticals australia pty ltd,novartis,191517 (seebri breezhaler); 192725 (tovanor breezhaler),glycopyrronium,no,no,powder,pm-2011-02800-3-5,na
subcutaneous,,,authorised,TGA,approved,09.07.2013,2013,diseases of the musculoskeletal system and connective tissue,"<rheumatoid arthritis>; <arthritis, psoriatic>",auspar-golimumab-130816.pdf,biologics,simponi and simponi smartject injector,rheumatoid arthritis (ra) and psoriatic arthritis (psa),yes,rheumatoid arthritis (ra) and psoriatic arthritis (psa),"<rheumatoid arthritis>; <arthritis, psoriatic>",janssen-cilag pty ltd,janssen-cilag,153181 and 153767,golimumab,yes,no,solution,pm-2012-01202-3-3,
subcutaneous,,,authorised,TGA,approved,20.03.2014,2014,diseases of the digestive system,"<colitis, ulcerative>",auspar-golimumab-140519.pdf,biologics,simponi,ulcerative colitis (uc),yes,the treatment of moderately to severely active ulcerative colitis in adult patients who have had an inadequate response to conventional therapy.,<ulcerative colitis>,janssen-cilag pty ltd,janssen-cilag,"208278, 208279, 153767, 153181",golimumab,yes,no,solution,pm-2013-00215-1-1,
subcutaneous,,,authorised,TGA,approved,02.09.2016,2016,diseases of the musculoskeletal system and connective tissue,"<arthritis, spondylarthritis>",auspar-golimumab-rmc-170619.pdf,biologics,simponi,non-radiographic axial spondyloarthritis,yes,non-radiographic axial spondyloarthritis,"<arthritis, spondylarthritis>",janssen cilag pty ltd,janssen,"153181, 153767, 208278 and 208279",golimumab,yes,no,solution,pm-2015-01879-1-3,
subcutaneous,,,authorised,TGA,approved,14.12.2009,2009,diseases of the musculoskeletal system and connective tissue,"<rheumatoid arthritis>; <arthritis, psoriatic>; <spondylitis, ankylosing>",auspar-golimumab.pdf,biologics,simponi,"rheumatoid arthritis, psoriatic arthritis, ankylosing spondylitis",no,"rheumatoid arthritis, psoriatic arthritis, ankylosing spondylitis","<rheumatoid arthritis>; <arthritis, psoriatic>; <spondylitis, ankylosing>",schering-plough pty ltd,schering-plough,,golimumab,no,no,solution,,na
oral,,,authorised,TGA,approved,25.08.2016,2016,infectious and parasitic diseases,<chronic hepatitis c>,auspar-grazoprevir-170515.pdf,small molecule,zepatier,chronic hepatitis c genotype 1 or 4 infection in adults,no,chronic hepatitis c infection in adults,<chronic hepatitis c>,merck sharp and dohme (australia) pty limited,merck sharp and dohme,aust r 259 928,grazoprevir / elbasvir,no,no,tablet,pm-2015-02428-1-2,na
oral,31.05.2016,2016,authorised,TGA,approved,22.08.2017,2017,mental and behavioural disorders,<attention deficit disorder with hyperactivity>,auspar-guanfacine-180503.pdf,small molecule,intuniv,"intuniv is indicated for the treatment of attention deficit hyperactivity disorder (adhd) in children and adolescents 6-17 years old, as monotherapy (when stimulants or atomoxetine are not suitable, not tolerated or have been shown to be ineffective) or as adjunctive therapy to psychostimulants (where there has been a sub-optimal response to psychostimulants).",no,for the treatment of attention deficit hyperactivity disorder (adhd) in paediatric patients (children and adolescents 6-17 years old inclusive).,<attention deficit hyperactivity disorder>,shire australia pty ltd,shire,"275313, 275314, 275315 and 275278",guanfacine,yes,no,tablet,pm-2016-00711-1-1,
subcutaneous,31.03.2017,2017,authorised,TGA,approved,08.03.2018,2018,diseases of the skin,<plaque psoriasis>,auspar-guselkumab-181105.pdf,biologics,tremfya / janssen guselkumab,treatment of adult patients (18 years or older) with moderate to severe plaque psoriasis who are candidates for systemic therapy or phototherapy.,no,"treatment of moderate to severe plaque psoriasis, scalp, nail, and hand and foot psoriasis and improvement of health related quality of life in adult patients who are candidates for systemic therapy or phototherapy.",<psoriasis>,janssen-cilag pty ltd,janssen-cilag,"286019, 286020",guselkumab,no,no,solution,pm-2017-00552-1-1,na
subcutaneous,18.12.2019,2019,authorised (under additional monitoring),TGA,approved,21.01.2021,2021,diseases of the musculoskeletal system and connective tissue; diseases of the skin,"<arthritis, psoriatic>",auspar-guselkumab-210329.pdf,biologics,tremfya,"treatment of adult patients with active psoriatic arthritis, who have had an inadequate response to, or are intolerant to prior dmard therapy",yes,"treatment of adult patients with active psoriatic arthritis, who have had an inadequate response to, or are intolerant to prior dmard therapy","<arthritis, psoriatic>",janssen-cilag pty ltd,janssen-cilag,"321410, 286020",guselkumab,yes,no,solution,pm-2019-05350-1-3,
intravenous,31.03.2023,2023,authorised (under additional monitoring),TGA,approved,15.03.2024,2024,diseases of the blood and blood-forming organs,<hemophilia b>,auspar-hemgenix-240709.pdf,cell and gene therapy,hemgenix,"treatment of adults with haemophilia b (congenital factor ix deficiency), without a history of factor ix inhibitors, who currently use factor ix prophylaxis therapy, or have current or historical life-threatening haemorrhage, or repeated, serious spontaneous bleeding episodes",no,treatment of adults with haemophilia b (congenital factor ix deficiency) and with a pre-existing neutralising anti-aav5 antibody titre below 1:700 to reduce the frequency of bleeding episodes and the need for factor ix replacement therapy,<hemophilia b>,csl behring (australia) pty ltd,csl behring,405360,etranacogene dezaparvovec,no,yes,injection,pm-2023-00668-1-6,na
intravenous; subcutaneous,04.10.2022,2022,authorised,TGA,approved,15.11.2023,2023,diseases of the circulatory system,<venous thrombosis>,auspar-heparin-interpharma-240712.pdf,biologics,heparin interpharma,prophylaxis and treatment of deep vein thrombosis for use in patients 18 years and older,no,"prophylaxis of and treatment of thromboembolic disorders such as thrombophlebitis, pulmonary embolism and occlusive vascular disease",<thromboembolism>; <thrombophlebitis>; <pulmonary embolism>; <vascular diseases>,interpharma pty ltd,interpharma,394930,heparin sodium,yes,no,solution,pm-2022-03499-1-3,
oral,,,authorised,TGA,approved,29.04.2010,2010,infectious and parasitic diseases,<chronic hepatitis b>,auspar-hepsera.pdf,small molecule,hepsera,treatment of chronic hepatitis b in patients 12 years of age and older with evidence of active viral replication and either evidence of persistent elevations in serum aminotransferases or histologically active disease.,yes,treatment of chronic hepatitis b in patients 12 years of age and older with evidence of active viral replication and either evidence of persistent elevations in serum aminotransferases or histologically active disease.,<chronic hepatitis b>,gilead sciences pty ltd,gilead,96916,adefovir dipivoxil,yes,no,tablet,pm-2009-00296-3-2,
intravenous,,,authorised,TGA,approved,17.09.2010,2010,neoplasms; diseases of the digestive system,<stomach neoplasms>; <gastroesophageal junction adenocarcinoma>,auspar-herceptin.pdf,biologics,herceptin,in combination with cisplatin and either capecitabine or 5-fu for the treatment of patients with her2 positive advanced adenocarcinoma of the stomach or gastro-oesophageal junction who have not received prior anti-cancer treatment for their metastatic disease.,yes,her2 positive advanced adenocarcinoma of the stomach or gastro-oesophageal junction,<adenocarcinoma>,roche products pty ltd,roche,73229,trastuzumab,yes,no,powder,pm-2009-03121,
topical,,,authorised,TGA,approved,27.02.2012,2012,"injury, poisoning and certain other consequences of external causes",not reported,auspar-human-fibrinogen-120821.pdf,biologics,tachosil,as an adjunct to haemostasis during surgery when control of bleeding by standard surgical techniques is ineffective or impractical,no,as an adjunct to haemostasis and tissue sealing in surgery,not reported,nycomed pty ltd,nycomed,176631,human fibrinogen/human thrombin,yes,no,"sponge, medicated",pm-2010-02840-3-4,
subcutaneous,30.04.2020,2020,authorised (under additional monitoring),TGA,approved,21.04.2021,2021,diseases of the blood and blood-forming organs,<immunologic deficiency syndromes>; <hypogammaglobulinemia>,auspar-human-normal-immunoglobulin-210621.pdf,biologics,cutaquig,replacement therapy in adults and children in: primary immunodeficiency diseases (pid); symptomatic hypogammaglobulinaemia secondary to underlying disease or treatment,no,replacement therapy in adults and children in: primary immunodeficiency diseases (pid); symptomatic hypogammaglobulinaemia secondary to underlying disease or treatment,<immunologic deficiency syndromes>; <hypogammaglobulinemia>,octapharma australia pty ltd,octapharma,"333120, 333121, 333122, 333123, 333124, 333125",human normal immunoglobulin,no,no,solution,pm-2020-00473-1-2,na
intramuscular,,,authorised,TGA,approved,22.06.2015,2015,neoplasms; infectious and parasitic diseases,<cervical neoplasms>; <vulvar neoplasms>; <vaginal neoplasms>; <anal neoplasms>; <genital warts>; <papillomavirus infections>,auspar-human-papillomavirus-9-valent-vaccine-170103.pdf,vaccine,gardasil 9,"prevention of cervical, vulvar, vaginal and anal cancer, precancerous or dysplastic lesions, genital warts, and infection caused by human papillomavirus (hpv) types 6, 11, 16, 18, 31, 33, 45, 52 and 58.",no,"prevention of cervical, vulvar, vaginal and anal cancer, precancerous or dysplastic lesions, genital warts, and infection caused by human papillomavirus (hpv) types 6, 11, 16, 18, 31, 33, 45, 52 and 58.",<cervical neoplasms>; <vulvar neoplasms>; <vaginal neoplasms>; <anal neoplasms>; <condylomata acuminata>,merck sharp & dohme australia pty ltd,merck sharp & dohme,"224092, 224093",human papillomavirus 9-valent vaccine,no,no,suspension,pm-2014-01099-1-3,na
intramuscular,,,authorised,TGA,approved,20.12.2012,2012,neoplasms; infectious and parasitic diseases,<cervical neoplasms>; <vulvar neoplasms>; <vaginal neoplasms>; <anal neoplasms>; <genital warts>,auspar-human-papillomavirus-quadrivalent-vaccine-120507.pdf,vaccine,gardasil,"prevention of cervical, vulvar, vaginal and anal cancer, precancerous or dysplastic lesions, genital warts, and infection caused by hpv types 6, 11, 16, and 18 in females aged 9 through 45 years; prevention of anal cancer, precancerous or dysplastic lesions, external genital lesions and infection caused by hpv types 6, 11, 16, and 18 in males 9 through 26 years of age.",yes,"prevention of anal cancer, precancerous or dysplastic lesions caused by hpv types 6, 11, 16, and 18 in males and females.",<anal neoplasms>,merck sharpe & dohme,merck,124408 and 124410,quadrivalent human papillomavirus recombinant vaccine,yes,no,suspension,pm-2010-03191-3-2,
intramuscular,,,authorised,TGA,approved,21.09.2015,2015,neoplasms; infectious and parasitic diseases,<papillomavirus infections>; <cervical intraepithelial neoplasia>; <uterine cervical neoplasms>,auspar-human-papillomavirus-vaccine-160104.pdf,vaccine,cervarix,"prevention of persistent infection, premalignant cervical lesions and cervical cancer caused by human papillomavirus types 16 and 18 in females from 10 to 45 years of age.",no,"prevention of persistent infection, premalignant cervical lesions and cervical cancer caused by human papillomavirus types 16 and 18 in females from 10 to 45 years of age.",<papillomavirus infections>; <cervical intraepithelial neoplasia>; <uterine cervical neoplasms>,glaxosmithkline australia pty ltd,glaxosmithkline,126114; 126115,"human papillomavirus vaccine types 16 and 18 (recombinant, as04 adjuvanted)",yes,no,suspension,pm-2014-01893-1-2,
intravenous,,,authorised,TGA,approved,28.02.2012,2012,diseases of the musculoskeletal system and connective tissue; infectious and parasitic diseases,<acute pain>; <postoperative pain>; <fever>,auspar-ibuprofen-130102.pdf,small molecule,caldolor,"management of acute mild to moderate post-operative pain and moderate to severe post-operative pain with adjunctive reduced morphine dosage, and reduction of fever in adults where an iv route of administration is considered clinically necessary.",yes,"management of mild to moderate pain, management of moderate to severe pain as an adjunct to opioid analgesics, and reduction of fever in adults.",<pain>,phebra pty ltd,phebra,175191 and 175190,ibuprofen,no,no,concentrate,pm-2010-02393-3-1,na
intravenous,,,authorised,TGA,approved,08.03.2017,2017,diseases of the circulatory system; congenital malformations and chromosomal abnormalities,<patent ductus arteriosus>,auspar-ibuprofen-171110.pdf,small molecule,pedea,treatment of haemodynamically significant patent ductus arteriosus in preterm newborn infants less than 34 weeks of gestational age,yes,treatment of haemodynamically significant patent ductus arteriosus in preterm newborn infants less than 34 weeks of gestational age,<patent ductus arteriosus>,emerge health pty ltd,emerge health,273093,ibuprofen,yes,yes,intravenous,pm-2015-04658-1-3,
subcutaneous,30.06.2018,2018,authorised (under additional monitoring),TGA,approved,23.07.2019,2019,diseases of the blood and blood-forming organs,"<angioedema, hereditary>",auspar-icatibant.pdf,peptides and proteins,firazyr,"symptomatic treatment of acute attacks of hereditary angioedema (hae) in adults, adolescents and children aged 2 years and older with c1-esterase-inhibitor deficiency.",yes,"symptomatic treatment of acute attacks of hereditary angioedema (hae) in adults, adolescents and children aged 2 years and older with c1-esterase-inhibitor deficiency.","<angioedema, hereditary>",shire australia pty limited,shire,160313,icatibant,yes,yes,solution,pm-2018-02506-1-2,
intravenous,,,authorised,TGA,approved,10.05.2016,2016,diseases of the blood and blood-forming organs,not reported,auspar-idarucizumab-161025.pdf,biologics,praxbind,praxbind is a specific reversal agent for dabigatran and is indicated in patients treated with pradaxa (dabigatran etexilate) when rapid reversal of the anticoagulant effects of dabigatran is required: for emergency surgery/urgent procedures; in life-threatening or uncontrolled bleeding.,no,praxbind is a specific reversal agent for dabigatran and is indicated in patients treated with pradaxa (dabigatran etexilate) when rapid reversal of the anticoagulant effects of dabigatran is required: for emergency surgery/urgent procedures; in life-threatening or uncontrolled bleeding.,not reported,boehringer ingelheim pty ltd,boehringer ingelheim,237761,idarucizumab,no,no,solution,pm-2015-00707-1-3,na
oral,30.05.2017,2017,withdrawn,TGA,withdrawn,21.08.2018,2018,diseases of the nervous system; diseases of the respiratory system,not reported,auspar-idebenone-200206.pdf,small molecule,raxone,na,no,treatment of patients with duchenne muscular dystrophy (dmd) for whom the respiratory function has started to decline and who are currently not taking concomitant glucocorticoids.,<duchenne muscular dystrophy>,jace pharma pty ltd,jace,,idebenone,no,yes,tablet,pm-2017-01423-1-3,na
intravenous,01.08.2022,2022,authorised (under additional monitoring),TGA,approved,07.07.2023,2023,diseases of the genitourinary system,<end stage renal disease>,auspar-idefirix-240509.pdf,biologics,idefirix,desensitisation treatment of highly sensitised adult kidney transplant candidates prior to kidney transplantation from a donor against whom there is a positive cross-match.,no,desensitisation treatment of highly sensitised adult kidney patients with a positive cross match against an available donor prior to kidney transplantation.,<end stage kidney disease>,hansa biopharma,hansa,391413,imlifidase,no,yes,powder,pm-2022-02499-1-2,na
oral,,,authorised,TGA,approved,30.01.2015,2015,neoplasms; diseases of the blood and blood-forming organs,<follicular lymphoma>; <chronic lymphocytic leukemia>; <small lymphocytic lymphoma>,auspar-idelalisib-150714.pdf,small molecule,zydelig,"zydelig is indicated as monotherapy for the treatment of patients with refractory follicular lymphoma, who have received at least 2 prior systemic therapies. zydelig, in combination with rituximab, is indicated for the treatment of patients with chronic lymphocytic leukaemia (cll)/small lymphocytic lymphoma (sll) for whom chemo-immunotherapy is not considered suitable.",no,treatment of patients with relapsed chronic lymphocytic leukaemia (cll) and refractory indolent non-hodgkin lymphoma (inhl).,"<leukemia, lymphocytic, chronic, b-cell>; <lymphoma, non-hodgkin>",gilead sciences pty ltd,gilead,218837 (100 mg); 218839 (150 mg),idelalisib,no,no,tablet,pm-2013-04151-1-4,na
oral,,,authorised,TGA,approved,01.02.2017,2017,neoplasms; diseases of the blood and blood-forming organs,"<leukemia, lymphocytic, chronic, b-cell>; <lymphoma, small lymphocytic>",auspar-idelalisib-171019.pdf,small molecule,zydelig,treatment of adult patients with cll/sll upon relapse in patients for whom chemo-immunotherapy is not considered suitable.,yes,treatment of adult patients with cll/sll upon relapse in patients for whom chemo-immunotherapy is not considered suitable.,"<leukemia, lymphocytic, chronic, b-cell>; <lymphoma, small lymphocytic>",gilead sciences pty ltd,gilead,"218837, 218839",idelalisib,yes,no,tablet,pm-2015-02423-1-4,
oral,,,na,TGA,rejected,20.12.2011,2011,mental and behavioural disorders,not reported,auspar-iloperidone-120618.pdf,small molecule,fanapt,na,no,treatment of psychotic symptoms in patients with schizophrenia,<schizophrenia>,kendle r&d pty limited,kendle,,iloperidone,yes,no,tablet,,
oral,22.08.2011,2011,authorised,TGA,approved,30.10.2012,2012,neoplasms,<gastrointestinal stromal tumors>,auspar-imatinib-130604.pdf,small molecule,glivec,adjuvant treatment of adult patients at high risk of recurrence following complete gross resection of kit (cd117) positive primary gist,yes,extension of duration of treatment for adjuvant treatment of adult patients following complete gross resection of kit (cd117) positive primary gastrointestinal stromal tumours (gist) from 12 months to a minimum of 36 months.,<gastrointestinal stromal tumors>,novartis pharmaceuticals australia pty ltd,novartis,78441; 78442; 94216; 94217,imatinib,yes,yes,capsule; tablet,pm-2011-02797-3-4,
oral,,,authorised,TGA,approved,21.08.2013,2013,neoplasms; diseases of the blood and blood-forming organs,<precursor cell lymphoblastic leukemia-lymphoma>,auspar-imatinib-140122.pdf,small molecule,glivec,treatment of paediatric patients with newly diagnosed philadelphia chromosome positive acute lymphoblastic leukaemia (ph+ all) integrated with chemotherapy,yes,treatment of paediatric patients with newly diagnosed philadelphia chromosome positive acute lymphoblastic leukaemia (ph+ all) integrated with chemotherapy,<precursor cell lymphoblastic leukemia-lymphoma>,novartis pharmaceuticals australia pty ltd,novartis,"78441, 78442, 94216, 94217",imatinib,yes,yes,capsule; tablet,pm-2012-02722-3-4,
intravenous,31.05.2022,2022,authorised,TGA,approved,19.06.2023,2023,neoplasms; diseases of the digestive system,<hepatocellular carcinoma>,auspar-imfinzi-231208.pdf,biologics,imfinzi,treatment of adult patients with unresectable hepatocellular carcinoma (uhcc) who have not received prior treatment with a pd-1/pd-l1 inhibitor,yes,treatment of patients with unresectable hepatocellular carcinoma (uhcc),<hepatocellular carcinoma>,astrazeneca pty ltd,astrazeneca,283215 and 283216,durvalumab,yes,no,solution,pm-2022-01573-1-4,
intravenous,31.05.2022,2022,authorised (under additional monitoring),TGA,approved,19.06.2023,2023,neoplasms; diseases of the digestive system,<hepatocellular carcinoma>,auspar-imjudo-231208.pdf,biologics,imjudo,treatment of adult patients with unresectable hepatocellular carcinoma (uhcc) who have not received prior treatment with a pd-1/pd-l1 inhibitor,no,treatment of patients with unresectable hepatocellular carcinoma (uhcc),<hepatocellular carcinoma>,astrazeneca pty ltd,astrazeneca,"387299, 387300",tremelimumab,no,no,solution,pm-2022-01514-1-4,na
intravenous,,,authorised,TGA,approved,03.03.2011,2011,diseases of the blood and blood-forming organs; diseases of the nervous system; neoplasms; infectious and parasitic diseases,"<immunologic deficiency syndromes>; <multiple myeloma>; <leukemia, lymphocytic, chronic, b-cell>; <hypogammaglobulinemia>; <infection>; <immune thrombocytopenia>; <kawasaki disease>; <guillain-barre syndrome>; <polyradiculoneuropathy, chronic inflammatory demyelinating>; <multifocal motor neuropathy>; <myasthenia gravis>; <lambert-eaton myasthenic syndrome>; <stiff-person syndrome>",auspar-immunoglobulin-normal-human-111018.pdf,biologics,intragam 10 nf,"replacement igg therapy in primary immunodeficiency disease (pid), myeloma and chronic lymphocytic leukaemia with severe secondary hypogammaglobulinemia and recurrent infections, congenital or acquired immune deficiency syndrome with recurrent infections; immunomodulatory therapy in immune thrombocytopenic purpura (itp), allogeneic bone marrow transplantation, kawasaki disease, guillain-barre syndrome (gbs), chronic inflammatory demyelinating polyneuropathy (cidp), multifocal motor neuropathy (mmn), myasthenia gravis (mg), lambert-eaton myasthenic syndrome (lems), stiff person syndrome.",yes,"replacement igg therapy in primary immunodeficiency disease (pid), myeloma and chronic lymphocytic leukaemia with severe secondary hypogammaglobulinemia and recurrent infections, congenital or acquired immune deficiency syndrome with recurrent infections; immunomodulatory therapy in immune thrombocytopenic purpura (itp), allogeneic bone marrow transplantation, kawasaki disease, guillain-barre syndrome (gbs), chronic inflammatory demyelinating polyneuropathy (cidp), multifocal motor neuropathy (mmn), myasthenia gravis (mg), lambert-eaton myasthenic syndrome (lems), stiff person syndrome.","<immunologic deficiency syndromes>; <multiple myeloma>; <leukemia, lymphocytic, chronic, b-cell>; <hypogammaglobulinemia>; <immune thrombocytopenia>; <kawasaki disease>; <guillain-barre syndrome>; <polyradiculoneuropathy, chronic inflammatory demyelinating>; <multifocal motor neuropathy>; <myasthenia gravis>; <lambert-eaton myasthenic syndrome>; <stiff-person syndrome>",csl bioplasma ltd,csl,,normal immunoglobulin (human),yes,no,solution,pm-2009-01544-3-2,
intravenous; subcutaneous,,,authorised,TGA,approved,17.10.2011,2011,diseases of the blood and blood-forming organs; diseases of the nervous system; diseases of the immune system,<primary immunodeficiency diseases>; <hypogammaglobulinemia>; <idiopathic thrombocytopenic purpura>; <guillain-barré syndrome>; <chronic inflammatory demyelinating polyneuropathy>; <kawasaki disease>,auspar-immunoglobulin-normal-human-111213.pdf,biologics,gamunex,"replacement therapy in primary immunodeficiency (pi) diseases; symptomatic hypogammaglobulinaemia; immunomodulation in idiopathic thrombocytopaenic purpura (itp), guillain barré syndrome (gbs), chronic inflammatory demyelinating polyneuropathy (cidp), kawasaki disease",yes,extension of indications to include chronic inflammatory demyelinating polyneuropathy (cidp) and new route of administration for primary immune deficiency (pid),<chronic inflammatory demyelinating polyneuropathy>; <primary immunodeficiency diseases>,talecris biotherapeutics pty ltd,talecris,"117237, 117238, 117239, 117240, 116689",normal immunoglobulin (human),yes,no,solution,pm-2010-01870-3-201870-3-2,
subcutaneous,,,authorised,TGA,approved,16.08.2010,2010,infectious and parasitic diseases,<japanese encephalitis>,auspar-imojev.pdf,vaccine,imojev,"the prophylaxis of japanese encephalitis caused by the japanese encephalitis virus, in individuals from 12 months of age and over.",no,"the prophylaxis of japanese encephalitis caused by the japanese encephalitis virus, in individuals from 12 months of age and over.",<japanese encephalitis>,sanofi pasteur pty ltd,sanofi pasteur,162215,japanese encephalitis chimeric virus,no,no,powder,pm-2009-01554-3-2,na
intramuscular,31.03.2017,2017,authorised,TGA,approved,20.12.2017,2017,infectious and parasitic diseases,<influenza>,auspar-inactivated-high-dose-trivalent-influenza-vaccine-180709.pdf,vaccine,fluzone high-dose,active immunisation against influenza disease caused by influenza virus types a and b contained in the vaccine for use in persons 65 years of age and older.,no,active immunisation against influenza disease caused by influenza virus types a and b contained in the vaccine for use in persons 65 years of age and older.,<influenza>,sanofi-aventis australia,sanofi-aventis,285932,inactivated high-dose trivalent influenza vaccine,yes,no,solution,pm-2017-00690-1-2,
intramuscular,,,authorised,TGA,approved,03.03.2015,2015,infectious and parasitic diseases,<influenza>,auspar-inactivated-influenza-virus-vaccine-150824.pdf,vaccine,optaflu,"prevention of influenza caused by influenza virus, types a and b in adults over 18 years of age.",no,"prevention of influenza caused by influenza virus, types a and b in adults over 18 years of age.",<influenza>,novartis vaccines & diagnostics pty ltd,novartis,220736; 220737,inactivated influenza virus vaccine,no,no,suspension,pm-2013-04969-1-2,na
intramuscular; subcutaneous,27.10.2015,2015,authorised,TGA,approved,15.07.2016,2016,infectious and parasitic diseases,<influenza>,auspar-inactivated-quadrivalent-influenza-vaccine-split-virion-170720.pdf,vaccine,afluria quad,"for the prevention of influenza caused by influenza virus, types a and b contained in the vaccine. the vaccine is indicated for use only in persons aged 18 years and over.",no,"for the prevention of influenza caused by influenza virus, types a and b contained in the vaccine. the vaccine is indicated for use only in persons aged 18 years and over.",<influenza>,seqirus pty ltd,seqirus,262428,influenza virus haemagglutinin,yes,no,suspension,pm-2015-02796-1-2,
intramuscular;deep subcutaneous,29.03.2018,2018,authorised,TGA,approved,15.05.2019,2019,infectious and parasitic diseases,<influenza>,auspar-inactivated-quadrivalent-influenza-vaccine-split-virion-191219.pdf,vaccine,vaxigrip tetra,active immunisation of adults and children from 6 months of age and older for the prevention of influenza disease caused by the two influenza a virus subtypes and the two influenza b virus types contained in the vaccine.,no,active immunisation of adults and children from 6 months of age and older for the prevention of influenza disease.,<influenza>,sanofi-aventis australia pty ltd,sanofi-aventis,"299922, 315082",inactivated quadrivalent influenza vaccine (split virion) influenza virus haemagglutinin,no,no,suspension,pm-2018-00583-1-2,na
intramuscular,02.09.2019,2019,authorised,TGA,approved,30.07.2020,2020,infectious and parasitic diseases,<influenza>,auspar-inactivated-quadrivalent-influenza-vaccine-virus-haemagglutinin-201127.pdf,vaccine,fluzone high-dose quadrivalent,active immunisation for the prevention of influenza disease in persons 65 years of age and older.,no,active immunisation for the prevention of influenza disease in persons 65 years of age and older.,<influenza>,sanofi-aventis australia pty ltd,sanofi-aventis,320962,inactivated quadrivalent influenza vaccine (split virion) influenza virus haemagglutinin,no,no,suspension,pm-2019-03202-1-2,na
intramuscular,28.04.2017,2017,authorised,TGA,approved,23.05.2018,2018,infectious and parasitic diseases,<influenza>,auspar-inactivated-split-influenza-vaccine-181104.pdf,vaccine,fluarix tetra,active immunisation of adults and children from 6 months of age for the prevention of influenza disease caused by the influenza virus types a and b contained in the vaccine.,yes,active immunisation of adults and children from 6 months of age for the prevention of influenza disease caused by the influenza virus types a and b contained in the vaccine.,<influenza>,glaxosmithkline australia pty ltd,glaxosmithkline,"200674, 210806 and 242512",inactivated split influenza vaccine,yes,no,suspension,pm-2017-01036-1-2,
subcutaneous,30.09.2020,2020,authorised (under additional monitoring),TGA,approved,14.09.2021,2021,"endocrine, nutritional, and metabolic diseases; diseases of the circulatory system",<heterozygous familial hypercholesterolemia>; <atherosclerosis>,auspar-inclisiran-220420.pdf,small molecule,leqvio,"as an adjunct to diet and exercise to reduce low-density lipoprotein cholesterol (ldl-c) in adults with heterozygous familial hypercholesterolaemia, atherosclerotic cardiovascular disease, or at high risk of a cardiovascular event: in combination with a statin or statin with other lipid-lowering therapies in patients unable to reach ldl-c goals with the maximum tolerated dose of a statin or, alone or in combination with other lipid-lowering therapies in patients who are statin-intolerant.",no,"for adults with primary hypercholesterolaemia (heterozygous familial and non-familial) or mixed dyslipidaemia, as an adjunct to diet in combination with a statin or statin with other lipid-lowering therapies in patients unable to reach ldl-c goals with the maximum tolerated dose of a statin or, alone or in combination with other lipid-lowering therapies in patients who are statin-intolerant, or for whom a statin is contraindicated.",<hypercholesterolemia>,novartis pharmaceuticals australia pty limited,novartis,342250,inclisiran,no,no,solution,pm-2020-04160-1-3,na
inhalation,31.07.2019,2019,authorised (under additional monitoring),TGA,approved,09.10.2020,2020,diseases of the respiratory system,<asthma>,auspar-indacaterol-acetate-glycopyrronium-bromide-mometasone-furoate-210406.pdf,small molecule,enerzair breezhaler,maintenance treatment of asthma in adult patients not adequately controlled with a maintenance combination of a long-acting beta2-agonist and an inhaled corticosteroid who experienced one or more asthma exacerbations in the previous year.,no,maintenance treatment of asthma in adult patients not adequately controlled with a maintenance combination of a long-acting beta2-agonist and an inhaled corticosteroid.,<asthma>,novartis pharmaceuticals australia pty ltd,novartis,"319002, 319001","indacaterol, glycopyrronium, mometasone furoate",yes,no,powder,pm-2019-02514-1-5,
inhalation,31.07.2019,2019,authorised (under additional monitoring),TGA,approved,16.07.2020,2020,diseases of the respiratory system,<asthma>,auspar-indacaterol-as-acetate-mometasone-furoate-1201111.pdf,small molecule,atectura breezhaler,once-daily maintenance treatment of asthma in adults and adolescents 12 years of age and older where use of a combination of long-acting beta 2-agonist and inhaled corticosteroid is appropriate.,no,once-daily maintenance treatment of asthma in adults and adolescents 12 years of age and older where use of a combination of long-acting beta 2-agonist and inhaled corticosteroid is appropriate.,<asthma>,novartis pharmaceuticals australia pty ltd,novartis,"319074, 319075, 319076",indacaterol (as acetate) / mometasone furoate,no,no,powder,pm-2019-02513-1-5,na
inhalation,,,authorised,TGA,approved,14.03.2014,2014,diseases of the respiratory system,<copd>,auspar-indacaterol-maleate-141023.pdf,small molecule,ultibro breezhaler,once daily maintenance bronchodilator treatment to relieve symptoms in patients with copd.,no,once daily maintenance bronchodilator treatment to relieve symptoms and reduce exacerbations in patients with copd.,<copd>,novartis pharmaceuticals australia pty ltd,novartis,206449,indacaterol maleate / glycopyrronium bromide,no,no,powder,pm-2012-04395-1-5,na
inhalation,31.10.2016,2016,authorised,TGA,approved,04.09.2017,2017,diseases of the respiratory system,"<pulmonary disease, chronic obstructive>",auspar-indacaterol-maleate-glycopyrronium-bromide-180903.pdf,small molecule,ultibro breezhaler,once-daily maintenance bronchodilator treatment to relieve symptoms and prevent exacerbations in patients with chronic obstructive pulmonary disease (copd).,yes,once-daily maintenance bronchodilator treatment to relieve symptoms and prevent exacerbations in patients with chronic obstructive pulmonary disease (copd).,"<pulmonary disease, chronic obstructive>",novartis pharmaceuticals australia pty ltd,novartis,206449,indacaterol maleate/ glycopyrronium bromide,yes,no,powder,pm-2016-02734-1-5,
intravenous,,,authorised,TGA,approved,18.03.2011,2011,congenital malformations and chromosomal abnormalities,<patent ductus arteriosus>,auspar-indocid.pdf,small molecule,indocid pda,for the closure of patent ductus arteriosus in premature babies.,yes,for the closure of patent ductus arteriosus in premature babies.,<patent ductus arteriosus>,invida australia pty ltd,invida,10482,indomethacin,yes,no,powder; plug,pm-2009-03539-3-3,
intravenous,,,authorised,TGA,approved,07.05.2012,2012,diseases of the digestive system,<ulcerative colitis>,auspar-infliximab-121217.pdf,biologics,remicade,treatment of moderately severe to severe active ulcerative colitis in adults or in children and adolescents (6 to 17 years) patients who have had an inadequate response to conventional therapy.,yes,ulcerative colitis in adults and in children and adolescents (6-17 years),<ulcerative colitis>,janssen-cilag pty ltd,janssen-cilag,aust r 73827,infliximab,yes,no,powder,pm-2011-00196-3-1,
intravenous,,,authorised,TGA,approved,18.11.2016,2016,diseases of the musculoskeletal system and connective tissue; diseases of the digestive system; diseases of the skin,"<rheumatoid arthritis>; <ankylosing spondylitis>; <arthritis, psoriatic>; <psoriasis>; <crohn disease>; <ulcerative colitis>",auspar-infliximab-171012.pdf,biologics,renflexis,rheumatoid arthritis in adults; ankylosing spondylitis; psoriatic arthritis; psoriasis; crohn’s disease in adults and in children and adolescents (6 to 17 years); refractory fistulising crohn’s disease; ulcerative colitis in adults and in children and adolescents (6 to 17 years),no,rheumatoid arthritis in adults; ankylosing spondylitis; psoriatic arthritis; psoriasis; crohn’s disease in adults and in children and adolescents (6 to 17 years); refractory fistulising crohn’s disease; ulcerative colitis in adults and in children and adolescents (6 to 17 years),"<rheumatoid arthritis>; <ankylosing spondylitis>; <arthritis, psoriatic>; <psoriasis>; <crohn disease>; <ulcerative colitis>",samsung bioepis au pty ltd,samsung,260410,infliximab,yes,no,powder,pm-2015-02764-1-3,
intravenous,29.11.2013,2013,authorised,TGA,approved,05.08.2015,2015,diseases of the musculoskeletal system and connective tissue; diseases of the skin; diseases of the digestive system,"<rheumatoid arthritis>; <ankylosing spondylitis>; <arthritis, psoriatic>; <psoriasis>; <crohn disease>; <ulcerative colitis>",auspar-infliximab-rmc-200603.pdf,biologics,"remsima, emisima, flixceli, inflectra",rheumatoid arthritis in adults; ankylosing spondylitis; psoriatic arthritis; psoriasis; crohn's disease in adults and in children and adolescents (6 to 17 years); refractory fistulising crohn’s disease; ulcerative colitis in adults and in children and adolescents (6 to 17 years),yes,rheumatoid arthritis in adults; ankylosing spondylitis; psoriatic arthritis; psoriasis; crohn's disease in adults and in children and adolescents (6 to 17 years); refractory fistulising crohn’s disease; ulcerative colitis in adults and in children and adolescents (6 to 17 years),"<rheumatoid arthritis>; <ankylosing spondylitis>; <arthritis, psoriatic>; <psoriasis>; <crohn disease>; <ulcerative colitis>",pharmbio pty ltd,pharmbio,"217064, 217066, 217063, 217065",infliximab,no,no,lyophilisate; water,pm-2013-0324 7-1-3,na
intramuscular,,,authorised,TGA,approved,21.08.2013,2013,infectious and parasitic diseases,<influenza>,auspar-influenza-virus-140206.pdf,vaccine,fluarix tetra,active immunisation of adults and children from 3 years of age for the prevention of influenza disease caused by the influenza virus types a and b contained in the vaccine.,no,active immunisation of adults and children from 3 years of age for the prevention of influenza disease caused by the influenza virus types a and b contained in the vaccine.,<influenza>,glaxosmithkline australia pty ltd,glaxosmithkline,200674 and 210806,influenza virus haemagglutinin,no,no,suspension,pm-2012-02287-3-2,na
nasal,,,authorised,TGA,approved,12.10.2016,2016,infectious and parasitic diseases,<influenza>,auspar-influenza-virus-171106.pdf,vaccine,flumist quadrivalent,prevention of influenza in children and adolescents from 24 months to less than 18 years of age,no,prevention of influenza in children and adolescents from 24 months to less than 18 years of age,<influenza>,astrazeneca pty ltd,astrazeneca,244892,influenza virus,yes,no,spray,pm-2015-01533-1-2,
intramuscular,26.08.2010,2010,authorised,TGA,approved,04.07.2012,2012,infectious and parasitic diseases,<influenza>,auspar-influenza-virus-haemagglutinin-130212.pdf,vaccine,pandemrix h1n1 pandemic influenza vaccine,prophylaxis of influenza in an officially declared pandemic situation,no,prophylaxis of influenza in an officially declared pandemic situation,<influenza>,glaxosmithkline australia pty ltd,glaxosmithkline,174554,influenza virus haemagglutinin,yes,no,suspension,pm-2010-02995-3-2,
intramuscular,,,authorised,TGA,approved,27.11.2014,2014,infectious and parasitic diseases,<influenza>,auspar-influenza-virus-haemagglutinin-150206.pdf,vaccine,fluquadri™ and fluquadri™junior,active immunisation of influenza disease caused by influenza a subtype viruses and type b viruses contained in the vaccine,no,active immunisation of influenza disease caused by influenza a subtype viruses and type b viruses contained in the vaccine,<influenza>,sanofi aventis australia pty ltd,sanofi,213963 and 213964,influenza virus haemagglutinin,yes,no,suspension,pm-2013-02401-1-2,
intramuscular,03.01.2017,2017,authorised,TGA,approved,01.02.2018,2018,infectious and parasitic diseases,<influenza>,auspar-influenza-virus-haemagglutinin-181105.pdf,vaccine,afluria quad,"for the prevention of influenza caused by influenza virus, types a and b contained in the vaccine. the vaccine is indicated for use only in persons aged 5 years and over.",yes,"for the prevention of influenza caused by influenza virus, types a and b contained in the vaccine. the vaccine is indicated for use only in persons aged 5 years and over.",<influenza>,seqirus pty ltd,seqirus,"262428, 294907",influenza virus haemagglutinin,yes,no,suspension,pm-2016-03542-1-2,
intramuscular;subcutaneous,02.11.2020,2020,authorised,TGA,approved,15.09.2021,2021,infectious and parasitic diseases; diseases of the respiratory system,<influenza>,auspar-influenza-virus-haemagglutinin-220325.pdf,vaccine,influvac tetra,"for the prevention of influenza caused by influenza virus, types a and b.",yes,"for the prevention of influenza caused by influenza virus, types a and b.",<influenza>,viatris pty ltd,viatris,"292237, 292238 and 281035",influenza virus haemagglutinin,yes,no,suspension,pm-2020-04870-1-2,
intramuscular; subcutaneous,30.11.2016,2016,authorised,TGA,approved,01.11.2017,2017,infectious and parasitic diseases,<influenza>,auspar-influenza-virus-haemagglutinin-vaccine-180823.pdf,vaccine,influvac tetra,"for the prevention of influenza caused by influenza virus, types a and b",no,"for the prevention of influenza caused by influenza virus, types a and b",<influenza>,mylan health pty ltd,mylan,281035; 292237; 292238,influenza virus haemagglutinin,yes,no,suspension,pm-2016-02725-1-2,
intramuscular,01.03.2019,2019,authorised,TGA,approved,24.09.2019,2019,infectious and parasitic diseases,<influenza>,auspar-influenza-virus-haemagglutinin.pdf,vaccine,fluad quad,active immunisation against influenza in persons 65 years of age and older.,no,active immunisation against influenza in persons 65 years of age and older.,<influenza>,seqirus pty ltd,seqirus,"316323, 313724",influenza virus haemagglutinin,no,no,suspension,pm-2019-00120-1-2,na
topical,,,authorised,TGA,approved,01.11.2012,2012,neoplasms; diseases of the skin,<actinic keratosis>,auspar-ingenol-mebutate-130606.pdf,small molecule,picato 0.015% and 0.05% gel,topical treatment of solar (actinic) keratoses in adults,no,topical treatment of solar (actinic) keratoses in adults,<actinic keratosis>,leo pharma pty ltd,leo,190122 and 190113,ingenol mebutate,no,no,gel,pm-2011-02307-3-5,na
intravenous,01.06.2017,2017,authorised (under additional monitoring),TGA,approved,11.05.2018,2018,neoplasms; diseases of the blood and blood-forming organs,<precursor b-cell lymphoblastic leukemia-lymphoma>,auspar-inotuzumab-ozogamicin-190704.pdf,biologics,besponsa,treatment of adults with relapsed or refractory cd22 positive b cell precursor acute lymphoblastic leukaemia (all),no,treatment of adults with relapsed or refractory b cell precursor acute lymphoblastic leukaemia (all),<b-cell precursor acute lymphoblastic leukemia>,pfizer australia pty limited,pfizer,288135,inotuzumab ozogamicin,no,yes,powder,pm-2017-01455-1-4,na
subcutaneous,02.12.2019,2019,authorised,TGA,approved,14.10.2020,2020,"endocrine, nutritional, and metabolic diseases",<diabetes mellitus>,auspar-insulin-aspart-200301.pdf,peptides and proteins,truvelog,treatment of diabetes mellitus,no,treatment of diabetes mellitus,<diabetes mellitus>,sanofi-aventis australia pty ltd,sanofi-aventis,"325474, 325475",insulin aspart,no,no,solution,pm-2019-04815-1-5,na
subcutaneous; intravenous,01.04.2019,2019,authorised (under additional monitoring),TGA,approved,11.03.2020,2020,"endocrine, nutritional, and metabolic diseases",<diabetes mellitus>,auspar-insulin-aspart-rys-200827.pdf,peptides and proteins,"fiasp, fiasp penfill, and fiasp flex touch",treatment of diabetes mellitus in adolescents and children aged 1 year and above.,yes,"treatment of diabetes mellitus in adults, adolescents and children aged 1 year and above.",<diabetes mellitus>,novo nordisk pharmaceuticals pty ltd,novo nordisk,"275375, 275393, 275394",insulin aspart,yes,no,solution,pm-2018-05745-1-5,
subcutaneous,31.01.2020,2020,authorised (under additional monitoring),TGA,approved,17.12.2020,2020,"endocrine, nutritional, and metabolic diseases","<diabetes mellitus, type 2>",auspar-insulin-degludec-liraglutide-210322.pdf,peptides and proteins,xultophy,"treatment of adults with type 2 diabetes mellitus to improve glycaemic control in combination with metformin, with or without other oral glucose-lowering medicinal products.",no,treatment of adults with type 2 diabetes mellitus to improve glycaemic control in combination with one or more oral glucose-lowering medicinal products.,<type 2 diabetes mellitus>,novo nordisk pharmaceuticals pty ltd,novo nordisk,328580,insulin degludec/liraglutide,no,no,solution,pm-2019-05122-1-5,na
subcutaneous,02.01.2019,2019,authorised (under additional monitoring),TGA,approved,10.03.2020,2020,"endocrine, nutritional, and metabolic diseases",<diabetes mellitus>,auspar-insulin-degludec-rys-insulin-aspart-rys-200702.pdf,peptides and proteins,"ryzodeg 70/30 flextouch, ryzodeg 70/30 penfill",for use in diabetes mellitus in adolescents and children aged 6 years and older,yes,"to improve glycaemic control in adults, adolescents and children from the age of 2 years with diabetes mellitus requiring basal and prandial insulin.",<diabetes mellitus>,novo nordisk pharmaceuticals pty ltd,novo nordisk,"280432, 280433","insulin degludec, insulin aspart",yes,no,solution,pm-2018-04154-1-5,
subcutaneous,,,authorised,TGA,approved,16.10.2013,2013,"endocrine, nutritional, and metabolic diseases",<diabetes mellitus>,auspar-insulin-detemir-rys-140328.pdf,peptides and proteins,levemir,treatment of diabetes mellitus,no,treatment of diabetes mellitus,<diabetes mellitus>,novo nordisk pharmaceuticals,novo nordisk,172213; 172234; 172235,insulin detemir,yes,no,solution,pm-2012-02256-3-5,
subcutaneous,01.10.2013,2013,authorised,TGA,approved,10.11.2014,2014,"endocrine, nutritional, and metabolic diseases",<type 1 diabetes mellitus>; <type 2 diabetes mellitus>,auspar-insulin-glargine-150828.pdf,biologics,"abasria, abasria kwikpen","insulin glargine an insulin analogue indicated for once-daily subcutaneous administration in the treatment of type 1 diabetes mellitus, in adults and children and type 2 diabetes mellitus in adults who require insulin for the control of hyperglycaemia",no,once-daily subcutaneous treatment of type 1 diabetes in adults and children and type 2 diabetes mellitus in adults who require insulin for the control of hyperglycaemia,"<type 1 diabetes mellitus>; <diabetes mellitus, type 2>",eli lilly australia pty ltd,eli lilly,215551 and 215552,insulin glargine,no,no,solution,pm-2013-02802-1-5,na
subcutaneous,,,authorised,TGA,approved,22.06.2015,2015,"endocrine, nutritional, and metabolic diseases",<diabetes mellitus>,auspar-insulin-glargine-rbe-170106_0.pdf,peptides and proteins,toujeo / edomlus / lambeto,treatment of diabetes mellitus in adults,no,treatment of diabetes mellitus in adults,<diabetes mellitus>,sanofi aventis australia pty ltd,sanofi,"223457, 223466, 223467",insulin glargine,no,no,solution,pm-2014-00670-1-5,na
subcutaneous,,,authorised,TGA,approved,15.05.2013,2013,diseases of the nervous system,<multiple sclerosis>,auspar-interferon-beta-1a-131010.pdf,biologics,rebif,"patients with a single demyelinating event in the central nervous system with an active inflammatory process, if alternative diagnoses have been excluded, and if they are determined to be at high risk of developing clinically definite multiple sclerosis.",yes,patients with a single demyelinating event of the central nervous system (cns): so called clinically isolated syndrome (cis).,<clinically isolated syndrome>,merck serono australia pty ltd,merck serono,"133809, 133813, 165745, 165746, 174478, 174479",interferon beta-1a,yes,no,solution,pm-2012-00320-3-1,
vaginal,31.08.2022,2022,authorised (under additional monitoring),TGA,approved,15.06.2023,2023,diseases of the genitourinary system,<atrophy>,auspar-intrarosa-231102.pdf,small molecule,intrarosa,treatment of vulvar and vaginal atrophy in postmenopausal women having moderate to severe symptoms.,no,the treatment of postmenopausal vulvovaginal atrophy.,<atrophy>,theramex australia pty ltd,theramex,391550,prasterone,yes,no,pessary,pm-2022-02509-1-5,
intravenous,,,authorised,TGA,approved,03.02.2011,2011,diseases of the blood and blood-forming organs; infectious and parasitic diseases,"<immunologic deficiency syndromes>; <multiple myeloma>; <leukemia, lymphocytic, chronic, b-cell>; <acquired immunodeficiency syndrome>; <purpura, thrombocytopenic, idiopathic>; <guillain-barre syndrome>; <mucocutaneous lymph node syndrome>",auspar-intratect.pdf,biologics,intratect,"replacement therapy in primary immunodeficiency syndromes, myeloma or chronic lymphocytic leukemia with severe secondary hypogammaglobulinaemia and recurrent infections, and for children with congenital aids; immunomodulatory effect in idiopathic thrombocytopenic purpura, guillain-barré syndrome, kawasaki disease or allogenic bone marrow transplant.",no,"replacement therapy in primary immunodeficiency syndromes, myeloma or chronic lymphocytic leukemia with severe secondary hypogammaglobulinaemia and recurrent infections, and for children with congenital aids; immunomodulatory effect in idiopathic thrombocytopenic purpura, guillain-barré syndrome, kawasaki disease or allogenic bone marrow transplant.","<immunologic deficiency syndromes>; <multiple myeloma>; <leukemia, lymphocytic, chronic, b-cell>; <hypogammaglobulinemia>; <acquired immunodeficiency syndrome>; <purpura, thrombocytopenic, idiopathic>; <guillain-barre syndrome>; <mucocutaneous lymph node syndrome>",link medical products pty ltd,link,"164548, 164549, 164550 and 164551",immunoglobulin – normal (human),yes,no,solution,pm-2009-02495-3-2,
intramuscular,,,authorised,TGA,approved,20.07.2010,2010,mental and behavioural disorders,<schizophrenia>,auspar-invega-sustenna.pdf,small molecule,invega sustenna,acute and maintenance treatment of schizophrenia in adults,no,acute and maintenance treatment of schizophrenia in adults,<schizophrenia>,janssen-cilag australia pty ltd,janssen-cilag,"160856, 160857, 160858, 160859, 160860",paliperidone palmitate,no,no,solution,pm-2009-00926-3-1,na
oral,,,authorised,TGA,approved,14.12.2009,2009,mental and behavioural disorders,<schizoaffective disorder>,auspar-invega.pdf,small molecule,invega,treatment of acute exacerbations of schizoaffective disorder as monotherapy and in combination with antidepressants and/or mood stabilizers (lithium and valproate),yes,treatment of schizoaffective disorder as monotherapy and in combination with antidepressants and/or mood stabilizers,<schizoaffective disorder>,janssen-cilag pty ltd,janssen-cilag,"austr 130502, austr 130714, austr 130717, austr 130732",paliperidone,yes,no,tablet,pm-2009-00515-3-1,
intraarterial,30.04.2019,2019,authorised,TGA,approved,14.05.2020,2020,neoplasms,<hepatocellular carcinoma>,auspar-iodised-oil-201223.pdf,other,lipiodol ultra fluid,in interventional radiology: as an imaging agent for visualisation and localisation during trans-arterial chemo-embolization (tace) of hepatocellular carcinoma (hcc) at intermediate stage in adults.,yes,visualisation and localisation during trans-arterial chemo-embolisation (tace) of hepatocellular carcinoma (hcc) at intermediate stage in adults.,<hepatocellular carcinoma>,guerbet australia,guerbet,34371,iodised oil,yes,no,solution,pm-2018-05773-1-2,
intravascular,,,authorised,TGA,approved,14.05.2010,2010,diseases of the circulatory system; diseases of the genitourinary system; diseases of the digestive system,not reported,auspar-iodixanol.pdf,small molecule,visipaque,"visipaque is indicated in adult patients for angiocardiography, peripheral arteriography, visceral arteriography, cerebral arteriography, contrast-enhanced computed tomography of the head and body, excretory urography and venography. in children, visipaque is indicated for cardioangiography, urography, ct enhancement and studies of the upper gastrointestinal tract.",yes,"visipaque is indicated for cardioangiography, urography, ct-enhancement and studies of the upper gastrointestinal tract in children.",not reported,ge healthcare australia pty ltd,ge,"49594, 49597, 49598, 49599, 49600, 49601, 49602, 49603, 49604, 49605, 49606, 49607, 49608, 49609, 75923, 75924, 75925, 75926, 75927, 75928, 75929, 75930, 154369, 154369",iodixanol,yes,no,solution,pm-2009-00811-3-2,
intravenous,,,authorised,TGA,approved,30.03.2015,2015,neoplasms; diseases of the skin,<melanoma>,auspar-ipilimumab-rch-170206.pdf,biologics,yervoy/winglore,as first line therapy for patients with unresectable or metastatic melanoma.,yes,as first line therapy for patients with unresectable or metastatic melanoma.,<melanoma>,bristol-myers squibb australia pty ltd,bristol-myers squibb,"174322, 174327, 174319, 174326",ipilimumab,yes,no,concentrate,pm-2013-04125-1-4,
intravenous,,,authorised,TGA,approved,13.12.2016,2016,neoplasms; diseases of the digestive system,<pancreatic neoplasms>,auspar-irinotecan-171005.pdf,small molecule,onivyde,"treatment of metastatic adenocarcinoma of the pancreas, in combination with 5-fluorouracil and folinic acid (leucovorin) in adult patients who have been previously treated with gemcitabine-based therapy.",no,"treatment of metastatic adenocarcinoma of the pancreas, in combination with 5-fluorouracil and folinic acid (leucovorin) in adult patients who have been previously treated with gemcitabine-based therapy.",<pancreatic neoplasms>,baxalta australia pty ltd,baxalta,263184,irinotecan,no,no,solution,pm-2015-03196-1-4,na
intravenous,30.07.2019,2019,authorised (under additional monitoring),TGA,approved,29.04.2020,2020,neoplasms; diseases of the blood and blood-forming organs,<multiple myeloma>,auspar-isatuximab-201102.pdf,biologics,sarclisa,"sarclisa is indicated in combination with pomalidomide and dexamethasone, for the treatment of patients with multiple myeloma (mm) who have received at least two prior therapies including lenalidomide and a proteasome inhibitor (pi).",no,"sarclisa is indicated in combination with pomalidomide and dexamethasone, for the treatment of patients with multiple myeloma (mm) who have received at least two prior therapies including lenalidomide and a proteasome inhibitor (pi).",<multiple myeloma>,sanofi-aventis australia pty ltd,sanofi-aventis,"319085, 319086",isatuximab,no,yes,concentrate,pm-2019-02568-1-6,na
oral; intravenous,29.06.2018,2018,authorised (under additional monitoring),TGA,approved,15.05.2019,2019,infectious and parasitic diseases,<aspergillosis>; <mucormycosis>,auspar-isavuconazole-as-sulphate-191217.pdf,small molecule,cresemba,treatment of invasive aspergillosis and mucormycosis in patients for whom amphotericin b is inappropriate,no,treatment of invasive aspergillosis and mucormycosis in patients for whom amphotericin b is inappropriate,<aspergillosis>; <mucormycosis>,pfizer australia pty. ltd.,pfizer,"305480, 305452",isavuconazole,yes,yes,capsule; powder,pm-2018-02483-1-2,
oral,02.08.2021,2021,authorised (under additional monitoring),TGA,approved,06.05.2022,2022,"endocrine, nutritional, and metabolic diseases",<cushing syndrome>,auspar-isturisa-20221021.pdf,small molecule,isturisa,for the treatment of endogenous cushing's syndrome in adults.,no,for the treatment of endogenous cushing's syndrome in adults.,<hypercortisolism>,recordati rare diseases australia pty ltd,recordati,"369218, 369219 and 369220",osilodrostat,no,yes,tablet,pm-2021-02641-1-5,na
oral,,,authorised,TGA,approved,09.07.2012,2012,diseases of the circulatory system,<heart failure>,auspar-ivabradine-121031.pdf,small molecule,coralan,"treatment of symptomatic chronic heart failure of nyha classes ii or iii and with documented left ventricular ejection fraction (lvef) ≤ 35% in adult patients in sinus rhythm and with heart rate at or above 77 bpm, in combination with optimal standard chronic heart failure treatment.",yes,treatment of chronic heart failure: reduction of cardiovascular events (cardiovascular mortality or hospitalisation for worsening heart failure) in adults with sinus rhythm with symptomatic chronic heart failure and with heart rate at or above 70 bpm,<heart failure>,servier laboratories (australia) pty ltd,servier,107297 and 107301,ivabradine,yes,no,tablet,pm-2010-03269-3,
oral,,,authorised,TGA,approved,01.07.2013,2013,"diseases of the respiratory system; endocrine, nutritional, and metabolic diseases",<cystic fibrosis>,auspar-ivacaftor-131129.pdf,small molecule,kalydeco,treatment of cystic fibrosis in patients age 6 years and older who have a g551d mutation in the cftr gene,no,treatment of cystic fibrosis in patients age 6 years and older who have a g551d mutation in the cftr gene,<cystic fibrosis>,vertex pharmaceuticals australia pty ltd,vertex,198654 and 198655,ivacaftor,no,yes,tablet,pm-2012-01491-3-5,na
oral,,,authorised,TGA,approved,05.02.2016,2016,diseases of the respiratory system; other,<cystic fibrosis>,auspar-ivacaftor-170105 (1).pdf,small molecule,kalydeco,treatment of cystic fibrosis (cf) in patients aged 6 years and older who have an r117h mutation in the cftr gene,yes,treatment of cystic fibrosis (cf) in patients aged 6 years and older who have an r117h mutation in the cftr gene,<cystic fibrosis>,vertex pharmaceuticals australia pty ltd,vertex,"198654, 198655, 235759, 267390, 269661",ivacaftor,no,no,tablet,pm-2015-00399-1-5,na
oral,,,authorised,TGA,approved,05.02.2016,2016,"diseases of the respiratory system; endocrine, nutritional, and metabolic diseases",<cystic fibrosis>,auspar-ivacaftor-170105.pdf,small molecule,kalydeco,treatment of cystic fibrosis (cf) in patients aged 6 years and older who have an r117h mutation in the cftr gene,yes,treatment of cystic fibrosis (cf) in patients aged 6 years and older who have an r117h mutation in the cftr gene,<cystic fibrosis>,vertex pharmaceuticals australia pty ltd,vertex,"198654, 198655, 235759, 267390, 269661",ivacaftor,no,no,tablet,pm-2015-00399-1-5,na
oral,,,authorised,TGA,approved,15.07.2013,2013,infectious and parasitic diseases; diseases of the skin,<onchocerciasis>; <strongyloidiasis>; <scabies>,auspar-ivermectin-131030.pdf,small molecule,stromectol,onchocerciasis and intestinal strongyloidiasis; crusted scabies in conjunction with topical therapy; human sarcoptic scabies when prior topical treatment has failed or is contraindicated,yes,treatment of human sarcoptic scabies,<scabies>,merck sharp dohme (australia) pty ltd,merck sharp dohme,181338,ivermectin,yes,no,tablet,pm-2012-01113-3-2,
topical,,,authorised,TGA,approved,09.09.2015,2015,diseases of the skin,<rosacea>,auspar-ivermectin-151209.pdf,small molecule,soolantra and vastreka,topical treatment of inflammatory lesions of rosacea (papulo-pustular) in adult patients 18 years and over.,yes,topical treatment of inflammatory lesions of rosacea (papulo-pustular) in adult patients 18 years and over.,<rosacea>,galderma australia pty ltd,galderma,"227125, 227242",ivermectin,no,no,cream,pm-2014-01877-1-2,na
oral,,,authorised,TGA,approved,10.11.2016,2016,neoplasms; diseases of the blood and blood-forming organs,<multiple myeloma>,auspar-ixazomib-citrate-171102.pdf,small molecule,ninlaro,ninlaro is indicated in combination with lenalidomide and dexamethasone for the treatment of patients with multiple myeloma who have received at least one prior therapy.,no,ninlaro is indicated for the treatment of patients with multiple myeloma who have received at least one prior therapy.,<multiple myeloma>,takeda pharmaceuticals australia pty ltd,takeda,"260934, 260935 and 260936",ixazomib,no,no,capsule,,na
subcutaneous,,,authorised,TGA,approved,01.09.2016,2016,diseases of the skin,<psoriasis>,auspar-ixekizumab-170508.pdf,biologics,taltz,treatment of adult patients with moderate to severe plaque psoriasis who are candidates for systemic therapy or phototherapy,no,treatment of adult patients with moderate to severe plaque psoriasis,<psoriasis>,eli lilly australia pty ltd,eli lilly,253892; 253893,ixekizumab,no,no,solution,pm-2015-01878-1-4,na
subcutaneous,31.08.2017,2017,authorised (under additional monitoring),TGA,approved,22.06.2018,2018,diseases of the musculoskeletal system and connective tissue; diseases of the skin,"<arthritis, psoriatic>",auspar-ixekizumab-181119.pdf,biologics,taltz,"treatment of active psoriatic arthritis in adult patients who have responded inadequately, or who are intolerant, to previous dmard therapy.",yes,"treatment of active psoriatic arthritis in adult patients who have responded inadequately, or who are intolerant, to previous dmard therapy.","<arthritis, psoriatic>",eli lilly australia pty ltd,eli lilly,253893 and 253892,ixekizumab,yes,no,solution,pm-2017-02078-1-3,
subcutaneous,01.04.2019,2019,authorised,TGA,approved,06.03.2020,2020,diseases of the musculoskeletal system and connective tissue,<ankylosing spondylitis>,auspar-ixekizumab-200622.pdf,biologics,taltz,ankylosing spondylitis (radiographic axial spondyloarthritis),yes,ankylosing spondylitis (radiographic axial spondyloarthritis),<ankylosing spondylitis>,eli lilly australia pty ltd,eli lilly,"253893, 253892",ixekizumab,yes,no,solution,pm-2018-05753-1-3,
oral,22.03.2021,2021,authorised (under additional monitoring),TGA,approved,27.01.2022,2022,diseases of the blood and blood-forming organs,<acute graft vs host disease>; <chronic graft vs host disease>,auspar-jakavi-230504.pdf,small molecule,jakavi,treatment of patients aged 12 years and older with acute graft-versus-host disease who have inadequate response to corticosteroids; treatment of patients aged 12 years and older with chronic graft-versus-host disease who have inadequate response to corticosteroids.,yes,treatment of patients with graft versus host disease (gvhd) aged 12 years and older who have inadequate response to corticosteroids or other systemic therapies.,<graft vs host disease>,novartis pharmaceuticals australia pty ltd,novartis,"198933, 198934, 198936, 232702",ruxolitinib phosphate,no,yes,tablet,pm-2021-00484-1-6,na
subcutaneous,,,authorised,TGA,approved,11.12.2013,2013,infectious and parasitic diseases,<japanese encephalitis>,auspar-japanese-encephalitis-vaccine-140203.pdf,vaccine,imojev,"prophylaxis of japanese encephalitis caused by the japanese encephalitis virus, in individuals from 12 months of age and over",no,"prophylaxis of japanese encephalitis caused by the japanese encephalitis virus, in individuals from 12 months of age and over",<japanese encephalitis>,sanofi-aventis australia pty ltd,sanofi-aventis,aust r 162215,japanese encephalitis vaccine,yes,no,powder,pm-2012-02264-3-2,
oral,31.01.2023,2023,authorised,TGA,approved,06.02.2024,2024,diseases of the genitourinary system; diseases of the circulatory system,<chronic kidney disease>,auspar-jardiance-240709.pdf,small molecule,jardiance,"chronic kidney disease to reduce the risk of kidney disease progression in adults with ckd stages 2 and 3a with urine acr ≥30 mg/g, or ckd stages 3b, 4 and 5 irrespective of urine acr",yes,chronic kidney disease to reduce the risk of kidney disease progression or cardiovascular death,<chronic kidney disease>,boehringer ingelheim pty ltd,boehringer ingelheim,"208827, 208829",empagliflozin,yes,no,tablet,pm-2022-05194-1-5,
intravenous,,,authorised,TGA,approved,07.02.2011,2011,neoplasms; diseases of the genitourinary system,<urinary bladder neoplasms>,auspar-javlor.pdf,small molecule,javlor,treatment of adult patients with advanced or metastatic transitional cell carcinoma of the urothelial tract after failure of a prior platinum-containing regimen.,no,treatment of adult patients with advanced or metastatic transitional cell carcinoma of the urothelial tract after failure of a prior platinum-containing regimen.,<urinary bladder neoplasms>,pierre fabre medicament australia pty ltd,pierre fabre,"166773, 166767 and 166772",vinflunine ditartrate,no,no,concentrate,pm-2009-03102-3-4,na
intravenous,01.02.2021,2021,authorised (under additional monitoring),TGA,approved,15.02.2022,2022,neoplasms; diseases of the genitourinary system,<endometrial neoplasms>,auspar-jemperli-230210.pdf,biologics,jemperli,monotherapy for the treatment of adult patients with recurrent or advanced mismatch repair deficient (dmmr) endometrial cancer (ec) that has progressed on or following prior treatment with a platinum-containing regimen.,no,monotherapy for the treatment of patients with recurrent or advanced mismatch repair deficient/microsatellite instability-high (dmmr/msi-h) endometrial cancer who have progressed on or after treatment with a platinum-containing regimen.,<endometrial neoplasms>,glaxosmithkline australia pty ltd,glaxosmithkline,352631,dostarlimab,no,no,solution,pm-2020-06455-1-4,na
intravenous,31.03.2022,2022,authorised (under additional monitoring),TGA,approved,21.03.2023,2023,diseases of the blood and blood-forming organs,<not reported>,auspar-jivi-231109.pdf,biologics,jivi,routine prophylactic treatment to prevent or reduce the frequency of bleeding episodes; on-demand treatment and control of bleeding episodes; per-operative management of bleeding (surgical prophylaxis),no,treatment and prophylaxis of bleeding in previously treated patients (ptps) ≥ 12 years of age with haemophilia a (congenital factor viii deficiency).,<hemophilia a>,bayer australia ltd,bayer,"384590, 384591, 384592, 384593 and 384594",damoctocog alfa pegol,no,no,powder; diluent,pm-2022-00347-1-6,na
subcutaneous,03.10.2023,2023,authorised,TGA,approved,07.08.2024,2024,diseases of the musculoskeletal system and connective tissue; neoplasms; diseases of the blood and blood-forming organs,<osteoporosis>; <multiple myeloma>; <bone neoplasms>; <giant cell tumor of bone>; <hypercalcemia>,auspar-jubbonti-wyost-241010.pdf,biologics,jubbonti/wyost,treatment of osteoporosis in postmenopausal women; prevention of skeletal related events in patients with multiple myeloma and in patients with bone metastases from solid tumours; treatment of giant cell tumour of bone; treatment of hypercalcaemia of malignancy,no,treatment of osteoporosis in postmenopausal women; prevention of skeletal related events in patients with multiple myeloma and in patients with bone metastases from solid tumours; treatment of giant cell tumour of bone; treatment of hypercalcaemia of malignancy,<osteoporosis>; <multiple myeloma>; <bone neoplasms>; <giant cell tumor of bone>; <hypercalcemia>,sandoz pty ltd,sandoz,418514; 418515,denosumab,yes,no,injection,pm-2023-03741-1-5,
oral,22.12.2021,2021,authorised,TGA,approved,14.02.2023,2023,"diseases of the respiratory system; endocrine, nutritional, and metabolic diseases",<cystic fibrosis>,auspar-kalydeco-241105.pdf,small molecule,kalydeco,treatment of cystic fibrosis (cf) in patients aged 4 months and older who have at least one mutation in the cftr gene that is responsive to ivacaftor potentiation based on clinical and/or in vitro assay data,yes,treatment of cystic fibrosis (cf) in patients aged 4 months and older who have at least one mutation in the cftr gene that is responsive to ivacaftor potentiation based on clinical and/or in vitro assay data,<cystic fibrosis>,vertex pharmaceuticals (australia) pty ltd,vertex,"198654 , 198655 , 267390 , 269661 , 342815",ivacaftor,yes,yes,tablet; granules,pm-2021-5827-1-5,
intravenous,31.10.2016,2016,authorised,TGA,approved,01.09.2017,2017,neoplasms; diseases of the blood and blood-forming organs,<hodgkin disease>,auspar-keytruda-180530.pdf,biologics,keytruda,treatment of adult patients with relapsed or refractory classical hodgkin lymphoma (chl) following autologous stem cell transplant (asct) or following at least two prior therapies when asct or multi-agent chemotherapy is not a treatment option.,yes,"treatment of patients with refractory classical hodgkin lymphoma, or those who have relapsed after 3 or more prior lines of therapy.",<classical hodgkin lymphoma>,merck sharp & dohme australia pty ltd,merck sharp & dohme,"226597, 263932",pembrolizumab,yes,no,powder; solution,pm-2016-02736-1-4,
intravenous,24.11.2021,2021,authorised,TGA,approved,02.09.2022,2022,neoplasms,<breast neoplasms>,auspar-keytruda-230508.pdf,biologics,keytruda,"treatment of patients with high-risk early-stage triple-negative breast cancer (tnbc) in combination with chemotherapy as neoadjuvant treatment, and then continued as monotherapy as adjuvant treatment after surgery.",yes,"treatment of patients with high-risk early-stage triple-negative breast cancer (tnbc) in combination with chemotherapy as neoadjuvant treatment, and then continued as monotherapy as adjuvant treatment after surgery.",<breast neoplasms>,merck sharp & dohme (australia) pty ltd,merck sharp & dohme,263932,pembrolizumab,yes,no,concentrate,pm-2021-04831-1-4,
intravenous,30.04.2020,2020,authorised (under additional monitoring),TGA,approved,12.07.2021,2021,neoplasms; diseases of the genitourinary system,<bladder neoplasms>,auspar-keytruda-230608.pdf,biologics,keytruda,"for the treatment of patients with bacillus calmette-guerin (bcg)-unresponsive, high-risk, non-muscle invasive bladder cancer (nmibc) with carcinoma-in-situ (cis) with or without papillary tumours who are ineligible for or have elected not to undergo cystectomy.",yes,"for the treatment of patients with bacillus calmette-guerin (bcg)-unresponsive, high-risk, non-muscle invasive bladder cancer (nmibc) with carcinoma-in-situ (cis) with or without papillary tumours who are ineligible for or have elected not to undergo cystectomy.",<urinary bladder neoplasms>,merck sharp & dohme (australia) pty ltd,merck sharp & dohme,"226597, 263932",pembrolizumab,yes,no,powder; concentrate,pm-2020-01294-1-4,
intravenous,30.06.2020,2020,authorised,TGA,approved,20.10.2021,2021,neoplasms; diseases of the blood and blood-forming organs,<classical hodgkin lymphoma>,auspar-keytruda-230609.pdf,biologics,keytruda,monotherapy for the treatment of adult patients with relapsed or refractory classical hodgkin lymphoma (chl) following autologous stem cell transplant (asct) or following at least two prior therapies when asct or multi-agent chemotherapy is not a treatment option.,yes,monotherapy for the treatment of adult and paediatric patients with relapsed or refractory classical hodgkin lymphoma (chl).,<hodgkin lymphoma>,merck sharp & dohme (australia) pty ltd,merck sharp & dohme,226597 and 263932,pembrolizumab,yes,no,powder; solution,pm-2020-02312-1-6,
intravenous,18.01.2021,2021,authorised,TGA,approved,16.09.2021,2021,neoplasms; diseases of the digestive system,"<carcinoma, oesophageal>; <gastroesophageal junction adenocarcinoma>",auspar-keytruda-230623.pdf,biologics,keytruda,first-line treatment of patients with locally advanced or metastatic carcinoma of the oesophagus or her2 negative gastroesophageal junction adenocarcinoma that is not amenable to surgical resection or definitive chemoradiation.,yes,first-line treatment of patients with locally advanced unresectable or metastatic carcinoma of the oesophagus or gastroesophageal junction.,"<carcinoma, oesophageal>",merck sharp & dohme (australia) pty ltd,merck sharp & dohme,226597 and 263932,pembrolizumab,yes,yes,powder; solution,pm-2020-06395-1-4,
intravenous,01.11.2021,2021,authorised,TGA,approved,30.09.2022,2022,neoplasms; diseases of the genitourinary system,<renal cell carcinoma>,auspar-keytruda-230830.pdf,biologics,keytruda,"adjuvant treatment of patients with rcc with a clear cell component who are at intermediate-high or high risk of recurrence following nephrectomy, or following nephrectomy and resection of metastatic lesions.",yes,"adjuvant treatment of patients with rcc at intermediate-high or high risk of recurrence following nephrectomy, or following nephrectomy and resection of metastatic lesions.",<renal cell carcinoma>,merck sharp & dohme (australia) pty ltd,merck sharp & dohme,263932,pembrolizumab,yes,no,solution,pm-2021-04316-1-4,
intravenous,26.10.2021,2021,authorised (under additional monitoring),TGA,approved,27.05.2022,2022,neoplasms; diseases of the eye and adnexa,<uveal melanoma>,auspar-kimmtrak-221025.pdf,biologics,kimmtrak,treatment of hla-a*02:01-positive adult patients with unresectable or metastatic uveal melanoma.,no,treatment of hla-a*02:01-positive adult patients with unresectable or metastatic uveal melanoma.,<uveal neoplasms>,adjutor healthcare pty ltd,adjutor,375296,tebentafusp,yes,yes,solution,pm-2021-04357-1-4,
intravenous,03.10.2023,2023,authorised,TGA,approved,19.05.2025,2025,diseases of the nervous system,<alzheimer disease>; <mild cognitive impairment>,auspar-kisunla-250528.pdf,biologics,kisunla,treatment of patients with mild cognitive impairment (mci) due to alzheimer’s disease and mild alzheimer’s dementia (early symptomatic alzheimer’s disease) that are apolipoprotein e ε4 (apoe ε4) heterozygotes or noncarriers.,no,to slow disease progression in adult patients with alzheimer’s disease.,<alzheimer disease>,eli lilly australia pty ltd,eli lilly,420194,donanemab,no,no,solution,pm-2023-03683-1-1,na
intravenous,21.10.2021,2021,authorised (under additional monitoring),TGA,approved,09.11.2022,2022,diseases of the skin; diseases of the genitourinary system,<pruritus>; <chronic kidney disease>,auspar-korsuva-231109.pdf,peptides and proteins,korsuva,treatment of moderate-to-severe pruritus associated with chronic kidney disease in adult patients on haemodialysis.,no,treatment of moderate-to-severe pruritus associated with chronic kidney disease in adult patients on haemodialysis.,<pruritus>; <chronic kidney disease>,vifor pharma pty ltd,vifor,374062,difelikefalin,no,no,solution,pm-2021-04071-1-1,na
oral,,,authorised,TGA,approved,06.08.2024,2024,neoplasms; diseases of the nervous system,<neurofibromatosis 1>,auspar-koselugo-240806.pdf,small molecule,koselugo,"treatment of paediatric patients aged 2 years and above, with neurofibromatosis type 1 (nf1) who have symptomatic, inoperable plexiform neurofibromas (pn)",no,"treatment of paediatric patients 2 years of age and older with neurofibromatosis type 1 (nf1) who have symptomatic, inoperable plexiform neurofibromas (pn)",<neurofibromatosis 1>,"alexion pharmaceuticals, inc.",alexion,,selumetinib,yes,,capsule,pm-2020-05290-1-4,
oral,04.01.2021,2021,authorised (under additional monitoring),TGA,approved,08.03.2022,2022,infectious and parasitic diseases,"<malaria, vivax>",auspar-kozenis-221213.pdf,small molecule,kozenis,"tafenoquine is indicated, in combination with chloroquine, for the radical cure (prevention of relapse) of plasmodium vivax (p. vivax) malaria.",yes,tafenoquine is indicated for the radical cure (prevention of relapse) of plasmodium vivax (p. vivax) malaria in patients aged 6 months and older (≥ 5 kg body weight) who are receiving appropriate antimalarial therapy for the acute p. vivax infection.,"<malaria, vivax>",glaxosmithkline australia pty ltd,glaxosmithkline,"297214, 350774",tafenoquine,no,yes,tablet,pm-2020-05985-1-2,na
oral,,,authorised,TGA,approved,21.10.2010,2010,"endocrine, nutritional, and metabolic diseases",<hyperphenylalaninemia>; <phenylketonurias>; <tetrahydrobiopterin deficiency>,auspar-kuvan.pdf,small molecule,kuvan,treatment of hyperphenylalaninaemia (hpa) in sapropterin-responsive adult and paediatric patients with phenylketonuria (pku) or tetrahydrobiopterin (bh4) deficiency.,no,treatment of hyperphenylalaninaemia (hpa) in sapropterin-responsive adult and paediatric patients with phenylketonuria (pku) or tetrahydrobiopterin (bh4) deficiency.,<hyperphenylalaninemia>; <phenylketonurias>; <tetrahydrobiopterin deficiency>,merck serono australia pty ltd,merck,165738,sapropterin dihydrochloride,no,yes,tablet,pm-2009-02891-3-3,na
intravenous,02.08.2021,2021,authorised,TGA,approved,17.02.2023,2023,neoplasms; diseases of the blood and blood-forming organs,<multiple myeloma>,auspar-kyprolis-240909.pdf,small molecule,kyprolis,"treatment of patients with relapsed or refractory multiple myeloma who have received at least one prior therapy as part of combination therapy with dexamethasone, lenalidomide and dexamethasone, daratumumab and dexamethasone, or isatuximab and dexamethasone",yes,treatment of patients with relapsed or refractory multiple myeloma who have received at least one prior therapy,<multiple myeloma>,amgen australia pty ltd,amgen,"266773, 283228, 288527",carfilzomib,no,no,lyophilisate,pm-2021-02664-1-6,na
intravenous,31.07.2018,2018,authorised,TGA,approved,23.08.2019,2019,diseases of the circulatory system; pregnancy and childbirth,<hypertension>,auspar-labetalol-hydrochloride-210319.pdf,small molecule,labetalol sxp/rmb/tlb,the emergency treatment of severe hypertension when prompt and urgent reduction of blood pressure is essential.,yes,"treatment of severe hypertension, including severe hypertension of pregnancy.","<hypertension>; <hypertension, pregnancy-induced>",southern cross pharma pty ltd,southern cross,"306952, 306953, 306954",labetalol hydrochloride,yes,no,solution,pm-2018-01753-1-3,
oral; intravenous,31.03.2017,2017,authorised,TGA,approved,24.07.2018,2018,diseases of the nervous system,<epilepsy>,auspar-lacosamide-200130.pdf,small molecule,vimpat,monotherapy in the treatment of partial seizures with or without secondary generalisation in patients with epilepsy aged 16 years and older; add on therapy in the treatment of partial seizures with or without secondary generalisation in patients with epilepsy aged 4 years and older,yes,monotherapy and add-on therapy in the treatment of partial seizures with or without secondary generalisation in patients with epilepsy aged 4 years and older,<epilepsy>,ucb australia pty ltd,ucb,"196449, 196450, 196451, 196452, 151815, 286810",lacosamide,no,no,tablet; solution,pm-2016-04633-1-1,na
subcutaneous,25.05.2018,2018,authorised (under additional monitoring),TGA,approved,24.01.2019,2019,diseases of the blood and blood-forming organs,"<angioedema, hereditary>",auspar-lanadelumab-200304.pdf,biologics,takhzyro,routine prevention of recurrent attacks of hereditary angioedema (c1-esterase-inhibitor deficiency or dysfunction) in patients aged 12 years and older.,no,routine prevention of angioedema attacks and control of symptoms of hereditary angioedema (hae) in patients aged 12 years and older.,<angioedema>; <hereditary angioedema>,shire australia pty. ltd.,shire,302300,lanadelumab,no,yes,solution,pm-2017-01464-1-2,na
oral,,,authorised,TGA,approved,05.06.2012,2012,neoplasms,<breast neoplasms>,auspar-lapatinib-121112.pdf,small molecule,tykerb,"tykerb, in combination with paclitaxel, is indicated for the first line treatment of patients with metastatic breast cancer whose tumours overexpress her2 (erbb2) and for whom trastuzumab is not appropriate.",yes,in combination with paclitaxel for the treatment of patients with metastatic breast cancer whose tumours overexpress her2 (erbb2).,<breast neoplasms>,glaxosmithkline australia pty ltd,glaxosmithkline,"132305, 185997",lapatinib,no,no,tablet,pm-2011-00908-3-4,na
oral,30.08.2019,2019,authorised (under additional monitoring),TGA,approved,27.08.2020,2020,neoplasms,<neoplasms>,auspar-larotrectinib-201216.pdf,small molecule,vitrakvi,"treatment of adult and paediatric patients with locally advanced or metastatic solid tumours that have a neurotrophic tyrosine receptor kinase (ntrk) gene fusion without a known acquired resistance mutation, are metastatic or where surgical resection is likely to result in severe morbidity, and have either progressed following treatment or have no satisfactory alternative therapy.",no,treatment of adult and paediatric patients with locally advanced or metastatic solid tumours harbouring an ntrk gene fusion.,<neoplasms>,bayer australia limited,bayer,"320237, 320238, 320239",larotrectinib,no,yes,solution; capsule,pm-2019-03170-1-4,na
oral,,,authorised,TGA,approved,08.05.2015,2015,infectious and parasitic diseases,<chronic hepatitis c>,auspar-ledipasvir-sofosbuvir-151008.pdf,small molecule,harvoni,treatment of chronic hepatitis c (chc) genotype 1 infection in adults,no,treatment of chronic hepatitis c (chc) genotype 1 infection in adults,<chronic hepatitis c>,gilead sciences pty ltd,gilead,222848,ledipasvir / sofosbuvir,no,no,tablet,pm-2014-00469-1-2,na
oral,,,authorised,TGA,approved,14.11.2016,2016,infectious and parasitic diseases,<chronic hepatitis c>,auspar-ledipasvir-sofosbuvir-171020.pdf,small molecule,harvoni,treatment of chronic hepatitis c (chc) infection in adults,yes,treatment of chronic hepatitis c (chc) infection in adults,<chronic hepatitis c>,gilead sciences pty ltd,gilead,222848,ledipasvir / sofosbuvir,yes,no,tablet,pm-2015-03086-1-2,
oral,30.06.2020,2020,authorised (under additional monitoring),TGA,approved,15.07.2021,2021,mental and behavioural disorders,<insomnia>,auspar-lemborexant-220328.pdf,small molecule,dayvigo,"treatment of insomnia, characterised by difficulties with sleep onset and/or sleep maintenance",no,"treatment of insomnia, characterised by difficulties with sleep onset and/or sleep maintenance",<insomnia>,eisai australia pty ltd,eisai,338631 and 338645,lemborexant,no,no,tablet,pm-2020-02421-1-1,na
oral,,,authorised,TGA,approved,05.11.2015,2015,neoplasms; diseases of the blood and blood-forming organs,<multiple myeloma>,auspar-lenalidomide-160205.pdf,small molecule,revlimid,treatment of patients with newly diagnosed multiple myeloma who are ineligible for autologous stem cell transplantation,yes,treatment of patients with newly diagnosed multiple myeloma who are ineligible for autologous stem cell transplantation,<multiple myeloma>,celgene pty ltd,celgene,229850; 229851; 229852,lenalidomide,yes,yes,capsule,pm-2014-02792-1-4,
oral,01.06.2015,2015,authorised,TGA,approved,07.03.2016,2016,neoplasms; diseases of the blood and blood-forming organs,<mantle cell lymphoma>,auspar-lenalidomide-190506.pdf,small molecule,revlimid,for the treatment of patients with relapsed and/or refractory mantle cell lymphoma.,yes,for the treatment of patients with relapsed and/or refractory mantle cell lymphoma.,<mantle cell lymphoma>,celgene pty ltd,celgene,"132510, 132514, 132515, 132516, 229850, 229851, 229852",lenalidomide,yes,yes,capsule,pm-2015-00772-1-4,
oral,04.07.2019,2019,authorised (under additional monitoring),TGA,approved,17.09.2019,2019,neoplasms; diseases of the genitourinary system,<endometrial neoplasms>,auspar-lenvatinib-as-mesilate-200505.pdf,small molecule,lenvima,"treatment of patients with advanced endometrial carcinoma that is not microsatellite instability-high (msi-h) or mismatch repair deficient (dmmr), who have disease progression following prior systemic therapy and are not candidates for curative surgery or radiation.",yes,"treatment of patients with advanced endometrial carcinoma that is not microsatellite instability-high (msi-h) or mismatch repair deficient (dmmr), who have disease progression following prior systemic therapy and are not candidates for curative surgery or radiation.",<endometrial neoplasms>,eisai australia pty limited,eisai,"233425, 233426",lenvatinib,yes,no,capsule,pm-2019-02448-1-4,
intravenous,19.05.2023,2023,withdrawn,TGA,refused,01.10.2024,2024,diseases of the nervous system,not reported,auspar-leqembi-250303.pdf,biologics,leqembi,na,no,leqembi is indicated as a disease modifying treatment in patients with mild cognitive impairment due to alzheimer’s disease and mild alzheimer’s dementia (early alzheimer’s disease).,<alzheimer disease>,eisai australia pty ltd,eisai,,lecanemab,no,no,solution,pm-2023-02164-1-1,na
intramuscular,02.08.2021,2021,authorised (under additional monitoring),TGA,approved,23.11.2022,2022,diseases of the skin,<glabellar frown lines>,auspar-letybo-231114.pdf,biologics,letybo,temporary improvement in the appearance of moderate to severe glabellar frown lines in adults,no,treatment of glabellar frown lines,<glabellar frown lines>,croma australia pty ltd,croma,370012 and 370011,letibotulinumtoxina,yes,no,powder,pm-2021-02698-1-1,
subcutaneous,30.09.2016,2016,authorised,TGA,approved,06.10.2017,2017,neoplasms,<prostatic neoplasms>,auspar-leuprorelin-180905.pdf,peptides and proteins,eligard,treatment of high-risk localised and locally advanced hormone-dependent prostate cancer in combination with radiotherapy,yes,treatment of high-risk localised and locally advanced hormone-dependent prostate cancer in combination with radiotherapy,<prostatic neoplasms>,mundipharma pty ltd,mundipharma,"97449, 97450, 97451, 101581",leuprorelin,yes,no,injection,pm-2016-02330-1-4,
oral,,,authorised,TGA,approved,12.01.2011,2011,diseases of the genitourinary system,<erectile dysfunction>,auspar-levitra.pdf,small molecule,levitra,for the treatment of erectile dysfunction in adult males,no,for the treatment of erectile dysfunction in adult males,<impotence>,bayer australia ltd,bayer,165902,vardenafil,yes,no,tablet,pm-2009-02689-3-3,
oral,,,withdrawn,TGA,refused,06.07.2016,2016,mental and behavioural disorders,not reported,auspar-levomilnacipran-161213.pdf,small molecule,fetzima,na,no,treatment of major depressive disorder,"<depressive disorder, major>",pierre fabre australia pty ltd,pierre fabre,,levomilnacipran,no,no,capsule,pm-2014-04276-1-1,na
intrauterine,,,authorised,TGA,approved,10.09.2013,2013,other,not reported,auspar-levonorgestrel-140205.pdf,small molecule,jaydess,contraception for up to 3 years,yes,contraception for up to 3 years,not reported,bayer australia ltd,bayer,200456,levonorgestrel,yes,no,drug delivery system,pm-2012-01933-3-5,
intrauterine,,,authorised,TGA,approved,09.01.2017,2017,other,not reported,auspar-levonorgestrel-171109.pdf,small molecule,kyleena,contraception for up to 5 years,no,contraception for up to 5 years,not reported,bayer australia ltd,bayer,270517,levonorgestrel,no,no,drug delivery system,pm-2015-04370-1-5,na
oral,,,authorised,TGA,approved,23.05.2016,2016,other,<not reported>,auspar-levonorgestrel-ethinyloestradiol-161209.pdf,small molecule,seasonique,for use as an oral contraceptive,no,for use as an oral contraceptive,not reported,teva pharma australia pty ltd,teva,238384,levonorgestrel/ethinyloestradiol,yes,no,tablet,pm-2015-00767-1-5,
intravenous,27.09.2021,2021,authorised (under additional monitoring),TGA,approved,25.11.2021,2021,neoplasms; diseases of the skin,<basal cell carcinoma>,auspar-libtayo-20220823.pdf,biologics,libtayo,locally advanced basal cell carcinoma (bcc) indications approved. metastatic basal cell carcinoma (mbcc) indication approved for provisional registration.,yes,the treatment of adult patients with locally advanced or metastatic bcc previously treated with a hedgehog inhibitor (hhi).,<basal cell carcinoma>,sanofi-aventis australia pty ltd,sanofi-aventis,320609,cemiplimab,no,no,tablet,pm-2021-03735-1-4,na
intravenous,04.01.2021,2021,authorised (under additional monitoring),TGA,approved,25.11.2021,2021,neoplasms; diseases of the respiratory system,<non-small cell lung carcinoma>,auspar-libtayo-220902.pdf,biologics,libtayo,non-small cell lung cancer,yes,"treatment of adult patients with non-small cell lung cancer (nsclc) expressing pd-l1 (in ≥ 50% tumour cells) with no egfr, alk or ros1 aberrations, who have locally advanced nsclc and who are not candidates for surgical resection or definitive chemoradiation, or have progressed after treatment with definitive chemoradiation, or metastatic nsclc.",<lung neoplasms>,sanofi-aventis australia pty ltd,sanofi-aventis,320609,cemiplimab,no,no,concentrate,pm-2020-06003-1-4,na
ocular,31.10.2017,2017,authorised (under additional monitoring),TGA,approved,18.01.2019,2019,diseases of the eye and adnexa,<dry eye syndromes>,auspar-lifitegrast-191107.pdf,small molecule,xiidra,treatment of moderate to severe dry eye disease in adults for whom prior use of artificial tears has not been sufficient.,no,treatment of the signs and symptoms of dry eye disease in adults.,<dry eye syndromes>,shire australia pty ltd,shire,293589,lifitegrast,no,no,drops,pm-2017-03384-1-5,na
oral,,,authorised,TGA,approved,09.05.2013,2013,"endocrine, nutritional, and metabolic diseases",<type 2 diabetes mellitus>,auspar-linagliptin-130926.pdf,small molecule,trajenta,"to improve glycaemic control in adult patients with type 2 diabetes mellitus as monotherapy when metformin and sulfonylureas are not tolerated, or are contraindicated, or as add on to metformin, sulphonylureas or metformin plus sulphonylureas, or to insulin (with or without metformin).",yes,to improve glycaemic control in adult patients with type 2 diabetes mellitus,<type 2 diabetes mellitus>,boehringer ingelheim pty ltd,boehringer ingelheim,175499,linagliptin,yes,no,tablet,pm-2012-01168-3-5,
oral,,,authorised,TGA,approved,14.05.2013,2013,"endocrine, nutritional, and metabolic diseases","<diabetes mellitus, type 2>",auspar-linagliptin-metformin-130926.pdf,small molecule,trajentamet,as an adjunct to diet and exercise to improve glycaemic control in adults with type 2 diabetes mellitus when treatment with both linagliptin and metformin is appropriate.,no,as an adjunct to diet and exercise to improve glycaemic control in adults with type 2 diabetes mellitus when treatment with both linagliptin and metformin is appropriate.,"<diabetes mellitus, type 2>",boehringer ingelheim pty ltd,boehringer ingelheim,"aust r 195088, 195100, 195101, 195106, 195107, 195090",linagliptin/metformin hcl,no,no,tablet,pm-2011-03536-3-5,na
subcutaneous,,,authorised,TGA,approved,29.10.2015,2015,neoplasms,<neutropenia>; <febrile neutropenia>; <malignancy>,auspar-lipegfilgrastim-rbe-160223.pdf,biologics,lonquex,for reduction in the duration of neutropenia and the incidence of febrile neutropenia in adult patients treated with cytotoxic chemotherapy for malignancy (with the exception of chronic myeloid leukaemia and myelodysplastic syndromes).,no,reduction in the duration of neutropenia and the incidence of febrile neutropenia in adult patients treated with cytotoxic chemotherapy for malignancy (with the exception of chronic myeloid leukaemia and myelodysplastic syndromes).,<neutropenia>; <febrile neutropenia>; <malignant neoplasms>,teva pharma australia pty ltd,teva,231016,lipegfilgrastim,no,no,solution,pm-2014-03142-1-4,na
subcutaneous,,,authorised,TGA,approved,23.12.2015,2015,"endocrine, nutritional, and metabolic diseases","<obesity>; <overweight>; <prediabetic state>; <diabetes mellitus, type 2>; <hypertension>; <dyslipidemias>; <sleep apnea, obstructive>",auspar-liraglutide-160323.pdf,peptides and proteins,saxenda,"chronic weight management in adult patients with an initial body mass index (bmi) of greater than or equal to 30 kg/m2 (obese); or greater than or equal to 27 kg/m2 to less than 30 kg/m2 (overweight) in the presence of at least one weight related comorbidity, such as dysglycaemia (pre-diabetes and type 2 diabetes mellitus), hypertension, dyslipidaemia, or obstructive sleep apnoea.",yes,"chronic weight management in adult patients with an initial body mass index (bmi) of greater than or equal to 30 kg/m2 (obese); or greater than or equal to 27 kg/m2 to less than 30 kg/m2 (overweight) in the presence of at least one weight related comorbidity, such as dysglycaemia (pre-diabetes and type 2 diabetes mellitus), hypertension, dyslipidaemia, or obstructive sleep apnoea.","<obesity>; <overweight>; <prediabetic state>; <diabetes mellitus, type 2>; <hypertension>; <dyslipidemias>; <sleep apnea, obstructive>",novo nordisk pharmaceuticals pty ltd,novo nordisk,225804,liraglutide,no,no,solution,pm-2014-01472-1-5,na
subcutaneous,01.02.2017,2017,authorised,TGA,approved,05.01.2018,2018,"endocrine, nutritional, and metabolic diseases; diseases of the circulatory system",<type 2 diabetes mellitus>,auspar-liraglutide-190429.pdf,peptides and proteins,"victoza, saxenda",glycaemic control and prevention of cardiovascular events in adults with type 2 diabetes mellitus,yes,glycaemic control and prevention of cardiovascular events in adults with type 2 diabetes mellitus,<type 2 diabetes mellitus>,novo nordisk pharmaceuticals pty. ltd.,novo nordisk,153980 and 225804,liraglutide,no,no,solution,pm-2016-003931-1-5,na
oral,,,authorised,TGA,approved,15.07.2013,2013,mental and behavioural disorders,<attention deficit disorder with hyperactivity>,auspar-lisdexamfetamine-dimesilate-131023.pdf,small molecule,vyvanse,treatment of attention deficit hyperactivity disorder (adhd),no,"treatment of attention deficit hyperactivity disorder (adhd) in children, adolescents, and adults",<attention deficit disorder with hyperactivity>,shire australia pty limited,shire,"199226, 199227, 199228",lisdexamfetamine dimesilate,yes,no,capsule,pm-2012-01494-3-1,
oral,30.06.2016,2016,authorised,TGA,approved,22.01.2018,2018,"mental and behavioural disorders; endocrine, nutritional, and metabolic diseases",<binge-eating disorder>,auspar-lisdexamfetamine-dimesilate-180515.pdf,small molecule,vyvanse,treatment of moderate to severe binge eating disorder (bed) in adults,yes,treatment of moderate to severe binge eating disorder (bed) in adults,<binge-eating disorder>,shire australia pty ltd,shire,"199227, 199226, 199228, 284020, 284021, 284019",lisdexamfetamine dimesilate,no,no,capsule,pm-2016-01092-1-1,na
oral,30.11.2023,2023,authorised (under additional monitoring),TGA,approved,26.06.2024,2024,diseases of the skin,<alopecia areata>,auspar-litfulo-250623.pdf,small molecule,litfulo,treatment of severe alopecia areata in adults and adolescents 12 years of age and older,no,treatment of severe alopecia areata in adults and adolescents 12 years of age and older,<alopecia areata>,pfizer australia pty ltd,pfizer,"427294, 427296",ritlecitinib,no,no,capsule,pm-2023-04714-1-1,na
subcutaneous,30.06.2016,2016,authorised,TGA,approved,13.07.2017,2017,infectious and parasitic diseases,<dengue>,auspar-live-attenuated-chimeric-yellow-fever-dengue-virus-181123.pdf,vaccine,dengvaxia,"prevention of dengue disease caused by dengue virus serotypes 1, 2, 3 and 4 in individuals 9 through 45 years of age with previous dengue infection and living in endemic areas.",no,"prevention of dengue disease caused by dengue virus serotypes 1, 2, 3 and 4 in individuals 9 through 60 years of age living in endemic areas.",< dengue >,sanofi-aventis australia pty ltd,sanofi-aventis,275964,"live, attenuated, chimeric yellow fever dengue virus",no,no,powder,pm-2016-01679-1-2 / pm-2017-04923-1-2 / pm-2017-04924-1-2,na
oral,17.01.2022,2022,authorised (under additional monitoring),TGA,approved,27.09.2022,2022,infectious and parasitic diseases,<infection>,auspar-livtencity-230525.pdf,small molecule,livtencity,"treatment of adults with post-transplant cytomegalovirus (cmv) infection and disease resistant, refractory or intolerant to one or more prior therapies.",no,treatment of adults with post-transplant cytomegalovirus (cmv) infection and disease resistant or refractory to one or more prior therapies.,<cytomegalovirus infections>,takeda pharmaceuticals australia pty ltd,takeda,380132,maribavir,no,yes,tablet,pm-2021-05396-1-2,na
subcutaneous,,,authorised,TGA,approved,20.03.2013,2013,"endocrine, nutritional, and metabolic diseases","<diabetes mellitus, type 2>",auspar-lixisenatide-130820.pdf,peptides and proteins,lyxumia,"for the treatment of adults with type 2 diabetes mellitus to achieve glycaemic control in combination with metformin, metformin and sulphonylurea, basal insulin and metformin, basal insulin and sulphonylurea when these, together with diet and exercise, do not provide adequate glycaemic control.",no,"for the treatment of adults with type 2 diabetes mellitus to achieve glycaemic control in combination with metformin, metformin and sulphonylurea, basal insulin and metformin, basal insulin and sulphonylurea when these, together with diet and exercise, do not provide adequate glycaemic control.",<type 2 diabetes mellitus>,sanofi-aventis australia pty ltd,sanofi-aventis,"192716, 192717, 192718, 192719, 192720, 192722, 192723, 192724",lixisenatide,no,no,solution,pm-2011-03163-3-5,na
oral,31.03.2023,2023,authorised,TGA,approved,04.04.2024,2024,"endocrine, nutritional, and metabolic diseases",<hyperkalemia>,auspar-lokelma-240906.pdf,other,lokelma,treatment of hyperkalaemia in adult patients,no,treatment of hyperkalaemia in adult patients,<hyperkalemia>,astrazeneca pty ltd,astrazeneca,"405541, 405542",sodium zirconium cyclosilicate,no,no,powder,pm-2023-00671-1-5,na
intravenous,29.02.2016,2016,authorised,TGA,approved,29.03.2017,2017,diseases of the blood and blood-forming organs,<hemophilia a>,auspar-lonoctocog-alfa-rch-180123.pdf,biologics,afstyla,control and prevention of bleeding episodes; routine prophylaxis to prevent or reduce the frequency of bleeding episodes; perioperative management (surgical prophylaxis) in patients with haemophilia a,no,control and prevention of bleeding episodes; routine prophylaxis to prevent or reduce the frequency of bleeding episodes; perioperative management (surgical prophylaxis) in patients with haemophilia a,<hemophilia a>,csl behring australia pty ltd,csl behring,"270335, 271633, 271634, 271635, 271636, 271637, 271638",lonoctocog alfa,no,no,powder,pm-2015-04357-1-4,na
oral,30.11.2018,2018,authorised (under additional monitoring),TGA,approved,11.11.2019,2019,neoplasms; diseases of the respiratory system,<lung neoplasms>,auspar-lorlatinib-200221.pdf,small molecule,lorviqua,treatment of patients with anaplastic lymphoma kinase (alk) positive advanced non-small cell lung cancer (nsclc) whose disease has progressed on: crizotinib and at least one other alk inhibitor; or alectinib as the first alk inhibitor therapy; or ceritinib as the first alk inhibitor therapy,no,treatment of patients with anaplastic lymphoma kinase (alk) positive advanced non-small cell lung cancer (nsclc) previously treated with one or more alk tyrosine kinase inhibitors (tkis),<non-small cell lung carcinoma>,pfizer australia pty ltd,pfizer,"310778, 310779, 310780, 310781",lorlatinib,no,no,tablet,pm-2018-04291-1-4,na
topical,,,authorised,TGA,approved,13.01.2014,2014,diseases of the eye and adnexa,"<inflammation>; <cataract>; <conjunctivitis, giant papillary>",auspar-loteprednol-etabonate-140417.pdf,small molecule,lotemax,treatment of post-operative inflammation following cataract surgery and treatment of steroid responsive inflammatory conditions of contact lens associated giant papillary conjunctivitis (gpc).,no,"treatment of post-operative inflammation following ocular surgery and treatment of steroid responsive inflammatory conditions of the palpebral and bulbar conjunctiva, cornea and anterior segment of the globe.",<inflammation>,bausch and lomb australia pty ltd,bausch and lomb,202525,loteprednol etabonate,no,no,suspension,pm-2012-03141-1-5,na
ocular,,,authorised,TGA,approved,25.10.2011,2011,diseases of the eye and adnexa,<macular edema>; <retinal vein occlusion>,auspar-lucentis-1.pdf,biologics,lucentis,the treatment of visual impairment due to macular oedema secondary to retinal vein occlusion (rvo),yes,the treatment of visual impairment due to macular oedema secondary to retinal vein occlusion (rvo),<macular edema>; <retinal vein occlusion>,novartis pharmaceuticals australia pty ltd,novartis,"125968, 148325",ranibizumab,yes,no,solution,pm-2010-03258-3-5,
intravitreal,30.09.2020,2020,authorised (under additional monitoring),TGA,approved,02.02.2022,2022,diseases of the eye and adnexa,<retinopathy of prematurity>,auspar-lucentis-230519.pdf,biologics,lucentis,"treatment of retinopathy of prematurity (rop) with zone i (stage 1+, 2+, 3 or 3+), zone ii (stage 3+) or ap-rop (aggressive posterior rop) disease",yes,"treatment of retinopathy of prematurity (rop) with zone i (stage 1+, 2+, 3 or 3+), zone ii (stage 3+) or ap-rop (aggressive posterior rop) disease",<retinopathy of prematurity>,novartis pharmaceuticals australia pty ltd,novartis,148325,ranibizumab,yes,yes,solution,pm-2020-04187-1-5,
ocular,,,authorised,TGA,approved,11.10.2011,2011,"diseases of the eye and adnexa; endocrine, nutritional, and metabolic diseases",<diabetic macular edema>,auspar-lucentis.pdf,biologics,lucentis,the treatment of visual impairment due to diabetic macular oedema (dme).,yes,the treatment of visual impairment due to diabetic macular oedema (dme).,<diabetic macular edema>,novartis pharmaceuticals australia pty ltd,novartis,"125968, 148325",ranibizumab,no,no,solution,pm-2010-02527-3-5,na
subcutaneous,,,authorised,TGA,approved,30.07.2010,2010,neoplasms,<prostatic neoplasms>,auspar-lucrin.pdf,peptides and proteins,"lucrin depot, lucrin xl depot",palliative treatment of metastatic or locally extensive prostatic cancer (stages c and d),no,palliative treatment of metastatic or locally extensive prostatic cancer (stages c and d),<prostatic neoplasms>,abbott australasia pty ltd,abbott,160467,leuprorelin acetate,no,no,depot,pm-2009-00544-3-4,na
oral,,,authorised,TGA,approved,02.03.2016,2016,diseases of the respiratory system; congenital malformations and chromosomal abnormalities,<cystic fibrosis>,auspar-lumacaftor-ivacaftor-160908.pdf,small molecule,orkambi 200/125,treatment of cystic fibrosis (cf) in patients age 12 years and older who are homozygous for the f508del mutation in the cftr gene,no,treatment of cystic fibrosis (cf) in patients age 12 years and older who are homozygous for the f508del mutation in the cftr gene,<cystic fibrosis>,vertex pharmaceuticals australia pty ltd,vertex,235759,lumacaftor / ivacaftor,no,yes,tablet,pm-2015-00424-1-5,na
oral,01.03.2021,2021,authorised (under additional monitoring),TGA,approved,28.03.2022,2022,neoplasms; diseases of the respiratory system,<non-small cell lung carcinoma>,auspar-lumakras-230530.pdf,small molecule,lumakras,the treatment of adult patients with kras g12c-mutated locally advanced or metastatic non-small cell lung cancer (nsclc) who have received at least one prior systemic therapy for advanced disease.,no,the treatment of patients with previously treated kras g12c-mutated locally advanced or metastatic non-small cell lung cancer (nsclc).,<non-small cell lung carcinoma>,amgen australia pty ltd,amgen,353210,sotorasib,no,yes,tablet,pm-2021-00026-1-4,na
oral,,,authorised,TGA,approved,19.03.2014,2014,mental and behavioural disorders,<schizophrenia>,auspar-lurasidone-hydrochloride-140620.pdf,small molecule,latuda,treatment of adults with schizophrenia,no,treatment of schizophrenia,<schizophrenia>,commercial eyes pty ltd,commercial eyes,206654,lurasidone hydrochloride,no,no,tablet,pm-2012-04452-1-1,na
intravenous,28.05.2020,2020,authorised (under additional monitoring),TGA,approved,10.09.2021,2021,neoplasms; diseases of the respiratory system,<small cell lung carcinoma>,auspar-lurbinectedin-220401.pdf,small molecule,zepzelca,for the treatment of patients with metastatic small cell lung cancer (sclc) that has progressed on or after prior platinum-containing therapy.,no,for the treatment of patients with small cell lung cancer (sclc) who have progressed after prior platinum-containing therapy.,<small cell lung carcinoma>,specialised therapeutics pharma pty ltd,specialised therapeutics,335536,lurbinectedin,no,yes,powder,pm-2020-02181-1-4,na
subcutaneous,02.06.2020,2020,authorised (under additional monitoring),TGA,approved,27.08.2021,2021,diseases of the blood and blood-forming organs,<myelodysplastic syndromes>; <beta thalassemia>,auspar-luspatercept-220427.pdf,biologics,reblozyl,"treatment of adult patients with transfusion-dependent anaemia due to very low, low and intermediate-risk myelodysplastic syndromes with ring sideroblasts; treatment of adult patients with transfusion-dependent anaemia associated with beta thalassaemia.",no,"treatment of adult patients with transfusion-dependent anaemia due to very low, low and intermediate-risk myelodysplastic syndromes with ring sideroblasts who had an unsatisfactory response to or are ineligible for erythropoietin-based therapy; treatment of adult patients with transfusion-dependent anaemia associated with beta thalassaemia.",<myelodysplastic syndromes>; <anemia>; <beta-thalassemia>,celgene pty ltd,celgene,"334510, and 334511",luspatercept,no,no,powder,pm-2020-01706-1-6,na
intravenous,20.01.2021,2021,authorised (under additional monitoring),TGA,approved,08.12.2021,2021,neoplasms,<neuroendocrine tumors>,auspar-lutetium-177lu-chloride-20220916.pdf,other,lutetium (177lu) chloride,for the treatment of non resectable or metastatic neuroendocrine tumours (nets) expressing somatostatin subtype 2 receptors when coupled with a suitable carrier molecule.,no,for the treatment of non resectable or metastatic neuroendocrine tumours (nets) expressing somatostatin subtype 2 receptors when coupled with a suitable carrier molecule.,<neuroendocrine tumors>,australian nuclear science and technology organisation (ansto),not reported,352151,lutetium (177lu) chloride,yes,yes,solution,pm-2020-06691-1-4,
oral,02.05.2022,2022,authorised,TGA,approved,29.09.2023,2023,neoplasms,<breast neoplasms>; <prostatic neoplasms>,auspar-lynparza-240712.pdf,small molecule,lynparza,"breast cancer: lynparza is indicated as monotherapy for the adjuvant treatment of adult patients who have her2-negative, high-risk early breast cancer with a deleterious or suspected deleterious germline brca mutation (gbrcam), for which they have previously been treated with neoadjuvant or adjuvant chemotherapy. prostate cancer: lynparza in combination with abiraterone and either prednisone or prednisolone is indicated for the treatment of adult patients who have mcrpc with a deleterious or suspected deleterious brca mutation (germline or somatic).",yes,breast cancer: for the adjuvant treatment of adult patients with brca-mutated her2-negative high risk early breast cancer who have previously been treated with neoadjuvant or adjuvant chemotherapy. prostate cancer: in combination with abiraterone and prednisone or prednisolone for the treatment of adult patients with metastatic castration-resistant prostate cancer.,<breast neoplasms>; <prostatic neoplasms>,astrazeneca pty ltd,astrazeneca,"288613, 288614",olaparib,yes,no,tablet,pm-2022-00987-1-4,
intravenous,,,authorised,TGA,rejected,18.07.2011,2011,neoplasms; diseases of the blood and blood-forming organs,not reported,auspar-mabthera-111215.pdf,biologics,mabthera,na,no,new dosing regimen for maintenance therapy in patients with previously untreated follicular nhl,<follicular lymphoma>,roche products pty ltd,roche,60318 and 60319,rituximab,yes,no,solution,pm-2010-01845-3-4,
intravenous,,,authorised,TGA,approved,06.05.2010,2010,neoplasms; diseases of the blood and blood-forming organs; diseases of the musculoskeletal system and connective tissue,"<non-hodgkin lymphoma>; <leukemia, lymphocytic, chronic, b-cell>; <arthritis, rheumatoid>",auspar-mabthera.pdf,biologics,mabthera,non-hodgkin's lymphoma; chronic lymphocytic leukaemia; rheumatoid arthritis,yes,"treatment of moderate to severe, active rheumatoid arthritis in patients who have had an inadequate response or intolerance to at least one tumour necrosis factor (tnf) antagonist therapy",<rheumatoid arthritis>,roche products pty ltd,roche,60318 and 60319,rituximab,yes,no,solution,pm-2009-01744-3-3,
oral,,,authorised,TGA,approved,31.01.2014,2014,diseases of the circulatory system,"<pulmonary hypertension>; <connective tissue diseases>; <heart defects, congenital>",auspar-macitentan-140428.pdf,small molecule,opsumit,idiopathic pulmonary arterial hypertension; heritable pulmonary arterial hypertension; pulmonary arterial hypertension associated with connective tissue disease; pulmonary arterial hypertension associated with congenital heart disease with repaired shunts,no,for the treatment of pulmonary arterial hypertension (pah),<pulmonary hypertension>,actelion pharmaceuticals australia pty ltd,actelion,205624; 205427,macitentan,no,yes,tablet,pm-2012-04112-1-3,na
oral,,,authorised,TGA,approved,22.08.2012,2012,infectious and parasitic diseases,<acquired immunodeficiency syndrome>,auspar-maraviroc-130512.pdf,small molecule,celsentri,"celsentri, in combination with other antiretroviral medicinal products, is indicated for adult patients infected with only ccr5-tropic hiv-1.",yes,"celsentri, in combination with other antiretroviral medicinal product, is indicated for adult patients infected with ccr5-tropic hiv-1.",<hiv infections>,viiv healthcare pty ltd,viiv,"137330, 137332, 137331, 137329",maraviroc,yes,no,tablet,pm-2010-02896-3-2,
oral,01.02.2021,2021,authorised (under additional monitoring),TGA,approved,25.01.2022,2022,infectious and parasitic diseases,<chronic hepatitis c>,auspar-maviret-230220.pdf,small molecule,maviret,"treatment of adult and paediatric patients 3 years and older with chronic hepatitis c virus (hcv) genotype (gt) 1, 2, 3, 4, 5, or 6 infection with or without compensated cirrhosis.",yes,"treatment of adult and paediatric patients 3 years and older with chronic hepatitis c virus (hcv) genotype (gt) 1, 2, 3, 4, 5, or 6 infection with or without compensated cirrhosis.",<chronic hepatitis c>,abbvie pty ltd,abbvie,"284948, 325401 and 352573",glecaprevir/pibrentasvir,yes,no,tablet; granules,pm-2020-06602-1-2,
subcutaneous,03.10.2018,2018,authorised (under additional monitoring),TGA,approved,19.11.2019,2019,"endocrine, nutritional, and metabolic diseases",<insulin-like growth factor i deficiency>,auspar-mecasermin-200305.pdf,biologics,increlex,for the long-term treatment of growth failure in children and adolescents from 2 to 18 years with severe primary insulin-like growth factor 1 deficiency (primary igfd).,no,for the long-term treatment of growth failure in children and adolescents from 2 to 18 years with severe primary insulin-like growth factor 1 deficiency (primary igfd).,<insulin-like growth factor i deficiency>,ipsen pty ltd,ipsen,308494,mecasermin,no,yes,solution,pm-2018-03520-1-5,na
oral,31.07.2019,2019,authorised,TGA,approved,20.05.2020,2020,diseases of the nervous system; mental and behavioural disorders,<insomnia>; <autism spectrum disorder>; <smith-magenis syndrome>,auspar-melatonin-201027.pdf,small molecule,slenyto,"treatment of insomnia in children and adolescents aged 2-18 with autism spectrum disorder (asd) and/or smith-magenis syndrome, where sleep hygiene measures have been insufficient",yes,"treatment of insomnia in children and adolescents aged 2-18 with autism spectrum disorder (asd) and/or smith-magenis syndrome, where sleep hygiene measures have been insufficient",<autism spectrum disorder>; <smith-magenis syndrome>,rad data australia pty ltd,rad data,319503 and 319504,melatonin,no,no,tablet,pm-2019-02617-1-1,na
oral,31.05.2022,2022,authorised,TGA,approved,03.10.2023,2023,diseases of the nervous system; mental and behavioural disorders,<jet lag syndrome>; <sleep disorders>; <autism spectrum disorder>; <attention deficit disorder with hyperactivity>,auspar-melatonin-link-immela-melakso-voquily-240313.pdf,small molecule,"melatonin-link, immela, mel akso, voquily","short-term treatment of jet lag in adults aged 18 and over; sleep disorders in children and adolescents aged 6 to 18 with neurodevelopmental disorders including autism spectrum disorder (asd) and attention deficit hyperactivity disorder (adhd), where sleep hygiene measures have been insufficient.",yes,"short-term treatment of jet lag in adults aged 18 and over; sleep disorders in children and adolescents aged 6 to 18 with neurodevelopmental disorders including autism spectrum disorder (asd) and attention deficit hyperactivity disorder (adhd), where sleep hygiene measures have been insufficient.",<jet lag syndrome>; <sleep disorders>; <autism spectrum disorder>; <attention deficit hyperactivity disorder>,link medical products pty ltd,link,"388301, 388302, 388303, 388304, 388305, 388306, 388307, 388308, 388309, 388310, 388311, 388312, 388174, 388292, 388296, 388297",melatonin,yes,no,capsule; solution,pm-2022-01551-1-1,
intramuscular,,,authorised,TGA,approved,19.07.2011,2011,infectious and parasitic diseases,<invasive meningococcal disease>,auspar-menactra-110929.pdf,vaccine,menactra,"prevention of invasive meningococcal disease caused by n meningitides serogroups a, c, y and w-135",no,"prevention of invasive meningococcal disease caused by n meningitides serogroups a, c, y and w-135",<invasive meningococcal disease>,sanofi pasteur pty ltd,sanofi pasteur,168403,"meningococcal (groups a, c, y and w-135) polysaccharide diphtheria toxoid conjugate vaccine",no,no,solution,pm-2010-00277-3-5,na
intramuscular,,,authorised,TGA,approved,09.08.2013,2013,infectious and parasitic diseases,"<neisseria meningitidis, serogroup b>",auspar-meningococcal-131031.pdf,vaccine,bexsero,active immunisation against invasive disease caused by n. meningitidis group b strains,no,active immunisation against invasive disease caused by n. meningitidis group b strains,"<neisseria meningitidis, serogroup b>",novartis vaccines and diagnostics pty ltd,novartis,190719 and 190718,neisseria meningitidis group b factor h binding protein fusion protein,no,no,suspension,pm-2011-02486-3-2,na
intramuscular,02.12.2019,2019,authorised (under additional monitoring),TGA,approved,27.10.2020,2020,infectious and parasitic diseases,<invasive meningococcal disease>,auspar-meningococcal-groups-a-c-y-w-polysaccharide-tetanus-toxoid-conjugate-vaccine-210317.pdf,vaccine,menquadfi,"active immunisation for the prevention of invasive meningococcal disease caused by neisseria meningitidis serogroups a, c, w and y.",no,"active immunisation for the prevention of invasive meningococcal disease caused by neisseria meningitidis serogroups a, c, w and y.",<invasive meningococcal disease>,sanofi-aventis australia pty ltd,sanofi-aventis,325682,"meningococcal (groups a, c, y, w) polysaccharide tetanus toxoid conjugate vaccine",no,no,solution,pm-2019-04826-1-2,na
intramuscular,,,authorised,TGA,approved,22.08.2013,2013,infectious and parasitic diseases,<invasive meningococcal disease>,auspar-meningococcal-polysaccharide-131204.pdf,vaccine,nimenrix,"active immunisation of individuals from the age of 12 months through 55 years against invasive meningococcal diseases caused by neisseria meningitidis serogroups a, c, w-135 and y.",no,"active immunisation against invasive meningococcal disease caused by neisseria meningitidis serogroups a, c, w-135 and y in individuals 1-55 years of age.",<invasive meningococcal disease>,glaxosmithkline australia pty ltd,glaxosmithkline,"199471, 199472","meningococcal (groups a, c, w-135, y) polysaccharide tetanus toxoid conjugate vaccine",no,no,powder; diluent,pm-2012-01958-3-2,na
intramuscular,,,authorised,TGA,approved,02.08.2010,2010,infectious and parasitic diseases,<haemophilus infections>; <meningococcal infections>,auspar-menitorix.pdf,vaccine,menitorix,prevention of invasive diseases caused by haemophilus influenzae type b (hib) and neisseria meningitidis serogroup c (menc),no,prevention of invasive diseases caused by haemophilus influenzae type b (hib) and neisseria meningitidis serogroup c (menc),<haemophilus infections>; <meningococcal infections>,glaxosmithkline australia pty ltd,glaxosmithkline,160539,haemophilus influenzae type b polyribose ribitol phosphate and group c meningococcal polysaccharide conjugate vaccine,no,no,powder,pm-2009-00817-3-2,na
subcutaneous,,,authorised,TGA,approved,25.07.2011,2011,diseases of the genitourinary system,"<infertility, female>; <polycystic ovary syndrome>",auspar-menopur.pdf,peptides and proteins,menopur,"anovulatory infertility, including polycystic ovarian disease (pcod), in women who have been unresponsive to treatment with clomiphene citrate. controlled ovarian hyperstimulation to induce the development of multiple follicles for assisted reproductive technologies (art) (e.g. in vitro fertilisation/embryo transfer (ivf/et), gamete intrafallopian transfer (gift) and intracytoplasmic sperm injection (icsi).",no,"anovulatory infertility, including polycystic ovarian disease (pcod), in women who have been unresponsive to treatment with clomiphene citrate. controlled ovarian hyperstimulation to induce the development of multiple follicles for assisted reproductive technologies (art) (e.g. in vitro fertilisation/embryo transfer (ivf/et), gamete intrafallopian transfer (gift) and intracytoplasmic sperm injection (icsi).","<infertility, female>; <polycystic ovary syndrome>",ferring pharmaceuticals pty limited,ferring,"161984, 161985",gonadotrophin - human menopausal,no,no,powder; solvent,pm-2009-01335-3-5,na
intramuscular,,,authorised,TGA,approved,03.07.2017,2017,infectious and parasitic diseases,<neisseria meningitidis infections>,auspar-menveo-180410.pdf,vaccine,menveo,"active immunisation of infants and children (from 2 months of age), adolescents and adults to prevent invasive disease caused by neisseria meningitidis serogroups a, c, w135 and y.",yes,"immunisation of infants over 2 months of age and children to prevent invasive disease caused by neisseria meningitidis serogroups a, c, w135 and y.",<neisseria meningitidis infections>,glaxosmithkline australia pty ltd,glaxosmithkline,aust r 158447 (vial syringe) and aust r 192696 (vial/vial),"meningococcal (groups a,c,w-135 and y) oligosaccharide crm197 conjugate vaccine",yes,no,solution; powder,pm-2017-00536-1-2,
intramuscular,,,authorised,TGA,approved,20.05.2010,2010,infectious and parasitic diseases,<neisseria meningitidis infections>,auspar-menveo.pdf,vaccine,menveo,"active immunisation of adolescents and adults to prevent invasive disease caused by neisseria meningitidis serogroups a, c, w-135 and y.",no,"active immunisation of adolescents and adults to prevent invasive disease caused by neisseria meningitidis serogroups a, c, w-135 and y.",<neisseria meningitidis infections>,novartis vaccines and diagnostics pty ltd,novartis,158477,meningococcal conjugate vaccine,no,no,powder; solvent,sm-2009-00001-3-2,na
subcutaneous,02.01.2018,2018,authorised,TGA,approved,24.01.2019,2019,neoplasms; diseases of the respiratory system,<eosinophilic granulomatosis with polyangiitis>,auspar-mepolizumab-191024.pdf,biologics,nucala,relapsed or refractory eosinophilic granulomatosis with polyangiitis (egpa) in adult patients aged 18 years and over.,yes,add-on treatment for relapsing or refractory eosinophilic granulomatosis with polyangiitis (egpa) in patients aged 6 years and over.,<eosinophilic granulomatosis with polyangiitis>,glaxosmithkline australia pty ltd,glaxosmithkline,232028,mepolizumab,yes,yes,powder,pm-2017-04349-1-5,
subcutaneous,18.06.2018,2018,na,TGA,rejected,25.07.2019,2019,diseases of the respiratory system,not reported,auspar-mepolizumab-200218.pdf,biologics,nucala,na,yes,nucala is indicated as an add-on treatment for severe refractory eosinophilic asthma in patients aged 6 years and over.,<asthma>,glaxosmithkline australia pty ltd,glaxosmithkline,,mepolizumab,yes,no,powder,pm-2018-00537-1-5,
subcutaneous,03.11.2014,2014,authorised,TGA,approved,25.01.2016,2016,diseases of the respiratory system,<eosinophilic asthma>,auspar-mepolizumab-rch-170308.pdf,biologics,nucala,add-on treatment for severe refractory eosinophilic asthma in patients aged 12 years and over,no,"add-on treatment for severe eosinophilic asthma in patients aged 12 years and over identified by either a blood eosinophil count ≥ 150 cells/µl at initiation of treatment or a blood eosinophil count ≥ 300 cells/µl in prior 12 months, with a history of exacerbations and/or dependency on systemic corticosteroids.",<asthma>,glaxosmithkline australia pty ltd,glaxosmithkline,232028,mepolizumab,no,no,powder,pm-2014-03872-1-5,na
subcutaneous; intramuscular,,,authorised,TGA,approved,18.08.2015,2015,diseases of the skin; diseases of the musculoskeletal system and connective tissue,"<psoriasis>; <arthritis, rheumatoid>",auspar-methotrexate-170607.pdf,small molecule,trexject & trexject in,psoriasis therapy; rheumatoid arthritis therapy,yes,"symptomatic control of severe, recalcitrant, disabling psoriasis in adults which is not adequately responsive to other forms of treatment; management of severe, recalcitrant, active rheumatoid arthritis in adults not responding to, or intolerant of, an adequate trial of nsaids and one or more disease modifying drugs.","<psoriasis>; <arthritis, rheumatoid>",link medical products pty ltd t/a link pharmaceuticals,link,"224969, 224970, 224974, 224975, 224976, 224977, 224978, 224979, 233714, 233715, 233716, 233717, 233718, 233719, 233720, 233721",methotrexate,yes,no,solution,pm-2014-01050-1-3,
extracorporeal circulation,28.09.2018,2018,authorised (under additional monitoring),TGA,approved,13.09.2019,2019,diseases of the blood and blood-forming organs,<chronic graft vs host disease>,auspar-methoxsalen-191114.pdf,small molecule,uvadex,treatment of steroid-refractory and steroid-intolerant chronic graft versus host disease (cgvhd) in adults following allogeneic hsc transplantation.,no,treatment of steroid-refractory graft versus host disease (gvhd) following allogeneic hsc transplantation.,<graft vs host disease>,terumo bct australia pty ltd,terumo,308832,methoxsalen,no,yes,concentrate,pm-2018-03515-1-2,na
intravenous,,,authorised,TGA,approved,02.05.2013,2013,infectious and parasitic diseases,<invasive candidiasis>; <esophageal candidiasis>; <candida infections>,auspar-micafungin-130809.pdf,peptides and proteins,mycamine,"treatment of invasive candidiasis, treatment of oesophageal candidiasis, prophylaxis of candida infection in patients undergoing allogeneic haematopoietic stem cell transplantation or expected to have neutropenia for 10 or more days.",no,"treatment of invasive candidiasis, treatment of oesophageal candidiasis, prophylaxis of candida infection in patients undergoing allogeneic haematopoietic stem cell transplantation or expected to have neutropenia for 10 or more days.",<invasive candidiasis>; <esophageal candidiasis>; <candida infections>,astellas pharma australia pty ltd,astellas,196108 and 196109,micafungin,no,no,powder,pm-2011-04271-3-2,na
oral,,,authorised,TGA,approved,19.02.2010,2010,diseases of the circulatory system,<coronary artery disease>; <peripheral artery disease>; <stroke>; <transient ischemic attack>; <diabetes mellitus>,auspar-micardis-pritor.pdf,small molecule,micardis/pritor,"prevention of cardiovascular morbidity and mortality in patients 55 years or older with coronary artery disease, peripheral artery disease, previous stroke, transient ischaemic attack or high risk diabetes with evidence of end organ damage.",yes,prevention of cardiovascular morbidity and mortality in patients 55 years or older at high risk for cardiovascular disease.,<cardiovascular diseases>,boehringer ingelheim pty ltd,boehringer ingelheim,,telmisartan,yes,no,tablet,,
oral,02.10.2018,2018,authorised (under additional monitoring),TGA,approved,04.12.2019,2019,diseases of the circulatory system,<orthostatic hypotension>,auspar-midodrine-hydrochloride-210716.pdf,small molecule,vasodrine / midodrine scp / midodrine ans,for the treatment of severe symptomatic orthostatic hypotension due to autonomic dysfunction when exacerbating factors have been addressed and other forms of treatment remain inadequate.,no,for the treatment of orthostatic hypotension in adults.,<orthostatic hypotension>,southern cross pharma pty ltd,southern cross,"309179, 309180, 309181, 309182, 309183, 309184",midodrine hydrochloride,yes,no,tablet,pm-2018-02754-1-3,
oral,01.05.2017,2017,authorised (under additional monitoring),TGA,approved,07.05.2018,2018,neoplasms; diseases of the blood and blood-forming organs,"<leukemia, myeloid, acute>; <systemic mastocytosis>; <mast-cell leukemia>",auspar-midostaurin-190103.pdf,small molecule,rydapt,"in combination with standard anthracycline and cytarabine induction and cytarabine consolidation chemotherapy, followed in patients in complete remission by single agent maintenance therapy for adult patients with newly diagnosed acute myeloid leukemia (aml) who are flt3 mutation-positive; for the treatment of adult patients with aggressive systemic mastocytosis (asm), systemic mastocytosis with associated haematological neoplasms (sm-ahn), or mast cell leukaemia (mcl)",no,in combination with standard induction and consolidation chemotherapy followed by single agent maintenance therapy for adult patients with newly diagnosed acute myeloid leukaemia (aml) who are flt3 mutation-positive; and for the treatment of adult patients with advanced systemic mastocytosis (advanced sm).,"<leukemia, myeloid, acute>; <systemic mastocytosis>",novartis pharmaceuticals australia pty ltd,novartis,287013,midostaurin,no,yes,capsule,pm-2017-00871-1-4,na
oral,,,authorised,TGA,approved,07.08.2012,2012,pregnancy and childbirth,"<pregnancy, unplanned>",auspar-mifepristone-121002.pdf,small molecule,mifepristone linepharma,medical termination of a developing intra-uterine pregnancy. in sequential combination with a prostaglandin analogue up to 49 days of gestation.,no,medical termination of a developing intra-uterine pregnancy. in sequential combination with a prostaglandin analogue up to 49 days of gestation.,"<pregnancy, unplanned>",ms health,not reported,175671,mifepristone,yes,no,tablet,pm-2010-02694-3-5,us fda
oral; buccal,,,authorised,TGA,approved,28.05.2014,2014,pregnancy and childbirth,"<pregnancy, unwanted>",auspar-mifepristone-misoprostol-141013.pdf,small molecule,ms-2 step,medical termination of a developing intrauterine pregnancy up to 63 days gestation.,yes,medical termination of a developing intrauterine pregnancy up to 63 days gestation.,<intrauterine pregnancy>,ms health pty ltd,ms health,210574,mifepristone/misoprostol,yes,no,tablet,pm-2013-01037-1-5,
oral,30.06.2016,2016,authorised,TGA,approved,09.08.2017,2017,"endocrine, nutritional, and metabolic diseases",<fabry disease>,auspar-migalastat-180830.pdf,small molecule,galafold,long-term treatment of adult and adolescent patients 16 years and older with a confirmed diagnosis of fabry disease (α-galactosidase a deficiency) and who have an amenable mutation.,no,long-term treatment of adult and adolescent patients 16 years and older with a confirmed diagnosis of fabry disease (α-galactosidase a deficiency) and who have an amenable mutation.,<fabry disease>,amicus therapeutics pty ltd,amicus,276051,migalastat,no,yes,capsule,pm-2016-01191-1-3,na
oral,,,authorised,TGA,approved,03.02.2010,2010,neoplasms; diseases of the nervous system,"<niemann-pick disease, type c>",auspar-miglustat.pdf,small molecule,zavesca,treatment of progressive neurological manifestations in adult and paediatric patients with niemann-pick disease type c,yes,treatment of progressive neurological manifestations in adult and paediatric patients with niemann-pick disease type c,"<niemann-pick disease, type c>",actelion pharmaceuticals australia pty ltd,actelion,122957,miglustat,yes,yes,capsule,pm-2008-3187-1,
oral,,,authorised,TGA,approved,04.11.2011,2011,diseases of the musculoskeletal system and connective tissue,<fibromyalgia>,auspar-milnacipran-hydrochloride-120124.pdf,small molecule,joncia,management of fibromyalgia,no,management of fibromyalgia,<fibromyalgia>,pierre fabre medicament australia pty ltd,pierre fabre,"176514, 176515, 176519, 176521 and 176513",milnacipran hydrochloride,no,no,capsule,pm-2011-02708-3-1,na
intravenous,03.06.2022,2022,authorised (under additional monitoring),TGA,approved,19.06.2023,2023,neoplasms; diseases of the blood and blood-forming organs,<diffuse large b-cell lymphoma>,auspar-minjuvi-240123.pdf,biologics,minjuvi,minjuvi is indicated in combination with lenalidomide followed by minjuvi monotherapy for the treatment of adult patients with relapsed or refractory diffuse large b-cell lymphoma (dlbcl) who are not eligible for autologous stem cell transplant (asct).,no,minjuvi is indicated in combination with lenalidomide followed by minjuvi monotherapy for the treatment of adult patients with relapsed or refractory diffuse large b-cell lymphoma (dlbcl) who are not eligible for autologous stem cell transplant (asct).,<diffuse large b-cell lymphoma>,specialised therapeutics alim pty ltd,specialised therapeutics,387298,tafasitamab,no,yes,powder,pm-2022-01544-1-6,na
oral,,,authorised,TGA,approved,26.09.2013,2013,diseases of the genitourinary system,<overactive bladder>,auspar-mirabegron-140109.pdf,small molecule,betmiga,"symptomatic treatment of urgency, increased micturition frequency and/or urgency incontinence in patients with overactive bladder (oab) syndrome.",no,"symptomatic treatment of urgency, increased micturition frequency and/or urgency incontinence in patients with overactive bladder (oab) syndrome.",<overactive bladder>,astellas pharma australia pty ltd,astellas,199664 and 199668,mirabegron,no,no,tablet,pm-2012-01928-3-3,na
oral,,,authorised,TGA,approved,07.08.2012,2012,pregnancy and childbirth,"<pregnancy, unplanned>",auspar-misoprostol-121002.pdf,small molecule,gymiso,"medical termination of a developing intrauterine pregnancy in sequential combination with a mifepristone 200 mg tablet, up to 49 days of gestation.",yes,"medical termination of a developing intrauterine pregnancy in sequential combination with mifepristone linepharma 200mg tablet, up to 49 days of gestation.","<pregnancy, unplanned>",ms health,ms,188015,misoprostol,yes,no,tablet,pm-2011-01625-3-5,
intravenous,01.04.2020,2020,authorised (under additional monitoring),TGA,approved,06.01.2021,2021,neoplasms; diseases of the skin,<mycosis fungoides>; <sézary syndrome>,auspar-mogamulizumab-210427.pdf,biologics,poteligeo,treatment of adult patients (≥ 18 years of age) with mycosis fungoides (mf) or sézary syndrome (ss) who have received at least one prior systemic therapy.,no,treatment of adult patients (≥ 18 years of age) with mycosis fungoides (mf) or sézary syndrome (ss) who have received at least one prior systemic therapy.,<mycosis fungoides>; <sézary syndrome>,kyowa kirin australia pty ltd,kyowa kirin,330232,mogamulizumab,no,yes,concentrate,pm-2020-00700-1-6,na
oral,17.08.2021,2021,authorised (under additional monitoring),TGA,approved,18.01.2022,2022,infectious and parasitic diseases; diseases of the respiratory system,<covid-19>,auspar-molnupiravir-220207.pdf,small molecule,lagevrio,treatment of adults with covid-19 who do not require initiation of oxygen due to covid-19 and who are at increased risk for hospitalisation or death.,no,molnupiravir is indicated for the treatment of covid-19 in adults.,<covid-19>,merck sharp & dohme (australia) pty limited,merck sharp & dohme,372650,molnupiravir,no,no,capsule,pm-2021-03679-1-2,na
subcutaneous,14.01.2022,2022,authorised (under additional monitoring),TGA,approved,22.12.2022,2022,"endocrine, nutritional, and metabolic diseases","<diabetes mellitus, type 2>",auspar-mounjaro-231113.pdf,peptides and proteins,mounjaro,treatment of adults with insufficiently controlled type 2 diabetes mellitus as an adjunct to diet and exercise,no,treatment of adults with type 2 diabetes mellitus as an adjunct to diet and exercise,<type 2 diabetes mellitus>,eli lilly australia pty ltd,eli lilly,"379330, 379331, 379332, 379333, 379334 and 382625",tirzepatide,no,no,solution,pm-2021-05212-1-5,na
subcutaneous,03.10.2023,2023,authorised,TGA,approved,09.09.2024,2024,"endocrine, nutritional, and metabolic diseases",<obesity>,auspar-mounjaro-240920.pdf,peptides and proteins,mounjaro,chronic weight management,yes,chronic weight management,<obesity>,eli lilly australia pty ltd,eli lilly,379333; 379332; 379334; 382625; 379330; 379331; 407050; 407051; 407052; 407053; 407054; 407055; 439430; 439690; 439691; 439692; 439693; 439694,tirzepatide,no,no,solution,pm-2023-03723-1-5,na
oral,,,withdrawn,TGA,approved,02.09.2010,2010,diseases of the nervous system,"<multiple sclerosis, relapsing-remitting>",auspar-movectro.pdf,small molecule,movectro,treatment of relapsing-remitting multiple sclerosis (ms) for a maximum duration of two years.,yes,treatment of relapsing-remitting multiple sclerosis (ms) for a maximum duration of two years.,"<multiple sclerosis, relapsing-remitting>",merck serono australia pty ltd,merck serono,166483,cladribine,no,no,tablet,pm-2009-02909-3-1,na
intramuscular,31.07.2023,2023,authorised,TGA,approved,28.03.2025,2025,infectious and parasitic diseases; diseases of the respiratory system,<respiratory tract diseases>,auspar-mresva-250408.pdf,vaccine,mresvia,prevention of lower respiratory tract disease (lrtd) caused by respiratory syncytial virus (rsv) in adults 60 years of age and older,no,prevention of lower respiratory tract disease (lrtd) and acute respiratory disease (ard) caused by respiratory syncytial virus (rsv) in adults 60 years of age and older,<respiratory tract diseases>; <respiratory syncytial virus infections>,moderna australia pty ltd,moderna,411450,respiratory syncytial virus f protein,no,no,suspension,pm-2023-02734-1-2,na
oral,31.01.2023,2023,authorised,TGA,approved,28.06.2023,2023,pregnancy and childbirth,<intrauterine pregnancy>,auspar-ms-2step-composite-pack-240214.pdf,small molecule,ms-2 step composite pack,"medical termination of an intrauterine pregnancy, up to 63 days of gestation.",yes,"medical termination of an intrauterine pregnancy, up to 63 days of gestation.",<intrauterine pregnancy>,ms health pty ltd,ms health,210574,mifepristone & misoprostol,no,no,tablet,pm-2022-05475-1-5,na
oral,,,authorised,TGA,approved,19.07.2010,2010,diseases of the circulatory system,<atrial fibrillation>; <atrial flutter>,auspar-multaq.pdf,small molecule,multaq,"to reduce the risk of cardiovascular hospitalisation in patients with paroxysmal or persistent atrial fibrillation (af) or atrial flutter (afl), with a recent episode of af/afl and associated cardiovascular risk factors, who are in sinus rhythm or who will be cardioverted, on top of standard therapy.",no,"to reduce the risk of cardiovascular hospitalisation in patients with paroxysmal or persistent atrial fibrillation (af) or atrial flutter (afl), with a recent episode of af/afl and associated cardiovascular risk factors, who are in sinus rhythm or who will be cardioverted, on top of standard therapy.",<atrial fibrillation>; <atrial flutter>,sanofi aventis australia pty ltd,sanofi,"156356, 156373, 156374, 156379, 156385, 156386",dronedarone hydrochloride,no,no,tablet,pm-2008-3045-3,na
oral,,,authorised,TGA,approved,07.09.2012,2012,diseases of the genitourinary system,<lupus nephritis>,auspar-mycophenolate-sodium-130517.pdf,small molecule,myfortic,"induction and maintenance treatment of adult patients with who class iii, iv or v lupus nephritis",yes,induction and maintenance treatment of lupus nephritis,<lupus nephritis>,novartis pharmaceuticals australia pty limited,novartis,"91939, 91940",mycophenolate sodium,yes,yes,tablet,pm-2010-01235-3-2,
intravenous,,,authorised,TGA,approved,13.03.2014,2014,neoplasms; diseases of the digestive system,<pancreatic neoplasms>,auspar-nab-paclitaxel-140617.pdf,biologics,abraxane,first-line treatment of patients with metastatic adenocarcinoma of the pancreas,yes,first-line treatment of patients with metastatic adenocarcinoma of the pancreas,<pancreatic neoplasms>,abraxis biosciences pty ltd,abraxis,133500,paclitaxel,yes,yes,lyophilisate,pm-2013-01523-1-4,
intravenous,30.05.2012,2012,authorised,TGA,approved,06.08.2013,2013,neoplasms; diseases of the respiratory system,<breast neoplasms>; <lung neoplasms>,auspar-nab-paclitaxet-140109.pdf,biologics,abraxane,treatment of metastatic carcinoma of the breast after failure of anthracycline therapy; first-line treatment of non-small cell lung cancer in patients who are not candidates for potentially curative surgery and/or radiation,yes,first-line treatment of non-small cell lung cancer in patients who are not candidates for potentially curative surgery and/or radiation,<non-small-cell lung carcinoma>,abraxis bioscience australia pty ltd,abraxis,133500,paclitaxel,yes,no,powder,pm-2012-01185-3-4,
oromucosal,,,authorised,TGA,approved,26.11.2012,2012,diseases of the nervous system,<multiple sclerosis>,auspar-nabiximols-130927.pdf,biologics,sativex,treatment for symptom improvement in patients with moderate to severe spasticity due to multiple sclerosis (ms) who have not responded adequately to other anti spasticity medication and who demonstrate clinically significant improvement in spasticity related symptoms during an initial trial of therapy.,no,symptom improvement in patients with moderate to severe spasticity due to multiple sclerosis (ms) who have not responded adequately to other anti spasticity medication and who demonstrate clinically significant improvement in spasticity related symptoms during an initial trial of therapy.,<multiple sclerosis>,novartis pharmaceuticals australia pty limited,novartis,181978,nabiximols,no,no,spray,pm-2011-00150-3-1,na
subcutaneous,30.09.2016,2016,authorised,TGA,approved,28.08.2017,2017,diseases of the respiratory system; diseases of the circulatory system,<respiratory insufficiency>; <respiratory tract infections>; <heart failure>,auspar-nadroparin-180904.pdf,biologics,fraxiparine,"prophylaxis of venous thromboembolism in high risk medical patients (respiratory failure and/or respiratory infection and/or cardiac failure), immobilised due to acute illness or hospitalised in an intensive care unit",yes,prophylaxis of venous thromboembolism in medical patients bedridden due to acute illness,<venous thromboembolism>,aspen pharmacare australia pty ltd,aspen,51308,nadroparin,yes,no,syringe,pm-2016-02215-1-3,
oral,,,authorised,TGA,approved,04.06.2015,2015,mental and behavioural disorders,<alcohol-related disorders>,auspar-nalmefene-as-hydrochloride-dihydrate-160809.pdf,small molecule,selincro,reduction of alcohol consumption in adult patients with alcohol use disorder,no,reduction of alcohol consumption in adult patients with alcohol use disorder,<alcohol-related disorders>,lundbeck australia pty ltd,lundbeck,215784,nalmefene,no,no,tablet,pm-2013-02690-1-1,na
oral,,,authorised,TGA,approved,05.01.2016,2016,diseases of the digestive system,<constipation>,auspar-naloxegol-oxalate-160601.pdf,small molecule,movantik,treatment of opioid-induced constipation (oic) in adult patients who have had an inadequate response to laxative(s).,no,treatment of opioid-induced constipation (oic) in adult patients who have had an inadequate response to laxative(s).,<constipation>,astrazeneca pty ltd,astrazeneca,"232030, 232029",naloxegol oxalate,no,no,tablet,pm-2014-03892-1-1,na
continuous wound infusion,,,authorised,TGA,approved,02.03.2010,2010,diseases of the musculoskeletal system and connective tissue,not reported,auspar-naropin.pdf,small molecule,naropin,continuous wound infusion for postoperative pain management (adults only),yes,analgesia (adults and children >12 years of age) by continuous or intermittent wound infusion,not reported,astrazeneca pty ltd,astrazeneca,,ropivacaine,yes,no,solution,pm-2009-01406-3-1,
intravenous,31.03.2023,2023,authorised,TGA,approved,25.03.2024,2024,neoplasms; diseases of the blood and blood-forming organs,<t-cell acute lymphoblastic leukemia>; <t-cell lymphoblastic lymphoma>,auspar-nelarabine-reach-240821.pdf,small molecule,nelarabine-reach,treatment of patients with relapsing/refractory t-cell acute lymphoblastic leukemia and t-cell lymphoblastic lymphoma whose disease has not responded to or has relapsed following treatment with at least two chemotherapy regimens.,no,treatment of patients with t-cell acute lymphoblastic leukemia and t-cell lymphoblastic lymphoma.,<t-cell acute lymphoblastic leukemia>; <t-cell lymphoblastic lymphoma>,reach pharmaceuticals pty ltd,reach,405072,nelarabine,yes,yes,solution,pm-2023-00623-1-6,
ocular,,,authorised,TGA,approved,03.11.2015,2015,diseases of the eye and adnexa,<intraoperative and postoperative complications>,auspar-nepafenac-151223.pdf,small molecule,ilevro,the prevention and treatment of postoperative pain and inflammation associated with cataract surgery,no,the prevention and treatment of postoperative pain and inflammation associated with cataract surgery,<intraoperative and postoperative complications>,alcon laboratories (australia) pty ltd,alcon,230200,nepafenac,no,no,suspension,pm-2014-03164-1-1,na
oral,,,authorised,TGA,approved,04.05.2015,2015,neoplasms,<neoplasms>,auspar-netupitant-161028.pdf,small molecule,akynzeo,prevention of acute and delayed nausea and vomiting associated with initial and repeat courses of highly and moderately emetogenic cancer chemotherapy.,no,prevention of acute and delayed nausea and vomiting associated with initial and repeat courses of highly and moderately emetogenic cancer chemotherapy.,<neoplasms>,mundipharma pty ltd,mundipharma,222237,netupitant/palonosetron,no,no,capsule,pm-2014-00341-1-4,na
transdermal,,,authorised,TGA,approved,08.10.2010,2010,diseases of the nervous system,<parkinson disease>; <restless legs syndrome>,auspar-neupro.pdf,small molecule,neupro,parkinson's disease; restless legs syndrome,yes,symptomatic treatment of moderate to severe idiopathic restless legs syndrome in adults,<restless legs syndrome>,ucb australia pty ltd,ucb,"131370, 131381, 131382, 131383, 163987, 163988",rotigotine,yes,no,patch,pm-2009-01999-3-1,
oral,,,authorised,TGA,approved,19.12.2011,2011,infectious and parasitic diseases,<hiv infections>,auspar-nevirapine-120319.pdf,small molecule,viramune xr,treatment of hiv-1 infection in adults and children over the age of three years,no,treatment of hiv-1 infection in adults and children over the age of three years,<hiv infections>,boehringer ingelheim pty ltd,boehringer ingelheim,"176980 (400mg), 176982 (100mg), 176985 (50mg)",nevirapine,yes,no,tablet,pm-2010-03093-3-2,
oral,30.09.2020,2020,authorised (under additional monitoring),TGA,approved,10.11.2021,2021,pregnancy and childbirth,not reported,auspar-nextstellis-220721.pdf,small molecule,nextstellis,for use by women of reproductive potential to prevent pregnancy.,no,for use by women of reproductive potential to prevent pregnancy.,not reported,mayne pharma international pty ltd,mayne,341876,estetrol monohydrate / drospirenone,no,no,tablet,pm-2020-04185-1-5,na
intravenous,30.11.2020,2020,authorised (under additional monitoring),TGA,approved,15.11.2021,2021,"endocrine, nutritional, and metabolic diseases; diseases of the musculoskeletal system and connective tissue; diseases of the nervous system",<pompe disease>,auspar-nexviazyme-221208.pdf,biologics,nexviazyme,long-term enzyme replacement therapy for the treatment of patients one year of age and older with pompe disease (acid α-glucosidase deficiency),no,long-term enzyme replacement therapy for the treatment of patients with pompe disease (acid α-glucosidase deficiency),<pompe disease>,sanofi-aventis australia pty ltd,sanofi-aventis,346495,avalglucosidase alfa,no,yes,powder,pm-2020-05478-1-3,na
subcutaneous,04.01.2021,2021,authorised (under additional monitoring),TGA,approved,23.11.2021,2021,"endocrine, nutritional, and metabolic diseases",<growth hormone deficiency>,auspar-ngenla-230113.pdf,biologics,ngenla,long-term treatment of paediatric patients with growth disturbance due to insufficient secretion of growth hormone.,no,long-term treatment of paediatric patients with growth disturbance due to insufficient secretion of growth hormone.,<growth hormone deficiency>,pfizer australia pty ltd,pfizer,349990 and 350035,somatrogon,no,no,solution,pm-2020-05916-1-5,na
intravenous,,,authorised,TGA,approved,26.07.2016,2016,"endocrine, nutritional, and metabolic diseases",not reported,auspar-nine-trace-elements-including-chromic-chloride-170323.pdf,other,addaven,"to meet basal to moderately increased requirements of trace elements in parenteral nutrition in adults, when either oral or enteral nutrition is inappropriate",no,to meet basal to moderately increased requirements of trace elements in parenteral nutrition.,not reported,fresenius kabi australia pty ltd,fresenius,244493,chromic chloride,yes,no,concentrate,pm-2015-01467-1-1,
oral,03.01.2020,2020,authorised,TGA,approved,23.12.2020,2020,diseases of the respiratory system,<interstitial lung diseases>,auspar-nintedanib-as-esilate-210226.pdf,small molecule,ofev /vargatef,treatment of other chronic fibrosing interstitial lung diseases (ilds) with a progressive phenotype,yes,treatment of other chronic fibrosing interstitial lung diseases (ilds) with a progressive phenotype,<interstitial lung diseases>,boehringer ingelheim pty ltd,boehringer ingelheim,"226065, 226066, 226067 and 226068",nintedanib,no,no,capsule,pm-2019-04480-1-5,na
oral,,,authorised,TGA,approved,27.08.2015,2015,neoplasms; diseases of the respiratory system,<non-small cell lung carcinoma>; <idiopathic pulmonary fibrosis>,auspar-nintedanib-esilate-160208.pdf,small molecule,ofev and vargatef,"treatment of patients with locally advanced, metastatic or recurrent non-small cell lung cancer (nsclc) of adenocarcinoma tumour histology after failure of first line chemotherapy; treatment of idiopathic pulmonary fibrosis (ipf)",no,"treatment of patients with locally advanced, metastatic or recurrent non-small cell lung cancer (nsclc) of adenocarcinoma tumour histology after first line chemotherapy; treatment of idiopathic pulmonary fibrosis (ipf)",<non-small cell lung carcinoma>; <idiopathic pulmonary fibrosis>,boehringer ingelheim pty ltd,boehringer ingelheim,"226065, 226066, 226067, 226068",nintedanib esilate,no,no,capsule,pm-2014-01847-1-4,na
oral,30.08.2018,2018,authorised (under additional monitoring),TGA,approved,28.06.2019,2019,neoplasms; diseases of the genitourinary system,<ovarian neoplasms>; <fallopian tube neoplasms>; <peritoneal neoplasms>,auspar-niraparib-tosilate-monohydrate-201126.pdf,small molecule,zejula,"monotherapy for the maintenance treatment of adult patients with platinum-sensitive relapsed high grade serous epithelial ovarian, fallopian tube, or primary peritoneal cancer who are in response (complete or partial) to platinum-based chemotherapy.",no,"monotherapy for the maintenance treatment of adult patients with platinum-sensitive relapsed high grade serous epithelial ovarian, fallopian tube, or primary peritoneal cancer who are in response (complete or partial) to platinum-based chemotherapy.",<ovarian neoplasms>; <fallopian tube neoplasms>; <peritoneal neoplasms>,glaxosmithkline australia pty ltd,glaxosmithkline,305254; 305255,niraparib,no,no,capsule,pm-2018-02496-1-4,na
oral,23.11.2021,2021,authorised (under additional monitoring),TGA,approved,18.01.2022,2022,infectious and parasitic diseases; diseases of the respiratory system,<coronavirus infections>,auspar-nirmatrelvir-ritonavir-220124.pdf,peptides and proteins,paxlovid,"treatment of coronavirus disease 2019 (covid-19) in adults 18 years of age and older, who do not require initiation of supplemental oxygen due to covid-19 and are at increased risk of progression to hospitalisation or death",no,treatment of covid-19 in adults who do not require supplemental oxygen and who are at increased risk for progressing to severe covid-19,<covid-19>,pfizer australia pty ltd,pfizer,377572,nirmatrelvir/ritonavir,no,no,tablet,pm-2021-04880-1-2,na
inhalation,,,authorised,TGA,approved,27.07.2015,2015,diseases of the circulatory system; congenital malformations and chromosomal abnormalities,<pulmonary hypertension>,auspar-nitric-oxide-170515.pdf,small molecule,inomax,"treatment of peri- and post-operative pulmonary hypertension in newborn infants, infants and toddlers, children and adolescents, ages 0-17 years in conjunction with heart surgery.",yes,"treatment of peri- and post-operative pulmonary hypertension in newborn infants, infants and toddlers, children and adolescents, ages 0-17 years in conjunction with heart surgery.",<pulmonary hypertension>,ikaria australia pty ltd,ikaria,128136,nitric oxide,no,yes,gas,pm-2014-01399-1-3,na
inhalation,31.03.2015,2015,authorised,TGA,approved,18.03.2016,2016,diseases of the circulatory system; congenital malformations and chromosomal abnormalities,"<hypertension, pulmonary>",auspar-nitric-oxide-180115.pdf,small molecule,vasokinox,"treatment of perioperative pulmonary hypertension in adults and newborn infants, infants and toddlers, children and adolescents, ages 0-17 years in conjunction to heart surgery.",yes,"treatment of perioperative pulmonary hypertension in adults and newborn infants, infants and toddlers, children and adolescents, ages 0-17 years in conjunction to heart surgery.","<hypertension, pulmonary>",air liquide healthcare pty ltd,air liquide,235184,nitric oxide,yes,no,gas,pm-2014-04327-1-3,
inhalation,30.04.2018,2018,authorised,TGA,approved,30.04.2019,2019,diseases of the circulatory system,"<hypertension, pulmonary>",auspar-nitric-oxide-191128.pdf,small molecule,inomax,"as part of the treatment of patients with peri- and post-operative pulmonary hypertension in conjunction with heart surgery, to selectively decrease pulmonary arterial pressure and improve right ventricular function and oxygenation.",yes,"as part of the treatment of patients with peri- and post-operative pulmonary hypertension in conjunction with heart surgery, to selectively decrease pulmonary arterial pressure and improve right ventricular function and oxygenation.","<hypertension, pulmonary>",ikaria australia pty ltd,ikaria,128136,nitric oxide,yes,no,gas,pm-2018-00306-1-3,
subcutaneous; intravenous,,,authorised,TGA,approved,13.09.2010,2010,neoplasms; diseases of the blood and blood-forming organs; infectious and parasitic diseases,<neoplasms>; <acute myeloid leukemia>; <neutropenia>; <hiv infections>,auspar-nivestim.pdf,biologics,nivestim,to decrease the incidence of infection in patients with non-myeloid malignancies receiving myelosuppressive anti-cancer drugs; for reducing the duration of neutropenia in patients undergoing chemotherapy for acute myeloid leukaemia; for the mobilisation of peripheral blood progenitor cells; for reducing the duration of neutropenia following bone marrow transplantation; for chronic administration to increase neutrophil counts in patients with severe chronic neutropenia; in patients with hiv infection for reversal of neutropenia.,no,to decrease the incidence of infection in patients with non-myeloid malignancies receiving myelosuppressive anti-cancer drugs; for reducing the duration of neutropenia in patients undergoing chemotherapy for acute myeloid leukaemia; for the mobilisation of peripheral blood progenitor cells; for reducing the duration of neutropenia following bone marrow transplantation; for chronic administration to increase neutrophil counts in patients with severe chronic neutropenia; in patients with hiv infection for reversal of neutropenia.,"<neoplasms>; <leukemia, myeloid, acute>; <hiv infections>",hospira pty ltd,hospira,"160106, 160108, 160107",filgrastim,no,no,solution,pm-2009-00676-3-4,na
intravenous,06.01.2015,2015,authorised,TGA,approved,07.01.2016,2016,neoplasms; diseases of the respiratory system,<melanoma>,auspar-nivolumab-160823.pdf,biologics,opdivo,treatment of patients with unresectable or metastatic melanoma,no,treatment of patients with unresectable or metastatic melanoma or squamous cell non-small cell lung cancer (sq nsclc),"<melanoma>; <carcinoma, non-small-cell lung>",bristol-myers squibb australia pty ltd,bristol-myers squibb,231867; 231868,nivolumab,no,no,concentrate,pm-2014-03852-1-4,na
intravenous,,,authorised,TGA,approved,16.11.2016,2016,neoplasms; diseases of the genitourinary system,<renal cell carcinoma>,auspar-nivolumab-171026.pdf,biologics,opdivo,treatment of patients with advanced clear cell renal cell carcinoma after prior anti-angiogenic therapy in adults,yes,treatment of patients with advanced renal cell carcinoma (rcc),<renal cell carcinoma>,bristol-myers squibb australia pty ltd,bristol-myers squibb,"231867, 231868",nivolumab,yes,no,concentrate,pm-2015-03579-1-4,
intravenous,,,authorised,TGA,approved,26.05.2017,2017,neoplasms; diseases of the blood and blood-forming organs,<hodgkin disease>,auspar-nivolumab-171031.pdf,biologics,opdivo,treatment of adult patients with relapsed or refractory classical hodgkin lymphoma (chl) after autologous stem cell transplant and treatment with brentuximab vedotin.,yes,treatment of patients with relapsed or refractory classical hodgkin lymphoma (chl) following autologous stem cell transplant and treatment with brentuximab vedotin or following at least two prior therapies in patients who are not candidates for asct.,<hodgkin disease>,bristol-myers squibb australia pty ltd,bristol-myers squibb,"231867, 231868",nivolumab,yes,no,concentrate,pm-2016-0712-1-4,
intravenous,23.10.2017,2017,authorised,TGA,approved,23.04.2018,2018,neoplasms; diseases of the skin,<melanoma>,auspar-nivolumab-180806.pdf,biologics,opdivo,adjuvant treatment of patients with melanoma with involvement of lymph nodes or metastatic disease who have undergone complete resection.,yes,"adjuvant treatment of patients with completely resected stage iii or stage iv melanoma, as monotherapy.",<melanoma>,bristol-myers squibb australia pty ltd,bristol-myers squibb,231867 and 231868,nivolumab,yes,no,concentrate,pm-2017-03752-1-4,
intravenous,31.01.2017,2017,authorised,TGA,approved,06.02.2018,2018,neoplasms; diseases of the genitourinary system,<urothelial carcinoma>,auspar-nivolumab-191028.pdf,biologics,opdivo,treatment of patients with locally advanced unresectable or metastatic urothelial carcinoma after prior platinum-containing therapy.,yes,treatment of patients with locally advanced unresectable or metastatic urothelial carcinoma after prior platinum-containing therapy.,<urothelial carcinoma>,bristol-myers squibb australia pty ltd,bristol-myers squibb,aust r 231867; aust r 231868,nivolumab,yes,no,concentrate,pm-2016-03898-1-4,
intravenous,01.08.2017,2017,authorised,TGA,approved,17.09.2018,2018,neoplasms; diseases of the digestive system,<hepatocellular carcinoma>,auspar-nivolumab-200124.pdf,biologics,opdivo,hepatocellular carcinoma,yes,"opdivo, as monotherapy is indicated for the treatment of adult patients with hepatocellular carcinoma after prior sorafenib therapy.",<hepatocellular carcinoma>,bristol-myers squibb australia pty. ltd.,bristol-myers squibb,"231867, 231868",nivolumab,yes,no,concentrate,pm-2017-02209-1-4,
intravenous,30.11.2017,2017,na,TGA,rejected,27.03.2019,2019,neoplasms; diseases of the digestive system,not reported,auspar-nivolumab-200317.pdf,biologics,opdivo,na,yes,treatment of adult patients with advanced or recurrent gastric or gastro-oesophageal junction cancer after two or more prior systemic therapies.,<gastric neoplasms>; <gastroesophageal junction neoplasms>,bristol-myers squibb australia pty ltd,bristol-myers squibb,"231868, 231867",nivolumab,yes,yes,solution,pm-2017-03888-1-4,
oral,30.09.2015,2015,authorised,TGA,approved,04.04.2016,2016,neoplasms,<breast neoplasms>,auspar-nolvadex-130318.pdf,small molecule,nolvadex/nolvadex-d,primary reduction of breast cancer risk in women at moderately increased or high risk,yes,primary reduction of breast cancer risk in women at moderately increased or high risk,<breast neoplasms>,astrazeneca pty ltd,astrazeneca,11232 and 11233,tamoxifen,yes,no,tablet,pm-2015-02360-1-4,
intravenous,28.09.2018,2018,authorised (under additional monitoring),TGA,approved,02.09.2019,2019,diseases of the blood and blood-forming organs,<hemophilia b>,auspar-nonacog-beta-pegol-191101.pdf,biologics,refixia,treatment and prophylaxis of bleeding in patients 12 years and above with haemophilia b (congenital factor ix deficiency).,no,treatment and prophylaxis of bleeding in patients with haemophilia b (congenital factor ix deficiency).,<hemophilia b>,novo nordisk pharmaceuticals pty ltd,novo nordisk,"308424, 308425, 308426",nonacog beta pegol,no,yes,powder; solvent,pm-2018-02720-1-6,na
intravenous,30.08.2012,2012,authorised,TGA,approved,30.01.2014,2014,diseases of the blood and blood-forming organs,<hemophilia b>,auspar-nonacog-gamma-140414.pdf,biologics,rixubis,routine prophylaxis of bleeding episodes in patients 12 years and older with haemophilia b; treatment and prevention of bleeding episodes in patients 12 years and older with haemophilia b (congenital factor ix deficiency).,no,routine prophylaxis of bleeding episodes in patients 12 years and older with haemophilia b; treatment and prevention of bleeding episodes in patients 12 years and older with haemophilia b (congenital factor ix deficiency); peri-operative management in patients 12 years and older with haemophilia b.,<hemophilia b>,baxter healthcare pty ltd,baxter,204767; 204769; 204766; 204768; 204765,nonacog gamma,no,yes,lyophilisate; solvent,pm-2012-03758-1-4,na
subcutaneous,,,authorised,TGA,approved,16.04.2014,2014,diseases of the blood and blood-forming organs,<immunologic deficiency syndromes>; <hypogammaglobulinemia>,auspar-normal-human-immunoglobulin-140625.pdf,biologics,hizentra,replacement therapy in primary immunodeficiency disease (pid) and symptomatic hypogammaglobulinaemia secondary to underlying disease or treatment.,no,replacement therapy in primary immunodeficiency disease (pid) and symptomatic hypogammaglobulinaemia secondary to underlying disease or treatment.,<immunologic deficiency syndromes>; <hypogammaglobulinemia>,csl behring ltd,csl behring,"aust r 207386, aust r 207385, aust r 207383 and aust r 207384",normal human immunoglobulin,no,no,solution,2013-00301-2-2,na
subcutaneous,,,authorised,TGA,approved,24.01.2012,2012,diseases of the blood and blood-forming organs,<immunologic deficiency syndromes>; <hypogammaglobulinemia>,auspar-normal-immunoglobulin-human-120507.pdf,biologics,evogam,replacement therapy in primary immunodeficiency disease and symptomatic hypogammaglobulinaemia secondary to underlying disease or treatment.,no,replacement therapy in primary immunodeficiency disease and symptomatic hypogammaglobulinaemia secondary to underlying disease or treatment.,<immunologic deficiency syndromes>; <hypogammaglobulinemia>,csl ltd,csl,"173315, 173323, 173324",normal (human) immunoglobulin,yes,no,solution,pm-2010-01887-3-2,
intravenous,30.06.2020,2020,authorised,TGA,approved,20.07.2021,2021,diseases of the nervous system,"<polyradiculoneuropathy, chronic inflammatory demyelinating>",auspar-normal-immunoglobulin-human-211124.pdf,biologics,kiovig,chronic inflammatory demyelinating polyradiculoneuropathy (cidp) in adults,yes,chronic inflammatory demyelinating polyradiculoneuropathy (cidp) in adults,<polyradiculoneuropathy>,takeda pharmaceuticals australia pty ltd,takeda,"131953, 131966, 131968, 131969, 131973, and 198488",normal immunoglobulin (human),yes,no,solution,pm-2020-02469-1-1,
oral,02.05.2022,2022,authorised,TGA,approved,17.03.2023,2023,neoplasms,<prostatic neoplasms>,auspar-nubeqa-240930.pdf,small molecule,nubeqa,treatment of patients with metastatic hormone-sensitive prostate cancer (mhspc) in combination with docetaxel,yes,treatment of patients with metastatic hormone-sensitive prostate cancer (mhspc) in combination with docetaxel,<prostatic neoplasms>,bayer australia ltd,bayer,"316417, 317242",darolutamide,no,no,tablet,pm-2022-00878-1-4,na
intramuscular,31.01.2022,2022,authorised (under additional monitoring),TGA,approved,13.01.2023,2023,diseases of the skin,<not reported>,auspar-nuceiva-230919.pdf,biologics,nuceiva,the temporary improvement in the appearance of moderate to severe glabellar lines in adult patients.,no,the temporary improvement in the appearance of moderate to severe glabellar lines associated with corrugator and/or procerus muscle activity in adult patients.,<glabellar lines>,ppd australia pty ltd,ppd,381094,prabotulinum toxin a,yes,no,powder,pm-2021-05441-1-1,
sublingual,07.09.2022,2022,authorised,TGA,approved,17.07.2023,2023,diseases of the nervous system,<migraine disorders>,auspar-nurtec-odt-240301.pdf,small molecule,nurtec odt,acute treatment of migraine with or without aura in adults; prophylactic treatment of episodic migraine in adults who have at least 4 migraine attacks per month.,no,acute treatment of migraine with or without aura in adults; preventive treatment of episodic migraine in adults who have at least 4 migraine attacks per month.,<migraine disorders>,pfizer australia pty ltd,pfizer,392434,rimegepant,no,no,tablet,pm-2022-02939-1-1,na
intrathecal,04.01.2017,2017,authorised,TGA,approved,02.11.2017,2017,diseases of the nervous system,<spinal muscular atrophy>,auspar-nusinersen-heptadecasodium-180813.pdf,other,spinraza,spinraza is indicated for the treatment of 5q spinal muscular atrophy (sma).,no,spinraza is indicated for the treatment of spinal muscular atrophy (sma).,<spinal muscular atrophy>,biogen australia pty ltd,biogen,282522,nusinersen,no,yes,solution,pm-2016-04042-1-3,na
intramuscular,04.05.2023,2023,authorised (under additional monitoring),TGA,approved,26.10.2023,2023,infectious and parasitic diseases,<coronavirus infections>,auspar-nuvaxovid-231106.pdf,vaccine,nuvaxovid,active immunisation to prevent coronavirus disease 2019 (covid-19) caused by sars-cov-2 in individuals 12 years of age and older.,no,active immunisation to prevent coronavirus disease 2019 (covid-19) caused by sars-cov-2 in individuals 12 years of age and older.,<coronavirus disease 2019>,biocelect pty ltd,biocelect,355139,sars-cov-2-rs,no,no,suspension,,na
intramuscular,03.04.2023,2023,authorised,TGA,approved,31.01.2024,2024,infectious and parasitic diseases,<coronavirus infections>,auspar-nuvaxovid-240531.pdf,vaccine,nuvaxovid,active immunisation to prevent coronavirus disease 2019 (covid-19) caused by sars-cov-2 in individuals 12 years of age and older.,yes,active immunisation to prevent coronavirus disease 2019 (covid-19) caused by sars-cov-2 in individuals 12 years of age and older.,<coronavirus disease 2019>,biocelect pty ltd,biocelect,355139,sars-cov-2 rs,yes,no,suspension,pm-2023-00909-1-2,
intramuscular,,,authorised (under additional monitoring),TGA,approved,20.01.2022,2022,infectious and parasitic diseases,<coronavirus infections>,auspar-nuvaxovid-heterologous-booster-220622-pi.pdf,vaccine,nuvaxovid,active immunisation to prevent coronavirus disease 2019 (covid-19) caused by sars-cov-2 in individuals 18 years of age and older.,no,active immunisation to prevent coronavirus disease 2019 (covid-19) caused by sars-cov-2 in individuals 18 years of age and older.,<coronavirus disease 2019>,biocelect pty ltd,biocelect,,sars-cov-2 rs,no,no,suspension,pm-2022-00638-1-2,na
intramuscular,03.03.2022,2022,authorised,TGA,approved,09.06.2022,2022,infectious and parasitic diseases,<coronavirus infections>,auspar-nuvaxovid-homologous-booster-220614.pdf,vaccine,nuvaxovid,active immunisation to prevent coronavirus disease 2019 (covid-19) caused by sars-cov-2 in individuals 18 years of age and older.,yes,active immunisation to prevent coronavirus disease 2019 (covid-19) caused by sars-cov-2 in individuals 18 years of age and older.,<coronavirus disease 2019>,biocelect pty ltd,biocelect,351139,sars-cov-2 rs vaccine,no,no,suspension,pm-2022-00638-1-2,na
intravenous,07.06.2013,2013,authorised,TGA,approved,07.05.2014,2014,neoplasms; diseases of the blood and blood-forming organs,"<leukemia, lymphocytic, chronic, b-cell>",auspar-obinutuzumab-140826.pdf,biologics,gazyva,gazyva in combination with chlorambucil is indicated for the treatment of patients with previously untreated chronic lymphocytic leukaemia (cll).,no,gazyva in combination with chlorambucil for the treatment of patients with previously untreated chronic lymphocytic leukaemia (cll).,"<leukemia, lymphocytic, chronic, b-cell>",roche products pty ltd,roche,210562,obinutuzumab,no,no,concentrate,pm-2013-01148-1-4,na
intravenous,30.11.2016,2016,authorised,TGA,approved,16.11.2017,2017,neoplasms; diseases of the blood and blood-forming organs,<follicular lymphoma>,auspar-obinutuzumab-180502.pdf,biologics,gazyva,gazyva in combination with chemotherapy followed by gazyva maintenance is indicated for the treatment of patients with previously untreated advanced follicular lymphoma.,yes,gazyva in combination with chemotherapy followed by gazyva maintenance is indicated for the treatment of patients with previously untreated follicular lymphoma.,<follicular lymphoma>,roche products pty ltd,roche,210562,obinutuzumab,yes,no,concentrate,pm-2016-03149-1-4,
intravenous,30.06.2016,2016,authorised,TGA,approved,03.07.2017,2017,diseases of the nervous system,<multiple sclerosis>,auspar-ocrelizumab-180808.pdf,biologics,ocrevus,treatment of patients with relapsing forms of multiple sclerosis (rms) to delay the progression of physical disability and to reduce the frequency of relapse; treatment of patients with primary progressive multiple sclerosis (ppms) to delay the progression of physical disability,no,treatment of patients with relapsing forms of multiple sclerosis (rms) to delay the progression of physical disability and to reduce the frequency of relapse; treatment of patients with primary progressive multiple sclerosis (ppms) to delay the progression of physical disability,<multiple sclerosis>,roche products pty limited,roche,275778,ocrelizumab,yes,no,vial,pm-2016-01580-1-1,
intravitreal,,,authorised,TGA,approved,03.10.2014,2014,diseases of the eye and adnexa,<vitreomacular traction syndrome>; <macular hole>,auspar-ocriplasmin-141110.pdf,biologics,jetrea,treatment of vitreomacular traction (vmt) including when associated with macular hole of diameter less than or equal to 400 microns,no,treatment of symptomatic vitreomacular adhesion (svma) including those associated with macular hole in adults,<vitreomacular adhesion>; <macular hole>,alcon laboratories australia pty ltd,alcon,206494,ocriplasmin,no,no,concentrate,pm-2012-04123-1-5,na
intramuscular,,,authorised,TGA,approved,15.12.2011,2011,neoplasms,<neuroendocrine tumors>,auspar-octreotide-120214.pdf,peptides and proteins,sandostatin lar,"treatment of patients with progression of well-differentiated, advanced neuroendocrine tumours of the midgut or suspected midgut origin",yes,treatment of patients with advanced neuroendocrine tumours of the midgut or unknown primary location,<neuroendocrine tumors>,novartis pharmaceuticals australia pty ltd,novartis,"69413, 69210 and 69376",octreotide,yes,yes,powder,pm-2010-03092-3-4,
oral,,,authorised,TGA,approved,16.08.2016,2016,infectious and parasitic diseases,<human immunodeficiency virus>,auspar-odefsey-171012.pdf,small molecule,odefsey,"treatment of hiv-1 infection in adults and adolescents (12 years and older with body weight at least 35 kg) with plasma hiv-1 rna ≤100,000 copies/ml at the start of therapy",no,"treatment of hiv-1 infection in adults and adolescents (12 years and older with body weight at least 35 kg) with plasma hiv-1 rna ≤100,000 copies/ml at the start of therapy",<hiv infections>,gilead sciences pty ltd,gilead,260634,emtricitabine / rilpivirine / tenofovir alafenamide fumarate,yes,no,tablet,pm-2015-02479-1-2,
oral,01.09.2014,2014,authorised,TGA,approved,06.08.2015,2015,neoplasms; diseases of the skin,<basal cell carcinoma>,auspar-odomzo-191127.pdf,small molecule,odomzo,"treatment of adult patients with locally advanced basal cell carcinoma (bcc) who are not amenable to curative surgery or radiation therapy, and metastatic bcc.",no,"treatment of adult patients with locally advanced basal cell carcinoma (bcc) who are not amenable to curative surgery or radiation therapy, and metastatic bcc.",<basal cell carcinoma>,novartis pharmaceuticals australia pty ltd,novartis,226544,sonidegib,no,no,capsule,pm-2014-01865-1-4,na
intravenous,24.12.2015,2015,withdrawn,TGA,withdrawn,16.02.2017,2017,neoplasms; diseases of the blood and blood-forming organs,not reported,auspar-ofatumumab-180112.pdf,biologics,arzerra,na,yes,maintenance treatment for adult patients with cll at high risk of relapse who are in complete or partial response after at least two lines of induction therapy.,"<leukemia, lymphocytic, chronic, b-cell>",novartis pharmaceuticals pty ltd australia,novartis,,ofatumumab,yes,yes,concentrate,pm-2015-03290-1-4,
subcutaneous,30.03.2020,2020,authorised (under additional monitoring),TGA,approved,03.03.2021,2021,diseases of the nervous system,"<multiple sclerosis, relapsing-remitting>",auspar-ofatumumab-210624.pdf,biologics,kesimpta,treatment of adult patients with relapsing forms of multiple sclerosis (rms) to delay the progression of physical disability and reduce the frequency of relapse.,yes,treatment of adult patients with relapsing forms of multiple sclerosis (rms).,"<multiple sclerosis, relapsing-remitting>",novartis pharmaceuticals australia pty ltd,novartis,330601 and 330617,ofatumumab,no,no,solution,pm-2020-00666-1-1,na
oral,31.03.2015,2015,authorised,TGA,approved,23.12.2015,2015,neoplasms; diseases of the genitourinary system,<ovarian neoplasms>; <fallopian tube neoplasms>; <peritoneal neoplasms>,auspar-olaparib-190211.pdf,small molecule,lynparza,"monotherapy for the maintenance treatment of patients with platinum sensitive relapsed brca-mutated (germline or somatic) high grade serous epithelial ovarian, fallopian tube or primary peritoneal cancer who are in response (complete response or partial response) after platinum based chemotherapy.",no,monotherapy for the maintenance treatment of adult patients with platinum-sensitive relapsed brca-mutated high grade serous ovarian cancer (including fallopian tube or primary peritoneal) who are in response to platinum based chemotherapy.,<ovarian neoplasms>; <fallopian tube neoplasms>; <peritoneal neoplasms>,astrazeneca pty ltd,astrazeneca,234008,olaparib,no,yes,capsule,pm-2014-04684-1-4,na
oral,31.05.2017,2017,authorised,TGA,approved,18.05.2018,2018,neoplasms; diseases of the genitourinary system,<ovarian neoplasms>; <fallopian tube neoplasms>; <peritoneal neoplasms>,auspar-olaparib-191016.pdf,small molecule,lynparza,"monotherapy for the maintenance treatment of adult patients with platinum sensitive relapsed high grade epithelial ovarian, fallopian tube, or primary peritoneal cancer who are in response to platinum-based chemotherapy.",yes,"monotherapy for the maintenance treatment of adult patients with platinum sensitive relapsed high grade epithelial ovarian, fallopian tube, or primary peritoneal cancer who are in response to platinum-based chemotherapy.",<ovarian neoplasms>; <fallopian tube neoplasms>; <peritoneal neoplasms>,astrazeneca pty ltd,astrazeneca,"288613, 288614",olaparib,no,no,tablet,pm-2017-01451-1-4,na
oral,02.03.2020,2020,authorised,TGA,approved,04.03.2021,2021,neoplasms; diseases of the digestive system,<ovarian neoplasms>; <fallopian tube neoplasms>; <peritoneal neoplasms>; <pancreatic neoplasms>,auspar-olaparib-210415.pdf,small molecule,lynparza,"maintenance treatment of adult patients with advanced epithelial ovarian, fallopian tube or primary peritoneal cancer in response to first-line platinum-based chemotherapy and metastatic pancreatic adenocarcinoma",yes,"maintenance treatment of adult patients with advanced epithelial ovarian, fallopian tube or primary peritoneal cancer in response to first-line platinum-based chemotherapy and metastatic pancreatic adenocarcinoma",<ovarian neoplasms>; <fallopian tube neoplasms>; <peritoneal neoplasms>; <pancreatic neoplasms>,astrazeneca pty ltd,astrazeneca,"288613, 288614",olaparib,yes,no,tablet,pm-2020-00161-1-4,
oral,,,authorised,TGA,approved,11.09.2013,2013,diseases of the circulatory system,<hypertension>,auspar-olmesartan-amlodipine-hydrochlorothiazide-131118.pdf,small molecule,sevikar hct,treatment of hypertension,no,treatment of hypertension,<hypertension>,merck sharp & dohme australia pty ltd,merck sharp & dohme,"199006, 199007, 198998, 199005, 199000","olmesartan medoxomil, amlodipine, hydrochlorothiazide",no,no,tablet,pm-2012-01550-3-3,na
oral,,,authorised,TGA,approved,07.09.2012,2012,diseases of the circulatory system,<hypertension>,auspar-olmesartan-medoxomil-130226.pdf,small molecule,olmetec,for the treatment of hypertension,yes,for the treatment of hypertension,<hypertension>,merck sharp & dohme (australia) pty ltd,merck sharp & dohme,"aust r 102134, aust r 102138, aust r 102139",olmesartan medoxomil,yes,no,tablet,pm-2011-01941-3-3,
inhalation,16.05.2012,2012,authorised,TGA,approved,12.11.2013,2013,diseases of the respiratory system,"<pulmonary disease, chronic obstructive>",auspar-olodaterol-140327.pdf,small molecule,striverdi respimat,once daily maintenance bronchodilator treatment of airflow obstruction in patients with chronic obstructive pulmonary disease (copd),no,"for long term, once daily maintenance bronchodilator treatment of airflow obstruction in patients with chronic obstructive pulmonary disease (copd), including chronic bronchitis and/or emphysema",<chronic obstructive pulmonary disease>,boehringer ingelheim pty ltd,boehringer ingelheim,199568,olodaterol,no,no,solution,pm-2012-01920-3-5,na
oral,,,authorised,TGA,approved,28.07.2010,2010,"diseases of the circulatory system; endocrine, nutritional, and metabolic diseases",<myocardial infarction>; <hypertriglyceridemia>,auspar-omacor.pdf,small molecule,omacor,"post myocardial infarction: adjuvant treatment in secondary prevention after myocardial infarction, in addition to other standard therapy; hypertriglyceridaemia: endogenous hypertriglyceridaemia as a supplement to diet when dietary measures alone are insufficient.",no,"post myocardial infarction: adjuvant treatment in secondary prevention after myocardial infarction, in addition to other standard therapy; hypertriglyceridaemia: endogenous hypertriglyceridaemia as a supplement to diet when dietary measures alone are insufficient.",<myocardial infarction>; <hypertriglyceridemia>,abbott products pty ltd,abbott,155717,omega-3-acid ethyl esters 90,no,no,capsule,pm-2008-3043-3,na
subcutaneous,31.01.2020,2020,authorised,TGA,approved,12.03.2021,2021,diseases of the respiratory system,<chronic rhinosinusitis>,auspar-omalizumab-210415.pdf,biologics,xolair,chronic rhinosinusitis with nasal polyps (crswnp) with inadequate response to nasal corticosteroids,yes,chronic rhinosinusitis with nasal polyps (crswnp) with inadequate response to nasal corticosteroids,<chronic rhinosinusitis>,novartis pharmaceuticals australia pty ltd,novartis,"115399, 201124, 82744, 201126",omalizumab,yes,no,solution; powder,pm-2019-05980-1-5,
subcutaneous,,,authorised,TGA,approved,06.11.2014,2014,diseases of the skin,<chronic idiopathic urticaria>,auspar-omalizumab-rch-150721.pdf,biologics,xolair,chronic idiopathic urticaria in adults and adolescents (12 years of age and above) who remain symptomatic despite h1 antihistamine treatment.,yes,chronic idiopathic urticaria in adults and adolescents (12 years of age and above) who remain symptomatic despite h1 antihistamine treatment.,<chronic idiopathic urticaria>,novartis pharmaceuticals australia pty ltd,novartis,"82744, 115399, 201126 and 201124",omalizumab,yes,no,powder; diluent; solution,pm-2013-03254-1-4,
subcutaneous,,,authorised,TGA,approved,28.01.2016,2016,diseases of the respiratory system,<asthma>,auspar-omalizumab-rch-160622.pdf,biologics,xolair,"add-on therapy to improve asthma control in patients with severe allergic asthma who have documented exacerbations despite daily high dose inhaled corticosteroids, and who have immunoglobulin e levels corresponding to the recommended dose range.",yes,"add-on therapy to improve asthma control in patients with severe persistent allergic asthma who have frequent daytime symptoms or night-time awakenings, have had documented asthma exacerbations despite daily high-dose inhaled corticosteroids, and who have serum immunoglobulin e levels corresponding to the recommended dose range.",<asthma>,novartis pharmaceuticals australia pty ltd,novartis,"201124, 82744, 201126 and 115399",omalizumab,yes,no,powder; solution,pm-2014-03868-1-5,
oral,29.02.2024,2024,authorised (under additional monitoring),TGA,approved,17.12.2024,2024,neoplasms; diseases of the blood and blood-forming organs,"<anemia>; <primary myelofibrosis>; <polycythemia vera>; <thrombocythemia, essential>",auspar-omjjara-250404.pdf,small molecule,omjjara,"treatment of disease-related splenomegaly or symptoms in adult patients with moderate to severe anaemia who have primary myelofibrosis, post polycythaemia vera myelofibrosis or post essential thrombocythaemia myelofibrosis and who are janus kinase (jak) inhibitor naïve or have been treated with ruxolitinib",no,"treatment of disease-related splenomegaly or symptoms in adult patients with moderate to severe anaemia who have primary myelofibrosis, post polycythaemia vera myelofibrosis or post essential thrombocythaemia myelofibrosis and who are janus kinase (jak) inhibitor naïve or have been treated with ruxolitinib",<primary myelofibrosis>; <polycythemia vera>; <essential thrombocythemia>,glaxosmithkline australia pty ltd,glaxosmithkline,442230; 442231; 442232,momelotinib dihydrochloride monohydrate,no,yes,tablet,pm-2024-00653-1-4,na
nasal,,,authorised,TGA,approved,28.11.2011,2011,diseases of the respiratory system,"<rhinitis, allergic, seasonal>; <rhinitis, allergic, perennial>",auspar-omnaris.pdf,small molecule,omnaris,treatment of seasonal allergic rhinitis in adults and children 6 years of age and older; treatment of perennial allergic rhinitis in adults and adolescents 12 years of age and older,yes,treatment of seasonal allergic rhinitis and perennial allergic rhinitis,"<rhinitis, allergic, seasonal>; <rhinitis, allergic, perennial>",nycomed pty ltd,nycomed,167910,ciclesonide,no,no,spray,pm-2009-03337-3-5,na
subcutaneous; intravenous,28.07.2022,2022,authorised,TGA,approved,26.09.2023,2023,diseases of the digestive system,<ulcerative colitis>,auspar-omvoh-240502.pdf,biologics,omvoh,"treatment of moderately to severely active ulcerative colitis in adult patients who have had an inadequate response with, lost response to, or were intolerant to conventional therapy or a biologic treatment, or have medical contraindications to such therapies.",no,"treatment of moderately to severely active ulcerative colitis in patients who have had an inadequate response with, lost response to, or were intolerant to conventional therapy or a biologic treatment or a janus kinase (jak) inhibitor, or have medical contraindications to such therapies.",<ulcerative colitis>,eli lilly australia pty ltd,eli lilly,"391347, 391348 and 391349",mirikizumab,no,no,concentrate; solution,pm-2022-02424-1-1,na
topical,18.08.2022,2022,authorised,TGA,approved,19.09.2023,2023,diseases of the skin; neoplasms,<actinic keratosis>,auspar-onakta-240830.pdf,small molecule,onakta,"topical field treatment of non-hyperkeratotic, non-hypertrophic actinic keratosis of the face or scalp in adults.",no,topical field treatment of actinic keratosis of the face or scalp in adults.,<actinic keratosis>,seqirus pty ltd,seqirus,391198,tirbanibulin,no,no,ointment,pm-2022-02492-1-1,na
intravenous,29.01.2020,2020,authorised (under additional monitoring),TGA,approved,24.02.2021,2021,diseases of the nervous system; congenital malformations and chromosomal abnormalities,<spinal muscular atrophy>,auspar-onasemnogene-abeparvovec-210406.pdf,cell and gene therapy,zolgensma,treatment of paediatric patients less than 9 months of age with symptomatic or pre-symptomatic spinal muscular atrophy with bi-allelic mutations in the smn1 gene and 1 to 3 copies of the smn2 gene,no,treatment of paediatric patients less than 2 years of age with spinal muscular atrophy with bi-allelic mutations in the smn1 gene,<spinal muscular atrophy>,novartis pharmaceuticals australia pty ltd,novartis,"327905, 327906, 327907",onasemnogene abeparvovec,no,yes,injection,pm-2019-05979-1-3,na
intravenous,30.11.2021,2021,authorised,TGA,approved,09.01.2024,2024,neoplasms; diseases of the respiratory system; diseases of the genitourinary system,"<colorectal neoplasms>; <breast neoplasms>; <lung neoplasms, non-small cell>; <carcinoma, renal cell>; <glioma>; <ovarian neoplasms>; <fallopian tube neoplasms>; <peritoneal neoplasms>; <cervical neoplasms>",auspar-onbevzi-240415.pdf,biologics,onbevzi,"metastatic colorectal cancer; metastatic breast cancer; non-small cell lung cancer; advanced and/or metastatic renal cell cancer; grade iv glioma; epithelial ovarian, fallopian tube, or primary peritoneal cancer; cervical cancer",no,"metastatic colorectal cancer; metastatic breast cancer; non-small cell lung cancer; advanced and/or metastatic renal cell cancer; grade iv glioma; epithelial ovarian, fallopian tube, or primary peritoneal cancer; cervical cancer","<colorectal neoplasms>; <breast neoplasms>; <carcinoma, non-small-cell lung>; <renal cell carcinoma>; <glioma>; <ovarian neoplasms>; <fallopian tube neoplasms>; <primary peritoneal carcinoma>; <uterine cervical neoplasms>",samsung bioepis au pty ltd,samsung,"431837, 431838",bevacizumab,no,no,solution,pm-2021-04826-1-4,na
inhalation,,,authorised,TGA,approved,02.07.2010,2010,diseases of the respiratory system,"<pulmonary disease, chronic obstructive>",auspar-onbrez.pdf,small molecule,onbrez breezhaler/arbeela breezhaler,"long-term, once-daily, maintenance bronchodilator treatment of airflow limitation in patients with chronic obstructive pulmonary disease (copd)",no,"long-term, once-daily, maintenance bronchodilator treatment of airflow limitation in patients with chronic obstructive pulmonary disease (copd)","<pulmonary disease, chronic obstructive>",novartis pharmaceuticals australia pty ltd,novartis,"160172, 160176, 160177 & 160178",indacaterol,no,no,powder; capsule,pm-2009-00350-3-5,na
oral,,,authorised,TGA,approved,07.03.2011,2011,"endocrine, nutritional, and metabolic diseases",<type 2 diabetes mellitus>,auspar-onglyza.pdf,small molecule,onglyza,"add-on combination - onglyza is indicated in patients with type 2 diabetes mellitus, to improve glycaemic control, in combination with metformin, a sulfonylurea, or a thiazolidinedione, as an adjunct to diet and exercise, when the single agent alone does not provide adequate glycaemic control.",no,"onglyza is indicated in patients with type 2 diabetes mellitus, to improve glycaemic control, as an adjunct to diet and exercise.",<type 2 diabetes mellitus>,bristol-myers squibb australia pty ltd,bristol-myers squibb,157907,saxagliptin,no,no,tablet,,na
intravenous,31.01.2022,2022,authorised (under additional monitoring),TGA,approved,18.11.2022,2022,diseases of the nervous system; diseases of the circulatory system,<transthyretin amyloidosis>,auspar-onpattro-230824.pdf,small molecule,onpattro,treatment of hereditary transthyretin-mediated amyloidosis (hattr amyloidosis) in adult patients with stage 1 or stage 2 polyneuropathy,no,treatment of hereditary transthyretin-mediated amyloidosis (hattr amyloidosis) in adult patients with stage 1 or stage 2 polyneuropathy,<transthyretin amyloidosis>,alnylam australia pty ltd,alnylam,380813,patisiran,no,yes,concentrate,pm-2021-05675-1-1,na
intravenous,02.08.2021,2021,authorised,TGA,approved,14.07.2022,2022,neoplasms; diseases of the genitourinary system,<urothelial carcinoma>,auspar-opdivo-230606.pdf,biologics,opdivo,"opdivo, as monotherapy, is indicated for the adjuvant treatment of patients with muscle invasive urothelial carcinoma (miuc) who are at high risk of recurrence after undergoing radical resection of miuc.",yes,"opdivo, as monotherapy, is indicated for the adjuvant treatment of patients with muscle invasive urothelial carcinoma (miuc) who are at high risk of recurrence after undergoing radical resection of miuc.",<urothelial carcinoma>,bristol-myers squibb australia pty ltd,bristol-myers squibb,"231867, 231868, 318057",nivolumab,yes,no,concentrate,pm-2021-02518-1-4,
infusion,31.03.2022,2022,authorised,TGA,approved,17.02.2023,2023,neoplasms; diseases of the respiratory system,<lung neoplasms>,auspar-opdivo-240903.pdf,biologics,opdivo,neoadjuvant treatment of patients with resectable non-small cell lung cancer (nsclc),yes,neoadjuvant treatment of patients with resectable non-small cell lung cancer (nsclc),<non-small cell lung carcinoma>,bristol-myers squibb australia pty ltd,bristol-myers squibb,"231867, 231868, 318057",nivolumab,yes,no,concentrate,pm-2022-00374-1-4,
intravenous,30.09.2021,2021,authorised (under additional monitoring),TGA,approved,05.10.2022,2022,neoplasms; diseases of the skin,<melanoma>,auspar-opdualag-231222.pdf,biologics,opdualag,treatment of patients with unresectable or metastatic melanoma who are at least 12 years old.,no,treatment of adult and adolescent patients (12 years and older and weighing at least 40 kg) with unresectable or metastatic melanoma.,<melanoma>,bristol-myers squibb australia pty ltd,bristol-myers squibb,372783,nivolumab and relatlimab,yes,no,concentrate,pm-2021-03689-1-4,
oral,10.09.2019,2019,authorised (under additional monitoring),TGA,approved,19.09.2020,2020,diseases of the nervous system,<parkinson disease>,auspar-opicapone-210210.pdf,small molecule,ongentys,adjunctive therapy to preparations of levodopa/dopa decarboxylase inhibitors (ddci) in adult patients with parkinson’s disease and end-of-dose motor fluctuations who cannot be stabilised on those combinations,no,adjunctive therapy to preparations of levodopa/dopa decarboxylase inhibitors (ddci) in adult patients with parkinson’s disease and end-of-dose motor fluctuations who cannot be stabilised on those combinations,<parkinson disease>,maxx pharma pty ltd,maxx,321017,opicapone,no,no,capsule,pm-2019-03218-1-1,na
oral,05.10.2023,2023,authorised,TGA,approved,11.09.2024,2024,diseases of the circulatory system,<pulmonary hypertension>; <connective tissue diseases>; <heart diseases>,auspar-opsynvi-250623.pdf,small molecule,opsynvi,"maintenance treatment of pulmonary arterial hypertension (pah, who group 1) in adult patients of who functional class (fc) ii and iii whose pah is idiopathic, heritable or associated with connective tissue disease or congenital heart disease with repaired shunts.",no,"maintenance treatment of pulmonary arterial hypertension (pah, who group 1) in adult patients of who functional class (fc) ii, iii and iv who are on stable doses of macitentan 10 mg and tadalafil 40 mg (20 mg x 2) as separate tablet.",<pulmonary hypertension>,janssen-cilag pty ltd,janssen-cilag,420130,"macitentan, tadalafil",yes,no,tablet,pm-2023-03702-1-3,
oral,,,authorised,TGA,approved,19.04.2011,2011,diseases of the respiratory system; diseases of the eye and adnexa,<allergic rhinitis>,auspar-oralair.pdf,other,oralair tablet,"treatment of grass pollen allergic rhinitis with or without conjunctivitis in adults, adolescents and children (above the age of 5) with clinically relevant symptoms, confirmed by a positive cutaneous test and/or a positive titre of the specific ige to the grass pollen.",no,"treatment of grass pollen allergic rhinitis with or without conjunctivitis in adults, adolescents and children (above the age of 5) with clinically relevant symptoms, confirmed by a positive cutaneous test and/or a positive titre of the specific ige to the grass pollen.",<allergic rhinitis>,helex-a pty ltd,helex,"167565, 167566",allergen pollen extract of 5 grasses,yes,no,tablet,pm-2009-03500-3-2,
intravenous,,,authorised,TGA,approved,23.03.2011,2011,diseases of the musculoskeletal system and connective tissue,<rheumatoid arthritis>; <juvenile idiopathic arthritis>,auspar-orencia-1.pdf,biologics,orencia,"treatment of moderate to severe active rheumatoid arthritis in adult patients with insufficient response or intolerance to other dmards; treatment of severe, active and progressive rheumatoid arthritis in adults not previously treated with methotrexate; reducing signs and symptoms in paediatric patients with polyarticular juvenile idiopathic arthritis.",yes,"treatment of severe, active and progressive rheumatoid arthritis in adults not previously treated with methotrexate.",<rheumatoid arthritis>,bristol-myers squibb australia pty ltd,bristol-myers squibb,130100,abatacept,yes,no,powder,pm-2010-00413-3-3,
intravenous,,,authorised,TGA,approved,04.03.2010,2010,diseases of the musculoskeletal system and connective tissue,<rheumatoid arthritis>; <juvenile idiopathic arthritis>,auspar-orencia.pdf,biologics,orencia,treatment of moderate to severe active rheumatoid arthritis in adult patients and reducing signs and symptoms in paediatric patients 6 years of age and older with moderately to severely active polyarticular juvenile idiopathic arthritis.,yes,reducing signs and symptoms in paediatric patients 6 years of age and older with moderately to severely active polyarticular juvenile idiopathic arthritis.,"<arthritis, juvenile>",bristol-myers squibb australia pty ltd,bristol-myers squibb,,abatacept,no,no,powder,pm-2008-03683-3-3,na
oral,,,authorised,TGA,approved,15.10.2010,2010,"endocrine, nutritional, and metabolic diseases",<hereditary tyrosinemia type 1>,auspar-orfadin.pdf,small molecule,orfadin,for the treatment of patients with hereditary tyrosinaemia type 1 in combination with dietary restriction of tyrosine and phenylalanine.,no,for the treatment of patients with hereditary tyrosinaemia type 1 in combination with dietary restriction of tyrosine and phenylalanine.,<hereditary tyrosinemia type 1>,orphan australia pty ltd,orphan,"164163, 164173, 164174",nitisinone,yes,yes,capsule,pm-2009-02266-3-3,
oral,10.01.2018,2018,authorised,TGA,approved,03.07.2018,2018,neoplasms; diseases of the respiratory system,<lung neoplasms>,auspar-osimertinib-mesilate-190822.pdf,small molecule,tagrisso,first-line treatment of patients with locally advanced or metastatic non-small cell lung cancer (nsclc) whose tumours have activating epidermal growth factor receptor (egfr) mutations.,yes,first-line treatment of patients with locally advanced or metastatic non-small cell lung cancer (nsclc) whose tumours have activating epidermal growth factor receptor (egfr) mutations.,<lung neoplasms>,astrazeneca pty ltd,astrazeneca,255492 and 255493,osimertinib mesilate,yes,no,tablet,pm-2017-04579-1-4,
subcutaneous,03.10.2023,2023,authorised,TGA,approved,20.06.2024,2024,"endocrine, nutritional, and metabolic diseases",<primary hyperoxaluria type 1>,auspar-oxlumo-250611.pdf,small molecule,oxlumo,treatment of primary hyperoxaluria type 1 (ph1) in all age groups,no,treatment of primary hyperoxaluria type 1 (ph1) in all age groups,<primary hyperoxaluria>,medison pharma australia pty ltd,medison,421050,lumasiran,no,yes,solution,pm-2023-03742-1-3,na
oral,,,authorised,TGA,approved,14.07.2016,2016,diseases of the nervous system,<restless legs syndrome>,auspar-oxycodone-170607.pdf,small molecule,targin,second line symptomatic treatment of patients with severe to very severe idiopathic restless legs syndrome after failure of dopaminergic therapy.,yes,symptomatic treatment of patients with moderate to severe idiopathic restless legs syndrome (rls) insufficiently treated with dopaminergic therapy.,<restless legs syndrome>,mundipharma pty ltd,mundipharma,243252 and 243272,oxycodone/naloxone,no,no,tablet,pm-2015-1090-1-1,na
oral,31.07.2019,2019,authorised (under additional monitoring),TGA,approved,16.07.2020,2020,diseases of the nervous system,"<multiple sclerosis, relapsing-remitting>",auspar-ozanimod-hydrochloride-201125.pdf,small molecule,zeposia,treatment of adult patients with relapsing forms of multiple sclerosis,no,treatment of adult patients with relapsing forms of multiple sclerosis,"<multiple sclerosis, relapsing-remitting>",celgene pty ltd,celgene,318800 ; 318801,ozanimod hydrochloride,no,no,capsule,pm-2019-02397-1-1,na
ocular,,,withdrawn,TGA,withdrawn,12.07.2011,2011,diseases of the eye and adnexa,not reported,auspar-ozurdex.pdf,biologics,ozurdex,na,yes,treatment of adult patients with macular oedema due to either central retinal vein occlusion (crvo) or branch retinal vein occlusion (brvo).,<macular edema>; <retinal vein occlusion>,allergan australia pty ltd,allergan,,dexamethasone,yes,no,implant,pm-2009-00795-3-5,
oral,25.04.2016,2016,authorised,TGA,approved,28.04.2017,2017,neoplasms,<breast neoplasms>,auspar-palbociclib-180430.pdf,small molecule,ibrance,"treatment of hormone receptor (hr)-positive, human epidermal growth factor receptor 2 (her2)-negative advanced or metastatic breast cancer in combination with an aromatase inhibitor or fulvestrant",no,"treatment of hormone receptor (hr)-positive, human epidermal growth factor receptor 2 (her2)-negative advanced or metastatic breast cancer",<breast neoplasms>,pfizer australia pty ltd,pfizer,"274624, 274623, 274622, 274621, 274620 and 274619",palbociclib,no,no,capsule,pm-2016-01317-1-4,na
oral,,,authorised,TGA,approved,24.12.2010,2010,diseases of the musculoskeletal system and connective tissue,<chronic pain>,auspar-palexia-sr.pdf,small molecule,palexia sr,for the management of moderate to severe chronic pain unresponsive to non-narcotic analgesia.,no,for the management of moderate to severe chronic pain unresponsive to non-narcotic analgesia.,not reported,csl ltd,csl,"165332, 165346, 165347, 165356, 165357",tapentadol,no,no,tablet,pm-2009-02489-3-1,na
oral,,,authorised,TGA,approved,17.11.2010,2010,other,not reported,auspar-palexia.pdf,small molecule,palexia ir,relief of moderate to severe pain,no,relief of moderate to severe pain,not reported,csl pty ltd,csl,"165310, 165317, 165318",tapentadol,no,no,tablet,pm-2009-02488-3-1,na
oral,,,withdrawn,TGA,withdrawn,22.10.2012,2012,mental and behavioural disorders,not reported,auspar-paliperidone-130520.pdf,small molecule,invega,na,yes,treatment of schizophrenia in adolescents aged from 12 to 17 years,<schizophrenia>,janssen-cilag pty ltd,janssen-cilag,"130502, 130714, 130717, 130732",paliperidone,no,no,tablet,pm-2011-02378-3-1,na
intramuscular,,,authorised,TGA,approved,20.09.2017,2017,mental and behavioural disorders,<schizophrenia>,auspar-paliperidone-palmitate-171013.pdf,small molecule,invega trinza and trevicta,indicated for the maintenance treatment of schizophrenia in adult patients who have been adequately treated with the 1 month paliperidone palmitate injectable product for at least four months.,yes,for the treatment of schizophrenia in adult patients who have been adequately treated with the 1 month paliperidone palmitate injectable product for at least four months.,<schizophrenia>,janssen-cilag pty ltd,janssen-cilag,"261332, 261406, 261407, 261408, 261409, 261410, 261411, 261412",paliperidone palmitate,no,no,suspension,pm-2015-02788-1-1,na
intravenous,,,authorised,TGA,approved,20.08.2013,2013,neoplasms,<neoplasms>,auspar-palonosetron-hydrochloride-140107.pdf,small molecule,aloxi,prevention of nausea and vomiting induced by cytotoxic chemotherapy,no,prevention of nausea and vomiting induced by cytotoxic chemotherapy,not reported,specialised therapeutics australia pty ltd,specialised therapeutics,114185,palonosetron hydrochloride,yes,no,solution,pm-2012-02735-3-4,
intramuscular,,,authorised,TGA,approved,23.08.2010,2010,infectious and parasitic diseases,<influenza>,auspar-pandemic-influenza.pdf,vaccine,pandemic influenza vaccine h5n1 baxter,prophylaxis of influenza in an officially declared pandemic situation.,no,prophylaxis of influenza in an officially declared pandemic situation.,<influenza>,baxter healthcare pty ltd,baxter,153381,pandemic influenza vaccine,no,no,suspension,pm-2009-1961-2,na
intramuscular,,,authorised,TGA,approved,09.08.2010,2010,infectious and parasitic diseases,<influenza>,auspar-pandemic.pdf,vaccine,pandemrix h1n1 pandemic influenza vaccine,prophylaxis of influenza in an officially declared pandemic situation,no,prophylaxis of influenza in an officially declared pandemic situation,<influenza>,glaxosmithkline australia pty ltd,glaxosmithkline,174554,influenza virus haemagglutinin [h1n1],yes,no,solution,pm-2009-03526-3-2,
intravenous,,,authorised,TGA,approved,21.12.2011,2011,neoplasms; diseases of the digestive system,<colorectal neoplasms>,auspar-panitumumab-120507-01.pdf,biologics,vectibix,treatment of patients with wild-type kras metastatic colorectal cancer (mcrc) in combination with chemotherapy,yes,treatment of patients with wild-type kras metastatic colorectal cancer (mcrc) in combination with chemotherapy,<colorectal neoplasms>,amgen australia pty ltd,amgen,"128331, 128332 and 128270",panitumumab,yes,no,solution,pm-2010-01972-3-4,
oral,01.12.2014,2014,authorised,TGA,approved,23.03.2016,2016,neoplasms; diseases of the blood and blood-forming organs,<multiple myeloma>,auspar-panobinostat-lactate-181022.pdf,small molecule,farydak,treatment of adult patients with relapsed and/or refractory multiple myeloma who have received at least two prior regimens including bortezomib and an immunomodulatory agent,no,"treatment of patients with multiple myeloma, who have received at least 1 prior therapy",<multiple myeloma>,novartis pharmaceuticals australia pty ltd,novartis,"229941, 230845, 230844",panobinostat,no,yes,capsule,pm-2014-03146-1-4,na
oral,,,authorised,TGA,approved,17.11.2016,2016,infectious and parasitic diseases,<hepatitis c>,auspar-paritaprevir-ritonavir-ombitasvir-171005.pdf,small molecule,technivie,treatment of adult patients with genotype 4 chronic hepatitis c virus (hcv) infection,yes,treatment of genotype 4 chronic hepatitis c virus (hcv) infection without cirrhosis,<chronic hepatitis c>,abbvie pty ltd,abbvie,263912,paritaprevir / ritonavir / ombitasvir,no,no,tablet,pm-2015-03141-1-2,na
oral,,,authorised,TGA,approved,01.07.2015,2015,infectious and parasitic diseases,<chronic hepatitis c>,auspar-paritaprevir-ritonavir-ombitasvir-dasabuvir-as-sodium-salt-and-ribavirin-170324.pdf,small molecule,viekira pak -rbv,"treatment of genotype 1 chronic hepatitis c infection, including patients with compensated cirrhosis",no,"treatment of genotype 1 chronic hepatitis c infection, including patients with cirrhosis",<chronic hepatitis c>; <liver cirrhosis>,abbvie pty ltd,abbvie,"224636, 224637, 224638, 234434, 234442",paritaprevir / ritonavir / ombitasvir and dasabuvir (as sodium salt) / ribavirin,no,no,tablet,pm-2014-01438-1-2,na
oral,,,authorised,TGA,approved,01.07.2015,2015,infectious and parasitic diseases,<chronic hepatitis c>,auspar-paritaprevir-ritonavir-ombitasvir-dasabuvir-sodium-salt-170324.pdf,small molecule,viekira pak,"treatment of genotype 1 chronic hepatitis c infection, including patients with compensated cirrhosis",no,"treatment of genotype 1 chronic hepatitis c infection, including patients with cirrhosis",<hepatitis c>,abbvie pty ltd,abbvie,224612,paritaprevir / ritonavir / ombitasvir / dasabuvir,no,no,tablet,pm-2014-01436-1-2,na
subcutaneous,,,authorised,TGA,approved,28.10.2013,2013,"endocrine, nutritional, and metabolic diseases",<cushing syndrome>,auspar-pasireotide-diaspartate-140327.pdf,peptides and proteins,signifor,the treatment of patients with cushing’s disease for whom medical therapy is appropriate,no,the treatment of patients with cushing’s disease for whom medical therapy is appropriate,<cushing syndrome>,novartis pharmaceuticals australia pty ltd,novartis,"201484, 201485, 201486",pasireotide,no,yes,solution,pm-2012-02743 -3-5,na
oral,31.10.2016,2016,authorised,TGA,approved,05.12.2017,2017,"endocrine, nutritional, and metabolic diseases",<hyperkalemia>,auspar-patiromer-sorbitex-calcium-190911.pdf,other,veltassa,the treatment of hyperkalaemia in adults,no,the treatment of hyperkalaemia in adults,<hyperkalemia>,vifor pharma pty ltd,vifor,"281012, 281013 and 281014",patiromer sorbitex calcium,no,no,powder,pm-2016-02731-1-5,na
oral,09.11.2023,2023,authorised,TGA,approved,26.08.2024,2024,infectious and parasitic diseases; diseases of the respiratory system,<coronavirus infections>,auspar-paxlovid-241105.pdf,peptides and proteins,paxlovid,"treatment of coronavirus disease 2019 (covid-19) in adults 18 years of age and older, who do not require initiation of supplemental oxygen due to covid-19 and are at increased risk of progression to hospitalisation or death",no,"treatment of coronavirus disease 2019 (covid-19) in adults 18 years of age and older, who do not require initiation of supplemental oxygen due to covid-19 and are at increased risk of progression to hospitalisation or death",<covid-19>,pfizer australia pty ltd,pfizer,"377572, 389801",nirmatrelvir and ritonavir,no,no,tablet,pm-2023-03740-1-2,na
oral,,,authorised,TGA,approved,30.08.2012,2012,neoplasms,<soft tissue neoplasms>,auspar-pazopanib-hydrochloride-130225.pdf,small molecule,votrient,"for the treatment of advanced (unresectable and/or metastatic) soft tissue sarcoma (sts) in patients who, unless otherwise contraindicated, have received prior chemotherapy including an anthracycline treatment.",yes,treatment of patients with advanced (unresectable and/or metastatic) soft tissue sarcoma (sts) who have received prior anthracycline treatment or for patients who are unsuited for such therapy.,<soft tissue sarcomas>,glaxosmithkline australia pty ltd,glaxosmithkline,"161282, 161281",pazopanib hydrochloride,yes,yes,tablet,pm-2011-01972-3-4,
intravenous; intramuscular,30.09.2016,2016,authorised,TGA,approved,19.10.2017,2017,neoplasms; diseases of the blood and blood-forming organs,<precursor cell lymphoblastic leukemia-lymphoma>,auspar-pegaspargase-180918.pdf,biologics,oncaspar,oncaspar is indicated as a component of antineoplastic combination therapy in patients with acute lymphoblastic leukaemia (all).,no,oncaspar is indicated as a component of antineoplastic combination therapy in patients with acute lymphoblastic leukaemia (all).,<precursor cell lymphoblastic leukemia-lymphoma>,shire australia pty ltd,shire,279831,pegaspargase,yes,yes,solution,pm-2016-02333-1-4,
subcutaneous; oral,,,authorised,TGA,approved,13.05.2011,2011,infectious and parasitic diseases,<chronic hepatitis c>; <hiv infections>,auspar-pegasys.pdf,biologics,pegasys rbv/pegasys/copegus,treatment of chronic hepatitis c in patients with clinically stable human immunodeficiency virus (hiv) who have previously not received interferon therapy.,yes,treatment of chronic hepatitis c in patients with clinically stable human immunodeficiency virus (hiv) who have previously not received interferon therapy.,<chronic hepatitis c>; <hiv infections>,roche australia pty ltd,roche,"91842, 91843/ 91836 and 91837/ 91841",peginterferon alfa-2a/ ribavirin,yes,no,solution; tablet,pm-2010-00382/00415/00416-3-2,
subcutaneous,30.11.2020,2020,authorised (under additional monitoring),TGA,approved,28.01.2022,2022,diseases of the blood and blood-forming organs,<paroxysmal nocturnal hemoglobinuria>,auspar-pegcetacoplan-220902.pdf,peptides and proteins,empaveli,"treatment of adult patients with paroxysmal nocturnal haemoglobinuria (pnh) who have an inadequate response to, or are intolerant of, a c5 inhibitor",no,treatment of patients with paroxysmal nocturnal haemoglobinuria (pnh),<paroxysmal nocturnal hemoglobinuria>,apellis australia pty ltd,apellis,346216,pegcetacoplan,yes,yes,solution,pm-2020-05447-1-6,
subcutaneous,03.01.2017,2017,authorised,TGA,approved,06.08.2018,2018,neoplasms; diseases of the blood and blood-forming organs,<neutropenia>,auspar-pegfilgrastim-190328.pdf,biologics,fulphila,"treatment of cancer patients following chemotherapy to decrease the duration of severe neutropenia and reduce the incidence of infections, as manifested by febrile neutropenia.",no,"treatment of cancer patients following chemotherapy to decrease the duration of severe neutropenia and reduce the incidence of infections, as manifested by febrile neutropenia.",<neutropenia>,alphapharm pty ltd,alphapharm,282830,pegfilgrastim,no,no,solution,pm-2016-03834-1-4,na
subcutaneous,28.09.2018,2018,authorised,TGA,approved,09.07.2019,2019,neoplasms,<neutropenia>,auspar-pegfilgrastim-191104.pdf,biologics,ziextenzo,"treatment of cancer patients following chemotherapy to decrease the duration of severe neutropenia and reduce the incidence of infection, as manifested by febrile neutropenia.",no,"treatment of cancer patients following chemotherapy to decrease the duration of severe neutropenia and reduce the incidence of infection, as manifested by febrile neutropenia.",<neoplasms>,sandoz pty ltd,sandoz,308367,pegfilgrastim,no,no,solution,pm-2018-03328-1-6,na
subcutaneous,,,authorised,TGA,approved,29.10.2014,2014,diseases of the nervous system,<multiple sclerosis>,auspar-peginterferon-beta-1a-rch-150205.pdf,biologics,plegridy,treatment of relapsing forms of multiple sclerosis,no,treatment of relapsing forms of multiple sclerosis,<multiple sclerosis>,biogen idec australia pty ltd,biogen,"214197, 214198, 214199, 214200",peginterferon beta 1a,no,no,solution,pm-2013-02425-1-1,na
subcutaneous,30.09.2020,2020,authorised (under additional monitoring),TGA,approved,06.07.2021,2021,"endocrine, nutritional, and metabolic diseases",<phenylketonurias>,auspar-pegvaliase-211126.pdf,biologics,palynziq,treatment of patients with phenylketonuria (pku) aged 16 years and older who have inadequate blood phenylalanine control despite prior management with available treatment options,no,treatment of patients with phenylketonuria (pku) aged 16 years and older who have inadequate blood phenylalanine control despite prior management with available treatment options,<phenylketonurias>,biomarin pharmaceutical australia pty ltd,biomarin,"341752, 341753 and 341754",pegvaliase,no,yes,solution,pm-2020-04119-1-3,na
oral,30.09.2021,2021,authorised (under additional monitoring),TGA,approved,12.09.2022,2022,neoplasms; diseases of the digestive system,<cholangiocarcinoma>,auspar-pemazyre-230703.pdf,small molecule,pemazyre,treatment of adult patients with locally advanced or metastatic cholangiocarcinoma with a fibroblast growth factor receptor 2 (fgfr2) fusion or rearrangement that has progressed after at least one prior line of systemic therapy,no,treatment of adults with locally advanced or metastatic cholangiocarcinoma with a fibroblast growth factor receptor 2 (fgfr2) fusion or rearrangement that is relapsed or refractory after at least one line of systemic therapy,<cholangiocarcinoma>,specialised therapeutics alim pty ltd,specialised therapeutics,"373031, 375309 and 375314",pemigatinib,no,yes,tablet,pm-2021-03777-1-4,na
intravenous,28.02.2017,2017,authorised,TGA,approved,09.01.2018,2018,neoplasms; diseases of the genitourinary system,<urothelial carcinoma>,auspar-pembrolizumab-181105.pdf,biologics,keytruda,treatment of patients with locally advanced or metastatic urothelial carcinoma who are not eligible for cisplatin-containing therapy and who have received platinum containing chemotherapy.,yes,treatment of patients with locally advanced or metastatic urothelial carcinoma who are not eligible for cisplatin-containing therapy and who have received platinum containing chemotherapy.,<urothelial carcinoma>,merck sharp & dohme (australia) pty limited,merck sharp & dohme,226597 and 263932,pembrolizumab,yes,no,powder; solution,pm-2016-04328-1-4,
intravenous,,,authorised,TGA,approved,15.04.2015,2015,neoplasms,<melanoma>,auspar-pembrolizumab-rch-161014.pdf,biologics,keytruda,treatment of unresectable or metastatic melanoma in adults,no,treatment of unresectable or metastatic melanoma in adults,<melanoma>,merck sharp & dohme (australia) pty ltd,merck sharp & dohme,226597,pembrolizumab,no,yes,powder,pm-2014-01928-1-4,na
intravenous,01.04.2016,2016,authorised,TGA,approved,03.03.2017,2017,neoplasms; diseases of the respiratory system,<non-small cell lung carcinoma>,auspar-pembrolizumab-rch-180507.pdf,biologics,keytruda,"first-line treatment of patients with metastatic non-small cell lung carcinoma (nsclc) whose tumours express pd-l1 with a ≥ 50% tumour proportion score (tps) as determined by a validated test, with no egfr or alk genomic tumour aberrations.",yes,treatment of patients with advanced non-small cell lung carcinoma (nsclc) whose tumours express pd-l1 and who have received platinum containing chemotherapy.,<non-small cell lung carcinoma>,merck sharp & dohme australia pty ltd,merck sharp & dohme,"226597, 263932",pembrolizumab,yes,no,powder; concentrate,pm-2015-04712-1-4 and pm-2016-02325-1-4,
intravenous,04.07.2019,2019,authorised (under additional monitoring),TGA,approved,17.09.2019,2019,neoplasms; diseases of the genitourinary system,<endometrial neoplasms>,auspar-pembrolizumab-rch-200505.pdf,biologics,keytruda,"treatment of patients with advanced endometrial carcinoma that is not msi-h or dmmr, who have disease progression following prior systemic therapy and are not candidates for curative surgery or radiation.",yes,"treatment of patients with advanced endometrial carcinoma that is not msi-h or dmmr, who have disease progression following prior systemic therapy and are not candidates for curative surgery or radiation.",<endometrial neoplasms>,merck sharp & dohme (australia) pty limited,merck sharp & dohme,"226597, 263932",pembrolizumab,yes,no,powder; concentrate,pm-2019-02526-1-4,
intravenous,28.02.2017,2017,authorised (under additional monitoring),TGA,approved,16.03.2018,2018,infectious and parasitic diseases,<influenza>,auspar-peramivir-181105.pdf,small molecule,rapivab,treatment of acute influenza infection in adults and children 2 years and older who have been symptomatic for no more than two days,no,treatment of infections due to influenza a and b viruses in adults and children 2 years and older,<influenza>,seqirus pty ltd,seqirus,285559,peramivir,no,no,concentrate,pm-2016-04333-1-2,na
oral,,,authorised,TGA,approved,16.05.2014,2014,diseases of the nervous system,<seizures>,auspar-perampanel-141014.pdf,small molecule,fycompa,adjunctive treatment of partial-onset seizures with or without secondarily generalised seizures in epileptic patients aged ≥ 12 years,no,adjunctive treatment of partial-onset seizures with or without secondarily generalised seizures in epileptic patients aged ≥ 12 years,<epilepsy>,eisai australia pty ltd,eisai,207691,perampanel,no,no,tablet,pm-2013-00324-1-1,na
oral,02.01.2020,2020,authorised (under additional monitoring),TGA,approved,11.02.2021,2021,diseases of the nervous system,<epilepsy>; <partial seizures>; <generalized tonic-clonic seizures>; <idiopathic generalized epilepsy>,auspar-perampanel-hemisesquihydrate-210426.pdf,small molecule,fycompa,adjunctive treatment of partial-onset seizures with or without secondarily generalised seizures in patients from 4 years of age with epilepsy; primary generalised tonic-clonic seizures in patients from 7 years of age with idiopathic generalised epilepsy,yes,adjunctive treatment of partial-onset seizures with or without secondary generalised seizures in paediatric patients from 2 to 11 years of age with epilepsy; adjunctive treatment of primary generalised tonic-clonic seizures in paediatric patients from 2 to 11 years of age with idiopathic generalised epilepsy,<epilepsy>; <idiopathic generalized epilepsy>,eisai australia pty ltd,eisai,"207690, 207689, 207688, 207687, 207692, 207691, 332505",perampanel hemisesquihydrate,yes,no,tablet; suspension,pm-2019-05359-1-1,
subcutaneous,,,authorised,TGA,approved,10.11.2009,2009,"endocrine, nutritional, and metabolic diseases",<infertility>,auspar-pergoveris.pdf,biologics,pergoveris,stimulation of follicular development in women with severe lh and fsh deficiency.,no,stimulation of follicular development in women with severe lh and fsh deficiency.,<infertility>,merck serono australia pty ltd,merck,,follitropin alfa; lutropin alfa,yes,no,powder,pm-2008-1439-5,
intramuscular,02.07.2018,2018,authorised,TGA,approved,14.05.2019,2019,infectious and parasitic diseases,<pertussis>,auspar-pertussis-vaccine-acellular-combined-with-diphtheria-tetanus-adsorbed-200323.pdf,vaccine,adacel,adacel may be administered during pregnancy for prevention of pertussis in young infants via transplacental antibody transfer from the pregnant woman to the fetus.,yes,adacel may be administered during pregnancy for prevention of pertussis in young infants.,<pertussis>,sanofi-aventis australia pty ltd,sanofi-aventis,106554; 297685,pertussis vaccine - acellular combined with diphtheria and tetanus toxoids (adsorbed),yes,no,suspension,pm-2018-01989-1-2,
intravenous,,,authorised,TGA,approved,02.05.2013,2013,neoplasms,<breast neoplasms>,auspar-pertuzumab-131001.pdf,biologics,perjeta,her2-positive metastatic breast cancer,no,her2-positive metastatic (stage iv) or unresectable locally recurrent breast cancer,<breast neoplasms>,roche products pty ltd,roche,196218,pertuzumab,yes,yes,solution,pm-2012-00311-3-4,
intravenous,,,authorised,TGA,approved,13.05.2016,2016,neoplasms,<breast neoplasms>,auspar-pertuzumab-160616.pdf,biologics,perjeta,perjeta is indicated in combination with trastuzumab and chemotherapy for the neoadjuvant treatment of patients with inflammatory or locally advanced her2 positive breast cancer as part of a complete treatment regimen.,yes,"perjeta is indicated in combination with trastuzumab and docetaxel for the neoadjuvant treatment of patients with her2 positive, locally advanced, inflammatory, or early stage breast cancer (>2 cm in diameter) as part of a fluorouracil, epirubicin and cyclophosphamide (fec) or carboplatin containing treatment regimen.",<breast neoplasms>,roche products pty limited,roche,196218,pertuzumab,yes,no,concentrate,pm-2014-04259-1-4,
subcutaneous,30.04.2020,2020,authorised,TGA,approved,05.05.2021,2021,neoplasms,<breast neoplasms>,auspar-pertuzumab-trastuzumab-210920.pdf,biologics,phesgo sc,early breast cancer; metastatic breast cancer,no,early breast cancer; metastatic breast cancer,<breast neoplasms>,roche products pty ltd,roche,332180 and 332181,pertuzumab/trastuzumab,yes,no,solution,pm-2020-01326-1-4,
oral,,,authorised,TGA,approved,05.02.2016,2016,diseases of the respiratory system,<idiopathic pulmonary fibrosis>,auspar-pirfenidone-160809.pdf,small molecule,esbriet,treatment of idiopathic pulmonary fibrosis (ipf),no,treatment of idiopathic pulmonary fibrosis (ipf),<idiopathic pulmonary fibrosis>,roche products pty ltd,roche,235577,pirfenidone,no,no,capsule,pm-2015-00413-1-5,na
oral,,,authorised,TGA,approved,25.11.2011,2011,"endocrine, nutritional, and metabolic diseases",<hypercholesterolemia>,auspar-pitavastatin-130902.pdf,small molecule,livalo,"treatment of adult patients with primary hypercholesterolaemia, including heterozygous familial hypercholesterolaemia",no,"treatment of adult patients with primary hypercholesterolaemia, including heterozygous familial hypercholesterolaemia",<hypercholesterolemia>,abbott australasia pty ltd,abbott,"176640, 176658 and 176659",pitavastatin,no,no,tablet,pm-2010-02898-3-3,na
subcutaneous,,,authorised,TGA,approved,18.05.2010,2010,neoplasms; diseases of the blood and blood-forming organs,<lymphoma>; <multiple myeloma>,auspar-plerixafor.pdf,small molecule,mozobil,mobilise haematopoietic stem cells to the peripheral blood for collection and subsequent autologous transplantation in patients with lymphoma and multiple myeloma,no,mobilise haematopoietic stem cells to the peripheral blood for collection and subsequent autologous transplantation in patients with non-hodgkin’s lymphoma and multiple myeloma,<non-hodgkin lymphoma>; <multiple myeloma>,genzyme australasia pty ltd,genzyme,158423,plerixafor,no,yes,solution,sm-2008-03602-4,na
intravenous,31.08.2017,2017,authorised (under additional monitoring),TGA,approved,10.12.2018,2018,neoplasms; diseases of the blood and blood-forming organs,<multiple myeloma>,auspar-plitidepsin-190513.pdf,peptides and proteins,aplidin,"treatment of patients with relapsed and refractory multiple myeloma who have received at least three prior treatment regimens, including both a proteasome inhibitor and an immunomodulator.",no,"treatment of patients with relapsed and refractory multiple myeloma who have received at least two prior treatment regimens, including both a proteasome inhibitor and an immunomodulator.",<multiple myeloma>,specialised therapeutics pharma pty ltd,specialised therapeutics,291661,plitidepsin,no,yes,powder; solvent,pm-2017-02669-1-4,na
intramuscular,,,authorised,TGA,approved,27.05.2014,2014,infectious and parasitic diseases,<pneumococcal infections>,auspar-pneumococcal-polysaccharide-conjugate-140917.pdf,vaccine,prevenar 13,"active immunisation for the prevention of pneumococcal disease caused by streptococcus pneumoniae serotypes 1, 3, 4, 5, 6a, 6b, 7f, 9v, 14, 18c, 19a, 19f, and 23f in adults and children aged more than 6 weeks of age.",yes,"active immunisation for the prevention of pneumococcal disease caused by streptococcus pneumoniae serotypes 1, 3, 4, 5, 6a, 6b, 7f, 9v, 14, 18c, 19a, 19f, and 23f in adults 18 to 49 years of age.",<pneumococcal infections>,pfizer australia pty ltd,pfizer,158450,pneumococcal polysaccharide conjugate vaccine,yes,no,suspension,pm-2013-01480-1-3,
intramuscular,,,authorised,TGA,approved,30.08.2013,2013,infectious and parasitic diseases; diseases of the respiratory system; diseases of the ear and mastoid process,<streptococcal infections>; <pneumonia>; <otitis media>,auspar-pneumococcal-polysaccharide-conjugate-vaccine-140207.pdf,vaccine,prevenar 13,"active immunisation for the prevention of disease caused by streptococcus pneumoniae serotypes 1, 3, 4, 5, 6a, 6b, 7f, 9v, 14, 18c, 19a, 19f and 23f (including invasive disease, pneumonia and acute otitis media) in infants and children from 6 weeks to 17 years of age.",yes,"active immunisation for the prevention of pneumococcal disease (including invasive disease, pneumonia and acute otitis media) caused by streptococcus pneumoniae serotypes 1, 3, 4, 5, 6a, 6b, 7f, 9v, 14, 18c, 19a, 19f, and 23f in children aged 6 to 17 years of age.",<pneumococcal infections>; <pneumonia>; <otitis media>,pfizer australia pty ltd,pfizer,158450,"pneumococcal polysaccharide conjugate vaccine, 13-valent adsorbed",yes,no,suspension,pm-2012-02211-3-2,
intramuscular,,,authorised,TGA,approved,13.03.2012,2012,infectious and parasitic diseases; diseases of the respiratory system,<streptococcal infections>; <pneumonia>; <otitis media>,auspar-pneumococcal-polysaccharide-vaccine-121022-1.pdf,vaccine,synflorix,"active immunisation of infants and children from the age of 6 weeks up to 5 years against disease caused by streptococcus pneumonia serotypes 1, 4, 5, 6b, 7f, 9v, 14, 18c, 19f and 23f (including invasive disease, pneumonia and acute otitis media).",yes,"active immunisation of infants and children from age of 6 weeks to 5 years against disease caused by streptococcus pneumonia serotypes 1, 4, 5, 6b, 7f, 9v, 14, 18c, 19f and 23f (including invasive disease, pneumonia and acute otitis media).",<streptococcal infections>; <pneumonia>; <otitis media>,glaxosmithkline pty ltd,glaxosmithkline,aust r 149004 and aust r 148981,pneumococcal polysaccharide conjugate vaccine,yes,no,solution,pm-2010-02793-3-2,
intravenous,15.04.2019,2019,authorised (under additional monitoring),TGA,approved,18.10.2019,2019,neoplasms; diseases of the blood and blood-forming organs,<diffuse large b-cell lymphoma>,auspar-polatuzumab-vedotin-191203.pdf,biologics,polivy,treatment of previously treated adult patients with diffuse large b-cell lymphoma who are not candidates for hematopoietic stem cell transplant,no,treatment of previously treated adult patients with diffuse large b-cell lymphoma who are not candidates for hematopoietic stem cell transplant,<diffuse large b-cell lymphoma>,roche products pty limited,roche,314866,polatuzumab vedotin,no,yes,powder,pm-2019-00471-1-6,na
intravenous,31.01.2022,2022,authorised,TGA,approved,14.02.2023,2023,neoplasms; diseases of the blood and blood-forming organs,<diffuse large b-cell lymphoma>,auspar-polivy-240830.pdf,biologics,polivy,"polivy in combination with rituximab, cyclophosphamide, doxorubicin, and prednisone (r-chp) is indicated for the treatment of adult patients with previously untreated diffuse large b-cell lymphoma (dlbcl).",yes,"polivy in combination with rituximab, cyclophosphamide, doxorubicin, and prednisone (r-chp) is indicated for the treatment of adult patients with previously untreated diffuse large b-cell lymphoma (dlbcl).",<diffuse large b-cell lymphoma>,roche products pty limited,roche,"314866, 374135",polatuzumab vedotin,no,no,powder,pm-2021-05903-1-6,na
oral,,,authorised,TGA,approved,27.06.2014,2014,neoplasms; diseases of the blood and blood-forming organs,<multiple myeloma>,auspar-pomalidomide-131014.pdf,small molecule,pomalyst,"pomalidomide, in combination with dexamethasone, is indicated for the treatment of patients with relapsed and refractory multiple myeloma who have received at least two prior treatment regimens, including both lenalidomide and bortezomib, and have demonstrated disease progression on the last therapy.",no,treatment of patients with multiple myeloma who have failed at least two prior therapies including lenalidomide and a proteasome inhibitor.,<multiple myeloma>,celgene australia pty ltd,celgene,"212657, 212654, 212656, 212655",pomalidomide,no,yes,capsule,pm-2013-02037-1-4,na
intravenous,31.01.2024,2024,authorised (under additional monitoring),TGA,approved,10.02.2025,2025,"endocrine, nutritional, and metabolic diseases",<pompe disease>,auspar-pombiliti-250602.pdf,biologics,pombiliti,long-term enzyme replacement therapy used in combination with the enzyme stabiliser miglustat for the treatment of adults with late onset pompe disease (acid α-glucosidase [gaa] deficiency).,no,long-term enzyme replacement therapy used in combination with the enzyme stabiliser miglustat for the treatment of adults with late onset pompe disease (acid α-glucosidase [gaa] deficiency).,<pompe disease>,amicus therapeutics pty ltd,amicus,430450,cipaglucosidase alfa,no,yes,powder,pm-2023-05418-1-3,na
oral,14.08.2013,2013,authorised,TGA,approved,19.11.2014,2014,neoplasms; diseases of the blood and blood-forming organs,"<leukemia, myelogenous, chronic, bcr-abl positive>; <precursor cell lymphoblastic leukemia-lymphoma>",auspar-ponatinib-150416.pdf,small molecule,iclusig,"iclusig is indicated for the treatment of adult patients with: 1. chronic phase, accelerated phase, or blast phase chronic myeloid ieukaemia whose disease is resistant to, or who are intolerant of at least two prior tyrosine kinase inhibitors; or where there is a t315 i mutation. 2. philadelphia chromosome-positive acute lymphoblastic ieukaemia (ph+ all) whose disease is resistant to, or who are intolerant of dasatinib and for whom subsequent treatment with imatinib is not clinically appropriate; or where there is a t315 i mutation.",no,"for the treatment of adult patients with chronic phase, accelerated phase, or blast phase chronic myeloid leukaemia (cml) that is resistant or intolerant to prior tyrosine kinase inhibitor (tki) therapy, or philadelphia chromosome positive acute lymphoblastic leukaemia (ph+ all) that is resistant or intolerant to prior tki therapy.","<leukemia, myelogenous, chronic, bcr-abl positive>; <precursor cell lymphoblastic leukemia-lymphoma>",ariad pharmaceuticals australia pty ltd,ariad,212583 and 212584,ponatinib,no,yes,tablet,pm-2013-02061-1-4,na
oral,26.07.2021,2021,authorised (under additional monitoring),TGA,approved,07.03.2022,2022,diseases of the nervous system,<multiple sclerosis>,auspar-ponvory-221031.pdf,small molecule,ponvory,treatment of adult patients with relapsing forms of multiple sclerosis (rms) with active disease defined by clinical or imaging features.,no,treatment of adult patients with relapsing forms of multiple sclerosis (rms) with active disease defined by clinical or imaging features.,"<multiple sclerosis, relapsing-remitting>",janssen-cilag pty ltd,janssen-cilag,370319 and 370320,ponesimod,no,no,tablet,pm-2021-02609-1-1,na
oral,,,authorised,TGA,approved,29.04.2011,2011,diseases of the circulatory system,<venous thromboembolism>; <stroke>; <atrial fibrillation>,auspar-pradaxa.pdf,small molecule,pradaxa,prevention of venous thromboembolic events in adult patients who have undergone major orthopaedic surgery of the lower limb; prevention of stroke and systemic embolism in patients with non-valvular atrial fibrillation and at least one additional risk factor for stroke,yes,"prevention of stroke, systemic embolism and reduction of vascular mortality in patients with atrial fibrillation",<stroke>,boehringer ingelheim pty ltd,boehringer ingelheim,"137832, 138402, 138415, 138421, 168211, 168215",dabigatran etexilate mesilate,no,no,capsule,pm-2010-00120-3-3,na
intravenous,,,authorised,TGA,approved,17.05.2013,2013,neoplasms; diseases of the blood and blood-forming organs,<peripheral t-cell lymphoma>,auspar-pralatrexate-130822.pdf,small molecule,folotyn,"treatment of adult patients with peripheral t-cell lymphoma (ptcl) (nodal, extranodal and leukaemic/disseminated) who have progressed after at least one prior therapy",no,"treatment of adult patients with peripheral t-cell lymphoma (nodal, extranodal, and leukaemic/disseminated) who have progressed after at least one prior therapy",<peripheral t-cell lymphoma>,mundipharma pty ltd,mundipharma,192493 and 192492,pralatrexate,yes,yes,solution,pm-2011-03153-3-4,
oral,,,authorised,TGA,approved,17.07.2012,2012,diseases of the musculoskeletal system and connective tissue,<rheumatoid arthritis>,auspar-prednisone-130613.pdf,small molecule,lodotra,"treatment of moderate to severe, active rheumatoid arthritis in adults, particularly when accompanied by morning stiffness",no,"treatment of moderate to severe, active rheumatoid arthritis in adults, particularly when accompanied by morning stiffness",<rheumatoid arthritis>,mundipharma pty limited,mundipharma,"183793, 183794, 183795",prednisone,yes,no,tablet,pm 2011-00520-3-3,
intramuscular,,,authorised,TGA,approved,28.10.2011,2011,infectious and parasitic diseases; diseases of the respiratory system,<pneumococcal infections>; <pneumonia>; <otitis media>,auspar-prevenar-13-111215.pdf,vaccine,prevenar 13,"active immunisation for the prevention of disease caused by streptococcus pneumoniae serotypes 1, 3, 4, 5, 6a, 6b, 7f, 9v, 14, 18c, 19a, 19f and 23f (including invasive disease, pneumonia and acute otitis media) in infants and children from 6 weeks up to 5 years of age. active immunisation for the prevention of pneumococcal disease caused by streptococcus pneumoniae serotypes 1, 3, 4, 5, 6a, 6b, 7f, 9v, 14, 18c, 19a, 19f and 23f in adults aged 50 years and older.",yes,"active immunisation for the prevention of pneumococcal disease (including pneumonia and invasive disease) caused by streptococcus pneumoniae serotypes 1, 3, 4, 5, 6a, 6b, 7f, 9v, 14, 18c, 19a, 19f, and 23f in adults aged 50 years and older.",<pneumococcal infections>; <pneumonia>,pfizer australia pty ltd,pfizer,158450,pneumococcal polysaccharide conjugate vaccine 13 valent,yes,no,suspension,pm-2010-03262-3-2,
intramuscular,30.11.2021,2021,authorised (under additional monitoring),TGA,approved,30.11.2022,2022,infectious and parasitic diseases; diseases of the respiratory system,<pneumococcal infections>,auspar-prevenar-20-230516.pdf,vaccine,prevenar 20,"active immunisation for the prevention of pneumococcal disease caused by streptococcus pneumoniae serotypes 1, 3, 4, 5, 6a, 6b, 7f, 8, 9v, 10a, 11a, 12f, 14, 15b, 18c, 19a, 19f, 22f, 23f, and 33f in adults 18 years of age and older.",no,"active immunisation for the prevention of pneumococcal disease caused by streptococcus pneumoniae serotypes 1, 3, 4, 5, 6a, 6b, 7f, 8, 9v, 10a, 11a, 12f, 14, 15b, 18c, 19a, 19f, 22f, 23f, and 33f in adults 18 years of age and older.",<pneumococcal infections>,pfizer australia pty ltd,pfizer,376353,pneumococcal polysaccharide conjugate vaccine,yes,no,suspension,pm-2021-04721-1-2,
intramuscular,,,authorised,TGA,approved,16.03.2010,2010,infectious and parasitic diseases,<streptococcal infections>; <pneumonia>; <otitis media>,auspar-prevenar13.pdf,vaccine,prevenar 13,"active immunisation for the prevention of disease caused by streptococcus pneumoniae serotypes 1, 3, 4, 5, 6a, 6b, 7f, 9v, 14, 18c, 19a, 19f, and 23f (including invasive disease, pneumonia and acute otitis media) in infants and children from 6 weeks up to 5 years of age.",no,"active immunisation for the prevention of disease caused by streptococcus pneumoniae serotypes 1, 3, 4, 5, 6a, 6b, 7f, 9v, 14, 18c, 19a, 19f, and 23f in infants and children from 6 weeks to 5 years of age.",<streptococcal infections>,wyeth australia pty ltd,wyeth,,pneumococcal polysaccharide conjugate vaccine,no,no,suspension,,na
oral,,,authorised,TGA,approved,27.08.2010,2010,diseases of the genitourinary system,<premature ejaculation>,auspar-priligy.pdf,small molecule,priligy,treatment of premature ejaculation in men 18 to 64 years of age,no,treatment of premature ejaculation in men 18 to 64 years of age,<premature ejaculation>,janssen-cilag pty ltd,janssen-cilag,147946,dapoxetine,no,no,tablet,pm-2007-3614-3,na
vaginal,,,authorised,TGA,approved,03.09.2012,2012,diseases of the genitourinary system,<infertility>,auspar-progesterone-130612.pdf,peptides and proteins,endometrin pessaries,luteal support as part of an assisted reproductive technology (art) treatment programme for infertile women.,no,luteal support as part of an assisted reproductive technology (art) treatment programme for infertile women.,<infertility>,ferring pharmaceuticals pty ltd,ferring,189948,progesterone,no,no,tablet,pm-2011-02023-3-5,na
oral; vaginal,,,authorised,TGA,approved,28.04.2016,2016,"diseases of the genitourinary system; endocrine, nutritional, and metabolic diseases",<menstruation disturbances>,auspar-progesterone-170601.pdf,small molecule,prometrium / utrogestan,treatment of menstrual irregularities; hormone replacement therapy; luteal phase support,yes,treatment of menstrual irregularities; hormone replacement therapy; luteal phase support,<menstruation disturbances>,besins healthcare australia pty ltd,besins,232818; 232823; 232824,progesterone,no,no,capsule,pm-2014-03908-1-5,na
vaginal,30.11.2018,2018,authorised,TGA,approved,06.11.2019,2019,pregnancy and childbirth,<preterm birth>,auspar-progesterone-200207.pdf,small molecule,oripro,prevention of preterm birth in singleton pregnancies at risk due to shortened cervix (midtrimester sonographic cervix ≤ 25 mm) and/or where there is a history of spontaneous preterm birth,yes,prevention of preterm birth due to shortened cervix or where there is a history of spontaneous birth between 20 and 34 weeks of gestation,<preterm birth>,orion laboratories pty ltd t/a perrigo australia,orion,"21190, 21195, 165111, 165112",progesterone,yes,no,pessary,pm-2018-04477-1-5,
oral,,,authorised,TGA,approved,19.03.2010,2010,diseases of the genitourinary system; diseases of the circulatory system; diseases of the respiratory system,<allograft rejection>,auspar-prograf-xl.pdf,small molecule,prograf -xl,"as an adjunct to liver, kidney, lung or heart allograft transplantation in adults and children",no,"as an adjunct to liver, kidney, lung or heart allograft transplantation in adults and children",<allograft rejection>,janssen -cilag pty ltd,janssen-cilag,,tacrolimus,yes,no,capsule,,
intravenous,,,authorised,TGA,approved,14.10.2016,2016,"diseases of the respiratory system; endocrine, nutritional, and metabolic diseases",<emphysema>,auspar-prolastin-c-171011.pdf,biologics,prolastin-c,increase serum alpha1-pi levels in adults with congenital deficiency of alpha-1 antitrypsin and with clinically significant emphysema (fev1 < 80%).,no,chronic augmentation therapy of individuals with congenital deficiency of alpha pi with clinically demonstrable emphysema.,<emphysema>,grifols australia pty ltd,grifols,234553,alpha-1-proteinase inhibitor,yes,yes,powder; diluent,pm-2014-04721-1-5,
subcutaneous,,,authorised,TGA,approved,26.10.2010,2010,"endocrine, nutritional, and metabolic diseases",<osteoporosis>,auspar-prolia.pdf,biologics,prolia,the treatment of osteoporosis in postmenopausal women,no,treatment of osteoporosis in postmenopausal women; treatment of bone loss associated with hormone ablation in men with prostate cancer,<osteoporosis>; <prostatic neoplasms>,amgen australia pty ltd,amgen,"159322, 159323, 159324",denosumab,no,no,solution,pm-2009-00390-3-5,na
oral,,,authorised,TGA,approved,18.06.2015,2015,neoplasms,<infantile hemangioma>,auspar-propranolol-hydrochloride-150819.pdf,small molecule,hemangiol,treatment of proliferating infantile hemangioma requiring systemic therapy,yes,treatment of proliferating infantile hemangioma requiring systemic therapy,<infantile hemangioma>,pierre fabre medicament australia pty limited,pierre fabre,212274,propranolol hydrochloride,yes,yes,solution,pm-2013-01250-1-4,
intramuscular,,,withdrawn,TGA,withdrawn,03.09.2015,2015,infectious and parasitic diseases,not reported,auspar-purified-antigen-fractions-of-inactivated-split-virion-a-indonesia-05-2005-h5n1-as03-adjuvanted-151223.pdf,vaccine,prepandrix,na,no,prophylaxis of influenza caused by the h5n1 strain with a pandemic potential,<influenza>,glaxosmithkline australia pty ltd,glaxosmithkline,,"purified antigen fractions of inactivated split virion a/indonesia/05/2005 (h5n1), as03 adjuvanted",yes,no,emulsion,pm‐2013‐04610‐1‐2,
oral,,,authorised,TGA,approved,09.11.2010,2010,diseases of the genitourinary system,<menorrhagia>,auspar-qlaira.pdf,small molecule,qlaira,treatment of heavy and/or prolonged menstrual bleeding in women without organic pathology who desire oral contraception.,yes,treatment of heavy and/or prolonged menstrual bleeding in women without organic pathology who desire oral contraception.,<menorrhagia>,bayer australia limited,bayer,149319,oestradiol valerate,yes,no,tablet,pm-2009-02910-3-5,
intramuscular,31.07.2019,2019,authorised,TGA,approved,14.08.2020,2020,infectious and parasitic diseases; diseases of the respiratory system,<influenza>,auspar-quad-quadrivalent-influenza-vaccine-201217.pdf,vaccine,flucelvax quad,"for the prevention of influenza caused by influenza virus, types a and b contained in the vaccine. the vaccine is indicated for use in adults and children 9 years of age and older.",no,"for the prevention of influenza caused by influenza virus, types a and b contained in the vaccine. the vaccine is indicated for use in adults and children 9 years of age and older.",<influenza>,seqirus pty ltd,seqirus,"341450, 319093",influenza virus haemagglutinin,yes,no,suspension,pm-2019-02591-1-2,european medicines agency
intramuscular,30.06.2020,2020,authorised (under additional monitoring),TGA,approved,11.08.2021,2021,infectious and parasitic diseases,<rabies>,auspar-rabies-immunoglobulin-220110.pdf,biologics,kamrab,"passive, transient post-exposure prophylaxis (pep) of rabies infection, when given immediately after contact with a rabid or possibly rabid animal.",no,"passive, transient post-exposure prophylaxis (pep) of rabies infection, when given immediately after contact with a rabid or possibly rabid animal.",<rabies>,link medical products pty ltd,link,336970,rabies immunoglobulin,no,no,solution,pm-2020-02488-1-2,na
intravenous,01.11.2021,2021,authorised,TGA,approved,17.01.2023,2023,diseases of the nervous system,<amyotrophic lateral sclerosis>,auspar-radicava-240812.pdf,small molecule,radicava,amyotrophic lateral sclerosis in adults who are independent in activities of daily living with normal respiratory function and where treatment is initiated within two years of disease onset,no,treatment of amyotrophic lateral sclerosis,<amyotrophic lateral sclerosis>,teva pharma australia pty ltd,teva,375455,edaravone,yes,yes,concentrate,pm-2021-04298-1-1,
intravenous,,,authorised,TGA,approved,13.05.2014,2014,neoplasms; diseases of the genitourinary system,<prostatic neoplasms>,auspar-radium-dichloride-140710.pdf,other,xofigo,for the treatment of castration-resistant prostate cancer patients with symptomatic bone metastases and no known visceral metastatic disease.,no,for the treatment of castration-resistant prostate cancer patients with bone metastases.,<prostatic neoplasms>,bayer australia ltd,bayer,208905,radium dichloride,no,no,solution,pm-2013-00738-1-2,na
oral,,,authorised,TGA,approved,31.01.2013,2013,infectious and parasitic diseases,<human immunodeficiency virus>,auspar-raltegravir-130603.pdf,small molecule,isentress,"treatment of human immunodeficiency virus (hiv-1) infection in adults, adolescents and children from the age of 2 years",yes,treatment of human immunodeficiency virus type 1 (hiv-1) infection in children and adolescents from 2 to 18 years of age,<human immunodeficiency virus>,merck sharp and dohme (australia) pty ltd,merck sharp and dohme,193383 and 193388,raltegravir,yes,yes,tablet,pm-2011-03107-3-2,
intravitreal,,,authorised,TGA,approved,28.04.2014,2014,diseases of the eye and adnexa,"<visual impairment>; <choroidal neovascularization>; <myopia, degenerative>",auspar-ranibizumab-141014.pdf,biologics,lucentis,treatment of visual impairment due to choroidal neovascularisation (cnv) secondary to pathologic myopia (pm).,yes,treatment of visual impairment due to choroidal neovascularisation (cnv) secondary to pathologic myopia (pm).,"<choroidal neovascularization>; <myopia, degenerative>",novartis pharmaceuticals australia,novartis,148325 and 212387,ranibizumab,yes,no,solution,pm-2013-00985-1-5,
intravitreal,03.01.2023,2023,authorised,TGA,approved,12.12.2023,2023,"diseases of the eye and adnexa; endocrine, nutritional, and metabolic diseases","<macular degeneration>; <diabetic macular edema>; <diabetic retinopathy>; <choroidal neovascularization>; <myopia, degenerative>; <macular edema>; <retinal vein occlusion>",auspar-raniviz-240613.pdf,biologics,raniviz,the treatment of neovascular (wet) age-related macular degeneration; the treatment of visual impairment due to diabetic macular oedema; treatment of proliferative diabetic retinopathy; the treatment of visual impairment due to choroidal neovascularisation; the treatment of visual impairment due to choroidal neovascularisation secondary to pathologic myopia; the treatment of visual impairment due to macular oedema secondary to retinal vein occlusion,no,the treatment of neovascular (wet) age-related macular degeneration; the treatment of visual impairment due to diabetic macular oedema; treatment of proliferative diabetic retinopathy; the treatment of visual impairment due to choroidal neovascularisation; the treatment of visual impairment due to choroidal neovascularisation secondary to pathologic myopia; the treatment of visual impairment due to macular oedema secondary to retinal vein occlusion,<macular degeneration>; <diabetic macular edema>; <diabetic retinopathy>; <choroidal neovascularization>; <pathologic myopia>; <macular edema>; <retinal vein occlusion>,actor pharmaceuticals pty ltd,actor,400126,ranibizumab,no,no,solution,pm-2022-04707-1-5,na
oral,29.05.2015,2015,authorised,TGA,approved,12.05.2016,2016,diseases of the circulatory system,<angina pectoris>,auspar-ranolazine-180220.pdf,small molecule,ranexa,add-on therapy for the symptomatic treatment of stable angina pectoris in patients taking maximum tolerated doses of a beta-blocker or a calcium channel blocker and have inadequate symptom control.,no,add-on therapy for the symptomatic treatment of patients with stable angina pectoris who are inadequately controlled or intolerant to first-line anti-angina therapies.,<angina pectoris>,a menarini australia pty ltd,menarini,"236110, 236108, 236109",ranolazine,no,no,tablet,pm-2015-00423-1-3,na
oral,,,authorised,TGA,approved,10.06.2011,2011,diseases of the circulatory system,<hypertension>,auspar-rasilamlo.pdf,small molecule,rasilamlo,treatment of hypertension,no,treatment of hypertension,<hypertension>,novartis pharmaceuticals australia pty ltd,novartis,"170431, 170434, 170435, 170436",aliskiren/amlodipine,no,no,tablet,pm-2010-00719-3-3,na
oral,,,authorised,TGA,approved,05.02.2010,2010,diseases of the circulatory system,<hypertension>,auspar-rasilez.pdf,small molecule,rasilez hct/enviage hct,treatment of hypertension,no,treatment of hypertension,<hypertension>,novartis pharmaceuticals australia pty ltd,novartis,,aliskiren/hydrochlorothiazide,yes,no,tablet,pm-2008-2072-3,
intravenous,02.01.2019,2019,authorised (under additional monitoring),TGA,approved,08.10.2019,2019,diseases of the blood and blood-forming organs,<paroxysmal nocturnal hemoglobinuria>,auspar-ravulizumab-191113.pdf,biologics,ultomiris,treatment of adult patients with paroxysmal nocturnal haemoglobinuria (pnh),no,treatment of adult patients with paroxysmal nocturnal haemoglobinuria (pnh),<paroxysmal nocturnal hemoglobinuria>,alexion pharmaceuticals australasia pty ltd,alexion,311926,ravulizumab,yes,yes,solution,pm-2018-05023-1-6,
intramuscular,28.06.2017,2017,authorised,TGA,approved,27.06.2018,2018,infectious and parasitic diseases; diseases of the nervous system,<herpes zoster>; <postherpetic neuralgia>,auspar-recombinant-varicella-zoster-virus-glycoprotein-e-antigen-181212.pdf,vaccine,shingrix,prevention of herpes zoster and post herpetic neuralgia in adults 50 years of age or older,no,prevention of herpes zoster and post herpetic neuralgia in adults 50 years of age or older,<herpes zoster>; <postherpetic neuralgia>,glaxosmithkline,glaxosmithkline,289257,recombinant varicella zoster virus glycoprotein e antigen,no,no,powder; solution,pm-2017-01784-1-2,na
intravenous,06.09.2021,2021,authorised (under additional monitoring),TGA,approved,06.12.2021,2021,infectious and parasitic diseases; diseases of the respiratory system,<covid-19>,auspar-regdanvimab-211206.pdf,biologics,regkirona,treatment of adults with covid-19 who do not require supplemental oxygen and are at increased risk of progressing to severe covid-19.,no,treatment of mild to moderate covid-19 in adult patients confirmed to be infected with sars-cov-2.,<covid-19>,celltrion healthcare australia pty ltd,celltrion,374190,regdanvimab,no,no,concentrate,pm-2021-04004-1-2,na
oral,,,authorised,TGA,approved,26.11.2013,2013,neoplasms; diseases of the digestive system,<colorectal neoplasms>,auspar-regorafenib-140207.pdf,small molecule,stivarga,"treatment of patients with metastatic colorectal cancer (crc) who have been previously treated with fluoropyrimidine,- oxaliplatin - and irinotecan-based chemotherapy, an anti-vegf therapy, and, if kras wild type, an anti-egfr therapy.",no,"treatment of patients with metastatic colorectal cancer irrespective of kras mutational status who have been previously treated with, or are not considered candidates for, fluoropyrimidine based chemotherapy, an anti-vegf therapy, and, if kras wild type, an anti egfr therapy.",<colorectal neoplasms>,bayer australia ltd,bayer,200553,regorafenib,no,no,tablet,pm-2012-02342-3-4,na
oral,,,authorised,TGA,approved,18.03.2015,2015,neoplasms; diseases of the digestive system,<gastrointestinal stromal tumors>,auspar-regorafenib-151119.pdf,small molecule,stivarga,treatment of patients with unresectable or metastatic gastrointestinal stromal tumours (gist) who progressed on or are intolerant to prior treatment with imatinib and sunitinib.,yes,treatment of patients with unresectable or metastatic gastrointestinal stromal tumours (gist) who progressed on or are intolerant to prior treatment with imatinib and sunitinib.,<gastrointestinal stromal tumors>,bayer australia ltd,bayer,200553,regorafenib,no,yes,tablet,pm-2013-04954-1-4,na
oral,28.02.2017,2017,authorised,TGA,approved,18.12.2017,2017,neoplasms; diseases of the digestive system,<hepatocellular carcinoma>,auspar-regorafenib-190404.pdf,small molecule,stivarga,treatment of patients with hepatocellular carcinoma (hcc) who have been previously treated with sorafenib,yes,treatment of patients with hepatocellular carcinoma (hcc) who have been previously treated with one systemic therapy,<hepatocellular carcinoma>,bayer australia pty ltd,bayer,200553,regorafenib,yes,yes,tablet,pm-2016-04269-1-4,
intravenous,06.07.2020,2020,authorised,TGA,approved,10.07.2020,2020,infectious and parasitic diseases; diseases of the respiratory system,<coronavirus disease 2019>,auspar-remdesivir-200720.pdf,small molecule,veklury,"treatment of coronavirus disease 2019 (covid-19) in adults and adolescents (aged 12 years and older weighing at least 40 kg) with pneumonia, requiring supplemental oxygen.",no,treatment of adults and paediatric patients weighing at least 3.5 kg with coronavirus disease 2019 (covid-19).,<covid-19>,gilead sciences pty ltd,gilead,"338419, 338420",remdesivir,yes,no,concentrate; powder,pm-2020-01491-1-2,
intravenous,08.03.2022,2022,authorised (under additional monitoring),TGA,approved,05.05.2022,2022,infectious and parasitic diseases,<pneumonia>; <covid-19>,auspar-remdesivir-220510.pdf,small molecule,veklury,"paediatric patients (at least 4 weeks of age and weighing at least 3 kg) who have pneumonia due to sars-cov-2, and who require supplemental oxygen; adults and paediatric patients (weighing at least 40 kg) who do not require supplemental oxygen and who are at high risk of progressing to severe covid-19",yes,"adults and paediatric patients (at least 4 weeks of age and weighing at least 3 kg) with pneumonia, requiring supplemental oxygen; adults and paediatric patients (weighing at least 40 kg) who do not require supplemental oxygen and who are at increased risk of progressing to severe covid-19",<pneumonia>; <covid-19>,gilead sciences pty ltd,gilead,338419,remdesivir,no,no,powder,pm-2022-00260-1-2,na
intravenous,,,withdrawn,TGA,withdrawn,18.11.2012,2012,diseases of the blood and blood-forming organs,not reported,auspar-remestemcel-l-150315.pdf,cell and gene therapy,prochymal,na,no,"for the rescue of patients ≥ 6 months of age with acute graft versus host disease (agvhd), refractory to treatment with systemic corticosteroid therapy or other immunosuppressive agents.",<acute graft vs host disease>,delpharm consultants pty limited,delpharm,,remestemcel-l,no,yes,suspension,pm-2011-01529-3-2,na
intravenous,,,authorised,TGA,approved,08.05.2012,2012,diseases of the circulatory system,not reported,auspar-remifentanil-130129.pdf,small molecule,ultiva,as an opioid adjunct for use during induction and/or maintenance of general anaesthesia during surgical procedures including cardiac surgery in adults.,no,as an opioid adjunct for use during induction and/or maintenance of general anaesthesia during surgical procedures including cardiac surgery in adults.,not reported,glaxosmithkline australia pty ltd,glaxosmithkline,"58688, 58689, 58690",remifentanil,yes,no,powder,pm-2011-00909-3-1,
intravenous,,,authorised,TGA,approved,07.05.2010,2010,"endocrine, nutritional, and metabolic diseases",<fabry disease>,auspar-replagal.pdf,biologics,replagal,long-term enzyme replacement therapy of patients with fabry disease (α-galactosidase a deficiency),no,long-term enzyme replacement therapy of patients with fabry disease (α-galactosidase a deficiency),<fabry disease>,shire australia pty limited,shire,82818,agalsidase alfa ghu,no,no,solution,pm-2009-01140-3-3,na
intravenous,29.07.2016,2016,authorised,TGA,approved,17.07.2017,2017,diseases of the respiratory system,<asthma>,auspar-reslizumab-180605.pdf,biologics,cinqair / cinqaero,add on therapy in adult patients with severe eosinophilic asthma inadequately controlled despite medium to high dose inhaled corticosteroids in combination with at least another controller,no,add on treatment in adult patients with severe eosinophilic asthma,<asthma>,teva pharma australia pty ltd,teva,277278; 277279,reslizumab,no,no,solution,pm-2016-02101-1-5,na
oral,,,authorised,TGA,approved,04.10.2011,2011,diseases of the digestive system,<constipation>,auspar-resotrans.pdf,small molecule,resotrans,the treatment of chronic functional constipation in adults in whom laxatives fail to provide adequate relief,no,the treatment of chronic functional constipation in adults in whom laxatives fail to provide adequate relief,<constipation>,janssen-cilag pty ltd,janssen-cilag,aust r 176747 (1mg) and aust r 176746 (2mg),prucalopride,no,no,tablet,pm-2010-03060-3-1,na
ocular,,,withdrawn,TGA,withdrawn,17.10.2011,2011,diseases of the eye and adnexa,not reported,auspar-restasis.pdf,peptides and proteins,restasis,na,yes,topical anti-inflammatory treatment for dry eye disease which is inadequately controlled with artificial tears.,<dry eye syndromes>,allergan australia pty ltd,allergan,,cyclosporin,no,no,drops,pm-2009-03746-3-5,na
topical,,,authorised,TGA,approved,19.07.2013,2013,diseases of the skin,<impetigo>,auspar-retapamulin-131111.pdf,small molecule,altargo,"short term treatment of superficial skin infections including impetigo, infected small lacerations, abrasions, sutured wounds, and secondarily infected dermatoses.",no,"topical treatment of bacterial skin and skin structure infections including impetigo, secondarily infected traumatic lesions, and secondarily infected dermatoses.","<bacterial skin diseases>; <impetigo>; <skin diseases, infectious>",glaxosmithkline australia pty ltd,glaxosmithkline,198947,retapamulin,no,no,ointment,pm-2012-01489-3-2,na
oral,01.08.2022,2022,authorised,TGA,approved,27.06.2023,2023,neoplasms; diseases of the respiratory system,<non-small cell lung carcinoma>,auspar-retevmo-240123.pdf,small molecule,retevmo,retevmo has provisional approval for the treatment of adult patients with locally advanced or metastatic ret fusion positive non-small cell lung cancer (nsclc).,no,the treatment of adult patients with advanced or metastatic ret fusion positive non-small cell lung cancer (nsclc).,<non-small cell lung carcinoma>,eli lilly australia pty ltd,eli lilly,391330 and 391331,selpercatinib,no,yes,capsule,pm-2022-02343-1-4,na
oral,,,authorised,TGA,approved,27.06.2013,2013,diseases of the nervous system,<epilepsy>; <seizures>,auspar-retigabine-131017.pdf,small molecule,trobalt,"adjunctive treatment of drug resistant partial onset seizures with or without secondary generalisation, in patients with epilepsy where other appropriate drug combinations have proved inadequate or have not been tolerated.",no,adjunctive treatment of partial onset seizures with or without secondary generalisation in adults aged 18 years and above with epilepsy.,<epilepsy>,glaxosmithkline australia pty ltd,glaxosmithkline,"aust r 195150, aust r 195151, aust r 195152, aust r 195153, aust r 195154, aust r 195155",retigabine,no,no,tablet,pm-2011-04248-3-1,na
oral,,,withdrawn,TGA,withdrawn,11.08.2011,2011,diseases of the circulatory system; congenital malformations and chromosomal abnormalities,not reported,auspar-revatio-1.pdf,small molecule,revatio,na,yes,treatment of paediatric patients aged 1-17 with pulmonary arterial hypertension. efficacy has been shown in primary pulmonary hypertension and pulmonary hypertension associated with congenital heart disease.,<pulmonary arterial hypertension>; <primary pulmonary hypertension>; <pulmonary hypertension>,pfizer australia pty ltd,pfizer,119102,sildenafil,yes,no,tablet; suspension,,
intravenous,,,authorised,TGA,approved,16.09.2011,2011,diseases of the circulatory system,<pulmonary hypertension>,auspar-revatio.pdf,small molecule,revatio,"treatment of adult patients with pulmonary arterial hypertension who are currently prescribed oral revatio and who are temporarily unable to take oral therapy, but are otherwise clinically and haemodynamically stable.",yes,continued treatment of patients with pulmonary arterial hypertension (pah) classified as who functional class iii who are currently prescribed oral revatio and who are temporarily unable to take oral medication.,<pulmonary hypertension>,pfizer australia pty ltd,pfizer,119102; 171474; 181249,sildenafil,yes,no,solution,pm-2010-00820-3-3,
oral,,,authorised,TGA,approved,02.07.2010,2010,diseases of the blood and blood-forming organs,"<thrombocytopenic purpura, idiopathic>",auspar-revolade.pdf,small molecule,revolade,"treatment of adult patients with chronic immune (idiopathic) thrombocytopaenic purpura (itp) who have had an inadequate response, or are intolerant, to corticosteroids and immunoglobulins.",no,"treatment of adult patients with chronic immune (idiopathic) thrombocytopaenic purpura (itp) who have had an inadequate response, or are intolerant, to corticosteroids and immunoglobulins.","<thrombocytopenic purpura, idiopathic>",glaxo smith kline australia pty ltd,glaxo smith kline,158419/158356,eltrombopag olamine,no,yes,tablet,sm-2009-00082-3-4,na
oral,31.10.2016,2016,authorised,TGA,approved,20.10.2017,2017,neoplasms,<breast neoplasms>,auspar-ribociclib-succinate-200630.pdf,small molecule,kisqali,"treatment of men and postmenopausal women with hormone receptor positive (hr+), human epidermal growth factor receptor 2 negative (her2-) advanced or metastatic breast cancer, as an initial endocrine-based therapy.",no,"treatment of postmenopausal women with hormone receptor (hr) positive, human epidermal growth factor receptor 2 (her2) negative advanced or metastatic breast cancer, as an initial endocrine-based therapy.",<breast neoplasms>,novartis pharmaceuticals australia pty ltd,novartis,280246,ribociclib succinate,no,no,tablet,pm-2016-03090-1-4,na
oral,,,authorised,TGA,approved,04.05.2012,2012,diseases of the nervous system; diseases of the digestive system,<hepatic encephalopathy>,auspar-rifaximin-121119.pdf,small molecule,xifaxan,prevention of the recurrence of hepatic encephalopathy where other treatments have failed or are contraindicated,no,prevention of the recurrence of hepatic encephalopathy in adults,<hepatic encephalopathy>,norgine pty ltd,norgine,aust r 183411,rifaximin,no,yes,tablet,2011-00501-3-1,na
oral,,,authorised,TGA,approved,21.05.2015,2015,infectious and parasitic diseases,<diarrhea>,auspar-rifaximin-151013.pdf,small molecule,xifaxan,treatment of patients (≥ 12 years of age) with travellers’ diarrhoea caused by non-invasive strains of escherichia coli.,yes,treatment of adult patients with travellers’ diarrhoea caused by non-invasive enteric bacteria.,<diarrhea>,norgine pty ltd,norgine,222643,rifaximin,no,no,tablet,pm-2014-00379-1-2,na
oral,,,authorised,TGA,approved,20.12.2011,2011,infectious and parasitic diseases,<hiv infections>,auspar-rilpivirine-120327.pdf,small molecule,edurant,"treatment of hiv-1 infection in antiretroviral treatment naïve adult patients with viral load ≤ 100,000 copies/ml at baseline",no,treatment of hiv-1 infection in antiretroviral treatment naïve adult patients,<hiv infections>,janssen-cilag pty ltd,janssen-cilag,aust r 176666,rilpivirine,no,no,tablet,pm-2010-03030-3-2,na
oral,02.11.2020,2020,authorised (under additional monitoring),TGA,approved,17.09.2021,2021,diseases of the skin,"<dermatitis, atopic>",auspar-rinvoq-230306.pdf,small molecule,rinvoq,treatment of moderate to severe atopic dermatitis in adults and adolescents aged 12 years and above who weigh at least 40 kg,yes,treatment of moderate to severe atopic dermatitis in adults and adolescents aged 12 years and above who weigh at least 40 kg,"<dermatitis, atopic>",abbvie pty ltd,abbvie,"312687, 346215",upadacitinib,yes,no,tablet,pm-2020-04791-1-1,
oral,28.02.2022,2022,authorised,TGA,approved,06.01.2023,2023,diseases of the musculoskeletal system and connective tissue,"<arthritis, spondylarthritis>",auspar-rinvoq-240821.pdf,small molecule,rinvoq,"treatment of adults with active non-radiographic axial spondyloarthritis with objective signs of inflammation as indicated by elevated c-reactive protein (crp) and/or magnetic resonance imaging (mri) change, who have responded inadequately to, or are intolerant to nonsteroidal anti-inflammatory drugs (nsaids).",yes,treatment of adults with active non-radiographic axial spondyloarthritis with objective signs of inflammation.,"<arthritis, spondylarthritis>",abbvie pty ltd,abbvie,"312687, 346215, 375857",upadacitinib,yes,no,tablet,pm-2022-00116-1-3,
oral,,,authorised,TGA,approved,07.04.2014,2014,diseases of the circulatory system,<pulmonary hypertension>,auspar-riociguat-140612.pdf,small molecule,adempas,pulmonary arterial hypertension; chronic thromboembolic pulmonary hypertension,no,treatment of inoperable or persistent or recurrent chronic thromboembolic pulmonary hypertension (cteph) and pulmonary arterial hypertension (pah),"<hypertension, pulmonary>",bayer australia ltd,bayer,207595-207599,riociguat,no,yes,tablet,pm-2013-00307-1-3,na
oral,13.01.2020,2020,authorised (under additional monitoring),TGA,approved,10.07.2020,2020,neoplasms; diseases of the digestive system,<gastrointestinal stromal tumors>,auspar-ripretinib-201120.pdf,small molecule,qinlock,"treatment of adult patients with advanced gastrointestinal stromal tumours (gist) who have received prior treatment with 3 or more kinase inhibitors, including imatinib.",no,"treatment of adult patients with advanced gastrointestinal stromal tumours (gist) who have received prior treatment with 3 or more kinase inhibitors, including imatinib.",<stromal tumors>,tudorrose consulting pty ltd,tudorrose,327899,ripretinib,no,yes,tablet,pm-2019-05961-1-4,na
subcutaneous,02.07.2018,2018,authorised (under additional monitoring),TGA,approved,15.07.2019,2019,diseases of the skin,<psoriasis>,auspar-risankizumab-200122.pdf,biologics,skyrizi,treatment of moderate to severe plaque psoriasis in adults who are candidates for phototherapy or systemic therapy,no,treatment of moderate to severe plaque psoriasis in adults,<plaque psoriasis>,abbvie pty ltd,abbvie,304226,risankizumab,no,no,solution,pm-2018-01889-1-1,na
oral; nasogastric,31.08.2020,2020,authorised (under additional monitoring),TGA,approved,02.06.2021,2021,diseases of the nervous system,<spinal muscular atrophy>,auspar-risdiplam-210806.pdf,small molecule,evrysdi,for the treatment of 5q spinal muscular atrophy (sma) in patients aged 2 months and older.,no,for the treatment of 5q spinal muscular atrophy (sma).,<spinal muscular atrophies of childhood>,roche products pty ltd,roche,340350,risdiplam,no,yes,powder,pm-2020-03580-1-3,na
intramuscular,,,authorised,TGA,approved,18.03.2010,2010,mental and behavioural disorders,<schizophrenia>; <psychotic disorders>; <bipolar disorder>,auspar-risperdal-consta.pdf,small molecule,risperdal consta,"treatment of schizophrenia and related psychoses. monotherapy for maintenance treatment to prevent the recurrence of manic or mixed episodes of bipolar i disorder in patients with a manic or mixed episode, following stabilisation with oral risperidone.",yes,maintenance treatment to prevent the recurrence of mood episodes of bipolar disorder.,<bipolar disorder>,janssen-cilag pty ltd,janssen-cilag,"81489, 81490, 81491",risperidone,yes,no,powder,pm-2008-03495-3-1,
intravenous,,,authorised,TGA,approved,13.05.2013,2013,diseases of the blood and blood-forming organs; diseases of the respiratory system,<granulomatosis with polyangiitis>; <microscopic polyangiitis>,auspar-rituximab-130813.pdf,biologics,mabthera,induction of remission in patients with severely active granulomatosis with polyangiitis (gpa) and microscopic polyangiitis (mpa),yes,induction of remission in patients with severely active granulomatosis with polyangiitis (gpa) and microscopic polyangiitis (mpa),<granulomatosis with polyangiitis>; <microscopic polyangiitis>,roche products pty limited,roche,60318 and 60319,rituximab,yes,yes,solution,pm-2012-00331-3-3,
subcutaneous,,,authorised,TGA,approved,26.05.2014,2014,neoplasms; diseases of the blood and blood-forming organs,<non-hodgkin lymphoma>,auspar-rituximab-140904.pdf,biologics,mabthera sc,"for treatment of patients with cd20 positive, previously untreated, stage iii/iv follicular, b-cell non-hodgkin's lymphoma; cd20 positive, relapsed or refractory low grade or follicular, b-cell non-hodgkin's lymphoma; cd20 positive, diffuse large b-cell non-hodgkin's lymphoma, in combination with chemotherapy.",yes,for treatment of patients with non-hodgkin’s lymphoma,<non-hodgkin lymphoma>,roche products pty limited,roche,207334,rituximab,no,no,solution,pm-2012-04453-1-4,na
intravenous,,,authorised,TGA,approved,05.03.2015,2015,diseases of the musculoskeletal system and connective tissue,<rheumatoid arthritis>,auspar-rituximab-150827.pdf,biologics,mabthera,rheumatoid arthritis,no,rheumatoid arthritis,<rheumatoid arthritis>,roche products pty ltd,roche,aust r 60318 and aust r 60319,rituximab,yes,no,solution,pm-2013-04906-1-3,
intravenous; subcutaneous,28.04.2016,2016,authorised,TGA,approved,25.11.2016,2016,neoplasms; diseases of the blood and blood-forming organs,"<leukemia, lymphocytic, chronic, b-cell>",auspar-rituximab-170209.pdf.pdf,biologics,mabthera,treatment of patients with cd20 positive chronic lymphocytic leukaemia (cll) in combination with chemotherapy,yes,treatment of chronic lymphocytic leukaemia (cll) and non-hodgkin's lymphoma (nhl),"<leukemia, lymphocytic, chronic, b-cell>; <lymphoma, non-hodgkin>",roche products pty ltd,roche,"aust r 60318, 60319 and 207334",rituximab,yes,no,solution,pm-2014-04709-1-4,
intravenous,30.11.2016,2016,authorised,TGA,approved,21.11.2017,2017,neoplasms; diseases of the blood and blood-forming organs; diseases of the musculoskeletal system and connective tissue,"<non-hodgkin lymphoma>; <leukemia, lymphocytic, chronic, b-cell>; <arthritis, rheumatoid>; <granulomatosis with polyangiitis>; <microscopic polyangiitis>",auspar-rituximab-180823.pdf,biologics,riximyo,non-hodgkin’s lymphoma (nhl); chronic lymphocytic leukaemia (cll); rheumatoid arthritis (ra); granulomatosis with polyangiitis (gpa) and microscopic polyangiitis (mpa),no,non-hodgkin’s lymphoma (nhl); chronic lymphocytic leukaemia (cll); rheumatoid arthritis (ra); granulomatosis with polyangiitis (gpa) and microscopic polyangiitis (mpa),"<non-hodgkin lymphoma>; <leukemia, lymphocytic, chronic, b-cell>; <arthritis, rheumatoid>; <granulomatosis with polyangiitis>; <microscopic polyangiitis>",sandoz pty ltd,sandoz,281781 and 281782,rituximab,yes,no,solution,pm-2016-03153-1-4,
intravenous,31.03.2017,2017,authorised,TGA,approved,13.03.2018,2018,neoplasms; diseases of the blood and blood-forming organs; diseases of the musculoskeletal system and connective tissue,"<non-hodgkin lymphoma>; <leukemia, lymphocytic, chronic, b-cell>; <arthritis, rheumatoid>; <granulomatosis with polyangiitis>; <microscopic polyangiitis>",auspar-rituximab-190813.pdf,biologics,truxima; ritemvia,non-hodgkin’s lymphoma (nhl); chronic lymphocytic leukaemia (cll); rheumatoid arthritis (ra); granulomatosis with polyangiitis (wegener’s) (gpa) and microscopic polyangiitis (mpa),no,non-hodgkin’s lymphoma (nhl); chronic lymphocytic leukaemia (cll); rheumatoid arthritis (ra); granulomatosis with polyangiitis (wegener’s) (gpa) and microscopic polyangiitis (mpa),"<non-hodgkin lymphoma>; <leukemia, lymphocytic, chronic, b-cell>; <arthritis, rheumatoid>; <granulomatosis with polyangiitis>; <microscopic polyangiitis>",celltrion healthcare pty ltd,celltrion,"285815, 285816, 285817, 285818",rituximab,no,no,concentrate,pm-2017-00695-1-3,na
intravenous,06.04.2020,2020,authorised,TGA,approved,26.02.2021,2021,neoplasms; diseases of the blood and blood-forming organs; diseases of the musculoskeletal system and connective tissue; diseases of the respiratory system,"<non-hodgkin lymphoma>; <leukemia, lymphocytic, chronic, b-cell>; <arthritis, rheumatoid>; <granulomatosis with polyangiitis>; <microscopic polyangiitis>",auspar-rituximab-210412.pdf,biologics,ruxience,non-hodgkin’s lymphoma; chronic lymphocytic leukaemia; rheumatoid arthritis; granulomatosis with polyangiitis; microscopic polyangiitis,no,non-hodgkin’s lymphoma; chronic lymphocytic leukaemia; rheumatoid arthritis; granulomatosis with polyangiitis; microscopic polyangiitis,"<non-hodgkin lymphoma>; <leukemia, lymphocytic, chronic, b-cell>; <arthritis, rheumatoid>; <granulomatosis with polyangiitis>; <microscopic polyangiitis>",pfizer australia pty ltd,pfizer,"330537, 330536",rituximab,no,no,solution,pm-2020-00593-1-6,na
intravenous,,,authorised,TGA,approved,08.01.2010,2010,neoplasms; diseases of the blood and blood-forming organs,"<leukemia, lymphocytic, chronic, b-cell>",auspar-rituximab.pdf,biologics,mabthera,treatment of patients with cd20 positive chronic lymphocytic leukaemia (cll) in combination with chemotherapy,yes,treatment of patients with relapsed/refractory chronic lymphocytic leukaemia (cll),"<leukemia, lymphocytic, chronic, b-cell>",roche products pty ltd,roche,,rituximab,yes,no,solution,,
oral,,,authorised,TGA,approved,03.04.2012,2012,diseases of the circulatory system,<stroke>; <embolism>; <atrial fibrillation>; <venous thrombosis>; <pulmonary embolism>,auspar-rivaroxaban-120913.pdf,small molecule,xarelto,prevention of stroke and systemic embolism in patients with non valvular atrial fibrillation; treatment of deep vein thrombosis (dvt) and for the prevention of recurrent dvt and pulmonary embolism (pe),yes,prevention of stroke and systemic embolism in patients with non valvular atrial fibrillation; treatment of deep vein thrombosis (dvt) and for the prevention of recurrent dvt and pulmonary embolism (pe),<stroke>; <embolism>; <atrial fibrillation>; <venous thrombosis>; <pulmonary embolism>,bayer australia ltd,bayer,"181185, 181186",rivaroxaban,no,no,tablet,pm-2010-03901-3-3,na
oral,,,authorised,TGA,approved,27.06.2013,2013,diseases of the circulatory system,<pulmonary embolism>,auspar-rivaroxaban-131002.pdf,small molecule,xarelto,treatment of pulmonary embolism,yes,treatment of pulmonary embolism,<pulmonary embolism>,bayer australia ltd,bayer,181185 and 181186,rivaroxaban,yes,no,tablet,pm-2012-01179-3-3,
oral,,,withdrawn,TGA,withdrawn,31.05.2013,2013,diseases of the circulatory system,not reported,auspar-rivaroxaban-131111.pdf,small molecule,xarelto,na,yes,"prevention of cardiovascular death, myocardial infarction and stent thrombosis in patients after an acute coronary syndrome (acs)",<acute coronary syndrome>,bayer australia ltd,bayer,,rivaroxaban,no,no,tablet,pm-2011-03916-3-3,na
oral,31.01.2018,2018,authorised,TGA,approved,24.12.2018,2018,diseases of the circulatory system,<stroke>; <myocardial infarction>; <coronary artery disease>; <peripheral arterial disease>,auspar-rivaroxaban-191022.pdf,small molecule,xarelto,"prevention of major cardiovascular events (composite of stroke, myocardial infarction and cardiovascular death) in patients with coronary artery disease (cad) and/or peripheral artery disease (pad).",yes,"prevention of stroke, myocardial infarction and cardiovascular death, and for the prevention of acute limb ischaemia and mortality in patients with coronary artery disease (cad) and/or peripheral artery disease (pad).",<stroke>; <myocardial infarction>; <coronary artery disease>; <peripheral artery disease>,bayer australia ltd,bayer,"aust r 298198, 147400; 181185; 181186",rivaroxaban,yes,no,tablet,pm-2017-04819-1-3,
intravenous,,,authorised,TGA,approved,30.07.2013,2013,neoplasms; diseases of the blood and blood-forming organs,<peripheral t-cell lymphoma>,auspar-romidepsin-131120.pdf,peptides and proteins,istodax,treatment of peripheral t-cell lymphoma in patients who have received at least one prior systemic therapy,no,treatment of peripheral t-cell lymphoma in patients who have received at least one prior systemic therapy,<peripheral t-cell lymphoma>,celgene australia pty ltd,celgene,198854,romidepsin,no,yes,powder,pm-2012-01446-3-4,na
subcutaneous,05.01.2018,2018,authorised,TGA,approved,21.06.2019,2019,diseases of the musculoskeletal system and connective tissue,<osteoporosis>,auspar-romosozumab-200120.pdf,biologics,evenity,treatment of osteoporosis in postmenopausal women at high risk of fracture; treatment to increase bone mass in men with osteoporosis at high risk of fracture,no,treatment of osteoporosis in postmenopausal women at increased risk of fracture; treatment of osteoporosis in men at increased risk of fracture,<osteoporosis>,amgen australia pty. ltd.,amgen,"296830, 296831",romosozumab,no,no,solution,pm-2017-04339-1-5,na
oral,28.04.2017,2017,authorised (under additional monitoring),TGA,approved,22.06.2018,2018,diseases of the nervous system,<seizures>; <lennox-gastaut syndrome>,auspar-rufinamide-190321.pdf,small molecule,inovelon,adjunctive therapy in the treatment of seizures associated with lennox-gastaut syndrome in patients 4 years of age and older,no,adjunctive therapy in the treatment of seizures associated with lennox-gastaut syndrome in patients 1 year of age and older,<seizures>; <lennox-gastaut syndrome>,eisai australia pty. ltd.,eisai,"287523, 287524, and 287537",rufinamide,no,yes,tablet,pm-2017-01037-1-1,na
oral,,,withdrawn,TGA,withdrawn,17.03.2011,2011,diseases of the respiratory system; diseases of the skin,not reported,auspar-rupafin.pdf,small molecule,rupafin,na,no,"symptomatic treatment of seasonal allergic rhinitis (sar), perennial allergic rhinitis (par) and chronic idiopathic urticaria (ciu) in adults and adolescents (over 12 years of age).","<rhinitis, allergic, seasonal>; <rhinitis, allergic, perennial>; <urticaria>",inova pharmaceuticals (australia) pty ltd,inova,,rupatadine,no,no,tablet,pm-2009-03232-3-5,na
oral,21.01.2013,2013,authorised,TGA,approved,28.06.2013,2013,neoplasms; diseases of the blood and blood-forming organs,"<primary myelofibrosis>; <polycythemia vera>; <thrombocythemia, essential>",auspar-ruxolitinib-140121.pdf,small molecule,jakavi,"treatment of disease-related splenomegaly or symptoms in patients with primary myelofibrosis, post-polycythemia vera myelofibrosis or post-essential thrombocythemia myelofibrosis",no,"treatment of disease-related splenomegaly or symptoms in patients with primary myelofibrosis, post-polycythemia vera myelofibrosis or post-essential thrombocythemia myelofibrosis",<primary myelofibrosis>; <polycythemia vera>; <essential thrombocythemia>,novartis pty ltd,novartis,198932-198937,ruxolitinib,no,yes,tablet,pm-2012-01504-3-4,na
nasal,01.02.2021,2021,authorised,TGA,approved,28.01.2022,2022,diseases of the respiratory system; diseases of the eye and adnexa,<allergic rhinitis>; <rhinoconjunctivitis>,auspar-ryaltris-230323.pdf,small molecule,ryaltris,treatment of symptoms associated with allergic rhinitis and rhinoconjunctivitis in patients 6 years of age and older,yes,treatment of symptoms associated with allergic rhinitis and rhinoconjunctivitis in patients 6 years of age and older,<allergic rhinitis>; <rhinoconjunctivitis>,seqirus pty limited,seqirus,312690,olopatadine / mometasone furoate,no,no,spray,pm-2020-06532-1-5,na
oral,02.11.2020,2020,authorised (under additional monitoring),TGA,approved,04.02.2022,2022,"endocrine, nutritional, and metabolic diseases",<type 2 diabetes mellitus>,auspar-rybelsus-20221027.pdf,biologics,rybelsus,the treatment of adults with insufficiently controlled type 2 diabetes mellitus as an adjunct to diet and exercise,no,the treatment of adults with insufficiently controlled type 2 diabetes mellitus as an adjunct to diet and exercise,<type 2 diabetes mellitus>,novo nordisk pharmaceuticals pty ltd,novo nordisk,"346198, 346199 and 346200",semaglutide,no,no,tablet,pm-2020-03921-1-5,na
intravenous,14.10.2021,2021,authorised (under additional monitoring),TGA,approved,28.11.2022,2022,neoplasms; diseases of the respiratory system,<lung neoplasms>,auspar-rybrevant-230830.pdf,biologics,rybrevant,"treatment of patients with locally advanced or metastatic non-small cell lung cancer (nsclc) with activating epidermal growth factor receptor (egfr) exon 20 insertion mutations, whose disease has progressed on or after platinum-based chemotherapy.",no,"treatment of patients with locally advanced or metastatic non-small cell lung cancer (nsclc) with activating epidermal growth factor receptor (egfr) exon 20 insertion mutations, whose disease has progressed on or after platinum-based chemotherapy.",<non-small-cell lung carcinoma>,janssen-cilag pty ltd,janssen-cilag,376832,amivantamab,no,yes,concentrate,pm-2021-04814-1-4,na
subcutaneous,31.10.2016,2016,authorised,TGA,approved,24.11.2017,2017,"endocrine, nutritional, and metabolic diseases",<diabetes mellitus>,auspar-ryzodeg-180522.pdf,peptides and proteins,ryzodeg 70/30 flextouch; ryzodeg 70/30 penfill,to improve glycaemic control in adult patients with diabetes mellitus requiring basal and prandial insulin.,no,to improve glycaemic control in adult patients with diabetes mellitus requiring basal and prandial insulin.,<diabetes mellitus>,novo nordisk pharmaceuticals pty ltd,novo nordisk,280432; 280433,insulin degludec; insulin aspart,yes,no,solution,pm-2016-02723-1-5,
intravenous,24.02.2021,2021,authorised (under additional monitoring),TGA,approved,03.09.2021,2021,neoplasms,<breast neoplasms>,auspar-sacituzumab-govitecan-220329.pdf,biologics,trodelvy,"treatment of adult patients with unresectable locally advanced or metastatic triple-negative breast cancer (mtnbc) who have received at least two prior systemic therapies, including at least one prior therapy for locally advanced or metastatic disease",no,treatment of adult patients with unresectable locally advanced or metastatic triple-negative breast cancer (mtnbc) who have received at least two prior therapies,<breast neoplasms>,gilead sciences pty ltd,gilead,353081,sacituzumab govitecan,no,no,powder,pm-2021-00038-1-4,na
oral,,,authorised,TGA,approved,15.01.2016,2016,diseases of the circulatory system,<heart failure>,auspar-sacubitril-valsartan-salt-complex-160923.pdf,small molecule,entresto / novartis sacubitril/valsartan,treatment of chronic heart failure (nyha class ii-iv) with reduced ejection fraction,no,treatment of chronic heart failure (nyha class ii-iv) with reduced ejection fraction,<heart failure>,novartis pharmaceuticals australia pty ltd,novartis,"234218, 234219, 234220, 234221, 234222, 234223",sacubitril/valsartan,no,no,tablet,pm-2015-00001-1-3,na
oral,30.08.2017,2017,authorised (under additional monitoring),TGA,approved,30.10.2018,2018,diseases of the nervous system,<parkinson disease>,auspar-safinamide-190327.pdf,small molecule,xadago,for the treatment of idiopathic parkinson’s disease (pd) as add-on therapy to levodopa (l-dopa) alone or in combination with other pd medicinal products.,no,for the treatment of idiopathic parkinson’s disease (pd) as add-on therapy to levodopa (l-dopa) alone or in combination with other pd medicinal products.,<parkinson disease>,seqirus pty ltd,seqirus,292144 and 292145,safinamide,no,no,tablet,pm-2017-01877-1-1,na
transdermal,,,authorised,TGA,approved,02.03.2011,2011,neoplasms,not reported,auspar-sancuso.pdf,small molecule,sancuso,the prevention of nausea and vomiting in patients receiving moderately and/or highly emetogenic chemotherapy regimens of up to 5 consecutive days duration.,no,the prevention of nausea and vomiting in patients receiving moderately and/or highly emetogenic chemotherapy regimens of up to 5 consecutive days duration.,not reported,invida australia pty ltd,invida,165621,granisetron,no,no,patch,dk/h/1306/01/dc,na
intravenous,01.02.2021,2021,authorised (under additional monitoring),TGA,approved,24.03.2022,2022,diseases of the musculoskeletal system and connective tissue; diseases of the blood and blood-forming organs; neoplasms,<systemic lupus erythematosus>,auspar-saphnelo-221206.pdf,biologics,saphnelo,"add on treatment of adult patients with moderate to severe, active systemic lupus erythematosus (sle), despite standard therapy",no,add on for the treatment of adult patients with moderate to severe systemic lupus erythematosus (sle) despite standard therapy,<systemic lupus erythematosus>,astrazeneca pty ltd,astrazeneca,350930,anifrolumab,no,no,tablet,pm-2020-06383-1-2,na
sublingual,,,authorised,TGA,approved,07.03.2011,2011,mental and behavioural disorders,<schizophrenia>; <bipolar disorder>,auspar-saphris.pdf,small molecule,saphris,treatment of schizophrenia in adults; treatment of acute manic or mixed episodes associated with bipolar 1 disorder in adults as monotherapy or in combination with lithium or sodium valproate; prevention of relapse of manic or mixed episodes in bipolar 1 disorder in adults as monotherapy or in combination with lithium or sodium valproate.,no,treatment of schizophrenia including prevention of relapse and maintenance of clinical improvement during continuation therapy; treatment of acute mania or mixed episodes associated with bipolar disorder and maintenance of clinical improvement during the manic episode as monotherapy or in combination with lithium or sodium valproate.,<schizophrenia>; <bipolar disorder>,schering-plough pty limited,schering-plough,"166561, 166562",asenapine,no,no,tablet,pm-2009-03233-3-1,na
subcutaneous,29.09.2017,2017,authorised (under additional monitoring),TGA,approved,12.09.2018,2018,diseases of the musculoskeletal system and connective tissue,<rheumatoid arthritis>,auspar-sarilumab-rch-190408.pdf,biologics,kevzara,treatment of moderate to severe active rheumatoid arthritis in adult patients who have had an inadequate response or intolerance to one or more dmards.,no,treatment of moderate to severe active rheumatoid arthritis in adult patients who have had an inadequate response or intolerance to one or more dmards.,<rheumatoid arthritis>,sanofi-aventis australia pty ltd,sanofi-aventis,"293333, 293334, 293335 and 293336",sarilumab,no,no,solution,pm-2017-03119-1-3,na
intramuscular,26.02.2021,2021,authorised (under additional monitoring),TGA,approved,19.01.2022,2022,infectious and parasitic diseases; diseases of the respiratory system,<coronavirus infections>,auspar-sars-cov-2-rs-matrix-m-adjuvant.pdf,vaccine,nuvaxovid,active immunisation to prevent coronavirus disease 2019 (covid-19) caused by sars-cov-2 in individuals 18 years of age and older.,no,"active immunisation for the prevention of mild, moderate, and severe disease caused by sars-cov-2 in adults ≥ 18 years of age.",<sars-cov-2 infections>,biocelect pty ltd,biocelect,355139,sars-cov-2 recombinant spike protein,no,no,suspension,pm-2021-00623-1-2,na
subcutaneous,02.12.2019,2019,authorised (under additional monitoring),TGA,approved,13.11.2020,2020,diseases of the nervous system,<neuromyelitis optica spectrum disorder>,auspar-satralizumab-210714.pdf,biologics,enspryng,treatment of adults with neuromyelitis optica spectrum disorders (nmosd) who have an anti-aquaporin 4 antibody (aqp4)-igg positive status.,no,treatment of adult and adolescent patients from 12 years of age with neuromyelitis optica spectrum disorders (nmosd).,<neuromyelitis optica spectrum disorder>,roche products pty ltd,roche,326047,satralizumab,no,yes,solution,pm-2019-04752-1-1,na
oral,,,na,TGA,withdrawn,20.12.2012,2012,"endocrine, nutritional, and metabolic diseases",not reported,auspar-saxagliptin-120625.pdf,small molecule,onglyza,na,yes,type ii diabetes mellitus in patients with renal impairment,"<diabetes mellitus, type 2>",bristol-myers squibb/astrazeneca,bristol-myers squibb,,saxagliptin,yes,no,tablet,pm-2010-03800-3-5,
oral,18.03.2011,2011,authorised,TGA,approved,19.09.2012,2012,"endocrine, nutritional, and metabolic diseases",<diabetes mellitus>,auspar-saxagliptin-130313.pdf,small molecule,onglyza,"to improve glycaemic control as add-on therapy to premixed or basal insulin (with or without metformin) when premixed or basal insulin (with or without metformin) used with diet and exercise, do not provide adequate glycaemic control.",yes,to improve glycaemic control in combination with insulin (with or without metformin) in patients with type 2 diabetes mellitus.,<type 2 diabetes mellitus>,bristol-myers squibb australia pty ltd,bristol-myers squibb,157907,saxagliptin,yes,no,tablet,pm-2011-01174-3-5,
oral,,,authorised,TGA,approved,01.05.2013,2013,"endocrine, nutritional, and metabolic diseases","<diabetes mellitus, type 2>",auspar-saxagliptin-131015.pdf,small molecule,kombiglyze,as an adjunct to diet and exercise to improve glycaemic control in adults with type 2 diabetes mellitus when treatment with both saxagliptin and metformin is appropriate.,no,as an adjunct to diet and exercise to improve glycaemic control in adults with type 2 diabetes mellitus when treatment with both saxagliptin and metformin is appropriate.,<type 2 diabetes mellitus>,bristol-myers squibb australia pty ltd,bristol-myers squibb,"aust r 196044, aust r 196045, aust r 196046",saxagliptin / metformin hydrochloride,no,no,tablet,pm-2012-00296-3-5,na
oral,20.04.2015,2015,authorised,TGA,approved,21.10.2016,2016,"endocrine, nutritional, and metabolic diseases",<type 2 diabetes mellitus>,auspar-saxagliptin-dapagliflozin-171006.pdf,small molecule,qtern,"as an adjunct to diet and exercise, in combination with metformin, to improve glycaemic control in adults with type 2 diabetes mellitus when treatment with both saxagliptin and dapagliflozin is appropriate.",no,to improve glycaemic control in adults with type 2 diabetes mellitus when treatment with both saxagliptin and dapagliflozin is appropriate.,<type 2 diabetes mellitus>,astrazeneca pty ltd,astrazeneca,255632,saxagliptin / dapagliflozin,no,no,tablet,pm-2015-02415-1-5,na
subcutaneous,,,authorised,TGA,approved,23.06.2011,2011,"diseases of the genitourinary system; endocrine, nutritional, and metabolic diseases",<endometriosis>,auspar-sayana.pdf,small molecule,sayana,endometriosis and contraception (ovulation suppression),no,endometriosis and contraception (ovulation suppression),<endometriosis>,pfizer australia pty ltd,pfizer,167889,medroxyprogesterone acetate,yes,no,suspension,pm-2009-03498-3-5,
oral,27.08.2021,2021,authorised (under additional monitoring),TGA,approved,14.07.2022,2022,neoplasms; diseases of the blood and blood-forming organs,"<leukemia, myelogenous, chronic, bcr-abl positive>",auspar-scemblix-230406.pdf,small molecule,scemblix,philadelphia chromosome-positive chronic myeloid leukaemia (ph+ cml) in chronic phase (cp) previously treated with two or more tyrosine kinase inhibitors; ph+ cml in cp with the t315i mutation.,no,for the treatment of adult patients with philadelphia chromosome-positive chronic myeloid leukaemia (ph+ cml) in chronic phase (cp) previously treated with two or more tyrosine kinase inhibitors.,"<leukemia, myelogenous, chronic, bcr-abl positive>",novartis pharmaceuticals australia pty ltd,novartis,"371018, 371019",asciminib,no,yes,tablet,pm-2021-03048-1-6,na
intravenous,31.05.2016,2016,authorised,TGA,approved,17.05.2017,2017,"endocrine, nutritional, and metabolic diseases",<lysosomal acid lipase deficiency>,auspar-sebelipase-alfa-180614.pdf,biologics,kanuma,long term enzyme replacement therapy (ert) in patients of all ages with lysosomal acid lipase deficiency (lal-d),no,long term enzyme replacement therapy (ert) in patients of all ages with lysosomal acid lipase deficiency (lal-d),<lysosomal acid lipase deficiency>,alexion pharmaceuticals australia pty ltd,alexion,274498,sebelipase alfa,no,yes,injection,pm-2016-01313-1-3,na
subcutaneous,,2015,authorised,TGA,approved,11.05.2016,2016,diseases of the musculoskeletal system and connective tissue; diseases of the skin,"<psoriatic arthritis>; <spondylitis, ankylosing>",auspar-secukinuma-161025.pdf,biologics,cosentyx / zafrez,psoriatic arthritis and ankylosing spondylitis,yes,psoriatic arthritis and ankylosing spondylitis,"<arthritis, psoriatic>; <spondylitis, ankylosing>",novartis pharmaceuticals australia pty ltd,novartis,"218798, 218799, 218800, 230438, 230439, 230440",secukinumab,yes,no,solution,pm-2015-00766-1-3 / pm-2015-00777-1-3,
subcutaneous,,,authorised,TGA,approved,08.01.2015,2015,diseases of the skin,<plaque psoriasis>,auspar-secukinumab-150916.pdf,biologics,cosentyx / zafrez,the treatment of moderate to severe plaque psoriasis in adult patients who are candidates for systemic therapy or phototherapy.,no,the treatment of moderate to severe plaque psoriasis in adult patients who are candidates for systemic therapy or phototherapy.,<psoriasis>,novartis pharmaceuticals australia pty ltd,novartis,"218798, 218799, 218800, 230440, 230438 and 230439",secukinumab,no,no,powder; solution,pm-2013-04153-1-4,na
subcutaneous,04.12.2019,2019,authorised,TGA,approved,10.09.2020,2020,diseases of the musculoskeletal system and connective tissue,"<arthritis, spondylarthritis>",auspar-secukinumab-210127.pdf,biologics,cosentyx,"non-radiographic axial spondyloarthritis (nr-axspa) with objective signs of inflammation as indicated by elevated c-reactive protein (crp) and/or mri change, who have had an inadequate response to, or are intolerant to, nsaids.",yes,non-radiographic axial spondyloarthritis (axspa without radiographic damage),"<arthritis, spondylarthritis>",novartis pharmaceuticals australia pty ltd,novartis,"aust r 218798, 218799, 218800",secukinumab,yes,no,powder; solution,pm-2019-04601-1-3,
oral,,,authorised,TGA,approved,18.03.2016,2016,diseases of the circulatory system,<pulmonary hypertension>; <connective tissue diseases>; <heart diseases>,auspar-selexipag-161108.pdf,small molecule,uptravi,"idiopathic pulmonary arterial hypertension; heritable pulmonary arterial hypertension; pulmonary arterial hypertension associated with connective tissue disease; pulmonary arterial hypertension associated with congenital heart disease with repaired shunts; pulmonary arterial hypertension associated with drugs and toxins in patients with who functional class ii, iii or iv symptoms",no,treatment of subtypes of pulmonary arterial hypertension (pah),<pulmonary hypertension>,actelion pharmaceuticals ltd,actelion,"234161, 234160, 234159, 234166, 234162, 234163, 234165, 234164",selexipag,no,yes,tablet,,na
oral,,,authorised,TGA,approved,03.03.2010,2010,mental and behavioural disorders,"<bipolar disorder>; <schizophrenia>; <depressive disorder, major>; <anxiety disorders>",auspar-seroquel.pdf,small molecule,"seroquel, seroquel xr",bipolar disorder; schizophrenia; major depressive disorder; generalised anxiety disorder,yes,"extension of indications to include use in children/adolescents with schizophrenia and bipolar mania, and treatment of generalised anxiety disorder.",<schizophrenia>; <bipolar disorder>; <anxiety disorders>,astrazeneca pty ltd,astrazeneca,aust r 58113; aust r 58114; aust r 78360; aust r 58112; aust r 73350; aust r 78361; aust r 138917; aust r 153883; aust r 138920; aust r 138921; aust r 138922,quetiapine,yes,no,tablet,pm-2008-03436-1,
oral,,,authorised,TGA,approved,14.04.2015,2015,"endocrine, nutritional, and metabolic diseases",<hyperphosphatemia>; <chronic kidney disease>,auspar-sevelamer-carbonate-151002.pdf,other,renvela / sevelamer carbonate winthrop/ sevelamer carbonate sanofi,the management of hyperphosphataemia in adult patients with stage 4 and 5 chronic kidney disease.,no,the management of hyperphosphataemia in adult patients with stage 4 and 5 chronic kidney disease.,<hyperphosphatemia>; <chronic kidney disease>,sanofi aventis australia pty ltd,sanofi,"220889, 220890, 220892, 220886, 220893, 220888, 220894, 220887 and 220891",sevelamer carbonate,yes,no,tablet; powder,pm-2013-04961-1-3,
oral,,,withdrawn,TGA,refused,30.06.2015,2015,"endocrine, nutritional, and metabolic diseases",not reported,auspar-sevelamer-hydrochloride-170731_2.pdf,other,sevelamer gppl,na,no,management of hyperphosphataemia in adult patients with stage 4 and 5 chronic kidney disease,<hyperphosphatemia>; <chronic kidney disease>,generic partners,generic,,sevelamer hydrochloride,yes,no,tablet,pm-2013-00742-1-3,
oral,,,authorised,TGA,approved,10.05.2010,2010,diseases of the circulatory system,<hypertension>,auspar-sevikar.pdf,small molecule,sevikar,treatment of hypertension,no,treatment of hypertension,<hypertension>,schering-plough pty ltd,schering-plough,"157562, 157563, 157564, 157565",olmesartan medoxomil and amlodipine besylate,no,no,tablet,pm-2008-03320-3-3,na
oral,05.04.2023,2023,authorised,TGA,approved,24.05.2024,2024,"endocrine, nutritional, and metabolic diseases","<diabetes mellitus, type 2>",auspar-sidapvia-240814.pdf,small molecule,sidapvia,sidapvia is indicated as an adjunct to diet and exercise to improve glycaemic control in adults with type 2 diabetes mellitus when treatment with both dapagliflozin and sitagliptin is appropriate.,no,sidapvia is indicated as an adjunct to diet and exercise to improve glycaemic control in adults with type 2 diabetes mellitus when treatment with both dapagliflozin and sitagliptin is appropriate.,<type 2 diabetes mellitus>,astrazeneca pty ltd,astrazeneca,405540,dapagliflozin and sitagliptin,yes,no,tablet,pm-2023-00672-1-5,
oral,,,authorised,TGA,approved,18.05.2017,2017,diseases of the genitourinary system,<lower urinary tract symptoms>;<prostatic hyperplasia>,auspar-silodosin-171031.pdf,small molecule,urorec,relief of lower urinary tract symptoms (luts) associated with benign prostatic hyperplasia in adult men,no,treatment of the signs and symptoms of benign prostatic hyperplasia (bph) in adult men,<prostatic hyperplasia>,mayne pharma international pty ltd,mayne,275256 and 275265,silodosin,no,no,capsule,pm-2016-00744-1-3,na
oral,,,authorised,TGA,approved,10.07.2014,2014,infectious and parasitic diseases,<chronic hepatitis c>,auspar-simeprevir-141027.pdf,small molecule,olysio/janssen simeprevir,"treatment of chronic hepatitis c (chc) genotype 1 or genotype 4 infection, in combination with other medicinal products for the treatment of chc infection",no,"treatment of chronic hepatitis c (chc) genotype 1 or genotype 4 infection, in combination with peginterferon alfa and ribavirin, in adults with compensated liver disease (including cirrhosis) with or without human immunodeficiency virus-1 (hiv-1) co-infection who are treatment-naïve or who have failed previous interferon therapy (pegylated or non-pegylated) with or without ribavirin.",<chronic hepatitis c>; <liver cirrhosis>; <hiv infections>,janssen-cilag pty ltd,janssen-cilag,"211696, 211697",simeprevir,no,no,capsule,pm-2013-01557-1-2,na
intravenous,,,authorised,TGA,approved,05.11.2014,2014,diseases of the blood and blood-forming organs,<hemophilia a>,auspar-simoctocog-alfa-rhu-160607.pdf,biologics,nuwiq,treatment and prophylaxis of bleeding (also during and after surgery) in previously treated paediatric (≥ 2 years) and adult patients with haemophilia a (congenital fviii deficiency).,no,treatment and prophylaxis of bleeding (also during and after surgery) in patients with haemophilia a (congenital fviii deficiency).,<hemophilia a>,octapharma australia pty ltd,octapharma,"213938, 213939, 213940 and 213941",simoctocog alfa,yes,no,powder,pm-2013-02226-1-4,
oral,30.11.2018,2018,authorised (under additional monitoring),TGA,approved,25.10.2019,2019,diseases of the nervous system,"<multiple sclerosis, chronic progressive>",auspar-siponimod-191211.pdf,small molecule,mayzent,treatment of adult patients with secondary progressive multiple sclerosis (spms),no,treatment of patients with secondary progressive multiple sclerosis (spms),"<multiple sclerosis, chronic progressive>",novartis pharmaceuticals australia pty ltd,novartis,"310498, 310499",siponimod,no,no,tablet,pm-2018-04434-1-1,na
oral,,,authorised,TGA,approved,13.09.2012,2012,"endocrine, nutritional, and metabolic diseases","<diabetes mellitus, type 2>",auspar-sitagliptin-121220.pdf,small molecule,januvia,treatment of diabetes mellitus type 2 in persons 18 years of age and older who have failed dietary measures and exercise,yes,monotherapy and initial combination therapy with metformin for type 2 diabetes mellitus,<type 2 diabetes mellitus>,msd (australia) pty limited,msd,"aust r 133188, aust r 133187 and aust r 133182",sitagliptin,yes,no,tablet,pm 2011-01224-3-5,
oral,,,authorised,TGA,approved,13.09.2012,2012,"endocrine, nutritional, and metabolic diseases",<type 2 diabetes mellitus>,auspar-sitagliptin-130114.pdf,small molecule,janumet,"janumet is indicated as initial therapy in patients with type 2 diabetes mellitus to improve glycaemic control when diet and exercise do not provide adequate glycaemic control, when dual sitagliptin and metformin therapy is appropriate (i.e. high initial hba1c levels and poor prospects of response to monotherapy).",yes,janumet is indicated as initial therapy in patients with type 2 diabetes mellitus to improve glycaemic control when diet and exercise do not provide adequate glycaemic control.,<type 2 diabetes mellitus>,"merck, sharp and dohme (msd) (australia) pty limited","merck, sharp and dohme","aust r 149014, aust r 149021 and aust r 149023",sitagliptin/metformin,yes,no,tablet,pm-2011-01226-3-5,
oral,,,authorised,TGA,approved,23.11.2012,2012,"endocrine, nutritional, and metabolic diseases; diseases of the circulatory system","<diabetes mellitus, type 2>",auspar-sitagliptin-simvastatin-130606.pdf,small molecule,juvicor/xelezor/tesozor,adult patients with type 2 diabetes mellitus in whom treatment with both sitagliptin and simvastatin is indicated according to the separate indications of these drugs.,no,adult patients with type 2 diabetes mellitus in whom treatment with both sitagliptin and simvastatin is indicated according to the separate indications of these drugs.,<type 2 diabetes mellitus>,merck sharp & dohme (australia) pty ltd,merck sharp & dohme,191482; 191478; 191481; 191476; 191474; 191477; 191475; 191479; and 191480,sitagliptin and simvastatin,yes,no,tablet,pm-2011-02796-3-5,
intravenous,,,authorised,TGA,approved,20.12.2011,2011,"endocrine, nutritional, and metabolic diseases",not reported,auspar-smoflipid-120315.pdf,other,smofkabiven and smofkabiven electrolyte free emulsion,"parenteral nutrition for adult patients when oral or enteral nutrition is impossible, insufficient or contraindicated.",no,"parenteral nutrition for adult patients when oral or enteral nutrition is impossible, insufficient or contraindicated.",not reported,fresenius kabi australia pty ltd,fresenius,"173890, 180543, 180546, 180547, 173891, 180548, 180549, 180550","lipids, glucose, amino acids",yes,no,emulsion,pm-2010-02110-3-1,
intravenous,02.01.2019,2019,authorised,TGA,approved,13.11.2019,2019,"endocrine, nutritional, and metabolic diseases",not reported,auspar-sodium-glycerophosphate-200213.pdf,small molecule,glycophos,supplement to parenteral nutrition to meet the daily requirements of phosphate.,no,supplement to parenteral nutrition to meet the daily requirements of phosphate.,not reported,fresenius kabi australia pty ltd,fresenius,312021,sodium glycerophosphate,yes,no,solution,pm-2018-04249-1-1,
oral,02.05.2016,2016,authorised,TGA,approved,19.05.2017,2017,"endocrine, nutritional, and metabolic diseases",<urea cycle disorders>,auspar-sodium-phenylbutyrate-180123.pdf,small molecule,pheburane,management of hyperammonaemia associated with urea cycle disorders,no,management of hyperammonaemia associated with urea cycle disorders,<urea cycle disorders>,orpharma pty ltd,orpharma,273750,sodium phenylbutyrate,yes,yes,granules,pm-2016-00417-1-3,
oral,23.12.2015,2015,withdrawn,TGA,withdrawn,13.04.2017,2017,"endocrine, nutritional, and metabolic diseases",not reported,auspar-sodium-zirconium-cyclosilicate-hydrate-180129.pdf,other,lokelma,na,no,"for the treatment of hyperkalaemia in adult patients, acute and extended use.",<hyperkalemia>,astrazeneca pty ltd,astrazeneca,,sodium zirconium cyclosilicate hydrate,no,no,powder,pm-2015-03559-1-5,na
oral,,,authorised,TGA,approved,30.06.2014,2014,infectious and parasitic diseases,<chronic hepatitis c>,auspar-sofosbuvir-140805.pdf,small molecule,sovaldi,treatment of adults with chronic hepatitis c (chc) infection as a component of a combination antiviral treatment regimen.,no,treatment of adults with chronic hepatitis c (chc) infection as a component of a combination antiviral treatment regimen.,<chronic hepatitis c>,gilead sciences pty ltd,gilead,211019,sofosbuvir,no,no,tablet,pm-2013-01283-1-2,na
oral,02.03.2020,2020,authorised,TGA,approved,09.04.2021,2021,infectious and parasitic diseases,<chronic hepatitis c>,auspar-sofosbuvir-velpatasvir-210826.pdf,small molecule,epclusa,"treatment of chronic hepatitis c virus (hcv) infection (genotype 1, 2, 3, 4, 5 or 6) in adults and paediatric patients ≥ 12 years of age and weighing ≥ 30 kg",yes,treatment of chronic hepatitis c virus (hcv) infection in adults and paediatric patients ≥ 12 years of age or weighing ≥ 35 kg,<chronic hepatitis c>,gilead sciences pty ltd,gilead,266823,sofosbuvir/velpatasvir,no,no,tablet,pm 2020-00171-1-2,na
oral,31.03.2017,2017,authorised (under additional monitoring),TGA,approved,13.03.2018,2018,infectious and parasitic diseases,<chronic hepatitis c>,auspar-sofosbuvir-velpatasvir-voxilaprevir-190304.pdf,small molecule,vosevi,"treatment of chronic hepatitis c virus (hcv) infection in adult patients, without cirrhosis or with compensated cirrhosis",no,treatment of chronic hepatitis c virus (hcv) infection in adults,<chronic hepatitis c>,gilead sciences pty ltd,gilead,286358,sofosbuvir / velpatasvir / voxilaprevir,no,no,tablet,pm-2016-04442-1-2,na
subcutaneous,01.06.2021,2021,authorised (under additional monitoring),TGA,approved,14.02.2022,2022,"endocrine, nutritional, and metabolic diseases",<growth hormone deficiency>,auspar-sogroya-20221007.pdf,biologics,sogroya,replacement of endogenous growth hormone (gh) in adults with growth hormone deficiency (aghd),no,replacement of endogenous growth hormone (gh) in adults with growth hormone deficiency (aghd),<growth hormone deficiency>,novo nordisk pharmaceuticals pty ltd,novo nordisk,363895,somapacitan,no,no,solution,pm-2021-01699-1-5,na
oral,30.09.2022,2022,authorised (under additional monitoring),TGA,approved,27.11.2023,2023,diseases of the musculoskeletal system and connective tissue; congenital malformations and chromosomal abnormalities,<fibrodysplasia ossificans progressiva>,auspar-sohonos-240813.pdf,small molecule,sohonos,to reduce the formation of heterotopic ossification in adults and children aged 8 years and above for females and 10 years and above for males with fibrodysplasia ossificans progressiva (fop).,no,to reduce the formation of heterotopic ossification in adults and children aged 8 years and above for females and 10 years and above for males with fibrodysplasia ossificans progressiva (fop).,<fibrodysplasia ossificans progressiva>,ipsen pty ltd,ipsen,"393999, 394000, 394001, 394002, 394003",palovarotene,no,yes,capsule,,na
subcutaneous,,,authorised,TGA,approved,22.06.2012,2012,"endocrine, nutritional, and metabolic diseases",<failure to thrive>,auspar-somatropin-130115.pdf,peptides and proteins,humatrope,treatment of growth failure in children born small for gestational age (sga) who fail to demonstrate catch-up growth by age two to four years.,yes,treatment of growth failure in children born small for gestational age (sga) who fail to demonstrate catch-up growth by age two to four years.,<failure to thrive>,eli lilly australia pty ltd,eli lilly,"53364, 53365, 52423",somatropin,yes,yes,powder,pm-2010-00615-3-5,
subcutaneous,,,authorised,TGA,approved,19.12.2009,2009,"endocrine, nutritional, and metabolic diseases; congenital malformations and chromosomal abnormalities",<short stature>; <turner syndrome>; <prader-willi syndrome>; <chronic kidney disease>,auspar-somatropin.pdf,peptides and proteins,genotropin,short stature due to decreased or failed secretion of pituitary growth hormone; treatment of adults with severe growth hormone deficiency; growth disturbances associated with turner syndrome; improvement of body composition and treatment of short stature associated with prader-willi syndrome in paediatric patients; treatment of growth disturbance in children with chronic renal insufficiency,no,,not reported,pfizer australia,pfizer,,somatropin,yes,yes,powder,,
oral,06.03.2013,2013,authorised,TGA,approved,22.04.2014,2014,"neoplasms; endocrine, nutritional, and metabolic diseases",<differentiated thyroid carcinoma>,auspar-sorafenib-140806.pdf,small molecule,nexavar,"differentiated thyroid carcinoma: nexavar is indicated for the treatment of patients with locally advanced or metastatic, progressive, differentiated thyroid carcinoma refractory to radioactive iodine.",yes,"the treatment of patients with locally advanced or metastatic, progressive, differentiated thyroid carcinoma refractory to radioactive iodine.",<thyroid neoplasms>,bayer australia ltd,bayer,123158,sorafenib,yes,yes,tablet,pm-2013-02057-1-4,
intravenous,20.05.2021,2021,authorised (under additional monitoring),TGA,approved,20.08.2021,2021,infectious and parasitic diseases; diseases of the respiratory system,<coronavirus infections>,auspar-sotrovimab-210820.pdf,biologics,xevudy,treatment of adults and adolescents (aged 12 years and over and weighing at least 40 kg) with coronavirus disease 2019 (covid-19) who do not require initiation of oxygen due to covid-19 and who are at increased risk of progression to hospitalisation or death.,no,for the treatment of patients with coronavirus disease 2019 (covid-19) who are at risk for progression to hospitalisation or death.,<coronavirus disease 2019>,glaxosmithkline australia pty ltd,glaxosmithkline,364110,sotrovimab,no,no,solution,pm-2021-01848-1-2,na
oral,30.11.2021,2021,authorised (under additional monitoring),TGA,approved,29.11.2022,2022,diseases of the skin,<psoriasis>,auspar-sotyktu-230830.pdf,small molecule,sotyktu,treatment of adult patients with moderate-to-severe plaque psoriasis who are candidates for systemic therapy or phototherapy.,no,treatment of adult patients with moderate-to-severe plaque psoriasis who are candidates for systemic therapy or phototherapy.,<psoriasis>,bristol myers squibb australia pty ltd,bristol myers squibb,376290,deucravacitinib,no,no,tablet,pm-2021-04758-1-1,na
injection,30.06.2022,2022,authorised (under additional monitoring),TGA,approved,05.09.2023,2023,diseases of the skin,"<psoriasis, pustular>",auspar-spevigo-240703.pdf,biologics,spevigo,treatment of flares in adult patients with generalised pustular psoriasis,no,treatment of flares in adult patients with generalised pustular psoriasis,"<psoriasis, pustular>",boehringer ingelheim pty ltd,boehringer ingelheim,388597,spesolimab,no,yes,solution,pm-2022-01272-1-1,na
intramuscular,08.03.2022,2022,authorised,TGA,approved,19.10.2022,2022,infectious and parasitic diseases,<coronavirus infections>,auspar-spikevax-20221108.pdf,vaccine,spikevax,active immunisation to prevent coronavirus disease 2019 (covid-19) caused by sars-cov-2 in individuals 6 months of age and older.,yes,active immunisation to prevent coronavirus disease 2019 (covid-19) caused by sars-cov-2 in individuals 6 months of age and older.,<coronavirus disease 2019>,moderna australia pty ltd,moderna,370599,elasomeran,no,no,suspension,pm-2022-00685-1-2,na
intramuscular,19.01.2023,2023,authorised (under additional monitoring),TGA,approved,21.04.2023,2023,infectious and parasitic diseases; diseases of the respiratory system,<coronavirus disease 2019>,auspar-spikevax-230511.pdf,vaccine,spikevax,active immunisation to prevent coronavirus disease 2019 (covid-19) caused by sars-cov-2 in individuals 6 years of age and older.,no,active immunisation to prevent coronavirus disease 2019 (covid-19) caused by sars-cov-2 in individuals 6 years of age and older.,<coronavirus disease 2019>,moderna australia pty ltd,moderna,"370599, 388244 and 388245",elasomeran,yes,no,suspension,pm-2022-05374-1-2,
intramuscular,22.06.2022,2022,authorised,TGA,approved,29.08.2022,2022,infectious and parasitic diseases,<coronavirus infections>,auspar-spikevax-bivalent-original-omicron-220830.pdf,vaccine,spikevax bivalent original/omicron,as a booster dose for active immunisation to prevent coronavirus disease 2019 (covid-19) caused by sars-cov-2 in individuals 18 years of age and older.,no,as a booster dose for active immunisation to prevent coronavirus disease 2019 (covid-19) caused by sars-cov-2 in individuals 18 years of age and older.,<coronavirus disease 2019>,moderna australia pty ltd,moderna,389513,elasomeran and imelasomeran,yes,no,suspension,pm-2022-02203-1-2,
intramuscular,18.11.2022,2022,authorised (under additional monitoring),TGA,approved,17.02.2023,2023,infectious and parasitic diseases,<coronavirus infections>,auspar-spikevax-bivalent-original-omicron-ba-4-5-230224.pdf,vaccine,spikevax bivalent original/omicron ba.4-5,as a booster dose for active immunisation to prevent coronavirus disease 2019 (covid-19) caused by sars-cov-2 in individuals 12 years of age and older who have previously received at least a primary vaccination course against covid-19.,no,as a booster dose for active immunisation to prevent coronavirus disease 2019 (covid-19) caused by sars-cov-2 in individuals 6 years of age and older who have previously received at least a primary vaccination course against covid-19.,<coronavirus disease 2019>,moderna australia pty ltd,moderna,399552 and 399553,elasomeran and davesomeran,yes,no,suspension,pm-2022-04824-1-2,
intramuscular,04.05.2023,2023,authorised,TGA,approved,14.08.2023,2023,infectious and parasitic diseases,<coronavirus infections>,auspar-spikevax-original-omicron-ba.4-5-230907.pdf,vaccine,spikevax bivalent original/omicron ba.4-5,as a booster dose for active immunisation to prevent coronavirus disease 2019 (covid-19) caused by sars-cov-2 in individuals 12 years of age and older who have previously received at least a primary vaccination course against covid-19.,no,as a booster dose for active immunisation to prevent coronavirus disease 2019 (covid-19) caused by sars-cov-2 in individuals 12 years of age and older who have previously received at least a primary vaccination course against covid-19.,<coronavirus disease 2019>,moderna australia pty ltd,moderna,"399552, 399553, 406730",elasomeran and davesomeran,yes,no,suspension,pm-2023-01714-1-2,
intramuscular,23.08.2023,2023,authorised (under additional monitoring),TGA,approved,06.10.2023,2023,infectious and parasitic diseases,<coronavirus disease 2019>,auspar-spikevax-xbb.1.5-231012.pdf,vaccine,spikevax xbb.1.5,active immunisation to prevent coronavirus disease 2019 (covid-19) caused by sars-cov-2 in individuals 12 years of age and older.,no,active immunisation to prevent coronavirus disease 2019 (covid-19) caused by sars-cov-2 in individuals 12 years of age and older.,<coronavirus disease 2019>,moderna australia pty ltd,moderna,418910 and 418911,andusomeran,yes,no,suspension,pm-2023-03611-1-2,
intramuscular,,,withdrawn,TGA,withdrawn,15.05.2012,2012,infectious and parasitic diseases,not reported,auspar-split-virus-120716.pdf,vaccine,preflucel,na,no,prophylaxis of influenza infection in adults and elderly,<influenza>,baxter healthcare pty ltd,baxter,178756,influenza vaccine,no,no,suspension,pm-2010-03274-3-2,na
oral,,,authorised,TGA,approved,28.04.2011,2011,neoplasms; diseases of the blood and blood-forming organs,"<leukemia, myelogenous, chronic, bcr-abl positive>",auspar-sprycel.pdf,small molecule,sprycel,treatment of adults aged 18 years and over with newly diagnosed philadelphia chromosome positive (ph+) chronic myeloid leukaemia in the chronic phase,yes,treatment of adults aged 18 years or over with newly diagnosed chronic myeloid leukaemia (cml),"<leukemia, myeloid, chronic-phase>",bristol-myers squibb australia pty ltd,bristol-myers squibb,"125557, 125558, 125559, 125560, 125561, 125562, 157352 and 157356",dasatinib,yes,yes,tablet,pm-2010-01583-3-4,
intravenous; interstitial,02.08.2021,2021,authorised,TGA,approved,19.02.2024,2024,neoplasms; diseases of the circulatory system; diseases of the digestive system,<neoplasms>,auspar-spy-agent-green-240808.pdf,small molecule,spy agent green,"visualisation of vessels, blood flow and tissue perfusion in adults and paediatric patients from one month of age and above; visualisation of extrahepatic biliary ducts in adults and children from 12 years of age and above; visualisation of lymph nodes and lymphatic vessels in women with cervical or uterine solid tumours for which lymphatic mapping is a component of intraoperative management",no,"visualisation of vessels, blood flow and tissue perfusion; visualisation of extrahepatic biliary ducts; visualisation of lymph nodes and lymphatic vessels during lymphatic mapping for cervical and uterine tumours",<cervical neoplasms>; <uterine neoplasms>,stryker australia pty ltd,stryker,369670,indocyanine green,yes,no,powder,pm-2021-02677-1-2,
oral,31.10.2016,2016,authorised (under additional monitoring),TGA,approved,11.09.2019,2019,diseases of the nervous system,"<seizures>; <epilepsy, myoclonic>; <dravet syndrome>",auspar-stiripentol-191112.pdf,small molecule,diacomit,"adjunctive treatment of generalised tonic-clonic and clonic seizures associated with severe myoclonic epilepsy in infancy (smei, also known as dravet syndrome) in patients whose seizures are not adequately controlled with a benzodiazepine (usually clobazam) and valproate",no,treatment of severe myoclonic epilepsy in infancy (smei also known as dravet syndrome),"<epilepsy, myoclonic>",emerge health australia pty ltd,emerge health,"281461, 281460, 281294 and 280985",stiripentol,no,yes,capsule; powder,pm-2016-02336-1-1,na
oral,,,authorised,TGA,approved,04.05.2012,2012,diseases of the musculoskeletal system and connective tissue,<osteoporosis>,auspar-strontium-ranelate-130107.pdf,other,protos,treatment of osteoporosis in men at increased risk of fracture.,yes,treatment of osteoporosis in men at increased risk of fracture.,<osteoporosis>,servier laboratories (australia) pty ltd,servier,99978,strontium ranelate,no,no,powder,pm-2011-00498-3-5,na
sublingual,,,authorised,TGA,approved,07.12.2010,2010,mental and behavioural disorders,<opiate dependence>,auspar-suboxone.pdf,small molecule,suboxone sublingual film,"treatment of opiate dependence within a framework of medical, social and psychological treatment.",no,"treatment of opiate dependence within a framework of medical, social and psychological treatment.",<opioid-related disorders>,reckitt benckiser (australia) pty ltd,reckitt benckiser,"163443, 163444","buprenorphine, naloxone",no,no,soluble film,pm-2009-01902-3-1,na
oral,,,authorised,TGA,approved,18.11.2014,2014,diseases of the genitourinary system,<chronic kidney disease>,auspar-sucroferric-oxyhydroxide-150219.pdf,other,velphoro,control of serum phosphorus levels in adult patients with chronic kidney disease (ckd) on dialysis.,no,control of serum phosphorus levels in patients with end stage renal disease (esrd).,<end stage renal disease>,vifor pharma pty ltd,vifor,"216701, 216702",sucroferric oxyhydroxide,no,no,tablet,pm-2013-03249-1-3,na
oral,,,authorised,TGA,approved,24.02.2011,2011,"neoplasms; endocrine, nutritional, and metabolic diseases",<pancreatic neuroendocrine tumors>,auspar-sutent.pdf,small molecule,sutent,"treatment of unresectable, well-differentiated pancreatic neuroendocrine tumours (pancreatic net)",yes,treatment of unresectable pancreatic neuroendocrine tumours (pnet),<pancreatic neuroendocrine tumors>,pfizer australia pty ltd,pfizer,"123139, 123146, 123147, 149114, 149115, 149116, 156801 and 156817",sunitinib,yes,yes,tablet,pm-2010-01205-4,
oral,,,authorised,TGA,approved,11.11.2016,2016,mental and behavioural disorders,<insomnia>,auspar-suvorexant-150311.pdf,small molecule,belsomra,"the treatment of insomnia, characterised by difficulties with sleep onset and/or sleep maintenance.",no,"treatment of insomnia, characterised by difficulties with sleep onset and/or sleep maintenance.",<insomnia>,merck sharp and dohme australia pty ltd,merck sharp and dohme,"207709, 207712, 207711, 207721",suvorexant,no,no,tablet,pm-2013-00325-1-1,na
oral,,,na,TGA,rejected,05.09.2014,2014,mental and behavioural disorders,not reported,auspar-suvorexant-150411.pdf,small molecule,belsomra,na,no,"treatment of insomnia, characterised by difficulties with sleep onset and/or sleep maintenance.",<insomnia>,merck sharp and dohme australia pty ltd,merck sharp and dohme,,suvorexant,no,no,tablet,pm-2013-00325-1-1,na
inhalation,,,authorised,TGA,approved,26.03.2010,2010,diseases of the respiratory system,<chronic obstructive pulmonary disease>,auspar-symbicort.pdf,biologics,"symbicort turbuhaler 200/6, 400/12 and symbicort rapihaler 200/6",symptomatic treatment of moderate to severe copd,yes,maintenance treatment of moderate to severe copd,<chronic obstructive pulmonary disease>,astrazeneca pty ltd,astrazeneca,"80876, 80877, 115555",budesonide/eformoterol fumarate dihydrate,yes,no,powder,pm-2008-1992-5,
oral,,,authorised,TGA,approved,16.05.2013,2013,diseases of the genitourinary system,<erectile dysfunction>; <lower urinary tract symptoms>; <prostatic hyperplasia>,auspar-tadalafil-130722.pdf,small molecule,cialis,treatment of erectile dysfunction (ed) and lower urinary tract symptoms (luts) associated with benign prostatic hyperplasia (bph) in adult males,yes,treatment of erectile dysfunction (ed) and benign prostatic hyperplasia (bph) in adult males,<erectile dysfunction>; <prostatic hyperplasia>,eli lilly australia pty ltd,eli lilly,"128478 (2.5 mg), 128496 (5 mg)",tadalafil,yes,no,tablet,pm-2011-03166-3-3,
inhalation,,,authorised,TGA,approved,13.01.2011,2011,infectious and parasitic diseases; diseases of the respiratory system,<lung diseases>,auspar-tadim.pdf,peptides and proteins,tadim,for the treatment of colonisation and infections of the lung due to susceptible pseudomonas aeruginosa in patients with cystic fibrosis.,no,treatment of colonisation and infections of the lung due to susceptible pseudomonas aeruginosa in patients with cystic fibrosis.,<cystic fibrosis>,phebra pty ltd,phebra,165709,colistimethate sodium,yes,yes,powder,pm-2009-02764-3-2,
oral,11.04.2019,2019,authorised (under additional monitoring),TGA,approved,13.03.2020,2020,diseases of the circulatory system,<transthyretin amyloid cardiomyopathy>,auspar-tafamidis-200903.pdf,small molecule,vyndamax and vyndaqel,treatment of adult patients with wild-type or hereditary transthyretin amyloid cardiomyopathy (attr-cm).,no,treatment of adult patients with wild-type or hereditary transthyretin amyloid cardiomyopathy to reduce all-cause mortality and cardiovascular related hospitalisation.,<transthyretin amyloid cardiomyopathy>,pfizer australia pty ltd,pfizer,314813,tafamidis,no,yes,capsule,pm-2019-00391-1-3 and pm-2019-01399-1-3,na
oral,11.01.2018,2018,authorised (under additional monitoring),TGA,approved,12.09.2018,2018,infectious and parasitic diseases,"<malaria, vivax>",auspar-tafenoquine-as-succinate-181115.pdf,small molecule,kozenis,radical cure (prevention of relapse) of plasmodium vivax malaria in patients aged 16 years and older who are receiving appropriate antimalarial therapy for the acute plasmodium vivax infection.,no,radical cure (prevention of relapse) of plasmodium vivax malaria in patients aged 16 years and older.,"<malaria, vivax>",glaxosmithkline australia pty ltd,glaxosmithkline,297214,tafenoquine,no,yes,tablet,pm-2017-04578-1-2,na
oral,30.09.2017,2017,authorised (under additional monitoring),TGA,approved,13.09.2018,2018,infectious and parasitic diseases,<malaria>,auspar-tafenoquine-succinate-190408.pdf,small molecule,kodatef,malaria prophylaxis,no,prevention of malaria in adults for up to 6 months of continuous dosing,<malaria>,biocelect pty ltd,biocelect,293438,tafenoquine succinate,no,no,tablet,pm-2017-02418-1-2,na
ocular,,,authorised,TGA,approved,16.12.2011,2011,diseases of the eye and adnexa,"<glaucoma, open-angle>; <ocular hypertension>",auspar-tafluprost-120503.pdf,small molecule,saflutan,reduction of elevated ocular pressure in open-angle glaucoma or ocular hypertension,no,reduction of elevated ocular pressure in open-angle glaucoma or ocular hypertension,"<glaucoma, open-angle>; <ocular hypertension>",merck sharp & dohme pty ltd,merck sharp & dohme,168803,tafluprost,no,no,preservative free,pm-2009-3896-5,na
ocular,,,authorised,TGA,approved,29.01.2015,2015,diseases of the eye and adnexa,"<glaucoma, open-angle>; <ocular hypertension>",auspar-tafluprost-timolol-150728.pdf,small molecule,taptiqom 15/5,reduction of ocular pressure in adult patients with open angle glaucoma or ocular hypertension who are insufficiently responsive to beta blockers or prostaglandin analogues and require a combination therapy.,no,reduction of ocular pressure in adult patients with open angle glaucoma or ocular hypertension when concomitant therapy is appropriate.,"<glaucoma, open-angle>; <ocular hypertension>",merck sharp & dohme (australia) pty ltd,merck sharp & dohme,218042,tafluprost / timolol,no,no,solution,pm-2013-03652-1-5,na
oral,30.11.2018,2018,authorised (under additional monitoring),TGA,approved,15.11.2019,2019,neoplasms,<breast neoplasms>,auspar-talazoparib-as-tosilate-200225.pdf,small molecule,talzenna,"treatment of patients with a deleterious or suspected deleterious germline breast cancer susceptibility gene (brca) mutation according to a validated diagnostic test, who have human epidermal growth factor receptor 2 (her2)-negative, locally advanced or metastatic breast cancer",no,treatment of patients with germline breast cancer susceptibility gene (brca) mutated human epidermal growth factor receptor 2 (her2)-negative locally advanced or metastatic breast cancer,<breast neoplasms>,pfizer australia pty ltd,pfizer,"310749, 310750, 310751, 310752",talazoparib,no,no,capsule,pm-2018-04458-1-4,na
intralesional,,,authorised,TGA,approved,18.12.2015,2015,neoplasms; diseases of the skin,<melanoma>,auspar-talimogene-laherparepvec-160531.pdf,biologics,imlygic,"treatment of melanoma in patients with unresectable cutaneous, subcutaneous or nodal lesions after initial surgery",no,treatment of melanoma that is regionally or distantly metastatic,<melanoma>,amgen australia,amgen,"232296, 232297",talimogene laherparepvec,no,no,solution,pm-2014-03464-1-4,na
oral,,,na,TGA,rejected,25.03.2011,2011,infectious and parasitic diseases,not reported,auspar-tamiflu.pdf,small molecule,tamiflu,na,yes,treatment of influenza in 6-12 month olds and dosage regime for immunocompromised hosts,<influenza>,roche products pty ltd,roche,,oseltamivir phosphate,yes,no,capsule; powder,pm-2010-00616-3-2,
oral,,,authorised,TGA,approved,16.04.2010,2010,neoplasms; diseases of the respiratory system,<lung neoplasms>,auspar-tarceva.pdf,small molecule,tarceva,maintenance therapy in patients with locally advanced or metastatic non-small cell lung cancer (nsclc) who have not progressed on first line chemotherapy.,yes,maintenance therapy in patients with locally advanced or metastatic non-small cell lung cancer (nsclc) who have not progressed on first line chemotherapy.,<lung neoplasms>,roche products pty ltd,roche,"114714, 114717, 114721",erlotinib,yes,no,tablet,pm-2009-00835-3-4,
oral,,,authorised,TGA,approved,05.03.2010,2010,diseases of the musculoskeletal system and connective tissue; diseases of the digestive system,<chronic pain>,auspar-targin.pdf,small molecule,targin,management of moderate to severe chronic pain unresponsive to non-narcotic analgesia. the naloxone component in a fixed combination with oxycodone is indicated for the therapy and/or prophylaxis of opioid-induced constipation.,no,management of moderate to severe chronic pain unresponsive to non-narcotic analgesia. the naloxone component in a fixed combination with oxycodone is indicated for the therapy and/or prophylaxis of opioid-induced constipation.,<chronic pain>,mundipharma pty ltd,mundipharma,,"oxycodone hydrochloride, naloxone hydrochloride",no,no,tablet,pm-2008-2938-1,na
oral,,,authorised,TGA,approved,26.08.2011,2011,neoplasms; diseases of the blood and blood-forming organs,"<leukemia, myelogenous, chronic, bcr-abl positive>",auspar-tasigna.pdf,small molecule,tasigna,treatment of adult patients with newly diagnosed philadelphia chromosome positive chronic myeloid leukaemia (cml) in chronic phase.,yes,treatment of adult patients with newly diagnosed philadelphia chromosome positive chronic myeloid leukaemia (cml) in chronic phase.,"<leukemia, myelogenous, chronic, bcr-abl positive>",novartis pharmaceuticals australia pty ltd,novartis,"133086, 171498",nilotinib,yes,yes,capsule,pm-2010-01053-3-4,
oral,31.01.2022,2022,authorised (under additional monitoring),TGA,approved,17.01.2023,2023,diseases of the blood and blood-forming organs; diseases of the circulatory system,<granulomatosis with polyangiitis>; <microscopic polyangiitis>,auspar-tavneos-231004.pdf,small molecule,tavneos,"tavneos, in combination with a rituximab or cyclophosphamide based regimen, is indicated for the treatment of adults with anti-neutrophil cytoplasmic autoantibody (anca)-associated vasculitis (granulomatosis with polyangiitis [gpa] and microscopic polyangiitis [mpa]).",no,"tavneos, in combination with other immunosuppressant therapies, is indicated for the treatment of patients with anti-neutrophil cytoplasmic autoantibody (anca)-associated vasculitis (granulomatosis with polyangiitis [gpa] and microscopic polyangiitis [mpa]).",<vasculitis>,vifor pharma pty ltd,vifor,381053,avacopan,no,yes,capsule,pm-2021-05913-1-3,na
subcutaneous,31.05.2022,2022,authorised (under additional monitoring),TGA,approved,02.06.2023,2023,neoplasms; diseases of the blood and blood-forming organs,<multiple myeloma>,auspar-tecvayli-240502.pdf,biologics,tecvayli,"treatment of adult patients with relapsed or refractory multiple myeloma who have received at least three prior therapies, including a proteasome inhibitor, an immunomodulatory agent and an anti-cd38 monoclonal antibody.",no,"treatment of adult patients with relapsed or refractory multiple myeloma who have received at least three prior therapies, including a proteasome inhibitor, an immunomodulatory agent and an anti-cd38 monoclonal antibody.",<multiple myeloma>,janssen-cilag pty ltd,janssen-cilag,387621 and 387622,teclistamab,no,yes,solution,pm-2022-01541-1-6,na
subcutaneous,31.05.2016,2016,authorised,TGA,approved,17.05.2017,2017,diseases of the digestive system,<short bowel syndrome>,auspar-teduglutide-180406.pdf,biologics,revestive,treatment of adult patients with short bowel syndrome (sbs) who are dependent on parenteral support.,no,treatment of adult patients with short bowel syndrome (sbs) who are dependent on parenteral support.,<short bowel syndrome>,shire australia pty ltd,shire,274911,teduglutide,no,no,powder,pm-2016-01314-1-1,na
oral,,,authorised,TGA,approved,24.02.2012,2012,infectious and parasitic diseases,<chronic hepatitis c>; <liver diseases>,auspar-telaprevir-121026.pdf,small molecule,incivo,treatment of genotype 1 chronic hepatitis c in adult patients with compensated liver disease,no,treatment of genotype 1 chronic hepatitis c in adult patients with compensated liver disease,<chronic hepatitis c>; <liver diseases>,janssen-cilag pty ltd,janssen-cilag,180138,telaprevir,no,no,tablet,pm-2010-03576-3-2,na
oral,,,authorised,TGA,approved,23.01.2012,2012,infectious and parasitic diseases,<hiv infections>,auspar-tenofovir-disoproxil-fumarate-120327.pdf,small molecule,eviplera,"treatment of hiv infection in treatment-naïve adult patients with plasma hiv-1 rna ≤100,000 copies/ml at the start of therapy.",no,"treatment of hiv infection in treatment-naïve adult patients with plasma hiv-1 rna ≤100,000 copies/ml at the start of therapy.",<human immunodeficiency virus>,gilead sciences pty ltd,gilead,176537,tenofovir disoproxil fumarate; emtricitabine; rilpivirine,no,no,tablet,pm-2010-02853-3-2,na
oral,,,authorised,TGA,approved,07.02.2013,2013,infectious and parasitic diseases,<hiv infections>,auspar-tenofovir-disoproxil-fumarate-130805.pdf,small molecule,stribild,as a single tablet regimen for the treatment of hiv infection in treatment-naïve adults,no,as a complete regimen for the treatment of hiv infection in adults who have no known mutations associated with resistance to the individual components of stribild,<hiv infections>,gilead sciences pty ltd,gilead,194081,"tenofovir disoproxil fumarate, emtricitabine, elvitegravir, cobicistat",no,no,tablet,pm-2011-03533-3-2,na
oral,,,authorised,TGA,approved,17.09.2013,2013,infectious and parasitic diseases; diseases of the digestive system,<chronic hepatitis b>,auspar-tenofovir-disoproxil-fumarate-131014.pdf,small molecule,viread,"treatment of chronic hepatitis b in paediatric patients 12 years of age and older with compensated liver disease and with evidence of immune active disease, i.e. active viral replication, persistently elevated serum alt levels or evidence of active inflammation",yes,treatment of chronic hepatitis b in paediatric patients aged 12 years of age and older,<chronic hepatitis b>,"gilead sciences, australia & new zealand",gilead,90370,tenofovir disoproxil fumarate,yes,yes,tablet,pm-2012-01178-3-2,
oral,,,authorised,TGA,approved,14.05.2014,2014,infectious and parasitic diseases,<hiv infections>,auspar-tenofovir-disoproxil-fumarate-140715.pdf,small molecule,eviplera,"treatment of hiv infection in treatment-naïve adult patients with plasma hiv-1 rna ≤100,000 copies/ml and in certain virologically-suppressed adult patients on a stable antiretroviral regimen.",yes,"treatment of hiv infection in adult patients with plasma hiv-1 rna ≤500,000 copies/ml.",<human immunodeficiency virus>,gilead sciences pty ltd,gilead,176537,tenofovir disoproxil fumarate / emtricitabine / rilpivirine,yes,no,tablet,pm-2013-01524-1-2,
oral,,,authorised,TGA,approved,02.05.2016,2016,infectious and parasitic diseases,<human immunodeficiency virus>,auspar-tenofovir-disoproxil-fumarate-161110.pdf,small molecule,truvada,pre-exposure prophylaxis (prep) to reduce the risk of sexually acquired hiv-1 in adults at high risk.,yes,pre-exposure prophylaxis (prep) to reduce the risk of sexually acquired hiv-1 in adults at high risk.,<human immunodeficiency virus>,gilead sciences pty ltd,gilead,107072,tenofovir disoproxil fumarate / emtricitabine,no,no,tablet,pm-2015-00411-1-2,na
oral,22.02.2013,2013,authorised,TGA,approved,01.07.2015,2015,infectious and parasitic diseases,<acquired immunodeficiency syndrome>,auspar-tenofovir-disoproxil-fumarate-170601.pdf,small molecule,stribild,stribild is indicated as a single tablet regimen for the treatment of hiv infection in treatment naive adults. stribild is also indicated in certain virologically suppressed (hiv-1 rna < 50 copies/ml) adult patients on a stable antiretroviral regimen at start of therapy in order to replace their current antiretroviral treatment regimen.,yes,stribild is indicated as a single tablet regimen for the treatment of hiv infection in treatment naive adults or adults who have no known mutations associated with resistance to the individual components of stribild.,<hiv infections>,gilead sciences pty ltd,gilead,194081,tenofovir disoproxil fumarate / emtricitabine / elvitegravir / cobicistat,yes,no,tablet,pm-2014-01079-1-2,
oral,31.08.2021,2021,authorised (under additional monitoring),TGA,approved,11.01.2022,2022,neoplasms; diseases of the respiratory system,<lung neoplasms>,auspar-tepmetko-220802.pdf,small molecule,tepmetko,the treatment of adult patients with locally advanced or metastatic non-small cell lung cancer (nsclc) harbouring mesenchymal-epithelial transition (met) exon 14 skipping alterations.,no,the treatment of adult patients with advanced non-small cell lung cancer (nsclc) harbouring met tyrosine kinase receptor exon 14 (metex14) skipping alterations.,<lung neoplasms>,merck healthcare pty ltd,merck,370977,tepotinib,no,yes,tablet,pm-2021-03109-1-4,na
oral,,,authorised,TGA,approved,30.10.2012,2012,diseases of the nervous system,<multiple sclerosis>,auspar-teriflunomide-130521.pdf,small molecule,aubagio/teriflunomide winthrop/teriflunomide sanofi,treatment of patients with relapsing forms of multiple sclerosis to reduce the frequency of clinical relapses and to delay the progression of physical disability,no,treatment of patients with relapsing forms of multiple sclerosis to reduce the frequency of clinical relapses and to delay the accumulation of physical disability,"<multiple sclerosis, relapsing-remitting>",sanofi-aventis australia pty ltd,sanofi-aventis,"192672, 191696, 191700",teriflunomide,no,no,tablet,pm-2011-02772-3-1,na
subcutaneous,03.01.2020,2020,authorised,TGA,approved,24.11.2020,2020,diseases of the musculoskeletal system and connective tissue,<osteoporosis>,auspar-teriparatide-270115.pdf,peptides and proteins,terrosa,treatment of osteoporosis in postmenopausal women and primary osteoporosis in men at high risk of fracture; treatment of osteoporosis associated with sustained systemic glucocorticoid therapy in women and men at high risk for fracture.,no,treatment of osteoporosis in postmenopausal women and primary osteoporosis in men at high risk of fracture; treatment of osteoporosis associated with sustained systemic glucocorticoid therapy in women and men at high risk for fracture.,<osteoporosis>,gedeon richter australia pty ltd,gedeon richter,326885,teriparatide,no,no,solution,pm-2019-05333-1-5,na
subcutaneous,02.05.2022,2022,authorised (under additional monitoring),TGA,approved,20.03.2023,2023,diseases of the musculoskeletal system and connective tissue,<osteoporosis>,auspar-teriparatide-lupin-teriparatide-lapl-teriparatide-gh-231012.pdf,peptides and proteins,teriparatide lupin/teriparatide lapl/teriparatide gh,treatment of osteoporosis in postmenopausal women and primary osteoporosis in men when other agents are unsuitable and high risk of fractures; osteoporosis associated with sustained systemic glucocorticoid therapy in women and men at high risk for fracture,no,treatment of osteoporosis in postmenopausal women and primary osteoporosis in men when other agents are unsuitable and high risk of fractures; osteoporosis associated with sustained systemic glucocorticoid therapy in women and men at high risk for fracture,<osteoporosis>,generic health pty ltd,generic health,"373602, 373603 and 373604",teriparatide,yes,no,solution,pm-2021-03753-1-5,
intravenous,,,authorised,TGA,approved,09.01.2012,2012,diseases of the genitourinary system; diseases of the digestive system,<hepatorenal syndrome>,auspar-terlipressin-130827.pdf,peptides and proteins,lucassin,the treatment of patients with hepatorenal syndrome (hrs) type 1 who are actively being considered for a liver transplant.,no,the treatment of patients with hepatorenal syndrome (hrs) type 1 who are actively being considered for a liver transplant.,<hepatorenal syndrome>,ikaria australia pty ltd,ikaria,176845,terlipressin,yes,yes,powder,pm-2010-02975-3-1,
intravenous,,,authorised,TGA,approved,11.05.2012,2012,diseases of the digestive system,<esophageal and gastric varices>,auspar-terlipressin-acetate-121126.pdf,peptides and proteins,glypressin,treatment of bleeding oesophageal varices,no,treatment of bleeding oesophageal varices,<esophageal and gastric varices>,ferring pharmaceuticals pty ltd,ferring,177517; 177708,terlipressin acetate,yes,yes,powder; solution,pm-2010-03182-3-3,
subcutaneous; intravenous,,,authorised,TGA,approved,16.08.2011,2011,neoplasms; diseases of the blood and blood-forming organs; infectious and parasitic diseases,"<neoplasms>; <leukemia, myeloid, acute>; <neutropenia>; <hiv infections>",auspar-tevagrastim-1.pdf,biologics,tevagrastim,to decrease the incidence of infection in patients with nonmyeloid malignancies receiving myelosuppressive anticancer drugs; to reduce the duration of neutropenia in patients undergoing chemotherapy for acute myeloid leukaemia; for the mobilisation of peripheral blood progenitor cells; to reduce the duration of neutropenia following bone marrow transplantation; for chronic administration to increase neutrophil counts in patients with severe chronic neutropenia; in patients with hiv infection for reversal of neutropenia.,no,to decrease the incidence of infection in patients with nonmyeloid malignancies receiving myelosuppressive anticancer drugs; to reduce the duration of neutropenia in patients undergoing chemotherapy for acute myeloid leukaemia; for the mobilisation of peripheral blood progenitor cells; to reduce the duration of neutropenia following bone marrow transplantation; for chronic administration to increase neutrophil counts in patients with severe chronic neutropenia; in patients with hiv infection for reversal of neutropenia.,"<neoplasms>; <leukemia, myeloid, acute>; <neutropenia>; <hiv infections>",aspen pharmacare australia pty ltd,aspen,163657 and 163677,filgrastim,no,no,solution,pm-2009-1996-3-4,na
intravenous,01.08.2022,2022,authorised,TGA,approved,24.05.2024,2024,neoplasms; diseases of the respiratory system,<oesophageal neoplasms>; <lung neoplasms>,auspar-tevimbra-240808.pdf,biologics,tevimbra,oesophageal squamous cell carcinoma; non-small cell lung cancer,no,oesophageal squamous cell carcinoma; non-small cell lung cancer,<oesophageal neoplasms>; <lung neoplasms>,beigene aus pty ltd,beigene,391176,tislelizumab,no,no,tablet,,na
oral,31.01.2018,2018,authorised (under additional monitoring),TGA,approved,01.03.2019,2019,diseases of the respiratory system; congenital malformations and chromosomal abnormalities,<cystic fibrosis>,auspar-tezacaftor-ivacaftor-ivacaftor-191016.pdf,small molecule,symdeko,treatment of patients with cystic fibrosis (cf) aged 12 years and older who are homozygous for the f508del mutation or who have at least one mutation in the cftr gene that is responsive to tezacaftor/ivacaftor based on in vitro data and/or clinical evidence.,no,treatment of patients with cystic fibrosis (cf) aged 12 years and older who are homozygous for the f508del mutation or who have at least one mutation in the cftr gene that is responsive to tezacaftor/ivacaftor based on in vitro data and/or clinical evidence.,<cystic fibrosis>,vertex pharmaceuticals australia pty ltd,vertex,298329,tezacaftor/ivacaftor,no,yes,tablet,pm-2017-04765-1-5,na
oral,,,authorised,TGA,approved,09.05.2014,2014,"endocrine, nutritional, and metabolic diseases; neoplasms",<thyroid hormone deficiency>; <thyroid neoplasms>,auspar-thyroxine-sodium-140612.pdf,small molecule,"eltroxin, aspen thyroxine, thyroxine aspen",management of demonstrated thyroid hormone deficiency; suppression of thyrotropin (tsh) for the management of tsh-responsive tumours of the thyroid,no,management of demonstrated thyroid hormone deficiency; suppression of thyrotropin (tsh) for the management of tsh-responsive tumours of the thyroid; management of thyroiditis such as hashimoto’s disease,<thyroid hormone deficiency>; <thyroid neoplasms>; <thyroiditis>; <hashimoto disease>,aspen pharma pty ltd,aspen,"206944, 206946, 206950, 206954, 206958, 206960, 206961, 206963, 206966, 206967, 206974",thyroxine sodium,yes,no,tablet,pm-2012-04477-1-5,
oral,01.08.2022,2022,authorised (under additional monitoring),TGA,approved,04.04.2023,2023,neoplasms; diseases of the digestive system,<cholangiocarcinoma>,auspar-tibsovo-231003.pdf,small molecule,tibsovo,treatment of adult patients with locally advanced or metastatic cholangiocarcinoma with an isocitrate dehydrogenase-1 (idh1) r132 mutation after at least one prior line of systemic therapy.,no,"treatment of adult patients with locally advanced or metastatic cholangiocarcinoma with an isocitrate dehydrogenase-1 (idh1) mutation, who were previously treated by at least one prior line of systemic therapy.",<cholangiocarcinoma>,servier laboratories (aust) pty ltd,servier,391874,ivosidenib,no,yes,tablet,pm-2022-02134-1-4,na
oral,31.08.2022,2022,authorised (under additional monitoring),TGA,approved,15.09.2023,2023,neoplasms; diseases of the blood and blood-forming organs,"<leukemia, myeloid, acute>",auspar-tibsovo-240402l.pdf,small molecule,tibsovo,treatment of acute myeloid leukaemia (aml) with idh1 r132 mutation,no,treatment of acute myeloid leukaemia (aml) with idh1 r132 mutation,"<leukemia, myeloid, acute>",servier laboratories (aust.) pty ltd,servier,391874,ivosidenib,yes,no,tablet,pm-2022-02178-1-6,
oral,,,na,TGA,rejected,25.10.2016,2016,diseases of the circulatory system,not reported,auspar-ticagrelor-170531.pdf,small molecule,brilinta,na,yes,prevention of atherothrombotic events in patients with a history of myocardial infarction and high risk of developing atherothrombotic events,<myocardial infarction>,astrazeneca pty ltd,astrazeneca,167237,ticagrelor,yes,no,tablet,pm-2015-01532-1-3,
subcutaneous,31.07.2017,2017,authorised,TGA,approved,05.09.2018,2018,diseases of the skin,<psoriasis>,auspar-tildrkizumab-190924.pdf,biologics,ilumya,treatment of adults with moderate-to-severe plaque psoriasis who are candidates for systemic therapy.,no,treatment of adults with moderate-to-severe plaque psoriasis who are candidates for systemic therapy.,<psoriasis>,sun pharma anz pty ltd,sun,290683,tildrakizumab,no,no,solution,pm-2017-02274-1-1,na
ocular,,,authorised,TGA,approved,23.12.2009,2009,diseases of the eye and adnexa,"<glaucoma, open-angle>; <ocular hypertension>",auspar-timolol.pdf,small molecule,azarga,decrease of ocular pressure (iop) in patients with open-angle glaucoma or ocular hypertension for whom monotherapy with either component provides insufficient iop reduction.,no,decrease of ocular pressure (iop) in patients with open-angle glaucoma or ocular hypertension for whom monotherapy provides insufficient iop reduction.,"<glaucoma, open-angle>; <ocular hypertension>",alcon laboratories (australia) pty ltd,alcon,,brinzolamide/ timolol maleate,no,no,drops,,na
inhalation,09.10.2017,2017,authorised,TGA,approved,31.10.2018,2018,diseases of the respiratory system,<chronic obstructive pulmonary disease>,auspar-tiotropium-190613.pdf,small molecule,braltus,braltus is indicated for the long term maintenance treatment of bronchospasm and dyspnoea associated with chronic obstructive pulmonary disease (copd). braltus is indicated for the prevention of copd exacerbations.,no,braltus is indicated for the long term maintenance treatment of bronchospasm and dyspnoea associated with chronic obstructive pulmonary disease (copd). braltus is indicated for the prevention of copd exacerbations.,<chronic obstructive pulmonary disease>,teva pharmaceuticals pty ltd,teva,293317,tiotropium,yes,no,capsule,pm-2017-03103-1-5,
inhalation,,,authorised,TGA,approved,22.05.2015,2015,diseases of the respiratory system,<not reported>,auspar-tiotropium-bromide-161125.pdf,small molecule,spiriva respimat / favint respimat,spiriva is indicated as add on maintenance bronchodilator treatment in adult patients who are currently treated with the maintenance combination of inhaled corticosteroids (≥ 800 µg budesonide/day or equivalent) and long acting β2 agonists and who experienced one or more severe exacerbations in the previous year.,yes,"spiriva respimat is indicated as add-on maintenance treatment for the improvement of asthma symptoms, quality of life, and reduction of exacerbations, in adult patients with asthma who remain symptomatic on at least inhaled corticosteroids.",<asthma>,boehringer ingelheim pty limited,boehringer ingelheim,"132578, 132590",tiotropium bromide,yes,no,inhaler,pm-2014-00350-1-5,
topical,,,authorised,TGA,approved,15.03.2010,2010,diseases of the musculoskeletal system and connective tissue,not reported,auspar-tisseel-vhsd.pdf,biologics,tisseel vh/sd,as a sealant and/or adhesive for use in autologous chondrocyte implantation (aci) or matrix-induced autologous chondrocyte implantation (maci) procedures.,yes,"as a sealant as an adjunct for the adhesion of chondrocyte seeded scaffold to the subchondral bed of articular cartilage defects, for the initiation of articular cartilage repair following aci / maci.",<articular cartilage defects>,baxter healthcare pty ltd,baxter,,fibrin sealant,yes,no,solution,,
oral,31.08.2020,2020,authorised (under additional monitoring),TGA,approved,15.09.2021,2021,infectious and parasitic diseases,<acquired immunodeficiency syndrome>,auspar-tivicay-tivicay-pd-220705.pdf,small molecule,tivicay and tivicay pd,treatment of human immunodeficiency virus (hiv) infection in combination with other antiretroviral agents in adults and children of at least 4 weeks in age or older and weighing 3 kg or more,yes,treatment of human immunodeficiency virus (hiv) infection in combination with other antiretroviral agents in adults and children of at least 4 weeks in age or older and weighing 3 kg or more,<human immunodeficiency virus>,viiv healthcare pty ltd,viiv,"205212, 312781, 312782, and 340591",dolutegravir,yes,no,tablet,pm-2020-03495-1-2,
intramuscular,02.12.2021,2021,authorised (under additional monitoring),TGA,approved,24.02.2022,2022,infectious and parasitic diseases,<covid-19>,auspar-tixagevimab-cilgavimab-220311.pdf,biologics,evusheld,pre-exposure prophylaxis of covid-19 in adults and adolescents aged 12 years and older weighing at least 40 kg,no,prophylaxis of covid-19 in adults and adolescents aged 12 years and older weighing at least 40 kg,<covid-19>,astrazeneca pty ltd,astrazeneca,378245,tixagevimab/cilgavimab,no,no,solution,pm-2021-05375-1-2,na
inhalation,,,authorised,TGA,approved,27.02.2012,2012,diseases of the respiratory system; infectious and parasitic diseases,<cystic fibrosis>,auspar-tobramycin-inhalation-powder-121026.pdf,small molecule,tobi podhaler,management of cystic fibrosis patients with pseudomonas aeruginosa infections,no,management of cystic fibrosis patients with pseudomonas aeruginosa infections,<cystic fibrosis>; <pseudomonas infections>,novartis pharmaceuticals australia pty ltd,novartis,182302,tobramycin,no,yes,powder,pm-2011-00135-3-2,na
intravenous,,,authorised,TGA,approved,04.10.2013,2013,diseases of the musculoskeletal system and connective tissue,"<arthritis, juvenile>",auspar-tocilizumab-140206.pdf,biologics,actemra,treatment of moderate to severe active polyarticular juvenile idiopathic arthritis in patients 2 years of age and older who have had an inadequate response to or intolerance to methotrexate.,yes,treatment of moderate to severe active polyarticular juvenile idiopathic arthritis in patients 2 years of age and older who have had an inadequate response to or intolerance to methotrexate.,"<arthritis, juvenile>",roche products pty ltd,roche,"149402, 149403, 149404",tocilizumab,yes,no,concentrate,pm-2012-01905-3-3,
intravenous,,,authorised,TGA,approved,14.10.2014,2014,diseases of the musculoskeletal system and connective tissue,<rheumatoid arthritis>,auspar-tocilizumab-150112.pdf,biologics,actemra,treatment of moderate to severe active rheumatoid arthritis in adult patients with poor prognostic factors in combination with mtx in those not previously treated with mtx.,yes,treatment of moderate to severe active rheumatoid arthritis in adult patients in combination with methotrexate in those not previously treated with mtx.,<rheumatoid arthritis>,roche products pty ltd,roche,"149402, 149403, 149404",tocilizumab,yes,no,injection,pm-2013-02398-1-3,
subcutaneous,03.01.2017,2017,authorised,TGA,approved,14.11.2017,2017,diseases of the circulatory system,<giant cell arteritis>,auspar-tocilizumab-180613.pdf,biologics,actemra,giant cell arteritis (sc formulation only),yes,treatment of giant cell arteritis (gca) in adult patients,<giant cell arteritis>,roche products pty limited,roche,234034,tocilizumab,yes,no,solution,pm-2016-03548-1-3,
subcutaneous,,,authorised,TGA,approved,19.01.2016,2016,diseases of the musculoskeletal system and connective tissue,<rheumatoid arthritis>,auspar-tocilizumab-rch-160929.pdf,biologics,actemra,treatment of moderate to severe active rheumatoid arthritis in adult patients,no,treatment of moderate to severe active rheumatoid arthritis in adult patients,<rheumatoid arthritis>,roche products pty ltd,roche,234034,tocilizumab,no,no,solution,pm-2014-04309-1-3,na
subcutaneous,22.02.2019,2019,authorised,TGA,approved,18.03.2020,2020,diseases of the musculoskeletal system and connective tissue,<systemic juvenile idiopathic arthritis>,auspar-tocilizumab-rch-200818.pdf,biologics,actemra,treatment of active systemic juvenile idiopathic arthritis in patients 1 year of age and older.,yes,treatment of active systemic juvenile idiopathic arthritis in patients 1 year of age and older.,<systemic juvenile idiopathic arthritis>,roche products pty limited,roche,"149402, 149403, 149404, 234034, 296808",tocilizumab,yes,no,solution,pm-2018-05341-1-3,
intravenous,07.10.2021,2021,authorised (under additional monitoring),TGA,approved,01.12.2021,2021,infectious and parasitic diseases; diseases of the respiratory system,<coronavirus infections>,auspar-tocilizumab-rch-220106.pdf,biologics,actemra,coronavirus disease 2019 (covid-19) in hospitalised adults who are receiving systemic corticosteroids and require supplemental oxygen or mechanical ventilation.,yes,coronavirus disease 2019 (covid-19) (iv formulation only) in hospitalised adults who are receiving systemic corticosteroids and require supplemental oxygen or mechanical ventilation.,<coronavirus disease 2019>,roche products pty ltd,roche,"149402, 149403, 149404",tocilizumab,yes,no,concentrate,pm-2021-04601-1-2,
oral,,,authorised,TGA,approved,13.01.2015,2015,diseases of the musculoskeletal system and connective tissue,<rheumatoid arthritis>,auspar-tofacitinib-as-citrate-150306.pdf,small molecule,xeljanz,treatment of the signs and symptoms of moderate to severe active rheumatoid arthritis in adults who have had an inadequate response or are intolerant to methotrexate,no,treatment of moderate to severe active rheumatoid arthritis in adults who have had an inadequate response or are intolerant to previous dmard therapy,<rheumatoid arthritis>,pfizer australia pty ltd,pfizer,"196987, 233439",tofacitinib,no,no,tablet,pm-2012-00788-3-3,na
oral,06.06.2016,2016,authorised,TGA,approved,01.06.2017,2017,diseases of the musculoskeletal system and connective tissue,<rheumatoid arthritis>,auspar-tofacitinib-as-citrate-180525.pdf,small molecule,xeljanz,treatment of moderate to severe active rheumatoid arthritis in adults who have had an inadequate response or are intolerant to methotrexate.,yes,treatment of moderate to severe active rheumatoid arthritis in adults who have had an inadequate response or are intolerant to methotrexate.,<rheumatoid arthritis>,pfizer australia pty ltd,pfizer,"196987, 233439",tofacitinib,yes,no,tablet,,
oral,31.01.2018,2018,authorised (under additional monitoring),TGA,approved,11.02.2019,2019,diseases of the digestive system,<ulcerative colitis>,auspar-tofacitinib-as-citrate-190910.pdf,small molecule,xeljanz,ulcerative colitis,yes,"treatment of adult patients with moderately to severely active ulcerative colitis (uc) who have had an inadequate response, lost response, or were intolerant to conventional therapy.",<ulcerative colitis>,pfizer australia pty ltd,pfizer,"196987, 233439, 298307",tofacitinib,yes,no,tablet,pm-2017-04764-1-1,
oral,30.11.2017,2017,authorised,TGA,approved,08.11.2018,2018,diseases of the musculoskeletal system and connective tissue; diseases of the skin,"<arthritis, psoriatic>",auspar-tofacitinib-as-citrate-190925.pdf,small molecule,xeljanz,psoriatic arthritis,yes,treatment of active psoriatic arthritis in adult patients who have had an inadequate response or who have been intolerant to a prior dmard therapy.,"<arthritis, psoriatic>",pfizer australia pty ltd,pfizer,"196987, 233439",tofacitinib,yes,no,tablet,pm-2017-03802-1-3,
oral,,,authorised,TGA,approved,15.03.2012,2012,"diseases of the blood and blood-forming organs; diseases of the circulatory system; endocrine, nutritional, and metabolic diseases",<heart failure>; <syndrome of inappropriate antidiuretic hormone secretion>,auspar-tolvaptan-121004.pdf,small molecule,samsca,treatment of clinically significant hypervolemic or euvolemic hyponatremia including patients with heart failure and syndrome of inappropriate antidiuretic hormone (siadh).,no,"treatment of clinically significant dilutional hyponatremia including patients with heart failure, cirrhosis, and syndrome of inappropriate antidiuretic hormone (siadh).",<heart failure>; <liver cirrhosis>; <syndrome of inappropriate antidiuretic hormone secretion>,orphan australia pty ltd,orphan,aust r 176602,tolvaptan,no,yes,tablet,pm-2010-02939-3-5,na
oral,29.02.2016,2016,authorised,TGA,approved,10.03.2017,2017,diseases of the genitourinary system,<polycystic kidney diseases>,auspar-tolvaptan-180209.pdf,small molecule,jinarc,to slow the progression of cyst development and renal insufficiency of autosomal dominant polycystic kidney disease (adpkd) in adults with ckd stage 1 to 3 at initiation of treatment with evidence of rapidly progressing disease.,yes,to slow the progression of cyst development and renal insufficiency of autosomal dominant polycystic kidney disease (adpkd) in adults with ckd stage 1 to 3 at initiation of treatment with evidence of rapidly progressing disease.,<polycystic kidney diseases>,otsuka australia pharmaceutical pty ltd,otsuka,"272785, 272786, 272787, 272788, 272789",tolvaptan,no,,tablet,pm-2015-04368-1-3,na
intramuscular,15.10.2021,2021,authorised (under additional monitoring),TGA,approved,27.01.2022,2022,infectious and parasitic diseases,<coronavirus infections>,auspar-tozinameran-220128.pdf,vaccine,comirnaty,"active immunisation to prevent coronavirus disease 2019 (covid-19) caused by sars-cov-2, in individuals 12 years of age and older.",yes,"active immunisation to prevent coronavirus disease 2019 (covid-19) caused by sars-cov-2, in individuals 12 years of age and older.",<coronavirus disease 2019>,pfizer australia pty ltd,pfizer,377110,tozinameran,yes,no,suspension,pm-2021-04582-1-2,
intramuscular,04.03.2022,2022,authorised (under additional monitoring),TGA,approved,07.04.2022,2022,infectious and parasitic diseases,<covid-19>,auspar-tozinameran-220408.pdf,vaccine,comirnaty,"active immunisation to prevent covid-19 caused by sars-cov-2, in individuals 12 years of age and older.",yes,"active immunisation to prevent covid-19 caused by sars-cov-2, in individuals 12 years of age and older.",<covid-19>,pfizer australia pty ltd,pfizer,"346290, 377110",tozinameran,yes,no,suspension,pm-2022-00483-1-2,
intramuscular,02.08.2022,2022,authorised (under additional monitoring),TGA,approved,29.09.2022,2022,infectious and parasitic diseases,<coronavirus infections>,auspar-tozinameran-221012.pdf,vaccine,comirnaty covid-19 vaccine,"active immunisation to prevent coronavirus disease 2019 (covid-19) caused by sars-cov-2, in individuals 6 months of age and older.",yes,"active immunisation to prevent coronavirus disease 2019 (covid-19) caused by sars-cov-2, in individuals 6 months of age and older.",<coronavirus disease 2019>,pfizer australia pty ltd,pfizer,393433,tozinameran,no,no,suspension,pm-2022-03129-1-2,na
intramuscular,01.11.2021,2021,authorised (under additional monitoring),TGA,approved,03.12.2021,2021,infectious and parasitic diseases,<coronavirus infections>,auspar-tozinameran-mrna-covid-19-vaccine-211207.pdf,vaccine,comirnaty,"active immunisation to prevent coronavirus disease 2019 (covid-19) caused by sars-cov-2, in individuals 5 years of age and older.",yes,"active immunisation to prevent coronavirus disease 2019 (covid-19) caused by sars-cov-2, in individuals 5 years of age and older.",<coronavirus disease 2019>,pfizer australia pty ltd,pfizer,377110; 377111,tozinameran,yes,no,concentrate,pm-2021-05012-1-2,
intravenous,30.04.2020,2020,authorised (under additional monitoring),TGA,approved,21.04.2021,2021,neoplasms,<liposarcoma>; <leiomyosarcoma>,auspar-trabectedin-210521.pdf,small molecule,yondelis,treatment of patients with unresectable or metastatic liposarcoma or leiomyosarcoma who received a prior anthracycline-containing regimen,no,treatment of patients with unresectable or metastatic liposarcoma or leiomyosarcoma who received a prior anthracycline-containing regimen,<liposarcoma>; <leiomyosarcoma>,specialised therapeutics pharma pty ltd,specialised therapeutics,"332000, 332001",trabectedin,no,yes,powder,pm-2020-01313-1-4,na
oral,,,authorised,TGA,approved,21.10.2011,2011,"endocrine, nutritional, and metabolic diseases",<type 2 diabetes mellitus>,auspar-trajenta.pdf,small molecule,trajenta,"type 2 diabetes mellitus to improve glycaemic control in conjunction with diet and exercise, as add on to metformin, sulphonylureas or metformin plus sulphonylureas.",no,"type 2 diabetes mellitus to improve glycaemic control in conjunction with diet and exercise, as add on to metformin, sulphonylureas or metformin plus sulphonylureas.",<type 2 diabetes mellitus>,boehringer ingelheim (australia) pty ltd,boehringer ingelheim,175499,linagliptin,no,no,tablet,pm-2010-02400-3-5,na
oral,,,authorised,TGA,approved,05.03.2012,2012,diseases of the musculoskeletal system and connective tissue,<moderate pain>,auspar-tramadol-hydrochloride-120913.pdf,small molecule,zaldiar,treatment of moderate pain,no,symptomatic treatment of moderate to severe pain,not reported,grunenthal pty ltd,grunenthal,179677 and 179678,tramadol hydrochloride / paracetamol,yes,no,tablet,pm-2010-3272-3-1,
oral,,,authorised,TGA,approved,11.02.2014,2014,neoplasms,<melanoma>,auspar-trametinib-140317.pdf,small molecule,mekinist,treatment of patients with braf v600 mutation-positive unresectable or metastatic (stage iv) melanoma,no,treatment of patients with braf v600 mutation-positive unresectable or metastatic (stage iv) melanoma,<melanoma>,glaxosmithkline australia pty ltd,glaxosmithkline,"205917, 205918, 205919",trametinib,no,yes,tablet,pm-2012-04134-1-4,na
oral,16.01.2018,2018,authorised,TGA,approved,06.06.2018,2018,neoplasms; diseases of the skin,<melanoma>,auspar-trametinib-dabrafenib-181108.pdf,small molecule,mekinist and tafinlar,"adjuvant treatment of patients with stage iii melanoma with a braf v600 mutation, following complete resection.",yes,"adjuvant treatment of patients with stage iii melanoma with a braf v600 mutation, following complete resection.",<melanoma>,novartis pharmaceuticals australia pty limited,novartis,"205919, 205917 and 200922, 200936",trametinib and dabrafenib,yes,no,tablet; capsule,pm-2017-04434-1-4 and pm-2017-04435-1-4,
intravenous,02.07.2021,2021,authorised,TGA,approved,07.07.2022,2022,neoplasms; diseases of the digestive system,<breast neoplasms>; <stomach neoplasms>,auspar-trastucip-tuzucip-230418.pdf,biologics,trastucip and tuzucip,"her2-positive early breast cancer, locally advanced breast cancer, metastatic breast cancer, and advanced gastric cancer",no,"her2-positive early breast cancer, locally advanced breast cancer, metastatic breast cancer, and advanced gastric cancer",<breast neoplasms>; <stomach neoplasms>,cipla australia pty ltd,cipla,368972 and 368990,trastuzumab,no,no,powder,pm-2021-00873-1-4,na
intravenous,,,authorised,TGA,approved,29.06.2012,2012,neoplasms,<breast neoplasms>,auspar-trastuzumab-121217.pdf,biologics,herceptin,for the treatment of her2-positive locally advanced breast cancer in combination with neoadjuvant chemotherapy followed by adjuvant herceptin.,yes,for the treatment of her2-positive locally advanced breast cancer in combination with neoadjuvant chemotherapy followed by adjuvant herceptin.,<breast neoplasms>,roche products pty ltd,roche,171014 and 73229,trastuzumab,yes,no,powder,2011-01528-3-4,
subcutaneous,,,authorised,TGA,approved,13.03.2015,2015,neoplasms,<breast neoplasms>,auspar-trastuzumab-150803.pdf,biologics,herceptin,"early breast cancer: treatment of her2-positive localised breast cancer following surgery, and in association with chemotherapy and, if applicable, radiotherapy. locally advanced breast cancer: treatment of her2-positive locally advanced breast cancer in combination with neoadjuvant chemotherapy followed by adjuvant herceptin. metastatic breast cancer: treatment of patients with metastatic breast cancer who have tumours that overexpress her2.",no,treatment of her2-positive breast cancer,<breast neoplasms>,roche products pty ltd,roche,220402,trastuzumab,no,no,solution,pm-2013-04600-1-4,na
intravenous,31.05.2017,2017,authorised,TGA,approved,05.12.2018,2018,neoplasms; diseases of the digestive system,<breast neoplasms>; <gastric neoplasms>,auspar-trastuzumab-200318.pdf,biologics,ogivri,"her2-positive early breast cancer, locally advanced breast cancer, metastatic breast cancer, advanced gastric cancer",no,"her2-positive early breast cancer, locally advanced breast cancer, metastatic breast cancer, advanced gastric cancer",<breast neoplasms>; <stomach neoplasms>,alphapharm pty ltd,alphapharm,"288222, 288223",trastuzumab,no,no,powder,pm-2017-01084-1-4,na
intravenous,02.11.2020,2020,authorised,TGA,approved,05.10.2021,2021,neoplasms,<breast neoplasms>,auspar-trastuzumab-deruxtecan-220627.pdf,biologics,enhertu,treatment of adult patients with unresectable or metastatic her2-positive breast cancer who have received two or more prior anti-her2-based regimens.,no,treatment of adult patients with unresectable or metastatic her2-positive breast cancer who have received two or more prior anti-her2-based regimens.,<breast neoplasms>,astrazeneca pty ltd,astrazeneca,343262,trastuzumab deruxtecan,no,no,powder,pm-2020-04659-1-4,na
intravenous,,,authorised,TGA,approved,26.08.2013,2013,neoplasms,<breast neoplasms>,auspar-trastuzumab-emtansine-140317.pdf,biologics,kadcyla,"treatment of patients with her2 positive metastatic (stage iv) breast cancer who previously received trastuzumab and a taxane, separately or in combination",no,"treatment of patients with her2 positive, unresectable locally advanced or metastatic (stage iv) breast cancer who have received prior treatment with trastuzumab and a taxane",<breast neoplasms>,roche products pty ltd,roche,201621 and 201622,trastuzumab emtansine,no,yes,powder,pm-2012-02734-3-4,na
subcutaneous,30.11.2016,2016,authorised,TGA,approved,24.11.2017,2017,"endocrine, nutritional, and metabolic diseases",<diabetes mellitus>,auspar-tresiba-180522.pdf,peptides and proteins,"tresiba flextouch, tresiba penfill",to improve glycaemic control in adult patients with diabetes mellitus requiring insulin.,no,to improve glycaemic control in adult patients with diabetes mellitus requiring insulin.,<diabetes mellitus>,novo nordisk pharmaceuticals pty ltd,novo nordisk,280302,insulin degludec,yes,no,solution,pm-2016-02721-1-5,
oral,30.01.2020,2020,authorised (under additional monitoring),TGA,approved,07.01.2021,2021,diseases of the digestive system; diseases of the nervous system,<wilson disease>,auspar-trientine-dihydrochloride-210406.pdf,small molecule,trientine waymade,treatment of patients with wilson's disease who are intolerant of penicillamine.,no,treatment of patients with wilson's disease who are intolerant of penicillamine.,<wilson disease>,waymade australia pty ltd,waymade,327984,trientine dihydrochloride,yes,yes,capsule,pm-2019-05976-1-3,
oral,31.03.2020,2020,authorised (under additional monitoring),TGA,approved,15.02.2021,2021,"endocrine, nutritional, and metabolic diseases",<wilson disease>,auspar-trientine-dihydrochloride-211202.pdf,small molecule,"trientine dr.reddy's, trientine-reddy's, trientine-rz, trientine-drla",treatment of patients with wilson's disease who are intolerant of penicillamine.,no,treatment of patients with wilson's disease who are intolerant of penicillamine.,<wilson disease>,dr reddy’s laboratories australia pty ltd,dr reddy’s,"329314, 329315, 329316, 329317",trientine dihydrochloride,yes,yes,capsule,pm-2020-00155-1-3,
oral,30.06.2020,2020,authorised (under additional monitoring),TGA,approved,15.07.2021,2021,"endocrine, nutritional, and metabolic diseases",<wilson disease>,auspar-trientine-tetrahydrochloride-220110.pdf,small molecule,cuprior,"treatment of wilson’s disease in adults, adolescents and children ≥ 5 years intolerant to d-penicillamine therapy",no,"treatment of wilson’s disease in adults, adolescents and children ≥ 5 years intolerant to d-penicillamine therapy",<wilson disease>,jace pharma pty ltd,jace,337139,trientine tetrahydrochloride,no,yes,tablet,pm-2020-02473-1-3,na
topical,30.04.2020,2020,authorised (under additional monitoring),TGA,approved,11.01.2021,2021,diseases of the skin,<acne vulgaris>,auspar-trifarotene-210318.pdf,small molecule,aklief,"topical treatment of acne vulgaris of the face and/or the trunk in patients from 12 years of age and older, when many comedones, papules and/or pustules are present.",no,"cutaneous treatment of acne vulgaris of the face and/or the trunk in patients from 9 years of age and older, when many comedones, papules and pustules are present.",<acne vulgaris>,galderma australia pty ltd,galderma,332220 and 340375,trifarotene,no,no,cream,pm-2020-01095-1-1,na
oral,02.05.2016,2016,authorised,TGA,approved,19.05.2017,2017,neoplasms; diseases of the digestive system,<colorectal neoplasms>,auspar-trifluridine-tipiracil-180612.pdf,small molecule,lonsurf and orcantas,"treatment of adult patients with metastatic colorectal cancer (mcrc) who have been previously treated with, or are not considered candidates for, fluoropyrimidine-, oxaliplatin- and irinotecan-based chemotherapies, anti-vegf agents, and anti-egfr agents.",no,"for the treatment of adult patients with metastatic colorectal cancer (mcrc) who have been previously treated with, or are not considered candidates for, available therapies including fluoropyrimidine-, oxaliplatin- and irinotecan-based chemotherapies, anti-vegf agents, and anti-egfr agents.",<colorectal neoplasms>,servier laboratories australia pty ltd,servier,"273238, 273239",trifluridine/tipiracil,no,no,tablet,pm-2016-00929-1-4,na
subcutaneous,,,authorised,TGA,approved,26.02.2015,2015,diseases of the genitourinary system,"<infertility, female>",auspar-triptorelin-acetate-160915.pdf,peptides and proteins,decapeptyl,down-regulation and prevention of premature luteinising hormone (lh) surges in women undergoing controlled ovarian hyperstimulation for assisted reproductive technologies (art).,no,down-regulation and prevention of premature luteinising hormone (lh) surges in women undergoing controlled ovarian hyperstimulation for assisted reproductive technologies (art).,<infertility>,ferring pharmaceuticals pty ltd,ferring,219857,triptorelin acetate,yes,no,solution,pm-2013-04578-1-5,
intramuscular,,,withdrawn,TGA,withdrawn,13.02.2012,2012,infectious and parasitic diseases,not reported,auspar-trivalent-seasonal-influenza-vaccine-121004.pdf,vaccine,fluad paediatric,na,yes,active immunisation against influenza in infants and children from 6 months to less than 9 years of age,<influenza>,novartis vaccines and diagnostics pty ltd,novartis,,"influenza virus haemagglutinin (ha), influenza virus neuraminidase",no,no,suspension,pm-2010-03905-3-2,na
oral,31.05.2023,2023,authorised (under additional monitoring),TGA,approved,07.05.2024,2024,neoplasms,<breast neoplasms>,auspar-truqap-250130.pdf,small molecule,truqap,"truqap is indicated in combination with fulvestrant for the treatment of adult patients with hormone receptor (hr) positive, human epidermal growth factor receptor 2 (her2) negative locally advanced or metastatic breast cancer following recurrence or progression on or after an endocrine-based regimen.",no,"truqap in combination with fulvestrant for the treatment of adult patients with hormone receptor (hr) positive, human epidermal growth factor receptor 2 (her2) negative locally advanced or metastatic breast cancer following recurrence or progression on or after an endocrine-based regimen.",<breast neoplasms>,astrazeneca pty ltd,astrazeneca,407960 and 407961,capivasertib,no,no,tablet,pm-2023-01677-1-4,na
oral,04.01.2021,2021,authorised (under additional monitoring),TGA,approved,02.11.2021,2021,neoplasms; diseases of the digestive system,<cholangiocarcinoma>,auspar-truseltiq-221208.pdf,small molecule,truseltiq,"treatment of adults with previously treated, unresectable locally advanced or metastatic cholangiocarcinoma with a fibroblast growth factor receptor 2 (fgfr2) fusion or other rearrangement.",no,"treatment of adults with previously treated, unresectable locally advanced or metastatic cholangiocarcinoma with a fibroblast growth factor receptor 2 (fgfr2) fusion or other rearrangement.",<cholangiocarcinoma>,adjutor healthcare pty ltd,adjutor,"348760, 348761, 348762, 348763",infigratinib,no,yes,capsule,pm-2020-06031-1-4,na
oral,02.03.2020,2020,authorised (under additional monitoring),TGA,approved,10.08.2020,2020,neoplasms,<breast neoplasms>; <brain neoplasms>,auspar-tucatinib-210317.pdf,small molecule,tukysa,"tukysa is indicated in combination with trastuzumab and capecitabine for treatment of patients with advanced unresectable or metastatic her2-positive breast cancer, including patients with brain metastases, who have received one or more prior anti-her2-based regimens in the metastatic setting.",no,"tukysa is indicated in combination with trastuzumab and capecitabine for treatment of patients with locally advanced unresectable or metastatic her2-positive breast cancer, including patients with brain metastases, who have received at least 3 prior her2-directed agents separately or in combination, in the neoadjuvant, adjuvant, or metastatic setting.",<breast neoplasms>; <brain neoplasms>,aa-med pty ltd,aa-med,"328525, 328526",tucatinib,no,no,tablet,pm-2020-00066-1-4,na
oral,30.11.2022,2022,authorised,TGA,approved,17.11.2023,2023,neoplasms; diseases of the digestive system,<colorectal neoplasms>,auspar-tukysa-240725.pdf,small molecule,tukysa,"tukysa is indicated in combination with trastuzumab for the treatment of adult patients with ras wild-type her2 positive unresectable or metastatic colorectal cancer that has progressed following treatment with fluoropyrimidine, oxaliplatin, and irinotecan based chemotherapy.",yes,tukysa is indicated in combination with trastuzumab for the treatment of patients with her2-positive colorectal cancer who have received at least one prior treatment regimen for unresectable or metastatic disease.,<colorectal neoplasms>,pfizer australia pty ltd,pfizer,"328525, 328526",tucatinib,yes,no,tablet,pm-2022-04598-1-4,
intravenous,04.09.2012,2012,authorised,TGA,approved,08.01.2014,2014,diseases of the blood and blood-forming organs,<hemophilia a>,auspar-turoctocog-140507.pdf,biologics,novoeight,"treatment and prophylaxis of bleeding episodes in patients with haemophilia a, including control and prevention of bleeding in surgical settings.",yes,"treatment and prophylaxis of bleeding episodes in patients with haemophilia a, including control and prevention of bleeding in surgical settings.",<hemophilia a>,novo nordisk pharmaceuticals pty ltd,novo nordisk,204371,turoctocog alfa,no,yes,powder,pm-2012-03754-1-4,na
oral,,,authorised,TGA,approved,14.02.2011,2011,diseases of the circulatory system,<hypertension>,auspar-twynsta.pdf,small molecule,twynsta,treatment of hypertension,no,treatment of hypertension,<hypertension>,boehringer ingelheim pty ltd,boehringer ingelheim,"166263, 166264, 166265 and 166266",telmisartan; amlodipine,no,no,tablet,pm-2009-03138-3-3,na
oral,,,authorised,TGA,approved,26.05.2010,2010,neoplasms,<breast neoplasms>,auspar-tykerb.pdf,small molecule,tykerb,tykerb in combination with an aromatase inhibitor is indicated for the treatment of post-menopausal women with hormone receptor-positive metastatic breast cancer whose tumours overexpress her2 (erbb2) and for whom hormonal therapy is indicated.,yes,for the treatment of patients with hormone sensitive metastatic breast cancer whose tumours overexpress her2.,<breast neoplasms>,glaxosmithkline australia pty ltd,glaxosmithkline,132305,lapatinib,yes,no,tablet,,
oral,,,authorised,TGA,approved,25.02.2015,2015,pregnancy and childbirth,not reported,auspar-ulipristal-acetate-150904.pdf,small molecule,ellaone,emergency contraception within 120 hours (5 days) of unprotected sexual intercourse or contraceptive failure.,no,emergency contraception within 120 hours (5 days) of unprotected sexual intercourse or contraceptive failure.,not reported,era consulting (australia) pty ltd,era,219535,ulipristal acetate,no,no,tablet,pm-2013-04154-1-5,na
oral,,,authorised,TGA,approved,11.05.2016,2016,neoplasms; diseases of the genitourinary system,<uterine fibroids>,auspar-ulipristal-acetate-161019.pdf,small molecule,esmya,intermittent treatment of moderate to severe symptoms of uterine fibroids in adult women of reproductive age.,yes,intermittent treatment of moderate to severe symptoms of uterine fibroids in adult women of reproductive age.,<uterine fibroids>,vifor pharma pty ltd,vifor,237700,ulipristal acetate,no,no,tablet,pm-2015-00776-1-5,na
intravenous,01.06.2021,2021,authorised (under additional monitoring),TGA,approved,11.08.2022,2022,diseases of the blood and blood-forming organs; diseases of the genitourinary system,<paroxysmal nocturnal hemoglobinuria>; <hemolytic-uremic syndrome>,auspar-ultomiris-230522.pdf,biologics,ultomiris,paroxysmal nocturnal haemoglobinuria (pnh); atypical haemolytic uraemic syndrome (ahus),yes,treatment of paediatric patients with paroxysmal nocturnal haemoglobinuria (pnh) and patients with atypical haemolytic uraemic syndrome (ahus),<paroxysmal nocturnal hemoglobinuria>; <hemolytic-uremic syndrome>,alexion pharmaceuticals australasia pty ltd,alexion,"311926, 330566, 336710",ravulizumab,yes,yes,solution,pm-2021-01659-1-6,
intravenous,31.07.2023,2023,authorised,TGA,approved,19.01.2024,2024,diseases of the nervous system,<neuromyelitis optica spectrum disorder>,auspar-ultomiris-240708.pdf,biologics,ultomiris,treatment of adult patients with neuromyelitis optica spectrum disorder (nmosd) who are anti-aquaporin 4 (aqp4) antibody-positive,yes,treatment of adult patients with neuromyelitis optica spectrum disorder (nmosd) who are anti-aquaporin 4 (aqp4) antibody-positive,<neuromyelitis optica spectrum disorder>,alexion pharmaceuticals australasia pty ltd,alexion,"311926, 330566, 336710",ravulizumab,yes,no,solution,pm-2023-02695-1-1,
inhalation,,,authorised,TGA,approved,02.07.2014,2014,diseases of the respiratory system,"<pulmonary disease, chronic obstructive>",auspar-umeclidinium-bromide-201500709.pdf,small molecule,incruse ellipta,long-term once daily maintenance bronchodilator treatment to relieve symptoms in adult patients with chronic obstructive pulmonary disease (copd).,no,long-term once daily maintenance bronchodilator treatment to relieve symptoms in adult patients with chronic obstructive pulmonary disease (copd).,"<pulmonary disease, chronic obstructive>",glaxosmithkline australia pty ltd,glaxosmithkline,211601,umeclidinium bromide,no,no,powder,pm-2013-01505-1-5,na
inhalation,,,authorised,TGA,approved,03.07.2014,2014,diseases of the respiratory system,"<pulmonary disease, chronic obstructive>",auspar-umeclidinium-bromide-and-vilanterol_trifenatate-150408.pdf,small molecule,anoro ellipta,long-term once daily maintenance bronchodilator treatment to relieve symptoms in adult patients with chronic obstructive pulmonary disease (copd),no,long-term once daily maintenance bronchodilator treatment to relieve symptoms in adult patients with chronic obstructive pulmonary disease (copd),"<pulmonary disease, chronic obstructive>",glaxosmithkline australia pty ltd,glaxosmithkline,207529,umeclidinium bromide and vilanterol trifenatate,no,no,powder,pm-2013-00332-1-5,na
oral,31.01.2019,2019,authorised,TGA,approved,17.01.2020,2020,diseases of the musculoskeletal system and connective tissue,<rheumatoid arthritis>,auspar-upadacitinib-200424.pdf,small molecule,rinvoq,"treatment of moderate to severe active rheumatoid arthritis in adult patients who have responded inadequately to, or who are intolerant to, one or more disease-modifying anti-rheumatic drugs (dmards).",no,"treatment of moderate to severe active rheumatoid arthritis in adult patients who have responded inadequately to, or who are intolerant to, one or more disease-modifying anti-rheumatic drugs (dmards).",<rheumatoid arthritis>,abbvie pty ltd,abbvie,312687,upadacitinib,no,no,tablet,pm-2018-05603-1-3,na
oral,30.06.2020,2020,authorised (under additional monitoring),TGA,approved,06.05.2021,2021,diseases of the musculoskeletal system and connective tissue; diseases of the skin,<psoriatic arthritis>; <ankylosing spondylitis>,auspar-upadacitinib-210716.pdf,small molecule,rinvoq,psoriatic arthritis; ankylosing spondylitis,yes,psoriatic arthritis; ankylosing spondylitis,<psoriatic arthritis>; <ankylosing spondylitis>,abbvie pty ltd,abbvie,312687,upadacitinib,yes,no,tablet,pm-2020-02479-1-3,
oral,,,authorised,TGA,approved,16.02.2010,2010,diseases of the digestive system,<cholestasis>,auspar-ursodeoxycholic.pdf,small molecule,urso/ursofalk,chronic cholestatic liver diseases,yes,chronic cholestatic liver diseases; intrahepatic cholestasis of pregnancy,"<cholestasis, intrahepatic>; <cholestasis of pregnancy>",orphan australia pty ltd,orphan,"66042, 75484, 116741, 116751",ursodeoxycholic acid,yes,,capsule; liquid,,
subcutaneous,,,authorised,TGA,approved,09.02.2015,2015,diseases of the musculoskeletal system and connective tissue; diseases of the skin,"<arthritis, psoriatic>",auspar-ustekinumab-150709.pdf,biologics,stelara,psoriatic arthritis,yes,psoriatic arthritis,"<arthritis, psoriatic>",janssen-cilag pty ltd,janssen-cilag,"149549, 149550, 165953, 165954",ustekinumab,yes,no,solution,pm-2013-04148-1-3,
intravenous; subcutaneous,,,authorised,TGA,approved,27.02.2017,2017,diseases of the digestive system,<crohn disease>,auspar-ustekinumab-171024.pdf,biologics,stelara,crohn’s disease,yes,"treatment of adult patients with moderately to severely active crohn’s disease who have had an inadequate response, lost response, or were intolerant to either conventional therapy or a tnfα antagonist or have medical contraindications to such therapies.",<crohn disease>,janssen-cilag pty. ltd.,janssen-cilag,"282906, 149550, 149549, 165953 and 165954",ustekinumab,yes,no,solution,pm-2015-04746-1-1,
vaginal,04.01.2021,2021,authorised,TGA,approved,17.02.2022,2022,pregnancy and childbirth,"<abortion, threatened>",auspar-utrogestan-200-221124.pdf,peptides and proteins,utrogestan 200,treatment of unexplained threatened miscarriage in women with bleeding in the current pregnancy and a history of at least three or more previous miscarriages.,yes,prevention of unexplained threatened miscarriage in women with bleeding in the current pregnancy and a history of at least one or more previous miscarriages.,"<abortion, threatened>",besins healthcare australia pty ltd,besins,232824,progesterone,no,no,capsule,pm-2020-06063-1-5,na
intravitreal,04.08.2021,2021,authorised (under additional monitoring),TGA,approved,04.08.2022,2022,"diseases of the eye and adnexa; endocrine, nutritional, and metabolic diseases",<macular degeneration>; <diabetic retinopathy>,auspar-vabysmo-230314_0.pdf,biologics,vabysmo,neovascular (wet) age-related macular degeneration (namd); diabetic macular oedema (dmo),no,neovascular (wet) age-related macular degeneration (namd); diabetic macular oedema (dmo),<macular degeneration>; <diabetic retinopathy>,roche products pty limited,roche,369935,faricimab,no,no,solution,pm-2021-02671-1-5,na
oral,19.04.2022,2022,authorised (under additional monitoring),TGA,approved,25.09.2023,2023,diseases of the blood and blood-forming organs; diseases of the genitourinary system,<anemia>; <chronic kidney disease>,auspar-vafseo-241211.pdf,small molecule,vafseo,treatment of anaemia associated with chronic kidney disease (ckd) in adults on chronic maintenance dialysis.,no,treatment of anaemia associated with chronic kidney disease (ckd) in adults.,<anemia>; <chronic kidney disease>,adjutor healthcare pty ltd,adjutor,"384152, 384154 and 384156",vadadustat,no,no,tablet,pm-2022-00525-1-6,na
oral,,,authorised,TGA,approved,05.08.2010,2010,mental and behavioural disorders,"<depressive disorder, major>",auspar-valdoxan.pdf,small molecule,valdoxan,the treatment of major depression in adults including prevention of relapse.,no,the treatment of major depression in adults including prevention of relapse.,"<depressive disorder, major>",servier laboratories (australia) pty ltd,servier,159712,agomelatine,yes,no,tablet,pm-2009-00483-3-3,
oral,,,authorised,TGA,approved,08.09.2015,2015,infectious and parasitic diseases,<cmv infections>,auspar-valganciclovir-160105.pdf,small molecule,valcyte,prophylaxis of cmv disease in adult and paediatric solid organ transplantation (sot) patients who are at risk.,yes,prophylaxis of cmv disease in adult and paediatric solid organ transplantation (sot) patients who are at risk.,<cmv infections>,roche products pty ltd,roche,82903; 154382,valganciclovir,yes,no,tablet; powder,pm-2014-01870-1-2,
oral,,,authorised,TGA,approved,15.01.2013,2013,"neoplasms; endocrine, nutritional, and metabolic diseases",<thyroid neoplasms>,auspar-vandetanib-130807.pdf,small molecule,caprelsa,for the treatment of patients with symptomatic or progressive medullary thyroid cancer in patients with unresectable locally advanced or metastatic disease.,no,treatment of patients with unresectable locally advanced or metastatic medullary thyroid cancer (mtc).,<thyroid neoplasms>,astrazeneca pty ltd,astrazeneca,384355; 384354,vandetanib,no,yes,tablet,pm-2011-03002-3-4,na
oral,11.07.2022,2022,authorised (under additional monitoring),TGA,approved,04.09.2023,2023,infectious and parasitic diseases,<cholera>,auspar-vaxchora-241031.pdf,vaccine,vaxchora,active immunisation against disease caused by vibrio cholerae serogroup o1 in adults and children aged 2 years and older travelling to cholera-affected countries.,no,active immunisation against disease caused by vibrio cholerae serogroup o1 in adults and children aged 2 years and older.,<cholera>,biocelect australia pty ltd,biocelect,389746,cholera vaccine,yes,no,powder,pm-2021-04064-1-2,
intramuscular,01.06.2021,2021,authorised (under additional monitoring),TGA,approved,22.03.2022,2022,infectious and parasitic diseases,<diphtheria>; <tetanus>; <pertussis>; <hepatitis b>; <poliomyelitis>; <haemophilus infections>,auspar-vaxelis-230210.pdf,vaccine,vaxelis,"primary and booster vaccination in infants and toddlers from the age of 6 weeks, against diphtheria, tetanus, pertussis, hepatitis b, poliomyelitis and invasive diseases caused by haemophilus influenzae type b (hib).",no,"primary and booster vaccination in infants and toddlers from the age of 6 weeks, against diphtheria, tetanus, pertussis, hepatitis b, poliomyelitis and invasive diseases caused by haemophilus influenzae type b (hib).",<diphtheria>; <tetanus>; <pertussis>; <hepatitis b>; <poliomyelitis>; <haemophilus infections>,maxx pharma pty ltd,maxx,363251 and 364413,"diphtheria, tetanus, pertussis, hepatitis b, poliovirus, and haemophilus influenzae type b conjugate",yes,no,suspension,pm-2021-01695-1-2,
intramuscular,01.02.2021,2021,authorised (under additional monitoring),TGA,approved,12.01.2022,2022,infectious and parasitic diseases; diseases of the respiratory system,<streptococcal infections>,auspar-vaxneuvance-20221012.pdf,vaccine,vaxneuvance,active immunisation for the prevention of pneumococcal disease caused by streptococcus pneumoniae serotypes in adults 18 years of age and older.,no,active immunisation for the prevention of pneumococcal disease caused by streptococcus pneumoniae serotypes in adults 18 years of age and older.,<pneumococcal infections>,merck sharp & dohme (australia) pty ltd,merck sharp & dohme,350791,pneumococcal 15-valent conjugate vaccine,no,no,suspension,pm-2020-06364-1-2,na
intramuscular,31.03.2022,2022,authorised (under additional monitoring),TGA,approved,22.03.2023,2023,infectious and parasitic diseases,<pneumococcal infections>,auspar-vaxneuvance-230907.pdf,vaccine,vaxneuvance,active immunisation for the prevention of pneumococcal disease caused by streptococcus pneumoniae serotypes in adults and children from 6 weeks of age.,yes,"active immunisation for the prevention of pneumococcal disease (including invasive disease, pneumonia and acute otitis media) caused by streptococcus pneumoniae serotypes in infants, children and adolescents from 6 weeks to less than 18 years of age.",<pneumococcal infections>; <pneumonia>; <otitis media>,merck sharp & dohme (australia) pty ltd,merck sharp & dohme,350791,pneumococcal 15-valent conjugate vaccine,yes,no,suspension,pm-2022-00382-1-2,
oral,15.02.2022,2022,authorised (under additional monitoring),TGA,approved,02.11.2022,2022,"diseases of the circulatory system; endocrine, nutritional, and metabolic diseases",<diabetes mellitus>; <cardiovascular diseases>,auspar-vazkepa-230912.pdf,small molecule,vazkepa,to reduce the risk of cardiovascular events in adult statin-treated patients at high cardiovascular risk with elevated triglycerides and established cardiovascular disease or diabetes with at least one other cardiovascular risk factor.,no,to reduce the risk of cardiovascular events in adult statin-treated patients at high cardiovascular risk with elevated triglycerides and established cardiovascular disease or diabetes with at least one other cardiovascular risk factor.,<cardiovascular diseases>; <diabetes mellitus>,aa-med pty ltd,aa-med,"380979, 380980",icosapent ethyl,no,no,capsule,pm-2021-05861-1-3,na
intravenous,,,authorised,TGA,approved,26.06.2014,2014,diseases of the digestive system,<ulcerative colitis>; <crohn disease>,auspar-vedolizumab-141117.pdf,biologics,entyvio/kynteles,"treatment of adult patients with moderate to severe ulcerative colitis and crohn’s disease who have had an inadequate response with, lost response to, or are intolerant to either conventional therapy or a tumour necrosis factor-alpha (tnfα) antagonist.",no,"treatment of adult patients with moderate to severe ulcerative colitis and crohn’s disease who have had an inadequate response with, lost response to, or are intolerant to either conventional therapy or a tumour necrosis factor-alpha (tnfα) antagonist.",<ulcerative colitis>; <crohn disease>,takeda pharmaceuticals australia pty ltd,takeda,"210048, 210042",vedolizumab,no,no,powder,pm-2013-01102-1-1,na
intravenous,30.11.2022,2022,authorised,TGA,approved,30.08.2023,2023,neoplasms; diseases of the respiratory system; diseases of the genitourinary system,<colorectal neoplasms>; <breast neoplasms>; <non-small cell lung carcinoma>; <renal cell carcinoma>; <glioma>; <ovarian neoplasms>; <fallopian tube neoplasms>; <peritoneal neoplasms>; <cervical neoplasms>,auspar-vegzelma-240222.pdf,biologics,vegzelma,"metastatic colorectal cancer; locally recurrent or metastatic breast cancer; advanced, metastatic or recurrent non-squamous non-small cell lung cancer; advanced and/or metastatic renal cell cancer; grade iv glioma; epithelial ovarian, fallopian tube or primary peritoneal cancer; recurrent epithelial ovarian, fallopian tube or primary peritoneal cancer; cervical cancer",no,"metastatic colorectal cancer; locally recurrent or metastatic breast cancer; advanced, metastatic or recurrent non-squamous non-small cell lung cancer; advanced and/or metastatic renal cell cancer; grade iv glioma; epithelial ovarian, fallopian tube or primary peritoneal cancer; recurrent epithelial ovarian, fallopian tube or primary peritoneal cancer; cervical cancer",<colorectal neoplasms>; <breast neoplasms>; <non-small cell lung carcinoma>; <renal cell carcinoma>; <glioma>; <ovarian neoplasms>; <fallopian tube neoplasms>; <peritoneal neoplasms>; <cervical neoplasms>,celltrion healthcare australia pty ltd,celltrion,398631 and 398632,bevacizumab,no,no,solution,pm-2022-04193-1-4,na
intravenous,,,authorised,TGA,approved,23.02.2012,2012,"diseases of the blood and blood-forming organs; endocrine, nutritional, and metabolic diseases",<gaucher disease>,auspar-velaglucerase-alfa-ghu-120507-01.pdf,biologics,vpriv,"long-term enzyme replacement therapy for paediatric and adult patients with type 1 gaucher disease associated with at least one of the following clinical manifestations: anaemia, thrombocytopenia, hepato-splenomegaly.",no,"long-term enzyme replacement therapy for paediatric and adult patients with type 1 gaucher disease associated with at least one of the following clinical manifestations: anaemia, thrombocytopenia, hepato-splenomegaly.",<gaucher disease>,shire australia pty ltd,shire,180965,velaglucerase alfa,no,yes,lyophilisate,pm-2010-03810-3-3,na
intravenous,,,authorised,TGA,approved,27.10.2011,2011,neoplasms; diseases of the blood and blood-forming organs,<multiple myeloma>,auspar-velcade.pdf,small molecule,velcade,"velcade, as part of combination therapy, is indicated for induction therapy prior to high dose chemotherapy with autologous stem cell rescue for patients under 65 years of age with previously untreated multiple myeloma.",yes,as part of combination therapy for the treatment of patients with previously untreated multiple myeloma.,<multiple myeloma>,janssen-cilag pty ltd,janssen-cilag,148329 and 104542,bortezomib,yes,no,powder,pm-2010-03250-3-4,
oral,31.03.2023,2023,authorised,TGA,approved,17.05.2024,2024,diseases of the digestive system,<ulcerative colitis>,auspar-velsipity-240912.pdf,small molecule,velsipity,"treatment of adults with moderately to severely active ulcerative colitis (uc) who have had inadequate response, loss of response or intolerance to conventional, biologic or janus kinase (jak) inhibitor therapies.",no,treatment of patients 16 years of age and older with moderately to severely active ulcerative colitis (uc).,<ulcerative colitis>,pfizer australia pty ltd,pfizer,"405528, 405529",etrasimod,no,no,tablet,pm-2023-00714-1-1,na
oral,,2011,authorised,TGA,approved,,2012,neoplasms,<melanoma>,auspar-vemurafenib-121217.pdf,small molecule,zelboraf,treatment of unresectable stage iiic or stage iv metastatic melanoma positive for a braf v600 mutation,no,treatment of unresectable stage iiic or stage iv metastatic melanoma positive for a braf v600 mutation,<melanoma>,roche products pty limited,roche,183674,vemurafenib,no,yes,tablet,pm-2011-00795-3-4,na
oral,,,authorised,TGA,approved,15.12.2016,2016,neoplasms; diseases of the blood and blood-forming organs,"<leukemia, lymphocytic, chronic, b-cell>",auspar-venetoclax-171109.pdf,small molecule,venclexta,treatment of patients with relapsed or refractory chronic lymphocytic leukaemia with 17p deletion,no,treatment of patients with chronic lymphocytic leukaemia (cll) who have received at least one prior therapy; this includes patients with 17p deletion,"<leukemia, lymphocytic, chronic, b-cell>",abbvie pty ltd,abbvie,"267443, 267441, 267442, 267445 and 267444",venetoclax,no,,tablet,pm-2015-04328-1-4,na
oral,30.04.2019,2019,authorised (under additional monitoring),TGA,approved,29.04.2020,2020,neoplasms; diseases of the blood and blood-forming organs,"<leukemia, lymphocytic, chronic, b-cell>; <lymphoma, small lymphocytic>",auspar-venetoclax-201009.pdf,small molecule,"venclexta, venclexta starting pack",chronic lymphocytic leukaemia (cll) or small lymphocytic lymphoma (sll) who are considered unfit or unsuitable for chemo-immunotherapy,yes,chronic lymphocytic leukaemia (cll) or small lymphocytic lymphoma (sll),"<leukemia, lymphocytic, chronic, b-cell>; <lymphoma, small lymphocytic>",abbvie pty ltd,abbvie,"267441, 267442, 267443, 267444, 267445",venetoclax,yes,no,tablet,pm-2019-01011-1-6,
oral,30.06.2020,2020,authorised (under additional monitoring),TGA,approved,24.09.2021,2021,neoplasms; diseases of the blood and blood-forming organs,"<leukemia, myeloid, acute>",auspar-venetoclax-220426.pdf,small molecule,venclexta,acute myeloid leukaemia,no,acute myeloid leukaemia,"<leukemia, myeloid, acute>",abbvie pty ltd,abbvie,"267441, 267442, 267443, 267444 and 267445",venetoclax,yes,yes,tablet,pm-2020-02543-1-6,
oral,08.02.2023,2023,authorised (under additional monitoring),TGA,approved,22.02.2024,2024,"endocrine, nutritional, and metabolic diseases",<hot flashes>,auspar-veoza-240503.pdf,small molecule,veoza,treatment of moderate to severe vasomotor symptoms (vms) associated with menopause,no,treatment of moderate to severe vasomotor symptoms (vms) associated with menopause,<hot flashes>,astellas pharma australia pty ltd,astellas,401401,fezolinetant,no,no,tablet,pm-2022-05510-1-5,na
epilesional,02.06.2020,2020,authorised (under additional monitoring),TGA,approved,29.10.2021,2021,diseases of the circulatory system,not reported,auspar-veraseal-220614.pdf,biologics,veraseal,"veraseal is used as supportive treatment in adults where standard surgical techniques are insufficient, for improvement of hemostasis.",no,"veraseal is used as supportive treatment in adults where standard surgical techniques are insufficient, for improvement of haemostasis. in addition, veraseal is indicated for suture support in vascular surgery.",not reported,grifols australia pty ltd,grifols,"335950, 336835, 336836, 336837",human fibrinogen / human thrombin,no,no,solution,pm-2020-01828-1-6,na
injection,01.08.2022,2022,authorised (under additional monitoring),TGA,approved,21.02.2024,2024,diseases of the circulatory system; diseases of the eye and adnexa; diseases of the blood and blood-forming organs,<heart diseases>; <liver diseases>; <eye diseases>,auspar-verdye-250128.pdf,small molecule,verdye,"cardiac, circulatory and micro-circulatory diagnostics; liver function diagnostics; ocular angiography diagnostics",yes,"cardiac, circulatory and micro-circulatory diagnostics; liver function diagnostics; ocular angiography diagnostics",<heart diseases>; <liver diseases>; <eye diseases>,clinect pty ltd,clinect,391356,indocyanine green,yes,no,powder,pm-2022-01478-1-2,
intravenous,,,na,TGA,rejected,03.01.2012,2012,diseases of the circulatory system,not reported,auspar-vernakalant-121112.pdf,small molecule,brinavess,na,no,rapid conversion of recent onset atrial fibrillation (≤ 7 days duration) to sinus rhythm,<atrial fibrillation>,merck sharpe & dohme (australia) pty ltd,merck sharpe & dohme,,vernakalant,no,no,concentrate,pm-2010-01025-3-3,na
intramuscular;intradermal,30.09.2021,2021,authorised (under additional monitoring),TGA,approved,06.10.2022,2022,infectious and parasitic diseases; diseases of the nervous system,<rabies>,auspar-verorab-230427.pdf,vaccine,verorab,pre-exposure prophylaxis against rabies; post-exposure prophylaxis against rabies,no,pre-exposure and post-exposure prophylaxis against rabies in all age groups,<rabies>,sanofi-aventis australia pty ltd,sanofi-aventis,371727,inactivated rabies virus,yes,no,powder; solvent,pm-2021-03191-1-2,
oral,13.08.2020,2020,authorised (under additional monitoring),TGA,approved,10.11.2021,2021,diseases of the circulatory system,<heart failure>,auspar-verquvo-220707.pdf,small molecule,verquvo,treatment of symptomatic chronic heart failure in adult patients with reduced ejection fraction less than 45% who are stabilised after a recent heart failure decompensation event requiring admission and/or iv diuretic therapy,no,treatment of symptomatic chronic heart failure in adult patients with reduced ejection fraction less than 45% who had a previous worsening heart failure event,<heart failure>,bayer australia ltd,bayer,"339992, 339993, 339994",vericiguat,no,no,tablet,pm-2020-03566-1-3,na
oral,01.02.2021,2021,authorised (under additional monitoring),TGA,approved,25.05.2022,2022,neoplasms,<breast neoplasms>,auspar-verzenio-221116.pdf,small molecule,verzenio,"adjuvant treatment of patients with hormone receptor (hr) positive, human epidermal growth factor receptor 2 (her2) negative, node-positive early breast cancer at high risk of recurrence.",yes,"adjuvant treatment of patients with hormone receptor (hr) positive, human epidermal growth factor receptor 2 (her2) negative, node-positive early breast cancer at high risk of recurrence.",<breast neoplasms>,eli lilly australia pty ltd,eli lilly,"304764, 304765, 304766 and 304767",abemaciclib,no,no,tablet,pm-2020-06568-1-4,na
subcutaneous,,,authorised,TGA,approved,18.08.2010,2010,"endocrine, nutritional, and metabolic diseases","<diabetes mellitus, type 2>",auspar-victoza.pdf,peptides and proteins,victoza,as an adjunct to diet and exercise for treatment of adults with type 2 diabetes mellitus to achieve glycaemic control.,no,as an adjunct to diet and exercise to improve glycaemic control in patients with type 2 diabetes mellitus.,<type 2 diabetes mellitus>,novo nordisk pharmaceuticals pty limited,novo nordisk,153980,liraglutide,no,no,solution,pm-2008-2113-5,na
oral,,,authorised,TGA,approved,18.10.2011,2011,diseases of the musculoskeletal system and connective tissue; diseases of the digestive system,<rheumatoid arthritis>; <ankylosing spondylitis>; <osteoarthritis>,auspar-vimovo.pdf,small molecule,vimovo,"patients with an increased risk of gastrointestinal ulceration, who require nsaid therapy for symptomatic management of rheumatoid arthritis, ankylosing spondylitis and osteoarthritis with an inflammatory component and in whom lower doses of naproxen or other nsaids have proven insufficient.",no,"symptomatic relief in the treatment of osteoarthritis, rheumatoid arthritis, and ankylosing spondylitis in patients at risk for developing nsaid associated gastric and/or duodenal ulcers.",<osteoarthritis>; <rheumatoid arthritis>; <ankylosing spondylitis>,astrazeneca pty ltd,astrazeneca,"170577, 170578",naproxen; esomeprazole,yes,no,tablet,pm 2010-00846-3-3,
oral,,,authorised,TGA,approved,21.12.2011,2011,neoplasms; diseases of the respiratory system,<non-small cell lung carcinoma>; <breast neoplasms>,auspar-vinorelbine-120530-01.pdf,small molecule,navelbine,first line treatment of advanced non-small cell lung cancer as a single agent or in combination; treatment of advanced breast cancer after failure of standard therapy as a single agent or in combination,yes,treatment of advanced breast cancer as a single agent or in combination after standard therapy,<breast neoplasms>,pierre fabre medicament australia pty ltd,pierre fabre,"99498, 99558, 99561 and 99564",vinorelbine,yes,no,capsule,pm-2010-03252-3-4,
oral,,,authorised,TGA,approved,25.05.2010,2010,diseases of the genitourinary system,<endometriosis>,auspar-visanne.pdf,small molecule,visanne,for the treatment of endometriosis,yes,for the treatment of endometriosis,<endometriosis>,bayer australia ltd,bayer,160465,dienogest,no,no,tablet,pm-2009-00539-3-5,na
oral,,,authorised,TGA,approved,06.05.2013,2013,neoplasms; diseases of the skin,<basal cell carcinoma>,auspar-vismodegib-130913.pdf,small molecule,erivedge,"treatment of adult patients with metastatic basal cell carcinoma, or with locally advanced basal cell carcinoma where surgery and/or radiation therapy are not appropriate",no,treatment of adult patients with advanced basal cell carcinoma for whom surgery is inappropriate,<basal cell carcinoma>,roche products pty limited,roche,196234,vismodegib,no,no,capsule,pm-2012-00329-3-4,na
intravenous,03.06.2019,2019,authorised (under additional monitoring),TGA,approved,15.04.2020,2020,diseases of the blood and blood-forming organs,<hemorrhage>; <surgical bleeding>; <von willebrand disease>,auspar-vonicog-alfa-201014.pdf,biologics,veyvondi,treatment of haemorrhage and surgical bleeding; prevention of surgical bleeding in adults with von willebrand disease (vwd) when desmopressin (ddavp) treatment alone is ineffective or not indicated.,no,treatment of haemorrhage and surgical bleeding; prevention of surgical bleeding in adults with von willebrand disease (vwd) when desmopressin (ddavp) treatment alone is ineffective or not indicated.,<hemorrhage>; <surgical bleeding>; <von willebrand diseases>,shire australia pty limited (now takeda pharmaceuticals australia pty ltd),takeda,"316659, 316660",vonicog alfa,no,no,powder; solvent,pm-2019-01555-1-6,na
oral,06.12.2023,2023,authorised,TGA,approved,10.09.2024,2024,neoplasms; diseases of the nervous system,<astrocytoma>; <oligodendroglioma>,auspar-voranigo-250521.pdf,small molecule,voranigo,"treatment of grade 2 astrocytoma or oligodendroglioma with a susceptible isocitrate dehydrogenase-1 (idh1) mutation or isocitrate dehydrogenase-2 (idh2) mutation in adults and paediatric patients 12 years and older, who are not in need of immediate chemotherapy or radiotherapy following surgical intervention.",no,treatment of predominantly non-enhancing astrocytoma or oligodendroglioma with an isocitrate dehydrogenase-1 (idh-1) mutation or isocitrate dehydrogenase-2 (idh-2) mutation in adults and paediatric patients 12 years and older following surgical intervention.,<astrocytoma>; <oligodendroglioma>,servier laboratories (aust) pty ltd,servier,"435450, 438499",vorasidenib,no,yes,tablet,pm-2023-06126-1-4,na
subretinal,31.07.2019,2019,authorised (under additional monitoring),TGA,approved,04.08.2020,2020,diseases of the eye and adnexa; congenital malformations and chromosomal abnormalities,<retinal dystrophies>,auspar-voretigene-neparvovec-201215.pdf,cell and gene therapy,luxturna,treatment of patients with inherited retinal dystrophy caused by pathological biallelic rpe65 mutations and who have sufficient viable retinal cells as determined by the treating physician.,no,treatment of patients with inherited retinal dystrophy caused by pathological biallelic rpe65 mutations and who have sufficient viable retinal cells.,<retinal dystrophies>,novartis pharmaceuticals australia pty ltd,novartis,318929,voretigene neparvovec,no,yes,solution,pm-2019-02585-1-5,na
oral; intravenous,,,authorised,TGA,approved,11.01.2012,2012,infectious and parasitic diseases; diseases of the blood and blood-forming organs,<invasive fungal infections>,auspar-voriconazole-130521.pdf,small molecule,vfend,prophylaxis in patients who are at high risk of developing invasive fungal infections. the indication is based on studies including patients undergoing haematopoietic stem cell transplantation.,yes,prophylaxis against development of invasive fungal infections (ifi) in high risk patients such as haematopoietic stem cell transplant (hsct) recipients.,<invasive fungal infections>,pfizer australia pty ltd,pfizer,"82507, 82505, 82503, 99016",voriconazole,yes,no,tablet; powder,pm-2011-03524-3-2,
oral; intravenous,,,authorised,TGA,approved,24.06.2016,2016,infectious and parasitic diseases,<aspergillosis>; <candidiasis>; <esophageal candidiasis>; <candidemia>; <fungal infections>,auspar-voriconazole-170629.pdf,small molecule,vorcon,"invasive aspergillosis. serious candida infections (including c.krusei), including oesophageal and systemic candida infections (hepatosplenic candidiasis, disseminated candidiasis, candidaemia). serious fungal infections caused by scedosporium spp and fusarium spp. other serious fungal infections, in patients intolerant of, or refractory to, other therapy. prophylaxis in patients who are at risk of developing invasive fungal infections.",no,"serious candida infections (including c. krusei), including oesophageal and systemic candida infections (hepatosplenic candidiasis, disseminated candidiasis, candidaemia). serious fungal infections caused by scedosporium spp and fusarium spp. other serious fungal infections, in patients intolerant of, or refractory to, other therapy. prophylaxis in patients who are at high risk of developing invasive fungal infections.",<candidiasis>; <candidemia>; <fungal infections>,aspen pharma pty ltd,aspen,"235934, 235933, 235932",voriconazole,yes,no,tablet; powder,pm-2015-00409-1-2,
oral,,,authorised,TGA,approved,19.03.2014,2014,mental and behavioural disorders,"<depressive disorder, major>",auspar-vortioxetine-hydrobromide-140708.pdf,small molecule,brintellix,treatment of major depressive disorder in adults including prevention of relapse,no,treatment of major depressive disorder including prevention of relapse,"<depressive disorder, major>",lundbeck australia pty ltd,lundbeck,"203986, 203955, 203981, 203970",vortioxetine hydrobromide,no,no,tablet,pm-2012-03463-1-1,na
oral,,,authorised,TGA,approved,22.06.2010,2010,neoplasms; diseases of the genitourinary system,<renal cell carcinoma>,auspar-votrient.pdf,small molecule,votrient,treatment of advanced and/or metastatic renal cell carcinoma (rcc).,no,treatment of advanced and/or metastatic renal cell carcinoma (rcc).,<renal cell carcinoma>,glaxosmithkline australia pty ltd,glaxosmithkline,161 281 and 161 282,pazopanib hydrochloride,no,yes,tablet,pm-2009-01084-4,na
subcutaneous,30.11.2021,2021,authorised (under additional monitoring),TGA,approved,29.06.2022,2022,congenital malformations and chromosomal abnormalities,<achondroplasia>,auspar-voxzogo-230127.pdf,peptides and proteins,voxzogo,for the treatment of achondroplasia in patients 2 years of age and older whose epiphyses are not closed.,no,for the treatment of achondroplasia in patients 2 years of age and older whose epiphyses are not closed.,<achondroplasia>,biomarin pharmaceutical australia pty ltd,biomarin,"376616, 376617 and 376618",vosoritide,no,yes,powder,pm-2021-04759-1-5,na
oral,31.03.2021,2021,authorised (under additional monitoring),TGA,approved,18.03.2022,2022,diseases of the nervous system,"<multiple sclerosis, relapsing-remitting>",auspar-vumerity-230210.pdf,small molecule,vumerity,vumerity is indicated in patients with relapsing multiple sclerosis to reduce the frequency of relapses and to delay the progression of disability.,no,for the treatment of patients with relapsing multiple sclerosis to reduce the frequency of relapses and to delay the progression of disability.,"<multiple sclerosis, relapsing-remitting>",biogen australia pty ltd,biogen,354530,diroximel fumarate,no,no,capsule,pm-2021-00385-1-1,na
subcutaneous,06.10.2021,2021,authorised (under additional monitoring),TGA,approved,01.03.2024,2024,diseases of the nervous system,<parkinson disease>,auspar-vyalev-241021.pdf,small molecule,vyalev,for the treatment of advanced idiopathic parkinson’s disease with severe motor fluctuations despite optimised alternative pharmacological treatment.,no,for the treatment of idiopathic parkinson’s disease with severe motor fluctuations despite optimised alternative pharmacological treatment.,<parkinson disease>,abbvie pty ltd,abbvie,372902,foslevodopa / foscarbidopa,no,no,solution,pm-2021-03724-1-1,na
intravenous,01.06.2021,2021,authorised,TGA,approved,27.05.2022,2022,neoplasms; diseases of the blood and blood-forming organs,"<leukemia, myeloid, acute>",auspar-vyxeos-230210.pdf,biologics,vyxeos,"treatment of adults with newly diagnosed, therapy-related acute myeloid leukaemia (t-aml) or aml with myelodysplasia-related changes (aml-mrc)",no,"adults with newly diagnosed, therapy-related acute myeloid leukaemia (t-aml) or aml with myelodysplasia-related changes (aml-mrc)","<leukemia, myeloid, acute>",jazz pharmaceuticals anz pty ltd,jazz,363250,daunorubicin/cytarabine,yes,no,powder,pm-2021-01677-1-6,
subcutaneous,31.03.2021,2021,authorised (under additional monitoring),TGA,approved,25.03.2022,2022,"endocrine, nutritional, and metabolic diseases",<obesity>,auspar-wegovy-01-240904.pdf,peptides and proteins,wegovy,induction and maintenance of weight loss in adults with obesity or overweight with at least one weight-related comorbidity,yes,chronic weight management in adults with obesity or overweight with at least one weight-related comorbidity,<obesity>,novo nordisk pharmaceuticals pty ltd,novo nordisk,"356286, 356285, 356288, 356270, 356287",semaglutide,no,no,solution,pm-2021-00612-1-5,na
subcutaneous,03.01.2023,2023,authorised (under additional monitoring),TGA,approved,03.01.2024,2024,"endocrine, nutritional, and metabolic diseases",<obesity>,auspar-wegovy-240904.pdf,peptides and proteins,wegovy,adolescents with obesity and body weight above 60 kg,yes,adolescents with obesity and body weight above 60 kg,<obesity>,novo nordisk pharmaceuticals pty ltd,novo nordisk,"356286, 356285, 356288, 356270, 356287",semaglutide,no,no,solution,pm-2022-04980-1-5,na
oral,31.03.2021,2021,authorised (under additional monitoring),TGA,approved,20.12.2022,2022,neoplasms; diseases of the nervous system; diseases of the digestive system,<von hippel-lindau disease>; <renal cell carcinoma>; <central nervous system neoplasms>; <pancreatic neuroendocrine tumors>,auspar-welireg-230913.pdf,small molecule,welireg,"treatment of adult patients with von hippel-lindau (vhl) disease who require therapy for associated renal cell carcinoma (rcc), central nervous system (cns) haemangioblastomas, or pancreatic neuroendocrine tumours (pnet), not requiring immediate surgery",yes,treatment of adult patients with von hippel-lindau (vhl) disease who require therapy for associated renal cell carcinoma not requiring immediate surgery,<von hippel-lindau disease>; <renal cell carcinoma>,merck sharp & dohme (australia) pty ltd,merck sharp & dohme,355338,belzutifan,no,yes,tablet,pm-2021-00644-1-4,na
subcutaneous; intravenous,28.02.2023,2023,authorised,TGA,approved,18.01.2024,2024,diseases of the skin; diseases of the musculoskeletal system and connective tissue; diseases of the digestive system,<plaque psoriasis>; <psoriatic arthritis>; <crohn disease>; <ulcerative colitis>,auspar-wezlana-240618.pdf,biologics,wezlana,plaque psoriasis; psoriatic arthritis; crohn’s disease; ulcerative colitis,no,"moderate to severe plaque psoriasis in adults, adolescents and in children; active psoriatic arthritis in adults; severely active crohn’s disease in adults; moderately to severely active ulcerative colitis",<plaque psoriasis>; <psoriatic arthritis>; <crohn disease>; <ulcerative colitis>,amgen australia pty ltd,amgen,"403011, 403012, 403013 and 403014",ustekinumab,yes,no,solution,pm-2023-00167-1-1,
topical,28.02.2023,2023,authorised (under additional monitoring),TGA,approved,08.03.2024,2024,diseases of the skin,<acne vulgaris>,auspar-winlevi-240816.pdf,small molecule,winlevi,topical treatment of acne vulgaris in patients 12 years of age and older,no,topical treatment of acne vulgaris in patients 12 years of age and older,<acne vulgaris>,sun pharma anz pty ltd,sun,403948,clascoterone,no,no,cream,pm-2023-00180-1-1,na
oral; intravenous,,,authorised,TGA,approved,02.02.2011,2011,neoplasms; diseases of the digestive system,<colonic neoplasms>; <colorectal neoplasms>; <esophagogastric junction>; <breast neoplasms>,auspar-xeloda-eloxatin.pdf,small molecule,"xeloda /eloxatin, oxaliplatin dakota, winthrop oxaliplatin","colon cancer, colorectal cancer, oesophagogastric cancer, breast cancer",yes,for adjuvant treatment of stage iii (dukes c) colon cancer.,<colonic neoplasms>,roche products pty ltd/sanofi-aventis australia pty ltd,roche/sanofi-aventis,"75731 and 75732 (xeloda) and 101658, 101701, 122549, 122550, 125804, 128862, 128864, 75454 and 75455 (eloxatin, oxaliplatin dakota, winthrop oxaliplatin)",capecitabine /oxaliplatin,yes,no,tablet; concentrate; powder,pm-2010-00909-4/2010-02795-4,
subcutaneous,31.03.2021,2021,authorised (under additional monitoring),TGA,approved,08.07.2022,2022,diseases of the blood and blood-forming organs,<immunologic deficiency syndromes>; <hypogammaglobulinemia>,auspar-xembify-230123.pdf,biologics,xembify,primary immunodeficiency diseases (pid); symptomatic hypogammaglobulinaemia secondary to underlying disease or treatment.,no,"treatment of primary immunodeficiency syndromes (pid) in adults, children and adolescents (0-18 years).",<immunologic deficiency syndromes>,grifols australia pty ltd,grifols,"355315, 380404, 380405, 380406",human normal immunoglobulin,no,no,solution,pm-2020-06238-1-2,na
intravenous,31.10.2022,2022,authorised,TGA,approved,21.08.2023,2023,"endocrine, nutritional, and metabolic diseases",<acid sphingomyelinase deficiency>,auspar-xenpozyme-240820.pdf,biologics,xenpozyme,enzyme replacement therapy for the treatment of noncentral nervous system (cns) manifestations of acid sphingomyelinase deficiency (asmd) in paediatric and adult patients with type a/b or type b,no,enzyme replacement therapy for the treatment of noncentral nervous system (cns) manifestations of acid sphingomyelinase deficiency (asmd) in paediatric and adult patients with type a/b or type b,<acid sphingomyelinase deficiency>,sanofi-aventis australia pty ltd,sanofi-aventis,423370,olipudase alfa,no,yes,lyophilisate,pm-2022-03512-1-3,na
intramuscular; intraglandular,30.11.2022,2022,authorised,TGA,approved,21.11.2023,2023,diseases of the nervous system; diseases of the musculoskeletal system and connective tissue,<neurologic manifestations>; <spasticity>,auspar-xeomin-240624.pdf,biologics,xeomin,chronic sialorrhea due to neurological/neurodevelopmental disorders; spasticity of the lower and/or upper limbs,yes,chronic sialorrhea due to neurological disorders; hemifacial spasm; spasticity of the lower and/or upper limbs,<chronic sialorrhea>; <hemifacial spasm>; <spasticity>,merz australia pty ltd,merz,"205507, 205508",incobotulinumtoxina,no,no,powder,pm-2022-03519-1-1,na
subcutaneous,,,authorised,TGA,approved,29.08.2011,2011,neoplasms; diseases of the musculoskeletal system and connective tissue,<neoplasm metastasis>,auspar-xgeva.pdf,biologics,xgeva,prevention of skeletal related events in patients with bone metastases from solid tumours,yes,prevention of skeletal related events in adults with advanced malignancies involving bone,<neoplasms>,amgen australia pty ltd,amgen,175041,denosumab,no,no,solution,pm-2010-02051-3-4,na
oral,02.12.2020,2020,authorised (under additional monitoring),TGA,approved,03.03.2022,2022,neoplasms; diseases of the blood and blood-forming organs,<multiple myeloma>,auspar-xpovio-221115.pdf,small molecule,xpovio,"in combination with bortezomib and dexamethasone for the treatment of adult patients with multiple myeloma who have received at least one prior therapy. in combination with dexamethasone for the treatment of adult patients with relapsed or refractory multiple myeloma (rrmm) who have received at least three prior therapies and whose disease is refractory to at least one proteasome inhibitor, at least one immunomodulatory medicinal product (imid), and an anti-cd38 monoclonal antibody (mab).",no,"in combination with dexamethasone for the treatment of adult patients with relapsed or refractory multiple myeloma (rrmm) who have received at least three prior therapies and whose disease is refractory to at least one proteasome inhibitor, at least one immunomodulatory medicinal product (imid), and an anti-cd38 monoclonal antibody (mab). in combination with bortezomib and dexamethasone for the treatment of adult patients with multiple myeloma who have received at least one prior therapy. for the treatment of adult patients with relapsed or refractory diffuse large b-cell lymphoma (rr dlbcl), not otherwise specified, including dlbcl arising from follicular lymphoma, after at least 2 lines of systemic therapy.",<multiple myeloma>; <diffuse large b-cell lymphoma>; <follicular lymphoma>,antengene (aus) pty ltd,antengene,346589,selinexor,no,no,tablet,pm-2020-05458-1-6,na
intravenous,,,authorised,TGA,approved,27.06.2011,2011,neoplasms; diseases of the skin,<melanoma>,auspar-yervoy.pdf,biologics,yervoy/winglore,treatment of patients with unresectable or metastatic melanoma who have failed or are intolerant to prior therapy,no,treatment of advanced melanoma in patients who have received prior therapy,<melanoma>,bristol-myers squibb australia pty ltd,bristol-myers squibb,"174319, 174322, 174327 and 174326",ipilimumab,no,,solution,pm-2010-02212-3-4,na
intravenous,,,withdrawn,TGA,withdrawn,24.06.2010,2010,neoplasms,not reported,auspar-yondelis.pdf,small molecule,yondelis,na,no,"the initial requested indications were for the treatment of patients with relapsed ovarian cancer in combination with pegylated liposomal doxorubicin hydrochloride (pld) and for the treatment of patients with advanced soft tissue sarcoma, after failure of anthracycline and ifosfamide, or who are unsuited to receive these agents.",<ovarian neoplasms>; <sarcoma>,janssen-cilag pty ltd,janssen-cilag,,trabectedin,no,yes,powder,pm-2009-01976-3-4,na
oral,02.11.2020,2020,authorised,TGA,approved,24.03.2022,2022,neoplasms,<prostatic neoplasms>,auspar-yonsa-mpred-240801.pdf,small molecule,yonsa mpred,"treatment of patients with newly diagnosed high-risk metastatic hormone sensitive prostate cancer (mhspc) in combination with androgen deprivation therapy (adt), or patients with metastatic advanced prostate cancer (castration resistant prostate cancer, mcrpc) who are asymptomatic or mildly symptomatic after failure of androgen deprivation therapy (adt) or patients with mcrpc who have received prior chemotherapy containing a taxane.",no,"treatment of patients with newly diagnosed high-risk metastatic hormone sensitive prostate cancer (mhspc) in combination with androgen deprivation therapy (adt), or patients with metastatic advanced prostate cancer (castration resistant prostate cancer, mcrpc) who are asymptomatic or mildly symptomatic after failure of androgen deprivation therapy (adt) or patients with mcrpc who have received prior chemotherapy containing a taxane.",<prostatic neoplasms>,sun pharma anz pty ltd,sun,346890,abiraterone acetate and methylprednisolone,yes,no,tablet,pm-2020-04869-1-4,
subcutaneous,01.06.2021,2021,authorised,TGA,approved,28.02.2022,2022,diseases of the musculoskeletal system and connective tissue; diseases of the digestive system; diseases of the skin; diseases of the eye and adnexa,"<rheumatoid arthritis>; <arthritis, juvenile>; <arthritis, psoriatic>; <spondylitis, ankylosing>; <crohn disease>; <colitis, ulcerative>; <psoriasis>; <hidradenitis suppurativa>; <uveitis>",auspar-yuflyma-20221028.pdf,biologics,yuflyma,rheumatoid arthritis; juvenile idiopathic arthritis; enthesitis-related arthritis; psoriatic arthritis; ankylosing spondylitis; crohn’s disease; ulcerative colitis; psoriasis; hidradenitis suppurativa; uveitis,no,rheumatoid arthritis; juvenile idiopathic arthritis; enthesitis-related arthritis; psoriatic arthritis; ankylosing spondylitis; crohn’s disease; ulcerative colitis; psoriasis; hidradenitis suppurativa; uveitis,"<rheumatoid arthritis>; <arthritis, juvenile>; <arthritis, psoriatic>; <spondylitis, ankylosing>; <crohn disease>; <colitis, ulcerative>; <psoriasis>; <hidradenitis suppurativa>; <uveitis>",celltrion healthcare australia pty ltd,celltrion,"358350, 367770 and 367771",adalimumab,no,no,solution,pm-2021-01170-1-3,na
intramuscular,,,authorised,TGA,approved,28.10.2009,2009,mental and behavioural disorders,<schizophrenia>,auspar-zeldoxim.pdf,small molecule,zeldox im,for acute treatment and short term management of agitation and disturbed behaviour in patients with schizophrenia and related psychoses when oral therapy is not appropriate,no,for acute treatment and short term management of agitation and disturbed behaviour in patients with schizophrenia and related psychoses when oral therapy is not appropriate,<schizophrenia>,pfizer australia pty ltd,pfizer,,ziprasidone,no,no,powder,pm-2008-1737-1,na
oral,,,authorised,TGA,approved,10.08.2011,2011,diseases of the genitourinary system,<contraception>,auspar-zoely.pdf,small molecule,zoely,oral contraception,no,oral contraception,<not reported>,merck sharp & dohme (australia) pty limited,merck sharp & dohme,168332,nomegestrol acetate,no,no,tablet,pm-2010-00254-3-5,na
subcutaneous,,,authorised,TGA,approved,03.09.2010,2010,"endocrine, nutritional, and metabolic diseases",<growth hormone deficiency>,auspar-zomacton.pdf,peptides and proteins,zomacton,for the long term treatment of children who have growth failure due to inadequate secretion of growth hormone.,no,for the long term treatment of children who have growth failure due to inadequate secretion of growth hormone.,<growth hormone deficiency>,ferring pharmaceuticals pty ltd,ferring,156226,somatropin,no,no,powder,pm-2008-2954-5,na
oral,,,authorised,TGA,approved,04.04.2013,2013,diseases of the nervous system,<partial seizures>; <epilepsy>,auspar-zonisamide-130722.pdf,small molecule,zonegran,"monotherapy in the treatment of partial seizures, with or without secondary generalisation, in adults with newly diagnosed epilepsy who are intolerant to other agents or where other agents are contraindicated.",yes,"monotherapy in the treatment of partial seizures, with or without secondary generalisation, in adults with newly diagnosed epilepsy.",<seizures>; <epilepsy>,scigen australia pty ltd,scigen,"125869, 125870, 125871",zonisamide,yes,no,capsule,pm-2011-03861-3-1,
buccal,30.09.2020,2020,authorised (under additional monitoring),TGA,approved,17.09.2021,2021,diseases of the nervous system,<status epilepticus>,auspar-zyamis-230420.pdf,small molecule,zyamis,"zyamis, as buccal midazolam, is indicated for the treatment of generalised convulsive status epilepticus (gcse), in those over 6 months old.",yes,"the treatment of prolonged acute convulsive seizures (pacs) in infants, children and adolescents aged from 6 months to less than 18 years old when iv diazepam is not available or inappropriate to use.",<seizures>,veriton pharma pty ltd,veriton,"342690, 342691, 342692 and 342693",midazolam maleate,yes,no,solution,pm-2020-04183-1-1,
oral,30.04.2015,2015,authorised,TGA,approved,29.03.2016,2016,neoplasms; diseases of the respiratory system,<lung neoplasms>,auspar-zykadia-270218.pdf,small molecule,zykadia,treatment of adult patients with alk-positive locally advanced or metastatic non-small cell lung cancer (nsclc) whose disease has progressed on or who are intolerant of crizotinib.,no,treatment of adult patients with alk-positive locally advanced or metastatic non-small cell lung cancer (nsclc) previously treated with an alk-inhibitor.,<lung neoplasms>,novartis pharmaceuticals aust pty ltd,novartis,235737,ceritinib,no,yes,capsule,pm-2015-00418-1-4,na
