Document_name,Marketing_authorisation_number,Procedure_number,Drug_name,Non_proprietary_name,Marketing_authorisation_holder,Drug_class,Pharmaceutical_form,Administration_route,Decision,Current_status,Decision_date,Decision_year,Orphan_drug_status,Indication_extended,Indication_requested,Indication_approved,Disease_class(es),Application_date,Application_year,Nonclinical_abridged,Referral_body
000245811.pdf,Not reported,Not reported,Zejula,Niraparib,Takeda Pharmaceutical Company Limited,Small molecule,Capsule,oral,approved,authorised,04.09.2020,2020,no,no,Maintenance treatment of ovarian cancer after the initial chemotherapy; Maintenance treatment of platinum-sensitive recurrent ovarian cancer; Treatment of platinum-sensitive recurrent ovarian cancer with homologous recombination deficiency,Maintenance treatment of ovarian cancer after the initial chemotherapy; Maintenance treatment of platinum-sensitive recurrent ovarian cancer; Treatment of platinum-sensitive recurrent ovarian cancer with homologous recombination deficiency,Neoplasms; Diseases of the genitourinary system,28.02.2020,2020,no,NA
000212785.pdf,Not reported,Not reported,Farydak,Panobinostat,Novartis Pharma K.K.,Small molecule,Capsules,oral,approved,authorised,28.05.2015,2015,yes,no,Relapsed or refractory multiple myeloma,Relapsed or refractory multiple myeloma,Neoplasms; Diseases of the blood and blood-forming organs,26.09.2014,2014,no,NA
000239716.pdf,Not reported,Not reported,Inavir,Laninamivir Octanoate Hydrate,"Daiichi Sankyo Company, Limited",Small molecule,inhalation suspension,inhalation,approved,authorised,19.04.2019,2019,no,no,Treatment of influenza A or B virus infection,Treatment of influenza A or B virus infection,Infectious and parasitic diseases,10.07.2018,2018,yes,Not reported
000221617.pdf,Not reported,Not reported,Livalo,Pitavastatin Calcium Hydrate,"Kowa Company, Ltd.",Small molecule,tablet,oral,approved,authorised,05.06.2015,2015,no,yes,Familial hypercholesterolemia in pediatric patients,"Hypercholesterolemia, familial hypercholesterolemia","Endocrine, nutritional, and metabolic diseases",07.08.2014,2014,yes,Not reported
000274762.pdf,Not reported,Not reported,Awiqli,Insulin Icodec,Novo Nordisk Pharma Ltd.,Peptides and proteins,solution for injection,subcutaneous,approved,authorised,31.05.2024,2024,no,no,Diabetes mellitus where treatment with insulin is required,Diabetes mellitus where treatment with insulin is required,"Endocrine, nutritional, and metabolic diseases",10.08.2023,2023,no,NA
000273743.pdf,Not reported,Not reported,Vyvgart,Efgartigimod Alfa,Argenx Japan K.K.,Biologics,injection,intravenous,approved,authorised,29.02.2024,2024,yes,yes,Generalized myasthenia gravis; Primary immune thrombocytopenia,Generalized myasthenia gravis; Chronic idiopathic thrombocytopenic purpura,Diseases of the blood and blood-forming organs,13.06.2023,2023,yes,Not reported
000227138.pdf,Not reported,Not reported,Parsabiv,Etelcalcetide,"Ono Pharmaceutical Co., Ltd.",Peptides and proteins,solution for injection,intravenous,approved,authorised,31.10.2016,2016,no,no,Secondary hyperparathyroidism in patients on hemodialysis,Secondary hyperparathyroidism in patients on hemodialysis,"Endocrine, nutritional, and metabolic diseases",14.01.2016,2016,no,NA
000153173.pdf,Not reported,Not reported,Topina,Topiramate,"Kyowa Hakko Kogyo Co., Ltd.",Small molecule,tablet,oral,approved,authorised,27.04.2007,2007,no,no,Concomitant therapy with other antiepileptic drugs for partial seizures (including secondary generalized seizures) in patients who fail to show satisfactory response to other antiepileptic drugs,Concomitant therapy with other antiepileptic drugs for partial seizures (including secondary generalized seizures) in patients who fail to show satisfactory response to other antiepileptic drugs,Diseases of the nervous system,28.07.2004,2004,no,NA
000234811.pdf,Not reported,Not reported,Evrenzo,Roxadustat,Astellas Pharma Inc.,Small molecule,film-coated tablet,oral,approved,authorised,29.08.2019,2019,no,no,Renal anemia in patients on dialysis,Renal anemia in patients on dialysis,Diseases of the blood and blood-forming organs,28.09.2018,2018,no,NA
000213511.pdf,Not reported,Not reported,Emulsion-adjuvanted Cell-culture Derived Influenza HA Vaccine,Emulsion-adjuvanted Cell-culture Derived Influenza HA Vaccine,The Chemo-Sero-Therapeutic Research Institute (KAKETSUKEN),Vaccine,emulsion for injection,intramuscular,approved,authorised,26.02.2015,2015,yes,no,Prophylaxis of pandemic influenza,Prophylaxis of pandemic influenza,Infectious and parasitic diseases; Diseases of the respiratory system,30.09.2014,2014,yes,Not reported
000153628.pdf,Not reported,Not reported,Rapiacta,Peramivir,"Shionogi & Co., Ltd.",Small molecule,solution for intravenous infusion,intravenous,approved,authorised,26.12.2009,2009,no,no,Influenza A or B virus infection,Influenza A or B virus infection,Infectious and parasitic diseases,30.10.2009,2009,no,NA
000239461.pdf,Not reported,Not reported,Skyrizi,Risankizumab,AbbVie GK,Biologics,injectable solution,subcutaneous,approved,authorised,22.02.2019,2019,no,no,"Treatment of psoriasis vulgaris, psoriatic arthritis, pustular psoriasis, and erythrodermic psoriasis in patients with inadequate response to conventional therapies","Treatment of psoriasis vulgaris, psoriatic arthritis, pustular psoriasis, and erythrodermic psoriasis in patients with inadequate response to conventional therapies",Diseases of the skin; Diseases of the musculoskeletal system and connective tissue,25.05.2018,2018,no,NA
000218646.pdf,Not reported,Not reported,Suiny,Anagliptin,"Sanwa Kagaku Kenkyusho Co., Ltd.",Small molecule,tablet,oral,approved,authorised,09.11.2015,2015,no,yes,Type 2 diabetes mellitus,Type 2 diabetes mellitus,"Endocrine, nutritional, and metabolic diseases",04.02.2015,2015,yes,Not reported
000237869.pdf,Not reported,Not reported,Vyndaqel,Tafamidis Meglumine,Pfizer Japan Inc.,Small molecule,Capsule,oral,approved,authorised,21.02.2019,2019,yes,yes,Delay of peripheral neurologic impairment in patients with transthyretin familial amyloid polyneuropathy; Reductions in all-cause mortality and the frequency of cardiovascular-related hospitalizations in patients with transthyretin amyloid cardiomyopathy (wild-type or variant),Delay of peripheral neurologic impairment in patients with transthyretin familial amyloid polyneuropathy; Transthyretin amyloid cardiomyopathy (wild-type or variant),Diseases of the circulatory system,02.11.2018,2018,yes,Not reported
000216694.pdf,Not reported,Not reported,Talion,Bepotastine Besilate,Mitsubishi Tanabe Pharma Corporation,Small molecule,tablet,oral,approved,authorised,24.04.2015,2015,no,yes,"Allergic rhinitis, urticaria, and pruritus associated with skin disorders (eczema/dermatitis, prurigo, cutaneous pruritus)","Allergic rhinitis, urticaria, and pruritus associated with skin disorders (eczema/dermatitis, prurigo, cutaneous pruritus)",Diseases of the respiratory system; Diseases of the skin,30.05.2014,2014,yes,Not reported
000236236.pdf,Not reported,Not reported,Hemlibra,Emicizumab,"Chugai Pharmaceutical Co., Ltd.",Biologics,injection,subcutaneous,approved,authorised,02.03.2018,2018,yes,no,Reduction in bleeding tendency in patients with congenital blood coagulation factor VIII deficiency with blood coagulation factor VIII inhibitors,Reduction in bleeding tendency in patients with congenital blood coagulation factor VIII deficiency with blood coagulation factor VIII inhibitors,Diseases of the blood and blood-forming organs,21.07.2017,2017,no,NA
000235893.pdf,Not reported,Not reported,Benlysta,Belimumab,GlaxoSmithKline K.K.,Biologics,Powder for solution for infusion,intravenous,approved,authorised,05.08.2019,2019,no,yes,Treatment of patients with systemic lupus erythematosus who have inadequately responded to conventional treatments,Treatment of patients with systemic lupus erythematosus who have inadequately responded to conventional treatments,Diseases of the musculoskeletal system and connective tissue,29.11.2018,2018,yes,Not reported
000223203.pdf,Not reported,Not reported,Opdivo,Nivolumab,"Ono Pharmaceutical Co., Ltd.",Biologics,Injection,intravenous,approved,authorised,22.08.2017,2017,no,yes,Treatment of unresectable advanced or recurrent gastric cancer,Treatment of unresectable advanced or recurrent gastric cancer that has progressed after cancer chemotherapy,Neoplasms; Diseases of the digestive system,27.12.2016,2016,yes,Not reported
000242825.pdf,Not reported,Not reported,Olumiant,Baricitinib,Eli Lilly Japan K.K.,Small molecule,tablet,oral,approved,authorised,30.05.2017,2017,no,no,Rheumatoid arthritis in patients who have had an inadequate response to conventional treatments,Rheumatoid arthritis in patients who have had an inadequate response to conventional treatments,Diseases of the musculoskeletal system and connective tissue,11.03.2016,2016,no,NA
000222647.pdf,Not reported,Not reported,Symproic,Naldemedine Tosilate,"Shionogi & Co., Ltd.",Small molecule,tablet,oral,approved,authorised,09.02.2017,2017,no,no,Opioid-induced constipation,Opioid-induced constipation,Diseases of the digestive system,30.03.2016,2016,no,NA
000153012.pdf,Not reported,Not reported,Rozerem,Ramelteon,Takeda Pharmaceutical Company Limited,Small molecule,tablet,oral,approved,authorised,29.01.2010,2010,no,no,Insomnia,Improvement of sleep-onset insomnia,Mental and behavioural disorders,29.02.2008,2008,no,NA
000234741.pdf,Not reported,Not reported,Tremfya,Guselkumab,Janssen Pharmaceutical K.K.,Biologics,solution for injection,subcutaneous,approved,authorised,02.03.2018,2018,no,no,"Treatment of plaque psoriasis, psoriatic arthritis, pustular psoriasis, and erythrodermic psoriasis in patients who have had an inadequate response to conventional therapies","Treatment of plaque psoriasis, psoriatic arthritis, pustular psoriasis, and erythrodermic psoriasis in patients who have had an inadequate response to conventional therapies",Diseases of the skin; Diseases of the musculoskeletal system and connective tissue,20.04.2017,2017,no,NA
000245812.pdf,Not reported,Not reported,Zagallo,Dutasteride,GlaxoSmithKline K.K.,Small molecule,capsule,oral,approved,authorised,28.08.2015,2015,no,yes,"Hair growth, hair restoration, and prevention of the progression of hair loss in men with androgenetic alopecia",Androgenetic alopecia in men,Diseases of the skin,25.11.2014,2014,yes,Not reported
000223201.pdf,Not reported,Not reported,Opdivo,Nivolumab,"Ono Pharmaceutical Co., Ltd.",Biologics,Injection,intravenous,approved,authorised,Not reported,2017,no,yes,Treatment of recurrent or distant metastatic head and neck cancer,Treatment of recurrent or distant metastatic head and neck cancer,Neoplasms,27.07.2016,2016,yes,Not reported
000246328.pdf,Not reported,Not reported,Actemra,Tocilizumab,"Chugai Pharmaceutical Co., Ltd.",Biologics,concentrate for a solution for intravenous infusion,intravenous,approved,authorised,07.01.2022,2022,no,yes,Pneumonia caused by SARS-CoV-2 infection (COVID-19) (limited to patients requiring supplemental oxygen),Pneumonia caused by SARS-CoV-2 infection (COVID-19) (limited to patients requiring supplemental oxygen),Infectious and parasitic diseases; Diseases of the respiratory system,13.12.2021,2021,yes,Not reported
000263433.pdf,Not reported,Not reported,Herceptin,Trastuzumab,"Chugai Pharmaceutical Co., Ltd.",Biologics,Lyophilized powder for solution for injection,intravenous,approved,authorised,09.02.2022,2022,no,yes,HER2-overexpressing breast cancer; Unresectable advanced or recurrent HER2-overexpressing gastric cancer; Unresectable advanced or recurrent HER2-overexpressing colorectal cancer,HER2-overexpressing breast cancer; Unresectable advanced or recurrent HER2-overexpressing gastric cancer; Unresectable advanced or recurrent HER2-positive salivary gland carcinoma; Unresectable advanced or recurrent HER2-positive colorectal cancer that has progressed after cancer chemotherapy,Neoplasms; Diseases of the digestive system,26.04.2021,2021,yes,Not reported
000153400.pdf,Not reported,Not reported,Zetia,Ezetimibe,Schering-Plough K.K.,Small molecule,tablet,oral,approved,authorised,31.01.2007,2007,no,no,"Hypercholesterolemia, familial hypercholesterolemia, homozygous sitosterolemia","Hypercholesterolemia, familial hypercholesterolemia, homozygous sitosterolemia","Endocrine, nutritional, and metabolic diseases",31.10.2003,2003,no,NA
000235932.pdf,Not reported,Not reported,Trerief,Zonisamide,"Dainippon Sumitomo Pharma Co., Ltd.",Small molecule,tablet,oral,approved,authorised,28.11.2008,2008,no,yes,Parkinson’s disease (for patients who have not responded adequately to a combination of levodopa-containing drugs with other antiparkinsonian drugs),Parkinson’s disease (for patients who did not respond adequately to a combination of levodopa-containing drugs with other antiparkinsonian drugs),Diseases of the nervous system,28.09.2005,2005,no,NA
000210230.pdf,Not reported,Not reported,Forxiga,Dapagliflozin,Bristol-Myers K.K.,Small molecule,tablet,oral,approved,authorised,24.01.2014,2014,no,no,Type 2 diabetes mellitus,Type 2 diabetes mellitus,"Endocrine, nutritional, and metabolic diseases",15.03.2013,2013,no,NA
000226231.pdf,Not reported,Not reported,Ximency,Daclatasvir Hydrochloride/Asunaprevir/Beclabuvir Hydrochloride,Bristol-Myers Squibb K.K.,Small molecule,tablet,oral,approved,authorised,11.11.2016,2016,no,no,Suppression of viremia in serogroup 1 (genotype 1) chronic hepatitis C patients without cirrhosis or with compensated cirrhosis,Suppression of viremia in serogroup 1 (genotype 1) chronic hepatitis C patients without cirrhosis or with compensated cirrhosis,Infectious and parasitic diseases,21.12.2015,2015,no,NA
000216480.pdf,Not reported,Not reported,Yondelis,Trabectedin,"Taiho Pharmaceutical Co., Ltd.",Small molecule,Lyophilized powder for solution for infusion,intravenous,approved,authorised,31.08.2015,2015,yes,no,"Soft tissue sarcomas of the following histological subtypes: myxoid/round cell liposarcoma, synovial sarcoma, alveolar rhabdomyosarcoma, extra-osseous Ewing’s sarcoma/primitive neuroectodermal tumor, dermatofibrosarcoma protuberans, low-grade fibromyxoid sarcoma, alveolar soft part sarcoma, clear cell sarcoma, angiomatoid fibrous histiocytoma, desmoplastic small round cell tumor, extraskeletal myxoid chondrosarcoma, mesenchymal chondrosarcoma, giant cell fibroblastoma, and endometrial stromal sarcoma.",Soft tissue sarcomas,Neoplasms,05.01.2015,2015,no,NA
000208866.pdf,Not reported,Not reported,Anoro Ellipta,Umeclidinium Bromide/ Vilanterol Trifenatate,GlaxoSmithKline K.K.,Small molecule,Inhalation powder,Inhalation,approved,authorised,30.04.2014,2014,no,no,Relief of symptoms of obstructive airway disorder due to chronic obstructive pulmonary disease (chronic bronchitis and pulmonary emphysema),Relief of symptoms of obstructive airway disorder due to chronic obstructive pulmonary disease (chronic bronchitis and pulmonary emphysema),Diseases of the respiratory system,22.04.2013,2013,no,NA
000208682.pdf,Not reported,Not reported,Eliquis,Apixaban,Bristol-Myers K.K.,Small molecule,Film-coated tablets,oral,approved,authorised,30.11.2012,2012,no,no,Reduction of the risk of stroke and systemic embolism in patients with nonvalvular atrial fibrillation,Reduction of the risk of ischemic stroke and systemic embolism in patients with nonvalvular atrial fibrillation,Diseases of the circulatory system,21.12.2011,2011,no,NA
000237315.pdf,Not reported,Not reported,Velexbru,Tirabrutinib Hydrochloride,"Ono Pharmaceutical Co., Ltd.",Small molecule,tablet,oral,approved,authorised,26.02.2020,2020,yes,no,Recurrent or refractory primary central nervous system lymphoma,Recurrent or refractory primary central nervous system lymphoma,Neoplasms; Diseases of the nervous system,28.08.2019,2019,no,NA
000230308.pdf,Not reported,Not reported,Maviret,Glecaprevir Hydrate/Pibrentasvir,AbbVie GK,Small molecule,tablet,oral,approved,authorised,08.09.2017,2017,no,no,Improvement of viremia in patients with chronic hepatitis C or compensated cirrhosis type C,Improvement of viremia in patients with chronic hepatitis C or compensated cirrhosis type C,Infectious and parasitic diseases,14.02.2017,2017,no,NA
000210796.pdf,Not reported,Not reported,Sovaldi,Sofosbuvir,Gilead Sciences K.K.,Small molecule,tablet,oral,approved,authorised,05.03.2015,2015,no,no,Suppression of viremia in serogroup 2 (genotype 2) chronic hepatitis C patients with or without compensated cirrhosis,Suppression of viremia in serogroup 2 (genotype 2) chronic hepatitis C patients with or without compensated cirrhosis,Infectious and parasitic diseases,27.06.2014,2014,no,NA
000245967.pdf,Not reported,Not reported,Keytruda,Pembrolizumab,MSD K.K.,Biologics,Injection,intravenous,approved,authorised,07.07.2020,2020,no,yes,"Unresectable, advanced or recurrent esophageal cancer","Radically unresectable, advanced or recurrent PD-L1 positive esophageal squamous cell carcinoma that has progressed after cancer chemotherapy",Neoplasms; Diseases of the digestive system,08.11.2019,2019,yes,Not reported
000252994.pdf,Not reported,Not reported,Mitchga,Nemolizumab,"Maruho Co., Ltd.",Biologics,solution for injection,subcutaneous,approved,authorised,03.03.2022,2022,no,no,Treatment of pruritus associated with atopic dermatitis (only for patients who are inadequately controlled by conventional treatments),Treatment of pruritus associated with atopic dermatitis (only for patients who are inadequately controlled by conventional treatments),Diseases of the skin,29.07.2020,2020,no,NA
000235933.pdf,Not reported,Not reported,Trerief,Zonisamide,"Sumitomo Dainippon Pharma Co., Ltd.",Small molecule,tablet,oral,approved,authorised,08.06.2018,2018,no,yes,Parkinsonism in dementia with Lewy bodies,Parkinsonism in dementia with Lewy bodies,Diseases of the nervous system,30.08.2017,2017,yes,Not reported
000211073.pdf,Not reported,Not reported,Clenafin,Efinaconazole,"Kaken Pharmaceutical Co., Ltd.",Small molecule,topical solution,cutaneous,approved,authorised,30.04.2014,2014,no,no,Onychomycosis,Tinea unguium,Infectious and parasitic diseases; Diseases of the skin,23.10.2012,2012,no,NA
000267330.pdf,Not reported,Not reported,TS-1,Tegafur/Gimeracil/Oteracil Potassium,"Taiho Pharmaceutical Co., Ltd.",Small molecule,capsules,oral,approved,authorised,Not reported,2022,no,yes,"Adjuvant therapy for hormone receptor-positive, HER2-negative breast cancer with a high risk of recurrence","Adjuvant therapy for hormone receptor-positive, HER2-negative breast cancer with a high risk of recurrence",Neoplasms,14.02.2022,2022,yes,Not reported
000223200.pdf,Not reported,Not reported,Opdivo,Nivolumab,"Ono Pharmaceutical Co., Ltd.",Biologics,injection,intravenous,approved,authorised,11.11.2016,2016,yes,yes,Treatment of relapsed or refractory classical Hodgkin lymphoma,Treatment of relapsed or refractory classical Hodgkin lymphoma,Neoplasms; Diseases of the blood and blood-forming organs,18.03.2016,2016,yes,Not reported
000224547.pdf,Not reported,Not reported,Humira,Adalimumab,AbbVie GK,Biologics,solution for injection,subcutaneous,approved,authorised,09.09.2016,2016,no,yes,"Non-infectious intermediate uveitis, posterior uveitis, or panuveitis","Non-infectious intermediate uveitis, posterior uveitis, or panuveitis",Diseases of the eye and adnexa,29.10.2015,2015,yes,Not reported
000220043.pdf,Not reported,Not reported,Risperdal,Risperidone,Janssen Pharmaceutical K.K.,Small molecule,tablet,oral,approved,authorised,05.02.2016,2016,no,yes,Schizophrenia; Irritability associated with autistic disorder in pediatric patients,Schizophrenia; Irritability associated with autism spectrum disorder in pediatric patients,Mental and behavioural disorders; Diseases of the nervous system,24.04.2015,2015,no,NA
000153773.pdf,Not reported,Not reported,Adsorbed Influenza Vaccine (H5N1) “HOKKEN”,Adsorbed Influenza Vaccine (H5N1),The Kitasato Institute,Vaccine,Injectable suspension,intramuscular or subcutaneous,approved,authorised,31.08.2007,2007,yes,no,Prophylaxis of pandemic influenza (H5N1),Prophylaxis of pandemic influenza (H5N1),Infectious and parasitic diseases,30.01.2007,2007,yes,Not reported
000253046.pdf,Not reported,Not reported,Comirnaty,Coronavirus Modified Uridine RNA Vaccine,Pfizer Japan Inc.,Vaccine,injection,intramuscular,approved,authorised,07.02.2023,2023,no,yes,Prevention of disease caused by SARS-CoV-2 infection (COVID-19),Prevention of disease caused by SARS-CoV-2 infection (COVID-19),Infectious and parasitic diseases,13.10.2022,2022,yes,Not reported
000153954.pdf,Not reported,Not reported,Moistear,Diquafosol Sodium,"Santen Pharmaceutical Co., Ltd.",Small molecule,ophthalmic solution,ocular,approved,authorised,26.02.2010,2010,no,no,Corneal and conjunctival epithelial damage associated with dry eye (including Sjogren’s syndrome and Stevens-Johnson syndrome),Dry eye,Diseases of the eye and adnexa,30.05.2008,2008,no,NA
000246305.pdf,Not reported,Not reported,Paxlovid,Nirmatrelvir and Ritonavir,Pfizer Japan Inc.,Small molecule,film-coated tablet,oral,approved,authorised,10.02.2022,2022,no,no,Treatment of disease caused by SARS-CoV-2 infection (COVID-19),Treatment of disease caused by SARS-CoV-2 infection (COVID-19),Infectious and parasitic diseases,14.01.2022,2022,yes,Not reported
000235894.pdf,Not reported,Not reported,Benlysta,Belimumab,GlaxoSmithKline K.K.,Biologics,solution for infusion,intravenous,approved,authorised,08.09.2017,2017,no,no,Treatment of patients with systemic lupus erythematosus who have inadequately responded to conventional treatments,Treatment of patients with systemic lupus erythematosus who have inadequately responded to conventional treatments,Diseases of the musculoskeletal system and connective tissue,13.12.2016,2016,no,NA
000226817.pdf,Not reported,Not reported,Mundesine,Forodesine Hydrochloride,Mundipharma K.K.,Small molecule,capsule,oral,approved,authorised,03.03.2017,2017,yes,no,Relapsed or refractory peripheral T-cell lymphoma,Relapsed or refractory peripheral T-cell lymphoma,Neoplasms; Diseases of the blood and blood-forming organs,07.06.2016,2016,no,NA
000216877.pdf,Not reported,Not reported,Cosentyx,Secukinumab,Novartis Pharma K.K.,Biologics,solution for injection,subcutaneous,approved,authorised,12.11.2015,2015,no,yes,"Treatment of psoriasis vulgaris, psoriatic arthritis, and pustular psoriasis (generalized) in patients who have had an inadequate response to conventional therapy","Treatment of psoriasis vulgaris, psoriatic arthritis, and pustular psoriasis (generalized) in patients who have had an inadequate response to conventional therapy",Diseases of the skin; Diseases of the musculoskeletal system and connective tissue,03.03.2015,2015,yes,Not reported
000216650.pdf,Not reported,Not reported,Viekirax,Ombitasvir Hydrate/Paritaprevir Hydrate/Ritonavir,AbbVie GK,Small molecule,tablet,oral,approved,authorised,31.08.2015,2015,no,no,"Suppression of viremia in serogroup 1 (genotype 1) chronic hepatitis C patients, including those with compensated cirrhosis",Suppression of viremia in serogroup 1 (genotype 1) chronic hepatitis C patients with or without compensated cirrhosis,Infectious and parasitic diseases,12.02.2015,2015,no,NA
000204240.pdf,Not reported,Not reported,Betanis,Mirabegron,Astellas Pharma Inc.,Small molecule,tablet,oral,approved,authorised,01.06.2011,2011,no,no,"Urgency, urinary frequency, and urge urinary incontinence in patients with overactive bladder","Urgency, urinary frequency, and urge urinary incontinence in patients with overactive bladder",Diseases of the genitourinary system,18.06.2010,2010,no,NA
000244664.pdf,Not reported,Not reported,Opdivo,Nivolumab,"Ono Pharmaceutical Co., Ltd.",Biologics,Injection,intravenous,approved,authorised,15.07.2020,2020,no,yes,"Unresectable, advanced or recurrent microsatellite instability-high (MSI-High) colorectal cancer that has progressed after cancer chemotherapy","Unresectable, advanced or recurrent microsatellite instability-high (MSI-High) colorectal cancer that has progressed after cancer chemotherapy",Neoplasms; Diseases of the digestive system,12.11.2019,2019,yes,Not reported
000224437.pdf,Not reported,Not reported,Avastin,Bevacizumab,"Chugai Pharmaceutical Co., Ltd.",Biologics,Injection,Intravenous,approved,authorised,22.02.2007,2007,no,no,Unresectable advanced or recurrent colorectal cancer,Unresectable advanced or recurrent colorectal cancer,Neoplasms; Diseases of the digestive system,21.04.2006,2006,no,NA
000269293.pdf,Not reported,Not reported,Spikevax,Coronavirus (SARS-CoV-2) RNA Vaccine,"Moderna Japan Co., Ltd.",Vaccine,suspension for injection,intramuscular,approved,authorised,15.06.2023,2023,no,yes,Prevention of disease caused by SARS-CoV-2 infection (COVID-19),Prevention of disease caused by SARS-CoV-2 infection (COVID-19),Infectious and parasitic diseases,09.02.2023,2023,yes,Not reported
000224436.pdf,Not reported,Not reported,Avastin,Bevacizumab,"Chugai Pharmaceutical Co., Ltd.",Biologics,Injection,intravenous,approved,authorised,25.04.2016,2016,yes,yes,Advanced or recurrent cervical cancer,Advanced or recurrent cervical cancer,Neoplasms; Diseases of the genitourinary system,17.09.2015,2015,yes,Not reported
000153174.pdf,Not reported,Not reported,Januvia,Sitagliptin,"Banyu Pharmaceutical Co., Ltd.; Ono Pharmaceutical Co., Ltd.",Small molecule,tablet,oral,approved,authorised,24.07.2009,2009,no,no,Improvement of post-prandial hyperglycemia in type 2 diabetes mellitus,Type 2 diabetes mellitus,"Endocrine, nutritional, and metabolic diseases",10.12.2007,2007,no,NA
000244665.pdf,Not reported,Not reported,Yervoy,Ipilimumab,Bristol-Myers Squibb K.K.,Biologics,Injection,intravenous,approved,authorised,26.08.2020,2020,no,yes,"Unresectable, advanced or recurrent microsatellite instability-high (MSI-High) colorectal cancer that has progressed after cancer chemotherapy","Unresectable, advanced or recurrent microsatellite instability-high (MSI-High) colorectal cancer that has progressed after cancer chemotherapy",Neoplasms; Diseases of the digestive system,12.11.2019,2019,yes,Not reported
000204241.pdf,Not reported,Not reported,Cedartolen,None,"Torii Pharmaceutical Co., Ltd.",Other,sublingual drop,sublingual,approved,authorised,18.11.2013,2013,no,no,Japanese cedar pollinosis (allergen immunotherapy),Japanese cedar pollinosis (hyposensitization therapy),Diseases of the respiratory system,25.12.2012,2012,yes,Not reported
000216876.pdf,Not reported,Not reported,Cosentyx,Secukinumab,Novartis Pharma K.K.,Biologics,solution for injection,subcutaneous,approved,authorised,28.11.2014,2014,no,no,Treatment of psoriasis vulgaris and psoriatic arthritis in patients who have had an inadequate response to conventional therapy,Treatment of psoriasis vulgaris and psoriatic arthritis in patients who have had an inadequate response to conventional therapy,Diseases of the skin; Diseases of the musculoskeletal system and connective tissue,26.12.2013,2013,no,NA
000273156.pdf,Not reported,Not reported,Xocova,Ensitrelvir Fumaric Acid,"Shionogi & Co., Ltd.",Small molecule,tablet,oral,approved,authorised,04.03.2024,2024,no,no,Disease caused by SARS-CoV-2 infection (COVID-19),Disease caused by SARS-CoV-2 infection (COVID-19),Infectious and parasitic diseases,08.06.2023,2023,no,NA
000211260.pdf,Not reported,Not reported,Inavir,Laninamivir Octanoate Hydrate,"Daiichi Sankyo Company, Limited",Small molecule,dry powder for inhalation,inhalation,approved,authorised,29.07.2010,2010,no,no,Treatment of influenza A or B virus infection,Treatment of influenza A or B virus infection,Infectious and parasitic diseases,29.01.2010,2010,no,NA
000233994.pdf,Not reported,Not reported,Revolade,Eltrombopag Olamine,Novartis Pharma K.K.,Small molecule,tablet,oral,approved,authorised,01.08.2017,2017,yes,yes,Chronic idiopathic thrombocytopenic purpura; Aplastic anemia,Chronic idiopathic thrombocytopenic purpura; Aplastic anemia,Diseases of the blood and blood-forming organs,30.11.2016,2016,yes,Not reported
000242148.pdf,Not reported,Not reported,Sarclisa,Isatuximab,Sanofi K.K.,Biologics,injection,intravenous,approved,authorised,28.05.2020,2020,no,no,Relapsed or refractory multiple myeloma,Relapsed or refractory multiple myeloma,Neoplasms; Diseases of the blood and blood-forming organs,23.08.2019,2019,no,NA
000268789.pdf,Not reported,Not reported,Alhemo,Concizumab,Novo Nordisk Pharma Ltd.,Biologics,solution for injection,subcutaneous,approved,authorised,31.07.2023,2023,yes,no,Control of bleeding tendency in patients with congenital hemophilia with coagulation factor VIII or IX inhibitors,Control of bleeding tendency in patients with congenital hemophilia with coagulation factor VIII or IX inhibitors,Diseases of the blood and blood-forming organs,29.08.2022,2022,no,NA
000219170.pdf,Not reported,Not reported,Halaven,Eribulin Mesilate,"Eisai Co., Ltd.",Small molecule,Injectable solution,intravenous,approved,authorised,20.01.2011,2011,no,no,Inoperable or recurrent breast cancer,Inoperable or recurrent breast cancer,Neoplasms,30.03.2010,2010,no,NA
000263435.pdf,Not reported,Not reported,Perjeta,Pertuzumab,"Chugai Pharmaceutical Co., Ltd.",Biologics,solution for injection,intravenous,approved,authorised,25.04.2013,2013,no,no,HER2-positive inoperable or recurrent breast cancer,HER2-positive inoperable or recurrent breast cancer,Neoplasms,25.05.2012,2012,no,NA
000211074.pdf,Not reported,Not reported,Nopicor,Nalfurafine Hydrochloride,"Toray Medical Co., Ltd.",Small molecule,capsules,oral,approved,authorised,21.11.2014,2014,no,yes,Alleviation of pruritus in patients with chronic hepatic disease (only when the patient’s response to conventional treatments is inadequate),Alleviation of pruritus in patients with chronic hepatic disease (only when the patient’s response to conventional treatments is inadequate),Diseases of the digestive system,25.10.2013,2013,no,NA
000242410.pdf,Not reported,Not reported,Izcargo,Pabinafusp Alfa,"JCR Pharmaceuticals Co., Ltd.",Biologics,Lyophilized powder for injection,intravenous,approved,authorised,25.02.2021,2021,yes,no,Mucopolysaccharidosis type II,Mucopolysaccharidosis type II,"Endocrine, nutritional, and metabolic diseases",29.09.2020,2020,no,NA
000153348.pdf,Not reported,Not reported,Thaled,Thalidomide,Fujimoto Pharmaceutical Corporation,Small molecule,Capsule,Oral,approved,authorised,27.08.2008,2008,yes,no,Multiple myeloma (to be used only when conventional treatment is not sufficiently effective),Relapsed or refractory multiple myeloma,Neoplasms; Diseases of the blood and blood-forming organs,08.08.2006,2006,yes,Not reported
000238551.pdf,Not reported,Not reported,Imfinzi,Durvalumab,AstraZeneca K.K.,Biologics,solution for injection,intravenous,approved,authorised,25.04.2018,2018,no,no,"Locally-advanced, unresectable non-small cell lung cancer","Maintenance treatment of locally-advanced, unresectable non-small cell lung cancer following definitive chemoradiotherapy",Neoplasms; Diseases of the respiratory system,30.08.2017,2017,no,NA
000230125.pdf,Not reported,Not reported,Adcetris,Brentuximab Vedotin,Takeda Pharmaceutical Company Limited,Biologics,Injection: Powder for reconstitution before use,intravenous,approved,authorised,28.06.2018,2018,yes,yes,Previously untreated CD30-positive Hodgkin’s lymphoma,Previously untreated CD30-positive Hodgkin’s lymphoma,Neoplasms; Diseases of the blood and blood-forming organs,31.01.2018,2018,yes,Not reported
000266405.pdf,Not reported,Not reported,Imbruvica,Ibrutinib,Janssen Pharmaceutical K.K.,Small molecule,Capsule,oral,approved,authorised,18.01.2023,2023,yes,yes,treatment-naïve mantle cell lymphoma,treatment-naïve mantle cell lymphoma,Neoplasms; Diseases of the blood and blood-forming organs,10.06.2022,2022,yes,Not reported
000232054.pdf,Not reported,Not reported,Goofice,Elobixibat,"EA Pharma Co., Ltd.",Small molecule,tablet,oral,approved,authorised,04.12.2017,2017,no,no,Chronic constipation (excluding constipation caused by organic disease),Chronic constipation (excluding constipation caused by organic disease),Diseases of the digestive system,01.02.2017,2017,no,NA
000270515.pdf,Not reported,Not reported,Zilbrysq,Zilucoplan,"UCB Japan Co., Ltd.",Peptides and proteins,solution for injection,subcutaneous,approved,authorised,21.08.2023,2023,no,no,Generalized myasthenia gravis,Generalized myasthenia gravis (only in patients who inadequately respond to corticosteroids or nonsteroidal immunosuppressants),Diseases of the nervous system,08.12.2022,2022,no,NA
000247408.pdf,Not reported,Not reported,Emgality,Galcanezumab,Eli Lilly Japan K.K.,Biologics,injection,subcutaneous,approved,authorised,02.12.2020,2020,no,no,Prevention of migraine attacks,Prevention of migraine attacks,Diseases of the nervous system,24.01.2020,2020,no,NA
000153638.pdf,Not reported,Not reported,Clozaril,Clozapine,Novartis Pharma K.K.,Small molecule,tablet,oral,approved,authorised,27.02.2009,2009,no,no,Treatment-resistant schizophrenia,Treatment-resistant schizophrenia,Mental and behavioural disorders,21.12.2007,2007,yes,Not reported
000247811.pdf,Not reported,Not reported,Xarelto,Rivaroxaban,"Bayer Yakuhin, Ltd.",Small molecule,tablet,oral,approved,authorised,02.12.2020,2020,no,yes,Treatment of pediatric venous thromboembolism and prevention of its recurrence,Treatment of venous thromboembolism and prevention of its recurrence,Diseases of the circulatory system,14.02.2020,2020,yes,Not reported
000224346.pdf,Not reported,Not reported,Taltz,Ixekizumab,Eli Lilly Japan K.K.,Biologics,solution for injection,subcutaneous,approved,authorised,30.05.2016,2016,no,no,"Treatment of moderate to severe psoriasis vulgaris, pustular psoriasis, erythrodermic psoriasis, and psoriatic arthritis","Treatment of psoriasis vulgaris, psoriatic arthritis, pustular psoriasis, and erythrodermic psoriasis in patients who have had an inadequate response to conventional therapies",Diseases of the skin; Diseases of the musculoskeletal system and connective tissue,28.07.2015,2015,no,NA
000249828.pdf,Not reported,Not reported,Xocova,Ensitrelvir Fumaric Acid,"Shionogi & Co., Ltd.",Small molecule,tablet,oral,approved,authorised,22.11.2022,2022,no,no,Disease caused by SARS-CoV-2 infection (COVID-19),Disease caused by SARS-CoV-2 infection (COVID-19),Infectious and parasitic diseases,25.02.2022,2022,no,NA
000275874.pdf,Not reported,Not reported,Fabhalta,Iptacopan,Novartis Pharma K.K.,Small molecule,capsule,oral,approved,authorised,31.05.2024,2024,no,no,Paroxysmal nocturnal hemoglobinuria,Paroxysmal nocturnal hemoglobinuria,Diseases of the blood and blood-forming organs,07.08.2023,2023,no,NA
000244464.pdf,Not reported,Not reported,Enspryng,Satralizumab,"Chugai Pharmaceutical Co., Ltd.",Biologics,solution for injection,subcutaneous,approved,authorised,29.05.2020,2020,yes,no,Prevention of relapse of neuromyelitis optica spectrum disorder (including neuromyelitis optica),Prevention of relapse of neuromyelitis optica spectrum disorder (including neuromyelitis optica),Diseases of the nervous system,08.11.2019,2019,no,NA
000216478.pdf,Not reported,Not reported,Opdivo,Nivolumab,"Ono Pharmaceutical Co., Ltd.",Biologics,Injection,intravenous,approved,authorised,30.11.2015,2015,no,yes,"Treatment of unresectable malignant melanoma; Treatment of unresectable, advanced or recurrent non-small cell lung cancer","Treatment of unresectable malignant melanoma; Treatment of unresectable, advanced or recurrent non-small cell lung cancer",Neoplasms; Diseases of the respiratory system,21.07.2015,2015,yes,Not reported
000207987.pdf,Not reported,Not reported,Lonsurf,Trifluridine and Tipiracil Hydrochloride,"Taiho Pharmaceutical Co., Ltd.",Small molecule,tablet,oral,approved,authorised,03.02.2014,2014,no,no,Unresectable advanced or recurrent colorectal cancer,Unresectable advanced or recurrent colorectal cancer,Neoplasms; Diseases of the digestive system,26.02.2013,2013,no,NA
000247409.pdf,Not reported,Not reported,Xenpozyme,Olipudase Alfa,Sanofi K.K.,Biologics,Lyophilized powder for injection,intravenous,approved,authorised,25.02.2022,2022,yes,no,Acid sphingomyelinase deficiency,Acid sphingomyelinase deficiency,"Endocrine, nutritional, and metabolic diseases",30.09.2021,2021,no,NA
000267068.pdf,Not reported,Not reported,Leqembi,Lecanemab,"Eisai Co., Ltd.",Biologics,injection,intravenous,approved,authorised,21.08.2023,2023,no,no,To slow the progression of early Alzheimer’s disease (mild cognitive impairment and mild dementia due to Alzheimer’s disease),To slow the progression of mild cognitive impairment and mild dementia due to Alzheimer’s disease,Diseases of the nervous system,16.01.2023,2023,no,NA
000246924.pdf,Not reported,Not reported,Xofluza,Baloxavir Marboxil,"Shionogi & Co., Ltd.",Small molecule,tablet,oral,approved,authorised,30.10.2020,2020,no,yes,prophylaxis of influenza A or B virus infection,Treatment and prophylaxis of influenza A or B virus infection,Infectious and parasitic diseases,16.10.2019,2019,no,NA
000216875.pdf,Not reported,Not reported,Adsorbed Cell Culture-derived Influenza Vaccine H5N1,Adsorbed cell culture-derived influenza vaccine,"Kitasato Daiichi Sankyo Vaccine Co., Ltd.",Vaccine,Suspension for injection,Intramuscular,approved,authorised,08.02.2016,2016,yes,yes,Prevention of pandemic influenza (H5N1),Prevention of pandemic influenza (H5N1),Infectious and parasitic diseases; Diseases of the respiratory system,28.08.2015,2015,yes,Not reported
000211075.pdf,Not reported,Not reported,Takecab,Vonoprazan Fumarate,Takeda Pharmaceutical Company Limited,Small molecule,tablet,oral,approved,authorised,21.11.2014,2014,no,no,"Treatment of gastric ulcer, duodenal ulcer, or reflux esophagitis; prevention of recurrent gastric or duodenal ulcer associated with low-dose aspirin administration; and prevention of recurrent gastric or duodenal ulcer associated with non-steroidal anti-inflammatory drug administration; Adjunct therapy to Helicobacter pylori eradication in gastric or duodenal ulcer, gastric mucosa-associated lymphatic tissue (MALT) lymphoma, idiopathic thrombocytopenic purpura, the stomach after endoscopic resection of early stage gastric cancer, or Helicobacter pylori gastritis","Treatment of gastric ulcer, duodenal ulcer, or reflux esophagitis; prevention of recurrent gastric or duodenal ulcer associated with low-dose aspirin administration; and prevention of recurrent gastric or duodenal ulcer associated with non-steroidal anti-inflammatory drug administration; Adjunct therapy to Helicobacter pylori eradication in gastric or duodenal ulcer, gastric mucosa-associated lymphatic tissue (MALT) lymphoma, idiopathic thrombocytopenic purpura, the stomach after endoscopic resection of early stage gastric cancer, or Helicobacter pylori gastritis",Diseases of the digestive system; Neoplasms; Diseases of the blood and blood-forming organs; Infectious and parasitic diseases,28.02.2014,2014,no,NA
000218938.pdf,Not reported,Not reported,Duac,Clindamycin Phosphate Hydrate/Benzoyl Peroxide,GlaxoSmithKline K.K.,Small molecule,gel,cutaneous,approved,authorised,21.01.2015,2015,no,no,Acne vulgaris,Acne vulgaris,Diseases of the skin,24.03.2014,2014,yes,Not reported
000219171.pdf,Not reported,Not reported,Halaven,Eribulin Mesilate,"Eisai Co., Ltd.",Small molecule,Injectable solution,Intravenous,approved,authorised,01.02.2016,2016,yes,yes,Inoperable or recurrent breast cancer and soft tissue sarcoma,Inoperable or recurrent breast cancer and soft tissue sarcoma,Neoplasms,30.07.2015,2015,yes,Not reported
000224582.pdf,Not reported,Not reported,Praluent,Alirocumab,Sanofi K.K.,Biologics,solution for injection,subcutaneous,approved,authorised,27.05.2016,2016,no,no,Hypercholesterolemia and familial hypercholesterolemia,Familial hypercholesterolemia and hypercholesterolemia,"Endocrine, nutritional, and metabolic diseases",06.08.2015,2015,no,NA
000229930.pdf,Not reported,Not reported,Cymbalta,Duloxetine,"Shionogi & Co., Ltd.",Small molecule,capsule,oral,approved,authorised,25.11.2016,2016,no,yes,pain associated with osteoarthritis,pain associated with osteoarthritis,Diseases of the musculoskeletal system and connective tissue,09.02.2016,2016,yes,Not reported
000228384.pdf,Not reported,Not reported,Revlimid,Lenalidomide Hydrate,Celgene K.K.,Small molecule,Capsules,oral,approved,authorised,03.02.2017,2017,yes,yes,Relapsed or refractory adult T cell leukemia-lymphoma,Relapsed or refractory adult T cell leukemia-lymphoma,Neoplasms; Diseases of the blood and blood-forming organs,24.06.2016,2016,yes,Not reported
000271597.pdf,Not reported,Not reported,Besponsa,Inotuzumab Ozogamicin,Pfizer Japan Inc.,Biologics,Lyophilized powder for reconstitution for injection,intravenous,approved,authorised,22.02.2024,2024,yes,yes,Relapsed or refractory CD22-positive acute lymphoblastic leukemia,Relapsed or refractory CD22-positive acute lymphoblastic leukemia,Neoplasms; Diseases of the blood and blood-forming organs,27.07.2023,2023,yes,Not reported
000210800.pdf,Not reported,Not reported,Copegus,Ribavirin,"Chugai Pharmaceutical Co., Ltd.",Small molecule,tablet,oral,approved,authorised,05.03.2015,2015,no,yes,Suppression of viremia in chronic hepatitis C patients,Suppression of viremia in chronic hepatitis C patients with or without compensated cirrhosis in combination with Peginterferon Alfa-2a or Sofosbuvir,Infectious and parasitic diseases,18.09.2014,2014,yes,Not reported
000153931.pdf,Not reported,Not reported,Xolair,Omalizumab,Novartis Pharma K.K.,Biologics,lyophilized powder for injection,subcutaneous,approved,authorised,27.10.2008,2008,no,no,Bronchial asthma (only for patients who respond inadequately to conventional therapies),Bronchial asthma (only for refractory patients whose asthma symptoms are not controlled by conventional therapies),Diseases of the respiratory system,31.05.2006,2006,no,NA
000265591.pdf,Not reported,Not reported,Rituxan,Rituximab,"Zenyaku Kogyo Co., Ltd.",Biologics,solution for infusion,intravenous,approved,authorised,02.06.2022,2022,yes,yes,Prevention of the relapse of neuromyelitis optica spectrum disorder (including neuromyelitis optica),Prevention of the relapse of neuromyelitis optica spectrum disorder (including neuromyelitis optica),Diseases of the nervous system,29.10.2021,2021,yes,Not reported
000227563.pdf,Not reported,Not reported,Sovaldi,Sofosbuvir,Gilead Sciences K.K.,Small molecule,tablet,oral,approved,authorised,22.02.2017,2017,no,yes,Suppression of viremia in patients with chronic hepatitis C with or without compensated cirrhosis (any serogroup [genotype] other than serogroup 1 [genotype 1]),Suppression of viremia in patients with chronic hepatitis C with or without compensated cirrhosis (any serogroup [genotype] other than serogroup 1 [genotype 1]),Infectious and parasitic diseases,31.08.2016,2016,no,NA
000224903.pdf,Not reported,Not reported,Erelsa,Elbasvir,MSD K.K.,Small molecule,tablet,oral,approved,authorised,09.09.2016,2016,no,no,Suppression of viremia in serogroup 1 (genotype 1) chronic hepatitis C patients with or without compensated cirrhosis,Suppression of viremia in serogroup 1 (genotype 1) chronic hepatitis C patients with or without compensated cirrhosis,Infectious and parasitic diseases,11.03.2016,2016,no,NA
000265142.pdf,Not reported,Not reported,Wegovy,Semaglutide,Novo Nordisk Pharma Ltd.,Peptides and proteins,injection,subcutaneous,approved,authorised,27.01.2023,2023,no,yes,Obesity,Obesity,"Endocrine, nutritional, and metabolic diseases",25.08.2021,2021,no,NA
000212453.pdf,Not reported,Not reported,Radicut,Edaravone,Mitsubishi Tanabe Pharma Corporation,Small molecule,Injection,intravenous,approved,authorised,05.06.2015,2015,yes,yes,"Improvement of neurological symptoms, disability in activities of daily living, and functional impairment associated with acute ischemic stroke; Treatment of amyotrophic lateral sclerosis (ALS)","Improvement of neurological symptoms, disability in activities of daily living, and functional impairment associated with acute ischemic stroke; Slowing of progression of functional impairment in patients with amyotrophic lateral sclerosis (ALS)",Diseases of the nervous system,29.10.2014,2014,yes,Not reported
000153104.pdf,Not reported,Not reported,Macugen,Pegaptanib Sodium,Pfizer Japan Inc.,Peptides and proteins,solution for injection,intravitreous,approved,authorised,25.04.2008,2008,yes,no,Subfoveal choroidal neovascularization secondary to age-related macular degeneration,Subfoveal choroidal neovascularization secondary to age-related macular degeneration,Diseases of the eye and adnexa,30.03.2007,2007,no,NA
000217926.pdf,Not reported,Not reported,Proemend,Fosaprepitant Meglumine,"Ono Pharmaceutical Co., Ltd.",Small molecule,Lyophilized powder,intravenous,approved,authorised,24.02.2016,2016,no,yes,Acute or delayed digestive symptoms (nausea and vomiting) resulting from the administration of antineoplastic agents such as cisplatin,Acute or delayed digestive symptoms (nausea and vomiting) resulting from the administration of antineoplastic agents such as cisplatin,Neoplasms; Diseases of the digestive system,27.05.2015,2015,yes,Not reported
000208812.pdf,Not reported,Not reported,Takelda,Aspirin/Lansoprazole,Takeda Pharmaceutical Company Limited,Small molecule,tablet,oral,approved,authorised,10.01.2014,2014,no,yes,"Reduction of the risk of thrombosis and embolism and prevention of recurrent gastric or duodenal ulcers associated with low-dose aspirin in patients with angina pectoris, myocardial infarction, ischemic cerebrovascular diseases, or who underwent CABG or PTCA","Reduction of the risk of thrombosis and embolism in patients with a history of gastric or duodenal ulcers who have angina pectoris, myocardial infarction, ischemic cerebrovascular diseases, or who underwent CABG or PTCA",Diseases of the circulatory system; Diseases of the digestive system,27.03.2013,2013,yes,Not reported
000249127.pdf,Not reported,Not reported,Comirnaty,Coronavirus Modified Uridine RNA Vaccine,Pfizer Japan Inc.,Vaccine,Injection,intramuscular,approved,authorised,17.08.2022,2022,no,no,Prevention of disease caused by SARS-CoV-2 infection (COVID-19),Prevention of disease caused by SARS-CoV-2 infection (COVID-19),Infectious and parasitic diseases,22.06.2022,2022,yes,Not reported
000250304.pdf,Not reported,Not reported,Rinvoq,Upadacitinib Hydrate,AbbVie GK,Small molecule,tablet,oral,approved,authorised,30.07.2021,2021,no,yes,Not reported,Atopic dermatitis that have an inadequate response to conventional treatments,Diseases of the skin,28.10.2020,2020,yes,Not reported
000153689.pdf,Not reported,Not reported,Isentress,Raltegravir Potassium,"Banyu Pharmaceutical Co., Ltd.",Small molecule,tablet,oral,approved,authorised,30.04.2008,2008,yes,no,HIV-1 infection,HIV infection,Infectious and parasitic diseases,12.03.2008,2008,no,NA
000235589.pdf,Not reported,Not reported,Crysvita,Burosumab,"Kyowa Kirin Co., Ltd.",Biologics,injection,subcutaneous,approved,authorised,29.08.2019,2019,yes,no,FGF23-related hypophosphatemic rickets/osteomalacia,FGF23-related hypophosphatemic rickets/osteomalacia,"Endocrine, nutritional, and metabolic diseases; Diseases of the musculoskeletal system and connective tissue",07.01.2019,2019,no,NA
000250305.pdf,Not reported,Not reported,Tavneos,Avacopan,"Kissei Pharmaceutical Co., Ltd.",Small molecule,capsule,oral,approved,authorised,06.09.2021,2021,yes,no,Microscopic polyangiitis and granulomatosis with polyangiitis,Microscopic polyangiitis and granulomatosis with polyangiitis,Diseases of the blood and blood-forming organs; Diseases of the circulatory system,26.02.2021,2021,no,NA
000249126.pdf,Not reported,Not reported,Comirnaty,Coronavirus Modified Uridine RNA Vaccine,Pfizer Japan Inc.,Vaccine,injection,intramuscular,approved,authorised,07.09.2022,2022,no,yes,Prevention of disease caused by SARS-CoV-2 infection (COVID-19),Prevention of disease caused by SARS-CoV-2 infection (COVID-19),Infectious and parasitic diseases,08.08.2022,2022,yes,Not reported
000230195.pdf,Not reported,Not reported,Otezla,Apremilast,Celgene K.K.,Small molecule,Film-coated tablets,oral,approved,authorised,24.11.2016,2016,no,no,Psoriasis vulgaris inadequately responding to topical therapy; Psoriatic arthritis,Psoriasis vulgaris inadequately responding to topical therapy; Psoriatic arthritis,Diseases of the skin; Diseases of the musculoskeletal system and connective tissue,24.03.2016,2016,no,NA
000237163.pdf,Not reported,Not reported,Mekinist,Trametinib,Novartis Pharma K.K.,Small molecule,tablet,oral,approved,authorised,02.03.2018,2018,yes,yes,Unresectable advanced or recurrent non-small cell lung cancer with BRAF mutations,Unresectable advanced or recurrent non-small cell lung cancer with BRAF mutations,Neoplasms; Diseases of the respiratory system,05.12.2016,2016,no,NA
000265792.pdf,Not reported,Not reported,Precedex,Dexmedetomidine Hydrochloride,Pfizer Japan Inc.,Small molecule,solution,intravenous,approved,authorised,27.01.2023,2023,no,yes,Sedation of non-intubated pediatric patients during non-invasive procedures or examinations,Sedation of non-intubated pediatric patients during non-invasive procedures or examinations,Other,30.03.2022,2022,yes,Not reported
000210319.pdf,Not reported,Not reported,Avigan,Favipiravir,"Toyama Chemical Co., Ltd.",Small molecule,Film-coated tablet,oral,approved,authorised,03.02.2014,2014,no,no,Influenza A or B virus infection,Treatment of novel or re-emerging pandemic influenza virus infections (limited to cases in which other influenza antiviral drugs are ineffective or not sufficiently effective),Infectious and parasitic diseases,30.03.2011,2011,no,NA
000224902.pdf,Not reported,Not reported,Grazyna,Grazoprevir,MSD K.K.,Small molecule,tablet,oral,approved,authorised,09.09.2016,2016,no,no,Suppression of viremia in serogroup 1 (genotype 1) chronic hepatitis C patients with or without compensated cirrhosis,Suppression of viremia in serogroup 1 (genotype 1) chronic hepatitis C patients with or without compensated cirrhosis,Infectious and parasitic diseases,11.03.2016,2016,no,NA
000227562.pdf,Not reported,Not reported,Sovaldi,Sofosbuvir,Gilead Sciences K.K.,Small molecule,tablet,oral,approved,authorised,22.02.2017,2017,no,yes,Suppression of viremia in patients with chronic hepatitis C with or without compensated cirrhosis (any serogroup [genotype] other than serogroup 1 [genotype 1]),Suppression of viremia in patients with chronic hepatitis C with or without compensated cirrhosis (any serogroup [genotype] other than serogroup 1 [genotype 1]),Infectious and parasitic diseases,31.08.2016,2016,no,NA
000228335.pdf,Not reported,Not reported,Spinraza,Nusinersen,Biogen Japan Ltd.,Peptides and proteins,Solution for injection,Intrathecal,approved,authorised,22.08.2017,2017,yes,yes,Infantile Spinal muscular atrophy,Infantile Spinal muscular atrophy; Non-infantile spinal muscular atrophy,Diseases of the nervous system,05.07.2017,2017,yes,Not reported
000274306.pdf,Not reported,Not reported,Dupixent,Dupilumab,Sanofi K.K.,Biologics,Syringe,subcutaneous,approved,authorised,05.02.2024,2024,no,yes,Chronic spontaneous urticaria,Chronic spontaneous urticaria,Diseases of the skin,31.03.2023,2023,yes,Not reported
000266925.pdf,Not reported,Not reported,Litfulo,Ritlecitinib Tosilate,Pfizer Japan Inc.,Small molecule,Capsules,oral,approved,authorised,29.05.2023,2023,no,no,Alopecia areata (limited to intractable cases involving extensive hair loss),Alopecia areata (limited to intractable cases involving extensive hair loss),Diseases of the skin,25.08.2022,2022,no,NA
000222430.pdf,Not reported,Not reported,Genvoya,Elvitegravir/Cobicistat/Emtricitabine/Tenofovir Alafenamide,Japan Tobacco Inc.,Small molecule,tablet,oral,approved,authorised,30.05.2016,2016,yes,no,HIV-1 infection,HIV-1 infection,Infectious and parasitic diseases,04.03.2016,2016,no,NA
000233298.pdf,Not reported,Not reported,Istodax,Romidepsin,Celgene K.K.,Small molecule,Lyophilized powder for reconstitution for injection,intravenous,approved,authorised,30.05.2017,2017,yes,no,Relapsed or refractory peripheral T-cell lymphoma,Relapsed or refractory peripheral T-cell lymphoma,Neoplasms; Diseases of the blood and blood-forming organs,02.09.2016,2016,no,NA
000269814.pdf,Not reported,Not reported,Tresiba,Insulin Degludec,Novo Nordisk Pharma Ltd.,Peptides and proteins,solution for injection,subcutaneous,approved,authorised,10.07.2015,2015,no,yes,Diabetes mellitus where treatment with insulin is required,Diabetes mellitus where treatment with insulin is required,"Endocrine, nutritional, and metabolic diseases",31.10.2014,2014,yes,Not reported
000232794.pdf,Not reported,Not reported,Rozlytrek,Entrectinib,"Chugai Pharmaceutical Co., Ltd.",Small molecule,capsule,oral,approved,authorised,30.05.2019,2019,yes,no,"NTRK fusion-positive, locally advanced or metastatic solid tumors","NTRK fusion-positive, advanced/recurrent solid tumors",Neoplasms,19.12.2018,2018,no,NA
000208811.pdf,Not reported,Not reported,Alecensa,Alectinib Hydrochloride,"Chugai Pharmaceutical Co., Ltd.",Small molecule,capsule,oral,approved,authorised,26.05.2014,2014,yes,no,"ALK fusion gene-positive, unresectable, recurrent or advanced non-small cell lung cancer","ALK fusion gene-positive, unresectable, recurrent or advanced non-small cell lung cancer",Neoplasms; Diseases of the respiratory system,07.10.2013,2013,no,NA
000210092.pdf,Not reported,Not reported,Insulin Glargine BS,Insulin Glargine,Eli Lilly Japan K.K.,Peptides and proteins,Solution for injection,Subcutaneous,approved,authorised,10.10.2014,2014,no,no,Treatment of diabetes mellitus where treatment with insulin is required,Treatment of diabetes mellitus where treatment with insulin is required,"Endocrine, nutritional, and metabolic diseases",24.12.2013,2013,no,NA
000266892.pdf,Not reported,Not reported,Daichirona,Coronavirus (SARS-CoV-2) RNA Vaccine,"Daiichi Sankyo Company, Limited",Vaccine,injection,intramuscular,approved,authorised,31.07.2023,2023,no,no,Prevention of disease caused by SARS-CoV-2 infection (COVID-19),Prevention of disease caused by SARS-CoV-2 infection (COVID-19),Infectious and parasitic diseases,13.01.2023,2023,no,NA
000153885.pdf,Not reported,Not reported,Lyxumia,Lixisenatide,Sanofi K.K.,Peptides and proteins,solution for injection,subcutaneous,approved,authorised,24.05.2013,2013,no,no,Type 2 diabetes mellitus,Type 2 diabetes mellitus,"Endocrine, nutritional, and metabolic diseases",11.06.2012,2012,no,NA
000240841.pdf,Not reported,Not reported,Mektovi,Binimetinib,"Ono Pharmaceutical Co., Ltd.",Small molecule,tablet,oral,approved,authorised,30.10.2020,2020,no,yes,Unresectable advanced or recurrent colorectal cancer with BRAF mutation,Unresectable advanced or recurrent colorectal cancer with BRAF mutation that has progressed after cancer chemotherapy,Neoplasms; Diseases of the digestive system,04.03.2020,2020,no,NA
000215883.pdf,Not reported,Not reported,Xiaflex,Collagenase,Asahi Kasei Pharma Corporation,Peptides and proteins,Lyophilized powder for solution for injection,intravenous,approved,authorised,05.06.2015,2015,no,no,Dupuytren’s contracture with a palpable cord,Dupuytren’s contracture,Diseases of the musculoskeletal system and connective tissue,31.07.2014,2014,yes,Not reported
000246571.pdf,Not reported,Not reported,Opdivo,Nivolumab,"Ono Pharmaceutical Co., Ltd.",Biologics,Injection,intravenous,approved,authorised,Not reported,2021,no,yes,"Treatment of unresectable, advanced or recurrent gastric cancer previously untreated with chemotherapy; Adjuvant therapy of esophageal cancer","Treatment of unresectable, advanced or recurrent gastric cancer; Adjuvant therapy of esophageal cancer",Neoplasms; Diseases of the digestive system,10.12.2020,2020,yes,Not reported
000231921.pdf,Not reported,Not reported,Keytruda,Pembrolizumab,MSD K.K.,Biologics,injection,intravenous,approved,authorised,29.11.2018,2018,yes,yes,Not reported,"Unresectable Malignant melanoma; Unresectable, advanced or recurrent PD-L1 positive non-small cell lung cancer; Relapsed or refractory classical Hodgkin lymphoma; Radically unresectable urothelial carcinoma that has progressed after cancer chemotherapy; Advanced or recurrent microsatellite instability-high (MSI-High) solid tumors that have progressed after cancer chemotherapy",Neoplasms; Diseases of the respiratory system; Diseases of the blood and blood-forming organs; Diseases of the genitourinary system,30.03.2018,2018,yes,Not reported
000228530.pdf,Not reported,Not reported,Pralia,Denosumab,"Daiichi Sankyo Co., Ltd.",Biologics,Solution for injection,subcutaneous,approved,authorised,30.05.2017,2017,no,yes,Osteoporosis; Prevention of structural joint damage associated with rheumatoid arthritis,Osteoporosis; Inhibition of progression of bone erosion associated with rheumatoid arthritis,Diseases of the musculoskeletal system and connective tissue,23.09.2016,2016,no,NA
000240840.pdf,Not reported,Not reported,Braftovi,Encorafenib,"Ono Pharmaceutical Co., Ltd.",Small molecule,Capsules,oral,approved,authorised,30.10.2020,2020,no,yes,Unresectable advanced or recurrent colorectal cancer with BRAF mutation,Unresectable advanced or recurrent colorectal cancer with BRAF mutation that has progressed after cancer chemotherapy,Neoplasms; Diseases of the digestive system,04.03.2020,2020,no,NA
000223317.pdf,Not reported,Not reported,Mikeluna,Carteolol Hydrochloride /Latanoprost,"Otsuka Pharmaceutical Co., Ltd.",Small molecule,ophthalmic solution,ocular,approved,authorised,07.09.2016,2016,no,no,Glaucoma and ocular hypertension,Glaucoma and ocular hypertension,Diseases of the eye and adnexa,01.10.2015,2015,yes,Not reported
000266893.pdf,Not reported,Not reported,Parmodia XR,Pemafibrate,"Kowa Company, Ltd.",Small molecule,Extended-release tablets,oral,approved,authorised,12.05.2023,2023,no,yes,Hyperlipidemia (including familial hyperlipidemia),Hyperlipidemia (including familial hyperlipidemia),"Endocrine, nutritional, and metabolic diseases",12.09.2022,2022,yes,Not reported
000203945.pdf,Not reported,Not reported,NovoEight,Turoctocog Alfa,Novo Nordisk Pharma Ltd.,Biologics,Lyophilized powder for solution for injection,intravenous,approved,authorised,18.11.2013,2013,no,no,Control of bleeding tendency in patients with haemophilia A (congenital blood coagulation factor VIII deficiency),Control of bleeding tendency in patients with blood coagulation factor VIII deficiency,Diseases of the blood and blood-forming organs,27.12.2012,2012,no,NA
000235777.pdf,Not reported,Not reported,Orkedia,Evocalcet,"Kyowa Hakko Kirin Co., Ltd.",Small molecule,tablet,oral,approved,authorised,01.03.2018,2018,no,no,Secondary hyperparathyroidism in patients on maintenance dialysis,Secondary hyperparathyroidism in patients on maintenance dialysis,"Endocrine, nutritional, and metabolic diseases; Diseases of the genitourinary system",27.04.2017,2017,no,NA
000215262.pdf,Not reported,Not reported,Harvoni,Ledipasvir Acetonate/Sofosbuvir,Gilead Sciences K.K.,Small molecule,tablet,oral,approved,authorised,28.05.2015,2015,no,no,Suppression of viremia in serogroup 1 (genotype 1) chronic hepatitis C patients with or without compensated cirrhosis.,Suppression of viremia in serogroup 1 (genotype 1) chronic hepatitis C patients with or without compensated cirrhosis.,Infectious and parasitic diseases,24.09.2014,2014,no,NA
000265791.pdf,Not reported,Not reported,Libtayo,Cemiplimab,Sanofi K.K.,Biologics,injection,intravenous,approved,authorised,28.11.2022,2022,no,no,Advanced or recurrent cervical cancer that has progressed after chemotherapy,Advanced or recurrent cervical cancer that has progressed after chemotherapy,Neoplasms; Diseases of the genitourinary system,18.03.2022,2022,no,NA
000240288.pdf,Not reported,Not reported,Vanflyta,Quizartinib Hydrochloride,"Daiichi Sankyo Company, Limited",Small molecule,tablet,oral,approved,authorised,30.05.2019,2019,yes,no,Relapsed or refractory FLT3-ITD mutation-positive acute myeloid leukemia,Relapsed or refractory FLT3-ITD mutation-positive acute myeloid leukemia,Neoplasms; Diseases of the blood and blood-forming organs,17.10.2018,2018,no,NA
000272776.pdf,Not reported,Not reported,Sargmalin,Sargramostim,"Nobelpharma Co., Ltd.",Biologics,Lyophilized powder,Inhalation,approved,authorised,04.03.2024,2024,yes,no,Autoimmune pulmonary alveolar proteinosis,Autoimmune pulmonary alveolar proteinosis,Diseases of the respiratory system,30.06.2023,2023,no,NA
000233074.pdf,Not reported,Not reported,Smyraf,Peficitinib,Astellas Pharma Inc.,Small molecule,tablet,oral,approved,authorised,22.02.2019,2019,no,no,Treatment of rheumatoid arthritis (including prevention of structural joint damage) in patients who have an inadequate response to conventional therapies.,Treatment of rheumatoid arthritis (including prevention of structural joint damage) in patients who have an inadequate response to conventional therapies.,Diseases of the musculoskeletal system and connective tissue,31.05.2018,2018,no,NA
000236124.pdf,Not reported,Not reported,Fasenra,Benralizumab,AstraZeneca K.K.,Biologics,injection,subcutaneous,approved,authorised,24.11.2017,2017,no,no,Bronchial asthma (only for patients with intractable bronchial asthma uncontrolled on conventional therapy),Bronchial asthma (only for patients with intractable bronchial asthma uncontrolled on conventional therapy),Diseases of the respiratory system,22.02.2017,2017,no,NA
000275223.pdf,Not reported,Not reported,Jaypirca,Pirtobrutinib,Eli Lilly Japan K.K.,Small molecule,tablet,oral,approved,authorised,09.05.2024,2024,Not reported,no,Relapsed or refractory mantle cell lymphoma in patients who are resistant or intolerant to other BTK inhibitors,Relapsed or refractory mantle cell lymphoma in patients who are resistant or intolerant to other BTK inhibitors,Neoplasms; Diseases of the blood and blood-forming organs,30.06.2023,2023,no,NA
000227565.pdf,Not reported,Not reported,Sovriad,Simeprevir Sodium,Janssen Pharmaceutical K.K.,Small molecule,capsule,oral,approved,authorised,13.09.2013,2013,no,no,Improvement of viraemia in patients with serogroup 1 (genotype I [1a] or II [1b]) chronic hepatitis C virus infection,Improvement of viraemia in patients with serogroup 1 (genotype I [1a] or II [1b]) chronic hepatitis C virus infection,Infectious and parasitic diseases,22.02.2013,2013,no,NA
000216948.pdf,Not reported,Not reported,Botox,Botulinum Toxin Type A,GlaxoSmithKline K.K.,Biologics,Powder for reconstitution prior to injection,intramuscular,approved,authorised,05.06.2015,2015,no,yes,"Blepharospasm, hemifacial spasm, cervical dystonia, upper limb spasticity, lower limb spasticity, talipes equinus associated with lower limb spasticity in patients ≥2 years of age with infantile cerebral palsy, severe primary axillary hyperhidrosis, and strabismus","Blepharospasm, hemifacial spasm, cervical dystonia, upper limb spasticity, lower limb spasticity, talipes equinus associated with lower limb spasticity in patients ≥2 years of age with infantile cerebral palsy, severe primary axillary hyperhidrosis, and strabismus",Diseases of the nervous system; Diseases of the eye and adnexa; Diseases of the musculoskeletal system and connective tissue,25.07.2014,2014,yes,Not reported
000235773.pdf,Not reported,Not reported,Poteligeo,Mogamulizumab,"Kyowa Hakko Kirin Co., Ltd.",Biologics,solution for injection,intravenous,approved,authorised,24.05.2018,2018,yes,yes,Relapsed or refractory CCR4-positive cutaneous T-cell lymphoma,Relapsed or refractory cutaneous T-cell lymphoma,Neoplasms; Diseases of the skin,30.11.2017,2017,no,NA
000237164.pdf,Not reported,Not reported,Tafinlar,Dabrafenib Mesilate,Novartis Pharma K.K.,Small molecule,Capsules,oral,approved,authorised,02.03.2018,2018,yes,yes,Unresectable advanced or recurrent non-small cell lung cancer with BRAF mutations,Unresectable advanced or recurrent non-small cell lung cancer with BRAF mutations,Neoplasms; Diseases of the respiratory system,05.12.2016,2016,no,NA
000243154.pdf,Not reported,Not reported,Adcetris,Brentuximab Vedotin,Takeda Pharmaceutical Company Limited,Biologics,Injection: Powder for reconstitution before use,intravenous,approved,authorised,05.11.2019,2019,yes,yes,"The following CD30-positive diseases: Hodgkin’s lymphoma, Peripheral T-cell lymphoma, Relapsed or refractory anaplastic large-cell lymphoma","The following CD30-positive diseases: Hodgkin’s lymphoma, Peripheral T-cell lymphoma",Neoplasms; Diseases of the blood and blood-forming organs,29.03.2019,2019,yes,Not reported
000264058.pdf,Not reported,Not reported,Kerendia,Finerenone,"Bayer Yakuhin, Ltd.",Small molecule,tablet,oral,approved,authorised,25.02.2022,2022,no,no,Chronic kidney disease associated with type 2 diabetes mellitus,Chronic kidney disease associated with type 2 diabetes mellitus,"Diseases of the genitourinary system; Endocrine, nutritional, and metabolic diseases",26.11.2020,2020,no,NA
000251034.pdf,Not reported,Not reported,Cibinqo,Abrocitinib,Pfizer Japan Inc.,Small molecule,tablet,oral,approved,authorised,06.09.2021,2021,no,no,Atopic dermatitis in patients who have had an inadequate response to conventional treatments,Atopic dermatitis in patients who have had an inadequate response to conventional treatments,Diseases of the skin,09.12.2020,2020,no,NA
000213561.pdf,Not reported,Not reported,Efient,Prasugrel Hydrochloride,"Daiichi Sankyo Company, Limited",Small molecule,Film-coated tablet,oral,approved,authorised,24.02.2014,2014,no,no,Reduction of thrombotic events in patients with ischemic heart diseases managed with PCI,"The following ischemic heart diseases in patients who are to be managed with PCI: Acute coronary syndrome (unstable angina, non-ST segment elevation myocardial infarction, or ST segment elevation myocardial infarction); Stable angina pectoris or old myocardial infarction",Diseases of the circulatory system,18.06.2013,2013,no,NA
000210040.pdf,Not reported,Not reported,Squarekids,Adsorbed Diphtheria-Purified Pertussis-Tetanus-Inactivated Polio (Salk Vaccine) Combined Vaccine,"Kitasato Daiichi Sankyo Vaccine Co., Ltd.",Vaccine,injection syringe,subcutaneous,approved,authorised,26.06.2014,2014,no,no,"Prevention of pertussis, diphtheria, tetanus, and acute poliomyelitis","Prevention of pertussis, diphtheria, tetanus, and acute poliomyelitis",Infectious and parasitic diseases,20.02.2013,2013,no,NA
000264059.pdf,Not reported,Not reported,Pivlaz,Clazosentan Sodium,Idorsia Pharmaceuticals Japan Ltd.,Small molecule,injection,intravenous,approved,authorised,26.11.2021,2021,no,no,Prevention of cerebrovascular spasm after surgery for subarachnoid haemorrhage caused by cerebral aneurysm and subsequent cerebral infarction and cerebral ischemic episodes,Prevention of cerebrovascular spasm after surgery for subarachnoid haemorrhage caused by cerebral aneurysm and subsequent cerebral infarction and cerebral ischemic episodes,Diseases of the circulatory system; Diseases of the nervous system,01.03.2021,2021,no,NA
000263285.pdf,Not reported,Not reported,Lyfnua,Gefapixant Citrate,MSD K.K.,Small molecule,tablet,oral,approved,authorised,02.12.2021,2021,no,no,Refractory or unexplained chronic cough,Refractory chronic cough,Diseases of the respiratory system,26.02.2021,2021,no,NA
000153467.pdf,Not reported,Not reported,Acofide,Acotiamide,"Zeria Pharmaceutical Co., Ltd.",Small molecule,tablet,oral,approved,authorised,07.02.2013,2013,no,no,"Functional dyspepsia (gastrointestinal symptoms such as postprandial fullness, upper abdominal bloating, and early satiation)","Postprandial fullness, upper abdominal bloating, and early satiation in patients with functional dyspepsia",Diseases of the digestive system,29.09.2010,2010,no,NA
000227564.pdf,Not reported,Not reported,Sovaldi,Sofosbuvir,Gilead Sciences K.K.,Small molecule,tablet,oral,approved,authorised,03.03.2017,2017,no,yes,Suppression of viremia in patients with chronic hepatitis C with or without compensated cirrhosis (any serogroup [genotype] other than serogroup 1 [genotype 1]),Suppression of viremia in patients with chronic hepatitis C with or without compensated cirrhosis (any serogroup [genotype] other than serogroup 1 [genotype 1]),Infectious and parasitic diseases,31.08.2016,2016,no,NA
000227028.pdf,Not reported,Not reported,Epoprostenol ACT,Epoprostenol Sodium,Actelion Pharmaceuticals Japan Ltd.,Small molecule,Powder for solution for injection,Intravenous,approved,authorised,18.01.2017,2017,no,yes,Pulmonary arterial hypertension,Pulmonary arterial hypertension,Diseases of the circulatory system,04.03.2016,2016,yes,Not reported
000236125.pdf,Not reported,Not reported,Nubeqa,Darolutamide,"Bayer Yakuhin, Ltd.",Small molecule,tablet,oral,approved,authorised,25.11.2019,2019,no,no,Castration-resistant prostate cancer,Non-metastatic castration-resistant prostate cancer,Neoplasms; Diseases of the genitourinary system,05.03.2019,2019,no,NA
000270833.pdf,Not reported,Not reported,Talzenna,Talazoparib Tosilate,Pfizer Japan Inc.,Small molecule,Capsules,oral,approved,authorised,27.11.2023,2023,no,no,Castration-resistant prostate cancer; BRCA-mutated HER2-negative inoperable or recurrent breast cancer,BRCA-mutated HER2-negative inoperable or recurrent breast cancer after prior chemotherapy,Neoplasms,24.02.2023,2023,no,NA
000263873.pdf,Not reported,Not reported,Darvias,Darinaparsin,Solasia Pharma K.K.,Small molecule,Lyophilized powder,intravenous,approved,authorised,12.05.2022,2022,no,no,Relapsed or refractory peripheral T-cell lymphoma,Relapsed or refractory peripheral T-cell lymphoma,Neoplasms; Diseases of the blood and blood-forming organs,30.06.2021,2021,no,NA
000249724.pdf,Not reported,Not reported,Comirnaty,Coronavirus Modified Uridine RNA Vaccine,Pfizer Japan Inc.,Vaccine,injection,intramuscular,approved,authorised,05.10.2022,2022,no,yes,Prevention of disease caused by SARS-CoV-2 infection (COVID-19),Prevention of disease caused by SARS-CoV-2 infection (COVID-19),Infectious and parasitic diseases,14.07.2022,2022,yes,Not reported
000243209.pdf,Not reported,Not reported,Veklury,Remdesivir,Gilead Sciences K.K.,Small molecule,solution,intravenous,approved,authorised,07.05.2020,2020,no,no,Disease caused by SARS-CoV-2 infection (COVID-19),Disease caused by SARS-CoV-2 infection (COVID-19),Infectious and parasitic diseases,04.05.2020,2020,yes,Not reported
000273123.pdf,Not reported,Not reported,Piasky,Crovalimab,"Chugai Pharmaceutical Co., Ltd.",Biologics,injection,intravenous,approved,authorised,29.02.2024,2024,no,no,Paroxysmal nocturnal hemoglobinuria,Paroxysmal nocturnal hemoglobinuria,Diseases of the blood and blood-forming organs,14.06.2023,2023,no,NA
000239770.pdf,Not reported,Not reported,Akalux,Cetuximab Sarotalocan Sodium,Rakuten Medical Japan K.K.,Biologics,injection,intravenous,approved,authorised,04.09.2020,2020,no,no,Recurrent head and neck cancer,Unresectable locally advanced or recurrent head and neck cancer,Neoplasms; Diseases of the respiratory system,26.03.2020,2020,no,NA
000266328.pdf,Not reported,Not reported,Comirnaty,Coronavirus (SARS-CoV-2) RNA Vaccine,Pfizer Japan Inc.,Vaccine,Injection,Intramuscular,approved,authorised,25.07.2023,2023,no,yes,Prevention of disease caused by SARS-CoV-2 infection (COVID-19),Prevention of disease caused by SARS-CoV-2 infection (COVID-19),Infectious and parasitic diseases,11.04.2023,2023,yes,Not reported
000207926.pdf,Not reported,Not reported,Forteo,Teriparatide,Eli Lilly Japan K.K.,Peptides and proteins,solution for injection,subcutaneous,approved,authorised,23.04.2010,2010,no,no,Treatment of patients with osteoporosis at high risk for fracture,Treatment of patients with osteoporosis at high risk for fracture,Diseases of the musculoskeletal system and connective tissue,28.04.2009,2009,no,NA
000153897.pdf,Not reported,Not reported,Seebri,Glycopyrronium Bromide,Novartis Pharma K.K.,Small molecule,Inhalation capsule,Inhalation,approved,authorised,06.09.2012,2012,no,no,Relief of symptoms of airway obstruction in patients with chronic obstructive pulmonary disease (chronic bronchitis and emphysema),Relief of symptoms of airway obstruction in patients with chronic obstructive pulmonary disease (chronic bronchitis and emphysema),Diseases of the respiratory system,25.11.2011,2011,no,NA
000213562.pdf,Not reported,Not reported,Remicade,Infliximab,Mitsubishi Tanabe Pharma Corporation,Biologics,Powder for solution for infusion,intravenous,approved,authorised,03.08.2015,2015,yes,yes,"Treatment of the following diseases in patients who had an inadequate response to conventional therapies: Rheumatoid arthritis, Refractory uveoretinitis associated with Behcet's disease, Plaque psoriasis, psoriatic arthritis, pustular psoriasis, erythrodermic psoriasis, Ankylosing spondylitis, Intestinal-Behcet's disease, neuro-Behcet's disease, vasculo-Behcet's disease, Treatment and maintenance therapy of Crohn's disease, Treatment of moderate to severe ulcerative colitis","Treatment of the following diseases in patients who had an inadequate response to conventional therapies: Rheumatoid arthritis, Refractory uveoretinitis associated with Behcet's disease, Plaque psoriasis, psoriatic arthritis, pustular psoriasis, erythrodermic psoriasis, Ankylosing spondylitis, Intestinal-Behcet's disease, neuro-Behcet's disease, vasculo-Behcet's disease, Treatment and maintenance therapy of Crohn's disease, Treatment of moderate to severe ulcerative colitis",Diseases of the musculoskeletal system and connective tissue; Diseases of the eye and adnexa; Diseases of the skin; Diseases of the digestive system; Diseases of the circulatory system,30.10.2014,2014,yes,Not reported
000213204.pdf,Not reported,Not reported,NovoThirteen,Catridecacog,Novo Nordisk Pharma Ltd.,Peptides and proteins,Lyophilized powder for solution for injection,intravenous,approved,authorised,05.03.2015,2015,yes,no,Control of bleeding tendency in patients with congenital blood coagulation factor XIII A-subunit deficiency,Control of bleeding tendency in patients with congenital blood coagulation factor XIII A-subunit deficiency,Diseases of the blood and blood-forming organs,29.08.2014,2014,no,NA
000218422.pdf,Not reported,Not reported,Tracleer,Bosentan,Actelion Pharmaceuticals Japan Ltd.,Small molecule,dispersible tablet,oral,approved,authorised,28.08.2015,2015,yes,yes,Pulmonary arterial hypertension,Pulmonary arterial hypertension,Diseases of the circulatory system,31.03.2015,2015,no,NA
000213563.pdf,Not reported,Not reported,Strensiq,Asfotase Alfa,Alexion Pharma G.K.,Biologics,injection,subcutaneous,approved,authorised,05.06.2015,2015,yes,no,Hypophosphatasia,Hypophosphatasia,"Endocrine, nutritional, and metabolic diseases",15.10.2014,2014,no,NA
000251036.pdf,Not reported,Not reported,Ostabalo,Abaloparatide,Teijin Pharma Limited,Peptides and proteins,aqueous injection,subcutaneous,approved,authorised,25.02.2021,2021,no,no,Treatment for patients with osteoporosis at high risk of fracture,Treatment for patients with osteoporosis at high risk of fracture,Diseases of the musculoskeletal system and connective tissue,27.05.2020,2020,no,NA
000210320.pdf,Not reported,Not reported,Giotrif,Afatinib Maleate,"Nippon Boehringer Ingelheim Co., Ltd.",Small molecule,tablet,oral,approved,authorised,18.11.2013,2013,no,no,EGFR mutation-positive inoperable or recurrent non-small cell lung cancer,EGFR mutation-positive inoperable or recurrent non-small cell lung cancer,Neoplasms; Diseases of the respiratory system,30.11.2012,2012,no,NA
000269813.pdf,Not reported,Not reported,Kostaive,Coronavirus (SARS-CoV-2) RNA Vaccine,"Meiji Seika Pharma Co., Ltd.",Vaccine,Lyophilized powder for injection,intramuscular,approved,authorised,27.11.2023,2023,no,no,Prevention of disease caused by SARS-CoV-2 infection (COVID-19),Prevention of disease caused by SARS-CoV-2 infection (COVID-19),Infectious and parasitic diseases,28.04.2023,2023,no,NA
000237990.pdf,Not reported,Not reported,Steboronine,Borofalan,Stella Pharma Corporation,Small molecule,solution for injection,intravenous,approved,authorised,26.02.2020,2020,no,no,Unresectable locally recurrent head and neck cancer; Unresectable advanced head and neck non-squamous cell carcinoma,"Unresectable, locally advanced or locally recurrent head and neck cancer",Neoplasms,15.10.2019,2019,no,NA
000153538.pdf,Not reported,Not reported,Bridion,Sugammadex Sodium,Schering-Plough K.K.,Small molecule,solution for injection,intravenous,approved,authorised,21.10.2009,2009,no,no,Reversal of neuromuscular blockade induced by rocuronium bromide or vecuronium bromide,Reversal of neuromuscular blockade induced by rocuronium bromide or vecuronium bromide,Other,20.12.2007,2007,no,NA
000250274.pdf,Not reported,Not reported,Verquvo,Vericiguat,"Bayer Yakuhin, Ltd.",Small molecule,tablet,oral,approved,authorised,28.04.2021,2021,no,no,Chronic heart failure (only in patients who are receiving standard treatment for chronic heart failure),Chronic heart failure (only in patients who are receiving standard treatment for chronic heart failure),Diseases of the circulatory system,05.06.2020,2020,no,NA
000222147.pdf,Not reported,Not reported,Uptravi,Selexipag,"Nippon Shinyaku Co., Ltd.",Small molecule,tablet,oral,approved,authorised,07.09.2016,2016,yes,no,Pulmonary arterial hypertension,Pulmonary arterial hypertension,Diseases of the circulatory system,07.01.2016,2016,no,NA
000227995.pdf,Not reported,Not reported,Ilaris,Canakinumab,Novartis Pharma K.K.,Biologics,Lyophilized injection,subcutaneous,approved,authorised,24.11.2016,2016,yes,yes,Not reported,Cryopyrin-associated periodic syndromes; Familial Mediterranean fever refractory to conventional treatment; Tumor necrosis factor receptor-associated periodic syndrome; Hyperimmunoglobulin D syndrome (mevalonate kinase deficiency),"Diseases of the musculoskeletal system and connective tissue; Endocrine, nutritional, and metabolic diseases",25.04.2016,2016,yes,Not reported
000219876.pdf,Not reported,Not reported,Cyramza,Ramucirumab,Eli Lilly Japan K.K.,Biologics,injection,intravenous,approved,authorised,05.03.2015,2015,no,no,Unresectable advanced/recurrent gastric cancer,Unresectable advanced/recurrent gastric cancer,Neoplasms; Diseases of the digestive system,25.07.2014,2014,no,NA
000229786.pdf,Not reported,Not reported,Jivi,Damoctocog Alfa Pegol,"Bayer Yakuhin, Ltd.",Biologics,Lyophilized powder for reconstitution for injection,intravenous,approved,authorised,29.08.2018,2018,no,no,Control of bleeding tendency in patients with blood coagulation factor VIII deficiency,Control of bleeding tendency in patients with blood coagulation factor VIII deficiency,Diseases of the blood and blood-forming organs,17.10.2017,2017,no,NA
000207309.pdf,Not reported,Not reported,Adempas,Riociguat,"Bayer Yakuhin, Ltd.",Small molecule,tablet,oral,approved,authorised,29.11.2013,2013,yes,no,Inoperable chronic thromboembolic pulmonary hypertension (CTEPH) or postoperative persistent or recurrent CTEPH,Inoperable chronic thromboembolic pulmonary hypertension (CTEPH) or postoperative persistent or recurrent CTEPH,Diseases of the circulatory system,17.05.2013,2013,no,NA
000237584.pdf,Not reported,Not reported,Xeljanz,Tofacitinib Citrate,Pfizer Japan Inc.,Small molecule,tablet,oral,approved,authorised,27.04.2018,2018,no,yes,Rheumatoid arthritis in patients who have not adequately responded to conventional treatments; Induction and maintenance of remission in patients with moderate to severe ulcerative colitis (only patients who have not adequately responded to conventional treatments),Induction and maintenance of remission in patients with moderately to severely active ulcerative colitis (only patients who have not adequately responded to conventional treatments),Diseases of the digestive system,31.05.2017,2017,yes,Not reported
000235387.pdf,Not reported,Not reported,Revcovi,Elapegademase,Teijin Pharma Limited,Peptides and proteins,injection,intramuscular,approved,authorised,21.02.2019,2019,yes,no,Adenosine deaminase deficiency,Adenosine deaminase deficiency,Diseases of the blood and blood-forming organs; Congenital malformations and chromosomal abnormalities,29.06.2018,2018,no,NA
000216947.pdf,Not reported,Not reported,Eylea,Aflibercept,"Bayer Yakuhin, Ltd.",Biologics,solution for intravitreal injection,intravitreal,approved,authorised,15.05.2015,2015,no,yes,Age-related macular degeneration with subfoveal choroidal neovascularization; Macular edema secondary to central retinal vein occlusion,Age-related macular degeneration with subfoveal choroidal neovascularization; Macular edema secondary to central retinal vein occlusion; Choroidal neovascularization in pathologic myopia; Diabetic macular edema,Diseases of the eye and adnexa,28.08.2014,2014,yes,Not reported
000246143.pdf,Not reported,Not reported,Lenvima,Lenvatinib Mesilate,"Eisai Co., Ltd.",Small molecule,capsule,oral,approved,authorised,22.02.2021,2021,yes,yes,Unresectable thymic carcinoma,"Unresectable thyroid cancer, unresectable hepatocellular carcinoma, unresectable thymic carcinoma",Neoplasms,30.07.2020,2020,yes,Not reported
000240532.pdf,Not reported,Not reported,Breztri Aerosphere,Budesonide/ Glycopyrronium Bromide /Formoterol Fumarate Hydrate,AstraZeneca K.K.,Small molecule,inhalation aerosol,inhalation,approved,authorised,30.05.2019,2019,no,no,"Relief of symptoms of chronic obstructive pulmonary disease (chronic bronchitis, emphysema) (requiring a combination therapy with an inhaled corticosteroid, an inhaled long-acting muscarinic antagonist, and an inhaled long-acting beta2 agonist)","Relief of symptoms of chronic obstructive pulmonary disease (chronic bronchitis, emphysema) (requiring a combination therapy with an inhaled corticosteroid, an inhaled long-acting muscarinic antagonist, and an inhaled long-acting beta2 agonist)",Diseases of the respiratory system,04.09.2018,2018,no,NA
000223081.pdf,Not reported,Not reported,Regroth Dental Kit,Trafermin,"Kaken Pharmaceutical Co., Ltd.",Peptides and proteins,Lyophilized product for reconstitution,Not reported,approved,authorised,04.08.2016,2016,no,no,Regeneration of periodontal tissues destroyed by periodontitis,Alveolar bone defect due to periodontitis,Diseases of the musculoskeletal system and connective tissue,01.10.2015,2015,yes,Not reported
000213963.pdf,Not reported,Not reported,Zafatek,Trelagliptin Succinate,Takeda Pharmaceutical Company Limited,Small molecule,tablet,oral,approved,authorised,30.01.2015,2015,no,no,Type 2 diabetes mellitus,Type 2 diabetes mellitus,"Endocrine, nutritional, and metabolic diseases",07.03.2014,2014,no,NA
000232985.pdf,Not reported,Not reported,Yervoy,Ipilimumab,Bristol-Meyers Squibb K.K.,Biologics,Injection,intravenous,approved,authorised,13.04.2018,2018,yes,no,Unresectable malignant melanoma,Unresectable malignant melanoma,Neoplasms,29.09.2017,2017,no,NA
000153482.pdf,Not reported,Not reported,Alabel,Aminolevulinic Acid Hydrochloride,"Nobelpharma Co., Ltd.; SBI Pharmaceuticals Co., Ltd.",Small molecule,lyophilized preparation,oral,approved,authorised,13.03.2013,2013,yes,no,Visualization of malignant tissue during surgical resection of malignant glioma,Visualization of malignant tissue during surgical resection of malignant glioma,Neoplasms; Diseases of the nervous system,05.07.2012,2012,yes,Not reported
000269956.pdf,Not reported,Not reported,Lynparza,Olaparib,AstraZeneca K.K.,Small molecule,tablet,oral,approved,authorised,05.07.2023,2023,no,yes,Treatment of BRCA mutation-positive metastatic castration-resistant prostate cancer,Treatment of BRCA mutation-positive metastatic castration-resistant prostate cancer,Neoplasms; Diseases of the genitourinary system,10.02.2022,2022,yes,Not reported
000220615.pdf,Not reported,Not reported,Tagrisso,Osimertinib Mesilate,AstraZeneca K.K.,Small molecule,tablet,oral,approved,authorised,26.02.2016,2016,no,no,"Unresectable, advanced or recurrent EGFR T790M mutation-positive non-small cell lung cancer that progressed during or after EGFR tyrosine kinase inhibitor treatment",Inoperable or recurrent EGFR T790M mutation-positive non-small cell lung cancer resistant to EGFR tyrosine kinase inhibitors,Neoplasms; Diseases of the respiratory system,21.08.2015,2015,no,NA
000221523.pdf,Not reported,Not reported,Nucala,Mepolizumab,GlaxoSmithKline K.K.,Biologics,Lyophilized powder,subcutaneous,approved,authorised,26.02.2016,2016,no,no,Bronchial asthma (severe eosinophilic asthma with exacerbation despite conventional treatment),Bronchial asthma (only for patients with refractory asthma whose symptoms cannot be controlled by conventional treatment),Diseases of the respiratory system,22.05.2015,2015,no,NA
000250457.pdf,Not reported,Not reported,Hiyasta,Tucidinostat,Huya Japan G.K.,Small molecule,tablet,oral,approved,authorised,28.05.2021,2021,yes,no,Relapsed or refractory adult T-cell leukemia/lymphoma,Relapsed or refractory adult T-cell leukemia/lymphoma,Neoplasms; Diseases of the blood and blood-forming organs,30.09.2020,2020,no,NA
000153870.pdf,Not reported,Not reported,Nouriast,Istradefylline,"Kyowa Hakko Kirin Co., Ltd.",Small molecule,Film-coated tablets,oral,approved,authorised,08.03.2013,2013,no,no,Patients with Parkinson’s disease on levodopa-containing preparations with motor complications,Improvement of the “wearing-off” phenomenon in patients with Parkinson’s disease on levodopa-containing preparations,Diseases of the nervous system,30.03.2012,2012,no,NA
000210264.pdf,Not reported,Not reported,Lenvima,Lenvatinib Mesilate,"Eisai Co., Ltd.",Small molecule,capsule,oral,approved,authorised,21.01.2015,2015,yes,no,Thyroid cancer,Unresectable thyroid cancer,"Neoplasms; Endocrine, nutritional, and metabolic diseases",26.06.2014,2014,no,NA
000219254.pdf,Not reported,Not reported,Kanuma,Sebelipase Alfa,Synageva BioPharma Japan K.K. (a predecessor of Alexion Pharma Godo Kaisha),Biologics,injection,intravenous,approved,authorised,24.02.2016,2016,yes,no,Lysosomal acid lipase deficiency,"Lysosomal acid lipase deficiency (cholesteryl ester storage disease, Wolman disease)","Endocrine, nutritional, and metabolic diseases",22.05.2015,2015,no,NA
000232984.pdf,Not reported,Not reported,Opdivo,Nivolumab,"Ono Pharmaceutical Co., Ltd.",Biologics,Injection,intravenous,approved,authorised,13.04.2018,2018,yes,yes,Treatment of unresectable malignant melanoma,"Treatment of unresectable malignant melanoma; Treatment of unresectable, advanced or recurrent non-small cell lung cancer; Treatment of unresectable or metastatic renal cell carcinoma; Treatment of relapsed or refractory classical Hodgkin lymphoma; Treatment of recurrent or distant metastatic head and neck cancer; Treatment of unresectable, advanced or recurrent gastric cancer that has progressed after cancer chemotherapy",Neoplasms; Diseases of the respiratory system; Diseases of the genitourinary system; Diseases of the blood and blood-forming organs,29.09.2017,2017,yes,Not reported
000153291.pdf,Not reported,Not reported,Quattrovac,Adsorbed Diphtheria-Purified Pertussis-Tetanus-Inactivated Polio (Sabin strain) Combined Vaccine,The Chemo-Sero-Therapeutic Research Institute (KAKETSUKEN),Vaccine,suspension for injection,subcutaneous,approved,authorised,20.07.2012,2012,no,no,"Prevention of pertussis, diphtheria, tetanus, and acute poliomyelitis","Prevention of pertussis, diphtheria, tetanus, and acute poliomyelitis",Infectious and parasitic diseases,27.01.2012,2012,yes,Not reported
000225368.pdf,Not reported,Not reported,Rapalimus,Sirolimus,"Nobelpharma Co., Ltd.",Small molecule,gel,cutaneous,approved,authorised,01.03.2018,2018,yes,no,Tuberous sclerosis complex-associated skin lesions,Tuberous sclerosis complex-associated skin lesions,Neoplasms; Diseases of the skin,20.10.2017,2017,no,NA
000222407.pdf,Not reported,Not reported,Prizbind,Idarucizumab,Nippon Boehringer Ingelheim Co. Ltd.,Biologics,solution for injection,intravenous,approved,authorised,07.09.2016,2016,no,no,Reversal of the anticoagulant effects of dabigatran,Reversal of the anticoagulant effects of dabigatran,Diseases of the circulatory system,23.02.2016,2016,no,NA
000229787.pdf,Not reported,Not reported,Adcetris,Brentuximab Vedotin,Takeda Pharmaceutical Company Limited,Biologics,Powder for reconstitution,intravenous,approved,authorised,18.11.2013,2013,yes,no,"The following relapsed or refractory CD30-positive diseases: Hodgkin’s lymphoma, anaplastic large-cell lymphoma","The following relapsed or refractory CD30-positive diseases: Hodgkin’s lymphoma, anaplastic large-cell lymphoma",Neoplasms; Diseases of the blood and blood-forming organs,22.03.2013,2013,no,NA
000219877.pdf,Not reported,Not reported,Cyramza,Ramucirumab,Eli Lilly Japan K.K.,Biologics,Injection,intravenous,approved,authorised,25.04.2016,2016,no,yes,Unresectable advanced/recurrent gastric cancer; Unresectable advanced/recurrent colorectal cancer,Unresectable advanced/recurrent gastric cancer; Unresectable advanced/recurrent colorectal cancer,Neoplasms; Diseases of the digestive system,26.05.2015,2015,yes,Not reported
000237220.pdf,Not reported,Not reported,Tafinlar,Dabrafenib Mesilate,Novartis Pharma K.K.,Small molecule,Capsules,oral,approved,authorised,11.05.2018,2018,yes,yes,Unresectable Malignant melanoma with BRAF mutations,Unresectable Malignant melanoma with BRAF mutations; Unresectable advanced or recurrent non-small cell lung cancer with BRAF mutations,Neoplasms; Diseases of the respiratory system,17.11.2017,2017,yes,Not reported
000235351.pdf,Not reported,Not reported,Dupixent,Dupilumab,Sanofi K.K.,Biologics,syringe,subcutaneous,approved,authorised,06.11.2017,2017,no,no,Atopic dermatitis that have not responded adequately to conventional treatments,Atopic dermatitis that have not responded adequately to conventional treatments,Diseases of the skin,21.02.2017,2017,no,NA
000238885.pdf,Not reported,Not reported,Tabrecta,Capmatinib Hydrochloride Hydrate,Novartis Pharma K.K.,Small molecule,tablet,oral,approved,authorised,28.05.2020,2020,yes,no,MET mutation-positive unresectable advanced or recurrent non-small cell lung cancer,MET exon 14 skipping mutation-positive unresectable advanced or recurrent non-small cell lung cancer,Neoplasms; Diseases of the respiratory system,12.12.2019,2019,no,NA
000153052.pdf,Not reported,Not reported,Poteligeo,Mogamulizumab,"Kyowa Hakko Kirin Co., Ltd.",Biologics,injectable solution,intravenous,approved,authorised,01.02.2012,2012,yes,no,Recurrent/relapsed CCR4-positive adult T-cell leukemia lymphoma,Relapsed or refractory CCR4-positive adult T-cell leukemia lymphoma,Neoplasms; Diseases of the blood and blood-forming organs,26.04.2011,2011,no,NA
000243206.pdf,Not reported,Not reported,Comirnaty,Coronavirus Modified Uridine RNA Vaccine,Pfizer Japan Inc.,Vaccine,injection,intramuscular,approved,authorised,12.02.2021,2021,no,no,Prevention of disease caused by SARS-CoV-2 infection (COVID-19),Prevention of disease caused by SARS-CoV-2 infection (COVID-19),Infectious and parasitic diseases,18.12.2020,2020,no,NA
000221483.pdf,Not reported,Not reported,Idelvion,Albutrepenonacog Alfa,CSL Behring K.K.,Biologics,lyophilized powder,intravenous,approved,authorised,09.09.2016,2016,no,no,Control of bleeding tendency in patients with blood coagulation factor IX deficiency,Control of bleeding tendency in patients with blood coagulation factor IX deficiency,Diseases of the blood and blood-forming organs,17.12.2015,2015,no,NA
000250093.pdf,Not reported,Not reported,Evusheld,Tixagevimab and Cilgavimab,AstraZeneca K.K.,Biologics,injection,intramuscular,approved,authorised,29.08.2022,2022,no,no,Prevention and treatment of disease caused by SARS-CoV-2 infection (COVID-19),Treatment and prevention of disease caused by SARS-CoV-2 infection (COVID-19),Infectious and parasitic diseases,09.06.2022,2022,no,NA
000216005.pdf,Not reported,Not reported,Spiolto Respimat,Tiotropium Bromide Hydrate/Olodaterol Hydrochloride,"Nippon Boehringer Ingelheim Co., Ltd.",Small molecule,Inhalation solution,Inhalation,approved,authorised,03.08.2015,2015,no,no,"Relief of symptoms of airflow obstruction in patients with chronic obstructive pulmonary disease (COPD, i.e., chronic bronchitis and emphysema)",Relief of symptoms of airflow obstruction in patients with chronic obstructive pulmonary disease (chronic bronchitis and emphysema) who require combination therapy with a long-acting inhaled anticholinergic agent and a long-acting inhaled β2-agonist.,Diseases of the respiratory system,17.10.2014,2014,no,NA
000240531.pdf,Not reported,Not reported,Bevespi Aerosphere,Glycopyrronium Bromide /Formoterol Fumarate Hydrate,AstraZeneca K.K.,Small molecule,inhalation aerosol,inhalation,approved,authorised,30.05.2019,2019,no,no,"Relief of symptoms of chronic obstructive pulmonary disease (chronic bronchitis, emphysema) secondary to airway obstructive disorder","Relief of symptoms of chronic obstructive pulmonary disease (chronic bronchitis, emphysema) secondary to airway obstructive disorder",Diseases of the respiratory system,07.09.2018,2018,no,NA
000242285.pdf,Not reported,Not reported,Orladeyo,Berotralstat,"OrphanPacific, Inc.",Small molecule,capsules,oral,approved,authorised,30.10.2020,2020,yes,no,Prevention of acute attacks of hereditary angioedema,Prevention of acute attacks of hereditary angioedema,Diseases of the blood and blood-forming organs,31.01.2020,2020,no,NA
000267944.pdf,Not reported,Not reported,Lytgobi,Futibatinib,"Taiho Pharmaceutical Co., Ltd.",Small molecule,tablet,oral,approved,authorised,29.05.2023,2023,no,no,"Previously treated, locally advanced or metastatic biliary tract cancer harboring FGFR2 gene fusion or other rearrangements",Unresectable FGFR2 gene fusion-positive biliary tract cancer that has progressed after cancer chemotherapy,Neoplasms; Diseases of the digestive system,28.07.2022,2022,no,NA
000234111.pdf,Not reported,Not reported,Signifor,Pasireotide,Novartis Pharma K.K.,Peptides and proteins,Powder for suspension for injection,intramuscular,approved,authorised,01.03.2018,2018,yes,yes,Treatment of Cushing’s disease,Treatment of Cushing’s disease (who have had an inadequate response to surgery or for whom surgery is not an option),"Endocrine, nutritional, and metabolic diseases",30.06.2017,2017,yes,Not reported
000153640.pdf,Not reported,Not reported,Adsorbed Influenza Vaccine,Adsorbed Influenza Vaccine,The Research Foundation for Microbial Diseases of Osaka University,Vaccine,Injectable suspension,intramuscular or subcutaneous,approved,authorised,31.08.2007,2007,yes,no,Prophylaxis of pandemic influenza (H5N1),Prophylaxis of pandemic influenza (H5N1),Infectious and parasitic diseases; Diseases of the respiratory system,30.01.2007,2007,yes,Not reported
000219040.pdf,Not reported,Not reported,Lumicef,Brodalumab,"Kyowa Hakko Kirin Co., Ltd.",Biologics,solution for injection,subcutaneous,approved,authorised,30.05.2016,2016,no,no,"Treatment of psoriasis vulgaris, psoriatic arthritis, pustular psoriasis, and erythrodermic psoriasis in patients who have had an inadequate response to conventional therapies","Treatment of psoriasis vulgaris, psoriatic arthritis, pustular psoriasis, and erythrodermic psoriasis in patients who have had an inadequate response to conventional therapies",Diseases of the skin; Diseases of the musculoskeletal system and connective tissue,30.07.2015,2015,no,NA
000153683.pdf,Not reported,Not reported,Tresiba,Insulin Degludec,Novo Nordisk Pharma Ltd.,Peptides and proteins,solution for injection,subcutaneous,approved,authorised,31.08.2012,2012,no,no,Diabetes mellitus where treatment with insulin is required,Diabetes mellitus where treatment with insulin is required,"Endocrine, nutritional, and metabolic diseases",22.12.2011,2011,no,NA
000233695.pdf,Not reported,Not reported,Galafold,Migalastat,"Amicus Therapeutics, Inc.",Small molecule,Capsule,Oral,approved,authorised,01.03.2018,2018,yes,no,Treatment of Fabry disease with migalastat-responsive GLA mutations,Treatment of Fabry disease with migalastat-responsive GLA mutations,"Endocrine, nutritional, and metabolic diseases",28.06.2017,2017,no,NA
000269997.pdf,Not reported,Not reported,Ezharmia,Valemetostat Tosilate,"Daiichi Sankyo Company, Limited",Small molecule,tablet,oral,approved,authorised,29.08.2022,2022,yes,no,Relapsed or refractory adult T-cell leukemia-lymphoma,Relapsed or refractory adult T-cell leukemia-lymphoma,Neoplasms; Diseases of the blood and blood-forming organs,28.12.2021,2021,no,NA
000270578.pdf,Not reported,Not reported,Ebglyss,Lebrikizumab,Eli Lilly Japan K.K.,Biologics,injection,subcutaneous,approved,authorised,27.11.2023,2023,no,no,Atopic dermatitis not responding adequately to conventional treatments,Atopic dermatitis not responding adequately to conventional treatments,Diseases of the skin,03.03.2023,2023,no,NA
000153325.pdf,Not reported,Not reported,Myozyme,Alglucosidase Alfa,Genzyme Japan K.K.,Biologics,Freeze-dried formulation for injection,intravenous,approved,authorised,31.01.2007,2007,yes,no,Type II glycogen storage disease,Type II glycogen storage disease,"Endocrine, nutritional, and metabolic diseases",30.06.2006,2006,no,NA
000224115.pdf,Not reported,Not reported,Kyprolis,Carfilzomib,"Ono Pharmaceutical Co., Ltd.",Small molecule,Powder for reconstitution for injection,intravenous,approved,authorised,25.04.2016,2016,yes,no,Relapsed or refractory multiple myeloma,Relapsed or refractory multiple myeloma,Neoplasms; Diseases of the blood and blood-forming organs,26.08.2015,2015,no,NA
000225380.pdf,Not reported,Not reported,Xofluza,Baloxavir Marboxil,"Shionogi & Co., Ltd.",Small molecule,tablet,oral,approved,authorised,02.02.2018,2018,no,no,Influenza A or B virus infection,Influenza A or B virus infection,Infectious and parasitic diseases; Diseases of the respiratory system,25.10.2017,2017,no,NA
000243207.pdf,Not reported,Not reported,Olumiant,Baricitinib,Eli Lilly Japan K.K.,Small molecule,tablet,oral,approved,authorised,21.04.2021,2021,no,yes,Disease caused by SARS-CoV-2 infection (COVID-19),Pneumonia caused by SARS-CoV-2 infection (COVID-19) (limited to patients requiring supplemental oxygen),Infectious and parasitic diseases; Diseases of the respiratory system,25.12.2020,2020,yes,Not reported
000153709.pdf,Not reported,Not reported,Actemra,Tocilizumab,"Chugai Pharmaceutical Co., Ltd.",Biologics,concentrate for solution for intravenous infusion,intravenous,approved,authorised,30.01.2008,2008,no,yes,Rheumatoid arthritis; polyarticular-course juvenile idiopathic arthritis; systemic juvenile idiopathic arthritis,Rheumatoid arthritis; polyarticular-course juvenile idiopathic arthritis; systemic juvenile idiopathic arthritis; Castleman's disease,Diseases of the musculoskeletal system and connective tissue; Neoplasms,28.04.2006,2006,no,NA
000272019.pdf,Not reported,Not reported,Adzynma,Apadamtase Alfa,Takeda Pharmaceutical Company Limited,Biologics,Lyophilized powder,intravenous,approved,authorised,29.02.2024,2024,yes,no,Congenital thrombotic thrombocytopenic purpura,Congenital thrombotic thrombocytopenic purpura,Diseases of the blood and blood-forming organs,16.08.2023,2023,no,NA
000241414.pdf,Not reported,Not reported,Mayzent,Siponimod,Novartis Pharma K.K.,Small molecule,tablet,oral,approved,authorised,21.05.2020,2020,yes,no,Prevention of relapsing secondary progressive multiple sclerosis and delay in the progression of associated physical disability,Prevention of relapsing secondary progressive multiple sclerosis and delay in the progression of associated physical disability,Diseases of the nervous system,07.01.2019,2019,no,NA
000240736.pdf,Not reported,Not reported,Darzalex,Daratumumab,Janssen Pharmaceutical K.K.,Biologics,solution for injection,intravenous,approved,authorised,06.06.2019,2019,yes,yes,Relapsed or refractory multiple myeloma,Relapsed or refractory multiple myeloma,Neoplasms; Diseases of the blood and blood-forming organs,14.12.2018,2018,yes,Not reported
000236878.pdf,Not reported,Not reported,Dayvigo,Lemborexant,"Eisai Co., Ltd.",Small molecule,Tablet,Oral,approved,authorised,29.11.2019,2019,no,no,Insomnia,Insomnia,Mental and behavioural disorders,07.03.2019,2019,no,NA
000226672.pdf,Not reported,Not reported,Parmodia,Pemafibrate,"Kowa Company, Ltd.",Small molecule,Film-coated tablet,oral,approved,authorised,09.06.2017,2017,no,no,Hyperlipidemia (including familial hyperlipidemia),Hyperlipidemia (including familial hyperlipidemia),"Endocrine, nutritional, and metabolic diseases",19.10.2015,2015,no,NA
000243773.pdf,Not reported,Not reported,Ofev,Nintedanib,"Nippon Boehringer Ingelheim Co., Ltd.",Small molecule,Soft capsules,Oral,approved,authorised,20.05.2020,2020,no,yes,Progressive fibrosing interstitial lung disease,Idiopathic pulmonary fibrosis; Systemic sclerosis-associated interstitial lung disease; Progressive fibrosing interstitial lung disease,Diseases of the respiratory system,24.10.2019,2019,yes,Not reported
000248791.pdf,Not reported,Not reported,Volibris,Ambrisentan,GlaxoSmithKline K.K.,Small molecule,Tablet,Oral,approved,authorised,25.02.2021,2021,yes,yes,Pulmonary arterial hypertension,Pulmonary arterial hypertension,Diseases of the circulatory system,29.07.2020,2020,yes,Not reported
000225743.pdf,Not reported,Not reported,Ninlaro,Ixazomib Citrate,Takeda Pharmaceutical Company Limited,Small molecule,Capsules,oral,approved,authorised,03.03.2017,2017,yes,no,Relapsed or refractory multiple myeloma,Relapsed or refractory multiple myeloma,Neoplasms; Diseases of the blood and blood-forming organs,04.07.2016,2016,no,NA
000238706.pdf,Not reported,Not reported,Enhertu,Trastuzumab Deruxtecan,"Daiichi Sankyo Company, Limited",Biologics,injection,intravenous,approved,authorised,26.02.2020,2020,no,no,Unresectable or recurrent HER2-positive breast cancer previously treated with trastuzumab emtansine,Unresectable or recurrent HER2-positive breast cancer previously treated with chemotherapy,Neoplasms,09.09.2019,2019,no,NA
000249128.pdf,Not reported,Not reported,Spikevax,Coronavirus Modified Uridine RNA Vaccine,"Moderna Japan Co., Ltd.",Vaccine,suspension for injection,intramuscular,approved,authorised,06.09.2022,2022,no,yes,Prevention of disease caused by SARS-CoV-2 infection (COVID-19),Prevention of disease caused by SARS-CoV-2 infection (COVID-19),Infectious and parasitic diseases,10.08.2022,2022,no,NA
000211431.pdf,Not reported,Not reported,Inavir,Laninamivir Octanoate Hydrate,"Daiichi Sankyo Company, Limited",Small molecule,Dry powder for inhalation,Inhalation,approved,authorised,18.11.2013,2013,no,yes,Treatment and prophylaxis of influenza A or B virus infection,Treatment and prophylaxis of influenza A or B virus infection,Infectious and parasitic diseases,15.11.2012,2012,yes,Not reported
000153687.pdf,Not reported,Not reported,Pirespa,Pirfenidone,"Shionogi & Co., Ltd.",Small molecule,tablet,oral,approved,authorised,29.08.2008,2008,yes,no,idiopathic pulmonary fibrosis,idiopathic pulmonary fibrosis,Diseases of the respiratory system,12.03.2007,2007,no,NA
000248223.pdf,Not reported,Not reported,Lonasen,Blonanserin,"Sumitomo Dainippon Pharma Co., Ltd.",Small molecule,tablet,oral,approved,authorised,25.02.2021,2021,no,yes,Schizophrenia,Schizophrenia,Mental and behavioural disorders,28.05.2020,2020,yes,Not reported
000230401.pdf,Not reported,Not reported,Suglat,Ipragliflozin,Astellas Pharma Inc.,Small molecule,tablet,oral,approved,authorised,03.12.2018,2018,no,yes,Type 1 diabetes mellitus,Type 1 diabetes mellitus,"Endocrine, nutritional, and metabolic diseases",11.01.2018,2018,yes,Not reported
000242929.pdf,Not reported,Not reported,Adlumiz,Anamorelin Hydrochloride,"Ono Pharmaceutical Co., Ltd.",Small molecule,tablet,oral,approved,authorised,11.12.2020,2020,no,no,Improvement in body weight loss and anorexia in cancer cachexia,Cancer cachexia,"Neoplasms; Endocrine, nutritional, and metabolic diseases",27.11.2018,2018,no,NA
000236064.pdf,Not reported,Not reported,Relumina,Relugolix,Takeda Pharmaceutical Company Limited,Small molecule,tablet,oral,approved,authorised,03.12.2018,2018,no,no,"Relief of symptoms associated with uterine fibroids: menorrhagia, lower abdominal pain, lumbar pain, and anemia.","Relief of symptoms associated with uterine fibroids: menorrhagia, lower abdominal pain, lumbar pain, and anemia.",Neoplasms; Diseases of the genitourinary system,28.02.2018,2018,no,NA
000238707.pdf,Not reported,Not reported,Enhertu,Trastuzumab Deruxtecan,"Daiichi Sankyo Company, Limited",Biologics,Injection,intravenous,approved,authorised,20.08.2020,2020,no,yes,Unresectable advanced or recurrent HER2-positive gastric cancer that has progressed after cancer chemotherapy,Unresectable advanced or recurrent HER2-positive gastric cancer that has progressed after cancer chemotherapy,Neoplasms; Diseases of the digestive system,28.04.2020,2020,yes,Not reported
000153334.pdf,Not reported,Not reported,Metreleptin,Metreleptin,"Shionogi & Co., Ltd.",Peptides and proteins,solution for injection,subcutaneous,approved,authorised,08.03.2013,2013,yes,no,Improvement of hyperglycemia and hypertriglyceridemia in lipodystrophy,Lipodystrophy,"Endocrine, nutritional, and metabolic diseases",27.07.2012,2012,yes,Not reported
000209096.pdf,Not reported,Not reported,Tivicay,Dolutegravir Sodium,ViiV Healthcare K.K.,Small molecule,tablet,oral,approved,authorised,28.02.2014,2014,yes,no,HIV infectious disease,HIV infectious disease,Infectious and parasitic diseases,05.12.2013,2013,no,NA
000271105.pdf,Not reported,Not reported,Rapalimus,Sirolimus,"Nobelpharma Co., Ltd.",Small molecule,tablet,oral,approved,authorised,08.12.2023,2023,yes,yes,Refractory vascular tumors and refractory vascular malformations,Refractory vascular tumors and refractory vascular malformations,Neoplasms; Diseases of the circulatory system,24.04.2023,2023,yes,Not reported
000241165.pdf,Not reported,Not reported,Opdivo,Nivolumab,"Ono Pharmaceutical Co., Ltd.",Biologics,Injection,intravenous,approved,authorised,09.01.2020,2020,no,yes,"Treatment of unresectable, advanced or recurrent microsatellite instability-high (MSI-High) colorectal cancer that has progressed after cancer chemotherapy; Treatment of unresectable, advanced or recurrent esophageal cancer that has progressed after cancer chemotherapy","Treatment of unresectable, advanced or recurrent microsatellite instability-high (MSI-High) colorectal cancer that has progressed after cancer chemotherapy; Treatment of unresectable, advanced or recurrent esophageal cancer that has progressed after cancer chemotherapy",Neoplasms; Diseases of the digestive system,28.03.2019,2019,yes,Not reported
000243772.pdf,Not reported,Not reported,Enaroy,Enarodustat,Japan Tobacco Inc.,Small molecule,tablet,oral,approved,authorised,27.08.2020,2020,no,no,Renal anemia,Renal anemia,Diseases of the blood and blood-forming organs,29.11.2019,2019,no,NA
000227545.pdf,Not reported,Not reported,Stivarga,Regorafenib,"Bayer Yakuhin, Ltd.",Small molecule,tablet,oral,approved,authorised,22.05.2017,2017,no,yes,Unresectable hepatocellular carcinoma progressed after cancer chemotherapy,Unresectable hepatocellular carcinoma progressed after cancer chemotherapy,Neoplasms; Diseases of the digestive system,31.10.2016,2016,yes,Not reported
000240737.pdf,Not reported,Not reported,Velcade,Bortezomib,Janssen Pharmaceutical K.K.,Small molecule,Lyophilized powder for reconstitution for injection,intravenous or subcutaneous,approved,authorised,Not reported,2019,yes,yes,Multiple myeloma; Mantle cell lymphoma; Primary macroglobulinemia and lymphoplasmacytic lymphoma,Multiple myeloma; Mantle cell lymphoma; Primary macroglobulinemia and lymphoplasmacytic lymphoma,Neoplasms; Diseases of the blood and blood-forming organs,14.12.2018,2018,yes,Not reported
000239551.pdf,Not reported,Not reported,Erleada,Apalutamide,Janssen Pharmaceutical K.K.,Small molecule,tablet,oral,approved,authorised,30.01.2019,2019,no,no,Castration-resistant prostate cancer,Non-metastatic castration-resistant prostate cancer,Neoplasms,28.03.2018,2018,no,NA
000243599.pdf,Not reported,Not reported,Imfinzi,Durvalumab,AstraZeneca K.K.,Biologics,injection,intravenous,approved,authorised,29.06.2020,2020,no,yes,Extensive-stage small cell lung cancer,"Maintenance treatment of locally-advanced, unresectable non-small cell lung cancer following definitive chemoradiotherapy; Extensive-stage small cell lung cancer",Neoplasms; Diseases of the respiratory system,13.11.2019,2019,yes,Not reported
000153726.pdf,Not reported,Not reported,Ryzodeg,Insulin Degludec/Insulin Aspart,Novo Nordisk Pharma Ltd.,Peptides and proteins,solution for injection,subcutaneous,approved,authorised,30.11.2012,2012,no,no,Diabetes mellitus where treatment with insulin is required,Diabetes mellitus where treatment with insulin is required,"Endocrine, nutritional, and metabolic diseases",09.03.2012,2012,no,NA
000215708.pdf,Not reported,Not reported,Mulpleta,Lusutrombopag,"Shionogi & Co., Ltd.",Small molecule,tablet,oral,approved,authorised,28.08.2015,2015,no,no,Thrombopoiesis stimulation prior to invasive procedures in patients with chronic liver disease,Improvement of thrombocytopenia associated with chronic liver disease in patients prior to elective invasive procedures,Diseases of the blood and blood-forming organs; Diseases of the digestive system,17.12.2014,2014,no,NA
000236338.pdf,Not reported,Not reported,Tepmetko,Tepotinib Hydrochloride Hydrate,"Merck Biopharma Co., Ltd.",Small molecule,tablet,oral,approved,authorised,26.02.2020,2020,yes,no,"Unresectable, advanced or recurrent MET exon 14 skipping mutation-positive non-small cell lung cancer","Unresectable, advanced or recurrent MET exon 14 skipping mutation-positive non-small cell lung cancer",Neoplasms; Diseases of the respiratory system,12.11.2019,2019,no,NA
000226881.pdf,Not reported,Not reported,Keytruda,Pembrolizumab,MSD K.K.,Biologics,injection,intravenous,approved,authorised,09.09.2016,2016,yes,no,Unresectable or metastatic malignant melanoma,Unresectable malignant melanoma,Neoplasms; Diseases of the skin,22.12.2015,2015,no,NA
000236304.pdf,Not reported,Not reported,Romiplate,Romiplostim,"Kyowa Hakko Kirin Co., Ltd.",Peptides and proteins,solution for injection,subcutaneous,approved,authorised,24.11.2010,2010,yes,no,Thrombocytopenia in adult patients with chronic immune-mediated (idiopathic) thrombocytopenic purpura,Chronic idiopathic thrombocytopenic purpura,Diseases of the blood and blood-forming organs,29.03.2010,2010,no,NA
000244786.pdf,Not reported,Not reported,Ronapreve,Casirivimab and Imdevimab,"Chugai Pharmaceutical Co., Ltd.",Biologics,Injection,intravenous or subcutaneous,approved,authorised,04.11.2021,2021,no,yes,Treatment and prevention of disease caused by SARS-CoV-2 infection (COVID-19),Treatment and suppression of development of disease caused by SARS-CoV-2 infection (COVID-19),Infectious and parasitic diseases,11.10.2021,2021,no,NA
000233297.pdf,Not reported,Not reported,Empliciti,Elotuzumab,Bristol-Myers Squibb K.K.,Biologics,lyophilized powder for reconstitution for injection,intravenous,approved,authorised,09.09.2016,2016,yes,no,relapsed or refractory multiple myeloma,relapsed or refractory multiple myeloma,Neoplasms; Diseases of the blood and blood-forming organs,24.12.2015,2015,yes,Not reported
000241167.pdf,Not reported,Not reported,Velexbru,Tirabrutinib Hydrochloride,"Ono Pharmaceutical Co., Ltd.",Small molecule,tablet,oral,approved,authorised,29.06.2020,2020,yes,yes,Recurrent or refractory primary central nervous system lymphoma; Waldenström’s macroglobulinemia and lymphoplasmacytic lymphoma,Recurrent or refractory primary central nervous system lymphoma; Waldenström’s macroglobulinemia and lymphoplasmacytic lymphoma,Neoplasms; Diseases of the blood and blood-forming organs,07.04.2020,2020,yes,Not reported
000271107.pdf,Not reported,Not reported,Voydeya,Danicopan,Alexion Pharma GK,Small molecule,tablet,oral,approved,authorised,08.12.2023,2023,yes,no,Inhibition of extravascular hemolysis in patients with paroxysmal nocturnal hemoglobinuria,Paroxysmal nocturnal hemoglobinuria,Diseases of the blood and blood-forming organs,19.05.2023,2023,no,NA
000153322.pdf,Not reported,Not reported,Orencia,Abatacept,Bristol-Myers K.K.,Biologics,Lyophilized product for intravenous infusion,intravenous,approved,authorised,23.04.2010,2010,no,no,Rheumatoid arthritis (for use only in patients who have not adequately responded to conventional treatments),Rheumatoid arthritis (for use only in patients who have not adequately responded to conventional treatments),Diseases of the musculoskeletal system and connective tissue,18.09.2008,2008,no,NA
000264250.pdf,Not reported,Not reported,Eylea,Aflibercept,"Bayer Yakuhin, Ltd.",Biologics,solution for intravitreal injection,intravitreal,approved,authorised,25.08.2022,2022,no,yes,Age-related macular degeneration with subfoveal choroidal neovascularization; Macular edema secondary to retinal vein occlusion; Choroidal neovascularization in pathologic myopia; Diabetic macular edema; Neovascular glaucoma; Retinopathy of prematurity,Age-related macular degeneration with subfoveal choroidal neovascularization; Macular edema secondary to retinal vein occlusion; Choroidal neovascularization in pathologic myopia; Diabetic macular edema; Neovascular glaucoma; Retinopathy of prematurity,Diseases of the eye and adnexa,20.10.2021,2021,yes,Not reported
000236502.pdf,Not reported,Not reported,Romiplate,Romiplostim,"Kyowa Hakko Kirin Co., Ltd.",Biologics,Lyophilized powder for solution for subcutaneous injection,subcutaneous,approved,authorised,28.05.2019,2019,yes,yes,Aplastic anemia,Aplastic anemia that has not responded sufficiently to conventional treatments,Diseases of the blood and blood-forming organs,31.07.2018,2018,yes,Not reported
000238705.pdf,Not reported,Not reported,Biktarvy,Bictegravir Sodium/Emtricitabine/Tenofovir Alafenamide Fumarate,Gilead Sciences K.K.,Small molecule,Film-coated tablet,oral,approved,authorised,22.02.2019,2019,yes,no,Human immunodeficiency virus type 1 (HIV-1) infection,Human immunodeficiency virus type 1 (HIV-1) infection,Infectious and parasitic diseases,14.12.2018,2018,no,NA
000228502.pdf,Not reported,Not reported,Xospata,Gilteritinib,Astellas Pharma Inc.,Small molecule,tablet,oral,approved,authorised,29.08.2018,2018,yes,no,FLT3 mutation-positive relapsed or refractory acute myeloid leukemia,FLT3 mutation-positive relapsed or refractory acute myeloid leukemia,Neoplasms; Diseases of the blood and blood-forming organs,23.03.2018,2018,no,NA
000252522.pdf,Not reported,Not reported,Jeselhy,Pimitespib,"Taiho Pharmaceutical Co., Ltd.",Small molecule,tablet,oral,approved,authorised,30.05.2022,2022,no,no,Gastrointestinal stromal tumor that has progressed after cancer chemotherapy,Gastrointestinal stromal tumor that has progressed after cancer chemotherapy,Neoplasms; Diseases of the digestive system,14.09.2021,2021,no,NA
000153135.pdf,Not reported,Not reported,Geninax,Garenoxacin Mesilate Hydrate,"Toyama Chemical Co., Ltd.",Small molecule,Film-coated tablets,oral,approved,authorised,30.05.2007,2007,no,no,"Laryngopharyngitis, tonsillitis, acute bronchitis, pneumonia, secondary infection of chronic respiratory disease, otitis media, sinusitis","Laryngopharyngitis, tonsillitis, acute bronchitis, pneumonia, secondary infection of chronic respiratory disease, otitis media, sinusitis",Infectious and parasitic diseases; Diseases of the respiratory system,30.05.2006,2006,no,NA
000228503.pdf,Not reported,Not reported,Xalkori,Crizotinib,Pfizer Japan Inc.,Small molecule,capsule,oral,approved,authorised,21.04.2017,2017,yes,yes,"ROS1-positive, unresectable, advanced or relapsed non-small-cell lung cancer","ROS1-positive, unresectable, advanced or relapsed non-small-cell lung cancer",Neoplasms; Diseases of the respiratory system,31.08.2016,2016,no,NA
000275604.pdf,Not reported,Not reported,Kisunla,Donanemab,Eli Lilly Japan K.K.,Biologics,solution for injection,intravenous,approved,authorised,01.08.2024,2024,no,no,To slow the progression of mild cognitive impairment and mild dementia due to Alzheimer’s disease,To slow the progression of mild cognitive impairment and mild dementia due to Alzheimer’s disease,Diseases of the nervous system,18.08.2023,2023,no,NA
000209718.pdf,Not reported,Not reported,Orfadin,Nitisinone,Astellas Pharma Inc.,Small molecule,capsule,oral,approved,authorised,29.10.2014,2014,Not reported,no,Tyrosinemia type I,Tyrosinemia type I,"Endocrine, nutritional, and metabolic diseases",25.12.2013,2013,no,NA
000216837.pdf,Not reported,Not reported,Laserphyrin,Talaporfin Sodium,"Meiji Seika Pharma Co., Ltd.",Other,Lyophilized powder for solution for injection,intravenous,approved,authorised,24.04.2015,2015,yes,yes,Local residual/recurrent oesophageal carcinoma after chemoradiotherapy or radiotherapy,Early-stage lung cancer; Primary malignant brain tumor; Local residual/recurrent oesophageal carcinoma after chemoradiotherapy or radiotherapy,Neoplasms; Diseases of the respiratory system,22.09.2014,2014,yes,Not reported
000216189.pdf,Not reported,Not reported,Irribow,Ramosetron Hydrochloride,Astellas Pharma Inc.,Small molecule,tablet,oral,approved,authorised,28.04.2015,2015,no,yes,Male patients with Diarrhea-predominant irritable bowel syndrome,Diarrhea-predominant irritable bowel syndrome,Diseases of the digestive system,14.07.2014,2014,yes,Not reported
000271106.pdf,Not reported,Not reported,Fasenra,Benralizumab,AstraZeneca K.K.,Biologics,injection,subcutaneous,approved,authorised,22.02.2024,2024,no,yes,Bronchial asthma (only for patients with intractable bronchial asthma uncontrolled on conventional therapy),Bronchial asthma (only for patients with intractable bronchial asthma uncontrolled on conventional therapy),Diseases of the respiratory system,26.04.2023,2023,yes,Not reported
000252640.pdf,Not reported,Not reported,Vyvgart,Efgartigimod Alfa,Argenx Japan K.K.,Biologics,solution for injection,intravenous,approved,authorised,26.11.2021,2021,yes,no,Generalized myasthenia gravis,Generalized myasthenia gravis,Diseases of the nervous system,19.04.2021,2021,no,NA
000246621.pdf,Not reported,Not reported,Forxiga,Dapagliflozin,AstraZeneca K.K.,Small molecule,tablet,oral,approved,authorised,29.10.2020,2020,no,yes,Chronic heart failure,Chronic heart failure,"Endocrine, nutritional, and metabolic diseases; Diseases of the circulatory system",16.01.2020,2020,no,NA
000235181.pdf,Not reported,Not reported,Vizimpro,Dacomitinib,Pfizer Japan Inc.,Small molecule,tablet,oral,approved,authorised,29.11.2018,2018,no,no,"EGFR mutation-positive, unresectable or recurrent non-small cell lung cancer","EGFR mutation-positive, unresectable or recurrent non-small cell lung cancer",Neoplasms; Diseases of the respiratory system,28.05.2018,2018,no,NA
000241166.pdf,Not reported,Not reported,Orkedia,Evocalcet,"Kyowa Kirin Co., Ltd.",Small molecule,Film-coated tablets,oral,approved,authorised,29.11.2019,2019,yes,yes,Hypercalcaemia in patients with parathyroid carcinoma and hypercalcaemia in patients with primary hyperparathyroidism who are unable to undergo parathyroidectomy or patients with recurrent primary hyperparathyroidism after parathyroidectomy,Hypercalcaemia in patients with parathyroid carcinoma and hypercalcaemia in patients with primary hyperparathyroidism who are unable to undergo parathyroidectomy or patients with recurrent primary hyperparathyroidism after parathyroidectomy,"Endocrine, nutritional, and metabolic diseases",24.04.2019,2019,yes,Not reported
000233296.pdf,Not reported,Not reported,Bavencio,Avelumab,"Merck Serono Co., Ltd.",Biologics,injection,intravenous,approved,authorised,08.09.2017,2017,yes,no,Unresectable Merkel cell carcinoma,Unresectable Merkel cell carcinoma,Neoplasms; Diseases of the skin,07.03.2017,2017,no,NA
000205730.pdf,Not reported,Not reported,Stribild,Elvitegravir/Cobicistat/Emtricitabine/Tenofovir Disoproxil Fumarate,Japan Tobacco Inc.,Small molecule,tablet,oral,approved,authorised,13.03.2013,2013,yes,no,HIV-1 infection,HIV-1 infection,Infectious and parasitic diseases,06.12.2012,2012,no,NA
000244787.pdf,Not reported,Not reported,Ronapreve,Casirivimab and Imdevimab,"Chugai Pharmaceutical Co., Ltd.",Biologics,solution for injection,intravenous,approved,authorised,19.07.2021,2021,no,no,Treatment of disease caused by SARS-CoV-2 infection (COVID-19),Treatment of disease caused by SARS-CoV-2 infection (COVID-19),Infectious and parasitic diseases,29.06.2021,2021,no,NA
000153525.pdf,Not reported,Not reported,Remitch,Nalfurafine Hydrochloride,"Toray Industries, Inc.",Small molecule,capsules,oral,approved,authorised,27.10.2008,2008,no,no,Improvement of intractable pruritus in hemodialysis patients,Improvement of pruritus in hemodialysis patients (for use only when conventional treatments are not sufficiently effective),Diseases of the skin; Diseases of the genitourinary system,28.11.2006,2006,no,NA
000250094.pdf,Not reported,Not reported,Vaxzevria,COVID-19 (SARS-CoV-2) Vaccine,AstraZeneca K.K.,Vaccine,injection,intramuscular,approved,authorised,20.05.2021,2021,no,no,Prevention of disease caused by SARS-CoV-2 infection (COVID-19),Prevention of disease caused by SARS-CoV-2 infection (COVID-19),Infectious and parasitic diseases,05.02.2021,2021,no,NA
000271700.pdf,Not reported,Not reported,Phozevel,Tenapanor Hydrochloride,"Kyowa Kirin Co., Ltd.",Small molecule,film-coated tablet,oral,approved,authorised,21.08.2023,2023,no,no,Improvement of hyperphosphatemia in patients with chronic kidney disease on dialysis,Improvement of hyperphosphatemia in patients with chronic kidney disease on dialysis,"Diseases of the genitourinary system; Endocrine, nutritional, and metabolic diseases",28.10.2022,2022,no,NA
000226880.pdf,Not reported,Not reported,Keytruda,Pembrolizumab,MSD K.K.,Biologics,Injection,intravenous,approved,authorised,24.11.2016,2016,no,yes,"Unresectable, advanced or recurrent non-small cell lung cancer","Unresectable, advanced or recurrent PD-L1 positive non-small cell lung cancer",Neoplasms; Diseases of the respiratory system,06.10.2016,2016,yes,Not reported
000224729.pdf,Not reported,Not reported,Actemra,Tocilizumab,"Chugai Pharmaceutical Co., Ltd.",Biologics,injection,subcutaneous,approved,authorised,10.04.2017,2017,no,yes,Treatment of rheumatoid arthritis with an inadequate response to existing therapies (including the inhibition of progression of structural joint damage),Treatment of rheumatoid arthritis with an inadequate response to existing therapies (including the inhibition of progression of structural joint damage),Diseases of the musculoskeletal system and connective tissue,25.08.2016,2016,yes,Not reported
000237219.pdf,Not reported,Not reported,Mekinist,Trametinib Dimethyl Sulfoxide,Novartis Pharma K.K.,Small molecule,tablet,oral,approved,authorised,11.05.2018,2018,yes,yes,Unresectable Malignant melanoma with BRAF mutations,Unresectable Malignant melanoma with BRAF mutations; Unresectable advanced or recurrent non-small cell lung cancer with BRAF mutations,Neoplasms; Diseases of the respiratory system,17.11.2017,2017,yes,Not reported
000238159.pdf,Not reported,Not reported,Refixia,Nonacog Beta Pegol,Novo Nordisk Pharma Ltd.,Biologics,Powder for solution for injection,intravenous,approved,authorised,23.05.2018,2018,no,no,Control of bleeding tendency in patients with factor IX deficiency,Control of bleeding tendency in patients with factor IX deficiency,Diseases of the blood and blood-forming organs,11.07.2017,2017,no,NA
000252828.pdf,Not reported,Not reported,Dysval,Valbenazine Tosilate,Mitsubishi Tanabe Pharma Corporation,Small molecule,capsule,oral,approved,authorised,25.02.2022,2022,no,no,Tardive dyskinesia,Tardive dyskinesia,Diseases of the nervous system,22.04.2021,2021,no,NA
000209810.pdf,Not reported,Not reported,Rituxan,Rituximab,"Zenyaku Kogyo Co., Ltd.",Biologics,Injection,intravenous,approved,authorised,01.08.2014,2014,yes,yes,Refractory nephrotic syndrome (frequently relapsing or steroid-dependent),CD20-positive B-cell non-Hodgkin’s lymphoma; CD20-positive B-cell lymphoproliferative disorder associated with immunosuppression; Wegener’s granulomatosis and microscopic polyangiitis; Refractory nephrotic syndrome (frequently relapsing or steroid-dependent); Premedication for indium (111In) ibritumomab tiuxetan (genetical recombination) injection and yttrium (90Y) ibritumomab tiuxetan (genetical recombination) injection,Diseases of the blood and blood-forming organs; Diseases of the genitourinary system; Neoplasms,26.12.2013,2013,yes,Not reported
000215395.pdf,Not reported,Not reported,Pomalyst,Pomalidomide,Celgene K.K.,Small molecule,capsule,oral,approved,authorised,26.02.2015,2015,yes,no,Relapsed or refractory multiple myeloma,Relapsed or refractory multiple myeloma,Neoplasms; Diseases of the blood and blood-forming organs,25.07.2014,2014,no,NA
000240419.pdf,Not reported,Not reported,Mektovi,Binimetinib,"Ono Pharmaceutical Co., Ltd.",Small molecule,tablet,oral,approved,authorised,29.11.2018,2018,yes,no,Unresectable malignant melanoma with BRAF gene mutation,Unresectable malignant melanoma with BRAF gene mutation,Neoplasms; Diseases of the skin,25.04.2018,2018,no,NA
000215815.pdf,Not reported,Not reported,Olanedine,Olanexidine Gluconate,"Otsuka Pharmaceutical Factory, Inc.",Small molecule,solution,cutaneous,approved,authorised,17.06.2015,2015,no,no,Preoperative skin preparation at the surgical site,Preoperative skin preparation at the surgical site,Infectious and parasitic diseases,20.05.2014,2014,no,NA
000153807.pdf,Not reported,Not reported,Rasilez,Aliskiren,Novartis Pharma K.K.,Small molecule,tablet,oral,approved,authorised,29.05.2009,2009,no,no,Hypertension,Hypertension,Diseases of the circulatory system,29.02.2008,2008,no,NA
000235285.pdf,Not reported,Not reported,Actemra,Tocilizumab,"Chugai Pharmaceutical Co., Ltd.",Biologics,solution for intravenous infusion,intravenous,approved,authorised,26.03.2019,2019,no,yes,adult Still’s disease that have not adequately responded to existing therapies,Treatment of adult Still’s disease that have not adequately responded to existing therapies,Diseases of the musculoskeletal system and connective tissue,24.05.2018,2018,yes,Not reported
000223356.pdf,Not reported,Not reported,Hemangiol,Propranolol Hydrochloride,"Maruho Co., Ltd.",Small molecule,oral solution,oral,approved,authorised,27.05.2016,2016,yes,yes,Infantile hemangioma,Infantile hemangioma,Neoplasms,25.09.2015,2015,yes,Not reported
000153609.pdf,Not reported,Not reported,Xeljanz,Tofacitinib Citrate,Pfizer Japan Inc.,Small molecule,tablet,oral,approved,authorised,13.03.2013,2013,no,no,Rheumatoid arthritis in patients who have not adequately responded to conventional treatments,Rheumatoid arthritis in patients who have not adequately responded to conventional treatments,Diseases of the musculoskeletal system and connective tissue,01.12.2011,2011,no,NA
000240418.pdf,Not reported,Not reported,Braftovi,Encorafenib,"Ono Pharmaceutical Co., Ltd.",Small molecule,capsules,oral,approved,authorised,29.11.2018,2018,yes,no,Unresectable malignant melanoma with BRAF gene mutation,Unresectable malignant melanoma with BRAF gene mutation,Neoplasms; Diseases of the skin,25.04.2018,2018,no,NA
000209024.pdf,Not reported,Not reported,Deltyba,Delamanid,"Otsuka Pharmaceutical Co., Ltd.",Small molecule,tablet,oral,approved,authorised,30.04.2014,2014,yes,no,Multidrug-resistant pulmonary tuberculosis,Multidrug-resistant pulmonary tuberculosis,Infectious and parasitic diseases,27.03.2013,2013,no,NA
000265667.pdf,Not reported,Not reported,Omvoh,Mirikizumab,Eli Lilly Japan K.K.,Biologics,aqueous injection,intravenous,approved,authorised,03.03.2023,2023,no,no,Remission induction therapy for moderate to severe ulcerative colitis,Remission induction therapy for moderate to severe ulcerative colitis,Diseases of the digestive system,27.05.2022,2022,no,NA
000153351.pdf,Not reported,Not reported,Stivarga,Regorafenib,"Bayer Yakuhin, Ltd.",Small molecule,tablet,oral,approved,authorised,13.03.2013,2013,no,no,"Incurable, unresectable, advanced/recurrent colorectal cancer","Incurable, unresectable, advanced/recurrent colorectal cancer",Neoplasms; Diseases of the digestive system,31.07.2012,2012,no,NA
000232850.pdf,Not reported,Not reported,Prevymis,Letermovir,MSD K.K.,Small molecule,tablet,oral,approved,authorised,02.03.2018,2018,yes,no,Prophylaxis of cytomegalovirus disease in allogeneic hematopoietic stem cell transplant recipients,Prophylaxis of cytomegalovirus disease in allogeneic hematopoietic stem cell transplant recipients,Infectious and parasitic diseases,28.07.2017,2017,no,NA
000224954.pdf,Not reported,Not reported,Zyprexa,Olanzapine,Eli Lilly Japan K.K.,Small molecule,tablet,oral,approved,authorised,09.06.2017,2017,no,yes,"Gastrointestinal symptoms (nausea, vomiting) associated with antineoplastic agents","Schizophrenia; Improvement of manic and depressive symptoms associated with bipolar disorder; Gastrointestinal symptoms (nausea, vomiting) associated with antineoplastic agents",Mental and behavioural disorders; Neoplasms,22.06.2017,2017,yes,Pharmaceutical Affairs and Food Sanitation Council
000221838.pdf,Not reported,Not reported,Zykadia,Ceritinib,Novartis Pharma K.K.,Small molecule,capsule,oral,approved,authorised,26.02.2016,2016,yes,no,"ALK-positive, unresectable, advanced or recurrent non-small cell lung cancer resistant or intolerant to crizotinib","ALK-positive, unresectable, advanced or recurrent non-small cell lung cancer resistant or intolerant to crizotinib",Neoplasms; Diseases of the respiratory system,24.06.2015,2015,no,NA
000215223.pdf,Not reported,Not reported,Yervoy,Ipilimumab,Bristol-Myers Squibb K.K.,Biologics,injection,intravenous,approved,authorised,28.05.2015,2015,yes,no,Unresectable or metastatic malignant melanoma,Unresectable malignant melanoma,Neoplasms,19.09.2014,2014,no,NA
000216064.pdf,Not reported,Not reported,Synflorix,Pneumococcal 10-valent Conjugate Vaccine,"Japan Vaccine Co., Ltd.",Vaccine,suspension for injection,intramuscular,approved,authorised,05.03.2015,2015,no,no,"Prevention of invasive infections, acute otitis media, and pneumonia caused by Streptococcus pneumoniae","Prevention of invasive infections and pneumonia caused by Streptococcus pneumoniae (pneumococcal serotypes 1, 4, 5, 6B, 7F, 9V, 14, 18C, 19F, and 23F)",Infectious and parasitic diseases; Diseases of the respiratory system,28.03.2014,2014,yes,Not reported
000153594.pdf,Not reported,Not reported,Tenelia,Teneligliptin Hydrobromide Hydrate,Mitsubishi Tanabe Pharma Corporation,Small molecule,tablet,oral,approved,authorised,27.04.2012,2012,no,no,Type 2 diabetes mellitus,Type 2 diabetes mellitus,"Endocrine, nutritional, and metabolic diseases",26.08.2011,2011,no,NA
000252154.pdf,Not reported,Not reported,Samtasu,Tolvaptan Sodium Phosphate,"Otsuka Pharmaceutical Co., Ltd.",Small molecule,Lyophilized powder for injection,intravenous,approved,authorised,25.02.2022,2022,no,no,Treatment of fluid retention in heart failure when treatment with other diuretics including loop diuretics is not sufficiently effective,Treatment of fluid retention in heart failure when treatment with other diuretics including loop diuretics is not sufficiently effective,Diseases of the circulatory system,22.03.2021,2021,no,NA
000243267.pdf,Not reported,Not reported,COVID-19 Vaccine Moderna,Coronavirus Modified Uridine RNA Vaccine,Takeda Pharmaceutical Company Limited,Vaccine,suspension for injection,intramuscular,approved,authorised,20.05.2021,2021,no,no,Prevention of disease caused by SARS-CoV-2 infection (COVID-19),Prevention of disease caused by SARS-CoV-2 infection (COVID-19),Infectious and parasitic diseases,05.03.2021,2021,no,NA
000240793.pdf,Not reported,Not reported,Corectim,Delgocitinib,Japan Tobacco Inc.,Small molecule,ointment,cutaneous,approved,authorised,25.10.2019,2019,no,no,atopic dermatitis,atopic dermatitis,Diseases of the skin,31.01.2019,2019,no,NA
000233741.pdf,Not reported,Not reported,Mekinist,Trametinib,Novartis Pharma K.K.,Small molecule,tablet,oral,approved,authorised,01.02.2016,2016,yes,no,Malignant melanoma with BRAF V600 mutations,Unresectable malignant melanoma with BRAF mutations,Neoplasms; Diseases of the skin,27.04.2015,2015,no,NA
000270863.pdf,Not reported,Not reported,Valixa,Valganciclovir,Mitsubishi Tanabe Pharma Corporation,Small molecule,Dry syrup,oral,approved,authorised,27.02.2023,2023,yes,yes,Symptomatic congenital cytomegalovirus disease,Symptomatic congenital cytomegalovirus disease,Infectious and parasitic diseases,30.06.2022,2022,yes,Not reported
000207341.pdf,Not reported,Not reported,Pradaxa,Dabigatran Etexilate Methanesulfonate,"Nippon Boehringer Ingelheim Co., Ltd.",Small molecule,capsules,oral,approved,authorised,24.11.2010,2010,no,no,Reduction in the risk of stroke and systemic embolism in patients with atrial fibrillation,Reduction in the risk of ischaemic stroke and systemic embolism in patients with non-valvular atrial fibrillation,Diseases of the circulatory system,04.03.2010,2010,no,NA
000272245.pdf,Not reported,Not reported,Rexulti,Brexpiprazole,"Otsuka Pharmaceutical Co., Ltd.",Small molecule,tablet,oral,approved,authorised,08.12.2023,2023,no,yes,Depression or depressive state (for use only in patients who have an inadequate response to existing antidepressant therapy),Depression or depressive state (for use only in patients who have an inadequate response to existing antidepressant therapy),Mental and behavioural disorders,30.01.2023,2023,yes,Not reported
000232846.pdf,Not reported,Not reported,Rosuzet,Ezetimibe / Rosuvastatin Calcium,MSD K.K.,Small molecule,tablet,oral,approved,authorised,21.02.2019,2019,no,no,"Hypercholesterolemia, familial hypercholesterolemia","Hypercholesterolemia, familial hypercholesterolemia","Endocrine, nutritional, and metabolic diseases",22.05.2018,2018,no,NA
000228981.pdf,Not reported,Not reported,Lorbrena,Lorlatinib,Pfizer Japan Inc.,Small molecule,tablet,oral,approved,authorised,29.08.2018,2018,no,no,ALK fusion gene-positive unresectable advanced and/or recurrent non-small cell lung cancer with resistance or intolerance to ALK tyrosine kinase inhibitor(s),ALK fusion gene-positive unresectable advanced and/or recurrent non-small cell lung cancer with resistance or intolerance to ALK tyrosine kinase inhibitor(s),Neoplasms; Diseases of the respiratory system,30.01.2018,2018,no,NA
000250190.pdf,Not reported,Not reported,Jcovden,COVID-19 (SARS-CoV-2) Vaccine,Janssen Pharmaceutical K.K.,Vaccine,injection,intramuscular,approved,authorised,30.05.2022,2022,no,no,Prevention of disease caused by SARS-CoV-2 infection (COVID-19),Prevention of disease caused by SARS-CoV-2 infection (COVID-19),Infectious and parasitic diseases,24.05.2021,2021,no,NA
000227668.pdf,Not reported,Not reported,Stelara,Ustekinumab,Janssen Pharmaceutical K.K.,Biologics,solution for infusion,intravenous,approved,authorised,09.02.2017,2017,no,yes,Induction therapy for moderately to severely active Crohn’s disease (only in patients who have had an inadequate response to conventional therapy),Induction therapy for moderately to severely active Crohn’s disease (only in patients who have had an inadequate response to conventional therapy),Diseases of the digestive system,30.03.2016,2016,yes,Not reported
000270056.pdf,Not reported,Not reported,Nexviazyme,Avalglucosidase Alfa,Sanofi K.K.,Biologics,Lyophilized powder for injection,intravenous,approved,authorised,30.08.2021,2021,yes,yes,Pompe disease,Pompe disease,"Endocrine, nutritional, and metabolic diseases",19.01.2021,2021,no,NA
000265467.pdf,Not reported,Not reported,Cablivi,Caplacizumab,Sanofi K.K.,Biologics,Lyophilized powder for injection,intravenous,approved,authorised,25.08.2022,2022,yes,no,Acquired thrombotic thrombocytopenic purpura,Acquired thrombotic thrombocytopenic purpura,Diseases of the blood and blood-forming organs,10.02.2022,2022,no,NA
000248293.pdf,Not reported,Not reported,Nuvaxovid,Recombinant Coronavirus (SARS-CoV-2) Vaccine,Takeda Pharmaceutical Company Limited,Vaccine,injection,intramuscular,approved,authorised,18.04.2022,2022,no,no,Prevention of disease caused by SARS-CoV-2 infection (COVID-19),Prevention of disease caused by SARS-CoV-2 infection (COVID-19),Infectious and parasitic diseases,16.12.2021,2021,yes,Not reported
000223354.pdf,Not reported,Not reported,Feburic,Febuxostat,Teijin Pharma Limited,Small molecule,tablet,oral,approved,authorised,08.11.2010,2010,no,no,Improvement of hyperuricemia in patients with gout or hyperuricemia,Gout and hyperuricemia,"Diseases of the musculoskeletal system and connective tissue; Endocrine, nutritional, and metabolic diseases",25.12.2009,2009,no,NA
000245006.pdf,Not reported,Not reported,Xevudy,Sotrovimab,GlaxoSmithKline K.K.,Biologics,solution for injection,intravenous,approved,authorised,27.09.2021,2021,no,no,Disease caused by SARS-CoV-2 infection (COVID-19),Disease caused by SARS-CoV-2 infection (COVID-19),Infectious and parasitic diseases,06.09.2021,2021,no,NA
000235287.pdf,Not reported,Not reported,Tecentriq,Atezolizumab,"Chugai Pharmaceutical Co., Ltd.",Biologics,Injection,intravenous,approved,authorised,10.10.2019,2019,no,yes,Unresectable advanced or recurrent non-small cell lung cancer,Unresectable advanced or recurrent non-small cell lung cancer; Extensive-stage small cell lung cancer,Neoplasms; Diseases of the respiratory system,23.01.2019,2019,yes,Not reported
000235286.pdf,Not reported,Not reported,Tecentriq,Atezolizumab,"Chugai Pharmaceutical Co., Ltd.",Biologics,Injection,intravenous,approved,authorised,07.08.2019,2019,no,yes,PD-L1-positive inoperable or recurrent breast cancer,"PD-L1-positive, hormone-receptor-negative and HER2-negative inoperable or recurrent breast cancer",Neoplasms,21.12.2018,2018,yes,Not reported
000223355.pdf,Not reported,Not reported,Feburic,Febuxostat,Teijin Pharma Limited,Small molecule,tablet,oral,approved,authorised,20.04.2016,2016,no,yes,Gout and hyperuricemia; Prevention of hyperuricemia associated with cancer chemotherapy,Gout and hyperuricemia; Hyperuricemia associated with cancer chemotherapy,Diseases of the musculoskeletal system and connective tissue; Neoplasms,29.07.2015,2015,yes,Not reported
000273006.pdf,Not reported,Not reported,Acenobel,Aceneuramic Acid,"Nobelpharma Co., Ltd.",Small molecule,Extended release tablets,Oral,approved,authorised,29.02.2024,2024,yes,no,Suppression of the progression of muscular weakness in patients with GNE myopathy,Suppression of the progression of muscular weakness in patients with distal myopathy with rimmed vacuoles,Diseases of the musculoskeletal system and connective tissue,26.07.2023,2023,no,NA
000250191.pdf,Not reported,Not reported,Tazverik,Tazemetostat Hydrobromide,"Eisai Co., Ltd.",Small molecule,tablet,oral,approved,authorised,28.05.2021,2021,no,no,Relapsed or refractory EZH2 gene mutation-positive follicular lymphoma (limited to those refractory to standard treatments),Relapsed or refractory EZH2 gene mutation-positive follicular lymphoma (limited to those refractory to standard treatments),Neoplasms; Diseases of the blood and blood-forming organs,30.06.2020,2020,no,NA
000233542.pdf,Not reported,Not reported,Lenvima,Lenvatinib Mesilate,"Eisai Co., Ltd.",Small molecule,capsule,oral,approved,authorised,02.03.2018,2018,no,yes,Unresectable hepatocellular carcinoma,"Unresectable thyroid cancer, unresectable hepatocellular carcinoma",Neoplasms; Diseases of the digestive system,23.06.2017,2017,yes,Not reported
000243933.pdf,Not reported,Not reported,Vafseo,Vadadustat,Mitsubishi Tanabe Pharma Corporation,Small molecule,tablet,oral,approved,authorised,29.05.2020,2020,no,no,Renal anemia,Renal anemia,Diseases of the blood and blood-forming organs,08.07.2019,2019,no,NA
000233740.pdf,Not reported,Not reported,Tafinlar,Dabrafenib,Novartis Pharma K.K.,Small molecule,Capsules,Oral,approved,authorised,01.02.2016,2016,yes,no,Malignant melanoma with BRAF V600 mutations,Unresectable malignant melanoma with BRAF mutations,Neoplasms; Diseases of the skin,27.04.2015,2015,no,NA
000247943.pdf,Not reported,Not reported,Freeze-dried Smallpox Vaccine Prepared in Cell Culture LC16 “KMB”,Freeze-dried Smallpox Vaccine Prepared in Cell Culture,"KM Biologics Co., Ltd.",Vaccine,Powder for injection,percutaneous,approved,authorised,29.07.2022,2022,no,yes,Prevention of smallpox and monkeypox,Prevention of smallpox and monkeypox,Infectious and parasitic diseases,06.07.2022,2022,yes,Not reported
000222649.pdf,Not reported,Not reported,Viekirax,Ombitasvir Hydrate/Paritaprevir Hydrate/Ritonavir,AbbVie GK,Small molecule,tablet,oral,approved,authorised,09.09.2016,2016,no,yes,Suppression of viremia in treatment-naïve patients with serogroup 2 (genotype 2) chronic hepatitis C,Suppression of viremia in serogroup 2 (genotype 2) chronic hepatitis C patients,Infectious and parasitic diseases,17.12.2015,2015,no,NA
000226413.pdf,Not reported,Not reported,Kevzara,Sarilumab,Sanofi K.K.,Biologics,solution for injection,subcutaneous,approved,authorised,27.07.2017,2017,no,no,Rheumatoid arthritis in patients who have had an inadequate response to conventional treatments,Rheumatoid arthritis in patients who have had an inadequate response to conventional treatments,Diseases of the musculoskeletal system and connective tissue,07.10.2016,2016,no,NA
000234771.pdf,Not reported,Not reported,Tecentriq,Atezolizumab,"Chugai Pharmaceutical Co., Ltd.",Biologics,solution for intravenous infusion,intravenous,approved,authorised,06.11.2017,2017,no,no,Unresectable advanced or recurrent non-small cell lung cancer,Unresectable advanced or recurrent non-small cell lung cancer,Neoplasms; Diseases of the respiratory system,17.02.2017,2017,no,NA
000153949.pdf,Not reported,Not reported,Xalkori,Crizotinib,Pfizer Japan Inc.,Small molecule,capsule,oral,approved,authorised,29.02.2012,2012,yes,no,ALK-positive advanced non-small-cell lung cancer,"ALK-positive, unresectable, advanced or relapsed non-small-cell lung cancer",Neoplasms; Diseases of the respiratory system,31.03.2011,2011,no,NA
000227269.pdf,Not reported,Not reported,Treakisym,Bendamustine Hydrochloride,SymBio Pharmaceuticals Limited,Small molecule,Lyophilized powder for injection,intravenous,approved,authorised,24.11.2016,2016,no,yes,Low-grade B-cell non-Hodgkin’s lymphoma and mantle cell lymphoma; Chronic lymphocytic leukemia,Low-grade B-cell non-Hodgkin’s lymphoma and mantle cell lymphoma; Chronic lymphocytic leukemia,Neoplasms; Diseases of the blood and blood-forming organs,05.10.2016,2016,yes,Not reported
000272485.pdf,Not reported,Not reported,Ezharmia,Valemetostat,"Daiichi Sankyo Company, Limited",Small molecule,tablet,oral,approved,authorised,24.05.2024,2024,no,yes,Relapsed or refractory peripheral T-cell lymphoma,Relapsed or refractory peripheral T-cell lymphoma,Neoplasms; Diseases of the blood and blood-forming organs,31.01.2024,2024,yes,Not reported
000209023.pdf,Not reported,Not reported,Sunvepra,Asunaprevir,Bristol-Myers K.K.,Small molecule,capsule,oral,approved,authorised,26.06.2014,2014,no,no,"Improvement of viraemia in patients with chronic hepatitis C serogroup 1 (genotype 1), or chronic hepatitis C serogroup 1 with compensated cirrhosis","Improvement of viraemia in patients with chronic hepatitis C serogroup 1 (genotype 1), or chronic hepatitis C serogroup 1 with compensated cirrhosis",Infectious and parasitic diseases,29.10.2013,2013,no,NA
000220894.pdf,Not reported,Not reported,Lixiana,Edoxaban Tosilate Hydrate,"Daiichi Sankyo Company, Limited",Small molecule,tablet,oral,approved,authorised,21.02.2011,2011,no,no,Prevention of venous thromboembolism in patients undergoing orthopedic surgery of the lower limbs,Prevention of venous thromboembolism in patients undergoing orthopedic surgery of the lower limbs,Diseases of the musculoskeletal system and connective tissue,29.03.2010,2010,no,NA
000231769.pdf,Not reported,Not reported,Minnebro,Esaxerenone,"Daiichi Sankyo Company, Limited",Small molecule,tablet,oral,approved,authorised,03.12.2018,2018,no,no,Hypertension,Hypertension,Diseases of the circulatory system,26.02.2018,2018,no,NA
000243472.pdf,Not reported,Not reported,Ongentys,Opicapone,"Ono Pharmaceutical Co., Ltd.",Small molecule,Tablet,Oral,approved,authorised,29.05.2020,2020,no,no,Improvement of end-of-dose motor fluctuations (wearing-off phenomenon) in patients with Parkinson’s disease by combination use with levodopa/carbidopa or levodopa/benserazide hydrochloride,Improvement of end-of-dose motor fluctuations (wearing-off phenomenon) in patients with Parkinson’s disease by combination use with levodopa/carbidopa or levodopa/benserazide hydrochloride,Diseases of the nervous system,27.02.2019,2019,no,NA
000231967.pdf,Not reported,Not reported,Soliris,Eculizumab,Alexion Pharma Godo Kaisha,Biologics,injection,intravenous,approved,authorised,04.12.2017,2017,yes,yes,Treatment of patients with generalized myasthenia gravis (only for symptoms uncontrollable with high-dose intravenous immunoglobulin therapy or plasmapheresis),Treatment of patients with generalized myasthenia gravis (only for symptoms uncontrollable with high-dose intravenous immunoglobulin therapy or plasmapheresis),Diseases of the nervous system,22.03.2017,2017,yes,Not reported
000153196.pdf,Not reported,Not reported,Cervarix,Recombinant Adsorbed Bivalent Human Papillomavirus-like Particle Vaccine,GlaxoSmithKline K.K.,Vaccine,injection,intramuscular,approved,authorised,31.08.2009,2009,no,no,Prevention of cervical cancer (squamous-cell carcinoma and adenocarcinoma) and its precursor lesions (cervical intraepithelial neoplasia [CIN] grades 2 and 3) caused by infection with human papillomavirus (HPV) types 16 and 18.,Prevention of cervical cancer (squamous-cell carcinoma and adenocarcinoma) and its precursor lesions (cervical intraepithelial neoplasia [CIN] grades 2 and 3) caused by infection with human papillomavirus (HPV) types 16 and 18.,Neoplasms; Infectious and parasitic diseases,26.09.2007,2007,no,NA
000245994.pdf,Not reported,Not reported,Comirnaty,Coronavirus Modified Uridine RNA Vaccine,Pfizer Japan Inc.,Vaccine,Injection,intramuscular,approved,authorised,20.01.2022,2022,no,yes,Prevention of disease caused by SARS-CoV-2 infection (COVID-19),Prevention of disease caused by SARS-CoV-2 infection (COVID-19),Infectious and parasitic diseases,10.11.2021,2021,yes,Not reported
000153343.pdf,Not reported,Not reported,Tetrabik,Adsorbed Diphtheria-Purified Pertussis-Tetanus-Inactivated Polio (Sabin strain) Combined Vaccine,The Research Foundation for Microbial Diseases of Osaka University,Vaccine,suspension for injection,subcutaneous,approved,authorised,20.07.2012,2012,no,no,"Prevention of pertussis, diphtheria, tetanus, and acute poliomyelitis","Prevention of pertussis, diphtheria, tetanus, and acute poliomyelitis",Infectious and parasitic diseases,27.12.2011,2011,yes,Not reported
000235724.pdf,Not reported,Not reported,Intuniv,Guanfacine,"Shionogi & Co., Ltd.",Small molecule,tablet,oral,approved,authorised,28.05.2019,2019,no,yes,Attention-deficit/hyperactivity disorder (AD/HD) in pediatric patients,Attention-deficit/hyperactivity disorder (AD/HD) in adults,Mental and behavioural disorders,10.08.2018,2018,yes,Not reported
000208512.pdf,Not reported,Not reported,Revolade,Eltrombopag,GlaxoSmithKline K.K.,Small molecule,tablet,oral,approved,authorised,26.08.2010,2010,yes,no,Idiopathic thrombocytopenic purpura,Chronic idiopathic thrombocytopenic purpura,Diseases of the blood and blood-forming organs,30.09.2009,2009,no,NA
000219621.pdf,Not reported,Not reported,Adynovate,Rurioctocog Alfa Pegol,Baxter Limited,Biologics,Lyophilized powder,Intravenous,approved,authorised,26.02.2016,2016,no,no,Control of bleeding tendency in patients with blood coagulation factor VIII deficiency,Control of bleeding tendency in patients with blood coagulation factor VIII deficiency,Diseases of the blood and blood-forming organs,16.04.2015,2015,no,NA
000233792.pdf,Not reported,Not reported,Shingrix,Dried Recombinant Herpes Zoster Vaccine,"Japan Vaccine Co., Ltd.",Vaccine,lyophilized drug product,intramuscular,approved,authorised,02.03.2018,2018,no,no,Prevention of herpes zoster and postherpetic neuralgia,Prevention of herpes zoster,Infectious and parasitic diseases,18.04.2017,2017,no,NA
000153747.pdf,Not reported,Not reported,Stelara,Ustekinumab,Janssen Pharmaceutical K.K.,Biologics,solution for injection,subcutaneous,approved,authorised,29.11.2010,2010,no,no,Moderate to severe psoriasis vulgaris; Psoriatic arthritis with moderate to severe plaque psoriasis,Psoriasis vulgaris and psoriatic arthritis in patients who have had an inadequate response to conventional therapy,Diseases of the skin; Diseases of the musculoskeletal system and connective tissue,21.01.2010,2010,no,NA
000222648.pdf,Not reported,Not reported,Rebetol,Ribavirin,MSD K.K.,Small molecule,capsule,oral,approved,authorised,09.09.2016,2016,no,yes,Suppression of viremia in serogroup 2 (genotype 2) chronic hepatitis C patients,Suppression of viremia in serogroup 2 (genotype 2) chronic hepatitis C patients,Infectious and parasitic diseases,25.12.2015,2015,no,NA
000153009.pdf,Not reported,Not reported,Soliris,Eculizumab,Alexion Pharma K.K.,Biologics,solution for intravenous infusion,intravenous,approved,authorised,26.02.2010,2010,yes,no,Paroxysmal nocturnal hemoglobinuria,Reduction of hemolysis in patients with paroxysmal nocturnal hemoglobinuria,Diseases of the blood and blood-forming organs,31.03.2009,2009,yes,Not reported
000234772.pdf,Not reported,Not reported,Tecentriq,Atezolizumab,"Chugai Pharmaceutical Co., Ltd.",Biologics,Injection,intravenous,approved,authorised,02.08.2019,2019,yes,yes,Unresectable small cell lung cancer,Unresectable advanced or recurrent non-small cell lung cancer; Extensive-stage small cell lung cancer,Neoplasms; Diseases of the respiratory system,07.12.2018,2018,yes,Not reported
000207435.pdf,Not reported,Not reported,Memary,Memantine Hydrochloride,"Daiichi Sankyo Company, Limited",Small molecule,film-coated tablet,oral,approved,authorised,24.11.2010,2010,no,no,Control of the progression of dementia symptoms in moderate to severe Alzheimer’s disease,Control of the progression of dementia symptoms in patients with moderate to severe Alzheimer’s disease,Diseases of the nervous system,05.02.2010,2010,no,NA
000209430.pdf,Not reported,Not reported,Opdivo,Nivolumab,"Ono Pharmaceutical Co., Ltd.",Biologics,Injection,intravenous,approved,authorised,26.06.2014,2014,yes,no,Malignant melanoma,Treatment of unresectable malignant melanoma,Neoplasms,24.12.2013,2013,no,NA
000250545.pdf,Not reported,Not reported,Moizerto,Difamilast,"Otsuka Pharmaceutical Co., Ltd.",Small molecule,ointment,cutaneous,approved,authorised,30.08.2021,2021,no,no,Atopic dermatitis,Atopic dermatitis,Diseases of the skin,28.09.2020,2020,no,NA
000153553.pdf,Not reported,Not reported,Votrient,Pazopanib Hydrochloride,GlaxoSmithKline K.K.,Small molecule,tablet,oral,approved,authorised,06.09.2012,2012,yes,yes,Advanced soft tissue sarcoma,Soft tissue sarcoma,Neoplasms,13.12.2011,2011,no,NA
000272323.pdf,Not reported,Not reported,Vyloy,Zolbetuximab,Astellas Pharma Inc.,Biologics,lyophilized powder,intravenous,approved,authorised,04.03.2024,2024,no,no,"CLDN18.2-positive locally advanced, unresectable or metastatic gastric cancer",CLDN18.2-positive unresectable advanced or recurrent gastric cancer,Neoplasms; Diseases of the digestive system,09.06.2023,2023,no,NA
000223352.pdf,Not reported,Not reported,Kenketu Glovenin-I,Polyethylene Glycol-treated Human Normal Immunoglobulin,"Nihon Pharmaceutical Co., Ltd.",Biologics,Lyophilized powder for solution for injection,intravenous,approved,authorised,10.08.2016,2016,no,yes,Guillain-Barré syndrome (for patients with severe GBS in the acute exacerbation phase and difficulty in walking),Guillain-Barré syndrome (for patients with severe GBS in the acute exacerbation phase and difficulty in walking),Diseases of the nervous system,05.11.2015,2015,yes,Not reported
000247830.pdf,Not reported,Not reported,Jyseleca,Filgotinib Maleate,Gilead Sciences K.K.,Small molecule,tablet,oral,approved,authorised,04.09.2020,2020,no,no,Rheumatoid arthritis in patients who have had an inadequate response to conventional therapies (including the prevention of structural joint damage),Rheumatoid arthritis in patients who have had an inadequate response to conventional therapies (including the prevention of structural joint damage),Diseases of the musculoskeletal system and connective tissue,08.10.2019,2019,no,NA
000222716.pdf,Not reported,Not reported,Inavir,Laninamivir Octanoate Hydrate,"Daiichi Sankyo Company, Limited",Small molecule,Dry powder for inhalation,Inhalation,approved,authorised,24.06.2016,2016,no,yes,Treatment and prophylaxis of influenza A or B virus infection,Treatment and prophylaxis of influenza A or B virus infection,Infectious and parasitic diseases,07.10.2015,2015,yes,Not reported
000153180.pdf,Not reported,Not reported,Victoza,Liraglutide,Novo Nordisk Pharma Ltd.,Peptides and proteins,solution for injection,subcutaneous,approved,authorised,27.11.2009,2009,no,no,Type 2 diabetes mellitus,Type 2 diabetes mellitus,"Endocrine, nutritional, and metabolic diseases",14.07.2008,2008,no,NA
000245968.pdf,Not reported,Not reported,Comirnaty,Coronavirus Modified Uridine RNA Vaccine,Pfizer Japan Inc.,Vaccine,injection,intramuscular,approved,authorised,10.11.2021,2021,no,yes,Prevention of disease caused by SARS-CoV-2 infection (COVID-19),Prevention of disease caused by SARS-CoV-2 infection (COVID-19),Infectious and parasitic diseases,28.09.2021,2021,yes,Not reported
000223353.pdf,Not reported,Not reported,Kenketu Glovenin-I,Polyethylene Glycol-treated Human Normal Immunoglobulin,"Nihon Pharmaceutical Co., Ltd.",Biologics,Lyophilized powder for solution for injection,intravenous,approved,authorised,09.10.2015,2015,no,yes,Bullous pemphigoid (for patients with BP inadequately responsive to corticosteroids),Bullous pemphigoid (for patients with BP inadequately responsive to corticosteroids),Diseases of the skin,25.12.2014,2014,yes,Not reported
000246722.pdf,Not reported,Not reported,Twymeeg,Imeglimin Hydrochloride,"Sumitomo Dainippon Pharma Co., Ltd.",Small molecule,Film-coated tablets,oral,approved,authorised,26.05.2021,2021,no,no,Type 2 diabetes mellitus,Type 2 diabetes mellitus,"Endocrine, nutritional, and metabolic diseases",30.07.2020,2020,no,NA
000209021.pdf,Not reported,Not reported,Daklinza,Daclatasvir,Bristol-Myers K.K.,Small molecule,tablet,oral,approved,authorised,26.06.2014,2014,no,no,Improvement of viraemia in patients with chronic hepatitis C serogroup 1 or with compensated cirrhosis,Improvement of viraemia in patients with chronic hepatitis C serogroup 1 or with compensated cirrhosis,Infectious and parasitic diseases,29.10.2013,2013,no,NA
000216840.pdf,Not reported,Not reported,Allergen Scratch Extract Positive control “TORII”,Histamine dihydrochloride,Japan Tobacco Inc.,Small molecule,solution,epicutaneous,approved,authorised,31.08.2015,2015,no,yes,Positive control to evaluate skin reaction for a diagnosis of allergy,Positive control to evaluate skin reactions to allergens,Diseases of the skin,22.12.2014,2014,yes,Not reported
000208511.pdf,Not reported,Not reported,Samsca,Tolvaptan,"Otsuka Pharmaceutical Co., Ltd.",Small molecule,tablet,oral,approved,authorised,24.02.2014,2014,yes,yes,Slowing of the progression of autosomal dominant polycystic kidney disease,Slowing of the progression of autosomal dominant polycystic kidney disease,Diseases of the genitourinary system,30.05.2013,2013,yes,Not reported
000234203.pdf,Not reported,Not reported,Darzalex,Daratumumab,Janssen Pharmaceutical K.K.,Biologics,solution for injection,intravenous,approved,authorised,08.09.2017,2017,yes,no,Relapsed or refractory multiple myeloma,Relapsed or refractory multiple myeloma,Neoplasms; Diseases of the blood and blood-forming organs,20.12.2016,2016,no,NA
000234773.pdf,Not reported,Not reported,Abraxane,Paclitaxel,"Taiho Pharmaceutical Co., Ltd.",Small molecule,injectable suspension,intravenous,approved,authorised,07.08.2019,2019,no,yes,"Breast cancer, gastric cancer, non-small cell lung cancer, and unresectable pancreatic cancer","Breast cancer, gastric cancer, non-small cell lung cancer, and unresectable pancreatic cancer",Neoplasms; Diseases of the digestive system; Diseases of the respiratory system,30.11.2018,2018,yes,Not reported
000153036.pdf,Not reported,Not reported,Rasuritek,Rasburicase,Sanofi-aventis K.K.,Biologics,injection,intravenous,approved,authorised,31.08.2009,2009,no,no,Treatment and prophylaxis of acute hyperuricemia associated with the treatment of hematological malignancies,Hyperuricemia associated with cancer chemotherapy,Neoplasms; Diseases of the blood and blood-forming organs,26.02.2008,2008,no,NA
000153750.pdf,Not reported,Not reported,Vyndaqel,Tafamidis Meglumine,Pfizer Japan Inc.,Small molecule,capsule,oral,approved,authorised,22.08.2013,2013,yes,no,Delay of peripheral neurologic impairment in patients with transthyretin familial amyloid polyneuropathy,Delay of peripheral neurologic impairment in patients with transthyretin familial amyloid polyneuropathy,Diseases of the nervous system,13.02.2013,2013,no,NA
000231145.pdf,Not reported,Not reported,Afstyla,Lonoctocog Alfa,CSL Behring K.K.,Biologics,solution for injection,intravenous,approved,authorised,08.09.2017,2017,no,no,Control of bleeding tendency in patients with blood coagulation factor VIII deficiency,Control of bleeding tendency in patients with blood coagulation factor VIII deficiency,Diseases of the blood and blood-forming organs,27.10.2016,2016,no,NA
