Document_name,Marketing_authorisation_number,Procedure_number,Drug_name,Non_proprietary_name,Marketing_authorisation_holder,Drug_class,Pharmaceutical_form,Administration_route,Decision,Current_status,Decision_date,Decision_year,Orphan_drug_status,Indication_extended,Indication_requested,Indication_approved,Disease_class(es),Application_date,Application_year,Nonclinical_abridged,Referral_body
febseltiq-withdrawal-assessment-report_en.pdf,EMA/939316/2022,EMEA/H/C/005361/0000,Febseltiq,infigratinib,Not reported,Small molecule,hard capsule,oral,withdrawn,withdrawn,25.03.2022,2022,yes,no,"treatment of adults with previously treated, unresectable locally advanced or metastatic cholangiocarcinoma with a fibroblast growth factor receptor 2 (FGFR2) fusion or other rearrangement",NA,Neoplasms; Diseases of the digestive system,Not reported,Not reported,no,NA
mabcampath-epar-scientific-discussion_en.pdf,Not reported,Not reported,MabCampath,alemtuzumab,Not reported,Biologics,solution for infusion,intravenous,Not reported,withdrawn,Not reported,Not reported,Not reported,no,treatment of patients with chronic lymphocytic leukaemia (CLL) who have been treated with alkylating agents and who have failed fludarabine phosphate therapy,treatment of patients with chronic lymphocytic leukaemia (CLL) who have been treated with alkylating agents and who have failed to achieve a complete or partial response or achieved only a short remission (less than 6 months) following fludarabine phosphate therapy,Neoplasms; Diseases of the blood and blood-forming organs,Not reported,Not reported,yes,CPMP
wainzua-epar-public-assessment-report_en.pdf,EMA/515905/2024,EMEA/H/C/006295/0000,Wainzua,eplontersen,AstraZeneca AB,Peptides and proteins,solution for injection,subcutaneous,approved,authorised,30.01.2025,2025,yes,no,treatment of adult patients with polyneuropathy associated with hereditary transthyretin-mediated amyloidosis (ATTRv),treatment of hereditary transthyretin-mediated amyloidosis (ATTRv) in adult patients with stage 1 or stage 2 polyneuropathy,Diseases of the nervous system; Diseases of the circulatory system,05.10.2023,2023,no,NA
pluvicto-epar-public-assessment-report_en.pdf,EMA/871459/2022,EMEA/H/C/005483/0000,Pluvicto,lutetium (177Lu) vipivotide tetraxetan,Novartis Europharm Limited,Other,solution for injection,intravenous,approved,authorised,13.10.2022,2022,no,no,treatment of adult patients with prostate-specific membrane antigen (PSMA)-positive metastatic castration-resistant prostate cancer (mCRPC) who have been treated with androgen receptor (AR) pathway inhibition and taxane-based chemotherapy,treatment of adult patients with progressive prostate-specific membrane antigen (PSMA)-positive metastatic castration-resistant prostate cancer (mCRPC) who have been treated with AR pathway inhibition and taxane-based chemotherapy,Neoplasms,30.09.2021,2021,no,NA
uzprovo-epar-public-assessment-report_en.pdf,EMA/549260/2023,EMEA/H/C/006101/0000,Uzpruvo,ustekinumab,STADA Arzneimittel AG,Biologics,Solution for injection,Subcutaneous,approved,authorised,09.11.2023,2023,no,no,Plaque psoriasis; Paediatric plaque psoriasis; Psoriatic arthritis; Crohn’s Disease,Plaque psoriasis; Paediatric plaque psoriasis; Psoriatic arthritis; Crohn’s Disease,Diseases of the skin; Diseases of the musculoskeletal system and connective tissue; Diseases of the digestive system,21.10.2022,2022,no,NA
pixuvri-epar-public-assessment-report_en.pdf,EMA/309145/2012,EMEA/H/C/002055,Pixuvri,pixantrone,CTI Life Sciences Ltd.,Small molecule,Powder for concentrate for solution for infusion,Intravenous,conditional marketing authorisation,withdrawn,16.02.2012,2012,Not reported,no,treatment of adult patients with multiply relapsed or refractory aggressive Non Hodgkin Lymphomas (NHL),treatment in monotherapy of adult patients with multiply relapsed or refractory aggressive Non Hodgkin B cell Lymphomas (NHL),Neoplasms; Diseases of the blood and blood-forming organs,28.10.2010,2010,no,NA
viraferon-epar-scientific-discussion_en.pdf,Not reported,Not reported,Viraferon,interferon alfa-2b,SP Europe,Biologics,solution for injection,intramuscular,approved,withdrawn,21.10.1999,1999,no,yes,Treatment of Chronic Hepatitis B and Chronic Hepatitis C,"Chronic Hepatitis B: Treatment of adult patients with chronic hepatitis B associated with evidence of hepatitis B viral replication (presence of HBV-DNA and HBeAg), elevated ALT and histologically proven active liver inflammation and/or fibrosis. Chronic Hepatitis C: Treatment of adult patients with chronic hepatitis C who have elevated transaminases without liver decompensation and who are positive for serum HCV-RNA or anti-HCV.",Infectious and parasitic diseases,Not reported,Not reported,no,NA
rasagiline-ratiopharm-epar-public-assessment-report_en.pdf,EMA/CHMP/684236/2014,EMEA/H/C/003957,Rasagiline ratiopharm,Rasagiline,Teva B.V.,Small molecule,Tablet,Oral,approved,authorised,20.11.2014,2014,no,yes,Treatment of idiopathic Parkinson’s disease as monotherapy or as adjunct therapy in patients with end of dose fluctuations.,Treatment of idiopathic Parkinson’s disease as monotherapy or as adjunct therapy in patients with end of dose fluctuations.,Diseases of the nervous system,28.08.2014,2014,yes,Not reported
pifeltro-epar-public-assessment-report_en.pdf,EMA/821709/2018,EMEA/H/C/004747/0000,Pifeltro,doravirine,Merck Sharp & Dohme B.V.,Small molecule,film-coated tablet,oral,approved,authorised,20.09.2018,2018,no,no,"Doravirine MSD is indicated, in combination with other antiretroviral medicinal products, for the treatment of adults infected with HIV-1 without past or present evidence of viral resistance to doravirine.","Doravirine MSD is indicated, in combination with other antiretroviral medicinal products, for the treatment of adults infected with HIV-1 without past or present evidence of viral resistance to doravirine.",Infectious and parasitic diseases,03.11.2017,2017,no,NA
zometa-epar-scientific-discussion_en.pdf,EMA/000400/2001,EMEA/H/C/000400,Zometa,zoledronic acid,Novartis,Small molecule,powder for solution for infusion,intravenous,approved,authorised,20.03.2001,2001,no,yes,Tumour-induced hypercalcaemia,Tumour-induced hypercalcaemia; Prevention of skeletal related events in patients with advanced malignancies involving bone,Neoplasms; Diseases of the musculoskeletal system and connective tissue,Not reported,Not reported,no,NA
photobarr-epar-scientific-discussion_en.pdf,Not reported,Not reported,PhotoBarr,porfimer sodium,Not reported,Biologics,powder for solution for injection,intravenous,approved,withdrawn,Not reported,Not reported,no,yes,Ablation of high-grade dysplasia (HGD) in patients with Barrett's Oesophagus,Ablation of high-grade dysplasia (HGD) in patients with Barrett's Oesophagus,Neoplasms; Diseases of the digestive system,Not reported,Not reported,no,NA
resolor-epar-public-assessment-report_en.pdf,EMA/664892/2009,EMEA/H/C/1012,Resolor,Prucalopride,Movetis NV,Small molecule,film-coated tablet,oral,approved,authorised,23.07.2009,2009,no,no,treatment of chronic constipation in adults in whom laxatives fail to provide adequate relief,symptomatic treatment of chronic constipation in women in whom laxatives fail to provide adequate relief,Diseases of the digestive system,08.05.2008,2008,no,NA
deltyba-epar-public-assessment-report_en.pdf,EMA/55567/2014,EMEA/H/C/002552,Deltyba,delamanid,Otsuka Novel Products GmbH,Small molecule,film-coated tablet,oral,conditional marketing authorisation,authorised,21.11.2013,2013,yes,no,Delamanid is indicated for the treatment of multidrug-resistant tuberculosis (MDR-TB) in combination with an optimised background regimen (OBR) according to WHO guidelines in adult patients.,treatment of pulmonary infections due to multidrug-resistant Mycobacterium tuberculosis as part of an appropriate combination regimen,Infectious and parasitic diseases,25.11.2011,2011,no,NA
aripiprazole-accord-epar-public-assessment-report_en.pdf,EMA/523618/2015,EMEA/H/C/004021/0000,Aripiprazole Accord,aripiprazole,Accord Healthcare Ltd,Small molecule,tablet,oral,approved,authorised,24.09.2015,2015,no,no,Treatment of schizophrenia in adults and adolescents aged 15 years and older; treatment of moderate to severe manic episodes in Bipolar I Disorder and prevention of new manic episodes in adults; treatment up to 12 weeks of moderate to severe manic episodes in Bipolar I Disorder in adolescents aged 13 years and older.,Treatment of schizophrenia in adults and adolescents aged 15 years and older; treatment of moderate to severe manic episodes in Bipolar I Disorder and prevention of new manic episodes in adults; treatment up to 12 weeks of moderate to severe manic episodes in Bipolar I Disorder in adolescents aged 13 years and older.,Mental and behavioural disorders,01.08.2014,2014,yes,Not reported
biograstim-epar-public-assessment-report_en.pdf,EMA/494720/2008,EMEA/H/C/826,Biograstim,filgrastim,CT Arzneimittel GmbH,Biologics,solution for injection,subcutaneous; intravenous,approved,withdrawn,24.07.2008,2008,no,no,Reduction in the duration of neutropenia and the incidence of febrile neutropenia in patients treated with established cytotoxic chemotherapy for malignancy and for the reduction in the duration of neutropenia in patients undergoing myeloablative therapy followed by bone marrow transplantation.,Reduction in the duration of neutropenia and the incidence of febrile neutropenia in patients treated with established cytotoxic chemotherapy for malignancy and for the reduction in the duration of neutropenia in patients undergoing myeloablative therapy followed by bone marrow transplantation.,Neoplasms; Diseases of the blood and blood-forming organs,29.01.2007,2007,no,NA
incellipan-epar-public-assessment-report_en.pdf,EMA/108199/2024,EMEA/H/C/006051/0000,Incellipan,"Pandemic influenza vaccine (H5N1) (surface antigen, inactivated, adjuvanted, prepared in cell cultures)",Seqirus Netherlands B.V.,Vaccine,suspension for injection,intramuscular,approved,authorised,22.02.2024,2024,no,no,Prophylaxis of influenza in an officially declared pandemic situation in persons 6 months and above.,Prophylaxis of influenza in an officially declared pandemic situation in persons 6 months and above.,Infectious and parasitic diseases,24.11.2022,2022,no,NA
nevirapine-teva-epar-public-assessment-report_en.pdf,Not reported,EMEA/H/C/001119,Nevirapine Teva,nevirapine,Teva Pharma B.V.,Small molecule,tablet,oral,approved,withdrawn,24.09.2009,2009,no,no,"treatment of HIV-1 infected adults, adolescents, and children of any age in combination with other anti-retroviral medicinal products","treatment of HIV-1 infected adults, adolescents, and children of any age in combination with other anti-retroviral medicinal products",Infectious and parasitic diseases,07.01.2009,2009,yes,Not reported
contusugene-ladenovec-gendux-withdrawal-assessment-report_en.pdf,Not reported,EMEA/H/C/1041,Contusugene Ladenovec Gendux,Contusugene Ladenovec,Gendux Molecular Ltd,Cell and gene therapy,Sterile suspension for injection,Intratumoural,withdrawn,withdrawn,Not reported,Not reported,Not reported,no,Treatment of adult patients with recurrent or refractory squamous cell carcinoma of the head and neck as monotherapy,NA,Neoplasms,Not reported,Not reported,no,NA
ogivri-epar-public-assessment-report_en.pdf,EMA/810499/2018,EMEA/H/C/004916/0000,Ogivri,trastuzumab,MYLAN S.A.S,Biologics,powder for concentrate for solution for infusion,intravenous,approved,authorised,18.10.2018,2018,no,no,Breast cancer; Metastatic breast cancer; Early breast cancer; Metastatic gastric cancer,Breast cancer; Metastatic breast cancer; Early breast cancer; Metastatic gastric cancer,Neoplasms; Diseases of the digestive system,03.11.2017,2017,no,NA
axitinib-accord-epar-public-assessment-report_en.pdf,EMA/372021/2024,EMEA/H/C/006206/0000,Axitinib Accord,axitinib,Accord Healthcare S.L.U.,Small molecule,film-coated tablet,oral,approved,authorised,25.07.2024,2024,no,no,Treatment of adult patients with advanced renal cell carcinoma (RCC) after failure of prior treatment with sunitinib or a cytokine.,Treatment of adult patients with advanced renal cell carcinoma (RCC) after failure of prior treatment with sunitinib or a cytokine.,Neoplasms; Diseases of the genitourinary system,06.03.2023,2023,yes,NA
faldaprevir-boehringer-ingelheim-withdrawal-assessment-report_en.pdf,EMA/519229/2014,EMEA/H/C/03720,Faldaprevir,Faldaprevir,Boehringer Ingelheim,Small molecule,soft gelatin capsule,oral,withdrawn,withdrawn,20.03.2014,2014,no,no,"treatment of chronic genotype-1 hepatitis C virus (HCV) infection in adult patients with compensated liver disease including cirrhosis, and patients with human immunodeficiency virus (HIV)/HCV co-infection",NA,Infectious and parasitic diseases,Not reported,Not reported,no,NA
lumark-epar-public-assessment-report_en.pdf,EMA/427491/2015,EMEA/H/C/002749/0000,Lumark,"lutetium, isotope of mass 177",I.D.B. Radiopharmacy B.V.,Other,"Radiopharmaceutical precursor, solution",Not applicable,approved,authorised,23.04.2015,2015,no,no,To be used only for the radiolabelling of carrier molecules which have been specifically developed for radiolabelling with this radionuclide,NA,Neoplasms,05.12.2013,2013,yes,Not reported
xarelto-epar-public-assessment-report_en.pdf,Not reported,EMEA/H/C/000944,Xarelto,rivaroxaban,Bayer HealthCare AG,Small molecule,film-coated tablet,oral,approved,authorised,30.09.2008,2008,no,no,Prevention of venous thromboembolism (VTE) in patients undergoing major orthopaedic surgery of the lower limbs.,Prevention of venous thromboembolism (VTE) in adult patients undergoing elective hip or knee replacement surgery.,Diseases of the circulatory system,31.10.2007,2007,no,NA
doxorubicin-sun-withdrawal-assessment-report_en.pdf,EMA/588790/2011,EMEA/H/C/002049,Doxorubicin SUN,Doxorubicin,Not reported,Biologics,Concentrate for solution for infusion,Intravenous,refused,NA,Not reported,Not reported,no,no,"Metastatic breast cancer, advanced ovarian cancer, progressive multiple myeloma",NA,Neoplasms; Diseases of the blood and blood-forming organs,Not reported,Not reported,yes,Not reported
benlysta-epar-public-assessment-report_en.pdf,EMA/002015/2011,EMEA/H/C/002015,Benlysta,belimumab,Glaxo Group Limited,Biologics,Powder for concentrate for solution for infusion,Intravenous,approved,authorised,19.05.2011,2011,no,no,"treatment of active, autoantibody-positive systemic lupus erythematosus (SLE)",Add-on therapy in adult patients with active autoantibody-positive systemic lupus erythematosus (SLE) with a high degree of disease activity despite standard therapy,Diseases of the musculoskeletal system and connective tissue,04.06.2010,2010,no,NA
budesonideformoterol-teva-pharma-bv-epar-public-assessment-report_en.pdf-0.pdf,EMA/83618/2020,EMEA/H/C/004882/0000,Budesonide/Formoterol Teva Pharma B.V.,budesonide / formoterol fumarate dihydrate,Teva Pharma B.V.,Small molecule,inhalation powder,oral,approved,authorised,30.01.2020,2020,no,no,Regular treatment of asthma and symptomatic treatment of COPD,Regular treatment of asthma and symptomatic treatment of COPD,Diseases of the respiratory system,30.07.2019,2019,yes,NA
cresemba-epar-public-assessment-report_en.pdf,EMA/596950/2015,EMEA/H/C/002734/0000,Cresemba,isavuconazole,Basilea Medical Ltd,Small molecule,powder for concentrate for solution for infusion; hard capsules,intravenous; oral,approved,authorised,23.07.2015,2015,yes,no,treatment of invasive aspergillosis; treatment of mucormycosis,treatment of invasive aspergillosis; mucormycosis in patients for whom amphotericin B is inappropriate,Infectious and parasitic diseases,16.07.2014,2014,no,NA
heplisav-b-epar-public-assessment-report_en.pdf,EMA/1767/2021,EMEA/H/C/005063/0000,Heplisav B,"Hepatitis B vaccine (recombinant, adjuvanted)",Dynavax GmbH,Vaccine,solution for injection,intramuscular,approved,authorised,10.12.2020,2020,no,no,prevention of infection caused by all known subtypes of hepatitis B virus in adults 18 years of age and older,prevention of infection caused by all known subtypes of hepatitis B virus in adults 18 years of age and older,Infectious and parasitic diseases,11.03.2019,2019,no,NA
pregabalin-accord-epar-public-assessment-report_en.pdf,EMA/CHMP/282380/2015,EMEA/H/C/004024/0000,Pregabalin Accord,pregabalin,Accord Healthcare Limited,Small molecule,hard capsules,oral,approved,authorised,25.06.2015,2015,no,no,adjunctive therapy in adults with partial seizures with or without secondary generalisation; treatment of Generalised Anxiety Disorder (GAD) in adults,adjunctive therapy in adults with partial seizures with or without secondary generalisation; treatment of Generalised Anxiety Disorder (GAD) in adults,Diseases of the nervous system; Mental and behavioural disorders,31.07.2014,2014,yes,NA
zercepac-epar-public-assessment-report_en.pdf,EMA/327248/2020,EMEA/H/C/005209/0000,Zercepac,trastuzumab,Accord Healthcare S.L.U.,Biologics,powder for concentrate for solution for infusion,intravenous,approved,authorised,28.05.2020,2020,no,no,"Treatment of adult patients with HER2-positive metastatic breast cancer (MBC), early breast cancer (EBC), and metastatic adenocarcinoma of the stomach or gastroesophageal junction.","Treatment of adult patients with HER2-positive metastatic breast cancer (MBC), early breast cancer (EBC), and metastatic adenocarcinoma of the stomach or gastroesophageal junction.",Neoplasms; Diseases of the digestive system,29.05.2019,2019,no,NA
modigraf-epar-public-assessment-report_en.pdf,EMA/306253/2009,EMEA/H/C/000954,Modigraf,tacrolimus,Astellas Pharma Europe B.V.,Biologics,granules for oral suspension,oral,approved,authorised,15.05.2009,2009,no,no,"prophylaxis of transplant rejection (liver, kidney and heart) and treatment of allograft rejection","prophylaxis of transplant rejection in adult and paediatric, kidney, liver or heart allograft recipients. Treatment of allograft rejection resistant to treatment with other immunosuppressive medicinal products in adult and paediatric patients",Diseases of the genitourinary system; Diseases of the digestive system; Diseases of the circulatory system,27.11.2007,2007,yes,Not reported
isentress-epar-scientific-discussion_en.pdf,EMA/000574/2008,EMEA/H/C/000860,ISENTRESS,raltegravir,Merck Sharp & Dohme Ltd,Small molecule,film-coated tablet,oral,conditional marketing authorisation,authorised,09.07.2007,2007,no,no,ISENTRESS is indicated in combination with other anti-retroviral agents for the treatment of human immunodeficiency virus (HIV-1) infection in treatment-experienced patients with evidence of HIV-1 replication despite ongoing antiretroviral therapy.,ISENTRESS is indicated in combination with other anti-retroviral medicinal products for the treatment of human immunodeficiency virus (HIV-1) infection in treatment-experienced adult patients with evidence of HIV-1 replication despite ongoing anti-retroviral therapy.,Infectious and parasitic diseases,Not reported,Not reported,no,NA
tigecycline-accord-epar-public-assessment-report_en.pdf,EMA/140293/2020,EMEA/H/C/005114/0000,Tigecycline Accord,tigecycline,Accord Healthcare S.L.U.,Small molecule,powder for solution for infusion,intravenous,approved,authorised,27.02.2020,2020,no,no,"Complicated skin and soft tissue infections (cSSTI), excluding diabetic foot infections; Complicated intra-abdominal infections (cIAI)","Complicated skin and soft tissue infections (cSSTI), excluding diabetic foot infections; Complicated intra-abdominal infections (cIAI)",Infectious and parasitic diseases,30.07.2018,2018,yes,Not reported
withdrawal-assessment-report-upstelda_en.pdf,EMA/250302/2024,EMEA/H/C/006415/0000,Upstelda,Ustekinumab,Amgen Technology Ireland Unlimited Company,Biologics,solution for injection,subcutaneous,approved,authorised,22.02.2024,2024,no,no,Moderate to severe plaque psoriasis in adult patients and paediatric patients 6 years of age and older; Active psoriatic arthritis in adults; Moderately to severely active Crohn’s disease,Moderate to severe plaque psoriasis in adult patients and paediatric patients 6 years of age and older; Active psoriatic arthritis in adults; Moderately to severely active Crohn’s disease,Diseases of the skin; Diseases of the musculoskeletal system and connective tissue; Diseases of the digestive system,Not reported,Not reported,yes,Not reported
silodosin-recordati-epar-public-assessment-report_en.pdf,Not reported,EMEA/H/C/004964/0000,Silodosin Recordati,silodosin,Recordati Ireland Ltd,Small molecule,"capsule, hard",oral,approved,authorised,15.11.2018,2018,no,no,Treatment of the signs and symptoms of benign prostatic hyperplasia (BPH) in adult men.,Treatment of the signs and symptoms of benign prostatic hyperplasia (BPH) in adult men.,Diseases of the genitourinary system,10.04.2018,2018,yes,Not reported
skysona-epar-public-assessment-report_en.pdf,EMA/332184/2021,EMEA/H/C/003690/0000,Skysona,elivaldogene autotemcel,bluebird bio (Netherlands) B.V,Cell and gene therapy,dispersion for infusion,intravenous,approved,withdrawn,20.05.2021,2021,yes,no,treatment of patients less than 18 years of age with an ABCD1 genetic mutation and early cerebral adrenoleukodystrophy for whom a human leukocyte antigen (HLA)-matched sibling haematopoietic stem cell (HSC) donor is not available,treatment of patients less than 18 years of age with an ABCD1 genetic mutation and early cerebral adrenoleukodystrophy for whom a human leukocyte antigen (HLA)-matched sibling haematopoietic stem cell (HSC) donor is not available,"Endocrine, nutritional, and metabolic diseases; Diseases of the nervous system",10.09.2020,2020,no,NA
zydelig-epar-public-assessment-report_en.pdf,EMA/324336/2014,EMEA/H/C/003843/0000,Zydelig,idelalisib,Gilead Sciences International Ltd,Small molecule,Film-coated tablet,Oral,approved,authorised,24.07.2014,2014,no,no,"Idelalisib is indicated, alone or in combination, for the treatment of patients with relapsed chronic lymphocytic leukaemia (CLL) and for the treatment of patients with refractory indolent non-Hodgkin lymphoma(iNHL).","Zydelig is indicated in combination with rituximab for the treatment of adult patients with chronic lymphocytic leukaemia (CLL): who have received at least one prior therapy, or as first line treatment in the presence of 17p deletion or TP53 mutation in patients unsuitable for chemo-immunotherapy. Zydelig is indicated as monotherapy for the treatment of adult patients with follicular lymphoma (FL) that is refractory to two prior lines of treatment.",Neoplasms; Diseases of the blood and blood-forming organs,28.10.2013,2013,no,NA
methylthioninium-chloride-proveblue-epar-public-assessment-report_en.pdf,EMA/002108/2011,EMEA/H/C/002108,Methylthioninium chloride Proveblue,methylthioninium chloride,Provepharm S.A.S.,Small molecule,solution for injection,intravenous,approved,authorised,06.05.2011,2011,no,yes,Treatment of medicinal and chemical products-induced methaemoglobinaemia,Acute symptomatic treatment of medicinal and chemical products-induced methaemoglobinaemia,Diseases of the blood and blood-forming organs,30.12.2009,2009,yes,CHMP
opdivo-epar-public-assessment-report_en.pdf,EMA/CHMP/76688/2015,EMEA/H/C/003985/0000,OPDIVO,nivolumab,Bristol-Myers Squibb Pharma EEIG,Biologics,Concentrate for solution for infusion,Intravenous,approved,authorised,23.04.2015,2015,no,no,treatment of advanced (unresectable or metastatic) melanoma in adults,treatment of advanced (unresectable or metastatic) melanoma in adults,Neoplasms; Diseases of the skin,02.09.2014,2014,no,NA
leqvio-epar-public-assessment-report_en.pdf,EMA/696912/2020,EMEA/H/C/005333/0000,Leqvio,inclisiran,Novartis Europharm Limited,Small molecule,Solution for injection,Subcutaneous,approved,authorised,15.10.2020,2020,no,no,Hypercholesterolaemia and mixed dyslipidaemia,treatment for primary hypercholesterolaemia or mixed dyslipidaemia,"Endocrine, nutritional, and metabolic diseases; Diseases of the circulatory system",09.01.2020,2020,no,NA
nexavar-epar-scientific-discussion_en.pdf,EMA/000228/2006,EMEA/H/C/000690,Nexavar,sorafenib,Bayer Pharma AG,Small molecule,film-coated tablet,oral,approved,authorised,19.07.2006,2006,no,no,treatment of patients with advanced renal cell carcinoma who have failed prior interferon-alpha or interleukin-2 based therapy or are considered unsuitable for such therapy,treatment of patients with advanced renal cell carcinoma who have failed prior interferon-alpha or interleukin-2 based therapy or are considered unsuitable for such therapy,Neoplasms; Diseases of the genitourinary system,Not reported,Not reported,no,NA
inhixa-epar-public-assessment-report_en.pdf,EMA/536977/2016,EMEA/H/C/004264/0000,Inhixa,Enoxaparin sodium,Techdow Europe AB,Biologics,Solution for injection,"Intraarterial use, Intravenous use, Subcutaneous use",approved,authorised (under additional monitoring),21.07.2016,2016,no,no,"Prophylaxis of venous thromboembolism, Treatment of deep vein thrombosis, Treatment of unstable angina and non-Q-wave myocardial infarction, Treatment of acute ST-segment elevation myocardial infarction, Blood clot prevention in the extracorporeal circulation during haemodialysis","Prophylaxis of venous thromboembolism, Treatment of deep vein thrombosis, Treatment of unstable angina and non-Q-wave myocardial infarction, Treatment of acute ST-segment elevation myocardial infarction, Blood clot prevention in the extracorporeal circulation during haemodialysis",Diseases of the circulatory system,27.05.2015,2015,yes,CHMP
ultibro-breezhaler-epar-public-assessment-report_en.pdf,EMA/CHMP/296722/2013,EMEA/H/C/002679/0000,Ultibro Breezhaler,Indacaterol/glycopyrronium bromide,Novartis Europharm Ltd,Small molecule,"Inhalation powder, hard capsule",Inhalation,approved,authorised,25.07.2013,2013,no,no,Once-daily maintenance bronchodilator treatment to relieve symptoms and reduce exacerbations in adult patients with chronic obstructive pulmonary disease (COPD).,Maintenance bronchodilator treatment to relieve symptoms in adult patients with chronic obstructive pulmonary disease (COPD).,Diseases of the respiratory system,04.10.2012,2012,no,NA
extavia-epar-public-assessment-report_en.pdf,Not reported,EMEA/H/C/933,Extavia,Interferon beta-1b,Novartis Europharm Limited,Biologics,Powder and solvent for solution for injection,Not reported,approved,withdrawn,19.03.2008,2008,no,yes,"Treatment of patients with a single demyelinating event with an active inflammatory process, relapsing-remitting multiple sclerosis, and secondary progressive multiple sclerosis with active disease.","Treatment of patients with a single demyelinating event with an active inflammatory process, relapsing-remitting multiple sclerosis, and secondary progressive multiple sclerosis with active disease.",Diseases of the nervous system,04.10.2007,2007,yes,Not reported
ivabradine-zentiva-epar-public-assessment-report_en.pdf,EMA/73167/2017,EMEA/H/C/004117/0000,Ivabradine Zentiva,ivabradine,"Zentiva, k.s.",Small molecule,film-coated tablet,oral,approved,authorised,15.09.2016,2016,no,no,Symptomatic treatment of chronic stable angina pectoris; Treatment of chronic heart failure,Symptomatic treatment of chronic stable angina pectoris; Treatment of chronic heart failure,Diseases of the circulatory system,04.11.2015,2015,yes,NA
oslif-breezhaler-epar-public-assessment-report_en.pdf,EMA/814964/2009,EMEA/H/C/001210,Oslif Breezhaler,indacaterol,Novartis Europharm Ltd.,Small molecule,inhalation powder,inhalation,approved,authorised,24.09.2009,2009,no,no,maintenance bronchodilator treatment of airflow obstruction in adult patients with chronic obstructive pulmonary disease (COPD),maintenance bronchodilator treatment of airflow obstruction in adult patients with chronic obstructive pulmonary disease (COPD),Diseases of the respiratory system,24.07.2009,2009,no,NA
tafinlar-epar-public-assessment-report_en.pdf,EMA/CHMP/242419/2013,EMEA/H/C/002604/0000,Tafinlar,Dabrafenib,GlaxoSmithKline Trading Services Limited,Small molecule,"Capsule, hard",Oral,approved,authorised,27.06.2013,2013,no,no,Dabrafenib is indicated for the treatment of adult patients with unresectable or metastatic melanoma with a BRAF V600 mutation.,Dabrafenib is indicated in monotherapy for the treatment of adult patients with unresectable or metastatic melanoma with a BRAF V600 mutation.,Neoplasms; Diseases of the skin,24.07.2012,2012,no,NA
factive-withdrawal-assessment-report_en.pdf,Not reported,EMEA/H/C/995,Factive,Gemifloxacin,Menarini International Operations Luxembourg,Small molecule,tablet,oral,withdrawn,withdrawn,19.03.2009,2009,no,no,"Community acquired pneumonia, of mild to moderate severity; Acute Exacerbation of chronic bronchitis; Acute bacterial sinusitis",NA,Infectious and parasitic diseases; Diseases of the respiratory system,Not reported,Not reported,no,NA
duoresp-spiromax-epar-public-assessment-report_en.pdf,Not reported,EMEA/H/C/002348,DuoResp Spiromax,Budesonide / formoterol,Teva Pharma B.V.,Small molecule,Inhalation powder,Inhalation,approved,authorised,20.02.2014,2014,no,no,Asthma; COPD,Asthma; COPD,Diseases of the respiratory system,29.01.2013,2013,yes,Not reported
tritanrix-hepb-epar-scientific-discussion_en.pdf,Not reported,Not reported,Tritanrix HepB,Not reported,GlaxoSmithKline (GSK) Biologicals S.A.,Vaccine,solution for injection,intramuscular,approved,authorised,13.03.1996,1996,no,no,"active immunisation against diphtheria, tetanus, pertussis and hepatitis B in infants from 6 weeks of age onwards","active immunisation against diphtheria, tetanus, pertussis and hepatitis B in infants from 6 weeks of age onwards",Infectious and parasitic diseases,Not reported,Not reported,no,NA
relvar-ellipta-epar-public-assessment-report_en.pdf,EMA/282960/2013,EMEA/H/C/002673/0000,Relvar Ellipta,fluticasone furoate / vilanterol,Glaxo Group Ltd,Small molecule,"Inhalation powder, pre-dispensed",Inhalation,approved,authorised,19.09.2013,2013,no,no,Asthma in adults and adolescents aged 12 years and older; symptomatic treatment of adults with COPD,Asthma in adults and adolescents aged 12 years and older; symptomatic treatment of adults with COPD,Diseases of the respiratory system,26.06.2012,2012,no,NA
cabazitaxel-accord-epar-public-assessment-report_en.pdf,EMA/267872/2020,EMEA/H/C/005178/0000,Cabazitaxel Accord,cabazitaxel,Accord Healthcare S.L.U.,Small molecule,Concentrate for solution for infusion,Intravenous,approved,authorised,30.04.2020,2020,no,no,Treatment of adult patients with metastatic castration resistant prostate cancer previously treated with a docetaxel-containing regimen.,Treatment of adult patients with metastatic castration resistant prostate cancer previously treated with a docetaxel-containing regimen.,Neoplasms,25.03.2019,2019,yes,Not reported
myalepta-epar-public-assessment-report_en.pdf,EMA/435156/2018,EMEA/H/C/004218/0000,Myalepta,metreleptin,Aegerion Pharmaceuticals B.V.,Peptides and proteins,powder for solution for injection,subcutaneous,approved,authorised,31.05.2018,2018,yes,no,"As an adjunct to diet as a replacement therapy to treat the complications of leptin deficiency in patients with congenital or acquired generalised lipodystrophy (LD), in adults and children 2 years of age and above, and in patients with familial or acquired partial LD, characterised by leptin level < 12 ng/ml with triglycerides ≥ 5.65 mmol/l and/or HbA1c ≥ 6.5 %, in adults and children 2 years of age and above.","As a replacement therapy adjunctive to diet to treat the complications of leptin deficiency in lipodystrophy (LD) patients with confirmed congenital generalised LD (Berardinelli-Seip syndrome) or acquired generalised LD (Lawrence syndrome) in adults and children 2 years of age and above, and with confirmed familial partial LD or acquired partial LD (Barraquer-Simons syndrome), in adults and children 12 years of age and above for whom standard treatments have failed to achieve adequate metabolic control.","Endocrine, nutritional, and metabolic diseases",21.12.2016,2016,no,NA
inductos-epar-scientific-discussion_en.pdf,Not reported,Not reported,InductOs,dibotermin alfa,Genetics Institute,Biologics,kit for implant,surgical,approved,authorised,Not reported,Not reported,no,no,"treatment of acute tibia fractures in adults, as an adjunct to standard care using open fracture reduction and intramedullary nail fixation","treatment of acute tibia fractures in adults, as an adjunct to standard care using open fracture reduction and intramedullary nail fixation","Injury, poisoning and certain other consequences of external causes",Not reported,Not reported,no,NA
mercaptopurine-nova-laboratories-epar-public-assessment-report_en.pdf,EMA/CHMP/668488/2011,EMEA/H/C/002022,Mercaptopurine Nova Laboratories,mercaptopurine,Nova Laboratories Ltd.,Small molecule,Oral suspension,Oral,approved,authorised,21.07.2011,2011,yes,no,treatment of acute lymphoblastic leukaemia (ALL),"treatment of acute lymphoblastic leukaemia (ALL) in adults, adolescents and children",Neoplasms; Diseases of the blood and blood-forming organs,02.06.2010,2010,yes,CHMP
omjjara-epar-public-assessment-report_en.pdf,EMA/548646/2023,EMEA/H/C/005768/0000,Omjjara,momelotinib,Glaxosmithkline Trading Services Limited,Small molecule,film-coated tablets,oral,approved,authorised,09.11.2023,2023,yes,no,"treatment of disease-related splenomegaly or symptoms, and anaemia in adult patients with primary myelofibrosis, post polycythaemia vera myelofibrosis or post essential thrombocythaemia myelofibrosis who are Janus Associated Kinase (JAK) inhibitor naïve or have been treated with a JAK inhibitor.","treatment of disease-related splenomegaly or symptoms, and anaemia in adult patients with primary myelofibrosis, post polycythaemia vera myelofibrosis or post essential thrombocythaemia myelofibrosis who are Janus Associated Kinase (JAK) inhibitor naïve or have been treated with a JAK inhibitor.",Neoplasms; Diseases of the blood and blood-forming organs,09.11.2022,2022,no,NA
capecitabine-accord-epar-public-assessment-report_en.pdf,EMA/225644/2012,EMEA/H/C/002386,Capecitabine Accord,capecitabine,Accord Healthcare Ltd,Small molecule,film-coated tablet,oral,approved,authorised,16.02.2012,2012,no,no,Capecitabine is indicated for the adjuvant treatment of patients following surgery of stage III (Dukes’ stage C) colon cancer; treatment of metastatic colorectal cancer; first-line treatment of advanced gastric cancer in combination with a platinum based regimen; treatment of patients with locally advanced or metastatic breast cancer after failure of cytotoxic chemotherapy.,Capecitabine is indicated for the adjuvant treatment of patients following surgery of stage III (Dukes’ stage C) colon cancer; treatment of metastatic colorectal cancer; first-line treatment of advanced gastric cancer in combination with a platinum based regimen; treatment of patients with locally advanced or metastatic breast cancer after failure of cytotoxic chemotherapy.,Neoplasms; Diseases of the digestive system,25.02.2011,2011,yes,Not reported
atriance-epar-scientific-discussion_en.pdf,EMA/000409/2007,EMEA/H/C/000735,Atriance,nelarabine,Glaxo Group Ltd,Small molecule,solution for infusion,intravenous,approved,authorised,22.08.2007,2007,yes,no,Treatment of patients with T-cell acute lymphoblastic leukaemia (T-ALL) and T-cell lymphoblastic lymphoma (T-LBL) whose disease has not responded to or has relapsed following treatment with at least two chemotherapy regimens.,Treatment of patients with T-cell acute lymphoblastic leukaemia (T-ALL) and T-cell lymphoblastic lymphoma (T-LBL) whose disease has not responded to or has relapsed following treatment with at least two chemotherapy regimens.,Neoplasms; Diseases of the blood and blood-forming organs,29.05.2006,2006,no,NA
arepanrix-epar-public-assessment-report_en.pdf,Not reported,EMEA/H/C/001201,Arepanrix,"Pandemic Influenza vaccine (H1N1) (split virion, inactivated, adjuvanted)",GlaxoSmithKline Biologicals S.A.,Vaccine,Suspension for injection,Intramuscular,conditional marketing authorisation,withdrawn,20.01.2010,2010,no,no,Prophylaxis of influenza in an officially declared pandemic situation.,Prophylaxis of influenza in an officially declared pandemic situation.,Infectious and parasitic diseases,18.01.2010,2010,no,NA
tacforius-epar-public-assessment-report_en.pdf,EMA/829470/2017,EMEA/H/C/004435/0000,Tacforius,tacrolimus,Teva B.V.,Small molecule,prolonged-release hard capsules,oral,approved,authorised,12.10.2017,2017,no,no,Prophylaxis of transplant rejection in adult kidney or liver allograft recipients. Treatment of allograft rejection resistant to treatment with other immunosuppressive medicinal products in adult patients.,Prophylaxis of transplant rejection in adult kidney or liver allograft recipients. Treatment of allograft rejection resistant to treatment with other immunosuppressive medicinal products in adult patients.,Diseases of the genitourinary system; Diseases of the digestive system,06.12.2016,2016,yes,Not reported
faslodex-epar-public-assessment-report_en.pdf,Not reported,Not reported,Faslodex,fulvestrant,Not reported,Small molecule,solution for injection,intramuscular,approved,authorised,Not reported,Not reported,no,no,"treatment of postmenopausal women with oestrogen receptor positive, locally advanced or metastatic breast cancer for disease relapse on or after adjuvant antioestrogen therapy or disease progression on therapy with an antioestrogen","treatment of postmenopausal women with oestrogen receptor positive, locally advanced or metastatic breast cancer for disease relapse on or after adjuvant antioestrogen therapy or disease progression on therapy with an antioestrogen",Neoplasms,Not reported,Not reported,no,NA
cabometyx-epar-public-assessment-report_en.pdf,EMA/664123/2016,EMEA/H/C/004163/0000,CABOMETYX,cabozantinib,Ipsen Pharma,Small molecule,Film-coated tablet,Oral,approved,authorised,21.07.2016,2016,yes,yes,treatment of advanced renal cell carcinoma (RCC) in patients who have received one prior therapy,treatment of advanced renal cell carcinoma (RCC) in adults following prior vascular endothelial growth factor (VEGF)-targeted therapy,Neoplasms; Diseases of the genitourinary system,08.01.2016,2016,no,NA
xromi-epar-public-assessment-report_en.pdf,EMA/CHMP/170631/2019,EMEA/H/C/004837/0000,Xromi,hydroxycarbamide,Nova Laboratories Ireland Limited,Small molecule,Oral solution,Oral,approved,authorised,26.04.2019,2019,no,no,"Prevention of complications of Sickle Cell disease including recurrent painful vaso-occlusive crises, dactylitis, acute chest syndrome, anaemia and stroke, in adults, adolescents and children older than 2 years regardless of the severity of disease.",Prevention of vaso-occlusive complications of Sickle Cell disease in patients over 2 years of age.,Diseases of the blood and blood-forming organs,09.02.2018,2018,yes,Not reported
efmody-epar-public-assessment-report_en.pdf,EMA/233437/2021,EMEA/H/C/005105/0000,Efmody,hydrocortisone,Diurnal Europe BV,Small molecule,modified release hard capsules,oral,approved,authorised,25.03.2021,2021,yes,no,Replacement therapy for congenital adrenal hyperplasia (CAH) in adolescents aged 12 years and over and adults.,Treatment of congenital adrenal hyperplasia (CAH) in adolescents aged 12 years and over and adults.,"Endocrine, nutritional, and metabolic diseases",12.12.2019,2019,yes,Not reported
tyenne-epar-public-assessment-report_en.pdf,EMA/365561/2023,EMEA/H/C/005781/0000,Tyenne,tocilizumab,Fresenius Kabi Deutschland GmbH,Biologics,Concentrate for solution for infusion; Solution for injection,Intravenous; Subcutaneous,approved,authorised,20.07.2023,2023,no,no,"Treatment of rheumatoid arthritis, COVID-19, systemic juvenile idiopathic arthritis, juvenile idiopathic polyarthritis, cytokine release syndrome, and giant cell arteritis","Treatment of rheumatoid arthritis, COVID-19, systemic juvenile idiopathic arthritis, juvenile idiopathic polyarthritis, cytokine release syndrome, and giant cell arteritis",Diseases of the musculoskeletal system and connective tissue; Infectious and parasitic diseases; Diseases of the blood and blood-forming organs,22.07.2022,2022,yes,Not reported
uplizna-epar-public-assessment-report_en.pdf,EMA/266309/2022,EMEA/H/C/005818/0000,Uplizna,inebilizumab,Viela Bio,Biologics,concentrate for solution for infusion,intravenous,approved,authorised,11.11.2021,2021,yes,no,treatment of adults with neuromyelitis optica spectrum disorders (NMOSD) to reduce the risk of attacks and associated worsening of disability,treatment of adult patients with neuromyelitis optica spectrum disorders (NMOSD) who are anti-aquaporin-4 immunoglobulin G (AQP4-IgG) seropositive,Diseases of the nervous system,23.11.2020,2020,no,NA
cinqaero-epar-public-assessment-report_en.pdf,EMA/CHMP/481610/2016,EMEA/H/C/003912/0000,CINQAERO,reslizumab,Teva Pharmaceuticals Limited,Biologics,solution for infusion,intravenous,approved,authorised,23.06.2016,2016,no,no,"CINQAERO is indicated to reduce exacerbations, relieve symptoms and improve lung function in adult patients with asthma and elevated blood eosinophils who are inadequately controlled on inhaled corticosteroids","CINQAERO is indicated to reduce exacerbations, relieve symptoms and improve lung function in adult patients with asthma and elevated blood eosinophils who are inadequately controlled on inhaled corticosteroids",Diseases of the respiratory system,30.06.2015,2015,no,NA
herzuma-epar-public-assessment-report_en.pdf,EMA/44005/2018,EMEA/H/C/002575/0000,Herzuma,trastuzumab,Celltrion Healthcare Hungary Kft.,Biologics,powder for concentrate for solution for infusion,intravenous,approved,authorised,14.12.2017,2017,no,no,"Metastatic Breast Cancer, Early Breast Cancer, Metastatic Gastric Cancer","Metastatic Breast Cancer, Early Breast Cancer, Metastatic Gastric Cancer",Neoplasms; Diseases of the digestive system,10.10.2016,2016,no,NA
imatinib-teva-bv-epar-public-assessment-report_en.pdf,EMA/652456/2017,EMEA/H/C/004748/0000,Imatinib Teva B.V.,imatinib,Teva B.V.,Small molecule,film-coated tablet; hard capsule,oral,approved,withdrawn,14.09.2017,2017,no,no,"Treatment of various cancers including CML, ALL, GIST, DFSP, MDS/MPD, HES/CEL","Treatment of various cancers including CML, ALL, GIST, DFSP, MDS/MPD, HES/CEL",Neoplasms; Diseases of the blood and blood-forming organs,05.04.2017,2017,yes,Not reported
mycograb-epar-refusal-public-assessment-report_en.pdf,EMEA/CHMP/273127/2007,EMEA/H/C/658,Mycograb,Efungumab,NeuTec Pharma plc,Biologics,Powder for solution for injection,Intravenous,refused,withdrawn,20.03.2007,2007,yes,no,"Treatment of invasive candidiasis in adult patients, in combination with amphotericin B or a lipid formulation of amphotericin B.",NA,Infectious and parasitic diseases,11.03.2005,2005,no,NA
viramune-epar-scientific-discussion_en.pdf,Not reported,Not reported,Viramune,Nevirapine,Not reported,Small molecule,Tablet,Oral,approved,authorised,22.10.1997,1997,no,no,Antiviral treatment of HIV-1 infected patients with advanced or progressive immunodeficiency,Antiviral treatment of HIV-1 infected patients with advanced or progressive immunodeficiency,Infectious and parasitic diseases,Not reported,Not reported,no,NA
maruxa-epar-public-assessment-report_en.pdf,EMA/293975/2013,EMEA/H/C/002658,Maruxa,Memantine,Krka d.d. Novo mesto,Small molecule,Film-coated tablet,Oral,approved,authorised,17.01.2013,2013,no,no,Treatment of patients with moderate to severe Alzheimer’s disease,Treatment of patients with moderate to severe Alzheimer’s disease,Diseases of the nervous system,30.05.2012,2012,yes,Not reported
revestive-epar-public-assessment-report_en.pdf,EMA/CHMP/525255/2012,EMEA/H/C/002345/,Revestive,teduglutide,Nycomed Danmark ApS,Peptides and proteins,powder and solvent for subcutaneous injection,subcutaneous,approved,authorised,21.06.2012,2012,yes,no,Treatment of Short Bowel Syndrome,Treatment of adult patients with Short Bowel Syndrome,Diseases of the digestive system,03.03.2011,2011,no,NA
vedrop-epar-public-assessment-report_en.pdf,EMA/485798/2009,EMEA/H/C/000920,Vedrop,tocofersolan,Orphan Europe S.A.R.L.,Vitamins,oral solution,oral,approved,authorised,29.05.2009,2009,yes,no,"Vitamin E deficiency due to digestive malabsorption in paediatric patients suffering from cystic fibrosis, congenital chronic cholestasis or hereditary chronic cholestasis.",Vitamin E deficiency due to digestive malabsorption in paediatric patients suffering from congenital chronic cholestasis or hereditary chronic cholestasis.,"Endocrine, nutritional, and metabolic diseases",07.09.2007,2007,no,NA
gefitinib-mylan-epar-public-assessment-report_en.pdf,EMA/587444/2018,EMEA/H/C/004826/0000,Gefitinib Mylan,gefitinib,MYLAN S.A.S.,Small molecule,film-coated tablet,oral,approved,withdrawn,26.07.2018,2018,no,no,Gefitinib Mylan is indicated as monotherapy for the treatment of adult patients with locally advanced or metastatic non-small cell lung cancer (NSCLC) with activating mutations of EGFR-TK.,Gefitinib Mylan is indicated as monotherapy for the treatment of adult patients with locally advanced or metastatic non-small cell lung cancer (NSCLC) with activating mutations of EGFR-TK.,Neoplasms; Diseases of the respiratory system,24.07.2017,2017,yes,NA
repso-epar-public-assessment-report_en.pdf,EMA/79461/2011,EMEA/H/C/001222,Repso,leflunomide,TEVA Pharma B.V.,Small molecule,film-coated tablet,oral,approved,withdrawn,16.12.2010,2010,no,no,active rheumatoid arthritis; active psoriatic arthritis,active rheumatoid arthritis; active psoriatic arthritis,Diseases of the musculoskeletal system and connective tissue,03.09.2009,2009,yes,Not reported
osseor-epar-scientific-discussion_en.pdf,Not reported,Not reported,Osseor,Strontium ranelate,Not reported,Small molecule,Granules for oral suspension,Oral,approved,withdrawn,Not reported,Not reported,no,no,Treatment of postmenopausal osteoporosis to reduce the risk of vertebral and hip fractures,Treatment of postmenopausal osteoporosis to reduce the risk of vertebral and hip fractures,Diseases of the musculoskeletal system and connective tissue,Not reported,Not reported,no,NA
kinpeygo-epar-public-assessment-report_en.pdf,EMA/570757/2022,EMEA/H/C/005653/0000,Kinpeygo,budesonide,Calliditas Therapeutics AB,Small molecule,modified-release hard capsule,oral,approved,authorised,19.05.2022,2022,yes,no,treatment of primary immunoglobulin A (IgA) nephropathy (IgAN) in adults,treatment of primary IgAN in adults at risk of rapid disease progression with a urine protein-to-creatinine ratio (UPCR) ≥1.5 g/g,Diseases of the genitourinary system,28.05.2021,2021,yes,Not reported
ibrance-epar-public-assessment-report_en.pdf,EMA/652627/2016,EMEA/H/C/003853/0000,IBRANCE,palbociclib,Pfizer Limited,Small molecule,hard capsules,oral,approved,authorised,15.09.2016,2016,no,no,"IBRANCE in combination with endocrine therapy is indicated for the treatment of hormone receptor (HR)-positive, human epidermal growth factor receptor 2 (HER2)-negative advanced/metastatic breast cancer: - with letrozole as initial endocrine-based therapy in postmenopausal women - with fulvestrant in women who have received prior therapy","Ibrance is indicated for the treatment of hormone receptor (HR) positive, human epidermal growth factor receptor 2 (HER2)-negative locally advanced or metastatic breast cancer: - in combination with an aromatase inhibitor; - in combination with fulvestrant in women who have received prior endocrine therapy. In pre- or perimenopausal women, the endocrine therapy should be combined with a luteinizing hormone-releasing hormone (LHRH) agonist.",Neoplasms,30.07.2015,2015,no,NA
somakit-toc-epar-public-assessment-report_en.pdf,EMA/734748/2016,EMEA/H/C/004140/0000,SomaKit TOC,edotreotide,Advanced Accelerator Applications,Peptides and proteins,Powder for solution for injection,Intravenous,approved,authorised,13.10.2016,2016,yes,no,"This medicinal product is for diagnostic use only. After reconstitution and radiolabelling with 68-Gallium (68Ga) chloride solution, the solution obtained is indicated in adults for the diagnosis and management of somatostatin receptor bearing gastroenteropancreatic neuroendocrine tumours (GEP-NET), including their localisation, characterisation, staging and restaging through positron emission tomography (PET).","This medicinal product is for diagnostic use only. After radiolabelling with gallium (68Ga) chloride solution, the solution of gallium (68Ga) edotreotide obtained is indicated for Positron Emission Tomography (PET) imaging of somatostatin receptor overexpression in adult patients with confirmed or suspected well-differentiated gastro-enteropancreatic neuroendocrine tumours (GEP-NET) for localizing primary tumours and their metastases.",Neoplasms; Diseases of the digestive system,08.10.2015,2015,yes,Not reported
tavlesse-epar-public-assessment-report_en.pdf,EMA/654949/2019,EMEA/H/C/005012/0000,Tavlesse,fostamatinib,Rigel Pharmaceuticals B.V.,Small molecule,Film-coated tablet,Oral,approved,authorised,14.11.2019,2019,no,no,Treatment of thrombocytopenia in adult patients with chronic or persistent immune thrombocytopenia (ITP) who have had an insufficient response to a previous treatment.,Treatment of chronic immune thrombocytopenia (ITP) in adult patients who are refractory to other treatments.,Diseases of the blood and blood-forming organs,17.09.2018,2018,no,NA
orplatna-withdrawal-assessment-report_en.pdf,Not reported,EMEA/H/C/888,Orplatna,Satraplatin,Spectrum Pharmaceuticals,Small molecule,hard capsules,oral,withdrawn,withdrawn,24.07.2008,2008,no,no,"treatment of patients with metastatic hormone-refractory prostate cancer (HRPC), who have failed prior chemotherapy",NA,Neoplasms,Not reported,Not reported,no,NA
zavicefta-epar-public-assessment-report_en.pdf,EMA/CHMP/377887/2016,EMEA/H/C/004027/0000,Zavicefta,ceftazidime / avibactam,AstraZeneca AB,Small molecule,powder for concentrate for solution for infusion,intravenous,approved,authorised,28.04.2016,2016,no,no,"Complicated Intra-Abdominal Infection (cIAI); Complicated Urinary Tract Infection (cUTI), including pyelonephritis; Nosocomial pneumonia, including ventilator associated pneumonia (VAP); Infections due to aerobic Gram-negative organisms in patients with limited treatment options.","Complicated Intra-Abdominal Infection (cIAI); Complicated Urinary Tract Infection (cUTI), including pyelonephritis; Nosocomial pneumonia, including ventilator associated pneumonia (VAP); Infections due to aerobic Gram-negative organisms in patients with limited treatment options.",Infectious and parasitic diseases,24.03.2015,2015,no,NA
riluzole-zentiva-epar-public-assessment-report_en.pdf,EMA/241210/2012,EMEA/H/C/002622,Riluzole Zentiva,riluzole,Aventis Pharma S.A.,Small molecule,film-coated tablets,oral,approved,authorised,16.02.2012,2012,no,yes,extend life or the time to mechanical ventilation for patients with amyotrophic lateral sclerosis (ALS),extend life or the time to mechanical ventilation for patients with amyotrophic lateral sclerosis (ALS),Diseases of the nervous system,28.11.2011,2011,yes,NA
infanrix-penta-epar-scientific-discussion_en.pdf,Not reported,Not reported,Infanrix penta,Not reported,SB Biologicals,Vaccine,Solution for injection,Intramuscular,Not reported,withdrawn,Not reported,Not reported,no,yes,"Primary and booster vaccination of infants against diphtheria, tetanus, pertussis, hepatitis B and poliomyelitis",NA,Infectious and parasitic diseases,Not reported,Not reported,yes,CPMP
sugammadex-piramal-epar-public-assessment-report_en.pdf,EMA/228402/2023,EMEA/H/C/006083/0000,Sugammadex Piramal,sugammadex,Piramal Critical Care B.V.,Other,solution for injection,intravenous,approved,authorised,26.04.2023,2023,no,no,Reversal of neuromuscular blockade induced by rocuronium or vecuronium in adults. For the paediatric population: sugammadex is only recommended for routine reversal of rocuronium induced blockade in children and adolescents aged 2 to 17 years.,Reversal of neuromuscular blockade induced by rocuronium or vecuronium in adults. For the paediatric population: sugammadex is only recommended for routine reversal of rocuronium induced blockade in children and adolescents aged 2 to 17 years.,Other,27.07.2022,2022,yes,NA
olanzapine-glenmark-europe-epar-public-assessment-report_en.pdf,Not reported,EMEA/H/C/1086,Olanzapine Glenmark Europe,olanzapine,Glenmark Generics (Europe) Ltd.,Small molecule,orodispersible tablets,oral,approved,authorised,24.09.2009,2009,no,no,treatment of schizophrenia; treatment of moderate to severe manic episode; prevention of recurrence in patients with bipolar disorder,treatment of schizophrenia; treatment of moderate to severe manic episode; prevention of recurrence in patients with bipolar disorder,Mental and behavioural disorders,28.10.2008,2008,yes,Not reported
azacitidine-mylan-epar-public-assessment-report_en.pdf,EMA/CHMP/36881/2020,EMEA/H/C/004984/0000,Azacitidine Mylan,azacitidine,Mylan Ireland Limited,Small molecule,powder for suspension for injection,subcutaneous,approved,authorised,30.01.2020,2020,no,no,"Treatment of adult patients not eligible for haematopoietic stem cell transplantation with intermediate-2 and high-risk myelodysplastic syndromes, chronic myelomonocytic leukaemia with 10-29% marrow blasts without myeloproliferative disorder, acute myeloid leukaemia with 20-30% blasts and multi-lineage dysplasia, AML with >30% marrow blasts","Treatment of adult patients not eligible for haematopoietic stem cell transplantation with intermediate-2 and high-risk myelodysplastic syndromes, chronic myelomonocytic leukaemia with 10-29% marrow blasts without myeloproliferative disorder, acute myeloid leukaemia with 20-30% blasts and multi-lineage dysplasia, AML with >30% marrow blasts",Neoplasms; Diseases of the blood and blood-forming organs,08.03.2019,2019,yes,CHMP
amgevita-epar-public-assessment-report_en.pdf,EMA/106922/2017,EMEA/H/C/004212/0000,AMGEVITA,adalimumab,Amgen Europe B.V.,Biologics,solution for injection,subcutaneous,approved,authorised,26.01.2017,2017,no,no,Rheumatoid arthritis; Juvenile idiopathic arthritis; Axial spondyloarthritis; Psoriatic arthritis; Psoriasis; Hidradenitis suppurativa; Crohn’s disease; Ulcerative colitis; Uveitis,Rheumatoid arthritis; Juvenile idiopathic arthritis; Axial spondyloarthritis; Psoriatic arthritis; Psoriasis; Hidradenitis suppurativa; Crohn’s disease; Ulcerative colitis; Uveitis,Diseases of the musculoskeletal system and connective tissue; Diseases of the skin; Diseases of the digestive system; Diseases of the eye and adnexa,03.12.2015,2015,no,NA
entecavir-mylan-epar-public-assessment-report_en.pdf,EMA/555410/2017,EMEA/H/C/004377/0000,Entecavir Mylan,entecavir,Mylan S.A.S,Small molecule,film-coated tablet,oral,approved,authorised,20.07.2017,2017,no,no,treatment of chronic hepatitis B virus (HBV) infection,treatment of chronic hepatitis B virus (HBV) infection,Infectious and parasitic diseases,29.06.2016,2016,yes,Not reported
siklos-epar-scientific-discussion_en.pdf,EMA/000395/2007,EMEA/H/C/000689,Siklos,hydroxycarbamide,OTL Pharma,Small molecule,film-coated tablet,oral,approved,authorised,Not reported,2007,yes,no,prevention of recurrent painful vaso-occlusive crises including acute chest syndrome in paediatric and adult patients suffering from symptomatic Sickle Cell Syndrome,prevention of recurrent painful vaso-occlusive crises including acute chest syndrome in paediatric and adult patients suffering from symptomatic Sickle Cell Syndrome,Diseases of the blood and blood-forming organs,Not reported,Not reported,yes,Not reported
ilumetri-epar-public-assessment-report_en.pdf,EMA/CHMP/664213/2018,EMEA/H/C/004514/0000,Ilumetri,tildrakizumab,Almirall S.A,Biologics,solution for injection,subcutaneous,approved,authorised,26.07.2018,2018,no,no,treatment of adults with moderate-to-severe plaque psoriasis who are candidates for systemic therapy,treatment of adults with moderate-to-severe plaque psoriasis who are candidates for systemic therapy,Diseases of the skin,06.03.2017,2017,no,NA
lynparza-epar-public-assessment-report_en.pdf,EMA/789139/2014,EMEA/H/C/003726/0000,Lynparza,Olaparib,AstraZeneca AB,Small molecule,"Capsule, hard",Oral,approved,authorised,23.10.2014,2014,yes,no,Monotherapy for the maintenance treatment of adult patients with platinum-sensitive relapsed BRCA-mutated ovarian cancer (including fallopian tube or primary peritoneal) who are in response to platinum-based chemotherapy.,"Monotherapy for the maintenance treatment of adult patients with platinum sensitive relapsed BRCA mutated (germline and/or somatic) high grade serous epithelial ovarian, fallopian tube, or primary peritoneal cancer who are in response to platinum-based chemotherapy.",Neoplasms; Diseases of the genitourinary system,03.09.2013,2013,no,NA
quviviq-epar-public-assessment-report_en.pdf,EMA/187589/2022,EMEA/H/C/005634/0000,QUVIVIQ,daridorexant,Idorsia Pharmaceuticals Deutschland GmbH,Small molecule,film-coated tablet,oral,approved,authorised,24.02.2022,2022,no,no,treatment of adult patients with insomnia to improve sleep and daytime functioning,treatment of adult patients with insomnia to improve sleep and daytime functioning,Mental and behavioural disorders,02.03.2021,2021,no,NA
rivastigmine-sandoz-epar-public-assessment-report_en.pdf,Not reported,EMEA/H/C/001183,Rivastigmine Sandoz,rivastigmine,Sandoz Pharmaceuticals GmbH,Small molecule,hard capsules; oral solution,oral,approved,authorised,24.09.2009,2009,no,yes,Symptomatic treatment of mild to moderately severe Alzheimer’s dementia (AD). Symptomatic treatment of mild to moderately severe dementia in patients with idiopathic Parkinson’s disease (PPD).,Symptomatic treatment of mild to moderately severe Alzheimer’s dementia. Symptomatic treatment of mild to moderately severe dementia in patients with idiopathic Parkinson’s disease.,Diseases of the nervous system,07.05.2009,2009,yes,Not reported
volibris-epar-public-assessment-report_en.pdf,EMA/123999/2008,EMEA/H/C/000839,Volibris,ambrisentan,Glaxo Group Limited,Small molecule,film-coated tablet,oral,approved,authorised,21.04.2008,2008,yes,no,treatment of pulmonary arterial hypertension (PAH),"treatment of patients with pulmonary arterial hypertension (PAH) classified as WHO functional class II and III, to improve exercise capacity",Diseases of the circulatory system,02.03.2007,2007,no,NA
desloratadine-teva-epar-public-assessment-report_en.pdf,EMA/654268/2011,EMEA/H/C/002419,Desloratadine Teva,desloratadine,Teva Pharma B.V.,Small molecule,film-coated tablet,oral,approved,authorised,22.09.2011,2011,no,no,relief of symptoms associated with allergic rhinitis and urticaria,relief of symptoms associated with allergic rhinitis and urticaria,Diseases of the respiratory system; Diseases of the skin,24.01.2011,2011,yes,Not reported
withdrawal-assessment-report-garsun-artesunate_en.pdf,EMA/48303/2023,EMEA/H/C/005718/0000,Garsun,artesunate,B and O Pharm,Small molecule,sterile powder for constitution,intravenous,withdrawn,withdrawn,27.01.2022,2022,yes,no,Treatment of severe malaria caused by Plasmodium falciparum in adults and children,NA,Infectious and parasitic diseases,Not reported,Not reported,yes,Not reported
natpar-epar-public-assessment-report_en.pdf,EMA/180882/2017,EMEA/H/C/003861/0000,Natpar,parathyroid hormone,Shire Pharmaceuticals Ireland Limited,Peptides and proteins,powder and solvent for solution for injection,subcutaneous,approved,authorised,23.02.2017,2017,yes,yes,Replacement for endogenous parathyroid hormone (1-84) indicated for the long-term treatment of adult patients with hypoparathyroidism.,Replacement for endogenous parathyroid hormone (1-84) indicated for the long-term treatment of adult patients with hypoparathyroidism.,"Endocrine, nutritional, and metabolic diseases",05.11.2014,2014,no,NA
ontozry-epar-public-assessment-report_en.pdf,EMA/CHMP/160820/2021,EMEA/H/C/005377/0000,Ontozry,cenobamate,Arvelle Therapeutics Netherlands B.V.,Small molecule,tablet,oral,approved,authorised,28.01.2021,2021,no,no,Adjunctive treatment of focal-onset seizures with or without secondary generalisation in adult patients with epilepsy who have not been adequately controlled despite a history of treatment with at least 2 anti-epileptic medicinal products.,Adjunctive treatment of focal-onset seizures with or without secondary generalisation in adult patients with epilepsy who have not been adequately controlled despite a history of treatment with at least 2 anti-epileptic medicinal products.,Diseases of the nervous system,09.03.2020,2020,no,NA
yuvanci-epar-public-assessment-report_en.pdf,EMA/394771/2024,EMEA/H/C/005001/0000,YUVANCI,Macitentan / Tadalafil,Janssen-Cilag International N.V.,Small molecule,film-coated tablet,oral,approved,authorised,25.07.2024,2024,no,no,Long-term treatment of pulmonary arterial hypertension (PAH) in adult patients of WHO Functional Class (FC) II to III who are treatment-naïve to any PAH specific therapy; on treatment with macitentan or tadalafil; already treated with the combination of macitentan and tadalafil as separate tablets.,Long-term treatment of pulmonary arterial hypertension (PAH) in adult patients of WHO Functional Class (FC) II to III who are already treated with the combination of macitentan and tadalafil given concurrently as separate tablets.,Diseases of the circulatory system,22.06.2023,2023,yes,Not reported
dimherity-withdrawal-assessment-report_en.pdf,Not reported,EMEA/H/C/006042/0000,Dimherity,dimethyl fumarate,Not reported,Small molecule,"gastro-resistant capsule, hard",oral,withdrawn,withdrawn,22.02.2022,2022,no,no,treatment of relapsing remitting multiple sclerosis in adult patients,NA,Diseases of the nervous system,Not reported,Not reported,yes,Not reported
imuldosa-epar-public-assessment-report_en.pdf,EMA/592044/2024,EMEA/H/C/006221/0000,Imuldosa,ustekinumab,Accord Healthcare S.L.U.,Biologics,solution for injection,subcutaneous,approved,authorised,17.10.2024,2024,no,no,Plaque psoriasis; Paediatric plaque psoriasis; Psoriatic arthritis; Crohn’s Disease; Ulcerative colitis,Plaque psoriasis; Paediatric plaque psoriasis; Psoriatic arthritis; Crohn’s Disease,Diseases of the skin; Diseases of the musculoskeletal system and connective tissue; Diseases of the digestive system,26.06.2023,2023,yes,Not reported
sogroya-epar-public-assessment-report_en.pdf,EMA/95144/2021,EMEA/H/C/005030/0000,Sogroya,somapacitan,Novo Nordisk A/S,Peptides and proteins,solution for injection,subcutaneous,approved,authorised,28.01.2021,2021,yes,no,Replacement of endogenous growth hormone (GH) in adults with growth hormone deficiency (AGHD),Replacement of endogenous growth hormone (GH) in adults with growth hormone deficiency (AGHD),"Endocrine, nutritional, and metabolic diseases",11.09.2019,2019,no,NA
sylvant-epar-public-assessment-report_en.pdf,EMA/CHMP/258608/2014,EMEA/H/C/003708/0000,SYLVANT,SILTUXIMAB,Janssen-Cilag International NV,Biologics,Powder for concentrate for solution for infusion,Intravenous,approved,authorised,20.03.2014,2014,yes,no,Treatment of patients with multicentric Castleman’s disease (MCD) who are human immunodeficiency virus (HIV)-negative and human herpesvirus-8 (HHV-8)-negative.,Treatment of adult patients with multicentric Castleman’s disease (MCD) who are human immunodeficiency virus (HIV) negative and human herpesvirus-8 (HHV-8) negative.,Neoplasms; Diseases of the blood and blood-forming organs,29.08.2013,2013,no,NA
zontivity-epar-public-assessment-report_en.pdf,EMA/CHMP/85159/2015,EMEA/H/C/002814/0000,Zontivity,Vorapaxar,Merck Sharp & Dohme Limited,Small molecule,film-coated tablet,oral,approved,withdrawn,20.11.2014,2014,no,no,Reduction of atherothrombotic events in patients with a history of myocardial infarction (MI).,Reduction of atherothrombotic events in adult patients with a history of myocardial infarction (MI).,Diseases of the circulatory system,28.11.2013,2013,no,NA
lunivia-withdrawal-assessment-report_en.pdf,Not reported,EMEA/H/C/000895,Lunivia,eszopiclone,"Sepracor Pharmaceuticals, Ltd.",Small molecule,film coated tablets,oral,withdrawn,withdrawn,Not reported,Not reported,no,no,treatment of insomnia,NA,Mental and behavioural disorders,23.07.2007,2007,no,NA
ramvocid-withdrawal-assessment-report_en.pdf,EMA/571673/2009,EMEA/H/C/1025,Ramvocid,Oritavancin,Not reported,Biologics,Lyophilised powder for solution for infusion,Intravenous,withdrawn,withdrawn,22.12.2009,2009,no,no,Treatment of complicated skin and soft tissue infections (cSSTI) caused by susceptible isolates of gram-positive microorganisms,NA,Infectious and parasitic diseases; Diseases of the skin,Not reported,Not reported,no,NA
arsenic-trioxide-medac-epar-public-assessment-report_en.pdf,EMA/411838/2020,EMEA/H/C/005218/0000,Arsenic trioxide medac,arsenic trioxide,medac Gesellschaft für klinische Spezialpräparate mbH,Small molecule,Concentrate for solution for infusion,Intravenous,approved,authorised,23.07.2020,2020,no,no,"Induction of remission, and consolidation in adult patients with newly diagnosed low-to-intermediate risk acute promyelocytic leukaemia (APL) in combination with all-trans-retinoic acid (ATRA); Relapsed/refractory APL characterised by the presence of the t(15;17) translocation and/or the presence of the Pro-Myelocytic Leukaemia/Retinoic-Acid-Receptor-alpha (PML/RAR-alpha) gene.","Induction of remission, and consolidation in adult patients with newly diagnosed low-to-intermediate risk acute promyelocytic leukaemia (APL) in combination with all-trans-retinoic acid (ATRA); Relapsed/refractory APL characterised by the presence of the t(15;17) translocation and/or the presence of the Pro-Myelocytic Leukaemia/Retinoic-Acid-Receptor-alpha (PML/RAR-alpha) gene.",Neoplasms; Diseases of the blood and blood-forming organs,26.07.2019,2019,yes,Not reported
fluenz-epar-public-assessment-report_en.pdf,EMA/789489/2010,EMEA/H/C/001101,FLUENZ,"influenza vaccine (live attenuated, nasal)","Medimmune, LLC",Vaccine,nasal spray,nasal,approved,withdrawn,21.10.2010,2010,no,no,Prophylaxis of influenza in individuals 12 months of age and older,Prophylaxis of influenza in individuals 12 months of age and older,Infectious and parasitic diseases,26.11.2008,2008,no,NA
velcade-epar-scientific-discussion_en.pdf,EMA/000327/2004,EMEA/H/C/000327,Velcade,Bortezomib,"Millennium Pharmaceuticals, Inc.",Small molecule,Lyophilized powder for solution for injection,Intravenous,approved,authorised,26.04.2004,2004,no,no,Treatment of patients with multiple myeloma who have received at least two prior therapies and have demonstrated disease progression on the last therapy.,Treatment of patients with multiple myeloma who have received at least two prior therapies and have demonstrated disease progression on the last therapy.,Neoplasms; Diseases of the blood and blood-forming organs,Not reported,Not reported,no,NA
orgalutran-epar-scientific-discussion_en.pdf,Not reported,Not reported,Orgalutran,Ganirelix,Not reported,Peptides and proteins,solution for subcutaneous injection,subcutaneous,approved,authorised,Not reported,Not reported,no,no,prevention of premature luteinising hormone (LH) surges in women undergoing controlled ovarian hyperstimulation (COH) for assisted reproduction techniques (ART),prevention of premature luteinising hormone (LH) surges in women undergoing controlled ovarian hyperstimulation (COH) for assisted reproduction techniques (ART),"Endocrine, nutritional, and metabolic diseases; Pregnancy and childbirth",Not reported,Not reported,no,NA
asimtufii-withdrawal-assessment-report_en.pdf,EMA/231170/2023,EMEA/H/C/005929/0000,Asimtufii,aripiprazole,Otsuka Pharmaceutical Netherlands B.V.,Small molecule,prolonged-release suspension for injection,intramuscular,refused,NA,Not reported,Not reported,no,no,maintenance treatment of schizophrenia in adult patients stabilised with aripiprazole,NA,Mental and behavioural disorders,Not reported,Not reported,no,NA
insulin-human-rapid-marvel-withdrawal-assessment-report_en.pdf,Not reported,EMEA/H/C/845,Insulin Human Rapid Marvel,Soluble Insulin Injection,Marvel LifeSciences Ltd,Biologics,solution for injection,subcutaneous,withdrawn,withdrawn,21.02.2008,2008,no,no,the treatment of patients with diabetes mellitus who require insulin for the maintenance of glucose homeostasis and for the initial control of diabetes mellitus and diabetes mellitus in pregnancy,NA,"Endocrine, nutritional, and metabolic diseases",Not reported,Not reported,no,NA
ebglyss-epar-public-assessment-report_en.pdf,EMA/453942/2023,EMEA/H/C/005894/0000,Ebglyss,Lebrikizumab,"Almirall, S.A.",Biologics,solution for injection,subcutaneous,approved,authorised,14.09.2023,2023,no,no,treatment of moderate-to-severe atopic dermatitis in adults and adolescents 12 years of age and older who are candidates for systemic therapy,treatment of moderate-to-severe atopic dermatitis in adults and adolescents 12 years of age and older who are candidates for systemic therapy,Diseases of the skin,05.10.2022,2022,no,NA
esbriet-epar-public-assessment-report_en.pdf,EMA/CHMP/115147/2011,EMEA/H/C/002154,Esbriet,pirfenidone,InterMune Europe Ltd.,Small molecule,hard capsule,oral,approved,authorised,16.12.2010,2010,yes,no,Treatment of Idiopathic Pulmonary Fibrosis (IPF),Treatment of mild to moderate Idiopathic Pulmonary Fibrosis (IPF) in adults,Diseases of the respiratory system,26.02.2010,2010,no,NA
twynsta-epar-public-assessment-report_en.pdf,EMA/576613/2010,EMEA/H/C/001224,TWYNSTA,telmisartan / amlodipine,Boehringer Ingelheim International GmbH,Small molecule,tablet,oral,approved,authorised,22.07.2010,2010,no,no,Treatment of essential hypertension in adults,Add on therapy: TWYNSTA is indicated in adults whose blood pressure is not adequately controlled on amlodipine. Replacement therapy: Adult patients receiving telmisartan and amlodipine from separate tablets can instead receive tablets of TWYNSTA containing the same component doses.,Diseases of the circulatory system,03.09.2009,2009,yes,Not reported
fulphila-public-assessment-report_en.pdf,EMA/724003/2018,EMEA/H/C/004915/0000,Fulphila,pegfilgrastim,MYLAN S.A.S,Biologics,solution for injection,subcutaneous,approved,authorised,20.09.2018,2018,no,no,reduction in the duration of neutropenia and the incidence of febrile neutropenia in adult patients treated with cytotoxic chemotherapy for malignancy (with the exception of chronic myeloid leukaemia and myelodysplastic syndromes),reduction in the duration of neutropenia and the incidence of febrile neutropenia in adult patients treated with cytotoxic chemotherapy for malignancy (with the exception of chronic myeloid leukaemia and myelodysplastic syndromes),Neoplasms; Diseases of the blood and blood-forming organs,03.11.2017,2017,no,NA
liumjev-epar-public-assessment-report_en.pdf,EMA/86760/2020,EMEA/H/C/005037/0000,Liumjev,insulin lispro,Eli Lilly Nederland B.V.,Peptides and proteins,solution for injection,subcutaneous,approved,authorised,30.01.2020,2020,no,yes,Treatment of diabetes mellitus in adults,Treatment of diabetes mellitus in adults,"Endocrine, nutritional, and metabolic diseases",08.03.2019,2019,no,NA
opdualag-epar-public-assessment-report_en.pdf,EMA/720884/2022,EMEA/H/C/005481/0000,Opdualag,nivolumab / relatlimab,Bristol-Myers Squibb Pharma EEIG,Biologics,concentrate for solution for infusion,intravenous,approved,authorised,21.07.2022,2022,no,no,first-line treatment of advanced (unresectable or metastatic) melanoma in adults and adolescents (12 years and older and weighing at least 40 kg),first line treatment of advanced (unresectable or metastatic) melanoma in adults and adolescents 12 years of age and older with tumour cell PD L1 expression < 1%,Neoplasms; Diseases of the skin,10.09.2021,2021,no,NA
ibandronic-acid-hexal-withdrawal-assessment-report_en.pdf,EMA/CHMP/90168/2011,EMEA/H/C/002366,Ibandronic Acid Hexal,ibandronic acid,Hexal,Small molecule,film-coated tablets,oral,withdrawn,withdrawn,17.02.2011,2011,no,no,"prevention of skeletal events (pathological fractures, bone complications requiring radiotherapy or surgery) in patients with breast cancer and bone metastases",NA,Neoplasms; Diseases of the musculoskeletal system and connective tissue,06.12.2010,2010,yes,NA
eksunbi-epar-public-assessment-report_en.pdf,EMA/371773/2024,EMEA/H/C/006448/0000,Eksunbi,ustekinumab,Samsung Bioepis NL B.V.,Biologics,Concentrate for solution for infusion; Solution for injection,"Subcutaneous use, Intravenous use",approved,authorised,25.07.2024,2024,no,no,Plaque psoriasis; Paediatric plaque psoriasis; Psoriatic arthritis; Crohn’s Disease; Ulcerative colitis,Plaque psoriasis; Paediatric plaque psoriasis; Psoriatic arthritis; Crohn’s Disease; Ulcerative colitis,Diseases of the skin; Diseases of the musculoskeletal system and connective tissue; Diseases of the digestive system,01.05.2024,2024,no,NA
cubicin-epar-scientific-discussion_en.pdf,EMA/000202/2006,EMEA/H/C/000637,CUBICIN,daptomycin,Cubist Pharmaceuticals,Peptides and proteins,powder for concentrate for solution for infusion,intravenous,approved,authorised,19.01.2006,2006,no,no,treatment of complicated skin and soft-tissue infections in adults,treatment of complicated skin and soft-tissue infections in adults,Infectious and parasitic diseases; Diseases of the skin,Not reported,Not reported,no,NA
rasilez-hct-epar-public-assessment-report_en.pdf,Not reported,EMEA/H/C/000964,Rasilez HCT,aliskiren hemifumarate / hydrochlorothiazide,Novartis Europharm Ltd.,Small molecule,film-coated tablet,oral,approved,withdrawn,20.11.2008,2008,no,no,Treatment of essential hypertension,Treatment of essential hypertension in adults,Diseases of the circulatory system,06.12.2007,2007,no,NA
ariclaim-epar-scientific-discussion_en.pdf,Not reported,Not reported,Ariclaim,duloxetine hydrochloride,Boehringer Ingelheim International GmbH,Small molecule,hard gastro-resistant capsules,oral,approved,withdrawn,Not reported,Not reported,no,no,treatment of stress urinary incontinence (SUI),treatment of stress urinary incontinence (SUI),Diseases of the genitourinary system,Not reported,Not reported,no,NA
cerepro-withdrawal-assessment-report_en.pdf,Not reported,EMEA/H/C/694,Cerepro,adenovirus-mediated Herpes Simplex Virus-thymidine kinase gene,Ark Therapeutics Ltd.,Cell and gene therapy,concentrate for solution for injection,intracerebral,withdrawn,withdrawn,26.04.2007,2007,yes,no,Cerepro is indicated for use in conjunction with ganciclovir sodium for the treatment of patients with operable high-grade glioma.,NA,Neoplasms; Diseases of the nervous system,04.10.2005,2005,no,NA
endolucinbeta-epar-public-assessment-report_en.pdf,EMA/CHMP/404078/2016,EMEA/H/C/003999/0000,EndolucinBeta,lutetium (177 Lu) chloride,ITG Isotope Technologies Garching GmbH,Other,solution,Not reported,approved,authorised (under additional monitoring),28.04.2016,2016,no,no,"To be used only for the radiolabelling of carrier molecules, which have been specifically developed for radiolabelling with this radionuclide. Radiopharmaceutical precursor - Not intended for direct use in patients.","To be used only for the radiolabelling of carrier molecules, which have been specifically developed for radiolabelling with this radionuclide. Radiopharmaceutical precursor - Not intended for direct use in patients.",Neoplasms,28.04.2015,2015,yes,Not reported
atripla-epar-scientific-discussion_en.pdf,Not reported,Not reported,Atripla,"efavirenz, emtricitabine, and tenofovir disoproxil fumarate",Not reported,Small molecule,film-coated tablet,oral,withdrawn,withdrawn,Not reported,Not reported,no,no,"Atripla is a fixed-dose combination of efavirenz, emtricitabine and tenofovir disoproxil fumarate. It is indicated for use alone as a single tablet regimen or in combination with other antiretroviral agents for the treatment of human immunodeficiency virus-1 (HIV-1) infection in adults.","Atripla is a fixed-dose combination of efavirenz, emtricitabine and tenofovir disoproxil fumarate. It is indicated for the treatment of human immunodeficiency virus-1 (HIV-1) infection in adults with virologic suppression to HIV-1 RNA levels of < 50 copies/ml on their current combination antiretroviral therapy for more than three months.",Infectious and parasitic diseases,Not reported,Not reported,yes,CHMP
cancidas-epar-scientific-discussion_en.pdf,Not reported,Not reported,Cancidas,Caspofungin,Not reported,Peptides and proteins,Powder for solution for infusion,Intravenous,approved,authorised,Not reported,Not reported,Not reported,no,"Treatment of invasive aspergillosis in adult patients who are refractory to or intolerant of amphotericin B, lipid formulations of amphotericin B and/or itraconazole.","Treatment of invasive aspergillosis in adult patients who are refractory to or intolerant of amphotericin B, lipid formulations of amphotericin B and/or itraconazole.",Infectious and parasitic diseases,Not reported,Not reported,no,NA
brimica-genuair-epar-public-assessment-report_en.pdf,EMA/717942/2014,EMEA/H/C/003969/0000,Brimica Genuair,Aclidinium bromide/Formoterol fumarate dihydrate,Almirall S.A,Small molecule,Inhalation powder,Inhalation,approved,authorised,25.09.2014,2014,no,no,Maintenance bronchodilator treatment for airflow obstruction and relief of symptoms in adult patients with chronic obstructive pulmonary disease (COPD).,Maintenance bronchodilator treatment for airflow obstruction and relief of symptoms in adult patients with chronic obstructive pulmonary disease (COPD).,Diseases of the respiratory system,05.02.2014,2014,no,NA
hyrimoz-epar-public-assessment-report_en.pdf,EMA/CHMP/404076/2018,EMEA/H/C/004320/0000,Hyrimoz,adalimumab,Sandoz GmbH,Biologics,solution for injection,subcutaneous,approved,authorised,31.05.2018,2018,no,no,Rheumatoid arthritis; Juvenile idiopathic arthritis; Enthesitis-related arthritis; Ankylosing spondylitis; Axial spondyloarthritis without radiographic evidence of AS; Psoriatic arthritis; Psoriasis; Paediatric plaque psoriasis; Hidradenitis suppurativa; Crohn’s disease; Paediatric Crohn's disease; Ulcerative colitis; Uveitis; Paediatric uveitis,Rheumatoid arthritis; Juvenile idiopathic arthritis; Enthesitis-related arthritis; Ankylosing spondylitis; Axial spondyloarthritis without radiographic evidence of AS; Psoriatic arthritis; Psoriasis; Paediatric plaque psoriasis; Hidradenitis suppurativa; Crohn’s disease; Paediatric Crohn's disease; Ulcerative colitis; Uveitis; Paediatric uveitis,Diseases of the musculoskeletal system and connective tissue; Diseases of the skin; Diseases of the digestive system; Diseases of the eye and adnexa,24.04.2017,2017,no,NA
entresto-epar-public-assessment-report_en.pdf,EMA/671279/2015,EMEA/H/C/004062/0000,Entresto,SACUBITRIL / VALSARTAN,Novartis Europharm Ltd,Small molecule,film-coated tablets,oral,approved,authorised,23.09.2015,2015,no,no,treatment of heart failure (NYHA class II-IV) in patients with systolic dysfunction,treatment of symptomatic chronic heart failure with reduced ejection fraction,Diseases of the circulatory system,16.12.2014,2014,no,NA
enviage-epar-scientific-discussion_en.pdf,EMA/000000/2007,EMEA/H/C/000000,Enviage,aliskiren,Not reported,Small molecule,film-coated tablet,oral,withdrawn,withdrawn,Not reported,2007,no,no,Treatment of essential hypertension,NA,Diseases of the circulatory system,Not reported,Not reported,no,NA
prandin-epar-scientific-discussion_en.pdf,Not reported,Not reported,Prandin,Repaglinide,Novo Nordisk A/S,Small molecule,tablet,oral,approved,authorised,Not reported,Not reported,no,no,Treatment of Type 2 diabetes mellitus,Treatment of Type 2 diabetes mellitus,"Endocrine, nutritional, and metabolic diseases",Not reported,Not reported,yes,Novo Nordisk A/S
enjaymo-epar-public-assessment-report_en.pdf,EMA/863061/2022,EMEA/H/C/005776/0000,Enjaymo,sutimlimab,Genzyme Europe BV,Biologics,solution for infusion,intravenous,approved,authorised,15.09.2022,2022,yes,no,Treatment of haemolysis in adult patients with cold agglutinin disease (CAD),Treatment of haemolysis in adult patients with cold agglutinin disease (CAD),Diseases of the blood and blood-forming organs,08.10.2021,2021,no,NA
evra-epar-scientific-discussion_en.pdf,Not reported,Not reported,Evra,ethinyl estradiol and norelgestromin,Not reported,Peptides and proteins,transdermal patch,transdermal,approved,authorised,30.05.2002,2002,no,no,Female contraception,Female contraception,Pregnancy and childbirth,Not reported,Not reported,yes,Not reported
gencebok-epar-public-assessment-report_en.pdf,EMA/372967/2020,EMEA/H/C/005435/0000,Gencebok,caffeine citrate,Gennisium Pharma,Small molecule,solution for infusion,intravenous; oral,approved,authorised,25.06.2020,2020,no,no,Treatment of primary apnoea of premature newborns,Treatment of primary apnoea of premature newborns,Diseases of the respiratory system,12.10.2019,2019,yes,Not reported
heplisav-withdrawal-assessment-report_en.pdf,EMA/186212/2014,EMEA/H/C/002603/0000,HEPLISAV,"Hepatitis B vaccine (rDNA, adjuvanted)",Dynavax,Vaccine,solution for injection,intramuscular,withdrawn,withdrawn,20.02.2014,2014,no,no,prevention of hepatitis B virus infection,NA,Infectious and parasitic diseases,Not reported,Not reported,no,NA
incresync-epar-public-assessment-report_en.pdf,EMA/208477/2013,EMEA/H/C/002178/0000,Incresync,alogliptin / pioglitazone,Takeda Pharma A/S,Small molecule,film-coated tablet,oral,approved,authorised,25.07.2013,2013,no,no,To improve glycaemic control in adult patients with type 2 diabetes mellitus,To improve glycaemic control in adult patients with type 2 diabetes mellitus,"Endocrine, nutritional, and metabolic diseases",30.05.2012,2012,no,NA
daliresp-epar-public-assessment-report_en.pdf,EMA/43726/2011,EMEA/H/C/002398,Daliresp,roflumilast,Nycomed GmbH,Small molecule,film-coated tablet,oral,approved,withdrawn,16.12.2010,2010,no,yes,treatment of chronic obstructive pulmonary disease (COPD),maintenance treatment of severe chronic obstructive pulmonary disease (COPD) associated with chronic bronchitis in adult patients with a history of frequent exacerbations as add on to bronchodilator treatment,Diseases of the respiratory system,30.09.2010,2010,yes,Not reported
myfenax-epar-public-assessment-report_en.pdf,Not reported,EMEA/H/C/884,Myfenax,Mycophenolate mofetil,Teva Pharma B.V.,Small molecule,film coated tablet and capsule,oral,approved,authorised,21.02.2008,2008,no,no,"prophylaxis of acute transplant rejection in patients receiving allogeneic renal, cardiac or hepatic transplants","prophylaxis of acute transplant rejection in patients receiving allogeneic renal, cardiac or hepatic transplants",Diseases of the genitourinary system; Diseases of the circulatory system; Diseases of the digestive system,16.06.2007,2007,yes,Not reported
puregon-epar-scientific-discussion_en.pdf,Not reported,Not reported,Puregon,follitropin beta,Not reported,Biologics,powder for solution for injection,intramuscular or subcutaneous,approved,authorised,Not reported,Not reported,no,yes,Treatment of female infertility and deficient spermatogenesis in males,Treatment of female infertility and deficient spermatogenesis in males,Diseases of the genitourinary system,Not reported,Not reported,no,NA
saphnelo-epar-public-assessment-report_en.pdf,EMA/4079/2022,EMEA/H/C/004975/0000,Saphnelo,anifrolumab,AstraZeneca AB,Biologics,concentrate for solution for infusion,intravenous,approved,authorised,16.12.2021,2021,no,no,"add-on therapy for the treatment of adult patients with moderate to severe systemic lupus erythematosus (SLE), despite standard therapy","add-on therapy for the treatment of adult patients with moderate to severe systemic lupus erythematosus (SLE), despite standard therapy",Diseases of the musculoskeletal system and connective tissue,08.10.2020,2020,no,NA
palonosetron-hospira-epar-public-assessment-report_en.pdf,EMA/215640/2016,EMEA/H/C/004069/0000,Palonosetron Hospira,palonosetron,Hospira UK Limited,Small molecule,solution for injection,intravenous,approved,withdrawn,25.02.2016,2016,no,no,the prevention of acute nausea and vomiting associated with highly emetogenic cancer chemotherapy; the prevention of nausea and vomiting associated with moderately emetogenic cancer chemotherapy,the prevention of acute nausea and vomiting associated with highly emetogenic cancer chemotherapy; the prevention of nausea and vomiting associated with moderately emetogenic cancer chemotherapy,Neoplasms,25.03.2015,2015,yes,NA
protopy-epar-scientific-discussion_en.pdf,Not reported,Not reported,Protopy,tacrolimus,Not reported,Biologics,ointment,cutaneous,approved,withdrawn,Not reported,Not reported,no,no,Treatment of moderate to severe atopic dermatitis in adults and children who are not adequately responsive to or are intolerant of conventional therapies.,Treatment of moderate to severe atopic dermatitis in adults who are not adequately responsive to or are intolerant of conventional therapies. Treatment of moderate to severe atopic dermatitis in children who failed to respond adequately to conventional therapies.,Diseases of the skin,Not reported,Not reported,no,NA
tremfya-epar-public-assessment-report_en.pdf,EMA/692068/2017,EMEA/H/C/004271/0000,Tremfya,guselkumab,Janssen-Cilag International N.V.,Biologics,Solution for injection,Subcutaneous,approved,authorised,14.09.2017,2017,no,no,Treatment of moderate to severe plaque psoriasis in adults who are candidates for systemic therapy.,Treatment of moderate to severe plaque psoriasis in adults who are candidates for systemic therapy.,Diseases of the skin,23.11.2016,2016,no,NA
neoatricon-epar-public-assessment-report_en.pdf,EMA/260885/2024,EMEA/H/C/006044/0000,Neoatricon,Dopamine hydrochloride,BrePco Biopharma Limited,Small molecule,Solution for infusion,Intravenous,approved,authorised,21.03.2024,2024,no,yes,Treatment of hypotension in neonates including the extremely low gestational newborns. Treatment of hypotension in infants and children.,"Treatment of hypotension in haemodynamically unstable neonates, infants and children < 18 years.","Diseases of the circulatory system; Endocrine, nutritional, and metabolic diseases",24.08.2022,2022,yes,Not reported
tobi-podhaler-epar-public-assessment-report_en.pdf,Not reported,EMEA/H/C/002155,TOBI Podhaler,tobramycin,Novartis Europharm Ltd.,Antibiotic,"Inhalation powder, hard capsules",Inhalation,approved,authorised,Not reported,Not reported,yes,no,"long-term management of chronic pulmonary infection due to Pseudomonas aeruginosa in adults, adolescents and children aged 6 years and older with cystic fibrosis",suppressive therapy of chronic pulmonary infection due to Pseudomonas aeruginosa in adults and children aged 6 years and older with cystic fibrosis,Infectious and parasitic diseases; Diseases of the respiratory system,03.12.2009,2009,no,NA
prevenar-13-epar-public-assessment-report_en.pdf,EMA/798877/2009,EMEA/H/C/001104,Prevenar 13,"Pneumococcal polysaccharide conjugate vaccine (13-valent, adsorbed)",Wyeth Lederle Vaccines S.A.,Vaccine,Sterile liquid suspension,Parenteral,approved,authorised,24.09.2009,2009,no,no,"Active immunisation for the prevention of invasive disease, pneumonia and acute otitis media caused by Streptococcus pneumoniae in infants and children from 6 weeks to 5 years of age.","Active immunisation for the prevention of invasive disease, pneumonia and acute otitis media caused by Streptococcus pneumoniae in infants and children from 6 weeks to 5 years of age.",Infectious and parasitic diseases,02.12.2008,2008,no,NA
ovitrelle-epar-scientific-discussion_en.pdf,Not reported,Not reported,Ovitrelle,Choriogonadotropin alfa,Not reported,Biologics,Solution for injection,Subcutaneous,approved,authorised,Not reported,Not reported,no,no,Treatment of women undergoing superovulation prior to assisted reproductive techniques such as in vitro fertilisation (IVF); Anovulatory or oligo-ovulatory women,Treatment of women undergoing superovulation prior to assisted reproductive techniques such as in vitro fertilisation (IVF); Anovulatory or oligo-ovulatory women,Pregnancy and childbirth,Not reported,Not reported,no,NA
covid-19-vaccine-janssen-epar-public-assessment-report_en.pdf,EMA/158424/2021,EMEA/H/C/005737/0000,COVID-19 Vaccine Janssen,Ad26.COV2.S,Janssen-Cilag International NV,Vaccine,suspension for injection,intramuscular,approved,withdrawn,11.03.2021,2021,no,no,COVID-19 Vaccine Janssen is indicated for active immunisation for the prevention of coronavirus disease-2019 (COVID-19) in adults greater than or equal to 18 years of age.,COVID-19 Vaccine Janssen is indicated for active immunisation for the prevention of coronavirus disease-2019 (COVID-19) in adults greater than or equal to 18 years of age.,Infectious and parasitic diseases,15.02.2021,2021,no,NA
zejula-epar-public-assessment-report_en.pdf,EMA/648982/2017,EMEA/H/C/004249/0000,Zejula,niraparib,Tesaro UK Limited,Small molecule,hard capsules,oral,approved,authorised,14.09.2017,2017,yes,no,"maintenance treatment of adult patients with platinum-sensitive recurrent high grade serous epithelial ovarian, fallopian tube, or primary peritoneal cancer who are in response to platinum-based chemotherapy","monotherapy for the maintenance treatment of adult patients with platinum-sensitive relapsed high grade serous epithelial ovarian, fallopian tube, or primary peritoneal cancer who are in response to platinum based chemotherapy",Neoplasms; Diseases of the genitourinary system,04.10.2016,2016,no,NA
minjuvi-epar-public-assessment-report_en.pdf,EMA/426468/2021,EMEA/H/C/005436/0000,Minjuvi,tafasitamab,Incyte Biosciences Distribution B.V.,Biologics,powder for concentrate for solution for infusion,intravenous,conditional marketing authorisation,authorised,24.06.2021,2021,yes,no,"treatment of adult patients with relapsed or refractory diffuse large B-cell lymphoma (DLBCL) who are not eligible for, or refuse, autologous stem cell transplant (ASCT)","treatment of adult patients with relapsed or refractory diffuse large B-cell lymphoma (DLBCL) who are not eligible for, or refuse, autologous stem cell transplant (ASCT)",Neoplasms; Diseases of the blood and blood-forming organs,30.04.2020,2020,no,NA
zolgensma-epar-public-assessment-report_en.pdf,EMA/200482/2020,EMEA/H/C/004750/0000,Zolgensma,onasemnogene abeparvovec,AveXis EU limited,Cell and gene therapy,solution for infusion,intravenous,approved,authorised,26.03.2020,2020,yes,no,Treatment of spinal muscular atrophy (SMA) Type 1,Treatment of spinal muscular atrophy (SMA) Type 1,Diseases of the nervous system,09.10.2018,2018,no,NA
hepcludex-epar-public-assessment-report_en.pdf,EMA/326446/2020,EMEA/H/C/004854/0000,Hepcludex,bulevirtide,MYR GmbH,Peptides and proteins,Powder for solution for injection,Subcutaneous,conditional marketing authorisation,authorised,28.05.2020,2020,yes,no,Treatment of chronic hepatitis delta virus (HDV) infection in adult patients with compensated liver disease.,Treatment of chronic hepatitis delta virus (HDV) infection in plasma (or serum) HDV-RNA positive adult patients with compensated liver disease.,Infectious and parasitic diseases,10.10.2019,2019,no,NA
micardisplus-epar-scientific-discussion_en.pdf,Not reported,Not reported,MicardisPlus,telmisartan and hydrochlorothiazide,Boehringer-Ingelheim International,Small molecule,two-layer tablets,oral,approved,authorised,Not reported,Not reported,no,yes,treatment of essential hypertension,treatment of essential hypertension,Diseases of the circulatory system,Not reported,Not reported,no,NA
lympreva-epar-public-assessment-report_en.pdf,EMA/314727/2015,EMEA/H/C/002772/0000,Lympreva,dasiprotimut-t,Biovest Europe Ltd,Vaccine,suspension,subcutaneous,refused,withdrawn,23.04.2015,2015,yes,no,Treatment of patients with follicular non-Hodgkin’s lymphoma (FL) as first line consolidation therapy after achieving complete remission with induction therapy and is co-administered with Granulocyte Macrophage Colony-Stimulating Factor (GM-CSF).,NA,Neoplasms; Diseases of the blood and blood-forming organs,03.12.2013,2013,yes,Not reported
conbriza-epar-public-assessment-report_en.pdf,EMA/660889/2008,EMEA/H/C/913,CONBRIZA,bazedoxifene,Wyeth Europa Ltd,Small molecule,film-coated tablet,oral,approved,authorised,19.02.2009,2009,no,no,treatment and prevention of postmenopausal osteoporosis in women at increased risk of fracture,treatment of postmenopausal osteoporosis in women at increased risk of fracture,Diseases of the musculoskeletal system and connective tissue,04.09.2007,2007,no,NA
temozolomide-hexal-epar-public-assessment-report_en.pdf,Not reported,EMEA/H/C/1127,Temozolomide Hexal,Temozolomide,HEXAL AG,Small molecule,hard capsules,oral,approved,withdrawn,17.12.2009,2009,no,no,"treatment of adult patients with newly-diagnosed glioblastoma multiforme concomitantly with radiotherapy (RT) and subsequently as monotherapy treatment; treatment of children from the age of three years, adolescents and adult patients with malignant glioma, such as glioblastoma multiforme or anaplastic astrocytoma, showing recurrence or progression after standard therapy","treatment of adult patients with newly-diagnosed glioblastoma multiforme concomitantly with radiotherapy (RT) and subsequently as monotherapy treatment; treatment of children from the age of three years, adolescents and adult patients with malignant glioma, such as glioblastoma multiforme or anaplastic astrocytoma, showing recurrence or progression after standard therapy",Neoplasms; Diseases of the nervous system,03.02.2009,2009,yes,Not reported
vosevi-epar-public-assessment-report_en.pdf,EMA/441550/2017,EMEA/H/C/004350/0000,Vosevi,sofosbuvir / velpatasvir / voxilaprevir,Gilead Sciences International Ltd,Small molecule,film-coated tablet,oral,approved,authorised,22.06.2017,2017,no,no,Treatment of chronic hepatitis C virus (HCV) infection in adults.,Treatment of chronic hepatitis C virus (HCV) infection in adults.,Infectious and parasitic diseases,16.12.2016,2016,no,NA
odefsey-epar-public-assessment-report_en.pdf,EMA/335723/2016,EMEA/H/C/004156/0000,Odefsey,emtricitabine / rilpivirine / tenofovir alafenamide,Gilead Sciences International Ltd,Small molecule,film-coated tablet,oral,approved,authorised,28.04.2016,2016,no,no,"treatment of adults and adolescents aged 12 years and older weighing at least 35 kg infected with human immunodeficiency virus 1 (HIV 1) without known mutations associated with resistance to the non nucleoside reverse transcriptase inhibitor (NNRTI) class, tenofovir or emtricitabine and with a viral load ≤ 100,000 HIV 1 RNA copies/mL","treatment of adults and adolescents aged 12 years and older weighing at least 35 kg infected with human immunodeficiency virus 1 (HIV 1) without known mutations associated with resistance to the non nucleoside reverse transcriptase inhibitor (NNRTI) class, tenofovir or emtricitabine and with a viral load ≤ 100,000 HIV 1 RNA copies/mL",Infectious and parasitic diseases,29.07.2015,2015,no,NA
dabigatran-etexilate-accord-epar-public-assessment-report_en.pdf,EMA/182457/2023,EMEA/H/C/005639/0000,Dabigatran Etexilate Accord,dabigatran etexilate,Accord Healthcare S.L.U.,Small molecule,"Capsule, hard",Oral,approved,authorised,30.03.2023,2023,no,no,"Primary prevention of venous thromboembolic events in adult patients who have undergone elective total hip replacement surgery or total knee replacement surgery; Prevention of stroke and systemic embolism in adult patients with non-valvular atrial fibrillation; Treatment of deep vein thrombosis and pulmonary embolism, and prevention of recurrent DVT and PE in adults; Treatment of VTE and prevention of recurrent VTE in paediatric patients from birth to less than 18 years of age.","Primary prevention of venous thromboembolic events in adult patients who have undergone elective total hip replacement surgery or total knee replacement surgery; Prevention of stroke and systemic embolism in adult patients with non-valvular atrial fibrillation; Treatment of deep vein thrombosis and pulmonary embolism, and prevention of recurrent DVT and PE in adults; Treatment of VTE and prevention of recurrent VTE in paediatric patients from birth to less than 18 years of age.",Diseases of the circulatory system; Diseases of the blood and blood-forming organs,29.06.2020,2020,yes,NA
stribild-epar-public-assessment-report_en.pdf,EMA/332263/2013,EMEA/H/C/002574/0000,Stribild,Elvitegravir / cobicistat / emtricitabine / tenofovir disoproxil,Gilead Sciences International Ltd,Small molecule,film coated tablets,oral,approved,authorised,21.03.2013,2013,no,no,Stribild is indicated as a complete regimen for the treatment of human immunodeficiency virus-1 (HIV-1) infection in adults aged 18 years and over who are antiretroviral treatment-naïve or who have no known mutations associated with resistance to the individual components of Stribild.,Stribild is indicated as a complete regimen for the treatment of human immunodeficiency virus-1 (HIV-1) infection in adults aged 18 years and over who are antiretroviral treatment-naïve or who have no known mutations associated with resistance to the individual components of Stribild.,Infectious and parasitic diseases,24.11.2011,2011,no,NA
rxulti-epar-public-assessment-report_en.pdf,EMA/556923/2018,EMEA/H/C/003841/0000,RXULTI,brexpiprazole,Otsuka Pharmaceutical Europe Ltd,Small molecule,film-coated tablets,oral,approved,authorised,31.05.2018,2018,no,no,RXULTI is indicated for the treatment of schizophrenia in adult patients.,treatment of schizophrenia in adult patients,Mental and behavioural disorders,28.02.2017,2017,no,NA
avastin-epar-scientific-discussion_en.pdf,EMA/000582/2005,EMEA/H/C/000582,Avastin,bevacizumab,Hoffmann-La Roche Ltd,Biologics,concentrate for solution for infusion,intravenous,approved,authorised,12.01.2005,2005,no,no,first-line treatment of patients with metastatic carcinoma of the colon or rectum,first-line treatment of patients with metastatic carcinoma of the colon or rectum,Neoplasms; Diseases of the digestive system,Not reported,Not reported,no,NA
ebymect-epar-public-assessment-report_en.pdf,EMA/679419/2015,EMEA/H/C/004162/0000,Ebymect,dapagliflozin / metformin,AstraZeneca AB,Small molecule,film-coated tablet,oral,approved,authorised (under additional monitoring),24.09.2015,2015,no,no,"Ebymect is indicated in adults aged 18 years and older with type 2 diabetes mellitus as an adjunct to diet and exercise to improve glycaemic control in patients inadequately controlled on their maximally tolerated dose of metformin alone, in combination with other glucose-lowering medicinal products, including insulin, in patients inadequately controlled with metformin and these medicinal products, in patients already being treated with the combination of dapagliflozin and metformin as separate tablets.","Ebymect is indicated in adults aged 18 years and older with type 2 diabetes mellitus as an adjunct to diet and exercise to improve glycaemic control in patients inadequately controlled on their maximally tolerated dose of metformin alone, in combination with other glucose-lowering medicinal products, including insulin, in patients inadequately controlled with metformin and these medicinal products, in patients already being treated with the combination of dapagliflozin and metformin as separate tablets.","Endocrine, nutritional, and metabolic diseases",03.07.2015,2015,yes,Not reported
blincyto-epar-public-assessment-report_en.pdf,EMA/CHMP/469312/2015,EMEA/H/C/003731/0000,BLINCYTO,blinatumomab,Amgen Europe B.V.,Biologics,powder for concentrate for solution for infusion,intravenous,approved,authorised,24.09.2015,2015,yes,no,for the treatment of Philadelphia chromosome negative relapsed or refractory B-precursor acute lymphoblastic leukaemia (ALL),for the treatment of adults with Philadelphia chromosome negative relapsed or refractory B-precursor acute lymphoblastic leukaemia (ALL),Neoplasms; Diseases of the blood and blood-forming organs,09.10.2014,2014,no,NA
orbactiv-epar-public-assessment-report_en.pdf,EMA/183786/2015,EMEA/H/C/003785/0000,Orbactiv,oritavancin,The Medicines Company UK Ltd,Biologics,Powder for concentrate for solution for infusion,Intravenous,approved,authorised,22.01.2015,2015,no,no,Treatment of complicated skin and soft tissue infections (cSSTI) in adults,Treatment of acute bacterial skin and skin structure infections (ABSSSI) in adults,Infectious and parasitic diseases; Diseases of the skin,04.02.2014,2014,no,NA
esperoct-epar-public-assessment-report_en.pdf,EMA/CHMP/352302/2019,EMEA/H/C/004883/0000,Esperoct,turoctocog alfa pegol,Novo Nordisk A/S,Biologics,lyophilised powder for solution for injection,intravenous,approved,authorised,26.04.2019,2019,yes,no,Treatment and prophylaxis of bleeding in patients with haemophilia A (congenital factor VIII deficiency). Esperoct can be used for all age groups.,Treatment and prophylaxis of bleeding in patients 12 years and above with haemophilia A (congenital factor VIII deficiency).,Diseases of the blood and blood-forming organs,27.02.2018,2018,no,NA
keppra-epar-scientific-discussion_en.pdf,Not reported,Not reported,Keppra,Levetiracetam,Not reported,Small molecule,film-coated tablets; oral solution,oral,approved,authorised,Not reported,Not reported,no,no,adjunctive therapy in the treatment of partial onset seizures with or without secondary generalisation in patients with epilepsy,adjunctive therapy in the treatment of partial onset seizures with or without secondary generalisation in patients with epilepsy,Diseases of the nervous system,Not reported,Not reported,no,NA
prepandemic-influenza-vaccine-h5n1-surface-antigen-inactivated-adjuvanted-novartis-vaccines-and-diagnostics-epar-public-assessment-report_en.pdf,EMA/750616/2010,EMEA/H/C/002269,"Prepandemic influenza vaccine (H5N1) (surface antigen, inactivated, adjuvanted) Novartis Vaccines and Diagnostic","Prepandemic influenza vaccine (H5N1) (surface antigen, inactivated, adjuvanted)",Novartis Vaccines and Diagnostics S.r.l.,Vaccine,suspension for injection,intramuscular,approved,withdrawn,23.09.2010,2010,no,no,Active immunisation against H5N1 subtype of Influenza A virus.,Active immunisation against H5N1 subtype of Influenza A virus.,Infectious and parasitic diseases,02.12.2009,2009,no,NA
tysabri-epar-scientific-discussion_en.pdf,EMA/000603/2006,EMEA/H/C/000603,Tysabri,Natalizumab,"Biogen Idec Inc. and Elan Pharmaceuticals, Inc.",Biologics,liquid concentrate for intravenous infusion,intravenous,approved,authorised,27.06.2006,2006,no,no,for treatment of relapsing forms of multiple sclerosis to reduce the frequency of clinical exacerbations,single disease modifying therapy in highly active relapsing remitting multiple sclerosis for patients with high disease activity despite treatment with a beta-interferon or patients with rapidly evolving severe relapsing remitting multiple sclerosis,Diseases of the nervous system,05.05.2005,2005,no,NA
zynteglo-epar-public-assessment-report_en.pdf,EMA/56140/2020,EMEA/H/C/003691/0000,Zynteglo,betibeglogene autotemcel,bluebird bio (Netherlands) B.V.,Cell and gene therapy,Dispersion for infusion,Intravenous,approved,withdrawn,26.04.2019,2019,yes,no,"Adolescents and adults with transfusion-dependent β-thalassaemia (TDT) who do not have a β0 mutation at both alleles of the β-globin (HBB) gene, for whom haematopoietic stem cell (HSC) transplantation is appropriate but a human leukocyte antigen (HLA)-matched related HSC donor is not available.","Patients 12 years and older with transfusion-dependent β-thalassaemia (TDT) who do not have a β0/β0 genotype, for whom haematopoietic stem cell (HSC) transplantation is appropriate but a human leukocyte antigen (HLA)-matched related HSC donor is not available.",Diseases of the blood and blood-forming organs,21.08.2018,2018,no,NA
fetcroja-epar-public-assessment-report_en.pdf,EMA/136096/2020,EMEA/H/C/004829/0000,Fetcroja,cefiderocol,Shionogi B.V.,Small molecule,powder for concentrate for solution for infusion,intravenous,approved,authorised,27.02.2020,2020,no,no,treatment of infections due to aerobic Gram-negative bacteria in adult patients with limited treatment options,treatment of infections due to aerobic Gram-negative bacteria in adult patients with limited treatment options,Infectious and parasitic diseases,07.03.2019,2019,no,NA
dimethyl-fumarate-mylan-epar-public-assessment-report_en.pdf,EMA/184291/2022,EMEA/H/C/005956/0000,Dimethyl fumarate Mylan,dimethyl fumarate,Mylan Ireland Limited,Small molecule,gastro-resistant hard capsules,oral,approved,withdrawn,24.02.2022,2022,no,no,Treatment of adult patients with relapsing remitting multiple sclerosis,Treatment of adult patients with relapsing remitting multiple sclerosis,Diseases of the nervous system,15.06.2021,2021,yes,Not reported
exkivity-withdrawal-assessment-report_en.pdf,EMA/787858/2022,EMEA/H/C/005621/0000,Exkivity,mobocertinib,Not reported,Small molecule,hard capsules,oral,refused,NA,Not reported,Not reported,no,no,"treatment of adult patients with epidermal growth factor receptor (EGFR) exon 20 insertion mutation-positive advanced non-small cell lung cancer (NSCLC), who have received prior platinum-based therapy",NA,Neoplasms; Diseases of the respiratory system,Not reported,Not reported,no,NA
cervarix-epar-scientific-discussion_en.pdf,Not reported,EMEA/H/C/000721,Cervarix,HPV-16/18 L1 AS04 vaccine,GlaxoSmithKline Biologicals,Vaccine,suspension for injection,intramuscular,approved,authorised,Not reported,Not reported,no,no,Prevention of high-grade cervical intraepithelial neoplasia (CIN grades 2 and 3) and cervical cancer causally related to Human Papillomavirus (HPV) types 16 and 18.,Prevention of high-grade cervical intraepithelial neoplasia (CIN grades 2 and 3) and cervical cancer causally related to Human Papillomavirus (HPV) types 16 and 18.,Neoplasms; Infectious and parasitic diseases,Not reported,Not reported,no,NA
optison-epar-scientific-discussion_en.pdf,Not reported,Not reported,Optison,Perflutren,Not reported,Other,Suspension for injection,Intravenous,approved,authorised,Not reported,Not reported,no,yes,Improved assessment of cardiac function and verification of anatomical structures,Improved assessment of cardiac function and verification of anatomical structures,Diseases of the circulatory system,Not reported,Not reported,no,NA
removab-epar-public-assessment-report_en.pdf,Not reported,EMEA/H/C/000972,Removab,catumaxomab,Fresenius Biotech GmbH,Biologics,concentrate for solution for infusion,intraperitoneal,approved,withdrawn,19.02.2009,2009,Not reported,no,intraperitoneal treatment of malignant ascites in patients with epithelial cancers where no standard therapy is available or no longer feasible,intraperitoneal treatment of malignant ascites in patients with EpCAM positive carcinomas where standard therapy is not available or no longer feasible,Neoplasms,24.12.2007,2007,no,NA
docetaxel-accord-epar-public-assessment-report_en.pdf,EMA/339179/2012,EMEA/H/C/002539,Docetaxel Accord,docetaxel,Accord Healthcare Ltd.,Small molecule,concentrate for solution for infusion,intravenous,approved,authorised,15.03.2012,2012,no,no,"treatment of breast cancer, non-small cell lung cancer, prostate cancer, gastric adenocarcinoma, head and neck cancer","treatment of breast cancer, non-small cell lung cancer, prostate cancer, gastric adenocarcinoma, head and neck cancer",Neoplasms,31.05.2011,2011,yes,Not reported
teriflunomide-accord-epar-public-assessment-report_en.pdf,EMA/805980/2022,EMEA/H/C/005960/0000,Teriflunomide Accord,teriflunomide,Accord Healthcare S.L.U.,Small molecule,film-coated tablet,oral,approved,authorised,15.09.2022,2022,no,no,Treatment of adult patients and paediatric patients aged 10 years and older with relapsing remitting multiple sclerosis (MS).,Treatment of adult patients and paediatric patients aged 10 years and older with relapsing remitting multiple sclerosis (MS).,Diseases of the nervous system,08.10.2021,2021,yes,NA
miglustat-dipharma-epar-public-assessment-report_en.pdf,EMA/219798/2019,EMEA/H/C/004904/0000,Miglustat Dipharma,miglustat,Dipharma B.V.,Small molecule,"Capsule, hard",Oral,approved,authorised,13.12.2018,2018,no,no,oral treatment of adult patients with mild to moderate type 1 Gaucher disease,oral treatment of adult patients with mild to moderate type 1 Gaucher disease,"Endocrine, nutritional, and metabolic diseases",08.03.2018,2018,yes,CHMP
dzuveo-epar-public-assessment-report_en.pdf,EMA/302958/2018,EMEA/H/C/004335/0000,Dzuveo,sufentanil,FGK Representative Service GmbH,Small molecule,sublingual tablet,sublingual,approved,authorised,26.04.2018,2018,no,no,Management of acute moderate to severe pain in adult patients in a medically supervised setting,Management of acute moderate to severe pain in adult patients in a medically supervised setting,Diseases of the nervous system,02.03.2017,2017,no,NA
fexeric-epar-public-assessment-report_en.pdf,EMA/CHMP/535898/2015,EMEA/H/C/003776/0000,Fexeric,Ferric citrate coordination complex,Keryx Biopharma UK Ltd.,Small molecule,film-coated tablet,oral,approved,withdrawn,30.07.2015,2015,no,no,control of hyperphosphataemia in adult patients with chronic kidney disease,control of hyperphosphataemia in adult patients with chronic kidney disease,"Endocrine, nutritional, and metabolic diseases",07.03.2014,2014,no,NA
rinvoq-epar-public-assessment-report_en.pdf,EMA/608624/2019,EMEA/H/C/004760/0000,Rinvoq,upadacitinib,AbbVie Deutschland GmbH & Co. KG,Small molecule,"prolonged-release, film-coated tablet",oral,approved,authorised,17.10.2019,2019,no,no,"treatment of moderate to severe active rheumatoid arthritis in adult patients who have responded inadequately to, or who are intolerant to one or more disease-modifying anti-rheumatic drugs (DMARDs)","treatment of moderate to severe active rheumatoid arthritis in adult patients who have responded inadequately to, or who are intolerant to one or more disease-modifying anti-rheumatic drugs (DMARDs)",Diseases of the musculoskeletal system and connective tissue,18.12.2018,2018,no,NA
fingolimod-mylan-epar-public-assessment-report_en.pdf,EMA/CHMP/386085/2021,EMEA/H/C/005661/0000,Fingolimod Mylan,fingolimod,Mylan Ireland Limited,Small molecule,hard capsules,oral,approved,authorised,24.06.2021,2021,no,no,Fingolimod Mylan is indicated as single disease modifying therapy in highly active relapsing remitting multiple sclerosis for the following groups of adult patients and paediatric patients aged 10 years and older: Patients with highly active disease despite a full and adequate course of treatment with at least one disease modifying therapy or Patients with rapidly evolving severe relapsing remitting multiple sclerosis defined by 2 or more disabling relapses in one year and with 1 or more Gadolinium enhancing lesions on brain MRI or a significant increase in T2 lesion load as compared to a previous recent MRI.,Fingolimod Mylan is indicated as single disease modifying therapy in highly active relapsing remitting multiple sclerosis for the following groups of adult patients and paediatric patients aged 10 years and older: Patients with highly active disease despite a full and adequate course of treatment with at least one disease modifying therapy or Patients with rapidly evolving severe relapsing remitting multiple sclerosis defined by 2 or more disabling relapses in one year and with 1 or more Gadolinium enhancing lesions on brain MRI or a significant increase in T2 lesion load as compared to a previous recent MRI.,Diseases of the nervous system,05.11.2020,2020,yes,Not reported
lytenava-epar-public-assessment-report_en.pdf,EMA/146883/2024,EMEA/H/C/005723/0000,Lytenava,Bevacizumab gamma,Outlook Therapeutics Limited,Biologics,solution for intravitreal injection,intravitreal,approved,authorised,21.03.2024,2024,no,no,Treatment of neovascular (wet) age-related macular degeneration (nAMD),Treatment of neovascular (wet) age-related macular degeneration (nAMD),Diseases of the eye and adnexa,27.11.2022,2022,no,NA
nutropinaq-epar-scientific-discussion_en.pdf,Not reported,Not reported,NutropinAq,somatropin,Not reported,Peptides and proteins,solution for subcutaneous administration,subcutaneous,approved,authorised,Not reported,Not reported,no,no,Long-term treatment of children with growth failure due to inadequate endogenous growth hormone secretion; Long-term treatment of growth failure associated with Turner syndrome; Treatment of prepubertal children with growth failure associated with chronic renal insufficiency up to the time of renal transplantation; Replacement of endogenous growth hormone in adults with growth hormone deficiency of either childhood or adult-onset etiology.,Long-term treatment of children with growth failure due to inadequate endogenous growth hormone secretion; Long-term treatment of growth failure associated with Turner syndrome; Treatment of prepubertal children with growth failure associated with chronic renal insufficiency up to the time of renal transplantation; Replacement of endogenous growth hormone in adults with growth hormone deficiency of either childhood or adult-onset etiology.,"Endocrine, nutritional, and metabolic diseases; Diseases of the genitourinary system; Congenital malformations and chromosomal abnormalities",Not reported,Not reported,no,NA
tibsovo-epar-public-assessment-report_en.pdf,EMA/173654/2023,EMEA/H/C/005936/0000,Tibsovo,ivosidenib,Les Laboratoires Servier,Small molecule,film-coated tablet,oral,approved,authorised,23.02.2023,2023,yes,no,Tibsovo monotherapy is indicated for the treatment of adult patients with locally advanced or metastatic cholangiocarcinoma with an IDH1 mutation who were previously treated by at least one prior line of systemic therapy.,Tibsovo monotherapy is indicated for the treatment of adult patients with locally advanced or metastatic cholangiocarcinoma with an IDH1 R132 mutation who were previously treated by at least one prior line of systemic therapy.,Neoplasms; Diseases of the digestive system,03.03.2022,2022,no,NA
litak-epar-scientific-discussion_en.pdf,Not reported,Not reported,Litak,cladribine,Lipomed,Small molecule,solution for injection,subcutaneous,approved,authorised,Not reported,Not reported,yes,no,first-line treatment of hairy cell leukaemia,first-line treatment of hairy cell leukaemia,Neoplasms; Diseases of the blood and blood-forming organs,Not reported,Not reported,yes,Not reported
fabhalta-public-assessment-report_en.pdf,EMA/170439/2024,EMEA/H/C/005764/0000,Fabhalta,iptacopan,Novartis Europharm Limited,Small molecule,hard capsule,oral,approved,authorised,21.03.2024,2024,yes,no,"treatment of adult patients with paroxysmal nocturnal haemoglobinuria (PNH) who have haemolysis with clinical symptom(s), or who are anaemic after treatment with a complement inhibitor.",monotherapy in the treatment of adult patients with paroxysmal nocturnal haemoglobinuria (PNH) who have haemolytic anaemia.,Diseases of the blood and blood-forming organs,21.04.2023,2023,no,NA
darunavir-mylan-epar-public-assessment-report_en.pdf,EMA/851324/2016,EMEA/H/C/004068/0000,Darunavir Mylan,darunavir,MYLAN S.A.S.,Small molecule,film-coated tablet,oral,approved,authorised,10.11.2016,2016,no,no,Treatment of patients with human immunodeficiency virus (HIV-1) infection,Treatment of patients with human immunodeficiency virus (HIV-1) infection,Infectious and parasitic diseases,31.07.2015,2015,yes,Not reported
ibuprofen-genorph-epar-public-assessment-report_en.pdf,EMA/586586/2023,EMEA/H/C/006129/0000,Ibuprofen Gen.Orph,Ibuprofen,Gen.Orph,Small molecule,solution for injection,intravenous,approved,authorised,14.12.2023,2023,no,no,Treatment of a haemodynamically significant patent ductus arteriosus in preterm newborn infants less than 34 weeks of gestational age.,Treatment of a haemodynamically significant patent ductus arteriosus in preterm newborn infants less than 34 weeks of gestational age.,Diseases of the circulatory system; Congenital malformations and chromosomal abnormalities,09.11.2022,2022,yes,Not reported
arsenic-trioxide-accord-epar-public-assessment-report_en.pdf,EMA/CHMP/580349/2019,EMEA/H/C/005175/0000,Arsenic trioxide Accord,arsenic trioxide,Accord Healthcare S.L.U.,Small molecule,Concentrate for solution for infusion,Intravenous,approved,authorised,19.09.2019,2019,no,no,"Induction of remission, and consolidation in adult patients with newly diagnosed low-to-intermediate risk acute promyelocytic leukaemia (APL) in combination with all-trans-retinoic acid (ATRA) and relapsed/refractory acute promyelocytic leukaemia (APL)","Induction of remission, and consolidation in adult patients with newly diagnosed low-to-intermediate risk acute promyelocytic leukaemia (APL) in combination with all-trans-retinoic acid (ATRA) and relapsed/refractory acute promyelocytic leukaemia (APL)",Neoplasms; Diseases of the blood and blood-forming organs,26.11.2018,2018,yes,Not reported
ketoconazole-hra-epar-public-assessment-report_en.pdf,EMA/CHMP/534845/2014,EMEA/H/C/003906/0000,Ketoconazole HRA,KETOCONAZOLE HRA,Laboratoire HRA Pharma,Small molecule,uncoated tablets,oral,approved,authorised,25.09.2014,2014,yes,no,Treatment of Cushing’s syndrome,Treatment of endogenous Cushing’s syndrome,"Endocrine, nutritional, and metabolic diseases",05.02.2014,2014,yes,Not reported
pavblu-epar-public-assessment-report_en.pdf,EMA/90425/2025,EMEA/H/C/006339/0000,Pavblu,aflibercept,Amgen Technology (Ireland) Unlimited Company,Biologics,solution for intravitreal injection,intravitreal,approved,authorised,30.01.2025,2025,no,no,neovascular (wet) age-related macular degeneration (AMD); visual impairment due to macular oedema secondary to retinal vein occlusion (branch RVO or central RVO); visual impairment due to diabetic macular oedema (DME); visual impairment due to myopic choroidal neovascularisation (myopic CNV),neovascular (wet) age-related macular degeneration (AMD); visual impairment due to macular oedema secondary to retinal vein occlusion (branch RVO or central RVO); visual impairment due to diabetic macular oedema (DME); visual impairment due to myopic choroidal neovascularisation (myopic CNV),Diseases of the eye and adnexa,08.02.2024,2024,no,NA
xalkori-epar-public-assessment-report_en.pdf,EMA/CHMP/497137/2012,EMEA/H/C/002489,XALKORI,crizotinib,Pfizer Ltd.,Small molecule,"Capsule, hard",Oral,conditional marketing authorisation,authorised,19.07.2012,2012,no,no,treatment of previously treated anaplastic lymphoma kinase (ALK)-positive advanced non-small cell lung cancer (NSCLC),treatment of adults with previously treated anaplastic lymphoma kinase (ALK)-positive advanced non-small cell lung cancer (NSCLC),Neoplasms; Diseases of the respiratory system,28.07.2011,2011,no,NA
ayvakyt-epar-public-assessment-report_en.pdf,EMA/451735/2020,EMEA/H/C/005208/0000,AYVAKYT,avapritinib,Blueprint Medicines (Netherlands) B.V.,Small molecule,film coated tablets,oral,approved,authorised,23.07.2020,2020,yes,no,"treatment of adult patients with unresectable or metastatic GIST who have been treated with at least 3 prior lines of therapy and treatment of adult patients with unresectable or metastatic gastrointestinal stromal tumours (GIST) harbouring the platelet-derived growth factor receptor alpha (PDGFRA) D842V mutation, regardless of prior therapy.",treatment of adult patients with unresectable or metastatic gastrointestinal stromal tumours (GIST) harbouring the platelet-derived growth factor receptor alpha (PDGFRA) D842V mutation.,Neoplasms; Diseases of the digestive system,01.07.2019,2019,no,NA
eltrombopag-accord-epar-public-assessment-report_en.pdf,EMA/55246/2025,EMEA/H/C/006459/0000,Eltrombopag Accord,eltrombopag,Accord Healthcare S.L.U.,Small molecule,film-coated tablet,oral,approved,authorised,30.01.2025,2025,no,no,Treatment of adult patients with primary immune thrombocytopenia (ITP) who are refractory to other treatments; treatment of paediatric patients aged 1 year and above with primary immune thrombocytopenia (ITP) lasting 6 months or longer from diagnosis and who are refractory to other treatments; treatment of thrombocytopenia in adult patients with chronic hepatitis C virus (HCV) infection where the degree of thrombocytopenia is the main factor preventing the initiation or limiting the ability to maintain optimal interferon-based therapy.,Treatment of adult patients with primary immune thrombocytopenia (ITP) who are refractory to other treatments; treatment of paediatric patients aged 1 year and above with primary immune thrombocytopenia (ITP) lasting 6 months or longer from diagnosis and who are refractory to other treatments; treatment of thrombocytopenia in adult patients with chronic hepatitis C virus (HCV) infection where the degree of thrombocytopenia is the main factor preventing the initiation or limiting the ability to maintain optimal interferon-based therapy.,Diseases of the blood and blood-forming organs; Infectious and parasitic diseases,11.03.2024,2024,yes,NA
xeloda-epar-scientific-discussion_en.pdf,EMA/000220/2001,EMEA/H/C/000220,Xeloda,capecitabine,Roche Registration Limited,Small molecule,tablet,oral,approved,authorised,02.02.2001,2001,no,yes,First line monotherapy of metastatic colorectal cancer,First line monotherapy of metastatic colorectal cancer; combination therapy with docetaxel in metastatic breast cancer; monotherapy in metastatic breast cancer after failure of taxanes and anthracycline,Neoplasms; Diseases of the digestive system,Not reported,Not reported,no,NA
invokana-epar-public-assessment-report_en.pdf,EMA/374133/2013,EMEA/H/C/002649/0000,Invokana,Canagliflozin,Janssen-Cilag International N.V.,Small molecule,Film-coated tablet,Oral,approved,authorised,19.09.2013,2013,no,no,Invokana is indicated in adults with type 2 diabetes mellitus to improve glycaemic control as monotherapy or add-on therapy.,Invokana is indicated in adults aged 18 years and older with type 2 diabetes mellitus to improve glycaemic control as monotherapy or add-on therapy.,"Endocrine, nutritional, and metabolic diseases",22.06.2012,2012,no,NA
withdrawal-assessment-report-linhaliq_en.pdf,Not reported,EMEA/H/C/4394,Linhaliq,ciprofloxacin hydrochloride,Not reported,Small molecule,nebuliser solution,inhalation,withdrawn,withdrawn,30.10.2019,2019,no,no,prevention and reduction of frequent pulmonary exacerbations in non-cystic fibrosis bronchiectasis adult patients who have chronic lung infection with Pseudomonas aeruginosa,NA,Diseases of the respiratory system; Infectious and parasitic diseases,Not reported,Not reported,no,NA
tuznue-epar-public-assessment-report_en.pdf,EMA/367870/2024,EMEA/H/C/006252/0000,Tuznue,trastuzumab,Prestige Biopharma Belgium,Biologics,powder for concentrate for solution for infusion,intravenous,approved,authorised,25.07.2024,2024,no,no,Metastatic breast cancer; Early breast cancer; Metastatic gastric cancer,Metastatic breast cancer; Early breast cancer; Metastatic gastric cancer,Neoplasms; Diseases of the digestive system,31.07.2023,2023,yes,Not reported
zoledronic-acid-actavis-epar-public-assessment-report_en.pdf,EMA/225612/2012,EMEA/H/C/002488,Zoledronic acid Actavis,zoledronic acid,Actavis Group PTC ehf,Small molecule,concentrate for solution for infusion,intravenous,approved,authorised,16.02.2012,2012,no,no,"Prevention of skeletal related events (pathological fractures, spinal compression, radiation or surgery to bone, or tumour-induced hypercalcaemia) in patients with advanced malignancies involving bone. Treatment of tumour-induced hypercalcaemia (TIH).","Prevention of skeletal related events (pathological fractures, spinal compression, radiation or surgery to bone, or tumour-induced hypercalcaemia) in patients with advanced malignancies involving bone. Treatment of tumour-induced hypercalcaemia (TIH).",Neoplasms; Diseases of the musculoskeletal system and connective tissue,10.05.2011,2011,yes,Not reported
takhzyro-epar-public-assessment-report_en.pdf,EMA/794314/2018,EMEA/H/C/004806/0000,TAKHZYRO,lanadelumab,Shire Pharmaceuticals Ireland Limited,Biologics,solution for injection,subcutaneous,approved,authorised,18.10.2018,2018,yes,no,routine prevention of angioedema attacks and the control of symptoms of hereditary angioedema (HAE) in patients aged 12 years and older,routine prevention of angioedema attacks and the control of symptoms of hereditary angioedema (HAE) in patients aged 12 years and older,Diseases of the blood and blood-forming organs,12.03.2018,2018,no,NA
intrarosa-epar-public-assessment-report_en.pdf,EMA/793337/2017,EMEA/H/C/004138/0000,Intrarosa,prasterone,Endoceutics Ltd.,Small molecule,vaginal pessaries,vaginal,approved,authorised,09.11.2017,2017,no,no,treatment of vulvovaginal atrophy in postmenopausal women,treatment of vulvar and vaginal atrophy in postmenopausal women having moderate to severe symptoms,Diseases of the genitourinary system,18.12.2015,2015,no,NA
imvanex-epar-public-assessment-report_en.pdf,EMA/369203/2013,EMEA/H/C/002596,IMVANEX,Modified Vaccinia Ankara virus,Bavarian Nordic A/S,Vaccine,suspension for injection,subcutaneous,approved,authorised,30.05.2013,2013,no,no,Active immunisation against smallpox infection and disease in persons 18 years of age and older.,Active immunisation against smallpox infection and disease in persons 18 years of age and older.,Infectious and parasitic diseases,29.02.2012,2012,no,NA
vantobra-epar-public-assessment-report_en.pdf,EMA/86872/2015,EMEA/H/C/002633/0000,VANTOBRA,tobramycin,PARI Pharma GmbH,Antibiotics,nebuliser solution,inhalation,withdrawn,withdrawn,22.01.2015,2015,yes,no,management of chronic pulmonary infection due to Pseudomonas aeruginosa in patients aged 6 years and older with cystic fibrosis,NA,Infectious and parasitic diseases; Diseases of the respiratory system,26.07.2012,2012,no,NA
clopidogrel-teva-generics-bv-epar-public-assessment-report_en.pdf,EMA/CHMP/621360/2010,Not reported,Clopidogrel Teva Generics B.V.,clopidogrel,Teva Pharma B.V.,Small molecule,film-coated tablet,oral,approved,withdrawn,22.07.2010,2010,no,no,"Prevention of atherothrombotic events in patients with myocardial infarction, ischaemic stroke, or established peripheral arterial disease; acute coronary syndrome","Prevention of atherothrombotic events in patients with myocardial infarction, ischaemic stroke, or established peripheral arterial disease; acute coronary syndrome",Diseases of the circulatory system,06.05.2010,2010,yes,CHMP
refacto-af-epar-scientific-discussion_en.pdf,EMA/232/1998,EMEA/H/C/232,ReFacto,moroctocog alfa,Wyeth,Biologics,powder and solvent for solution for injection,intravenous,approved,authorised,17.12.1998,1998,no,no,treatment of hemophilia A (congenital factor VIII deficiency or classic hemophilia) and prevention of bleeding (prophylaxis),treatment of hemophilia A (congenital factor VIII deficiency or classic hemophilia) and prevention of bleeding (prophylaxis),Diseases of the blood and blood-forming organs,Not reported,Not reported,no,NA
vorinostat-msd-withdrawal-assessment-report_en.pdf,Not reported,EMEA/H/C/947,Vorinostat MSD 100 mg hard capsules,Vorinostat,Not reported,Small molecule,hard capsules,oral,withdrawn,withdrawn,23.10.2008,2008,yes,no,"treatment of patients with advanced cutaneous T cell lymphoma who have progressive, persistent or recurrent disease subsequent to prior systemic therapies",NA,Neoplasms; Diseases of the skin,23.10.2007,2007,no,NA
sunlenca-epar-public-assessment-report_en.pdf,EMA/657007/2022,EMEA/H/C/005638/0000,Sunlenca,lenacapavir,Gilead Sciences Ireland Unlimited Company,Small molecule,solution for injection; film-coated tablets,subcutaneous; oral,approved,authorised,23.06.2022,2022,no,no,"Lenacapavir, in combination with other antiretroviral(s), is indicated for the treatment of human immunodeficiency virus type 1 (HIV-1) infection in adults with multidrug-resistant HIV-1 infection failing their current antiretroviral regimen due to resistance, intolerance, or safety considerations.","Lenacapavir, in combination with other antiretroviral(s), is indicated for the treatment of human immunodeficiency virus type 1 (HIV-1) infection in adults with multidrug-resistant HIV-1 infection failing their current antiretroviral regimen due to resistance, intolerance, or safety considerations.",Infectious and parasitic diseases,30.07.2021,2021,no,NA
reasanz-epar-public-assessment-report_en.pdf,Not reported,EMEA/H/C/002817,Reasanz,serelaxin,Novartis Europharm Ltd,Peptides and proteins,Concentrate for solution for infusion,Intravenous,refused,NA,22.05.2014,2014,no,no,Reasanz is indicated for the treatment of acute heart failure and to reduce mortality in patients with acute heart failure.,NA,Diseases of the circulatory system,24.12.2012,2012,no,NA
staquis-epar-public-assessment-report_en.pdf,EMA/88816/2020,EMEA/H/C/004863/0000,Staquis,crisaborole,Pfizer Europe MA EEIG,Small molecule,ointment,cutaneous,approved,withdrawn,30.01.2020,2020,no,no,topical treatment of mild to moderate atopic dermatitis in patients 2 years of age and older,treatment of mild to moderate atopic dermatitis in adults and paediatric patients from 2 years of age with ≤ 40% body surface area (BSA) affected,Diseases of the skin,26.04.2018,2018,no,NA
evicel-epar-public-assessment-report_en.pdf,Not reported,EMEA/H/C/000898,Evicel,human fibrinogen / human thrombin,OMRIX biopharmaceuticals S.A.,Biologics,fibrin sealant kit,epilesional,approved,withdrawn,24.07.2008,2008,no,yes,"Evicel is intended for clinical use as supportive treatment in surgery where standard surgical techniques are insufficient, for improvement of haemostasis and to promote sealing, or as suture support for haemostasis in vascular surgery.","Evicel is used as supportive treatment in surgery where standard surgical techniques are insufficient, for improvement of haemostasis. Evicel is also indicated as suture support for haemostasis in vascular surgery.",Diseases of the circulatory system,25.07.2007,2007,no,NA
pemetrexed-accord-epar-public-assessment-report_en.pdf,EMA/CHMP/828561/2015,EMEA/H/C/004072/0000,Pemetrexed Accord,Pemetrexed,Accord Healthcare Ltd,Small molecule,powder for concentrate for solution for infusion,intravenous,approved,authorised,19.11.2015,2015,no,no,Malignant pleural mesothelioma; Non-small cell lung cancer,Malignant pleural mesothelioma; Non-small cell lung cancer,Neoplasms; Diseases of the respiratory system,05.11.2014,2014,yes,NA
betaferon-epar-scientific-discussion_en.pdf,Not reported,Not reported,Betaferon,interferon beta-1b,Schering AG,Biologics,sterile lyophilised powder,subcutaneous,approved,authorised,30.11.1995,1995,no,yes,Reduction of frequency and severity of clinical relapses in relapsing-remitting multiple sclerosis,Reduction of frequency and severity of clinical relapses in relapsing-remitting multiple sclerosis; slowing progression of disease and reduction of frequency of clinical relapses in secondary progressive multiple sclerosis,Diseases of the nervous system,Not reported,Not reported,no,NA
inpremzia-epar-public-assessment-report_en.pdf,EMA/225453/2022,EMEA/H/C/005331/0000,Inpremzia,insulin human (rDNA),Baxter Holding B.V.,Biologics,solution for infusion,intravenous,approved,withdrawn,24.02.2022,2022,no,no,Treatment of patients with diabetes mellitus who require intravenous insulin administered by healthcare professionals for the maintenance of glucose homeostasis.,Treatment of diabetes mellitus,"Endocrine, nutritional, and metabolic diseases",05.03.2020,2020,yes,CHMP
xigduo-epar-public-assessment-report_en.pdf,EMA/620505/2013,EMEA/H/C/002672/0000,Xigduo,DAPAGLIFLOZIN / METFORMIN,Bristol-Myers Squibb/AstraZeneca EEIG,Small molecule,Film-coated tablet,Oral,approved,authorised,21.11.2013,2013,no,no,Indicated in adults aged 18 years and older with type 2 diabetes mellitus as an adjunct to diet and exercise to improve glycaemic control,Indicated in adults aged 18 years and older with type 2 diabetes mellitus as an adjunct to diet and exercise to improve glycaemic control,"Endocrine, nutritional, and metabolic diseases",26.11.2012,2012,no,NA
docetaxel-sun-withdrawal-assessment-report_en.pdf,EMA/434463/2016,EMEA/H/C/004086/0000,Docetaxel SUN,docetaxel,Not reported,Small molecule,concentrate for solution for infusion,intravenous,withdrawn,withdrawn,07.06.2016,2016,no,no,"treatment of breast cancer, non-small cell lung cancer, prostate cancer, gastric adenocarcinoma, head and neck cancer",NA,Neoplasms,Not reported,Not reported,yes,NA
kentera-epar-scientific-discussion_en.pdf,Not reported,Not reported,Kentera,Oxybutynin,Not reported,Small molecule,Transdermal patch,Percutaneous,approved,authorised,Not reported,Not reported,no,no,"Treatment of overactive bladder with symptoms of urge urinary incontinence, urgency, and/or frequency","Treatment of overactive bladder with symptoms of urge urinary incontinence, urgency, and/or frequency",Diseases of the genitourinary system,Not reported,Not reported,no,NA
nerventra-epar-refusal-public-assessment-report_en.pdf,EMA/451905/2014,EMEA/H/C/002546,Nerventra,laquinimod,Teva Pharma GmbH,Small molecule,capsule,oral,refused,withdrawn,22.05.2014,2014,no,no,treatment of patients with relapsing remitting multiple sclerosis (RRMS),NA,Diseases of the nervous system,26.06.2012,2012,no,NA
aldara-epar-scientific-discussion_en.pdf,Not reported,Not reported,Aldara,Imiquimod,Not reported,Small molecule,Cream,Cutaneous,approved,authorised,Not reported,Not reported,no,no,Topical treatment of external genital and perianal warts (condyloma acuminata) in adult patients,Topical treatment of external genital and perianal warts (condyloma acuminata) in adult patients,Infectious and parasitic diseases; Diseases of the skin,Not reported,Not reported,no,NA
arixtra-epar-scientific-discussion_en.pdf,Not reported,Not reported,Arixtra,fondaparinux sodium,Not reported,Small molecule,solution for injection,subcutaneous,approved,authorised,Not reported,Not reported,no,yes,Prevention of Venous Thromboembolic Events (VTE) in patients undergoing major orthopaedic surgery of the lower limbs,Prevention of Venous Thromboembolic Events (VTE) in patients undergoing major orthopaedic surgery of the lower limbs,Diseases of the circulatory system,Not reported,Not reported,no,NA
oprymea-epar-public-assessment-report_en.pdf,EMA/441191/2008,EMEA/H/C/941,Oprymea,Pramipexole,"Krka, d.d., Novo mesto",Small molecule,tablet,oral,approved,authorised,26.06.2008,2008,no,no,"treatment of the signs and symptoms of idiopathic Parkinson's disease, alone or in combination with levodopa","treatment of the signs and symptoms of idiopathic Parkinson's disease, alone or in combination with levodopa",Diseases of the nervous system,31.10.2007,2007,yes,NA
okedi-epar-public-assessment-report_en.pdf,EMA/11233/2022,EMEA/H/C/005406/0000,Okedi,risperidone,"Laboratorios Farmacéuticos Rovi, S.A.",Small molecule,powder and solvent for prolonged-release suspension for injection,intramuscular,approved,authorised,16.12.2021,2021,no,no,for the treatment of schizophrenia in adults; for the treatment of schizophrenia in adult patients with acute exacerbation where psychotic symptoms are moderate to severe; for the treatment of schizophrenia in adult patients previously stabilised with antipsychotics,for the treatment of schizophrenia in adults,Mental and behavioural disorders,27.12.2019,2019,no,NA
mekinist-epar-public-assessment-report_en.pdf,EMA/258608/2014,EMEA/H/C/002643/0000,Mekinist,trametinib,Glaxo Group Ltd,Small molecule,Film-coated tablet,Oral,approved,authorised,25.04.2014,2014,no,no,Trametinib in combination with dabrafenib is indicated for the treatment of adult patients with unresectable or metastatic melanoma with a BRAF V600 mutation.,Trametinib is indicated for the treatment of adult patients with unresectable or metastatic melanoma with a BRAF V600 mutation.,Neoplasms; Diseases of the skin,07.02.2013,2013,no,NA
casgevy-epar-public-assessment-report_en.pdf,EMA/6332/2024,EMEA/H/C/005763/0000,Casgevy,exagamglogene autotemcel,Vertex Pharmaceuticals (Ireland) Limited,Cell and gene therapy,dispersion for infusion,intravenous,approved,authorised,14.12.2023,2023,yes,no,Treatment of transfusion-dependent β-thalassemia (TDT) and sickle cell disease (SCD) in patients 12 years of age and older,Treatment of transfusion-dependent β-thalassemia (TDT) and sickle cell disease (SCD) in patients 12 years of age and older,Diseases of the blood and blood-forming organs,29.12.2022,2022,no,NA
withdrawal-assessment-report-rotigotine-mylan-rotigotine_en.pdf,EMA/29245/2018,EMEA/H/C/004286/0000,Rotigotine Mylan,rotigotine,Mylan,Small molecule,transdermal patch,cutaneous,withdrawn,withdrawn,21.04.2017,2017,no,no,Parkinson’s disease and moderate-to-severe primary restless legs syndrome,NA,Diseases of the nervous system,Not reported,Not reported,yes,NA
zoledronic-acid-mylan-epar-public-assessment-report_en.pdf,EMA/550636/2012,EMEA/H/C/002482,Zoledronic acid Mylan,zoledronic acid,Mylan S.A.S.,Small molecule,concentrate for solution for infusion,intravenous,approved,authorised,21.06.2012,2012,no,no,Prevention of skeletal related events in patients with advanced malignancies involving bone; Treatment of tumour-induced hypercalcaemia (TIH),Prevention of skeletal related events in adult patients with advanced malignancies involving bone; Treatment of adult patients with tumour-induced hypercalcaemia (TIH),Neoplasms; Diseases of the musculoskeletal system and connective tissue,04.05.2011,2011,yes,Not reported
libmyris-epar-public-assessment-report_en.pdf,EMA/771818/2021,EMEA/H/C/005947/0000,Libmyris,adalimumab,STADA Arzneimittel AG,Biologics,solution for injection,subcutaneous,approved,authorised,16.09.2021,2021,no,no,Rheumatoid arthritis; Juvenile idiopathic arthritis; Axial spondyloarthritis; Psoriatic arthritis; Psoriasis; Hidradenitis suppurativa; Crohn’s disease; Ulcerative colitis; Uveitis,Rheumatoid arthritis; Juvenile idiopathic arthritis; Axial spondyloarthritis; Psoriatic arthritis; Psoriasis; Hidradenitis suppurativa; Crohn’s disease; Ulcerative colitis; Uveitis,Diseases of the musculoskeletal system and connective tissue; Diseases of the skin; Diseases of the digestive system; Diseases of the eye and adnexa,11.09.2020,2020,no,NA
elonva-epar-public-assessment-report_en.pdf,EMA/CHMP/802299/2009,EMEA/H/C/1106,Elonva,corifollitropin alfa,N.V. Organon,Biologics,solution for injection,subcutaneous,approved,authorised,19.11.2009,2009,no,no,Controlled Ovarian Stimulation (COS) for the development of multiple follicles and pregnancy in women participating in an Assisted Reproductive Technology (ART) program.,Controlled Ovarian Stimulation (COS) in combination with a GnRH antagonist for the development of multiple follicles in women participating in an Assisted Reproductive Technology (ART) program.,"Endocrine, nutritional, and metabolic diseases",04.12.2008,2008,no,NA
clopidogrel-krka-epar-public-assessment-report_en.pdf,Not reported,EMEA/H/C/001056,Clopidogrel Krka,clopidogrel,"Krka, d.d., Novo mesto",Small molecule,film coated tablets,oral,approved,authorised,25.06.2009,2009,no,no,Prevention of atherothrombotic events in adults,Prevention of atherothrombotic events in adults,Diseases of the circulatory system,25.07.2008,2008,no,NA
sutent-epar-scientific-discussion_en.pdf,EMA/000000/2006,EMEA/H/C/000000,SUTENT,sunitinib malate,Pfizer,Small molecule,hard capsules,oral,approved,authorised,Not reported,2006,yes,no,"treatment of unresectable and/or metastatic malignant gastrointestinal stromal tumour after failure of imatinib mesylate treatment due to resistance or intolerance, and in the treatment of advanced and/or metastatic metastatic renal cell carcinoma after failure of cytokine-based therapy","treatment of unresectable and/or metastatic malignant gastrointestinal stromal tumour after failure of imatinib mesylate treatment due to resistance or intolerance, and in the treatment of advanced and/or metastatic metastatic renal cell carcinoma after failure of cytokine-based therapy",Neoplasms,Not reported,Not reported,no,NA
cholib-epar-public-assessment-report_en.pdf,EMA/308856/2013,EMEA/H/C/002559/0000,Cholib,fenofibrate / simvastatine,Abbott Healthcare Products Ltd.,Small molecule,film-coated tablets,oral,approved,authorised,27.06.2013,2013,no,no,Cholib is indicated in adults as adjunctive therapy to diet and exercise in mixed dyslipidaemia where use of a combination product is appropriate to reduce triglycerides and increase HDL-cholesterol levels in patients at high cardiovascular risk who are not adequately controlled with a statin alone.,Cholib is indicated as adjunctive therapy to diet and exercise in high cardiovascular risk adult patients with mixed dyslipidaemia to reduce triglycerides and increase HDL-C levels when LDL-C levels are adequately controlled with the corresponding dose of simvastatin monotherapy.,"Diseases of the circulatory system; Endocrine, nutritional, and metabolic diseases",21.12.2011,2011,no,NA
zeffix-epar-scientific-discussion_en.pdf,Not reported,Not reported,Zeffix,Lamivudine,Not reported,Small molecule,film-coated tablet; oral solution,oral,approved,authorised,Not reported,Not reported,no,yes,Treatment of adult patients with chronic hepatitis B and evidence of viral replication with decompensated liver disease or with histologically documented active liver inflammation and/or fibrosis.,Treatment of adult patients with chronic hepatitis B and evidence of viral replication with decompensated liver disease or with histologically documented active liver inflammation and/or fibrosis.,Infectious and parasitic diseases,Not reported,Not reported,yes,Not reported
alofisel-epar-public-assessment-report_en.pdf,EMA/64055/2018,EMEA/H/C/004258/0000,Alofisel,darvadstrocel,"TIGENIX, S.A.U.",Cell and gene therapy,suspension for injection,intralesional,approved,authorised,14.12.2017,2017,yes,no,"treatment of complex perianal fistula(s) in adult patients with non-active/mildly active luminal Crohn’s disease, when fistula(s) have shown an inadequate response to at least one conventional or biologic therapy","treatment of complex perianal fistula(s) in adult patients with non-active/mildly active luminal Crohn’s disease, when fistula(s) have shown an inadequate response to at least one conventional or biologic therapy",Diseases of the digestive system,02.03.2016,2016,no,NA
mircera-epar-scientific-discussion_en.pdf,EMA/30329/2007,EMEA/H/C/000739,MIRCERA,methoxy polyethylene glycol-epoetin beta,Roche,Biologics,solution for intravenous or subcutaneous administration,intravenous; subcutaneous,approved,authorised,Not reported,2007,no,no,treatment of anaemia associated with chronic kidney disease (CKD),treatment of anaemia associated with chronic kidney disease (CKD),Diseases of the blood and blood-forming organs; Diseases of the genitourinary system,Not reported,Not reported,no,NA
alkindi-epar-public-assessment-report_en.pdf,EMA/4145/2018,EMEA/H/C/004416/0000,Alkindi,hydrocortisone,DIURNAL LTD,Small molecule,granules in capsules for opening,oral,approved,authorised,14.12.2017,2017,no,yes,"Alkindi is indicated in neonates, infants and children less than 6 years for use as replacement therapy in primary, secondary, or acute adrenal insufficiency.","Replacement therapy of adrenal insufficiency in infants, children and adolescents (from birth to < 18 years old).","Endocrine, nutritional, and metabolic diseases",25.11.2016,2016,yes,Not reported
atosiban-sun-epar-public-assessment-report_en.pdf,EMA/476499/2013,EMEA/H/C/002329,Atosiban SUN,Atosiban,Sun Pharmaceutical Industries Europe B.V.,Peptides and proteins,solution for injection,intravenous,approved,authorised,30.05.2013,2013,no,no,"to delay imminent pre-term birth in pregnant adult women with regular uterine contractions, cervical dilation, gestational age from 24 until 33 weeks, and normal foetal heart rate","to delay imminent pre-term birth in pregnant adult women with regular uterine contractions, cervical dilation, gestational age from 24 until 33 weeks, and normal foetal heart rate",Pregnancy and childbirth,29.08.2012,2012,yes,Not reported
pandemic-influenza-vaccine-h5n1-baxter-epar-public-assessment-report_en.pdf,Not reported,EMEA/H/C/001200,PANDEMIC INFLUENZA VACCINE H5N1 BAXTER,"Pandemic influenza vaccine (H5N1 whole virion, Vero cell derived, inactivated)",Baxter AG,Vaccine,Not reported,Not reported,approved,withdrawn,23.07.2009,2009,no,no,Prophylaxis of influenza in an officially declared pandemic situation,Prophylaxis of influenza in an officially declared pandemic situation,Infectious and parasitic diseases,09.07.2009,2009,yes,Not reported
mimpara-epar-scientific-discussion_en.pdf,Not reported,EMEA/H/C/0000,Mimpara,cinacalcet hydrochloride,Amgen Europe B.V,Small molecule,film coated tablets,oral,approved,authorised,Not reported,2004,no,no,Secondary hyperparathyroidism in patients with end-stage renal disease (ESRD) on maintenance dialysis therapy; Reduction of hypercalcaemia in patients with parathyroid carcinoma,Secondary hyperparathyroidism in patients with end-stage renal disease (ESRD) on maintenance dialysis therapy; Reduction of hypercalcaemia in patients with parathyroid carcinoma,"Endocrine, nutritional, and metabolic diseases; Neoplasms",Not reported,Not reported,no,NA
withdrawal-assessment-report-radicava_en.pdf,EMA/CHMP/290284/2019,EMEA/H/C/004938/0000,Radicava,edaravone,Mitsubishi Tanabe Pharma Corporation,Small molecule,solution for infusion,intravenous,withdrawn,withdrawn,24.05.2019,2019,yes,no,treatment of amyotrophic lateral sclerosis (ALS),NA,Diseases of the nervous system,Not reported,Not reported,no,NA
repaglinide-accord-epar-public-assessment-report_en.pdf,EMA/9712/2012,EMEA/H/C/002318,Repaglinide Accord,Repaglinide,Accord Healthcare Limited,Small molecule,tablet,oral,approved,authorised,20.10.2011,2011,no,no,"Repaglinide is indicated in patients with type 2 diabetes (Non Insulin-Dependent Diabetes Mellitus (NIDDM)) whose hyperglycaemia can no longer be controlled satisfactorily by diet, weight reduction and exercise. Repaglinide is also indicated in combination with metformin in type 2 diabetes patients who are not satisfactorily controlled on metformin alone.","Repaglinide is indicated in patients with type 2 diabetes (Non Insulin-Dependent Diabetes Mellitus (NIDDM)) whose hyperglycaemia can no longer be controlled satisfactorily by diet, weight reduction and exercise. Repaglinide is also indicated in combination with metformin in type 2 diabetes patients who are not satisfactorily controlled on metformin alone.","Endocrine, nutritional, and metabolic diseases",18.11.2010,2010,yes,CHMP
glubrava-epar-scientific-discussion_en.pdf,Not reported,Not reported,Pioglitazone/Metformin hydrochloride Takeda,"pioglitazone, metformin hydrochloride",Takeda,Small molecule,film-coated tablets,oral,approved,withdrawn,Not reported,Not reported,no,no,"treatment of type 2 diabetes mellitus patients, particularly overweight patients, who are unable to achieve sufficient glycaemic control at their maximally tolerated dose of oral metformin alone","treatment of type 2 diabetes mellitus patients, particularly overweight patients, who are unable to achieve sufficient glycaemic control at their maximally tolerated dose of oral metformin alone","Endocrine, nutritional, and metabolic diseases",Not reported,Not reported,yes,Not reported
bimzelx-epar-public-assessment-report_en.pdf,EMA/393532/2021,EMEA/H/C/005316/0000,Bimzelx,bimekizumab,UCB Pharma S.A.,Biologics,solution for injection,subcutaneous,approved,authorised,24.06.2021,2021,no,no,treatment of moderate to severe plaque psoriasis in adults who are candidates for systemic therapy,treatment of moderate to severe plaque psoriasis in adults who are candidates for systemic therapy,Diseases of the skin,15.07.2020,2020,no,NA
penbraya-epar-public-assessment-report_en.pdf,EMA/464092/2024,EMEA/H/C/006165/0000,Penbraya,"Meningococcal groups A, C, W, Y conjugate and group B vaccine (recombinant, adsorbed)",Pfizer Europe MA EEIG,Vaccine,sterile liquid suspension,intramuscular,approved,withdrawn,19.09.2024,2024,no,no,"active immunisation of individuals 10 years of age and older to prevent invasive disease caused by Neisseria meningitidis groups A, B, C, W, and Y","active immunisation of individuals 10 years of age and older to prevent invasive disease caused by Neisseria meningitidis groups A, B, C, W, and Y",Infectious and parasitic diseases,02.02.2023,2023,yes,Not reported
verkazia-epar-public-assessment-report_en.pdf,EMA/505143/2017,EMEA/H/C/004411/0000,Verkazia,ciclosporin,Santen Oy,Peptides and proteins,"eye drops, emulsion",ocular,approved,authorised,20.07.2017,2017,yes,no,treatment of severe vernal keratoconjunctivitis (VKC) in children and adolescents from 4 to 18 years old,treatment of severe vernal keratoconjunctivitis (VKC) in children and adolescents from 4 to 18 years old,Diseases of the eye and adnexa,16.12.2016,2016,yes,Not reported
paliperidone-janssen-cilag-international-epar-public-assessment-report_en.pdf,EMA/358737/2020,EMEA/H/C/005486/0000,Paliperidone Janssen-Cilag International,paliperidone,Janssen-Cilag International N.V,Small molecule,long-acting injectable,Not reported,approved,authorised,30.04.2020,2020,no,no,maintenance treatment of schizophrenia in adult patients stabilised with paliperidone or risperidone,maintenance treatment of schizophrenia in adult patients stabilised with paliperidone or risperidone,Mental and behavioural disorders,07.02.2020,2020,yes,NA
beovu-epar-public-assessment-report_en.pdf,EMA/23630/2020,EMEA/H/C/004913/0000,Beovu,brolucizumab,Novartis Europharm Limited,Biologics,Solution for injection,Intravitreal,approved,authorised,12.12.2019,2019,no,no,treatment of neovascular (wet) age-related macular degeneration (AMD),treatment of neovascular (wet) age-related macular degeneration (AMD),Diseases of the eye and adnexa,06.02.2019,2019,no,NA
descovy-epar-public-assessment-report_en.pdf,EMA/192941/2016,EMEA/H/C/004094/0000,Descovy,emtricitabine / tenofovir alafenamide,Gilead Sciences International Ltd,Small molecule,film-coated tablet,oral,approved,authorised,25.02.2016,2016,no,no,Descovy is indicated in combination with other antiretroviral agents for the treatment of human immunodeficiency virus type 1 (HIV-1) infection in adults without any known mutations associated with resistance to the individual components of Descovy.,Descovy is indicated in combination with other antiretroviral agents for the treatment of human immunodeficiency virus type 1 (HIV-1) infection in adults without any known mutations associated with resistance to the individual components of Descovy.,Infectious and parasitic diseases,21.04.2015,2015,no,NA
nepexto-epar-public-assessment-report_en.pdf,EMA/212524/2020,EMEA/H/C/004711/0000,Nepexto,etanercept,Mylan IRE Healthcare Limited,Biologics,solution for injection,subcutaneous,approved,authorised,26.03.2020,2020,no,no,Rheumatoid arthritis; Juvenile idiopathic arthritis; Psoriatic arthritis; Axial spondyloarthritis; Plaque psoriasis; Paediatric plaque psoriasis,Rheumatoid arthritis; Juvenile idiopathic arthritis; Psoriatic arthritis; Axial spondyloarthritis; Plaque psoriasis; Paediatric plaque psoriasis,Diseases of the musculoskeletal system and connective tissue; Diseases of the skin,30.04.2018,2018,no,NA
obiltoxaximab-sfl-epar-public-assessment-report_en.pdf,EMA/524933/2020,EMEA/H/C/005169/0000,Obiltoxaximab SFL,obiltoxaximab,SFL Pharmaceuticals Deutschland GmbH,Biologics,concentrate for solution for infusion,intravenous,approved,withdrawn,17.09.2020,2020,yes,no,Obiltoxaximab SFL is indicated in adults and paediatric patients for treatment of inhalational anthrax due to Bacillus anthracis in combination with appropriate antibacterial drugs. Obiltoxaximab SFL is also indicated in adults and paediatric patients for the post-exposure prophylaxis of inhalation anthrax when alternative therapies are not appropriate or are not available.,Obiltoxaximab SFL is indicated in adults and paediatric patients for treatment of inhalational anthrax due to Bacillus anthracis in combination with appropriate antibacterial drugs. Obiltoxaximab SFL is also indicated in adults and paediatric patients for the post-exposure prophylaxis of inhalation anthrax when alternative therapies are not appropriate or are not available.,Infectious and parasitic diseases,03.06.2019,2019,no,NA
steglatro-epar-public-assessment-report_en.pdf,EMA/86938/2018,EMEA/H/C/004315/0000,Steglatro,ertugliflozin,Merck Sharp & Dohme Limited,Small molecule,film-coated tablet,oral,approved,authorised,25.01.2018,2018,no,no,"For adults aged 18 years and older with type 2 diabetes mellitus to improve glycaemic control as monotherapy or in combination with other glucose-lowering medicinal products, including insulin.","For adults aged 18 years and older with type 2 diabetes mellitus to improve glycaemic control as monotherapy or in combination with other glucose-lowering medicinal products, including insulin.","Endocrine, nutritional, and metabolic diseases",01.02.2017,2017,no,NA
levodopacarbidopaentacapone-sandoz-epar-public-assessment-report_en.pdf,EMA/707244/2013,EMEA/H/C/002785,Levodopa Carbidopa Entacapone Sandoz,Levodopa Carbidopa Entacapone,Orion Corporation,Small molecule,film-coated tablet,oral,approved,authorised,19.09.2013,2013,no,yes,treatment of adult patients with Parkinson’s disease and end-of-dose motor fluctuations not stabilised on levodopa/dopa decarboxylase (DDC) inhibitor treatment,treatment of adult patients with Parkinson's disease and end-of-dose motor fluctuations not stabilised on levodopa/dopa-decarboxylase (DDC)-inhibitor treatment,Diseases of the nervous system,07.02.2013,2013,yes,Not reported
vfend-epar-scientific-discussion_en.pdf,Not reported,Not reported,Vfend,voriconazole,Not reported,Small molecule,film-coated tablets; powder for solution for infusion,intravenous; oral,approved,authorised,Not reported,Not reported,no,no,Treatment of invasive aspergillosis; Treatment of candidemia in non-neutropenic patients; Treatment of fluconazole-resistant serious invasive Candida infections; Treatment of serious fungal infections caused by Scedosporium spp. and Fusarium spp.,Treatment of invasive aspergillosis; Treatment of fluconazole-resistant serious invasive Candida infections (including C. krusei); Treatment of serious fungal infections caused by Scedosporium spp. and Fusarium spp.,Infectious and parasitic diseases,Not reported,Not reported,no,NA
ikervis-epar-public-assessment-report_en.pdf,EMA/CHMP/473489/2014,EMEA/H/C/002066,IKERVIS,ciclosporin,Santen SAS,Peptides and proteins,"Eye drops, emulsion",Ocular,approved,authorised,22.01.2015,2015,no,no,Treatment of dry eye disease in adult patients with severe keratitis that does not improve despite treatment with tear substitutes,"Treatment of severe keratitis in adult patients with dry eye disease, which has not improved despite treatment with tear substitutes",Diseases of the eye and adnexa,02.12.2013,2013,yes,CHMP
xeplion-epar-public-assessment-report_en.pdf,EMA/60983/2011,EMEA/H/C/2105,Xeplion,paliperidone,Janssen-Cilag International NV,Small molecule,prolonged release suspension for injection,intramuscular,approved,authorised,16.12.2010,2010,no,no,Treatment of adult patients with schizophrenia,Treatment of adult patients with schizophrenia,Mental and behavioural disorders,03.12.2009,2009,no,NA
neulasta-epar-scientific-discussion_en.pdf,Not reported,Not reported,Neulasta,pegfilgrastim,Amgen Inc.,Biologics,solution for injection,subcutaneous,approved,authorised,Not reported,Not reported,no,no,Reduction in the duration of neutropenia and the incidence of febrile neutropenia in patients treated with cytotoxic chemotherapy for malignancy (with the exception of chronic myeloid leukaemia and myelodysplastic syndromes),Reduction in the duration of neutropenia and the incidence of febrile neutropenia in patients treated with cytotoxic chemotherapy for malignancy (with the exception of chronic myeloid leukaemia and myelodysplastic syndromes),Neoplasms; Diseases of the blood and blood-forming organs,Not reported,Not reported,no,NA
skyrizi-epar-public-assessment-report_en.pdf,EMA/191996/2019,EMEA/H/C/004759/0000,Skyrizi,risankizumab,AbbVie Deutschland GmbH & Co. KG,Biologics,Solution for injection,Subcutaneous,approved,authorised,28.02.2019,2019,no,no,Treatment of moderate to severe plaque psoriasis in adults,Treatment of moderate to severe plaque psoriasis in adults,Diseases of the skin,26.04.2018,2018,no,NA
intuniv-epar-public-assessment-report_en.pdf,EMA/CHMP/534329/2015,EMEA/H/C/003759/0000,INTUNIV,GUANFACINE,Shire Pharmaceuticals Ireland Ltd.,Small molecule,prolonged-release tablet,oral,approved,authorised,23.07.2015,2015,no,no,"treatment of attention deficit hyperactivity disorder (ADHD) in children and adolescents 6 to 17 years old for whom stimulants are not suitable, not tolerated or have been shown to be ineffective","treatment of attention deficit hyperactivity disorder (ADHD) in children and adolescents 6 to 17 years old for whom stimulants are not suitable, not tolerated or have been shown to be ineffective",Mental and behavioural disorders,03.03.2014,2014,no,NA
levitra-epar-scientific-discussion_en.pdf,Not reported,Not reported,Levitra,Vardenafil,Not reported,Small molecule,Film coated tablets,Oral,approved,authorised,Not reported,Not reported,no,no,Treatment of erectile dysfunction,Treatment of erectile dysfunction,Diseases of the genitourinary system,Not reported,Not reported,no,NA
orladeyo-epar-public-assessment-report_en.pdf,EMA/153239/2021,EMEA/H/C/005138/0000,Orladeyo,berotralstat,BioCryst Ireland Limited,Small molecule,"Capsule, hard",Oral,approved,authorised,25.02.2021,2021,yes,no,Routine prevention of recurrent attacks of hereditary angioedema (HAE) in patients aged 12 years and older,Routine prevention of recurrent attacks of hereditary angioedema (HAE) in adult and adolescent patients aged 12 years and older,Diseases of the blood and blood-forming organs,09.03.2020,2020,no,NA
envarsus-epar-public-assessment-report_en.pdf,EMA/CHMP/81205/2014,EMEA/H/C/002655/0000,Envarsus,tacrolimus,Chiesi Farmaceutici S.p.A.,Small molecule,Prolonged-release tablet,Oral,approved,authorised,22.05.2014,2014,no,yes,Prophylaxis of transplant rejection in adult kidney allograft recipients,Prophylaxis of transplant rejection in adult kidney or liver allograft recipients; Treatment of allograft rejection resistant to treatment with other immunosuppressive medicinal products in adult patients,Diseases of the genitourinary system; Diseases of the digestive system,29.04.2013,2013,yes,Not reported
chondrocelect-epar-public-assessment-report_en.pdf,Not reported,EMEA/H/C/000878,ChondroCelect,characterised viable autologous cartilage cells expanded ex vivo expressing specific marker proteins,TiGenix NV,Cell and gene therapy,suspension,autologous,approved,withdrawn,25.06.2009,2009,no,no,repair of single symptomatic cartilaginous defects of the femoral condyle of the knee (ICRS grade III or IV) in adults,repair of single symptomatic cartilage defects of the femoral condyle of the knee (ICRS grade III or IV) from 2 cm² onwards in adults,Diseases of the musculoskeletal system and connective tissue,01.06.2007,2007,yes,CHMP
lemtrada-epar-public-assessment-report_en.pdf,EMA/563018/2013,EMEA/H/C/003718/0000,Lemtrada,Alemtuzumab,Genzyme Therapeutics Ltd,Biologics,concentrate solution for infusion,intravenous,approved,authorised,27.06.2013,2013,no,no,Lemtrada is indicated for adult patients with relapsing remitting multiple sclerosis (RRMS) to decrease the frequency of relapses and slow or reverse accumulation of disability.,Lemtrada is indicated for adult patients with relapsing remitting multiple sclerosis (RRMS) to decrease the frequency of relapses and slow or reverse accumulation of disability.,Diseases of the nervous system,19.12.2012,2012,no,NA
signifor-epar-public-assessment-report_en.pdf,Not reported,EMEA/H/C/002052,Signifor,pasireotide,Novartis Europharm Ltd.,Peptides and proteins,Solution for injection,Subcutaneous,approved,authorised,19.01.2012,2012,yes,no,Treatment of adult patients with Cushing’s disease for whom surgery is not an option or for whom surgery has failed.,Treatment of adult patients with Cushing’s disease for whom surgery is not an option or for whom surgery has failed.,"Endocrine, nutritional, and metabolic diseases",30.09.2010,2010,no,NA
pirfenidone-aet-epar-public-assessment-report_en.pdf,EMA/584774/2022,EMEA/H/C/005873/0000,Pirfenidone AET,pirfenidone,Alfred E. Tiefenbacher (GmbH & Co. KG),Small molecule,film-coated tablet,oral,approved,authorised,22.04.2022,2022,no,no,Pirfenidone AET is indicated in adults for the treatment of mild to moderate idiopathic pulmonary fibrosis (IPF).,Pirfenidone AET is indicated in adults for the treatment of mild to moderate idiopathic pulmonary fibrosis (IPF).,Diseases of the respiratory system,28.04.2021,2021,yes,NA
talvey-epar-public-assessment-report_en.pdf,EMA/365426/2023,EMEA/H/C/005864/0000,Talvey,talquetamab,Janssen-Cilag International N.V.,Biologics,solution for subcutaneous injection,subcutaneous,approved,authorised,20.07.2023,2023,yes,no,"as monotherapy for the treatment of adult patients with relapsed and refractory multiple myeloma, who have received at least 3 prior therapies, including an immunomodulatory agent, a proteasome inhibitor, and an anti-CD38 antibody and have demonstrated disease progression or did not respond to the last therapy","as monotherapy for the treatment of adult patients with relapsed and refractory multiple myeloma, who have received at least 3 prior therapies, including an immunomodulatory agent, a proteasome inhibitor, and an anti-CD38 antibody and have demonstrated disease progression or did not respond to the last therapy",Neoplasms; Diseases of the blood and blood-forming organs,03.01.2023,2023,no,NA
exjade-epar-scientific-discussion_en.pdf,EMA/000670/2006,EMEA/H/C/000670,Exjade,Deferasirox,Novartis Europharm,Small molecule,dispersible tablets,oral,approved,authorised,02.11.2005,2005,no,no,treatment of chronic iron overload due to blood transfusion (transfusional haemosiderosis) in adult and paediatric patients (aged 2 years and over),treatment of chronic iron overload due to frequent blood transfusions (≥7 ml/kg/month of packed red blood cells) in patients with beta thalassaemia major aged 6 years and older,Diseases of the blood and blood-forming organs,Not reported,Not reported,no,NA
orkambi-epar-public-assessment-report_en.pdf,EMA/686121/2018,EMEA/H/C/003954/0000,Orkambi,Lumacaftor / Ivacaftor,Vertex Pharmaceuticals (Europe) Limited,Small molecule,film-coated tablet,oral,approved,authorised,24.09.2015,2015,yes,no,treatment of cystic fibrosis (CF) in patients age 12 years and older who are homozygous for the F508del mutation in the CFTR gene,treatment of cystic fibrosis (CF) in patients age 12 years and older who are homozygous for the F508del mutation in the CFTR gene,Diseases of the respiratory system; Congenital malformations and chromosomal abnormalities,05.11.2014,2014,no,NA
soliris-epar-scientific-discussion_en.pdf,EMA/000000/2007,EMEA/H/C/000000,Soliris,eculizumab,Alexion Pharmaceuticals Inc.,Biologics,concentrate for solution for infusion,intravenous,approved,authorised,Not reported,2007,Not reported,no,treatment of patients with paroxysmal nocturnal haemoglobinuria (PNH),treatment of patients with paroxysmal nocturnal haemoglobinuria (PNH),Diseases of the blood and blood-forming organs,Not reported,Not reported,no,NA
temodal-epar-scientific-discussion_en.pdf,Not reported,EMEA/H/C/000229,Temodal,temozolomide,Not reported,Small molecule,capsules,oral,approved,authorised,Not reported,Not reported,Not reported,yes,"treatment of malignant glioma, such as glioblastoma multiforme or anaplastic astrocytoma, showing recurrence or progression after standard therapy","treatment of malignant glioma, such as glioblastoma multiforme or anaplastic astrocytoma, showing recurrence or progression after standard therapy",Neoplasms; Diseases of the nervous system,Not reported,Not reported,no,NA
piasky-epar-public-assessment-report_en.pdf,EMA/332145/2024,EMEA/H/C/006061/0000,Piasky,crovalimab,Roche Registration GmbH,Biologics,solution for IV infusion and SC injection,intravenous; subcutaneous,approved,authorised,27.06.2024,2024,Not reported,no,Piasky is indicated for the treatment of adult and paediatric patients with paroxysmal nocturnal haemoglobinuria (PNH),Piasky is indicated for the treatment of adult and paediatric patients with paroxysmal nocturnal haemoglobinuria (PNH),Diseases of the blood and blood-forming organs,19.06.2023,2023,no,NA
spectrila-epar-public-assessment-report_en.pdf,EMA/CHMP/842555/2015,EMEA/H/C/002661/0000,Spectrila,Asparaginase,medac Gesellschaft fuer klinische Spezialpraeparate mbH,Biologics,lyophilised powder for concentrate for solution for infusion,intravenous,approved,authorised,26.11.2015,2015,no,no,"Spectrila is indicated as a component of a curative antineoplastic combination therapy for infants, children, adolescents and adults with acute B/T cell lymphoblastic leukaemia (ALL) or B/T cell lymphoblastic lymphoma (LBL).",Spectrila is indicated as a component of antineoplastic combination therapy for the treatment of acute lymphoblastic leukaemia (ALL) in paediatric patients from birth to 18 years and adults.,Neoplasms; Diseases of the blood and blood-forming organs,05.12.2013,2013,no,NA
imatinib-koanaa-epar-public-assessment-report_en.pdf,EMA/CHMP/444756/2021,EMEA/H/C/005595/0000,Imatinib Koanaa,imatinib,KOANAA Healthcare GmbH,Small molecule,Oral solution,Oral,approved,withdrawn,22.07.2021,2021,no,no,Treatment of adult and paediatric patients with newly diagnosed Philadelphia chromosome positive chronic myeloid leukaemia (CML) and other related conditions.,Treatment of adult and paediatric patients with newly diagnosed Philadelphia chromosome positive chronic myeloid leukaemia (CML) and other related conditions.,Neoplasms; Diseases of the blood and blood-forming organs,26.06.2020,2020,yes,Not reported
humira-epar-scientific-discussion_en.pdf,Not reported,Not reported,Humira,Adalimumab,Abbott Bioresearch Center,Biologics,solution for injection,subcutaneous,approved,authorised,Not reported,Not reported,no,no,"treatment of moderate to severe, active rheumatoid arthritis in adult patients when the response to disease-modifying anti-rheumatic drugs including methotrexate has been inadequate","treatment of moderate to severe, active rheumatoid arthritis in adult patients when the response to disease-modifying anti-rheumatic drugs including methotrexate has been inadequate",Diseases of the musculoskeletal system and connective tissue,Not reported,Not reported,no,NA
velphoro-epar-public-assessment-report_en.pdf,EMA/567960/2014,EMEA/H/C/002705/0000,Velphoro,"mixture of polynuclear iron(III)-oxyhydroxide, sucrose and starches",Vifor Fresenius Medical Care Renal Pharma France,Other,chewable tablet,oral,approved,authorised,26.06.2014,2014,no,no,control of serum phosphorus levels in adult chronic kidney disease (CKD) patients on haemodialysis (HD) or peritoneal dialysis (PD),control of serum phosphorus levels in adult chronic kidney disease (CKD) patients on haemodialysis (HD) or peritoneal dialysis (PD),"Endocrine, nutritional, and metabolic diseases",19.12.2012,2012,no,NA
zinbryta-epar-public-assessment-report_en.pdf,EMA/458317/2016,EMEA/H/C/003862/0000,Zinbryta,daclizumab,Biogen Idec Ltd,Biologics,solution for injection,subcutaneous,approved,withdrawn,28.04.2016,2016,no,no,Zinbryta is indicated in adult patients for the treatment of relapsing forms of multiple sclerosis (RMS).,Zinbryta is indicated in adult patients for the treatment of relapsing forms of multiple sclerosis (RMS).,Diseases of the nervous system,06.03.2015,2015,no,NA
qaialdo-epar-public-assessment-report_en.pdf,EMA/175439/2023,EMEA/H/C/005535/0000,Qaialdo,spironolactone,Nova Laboratories Ireland Limited,Small molecule,oral suspension,oral,approved,authorised,30.03.2023,2023,no,no,"In the management of refractory oedema associated with congestive cardiac failure; hepatic cirrhosis with ascites and oedema, malignant ascites, nephrotic syndrome, diagnosis and treatment of primary aldosteronism, essential hypertension.","In the management of refractory oedema associated with congestive cardiac failure; hepatic cirrhosis with ascites and oedema, malignant ascites, nephrotic syndrome, diagnosis and treatment of primary aldosteronism, essential hypertension.",Diseases of the circulatory system; Diseases of the digestive system; Neoplasms; Diseases of the genitourinary system,03.11.2021,2021,yes,Not reported
buvidal-epar-public-assessment-report_en.pdf,EMA/693347/2018,EMEA/H/C/004651/0000,Buvidal,buprenorphine,Camurus AB,Small molecule,prolonged-release solution for injection,subcutaneous,approved,authorised,20.09.2018,2018,no,no,"Treatment of opioid dependence within a framework of medical, social and psychological treatment","Treatment of opioid dependence within a framework of medical, social and psychological treatment",Mental and behavioural disorders,27.07.2017,2017,no,NA
idhifa-withdrawal-assessment-report_en.pdf,Not reported,EMEA/H/C/004324/0000,Idhifa,enasidenib,Celgene Europe Ltd,Small molecule,film-coated tablet,oral,withdrawn,withdrawn,19.09.2019,2019,yes,no,adult patients with relapsed or refractory acute myeloid leukaemia (AML) with an isocitrate dehydrogenase 2 (IDH2) mutation,NA,Neoplasms; Diseases of the blood and blood-forming organs,Not reported,Not reported,no,NA
ulipristal-acetate-gedeon-richter-epar-public-assessment-report_en.pdf,EMA/483416/2018,EMEA/H/C/005017/0000,Ulipristal Acetate Gedeon Richter,ulipristal acetate,Gedeon Richter Plc.,Small molecule,tablet,oral,approved,withdrawn,28.06.2018,2018,no,yes,Pre-operative treatment of moderate to severe symptoms of uterine fibroids in adult women of reproductive age; Intermittent treatment of moderate to severe symptoms of uterine fibroids in adult women of reproductive age who are not eligible for surgery.,Pre-operative treatment of moderate to severe symptoms of uterine fibroids in adult women of reproductive age; Intermittent treatment of moderate to severe symptoms of uterine fibroids in adult women of reproductive age who are not eligible for surgery.,Diseases of the genitourinary system,06.04.2018,2018,yes,Not reported
hemgenix-epar-public-assessment-report_en.pdf,EMA/46569/2023,EMEA/H/C/004827/0000,Hemgenix,etranacogene dezaparvovec,CSL Behring GmbH,Cell and gene therapy,concentrate for solution for infusion,intravenous,approved,authorised,15.12.2022,2022,yes,no,"Treatment of adults with Haemophilia B (congenital Factor IX deficiency) and with a preexisting neutralising anti-AAV5 antibody titre below 1:700 to reduce the frequency of bleeding episodes and the need for Factor IX replacement therapy who: currently use Factor IX prophylaxis therapy, or have current or historical life-threatening haemorrhage or repeated, serious spontaneous bleeding episodes.","Treatment of adults with Haemophilia B (congenital Factor IX deficiency) and with a preexisting neutralising anti-AAV5 antibody titre below 1:700 to reduce the frequency of bleeding episodes and the need for Factor IX replacement therapy who: currently use Factor IX prophylaxis therapy, or have current or historical life-threatening haemorrhage or repeated, serious spontaneous bleeding episodes.",Diseases of the blood and blood-forming organs,07.03.2022,2022,no,NA
velosulin-epar-scientific-discussion_en.pdf,Not reported,Not reported,Velosulin,insulin human (rDNA),Not reported,Peptides and proteins,buffered solution,subcutaneous,approved,withdrawn,Not reported,Not reported,no,no,treatment of diabetes mellitus,treatment of diabetes mellitus,"Endocrine, nutritional, and metabolic diseases",Not reported,Not reported,no,NA
privigen-epar-public-assessment-report_en.pdf,EMA/228233/2008,EMEA/H/C/000831,Privigen,human normal immunoglobulin,CSL Behring GmbH,Biologics,solution for intravenous use,intravenous,approved,authorised,25.04.2008,2008,no,no,"Replacement therapy in primary immunodeficiency syndromes; Myeloma or chronic lymphocytic leukaemia with severe secondary hypogammaglobulinaemia and recurrent infections; Children with congenital AIDS and recurrent infections; Immunomodulation in Idiopathic thrombocytopenic purpura, Guillain-Barré syndrome, Kawasaki disease; Allogeneic bone marrow transplantation","Replacement therapy in primary immunodeficiency syndromes; Myeloma or chronic lymphocytic leukaemia with severe secondary hypogammaglobulinaemia and recurrent infections; Children with congenital AIDS and recurrent infections; Immunomodulation in Idiopathic thrombocytopenic purpura, Guillain-Barré syndrome, Kawasaki disease; Allogeneic bone marrow transplantation",Diseases of the blood and blood-forming organs; Infectious and parasitic diseases; Neoplasms,31.01.2007,2007,yes,Not reported
blitzima-epar-public-assessment-report_en.pdf,EMA/CHMP/421793/2017,EMEA/H/C/004723/0000,Blitzima,rituximab,Celltrion Healthcare Hungary Kft.,Biologics,concentrate for solution for infusion,intravenous,approved,authorised,18.05.2017,2017,no,yes,Non-Hodgkin’s lymphoma; Chronic lymphocytic leukaemia; Granulomatosis with polyangiitis and microscopic polyangiitis,Non-Hodgkin’s lymphoma; Chronic lymphocytic leukaemia; Granulomatosis with polyangiitis and microscopic polyangiitis,Neoplasms; Diseases of the blood and blood-forming organs; Diseases of the musculoskeletal system and connective tissue,06.03.2017,2017,no,NA
elmiron-epar-public-assessment-report_en.pdf,EMA/287422/2017,EMEA/H/C/004246/0000,elmiron,pentosan polysulfate sodium,bene-Arzneimittel GmbH,Small molecule,capsule,oral,approved,authorised,23.03.2017,2017,no,yes,elmiron is indicated in adults for the treatment of Interstitial Cystitis,"elmiron is indicated for the treatment of bladder pain syndrome characterized by either glomerulations or Hunner’s lesions in adults with moderate to severe pain, urgency and frequency of micturition",Diseases of the genitourinary system,04.02.2016,2016,yes,CHMP
qutavina-epar-public-assessment-report_en.pdf,EMA/379170/2020,EMEA/H/C/005087/0000,Qutavina,teriparatide,EuroGenerics Holdings B.V.,Peptides and proteins,Solution for injection,Subcutaneous,approved,withdrawn,25.06.2020,2020,no,no,Treatment of osteoporosis in postmenopausal women and in men at increased risk of fracture; Treatment of osteoporosis associated with sustained systemic glucocorticoid therapy in women and men at increased risk for fracture,Treatment of osteoporosis in postmenopausal women and in men at increased risk of fracture; Treatment of osteoporosis associated with sustained systemic glucocorticoid therapy in women and men at increased risk for fracture,Diseases of the musculoskeletal system and connective tissue,06.05.2019,2019,no,NA
clopidogrel-teva-pharma-bv-epar-public-assessment-report_en.pdf,EMA/439548/2011,EMEA/H/C/001226,Clopidogrel Teva Pharma B.V.,clopidogrel,Teva Pharma B.V.,Small molecule,film-coated tablet,oral,approved,withdrawn,22.07.2010,2010,no,no,"Prevention of atherothrombotic events in adults with myocardial infarction, ischaemic stroke, peripheral arterial disease, and acute coronary syndrome","Prevention of atherothrombotic events in adults with myocardial infarction, ischaemic stroke, peripheral arterial disease, and acute coronary syndrome",Diseases of the circulatory system,03.09.2009,2009,yes,CHMP
raloxifene-teva-epar-public-assessment-report_en.pdf,EMA/231873/2010,EMEA/H/C/001075,Raloxifene Teva,raloxifene,Teva Pharma B.V.,Small molecule,film-coated tablet,oral,approved,authorised,18.02.2010,2010,no,no,treatment and prevention of osteoporosis in postmenopausal women,treatment and prevention of osteoporosis in postmenopausal women,Diseases of the musculoskeletal system and connective tissue,02.10.2008,2008,yes,NA
locametz-epar-public-assessment-report_en.pdf,EMA/871509/2022,EMEA/H/C/005488/0000,Locametz,gozetotide,Novartis Europharm Limited,Peptides and proteins,kit for radiopharmaceutical preparation,intravenous,approved,authorised,13.10.2022,2022,no,no,"Locametz, after radiolabelling with gallium-68, is a radioactive diagnostic agent indicated for the identification of prostate-specific membrane antigen (PSMA)-positive lesions by positron emission tomography (PET) in adult patients with prostate cancer.","Detection of prostate specific membrane antigen (PSMA)-positive lesions with positron emission tomography (PET) in adults with prostate cancer (PCa) in the following clinical settings: Primary staging of patients with high-risk PCa prior to primary curative therapy, Suspected PCa recurrence in patients with increasing levels of serum prostate-specific antigen (PSA) after primary curative therapy, Identification of patients with PSMA-positive progressive metastatic castration-resistant prostate cancer (mCRPC) for whom PSMA-targeted therapy is indicated.",Neoplasms; Diseases of the genitourinary system,30.09.2021,2021,no,NA
clopidogrel-hcs-epar-public-assessment-report_en.pdf,Not reported,EMEA/H/C/001133,Clopidogrel HCS,clopidogrel,HCS bvba,Small molecule,film coated tablets,oral,approved,withdrawn,25.06.2009,2009,no,no,"prevention of atherothrombotic events in patients suffering from myocardial infarction, ischaemic stroke, or established peripheral arterial disease","prevention of atherothrombotic events in patients suffering from myocardial infarction, ischaemic stroke, or established peripheral arterial disease",Diseases of the circulatory system,20.02.2009,2009,no,NA
novonorm-epar-scientific-discussion_en.pdf,Not reported,Not reported,NovoNorm,Repaglinide,Not reported,Small molecule,tablet,oral,approved,authorised,Not reported,Not reported,no,no,Treatment of Type 2 diabetes mellitus,Treatment of Type 2 diabetes mellitus,"Endocrine, nutritional, and metabolic diseases",Not reported,Not reported,no,NA
eylea-epar-public-assessment-report_en.pdf,EMA/646256/2012,EMEA/H/C/002392,Eylea,aflibercept,Bayer Pharma AG,Biologics,solution for intravitreal injection,intravitreal,approved,authorised,20.09.2012,2012,no,no,treatment of neovascular (wet) age-related macular degeneration (AMD),treatment of neovascular (wet) age-related macular degeneration (AMD),Diseases of the eye and adnexa,31.05.2011,2011,no,NA
imprida-hct-epar-public-assessment-report_en.pdf,Not reported,EMEA/H/C/001161,Imprida HCT,amlodipine besylate / valsartan / hydrochlorothiazide,Novartis Europharm Limited,Small molecule,film-coated tablets,oral,approved,withdrawn,23.07.2009,2009,no,no,"Treatment of essential hypertension. Imprida HCT is indicated as replacement therapy in patients whose blood pressure is adequately controlled on amlodipine, valsartan and hydrochlorothiazide (HCT) used as individual or combination therapies.","Treatment of essential hypertension as substitution therapy in adult patients whose blood pressure is adequately controlled on the combination of amlodipine, valsartan and hydrochlorothiazide (HCT), taken either as three single-component formulations or as a dual-component and a single-component formulation.",Diseases of the circulatory system,26.03.2009,2009,yes,CHMP
evenity-epar-public-assessment-report_en.pdf,EMA/26554/2020,EMEA/H/C/004465/0000,Evenity,romosozumab,UCB Pharma S.A.,Biologics,solution for subcutaneous injection,subcutaneous,approved,authorised,17.10.2019,2019,no,no,Treatment of osteoporosis in postmenopausal women and in men at increased risk of fractures,severe osteoporosis in postmenopausal women at high risk of fracture,Diseases of the musculoskeletal system and connective tissue,21.11.2017,2017,no,NA
raxone-epar-public-assessment-report_en.pdf,EMA/480039/2015,EMEA/H/C/003834/0000,Raxone,idebenone,Santhera Pharmaceuticals (Deutschland) GmbH,Small molecule,film-coated tablet,oral,approved,authorised,25.06.2015,2015,yes,no,treatment of patients 14 years of age and older with Leber’s Hereditary Optic Neuropathy (LHON),treatment of patients 14 years of age and older with Leber’s Hereditary Optic Neuropathy (LHON),Diseases of the eye and adnexa,04.05.2014,2014,no,NA
insulatard-epar-scientific-discussion_en.pdf,Not reported,Not reported,Insulatard,insulin human,Not reported,Peptides and proteins,suspension,subcutaneous,approved,authorised,Not reported,Not reported,no,no,treatment of patients with diabetes mellitus,treatment of patients with diabetes mellitus,"Endocrine, nutritional, and metabolic diseases",Not reported,Not reported,no,NA
jevtana-epar-public-assessment-report_en.pdf,EMA/CHMP/66633/2011,EMEA/H/C/002018,Jevtana,cabazitaxel,Sanofi-aventis,Small molecule,concentrate for solution for infusion,intravenous,approved,authorised,20.01.2011,2011,no,no,Jevtana in combination with prednisone or prednisolone is indicated for the treatment of patients with hormone refractory metastatic prostate cancer previously treated with a docetaxel containing regimen.,Jevtana in combination with prednisone or prednisolone is indicated for the treatment of patients with hormone refractory metastatic prostate cancer previously treated with a docetaxel-containing regimen.,Neoplasms; Diseases of the genitourinary system,20.04.2010,2010,no,NA
ioa-epar-public-assessment-report_en.pdf,Not reported,EMEA/H/C/002068,Ioa,nomegestrol/estradiol,N.V. Organon,Small molecule,film-coated tablet,oral,approved,withdrawn,22.03.2011,2011,no,no,Oral contraception in fertile women including post-menarcheal adolescents from age of 12 years.,Oral contraception,Diseases of the genitourinary system,03.12.2009,2009,no,NA
inlyta-epar-public-assessment-report_en.pdf,EMA/CHMP/453325/2012,EMEA/H/C/002406,Inlyta,axitinib,Pfizer Ltd.,Small molecule,Film-coated tablet,Oral,approved,authorised,24.05.2012,2012,yes,no,treatment of adult patients with advanced renal cell carcinoma (RCC) after failure of prior systemic treatment,treatment of adult patients with advanced renal cell carcinoma (RCC) after failure of prior treatment with sunitinib or a cytokine,Neoplasms; Diseases of the genitourinary system,19.04.2011,2011,no,NA
temozolomide-sun-epar-public-assessment-report_en.pdf,Not reported,EMEA/H/C/002198,Temozolomide Sun,temozolomide,Sun Pharmaceutical Industries Europe B.V,Small molecule,hard capsules,oral,approved,authorised,19.05.2011,2011,no,no,"adult patients with newly-diagnosed glioblastoma multiforme concomitantly with radiotherapy and subsequently as monotherapy treatment; children from the age of three years, adolescents and adult patients with malignant glioma, such as glioblastoma multiforme or anaplastic astrocytoma, showing recurrence or progression after standard therapy","adult patients with newly-diagnosed glioblastoma multiforme concomitantly with radiotherapy and subsequently as monotherapy treatment; children from the age of three years, adolescents and adult patients with malignant glioma, such as glioblastoma multiforme or anaplastic astrocytoma, showing recurrence or progression after standard therapy",Neoplasms; Diseases of the nervous system,29.06.2010,2010,yes,Not reported
multaq-epar-public-assessment-report_en.pdf,Not reported,EMEA/H/C/001043,Multaq,dronedarone,Sanofi-aventis,Small molecule,film-coated tablets,oral,approved,authorised,24.09.2009,2009,no,no,"Multaq is indicated in patients with a history of, or current atrial fibrillation or atrial flutter, for the reduction of the risk of cardiovascular hospitalization or death.","Multaq is indicated in stable patients with either a recent history of, or current non-permanent atrial fibrillation.",Diseases of the circulatory system,03.07.2008,2008,no,NA
zegalogue-epar-public-assessment-report_en.pdf,EMA/281112/2024,EMEA/H/C/006214/0000,Zegalogue,dasiglucagon,Zealand Pharma A/S,Peptides and proteins,solution for injection,subcutaneous,approved,authorised,30.05.2024,2024,no,no,"treatment of severe hypoglycaemia in adults, adolescents, and children aged 6 years and over with diabetes mellitus","treatment of severe hypoglycaemia in adults, adolescents, and children aged 6 years and over with diabetes mellitus","Endocrine, nutritional, and metabolic diseases",23.06.2023,2023,no,NA
aqumeldi-epar-public-assessment-report_en.pdf,EMA/481595/2023,EMEA/H/C/005731/0000,Aqumeldi,enalapril maleate,Proveca Pharma Limited,Small molecule,Orodispersible tablet,Oral,approved,authorised,14.09.2023,2023,no,no,treatment of heart failure in children from birth to less than 18 years,treatment of heart failure in children from birth to less than 18 years,Diseases of the circulatory system,07.03.2022,2022,yes,Not reported
ozempic-epar-public-assessment-report_en.pdf,EMA/CHMP/715701/2017,EMEA/H/C/004174/0000,Ozempic,semaglutide,Novo Nordisk A/S,Peptides and proteins,solution for injection,subcutaneous,approved,authorised,14.12.2017,2017,no,no,Glycaemic control in adults with type 2 diabetes mellitus as monotherapy or add-on therapy; Prevention of cardiovascular events in adults with type 2 diabetes mellitus and high cardiovascular risk,Treatment of adults with insufficiently controlled type 2 diabetes mellitus as an adjunct to diet and exercise,"Endocrine, nutritional, and metabolic diseases; Diseases of the circulatory system",05.12.2016,2016,no,NA
kymriah-epar-public-assessment-report_en.pdf,EMA/485563/2018,EMEA/H/C/004090/0000,Kymriah,tisagenlecleucel,Novartis Europharm Limited,Cell and gene therapy,dispersion for infusion,intravenous,approved,authorised,28.06.2018,2018,yes,no,Treatment of paediatric and young adult patients aged 3 to 25 years with relapsed or refractory B-cell acute lymphoblastic leukaemia (ALL); Adult patients with relapsed or refractory diffuse large B-cell lymphoma (DLBCL) who are ineligible for autologous stem cell transplant.,"Paediatric and young adult patients up to 25 years of age with B-cell acute lymphoblastic leukaemia (ALL) that is refractory, in relapse post-transplant or in second or later relapse; Adult patients with relapsed or refractory diffuse large B-cell lymphoma (DLBCL) after two or more lines of systemic therapy.",Neoplasms; Diseases of the blood and blood-forming organs,02.11.2017,2017,yes,Not reported
fareston-epar-scientific-discussion_en.pdf,Not reported,Not reported,Fareston,Toremifene,Not reported,Small molecule,Not reported,oral,approved,authorised,Not reported,Not reported,no,no,First line hormone treatment of hormone-dependent metastatic breast cancer in post-menopausal patients,First line hormone treatment of hormone-dependent metastatic breast cancer in post-menopausal patients,Neoplasms,Not reported,Not reported,no,NA
livtencity-epar-public-assessment-report_en.pdf,EMA/792160/2022,EMEA/H/C/005787/0000,Livtencity,maribavir,Takeda Pharmaceuticals International AG Ireland Branch,Small molecule,film-coated tablet,oral,approved,authorised,15.09.2022,2022,yes,no,"Treatment of adults with post-transplant cytomegalovirus (CMV) infection and/or disease who are resistant and/or refractory to one or more prior therapy including ganciclovir, valganciclovir, cidofovir or foscarnet.","Treatment of adults with post-transplant cytomegalovirus (CMV) infection and/or disease who are resistant and/or refractory to one or more prior therapy including ganciclovir, valganciclovir, cidofovir or foscarnet.",Infectious and parasitic diseases,31.05.2021,2021,no,NA
cystadrops-epar-public-assessment-report_en.pdf,EMA/738656/2016,EMEA/H/C/003769/0000,Cystadrops,mercaptamine,Orphan Europe S.A.R.L.,Small molecule,"Eye drops, solution",Ocular,approved,authorised,13.10.2016,2016,yes,no,treatment of corneal cystine crystal deposits in cystinosis patients,treatment of corneal cystine crystal deposits in adults and children from 2 years of age with cystinosis,"Diseases of the eye and adnexa; Endocrine, nutritional, and metabolic diseases",30.07.2014,2014,yes,Not reported
pristiqs-withdrawal-assessment-report_en.pdf,Not reported,EMEA/H/C/794,Pristiqs,Desvenlafaxine,Wyeth Europa Limited,Small molecule,tablet,oral,withdrawn,withdrawn,15.11.2007,2007,no,no,Treatment of vasomotor symptoms associated with the menopause,NA,"Endocrine, nutritional, and metabolic diseases",04.02.2006,2006,no,NA
controloc-control-epar-public-assessment-report_en.pdf,EMA/374215/2009,EMEA/H/C/001097,CONTROLOC Control,pantoprazole,Nycomed GmbH,Small molecule,gastro-resistant tablets,oral,approved,authorised,19.02.2009,2009,no,yes,"Treatment of reflux symptoms (e.g. heartburn, acid regurgitation)","Short-term treatment of reflux symptoms (e.g. heartburn, acid regurgitation) in adults.",Diseases of the digestive system,20.11.2008,2008,yes,NA
brukinsa-epar-public-assessment-report_en.pdf,EMA/627600/2021,EMEA/H/C/004978/0000,Brukinsa,zanubrutinib,BeiGene Ireland Ltd,Small molecule,oral capsules,oral,approved,authorised,16.09.2021,2021,no,no,"treatment of adult patients with Waldenström’s macroglobulinaemia (WM), who have received at least 1 prior therapy, or in first-line treatment for patients unsuitable for chemo-immunotherapy.","treatment of adult patients with Waldenström’s macroglobulinaemia (WM), who have received at least 1 prior therapy, or in first-line treatment for patients unsuitable for chemo-immunotherapy.",Neoplasms; Diseases of the blood and blood-forming organs,28.05.2020,2020,no,NA
vydura-epar-public-assessment-report_en.pdf,EMA/172260/2022,EMEA/H/C/005725/0000,Vydura,rimegepant,Biohaven Pharmaceutical Ireland DAC,Small molecule,orodispersible tablet,oral,approved,authorised,24.02.2022,2022,no,no,"comprehensive management of migraine in adults, including prophylaxis of migraine and acute treatment of migraine with or without aura","comprehensive management of migraine in adults, including prophylaxis of migraine and acute treatment of migraine with or without aura",Diseases of the nervous system,08.02.2021,2021,no,NA
increlex-epar-scientific-discussion_en.pdf,EMA/000000/2007,EMEA/H/C/000000,INCRELEX,mecasermin,Tercica Europe Ltd.,Peptides and proteins,solution for injection,subcutaneous,approved,authorised,Not reported,2007,yes,no,Long-term treatment of growth failure in children with severe primary IGF-1 deficiency (Primary IGFD) or with growth hormone (GH) gene deletion who have developed neutralising antibodies to GH.,"Long-term treatment of growth failure in children and adolescents with severe primary insulin-like growth factor-1 deficiency (Primary IGFD); severe Primary IGFD being defined by: height standard deviation score ≤ –3.0 and basal IGF-1 levels below the 2.5th percentile for age and gender and GH sufficiency Exclusion of secondary forms of IGF-1 deficiency, such as malnutrition, hypothyroidism, or chronic treatment with pharmacologic doses of anti-inflammatory steroids","Endocrine, nutritional, and metabolic diseases",Not reported,Not reported,no,NA
illuzyce-epar-public-assessment-report_en.pdf,EMA/689220/2022,EMEA/H/C/005859/0000,ilLuzyce,lutetium (177lu) chloride,Billev Pharma ApS,Other,solution,Not reported,approved,authorised,21.07.2022,2022,no,no,"ilLuzyce is a radiopharmaceutical precursor, and it is not intended for direct use in patients. It is to be used only for the radiolabelling of carrier molecules that have been specifically developed and authorised for radiolabelling with lutetium (177Lu) chloride.","ilLuzyce is a radiopharmaceutical precursor, and it is not intended for direct use in patients. It is to be used only for the radiolabelling of carrier molecules that have been specifically developed and authorised for radiolabelling with lutetium (177Lu) chloride.",Neoplasms; Diseases of the endocrine system,30.07.2021,2021,yes,Not reported
qsiva-epar-public-assessment-report_en.pdf,EMA/108692/2013,EMEA/H/C/002350/0000,Qsiva,Phentermine / Topiramate,VIVUS BV,Small molecule,hard gelatin capsule,oral,refused,NA,21.02.2013,2013,no,no,"Qsiva is indicated for the treatment of obesity, including weight loss and maintenance of weight loss, and should be used in conjunction with a mildly hypocaloric diet. Qsiva is recommended for obese adult patients (BMI ≥ 30 kg/m2), or overweight patients (BMI ≥ 27 kg/m2) with weight-related co-morbidities such as hypertension, type 2 diabetes, dyslipidemia, or central adiposity (abdominal obesity).",NA,"Endocrine, nutritional, and metabolic diseases",17.12.2010,2010,no,NA
fulphila-withdrawal-assessment-report_en.pdf,EMA/523054/2017,EMEA/H/C/4262,Fulphila,pegfilgrastim,Mylan S.A.S.,Biologics,solution for injection,subcutaneous,withdrawn,withdrawn,13.10.2016,2016,no,no,Reduction in the duration of neutropenia and the incidence of febrile neutropenia in adult patients treated with cytotoxic chemotherapy for malignancy (with the exception of chronic myeloid leukaemia and myelodysplastic syndromes).,NA,Neoplasms; Diseases of the blood and blood-forming organs,Not reported,Not reported,no,NA
lamivudinezidovudine-teva-epar-public-assessment-report_en.pdf,EMA/41752/2011,EMEA/H/C/001236,Lamivudine / Zidovudine Teva,lamivudine / zidovudine,Teva Pharma B.V.,Small molecule,film-coated tablets,oral,approved,withdrawn,18.11.2010,2010,no,no,antiretroviral combination therapy for the treatment of Human Immunodeficiency Virus (HIV) infection,antiretroviral combination therapy for the treatment of Human Immunodeficiency Virus (HIV) infection,Infectious and parasitic diseases,05.10.2009,2009,yes,NA
vokanamet-epar-public-assessment-report_en.pdf,EMA/179391/2014,EMEA/H/C/002656/0000,Vokanamet,CANAGLIFLOZIN / METFORMIN,Janssen-Cilag International N.V.,Small molecule,Film-coated tablet,Oral,approved,authorised,20.02.2014,2014,no,no,Canagliflozin/Metformin is indicated in adults aged 18 years and older with type 2 diabetes mellitus to improve glycaemic control.,Canagliflozin/Metformin is indicated in adults aged 18 years and older with type 2 diabetes mellitus to improve glycaemic control.,"Endocrine, nutritional, and metabolic diseases",04.03.2013,2013,no,NA
doribax-epar-public-assessment-report_en.pdf,EMA/309032/2008,EMEA/H/C/000891,Doribax,doripenem,Janssen-Cilag International N.V.,Small molecule,powder for solution for infusion,intravenous,approved,withdrawn,25.07.2008,2008,no,no,"Treatment of complicated urinary tract infections, complicated intra-abdominal infections, and nosocomial pneumonia including ventilator-associated pneumonia","Treatment of complicated urinary tract infections, complicated intra-abdominal infections, and nosocomial pneumonia including ventilator-associated pneumonia",Infectious and parasitic diseases; Diseases of the respiratory system; Diseases of the digestive system,27.06.2007,2007,no,NA
vpriv-epar-public-assessment-report_en.pdf,Not reported,EMEA/H/C/001249,VPRIV,velaglucerase alfa,Shire Pharmaceuticals Ireland Ltd.,Biologics,lyophilised powder for solution,intravenous,approved,authorised,24.06.2010,2010,yes,no,Long-term enzyme replacement therapy (ERT) for paediatric and adult patients with type 1 Gaucher disease.,Long-term enzyme replacement therapy (ERT) in patients with type 1 Gaucher disease.,"Endocrine, nutritional, and metabolic diseases",30.10.2009,2009,no,NA
pioglitazone-ratiopharm-gmbh-withdrawal-assessment-report_en.pdf,EMA/394132/2012,EMEA/H/C/0002369,Pioglitazone ratiopharm GmbH,pioglitazone,ratiopharm GmbH,Small molecule,tablet,oral,approved,authorised,21.07.2011,2011,no,no,"Pioglitazone is indicated in the treatment of type 2 diabetes mellitus: as monotherapy in adult patients (particularly overweight patients) inadequately controlled by diet and exercise for whom metformin is inappropriate because of contraindications or intolerance as dual oral therapy in combination with metformin, in adult patients (particularly overweight patients) with insufficient glycaemic control despite maximal tolerated dose of monotherapy with metformin Pioglitazone is also indicated for combination with insulin in type 2 diabetes mellitus adult patients with insufficient glycaemic control on insulin for whom metformin is inappropriate because of contraindications or intolerance.","Pioglitazone is indicated in the treatment of type 2 diabetes mellitus: as monotherapy in adult patients (particularly overweight patients) inadequately controlled by diet and exercise for whom metformin is inappropriate because of contraindications or intolerance as dual oral therapy in combination with metformin, in adult patients (particularly overweight patients) with insufficient glycaemic control despite maximal tolerated dose of monotherapy with metformin Pioglitazone is also indicated for combination with insulin in type 2 diabetes mellitus adult patients with insufficient glycaemic control on insulin for whom metformin is inappropriate because of contraindications or intolerance.","Endocrine, nutritional, and metabolic diseases",27.10.2010,2010,yes,CHMP
liprolog-epar-scientific-discussion_en.pdf,Not reported,Not reported,Liprolog,insulin lispro,Eli Lilly Nederland B.V.,Peptides and proteins,solution or suspension for parenteral administration,subcutaneous,approved,authorised,Not reported,Not reported,no,no,treatment of adults and children with diabetes mellitus who require insulin for the maintenance of normal glucose homeostasis and for the initial stabilisation of diabetes mellitus,treatment of adults and children with diabetes mellitus who require insulin for the maintenance of normal glucose homeostasis and for the initial stabilisation of diabetes mellitus,"Endocrine, nutritional, and metabolic diseases",Not reported,Not reported,yes,Not reported
imagify-withdrawal-assessment-report_en.pdf,EMA/CHMP/312452/2014,EMEA/H/C/002347,Imagify,perflubutane,Not reported,Other,lyophilisate for dispersion in water for injection,intravenous,refused,NA,Not reported,Not reported,no,no,an ultrasound imaging agent indicated for patients with stable chest pain being evaluated for inducible ischaemia for the detection of coronary artery disease (CAD) based on assessment of myocardial perfusion and wall motion,NA,Diseases of the circulatory system,Not reported,Not reported,no,NA
docefrez-epar-public-assessment-report_en.pdf,Not reported,EMEA/H/C/001074,Docefrez,docetaxel,Sun Pharmaceutical Industries Europe B.V.,Small molecule,powder and solvent for concentrate for solution for infusion,intravenous,approved,withdrawn,18.02.2010,2010,no,no,"treatment of breast cancer, non-small cell lung cancer, prostate cancer, gastric adenocarcinoma, head and neck cancer","treatment of breast cancer, non-small cell lung cancer, prostate cancer, gastric adenocarcinoma, head and neck cancer",Neoplasms; Diseases of the respiratory system; Diseases of the digestive system,02.10.2008,2008,no,NA
vemlidy-epar-public-assessment-report_en.pdf,EMA/793580/2016,EMEA/H/C/004169/0000,Vemlidy,tenofovir alafenamide,Gilead Sciences International Ltd,Small molecule,film-coated tablet,oral,approved,authorised,10.11.2016,2016,no,no,Tenofovir alafenamide is indicated for the treatment of chronic hepatitis B in adults.,Tenofovir alafenamide is indicated for the treatment of chronic hepatitis B in adults.,Infectious and parasitic diseases; Diseases of the liver,27.01.2016,2016,no,NA
telmisartan-teva-pharma-epar-public-assessment-report_en.pdf,EMA/777686/2011,EMEA/H/C/002511,Telmisartan Teva Pharma,telmisartan,Teva Pharma B.V.,Small molecule,tablet,oral,approved,authorised,21.07.2011,2011,no,yes,treatment of essential hypertension in adults,treatment of essential hypertension in adults,Diseases of the circulatory system,10.05.2011,2011,yes,Not reported
ecalta-epar-scientific-discussion_en.pdf,EMA/000000/2007,EMEA/H/C/000000,ECALTA,Anidulafungin,Not reported,Peptides and proteins,Powder and solvent for concentrate for solution for infusion,Intravenous,approved,authorised,Not reported,2007,no,yes,"Treatment of invasive candidiasis, including candidaemia, in adult patients",Treatment of invasive candidiasis in adult non-neutropenic patients,Infectious and parasitic diseases,Not reported,Not reported,no,NA
ztalmy-epar-public-assessment-report_en.pdf,EMA/267469/2023,EMEA/H/C/005825/0000,Ztalmy,ganaxolone,Marinus Pharmaceuticals Emerald Limited,Small molecule,oral solution,oral,approved,authorised,25.05.2023,2023,yes,no,Adjunctive treatment of epileptic seizures associated with cyclin-dependent kinase-like 5 deficiency disorder (CDD) in patients 2 years of age and older,Adjunctive treatment of epileptic seizures associated with cyclin-dependent kinase-like 5 deficiency disorder (CDD) in patients 2 years of age and older,Diseases of the nervous system,09.10.2021,2021,no,NA
idelvion-epar-public-assessment-report_en.pdf,EMA/213825/2016,EMEA/H/C/003955/0000,Idelvion,albutrepenonacog alfa,CSL Behring GmbH,Biologics,lyophilized powder for intravenous injection,intravenous,approved,authorised,25.02.2016,2016,yes,no,Prophylaxis and treatment of bleeding in all patients with haemophilia B (congenital factor IX deficiency) including control and prevention of bleeding in surgical settings.,Treatment and prophylaxis of bleeding in patients with haemophilia B (congenital factor IX deficiency).,Diseases of the blood and blood-forming organs,09.03.2015,2015,no,NA
drovelis-epar-public-assessment-report_en.pdf,EMA/212533/2021,EMEA/H/C/005336/0000,Drovelis,drospirenone / estetrol,Gedeon Richter Plc.,Small molecule,film-coated tablet,oral,approved,authorised,25.03.2021,2021,no,no,oral contraception,oral contraception,Pregnancy and childbirth,24.01.2020,2020,no,NA
tachosil-epar-scientific-discussion_en.pdf,Not reported,EMEA/H/C/000505,TachoSil,Not reported,Nycomed Austria GmbH,Biologics,Absorbable sponge,Topical,approved,authorised,Not reported,Not reported,no,no,Supportive treatment in surgery for improvement of haemostasis where standard techniques are insufficient,Supportive treatment in surgery for improvement of haemostasis where standard techniques are insufficient,"Injury, poisoning and certain other consequences of external causes",Not reported,Not reported,no,NA
nuzyra-withdrawal-assessment-report_en.pdf,EMA/595311/2019,EMEA/H/C/4715,Nuzyra,omadacycline tosylate,Not reported,Small molecule,Powder for concentrate for solution for infusion; Film-coated tablets,Intravenous; Oral,withdrawn,withdrawn,18.10.2019,2019,no,no,Community-acquired bacterial pneumonia (CABP); Acute bacterial skin and skin structure infections (ABSSSI),NA,Infectious and parasitic diseases; Diseases of the respiratory system; Diseases of the skin,Not reported,Not reported,no,NA
imbruvica-epar-public-assessment-report_en.pdf,EMA/645137/2014,EMEA/H/C/003791/0000,Imbruvica,ibrutinib,Janssen-Cilag International NV,Small molecule,"Capsule, hard",Oral,approved,authorised,24.07.2014,2014,yes,no,Treatment of adult patients with relapsed or refractory mantle cell lymphoma (MCL) and chronic lymphocytic leukaemia (CLL)/small lymphocytic lymphoma (SLL),"Treatment of adult patients with relapsed or refractory mantle cell lymphoma (MCL) and chronic lymphocytic leukaemia (CLL) who have received at least one prior therapy, or in first line in the presence of 17p deletion or TP53 mutation in patients unsuitable for chemo-immunotherapy",Neoplasms; Diseases of the blood and blood-forming organs,29.10.2013,2013,no,NA
omvoh-epar-public-assessment-report_en.pdf,EMA/197960/2023,EMEA/H/C/005122/0000,Omvoh,mirikizumab,Eli Lilly Nederland B.V.,Biologics,solution for injection,intravenous; subcutaneous,approved,authorised,30.03.2023,2023,no,no,treatment of adult patients with moderately to severely active ulcerative colitis,treatment of adult patients with moderately to severely active ulcerative colitis,Diseases of the digestive system,27.04.2022,2022,no,NA
emtricitabine-tenofovir-disoproxil-krka-epar-public-assessment-report_en.pdf,EMA/CHMP/522913/2016,EMEA/H/C/004215/0000,Emtricitabine/Tenofovir disoproxil Krka,emtricitabine / tenofovir disoproxil,"KRKA, d.d., Novo mesto",Small molecule,film-coated tablet,oral,approved,authorised,13.10.2016,2016,no,no,Emtricitabine/Tenofovir disoproxil Krka is indicated in antiretroviral combination therapy for the treatment of HIV-1 infected adults,Emtricitabine/Tenofovir disoproxil Krka is indicated in antiretroviral combination therapy for the treatment of HIV-1 infected adults,Infectious and parasitic diseases,07.12.2015,2015,yes,Not reported
zonegran-epar-scientific-discussion_en.pdf,Not reported,Not reported,Zonegran,zonisamide,Elan,Small molecule,hard capsule,oral,approved,authorised,Not reported,Not reported,no,yes,"adjunctive therapy in the treatment of partial seizures, with or without secondary generalisation, in adults and adolescents over 12 years with epilepsy","adjunctive therapy in the treatment of adult patients with partial seizures, with or without secondary generalisation",Diseases of the nervous system,Not reported,Not reported,yes,Not reported
kengrexal-epar-public-assessment-report_en.pdf,EMA/137542/2015,EMEA/H/C/003773/0000,Kengrexal,cangrelor,The Medicines Company UK Ltd,Small molecule,powder for concentrate for solution for injection or infusion,intravenous,approved,authorised,22.01.2015,2015,no,no,Percutaneous coronary intervention (PCI),Percutaneous coronary intervention (PCI),Diseases of the circulatory system,04.12.2013,2013,no,NA
lamivudine-teva-pharma-bv-epar-public-assessment-report_en.pdf,EMA/787155/2009,EMEA/H/C/001111,Lamivudine Teva Pharma B.V.,Lamivudine,Teva Pharma B.V.,Small molecule,film-coated tablets,oral,approved,authorised,24.09.2009,2009,no,no,antiretroviral combination therapy for the treatment of Human Immunodeficiency Virus (HIV) infected adults and children,antiretroviral combination therapy for the treatment of Human Immunodeficiency Virus (HIV) infected adults and children,Infectious and parasitic diseases,05.12.2008,2008,yes,NA
leflunomide-teva-epar-public-assessment-report_en.pdf,EMA/79144/2011,EMEA/H/C/002356,Leflunomide Teva,leflunomide,TEVA Pharma B.V.,Small molecule,film-coated tablets,oral,approved,withdrawn,16.12.2010,2010,no,no,treatment of adult patients with active rheumatoid arthritis,treatment of adult patients with active rheumatoid arthritis,Diseases of the musculoskeletal system and connective tissue,19.08.2010,2010,yes,Not reported
neofordex-epar-public-assessment-report_en.pdf,EMA/CHMP/6613/2016,EMEA/H/C/004071/0000,Neofordex,dexamethasone,Laboratoires CTRS,Small molecule,tablet,oral,approved,authorised,17.12.2015,2015,no,no,treatment of symptomatic multiple myeloma in combination with other medicinal products,treatment of symptomatic multiple myeloma in combination with other medicinal products,Neoplasms; Diseases of the blood and blood-forming organs,07.11.2014,2014,no,NA
tepadina-epar-public-assessment-report_en.pdf,EMA/CHMP/55233/2010,EMEA/H/C/001046,Tepadina,thiotepa,ADIENNE S.r.l.,Small molecule,powder for concentrate for infusion,intravenous,approved,authorised,17.12.2009,2009,yes,no,conditioning treatment prior to conventional haematopoietic progenitor cell transplantation (HPCT) in adult and paediatric patients,conditioning treatment prior to allogeneic or autologous haematopoietic progenitor cell transplantation (HPCT) in haematological diseases in adult and paediatric patients; when high dose chemotherapy with HPCT support is appropriate for the treatment of solid tumours in adult and paediatric patients,Neoplasms; Diseases of the blood and blood-forming organs,04.07.2008,2008,yes,Not reported
rivaroxaban-accord-epar-public-assessment-report_en.pdf,EMA/550657/2020,EMEA/H/C/005279/0000,Rivaroxaban Accord,rivaroxaban,Accord Healthcare S.L.U.,Small molecule,film-coated tablet,oral,approved,authorised,17.09.2020,2020,no,no,"Prevention of atherothrombotic events, venous thromboembolism, stroke, and systemic embolism; treatment of DVT and PE","Prevention of atherothrombotic events, venous thromboembolism, stroke, and systemic embolism; treatment of DVT and PE",Diseases of the circulatory system,29.07.2019,2019,yes,Not reported
balaxur-epar-refusal-public-assessment-report_en.pdf,EMA/817438/2012,EMEA/H/C/002708,Balaxur,memantine hydrochloride / donepezil hydrochloride,Merz Pharmaceuticals GmbH,Small molecule,film-coated tablet,oral,refused,NA,18.10.2012,2012,no,no,treatment of patients with moderate to moderately severe Alzheimer’s disease who are already on a stable daily dose of 20 mg memantine and 10 mg donepezil,NA,Diseases of the nervous system,27.01.2012,2012,yes,Not reported
glybera-epar-public-assessment-report_en.pdf,EMA/882900/2011,EMEA/H/C/002145,Glybera,Alipogene tiparvovec,uniQure biopharma B.V.,Cell and gene therapy,solution for injection,intramuscular,approved,withdrawn,19.07.2012,2012,yes,no,"long term correction of lipoprotein lipase deficiency, to control or abolish symptoms and prevent complications in adult patients clinically diagnosed with lipoprotein lipase deficiency (LPLD)",NA,"Endocrine, nutritional, and metabolic diseases",23.12.2009,2009,no,NA
tofidence-epar-public-assessment-report_en.pdf,EMA/227882/2024,EMEA/H/C/005984/0000,Tofidence,tocilizumab,Biogen Netherlands B.V.,Biologics,concentrate for solution for infusion,intravenous,approved,authorised,25.04.2024,2024,no,no,Rheumatoid arthritis; Coronavirus disease 2019; Polyarticular juvenile idiopathic arthritis; Systemic juvenile idiopathic arthritis; Cytokine release syndrome,Rheumatoid arthritis; Coronavirus disease 2019; Polyarticular juvenile idiopathic arthritis; Systemic juvenile idiopathic arthritis,Diseases of the musculoskeletal system and connective tissue; Infectious and parasitic diseases,10.09.2022,2022,no,NA
effentora-epar-scientific-discussion_en.pdf,Not reported,EMEA/H/C/000000,Effentora,Fentanyl citrate,Cephalon Europe,Small molecule,Buccal tablet,Transmucosal,approved,authorised,24.01.2008,2008,no,no,Management of breakthrough pain in patients with cancer who are already receiving maintenance opioid therapy for chronic cancer pain,Treatment of breakthrough pain in adults with cancer who are already receiving maintenance opioid therapy for chronic cancer pain,Neoplasms,21.02.2007,2007,no,NA
solithromycin-triskel-eu-services-withdrawal-assessment-report_en.pdf,EMA/226929/2017,EMEA/H/C/4179,Solithromycin Triskel EU Services,Solithromycin,Triskel EU Services Ltd,Small molecule,Powder for solution for injection,Intravenous,refused,NA,15.12.2016,2016,no,no,"Treatment of community-acquired pneumonia (CAP), anthrax and tularaemia",NA,Infectious and parasitic diseases; Diseases of the respiratory system,Not reported,Not reported,no,NA
dutrebis-epar-public-assessment-report_en.pdf,EMA/154027/2015,EMEA/H/C/003823/0000,DUTREBIS,lamivudine / raltegravir potassium,Merck Sharp & Dohme Limited,Small molecule,film-coated tablet,oral,approved,withdrawn,22.01.2015,2015,no,no,"treatment of human immunodeficiency virus (HIV-1) infection in adults, adolescents, and children from the age of 6 years and weighing at least 30 kg, in combination with another anti-retroviral medicinal product","treatment of human immunodeficiency virus (HIV-1) infection in adults, adolescents, and children from the age of 6 years and weighing at least 30 kg, in combination with another anti-retroviral medicinal product",Infectious and parasitic diseases,06.03.2014,2014,yes,EMA/CHMP
withdrawal-assessment-report-jesduvroq_en.pdf,EMA/319166/2023,EMEA/H/C/005746/0000,Jesduvroq,Daprodustat,Glaxosmithkline Trading Services Limited,Small molecule,film-coated tablet,oral,withdrawn,withdrawn,22.06.2023,2023,no,no,treatment of adult patients with symptomatic anaemia associated with chronic kidney disease (CKD),NA,Diseases of the blood and blood-forming organs; Diseases of the genitourinary system,03.02.2022,2022,no,NA
eribulin-baxter-epar-public-assessment-report_en.pdf,EMA/229035/2024,EMEA/H/C/006191/0000,Eribulin Baxter,eribulin,Baxter Holding B.V.,Small molecule,solution for injection,intravenous,approved,authorised,25.04.2024,2024,no,no,Eribulin Baxter monotherapy is indicated for the treatment of patients with locally advanced or metastatic breast cancer who have progressed after at least two chemotherapeutic regimens for advanced disease. Eribulin Baxter is indicated for the treatment of adult patients with unresectable liposarcoma who have received prior anthracycline containing therapy for advanced or metastatic disease.,Eribulin Baxter is indicated for the treatment of adult patients with locally advanced or metastatic breast cancer who have progressed after at least one chemotherapeutic regimen for advanced disease. Eribulin Baxter is indicated for the treatment of adult patients with unresectable liposarcoma who have received prior anthracycline containing therapy for advanced or metastatic disease.,Neoplasms,26.04.2023,2023,yes,NA
zalviso-epar-public-assessment-report_en.pdf,EMA/612007/2015,EMEA/H/C/002784/0000,Zalviso,sufentanil,Grunenthal GmbH,Small molecule,sublingual tablets,sublingual,approved,withdrawn,23.07.2015,2015,no,no,management of moderate to severe acute pain in adult patients in a medically supervised environment,management of moderate to severe acute pain in adult patients in a medically supervised environment,Diseases of the nervous system,25.06.2014,2014,no,NA
picato-epar-public-assessment-report_en.pdf,EMA/650464/2012,EMEA/H/C/002275,Picato,ingenol mebutate,LEO Pharma A/S,Other,Gel,Cutaneous,approved,withdrawn,20.09.2012,2012,no,no,Topical treatment of actinic keratosis in adults,"Cutaneous treatment of non-hyperkeratotic, non-hypertrophic actinic keratosis in adults",Diseases of the skin,27.07.2011,2011,no,NA
qutenza-epar-public-assessment-report_en.pdf,Not reported,EMEA/H/C/000909,Qutenza,capsaicin,NeurogesX UK Ltd.,Small molecule,cutaneous patch,cutaneous,approved,authorised,19.03.2009,2009,no,no,treatment of peripheral neuropathic pain in adults,treatment of peripheral neuropathic pain in non-diabetic adults either alone or in combination with other medicinal products for pain,Diseases of the nervous system,30.08.2007,2007,no,NA
jivi-public-assessment-report_en.pdf,EMA/698571/2018,EMEA/H/C/004054/0000,Jivi,damoctocog alfa pegol,Bayer AG,Biologics,powder and solvent for solution for injection,intravenous,approved,authorised,20.09.2018,2018,no,no,Treatment and prophylaxis of bleeding in previously treated patients (PTPs) ≥ 12 years of age with haemophilia A (congenital factor VIII deficiency).,Treatment and prophylaxis of bleeding in previously treated patients (PTPs) ≥ 12 years of age with haemophilia A (congenital factor VIII deficiency).,Diseases of the blood and blood-forming organs,06.09.2017,2017,no,NA
temybric-ellipta-epar-public-assessment-report_en.pdf,EMA/299628/2019,EMEA/H/C/005254/0000,Temybric Ellipta,fluticasone furoate / umeclidinium / vilanterol,Glaxo Smith Kline Trading Services,Small molecule,inhalation powder,oral inhalation,approved,withdrawn,26.04.2019,2019,no,yes,Maintenance treatment in adult patients with moderate to severe chronic obstructive pulmonary disease (COPD) who are not adequately treated by a combination of an inhaled corticosteroid and a long-acting β2-agonist or a combination of a long-acting β2-agonist and a long-acting muscarinic antagonist,Maintenance treatment in adult patients with moderate to severe chronic obstructive pulmonary disease (COPD) who are not adequately treated by a combination of an inhaled corticosteroid and a long-acting β2-agonist or a combination of a long-acting β2-agonist and a long-acting muscarinic antagonist,Diseases of the respiratory system,06.02.2019,2019,yes,Not reported
trazec-epar-scientific-discussion_en.pdf,Not reported,Not reported,Trazec,nateglinide,Not reported,Small molecule,film-coated tablet,oral,approved,withdrawn,Not reported,Not reported,no,no,Combination therapy with metformin for type 2 diabetes patients inadequately controlled despite a maximally tolerated dose of metformin alone,Combination therapy with metformin for type 2 diabetes patients inadequately controlled despite a maximally tolerated dose of metformin alone,"Endocrine, nutritional, and metabolic diseases",Not reported,Not reported,no,NA
rasilez-epar-scientific-discussion_en.pdf,EMA/000000/2007,EMEA/H/C/000000,Rasilez,aliskiren,Not reported,Small molecule,film-coated tablet,oral,approved,authorised,Not reported,2007,no,no,treatment of essential hypertension,treatment of essential hypertension,Diseases of the circulatory system,Not reported,Not reported,no,NA
prialt-epar-scientific-discussion_en.pdf,Not reported,EMEA/H/C/000471,Prialt,Ziconotide,Not reported,Peptides and proteins,solution for infusion,intrathecal,approved,authorised,Not reported,Not reported,yes,no,"treatment of severe, chronic pain in patients who require intrathecal analgesia","treatment of severe, chronic pain in patients who require intrathecal analgesia",Diseases of the nervous system,Not reported,Not reported,no,NA
clopidogrel-winthrop-epar-public-assessment-report_en.pdf,Not reported,EMEA/H/C/000975,Clopidogrel Winthrop,clopidogrel,Sanofi Pharma Bristol-Myers Squibb SNC,Small molecule,Not reported,oral,approved,authorised,16.07.2008,2008,no,yes,Prevention of atherothrombotic events in adults,Prevention of atherothrombotic events in adults,Diseases of the circulatory system,08.01.2008,2008,yes,Not reported
firmagon-epar-public-assessment-report_en.pdf,Not reported,EMEA/H/C/000986,FIRMAGON,degarelix (as acetate),Ferring Pharmaceuticals A/S,Peptides and proteins,powder and solvent for solution for injection,subcutaneous,approved,authorised,18.12.2008,2008,no,no,treatment of patients with prostate cancer in whom androgen deprivation is warranted,treatment of adult male patients with advanced hormone-dependent prostate cancer,Neoplasms; Diseases of the genitourinary system,27.02.2008,2008,no,NA
sarclisa-epar-public-assessment-report_en.pdf,EMA/CHMP/200978/2020,EMEA/H/C/004977/0000,Sarclisa,Isatuximab,sanofi-aventis groupe,Biologics,Concentrate for solution for infusion,Intravenous,approved,authorised,26.03.2020,2020,yes,no,Treatment of patients with multiple myeloma who have received at least two prior therapies including lenalidomide and a proteasome inhibitor,Treatment of adult patients with relapsed and refractory multiple myeloma who have received at least two prior therapies including lenalidomide and a proteasome inhibitor and have demonstrated disease progression on the last therapy,Neoplasms; Diseases of the blood and blood-forming organs,30.04.2019,2019,no,NA
episalvan-epar-public-assessment-report_en.pdf,EMA/833320/2015,EMEA/H/C/003938/0000,Episalvan,birch bark extract,Birken AG,Other,gel,cutaneous,approved,withdrawn,19.11.2015,2015,no,no,Treatment in adults for accelerated healing of partial thickness wounds,Treatment of partial thickness wounds in adults,"Injury, poisoning and certain other consequences of external causes",10.10.2014,2014,no,NA
desloratadine-ratiopharm-epar-public-assessment-report_en.pdf,EMA/41222/2012,EMEA/H/C/002404,Desloratadine ratiopharm,desloratadine,ratiopharm GmbH,Small molecule,film-coated tablet,oral,approved,authorised,17.11.2011,2011,no,no,Relief of symptoms associated with allergic rhinitis and urticaria,Relief of symptoms associated with allergic rhinitis and urticaria,Diseases of the respiratory system; Diseases of the skin,31.01.2011,2011,yes,NA
flixabi-epar-public-assessment-report_en.pdf,EMA/CHMP/272283/2016,EMEA/H/C/004020/0000,Flixabi,INFLIXIMAB,Samsung Bioepis UK Limited (SBUK),Biologics,Powder for concentrate for solution for infusion,Intravenous,approved,authorised,01.04.2016,2016,no,no,Rheumatoid arthritis; Adult Crohn’s disease; Paediatric Crohn’s disease; Ulcerative colitis; Paediatric ulcerative colitis; Ankylosing spondylitis; Psoriatic arthritis; Psoriasis,Rheumatoid arthritis; Adult Crohn’s disease; Paediatric Crohn’s disease; Ulcerative colitis; Paediatric ulcerative colitis; Ankylosing spondylitis; Psoriatic arthritis; Psoriasis,Diseases of the musculoskeletal system and connective tissue; Diseases of the digestive system; Neoplasms,03.03.2015,2015,no,NA
hexavac-epar-scientific-discussion_en.pdf,Not reported,Not reported,Hexavac,Not reported,Aventis Pasteur MSD,Vaccine,Suspension for injection,Intramuscular,approved,withdrawn,Not reported,Not reported,no,no,"Active immunisation against diphtheria, tetanus, pertussis, hepatitis B, poliomyelitis, and invasive infections caused by Haemophilus influenzae type b","Active immunisation against diphtheria, tetanus, pertussis, hepatitis B, poliomyelitis, and invasive infections caused by Haemophilus influenzae type b",Infectious and parasitic diseases,Not reported,Not reported,no,NA
vyxeos-epar-public-assessment-report_en.pdf,EMA/486480/2018,EMEA/H/C/004282/0000,Vyxeos,daunorubicin / cytarabine,Jazz Pharmaceuticals Ireland Limited,Biologics,liposome for injection,intravenous,approved,authorised,28.06.2018,2018,yes,no,treatment of adults with high-risk acute myeloid leukaemia (AML) as defined by therapy-related AML (t-AML) or AML with myelodysplasia-related changes (AML-MRC),treatment of adults with newly-diagnosed therapy-related acute myeloid leukaemia (t-AML) or AML with myelodysplasia-related changes (AML-MRC),Neoplasms; Diseases of the blood and blood-forming organs,02.11.2017,2017,no,NA
symkevi-epar-public-assessment-report_en.pdf,EMA/CHMP/567306/2018,EMEA/H/C/004682/0000,Symkevi,tezacaftor / ivacaftor,Vertex Pharmaceuticals (Europe) Ltd.,Small molecule,film-coated tablet,oral,approved,authorised,26.07.2018,2018,yes,no,Symkevi is indicated in a combination regimen with Kalydeco (ivacaftor 150 mg tablet) for the treatment of patients with cystic fibrosis (CF) aged 12 years and older who are homozygous for the F508del mutation or who have at least one mutation in the cystic fibrosis transmembrane conductance regulator (CFTR) gene that is responsive to tezacaftor/ivacaftor based on in vitro and/or clinical evidence.,Symkevi is indicated in a combination regimen with Kalydeco (ivacaftor 150 mg tablet) for the treatment of patients with cystic fibrosis (CF) aged 12 years and older who are homozygous for the F508del mutation or who have at least one mutation in the cystic fibrosis transmembrane conductance regulator (CFTR) gene that is responsive to tezacaftor/ivacaftor based on in vitro and/or clinical evidence.,Diseases of the respiratory system; Congenital malformations and chromosomal abnormalities,25.07.2017,2017,no,NA
cinryze-epar-public-assessment-report_en.pdf,Not reported,EMEA/H/C/001207,Cinryze,"C1 inhibitor, human",ViroPharma SPRL,Biologics,lyophilized powder and solvent for solution for injection,intravenous,approved,authorised,17.03.2011,2011,yes,no,"treatment and prevention of angioedema attacks in adults, adolescents and children with C1 inhibitor deficiency","treatment and pre-procedure prevention of angioedema attacks in adults and adolescents with hereditary angioedema (HAE); routine prevention of angioedema attacks in adults and adolescents with severe and recurrent attacks of hereditary angioedema (HAE), who are intolerant to or insufficiently protected by oral prevention treatments, or patients who are inadequately managed with repeated acute treatment",Diseases of the blood and blood-forming organs; Diseases of the genitourinary system,15.07.2009,2009,no,NA
withdrawal-assessment-report-secreflo_en.pdf,EMA/482305/2012,EMEA/H/C/2027,SecreFlo,secretin human,Repligen Europe Limited,Peptides and proteins,powder for solution for injection,intravenous,withdrawn,withdrawn,19.07.2012,2012,no,no,for use with magnetic resonance imaging (MRI) to improve pancreatic duct visualization for the detection of duct abnormalities to enhance clinical decision making in adults with known or suspected pancreatitis.,NA,Diseases of the digestive system,Not reported,Not reported,yes,Not reported
impulsor-epar-refusal-public-assessment-report_en.pdf,Not reported,EMEA/H/C/001122,Impulsor,milnacipran,Pierre Fabre Médicament,Small molecule,hard capsules,oral,refused,NA,23.07.2009,2009,no,no,treatment of Fibromyalgia syndrome,NA,Diseases of the musculoskeletal system and connective tissue,05.06.2008,2008,no,NA
enbrel-epar-scientific-discussion_en.pdf,Not reported,Not reported,Enbrel,etanercept,"Wyeth Laboratories UK or Wyeth Medica, Ireland",Biologics,lyophilised cake,subcutaneous,approved,authorised,Not reported,Not reported,no,yes,"Treatment of active rheumatoid arthritis, juvenile chronic arthritis, psoriatic arthritis, ankylosing spondylitis, and plaque psoriasis","Treatment of active rheumatoid arthritis, juvenile chronic arthritis, psoriatic arthritis, ankylosing spondylitis, and plaque psoriasis",Diseases of the musculoskeletal system and connective tissue; Diseases of the skin,Not reported,Not reported,no,NA
panretin-epar-scientific-discussion_en.pdf,Not reported,Not reported,Panretin,alitretinoin,Ligand Pharmaceuticals UK Limited,Small molecule,gel,cutaneous,approved,withdrawn,Not reported,Not reported,Not reported,no,Topical treatment of cutaneous lesions in patients with AIDS-related Kaposi’s sarcoma,Topical treatment of cutaneous lesions in patients with AIDS-related Kaposi’s sarcoma,Neoplasms; Infectious and parasitic diseases,Not reported,Not reported,no,NA
vazkepa-epar-public-assessment-report_en.pdf,EMA/145271/2021,EMEA/H/C/005398/0000,Vazkepa,icosapent ethyl,Amarin Pharmaceuticals Ireland Limited,Small molecule,soft capsule,oral,approved,authorised,28.01.2021,2021,no,no,to reduce cardiovascular risk as an adjunct to statin therapy in adult patients with elevated triglyceride levels and other risk factors for cardiovascular disease,"to reduce the risk of cardiovascular events in adult statin-treated patients at high cardiovascular risk with elevated triglycerides (≥150 mg/dL) and established cardiovascular disease, or diabetes, and at least one other cardiovascular risk factor",Diseases of the circulatory system,08.11.2019,2019,yes,Not reported
vantobra-previously-tobramycin-pari-epar-public-assessment-report_en.pdf,EMA/901707/2018,EMEA/H/C/005086/0000,Tobramycin PARI,tobramycin,PARI Pharma GmbH,Small molecule,nebuliser solution,inhalation,approved,authorised,13.12.2018,2018,no,yes,management of chronic pulmonary infection due to Pseudomonas aeruginosa in patients aged 6 years and older with cystic fibrosis (CF),management of chronic pulmonary infection due to Pseudomonas aeruginosa in patients aged 6 years and older with cystic fibrosis (CF),Infectious and parasitic diseases; Diseases of the respiratory system,31.07.2018,2018,yes,Not reported
riarify-epar-public-assessment-report_en.pdf,EMA/155339/2018,EMEA/H/C/004836/0000,Riarify,beclometasone / formoterol / glycopyrronium bromide,Chiesi Farmaceutici S.p.A.,Small molecule,pressurised inhalation,inhalation,approved,withdrawn,22.02.2018,2018,no,yes,Maintenance treatment in adult patients with moderate to severe chronic obstructive pulmonary disease (COPD) who are not adequately treated by a combination of an inhaled corticosteroid and a long-acting beta2-agonist.,Maintenance treatment in adult patients with moderate to severe chronic obstructive pulmonary disease (COPD) who are not adequately treated by a combination of an inhaled corticosteroid and a long-acting beta2-agonist.,Diseases of the respiratory system,24.11.2017,2017,yes,Not reported
trecondi-epar-public-assessment-report_en.pdf,EMA/903773/2019,EMEA/H/C/004751/0000,Trecondi,treosulfan,medac Gesellschaft für klinische Spezialpräparate mbH,Small molecule,powder for solution for infusion,intravenous,approved,authorised,13.12.2018,2018,yes,no,"Treosulfan is indicated as part of conditioning treatment prior to allogeneic haematopoietic stem cell transplantation (alloHSCT) in patients with malignant and non-malignant diseases, in adults up to the age of 70 years and in paediatric patients older than one month.","Treosulfan in combination with fludarabine is indicated as part of conditioning treatment prior to allogeneic haematopoietic stem cell transplantation (alloHSCT) in adult patients with malignant and non-malignant diseases, and in paediatric patients older than one month with malignant diseases.",Neoplasms; Diseases of the blood and blood-forming organs,12.12.2017,2017,no,NA
quintanrix-epar-scientific-discussion_en.pdf,Not reported,EMEA/H/C/093/I/01,Quintanrix,"Diphtheria, tetanus, pertussis (whole cell), hepatitis B (rDNA) and Haemophilus influenzae type b conjugate vaccine (absorbed)",GlaxoSmithKline Biologicals S.A.,Vaccine,suspension for deep intramuscular injection,intramuscular,withdrawn,withdrawn,Not reported,Not reported,no,no,"Primary immunisation of infants against diphtheria, tetanus, pertussis, hepatitis B and invasive disease caused by Haemophilus influenzae type b and for booster immunisation of young children",NA,Infectious and parasitic diseases,Not reported,Not reported,yes,Not reported
sustiva-epar-scientific-discussion_en.pdf,Not reported,Not reported,Sustiva,efavirenz,Not reported,Small molecule,hard capsules; oral solution; film-coated tablets,oral,approved,withdrawn,Not reported,Not reported,no,no,"antiviral combination treatment of HIV-1 infected adults, adolescents and children of 3 years of age and older","antiviral combination treatment of HIV-1 infected adults, adolescents and children of 3 years of age and older",Infectious and parasitic diseases,Not reported,Not reported,no,NA
pandemrix-epar-public-assessment-report_en.pdf,Not reported,EMEA/H/C/832,Pandemrix,"Pandemic influenza vaccine (H5N1) (split virion, inactivated, adjuvanted)",GlaxoSmithKline Biologicals S.A.,Vaccine,emulsion for injection,Not reported,approved,withdrawn,21.02.2008,2008,no,no,Prophylaxis of influenza in an officially declared pandemic situation,Prophylaxis of influenza in an officially declared pandemic situation,Infectious and parasitic diseases,02.02.2007,2007,no,NA
cotellic-epar-public-assessment-report_en.pdf,EMA/685908/2015,EMEA/H/C/003960/0000,Cotellic,cobimetinib,Roche Registration Ltd,Small molecule,film-coated tablet,oral,approved,authorised,24.09.2015,2015,no,no,Cotellic is indicated for use in combination with Zelboraf (vemurafenib) for the treatment of adult patients with BRAF V600 mutation-positive unresectable or metastatic melanoma.,Cotellic is indicated for use in combination with vemurafenib for the treatment of adult patients with unresectable or metastatic melanoma with a BRAF V600 mutation.,Neoplasms; Diseases of the skin,02.09.2014,2014,no,NA
kinzalkomb-epar-scientific-discussion_en.pdf,Not reported,Not reported,Kinzalkomb,telmisartan and hydrochlorothiazide,Boehringer-Ingelheim International,Small molecule,two-layer tablets,oral,approved,authorised,Not reported,Not reported,no,no,treatment of essential hypertension,treatment of essential hypertension in patients not adequately controlled on telmisartan alone,Diseases of the circulatory system,Not reported,Not reported,no,NA
trepulmix-epar-public-assessment-report_en.pdf,EMA/CHMP/86002/2020,EMEA/H/C/005207/0000,Trepulmix,treprostinil sodium,SciPharm Sarl,Small molecule,solution for infusion,subcutaneous,approved,authorised,30.01.2020,2020,yes,no,"treatment of adult patients with inoperable chronic thromboembolic pulmonary hypertension (CTEPH), or persistent or recurrent CTEPH after surgical treatment (severity classified WHO Functional Class (FC) II, III or IV), to improve exercise capacity and symptoms of the disease","treatment of adult patients with WHO Functional Class (FC) III or IV and: inoperable chronic thromboembolic pulmonary hypertension (CTEPH), or persistent or recurrent CTEPH after surgical treatment to improve exercise capacity",Diseases of the circulatory system,08.02.2019,2019,no,NA
plegridy-epar-public-assessment-report_en.pdf,EMA/339024/2014,EMEA/H/C/002827/0000,Plegridy,peginterferon beta-1a,Biogen Idec Ltd,Biologics,solution for subcutaneous injection,subcutaneous,approved,authorised,22.05.2014,2014,no,no,treatment of relapsing multiple sclerosis in adult patients to slow the progression of disability and decrease the frequency of relapses,treatment of relapsing-remitting multiple sclerosis,Diseases of the nervous system,30.05.2013,2013,no,NA
leganto-epar-public-assessment-report_en.pdf,EMA/437167/2011,EMEA/H/C/002380,Leganto,rotigotine,Schwarz Pharma Ltd,Small molecule,transdermal patch,cutaneous,approved,withdrawn,14.04.2011,2011,no,yes,symptomatic treatment of moderate to severe idiopathic Restless Legs Syndrome in adults; treatment of the signs and symptoms of early-stage idiopathic Parkinson’s disease as monotherapy or in combination with levodopa,symptomatic treatment of moderate to severe idiopathic Restless Legs Syndrome in adults; treatment of the signs and symptoms of early-stage idiopathic Parkinson’s disease as monotherapy or in combination with levodopa,Diseases of the nervous system,28.01.2011,2011,yes,NA
zomarist-epar-public-assessment-report_en.pdf,Not reported,EMEA/H/C/001049,Zomarist,vildagliptin / metformin hydrochloride,Novartis Europharm Ltd.,Small molecule,tablet,oral,approved,authorised,25.09.2008,2008,no,yes,treatment of type 2 diabetes mellitus patients who are unable to achieve sufficient glycaemic control at their maximally tolerated dose of oral metformin alone or who are already treated with the combination of vildagliptin and metformin as separate tablets,treatment of type 2 diabetes mellitus patients who are unable to achieve sufficient glycaemic control at their maximally tolerated dose of oral metformin alone or who are already treated with the combination of vildagliptin and metformin as separate tablets,"Endocrine, nutritional, and metabolic diseases",04.07.2008,2008,yes,Not reported
spedra-epar-public-assessment-report_en.pdf,EMA/321885/2013,EMEA/H/C/002581/0000,Spedra,Avanafil,VIVUS BV,Small molecule,Tablet,Oral,approved,authorised,25.04.2013,2013,no,no,Treatment of erectile dysfunction in adult males,Treatment of erectile dysfunction in adult men,Diseases of the genitourinary system,02.03.2012,2012,no,NA
solymbic-epar-public-assessment-report_en.pdf,EMA/106921/2017,EMEA/H/C/004373/0000,SOLYMBIC,adalimumab,Amgen Europe B.V.,Biologics,solution for subcutaneous injection,subcutaneous,approved,withdrawn,26.01.2017,2017,no,no,Rheumatoid arthritis; Axial spondyloarthritis; Psoriatic arthritis; Psoriasis; Hidradenitis suppurativa; Crohn’s disease; Ulcerative colitis; Uveitis,Rheumatoid arthritis; Axial spondyloarthritis; Psoriatic arthritis; Psoriasis; Hidradenitis suppurativa; Crohn’s disease; Ulcerative colitis; Uveitis,Diseases of the musculoskeletal system and connective tissue; Diseases of the skin; Diseases of the digestive system; Diseases of the eye and adnexa,03.12.2015,2015,no,NA
prohippur-withdrawal-assessment-report_en.pdf,EMA/358079/2018,EMEA/H/C/004150/0000,PROHIPPUR,sodium benzoate,Not reported,Small molecule,granules,oral,withdrawn,withdrawn,22.02.2018,2018,yes,no,adjunctive therapy in the chronic management of non ketotic hyperglycinemia and urea cycle disorders,NA,"Endocrine, nutritional, and metabolic diseases",Not reported,Not reported,yes,Not reported
vitrakvi-epar-public-assessment-report_en.pdf,EMA/469135/2019,EMEA/H/C/004919/0000,VITRAKVI,larotrectinib,Bayer AG,Small molecule,hard capsules; oral solution,oral,approved,authorised,25.07.2019,2019,no,no,treatment of adult and paediatric patients with locally advanced or metastatic solid tumours with a Neurotrophic Tyrosine Receptor Kinase (NTRK) gene fusion,treatment of adult and paediatric patients with solid tumours that display a Neurotrophic Tyrosine Receptor Kinase (NTRK) gene fusion,Neoplasms,24.08.2018,2018,no,NA
hepsera-epar-scientific-discussion_en.pdf,Not reported,Not reported,Hepsera,adefovir dipivoxil,Not reported,Small molecule,tablet,oral,approved,withdrawn,Not reported,Not reported,no,no,"Treatment of chronic hepatitis B in adults with compensated liver disease with evidence of active viral replication, persistently elevated serum alanine aminotransferase (ALT) levels and histological evidence of active liver inflammation and fibrosis; decompensated liver disease.","Treatment of chronic hepatitis B in adults with compensated liver disease with evidence of active viral replication, persistently elevated serum alanine aminotransferase (ALT) levels and histological evidence of active liver inflammation and fibrosis; decompensated liver disease.",Infectious and parasitic diseases; Diseases of the liver,Not reported,Not reported,no,NA
kivexa-epar-scientific-discussion_en.pdf,Not reported,Not reported,Kivexa,abacavir and lamivudine,Not reported,Small molecule,film-coated tablet,oral,approved,authorised,Not reported,Not reported,no,yes,treatment of Human Immunodeficiency Virus (HIV) infection in adults,treatment of Human Immunodeficiency Virus (HIV) infection in adults and adolescents from 12 years of age,Infectious and parasitic diseases,Not reported,Not reported,yes,CHMP
truvada-epar-scientific-discussion_en.pdf,Not reported,EMEA/H/C/533,Truvada,emtricitabine and tenofovir disoproxil fumarate,Not reported,Small molecule,film-coated tablet,oral,approved,authorised,Not reported,Not reported,no,no,treatment of HIV-1 infected adults in antiretroviral combination therapy,treatment of HIV-1 infected adults in antiretroviral combination therapy,Infectious and parasitic diseases,Not reported,Not reported,no,NA
eptifibatide-accord-epar-public-assessment-report_en.pdf,EMA/851528/2015,EMEA/H/C/004104/0000,Eptifibatide Accord,eptifibatide,Accord Healthcare Limited,Peptides and proteins,solution for infusion and solution for injection,intravenous,approved,authorised,19.11.2015,2015,no,no,Prevention of early myocardial infarction in adults presenting with unstable angina or non-Q-wave myocardial infarction,Prevention of early myocardial infarction in adults presenting with unstable angina or non-Q-wave myocardial infarction,Diseases of the circulatory system,02.12.2014,2014,yes,Not reported
levetiracetam-actavis-epar-public-assessment-report_en.pdf,EMA/817944/2011,EMEA/H/C/002355,Levetiracetam Actavis,Levetiracetam,Actavis Group PTC ehf,Small molecule,film-coated tablet,oral,approved,authorised,21.07.2011,2011,no,no,"Levetiracetam Actavis is indicated as monotherapy in the treatment of partial onset seizures with or without secondary generalisation in patients from 16 years of age with newly diagnosed epilepsy. Levetiracetam Actavis is indicated as adjunctive therapy in the treatment of partial onset seizures with or without secondary generalisation in adults, children and infants from 1 month of age with epilepsy, in the treatment of myoclonic seizures in adults and adolescents from 12 years of age with Juvenile Myoclonic Epilepsy, in the treatment of primary generalised tonic-clonic seizures in adults and adolescents from 12 years of age with Idiopathic Generalised Epilepsy.","Levetiracetam Actavis is indicated as monotherapy in the treatment of partial onset seizures with or without secondary generalisation in patients from 16 years of age with newly diagnosed epilepsy. Levetiracetam Actavis is indicated as adjunctive therapy in the treatment of partial onset seizures with or without secondary generalisation in adults, children and infants from 1 month of age with epilepsy, in the treatment of myoclonic seizures in adults and adolescents from 12 years of age with Juvenile Myoclonic Epilepsy, in the treatment of primary generalised tonic-clonic seizures in adults and adolescents from 12 years of age with Idiopathic Generalised Epilepsy.",Diseases of the nervous system,01.10.2010,2010,yes,Not reported
altargo-epar-scientific-discussion_en.pdf,Not reported,Not reported,Altargo,Retapamulin,Not reported,Small molecule,Ointment,Topical,approved,withdrawn,Not reported,Not reported,no,no,"Short term treatment of uncomplicated skin and skin structure infections: Impetigo; Secondary skin infections: infected dermatoses, infected traumatic lesions","Short term treatment of superficial skin infections: Impetigo; Infected small lacerations, abrasions or sutured wounds",Diseases of the skin,Not reported,Not reported,no,NA
pepaxti-epar-public-assessment-report_en.pdf,EMA/638305/2022,EMEA/H/C/005681/0000,Pepaxti,melphalan flufenamide,Oncopeptides AB,Small molecule,powder for concentrate for solution for infusion,intravenous,approved,authorised,23.06.2022,2022,yes,no,"Pepaxti is indicated, in combination with dexamethasone, for the treatment of adult patients with multiple myeloma whose disease is refractory to at least one proteasome inhibitor, one immunomodulatory agent, and one anti-CD38 monoclonal antibody.","Pepaxti is indicated, in combination with dexamethasone, for the treatment of adult patients with multiple myeloma whose disease is refractory to at least one proteasome inhibitor, one immunomodulatory agent, and one anti-CD38 monoclonal antibody.",Neoplasms; Diseases of the blood and blood-forming organs,15.04.2021,2021,no,NA
hervelous-withdrawal-assessment-report_en.pdf,EMA/CHMP/915668/2022,EMEA/H/C/005880/0000,Hervelous,trastuzumab,Prestige Biopharma Belgium,Biologics,Powder for concentrate for solution for infusion,Intravenous,withdrawn,withdrawn,19.05.2022,2022,no,no,"Treatment of adult patients with HER2 positive metastatic breast cancer, early breast cancer, and metastatic gastric cancer.",NA,Neoplasms; Diseases of the digestive system,03.05.2019,2019,no,NA
alendronate-sodiumcolecalciferol-msd-epar-public-assessment-report_en.pdf,EMA/628268/2009,EMEA/H/C/001180,"ALENDRONATE SODIUM AND COLECALCIFEROL, MSD",alendronic acid / colecalciferol,Merck Sharp & Dohme Ltd.,Small molecule,tablet,oral,approved,authorised,23.07.2009,2009,no,yes,Treatment of postmenopausal osteoporosis in patients at risk of vitamin D insufficiency.,Treatment of postmenopausal osteoporosis in patients at risk of vitamin D insufficiency.,"Diseases of the musculoskeletal system and connective tissue; Endocrine, nutritional, and metabolic diseases",06.05.2009,2009,yes,NA
natalizumab-elan-pharma-epar-refusal-public-assessment-report_en.pdf,Not reported,EMEA/H/C/000624,Natalizumab Elan Pharma,natalizumab,Elan Pharma International Ltd.,Biologics,Concentrate for solution for infusion,Intravenous,refused,withdrawn,15.11.2007,2007,no,no,"Treatment of moderately to severely active Crohn's disease for the reduction of signs and symptoms, and the induction and maintenance of sustained response and remission, in patients who have not responded despite a full and adequate course of therapy with a corticosteroid and an immunosuppressant; or are intolerant to or have medical contraindications to such therapies.",NA,Diseases of the digestive system,28.09.2004,2004,no,NA
cylatron-withdrawal-assessment-report_en.pdf,Not reported,EMEA/H/C/921,Cylatron,Peginterferon alfa-2b,Schering-Plough,Biologics,Powder for injection,Subcutaneous,withdrawn,withdrawn,25.09.2008,2008,no,no,Adjuvant treatment of malignant melanoma,NA,Neoplasms; Diseases of the skin,Not reported,2007,no,NA
bylvay-epar-public-assessment-report_en.pdf,EMA/319560/2021,EMEA/H/C/004691/0000,Bylvay,odevixibat,Albireo,Small molecule,hard capsules,oral,approved,authorised,20.05.2021,2021,yes,no,Treatment of progressive familial intrahepatic cholestasis (PFIC) in patients aged 6 months or older,Treatment of progressive familial intrahepatic cholestasis (PFIC) in patients aged 6 months or older,Diseases of the liver; Congenital malformations and chromosomal abnormalities,06.11.2020,2020,no,NA
bropair-spiromax-epar-public-assessment-report_en.pdf,EMA/CHMP/21349/2021,EMEA/H/C/005591/0000,BroPair Spiromax,salmeterol / fluticasone propionate,Teva B.V.,Small molecule,inhalation powder,inhalation,approved,authorised,28.01.2021,2021,no,no,Regular treatment of asthma in adults and adolescents 12 years of age and older where use of a combination of long-acting beta2-agonist and inhaled corticosteroid is appropriate.,Regular treatment of asthma in adults and adolescents 12 years of age and older where use of a combination of long-acting beta2-agonist and inhaled corticosteroid is appropriate.,Diseases of the respiratory system,14.10.2019,2019,yes,Not reported
dabigatran-etexilate-leon-farma-epar-public-assessment-report_en.pdf,EMA/12212/2024,EMEA/H/C/005922/0000,Dabigatran Etexilate Leon Farma,dabigatran etexilate,Laboratorios Leon Farma S.A.,Small molecule,hard capsule,oral,approved,authorised,14.12.2023,2023,no,no,"Primary prevention of venous thromboembolic events (VTE) in adult patients who have undergone elective total hip replacement surgery or total knee replacement surgery; Treatment of VTE and prevention of recurrent VTE in paediatric patients from birth to less than 18 years of age; Prevention of stroke and systemic embolism in adult patients with non-valvular atrial fibrillation (NVAF), with one or more risk factors; Treatment of deep vein thrombosis (DVT) and pulmonary embolism (PE), and prevention of recurrent DVT and PE in adults.","Primary prevention of venous thromboembolic events (VTE) in adult patients who have undergone elective total hip replacement surgery or total knee replacement surgery; Treatment of VTE and prevention of recurrent VTE in paediatric patients from birth to less than 18 years of age; Prevention of stroke and systemic embolism in adult patients with non-valvular atrial fibrillation (NVAF), with one or more risk factors; Treatment of deep vein thrombosis (DVT) and pulmonary embolism (PE), and prevention of recurrent DVT and PE in adults.",Diseases of the circulatory system; Diseases of the blood and blood-forming organs,04.02.2022,2022,yes,NA
ruxience-epar-public-assessment-report_en.pdf,EMA/CHMP/155201/2020,EMEA/H/C/004696/0000,Ruxience,rituximab,Pfizer Europe MA EEIG,Biologics,concentrate for solution for infusion,intravenous,approved,authorised,30.01.2020,2020,no,yes,Non-Hodgkin’s lymphoma; Chronic lymphocytic leukaemia; Rheumatoid arthritis; Granulomatosis with polyangiitis and microscopic polyangiitis,Non-Hodgkin’s lymphoma; Chronic lymphocytic leukaemia; Rheumatoid arthritis; Granulomatosis with polyangiitis and microscopic polyangiitis; Pemphigus vulgaris,Neoplasms; Diseases of the blood and blood-forming organs; Diseases of the musculoskeletal system and connective tissue,25.07.2018,2018,no,NA
roteas-epar-public-assessment-report_en.pdf,EMA/158410/2017,EMEA/H/C/004339/0000,Roteas,edoxaban,Daiichi Sankyo Europe GmbH,Small molecule,film-coated tablets,oral,approved,authorised (under additional monitoring),23.02.2017,2017,no,yes,"Prevention of stroke and systemic embolism in adult patients with nonvalvular atrial fibrillation (NVAF) with one or more risk factors; Treatment of deep vein thrombosis (DVT) and pulmonary embolism (PE), and prevention of recurrent DVT and PE in adults","Prevention of stroke and systemic embolism in adult patients with nonvalvular atrial fibrillation (NVAF) with one or more risk factors; Treatment of deep vein thrombosis (DVT) and pulmonary embolism (PE), and prevention of recurrent DVT and PE in adults",Diseases of the circulatory system,10.08.2016,2016,yes,NA
celldemic-epar-public-assessment-report_en.pdf,EMA/108198/2024,EMEA/H/C/006052/0000,Celldemic,"Zoonotic influenza vaccine (H5N1) (surface antigen, inactivated, adjuvanted, prepared in cell cultures)",Seqirus Netherlands B.V.,Vaccine,suspension for injection,intramuscular,approved,authorised,22.02.2024,2024,no,no,"Active immunisation for the prevention of disease caused by the influenza A virus H5N1 subtype contained in the vaccine, in persons 6 months and above.","Active immunisation for the prevention of disease caused by the influenza A virus H5N1 subtype contained in the vaccine, in persons 6 months and above.",Infectious and parasitic diseases,24.11.2022,2022,no,NA
nenad-withdrawal-assessment-report_en.pdf,EMA/816879/2009,EMEA/H/C/001020,Nenad,lisuride,Axxonis Pharma AG,Small molecule,transdermal patch,cutaneous,withdrawn,withdrawn,19.11.2009,2009,no,no,treatment of the signs and symptoms of restless legs syndrome; treatment of idiopathic Parkinson’s disease in combination with levodopa; controlled parenteral therapy of advanced idiopathic Parkinson’s disease,NA,Diseases of the nervous system,12.05.2008,2008,no,NA
evarrest-epar-public-assessment-report_en.pdf,EMA/464286/2013,EMEA/H/C/002515,EVARREST,Human Fibrinogen / Human Thrombin,Omrix Biopharmaceuticals NV,Biologics,Sealant Matrix,epilesional,approved,withdrawn,27.06.2013,2013,no,no,"Supportive treatment in surgery, for improvement of haemostasis, where standard surgical techniques are ineffective or impractical.","Supportive treatment in surgery where standard surgical techniques are insufficient, for improvement of haemostasis.","Injury, poisoning and certain other consequences of external causes",28.02.2012,2012,no,NA
neorecormon-epar-scientific-discussion_en.pdf,Not reported,Not reported,NeoRecormon,epoetin beta,Roche Registration Ltd.,Biologics,solution for injection,subcutaneous,approved,authorised,16.11.2000,2000,no,yes,prevention and treatment of anaemia in cancer patients,"treatment of anaemia in adult patients with multiple myeloma, low grade non-Hodgkin’s lymphoma or chronic lymphocytic leukaemia, who have a relative erythropoietin deficiency and are receiving anti-tumor therapy",Diseases of the blood and blood-forming organs; Neoplasms,Not reported,Not reported,no,NA
vitekta-epar-public-assessment-report_en.pdf,EMA/701401/2013,EMEA/H/C/002577/0000,Vitekta,Elvitegravir,Gilead Sciences International Ltd,Small molecule,Film-coated tablet,Oral,approved,withdrawn,19.09.2013,2013,no,no,"In co-administration with a ritonavir-boosted protease inhibitor and with other antiretroviral agent, treatment of HIV-1 infection in adults who are infected with HIV-1 without known mutations associated with resistance to elvitegravir","In co-administration with a ritonavir-boosted protease inhibitor and with other antiretroviral agent, treatment of HIV-1 infection in adults who are infected with HIV-1 without known mutations associated with resistance to elvitegravir",Infectious and parasitic diseases,22.05.2012,2012,no,NA
ivozall-epar-public-assessment-report_en.pdf,EMA/585665/2019,EMEA/H/C/005039/0000,Ivozall,clofarabine,ORPHELIA Pharma,Small molecule,Concentrate for solution for infusion,Intravenous,approved,withdrawn,19.09.2019,2019,no,no,Treatment of acute lymphoblastic leukaemia (ALL) in paediatric patients who have relapsed or are refractory after receiving at least two prior regimens and where there is no other treatment option anticipated to result in a durable response.,Treatment of acute lymphoblastic leukaemia (ALL) in paediatric patients who have relapsed or are refractory after receiving at least two prior regimens and where there is no other treatment option anticipated to result in a durable response.,Neoplasms; Diseases of the blood and blood-forming organs,17.09.2018,2018,yes,Not reported
daurismo-epar-public-assessment-report_en.pdf,EMA/CHMP/284008/2020,EMEA/H/C/004878/0000,Daurismo,glasdegib,Pfizer Europe MA EEIG,Small molecule,Film-coated tablet,Oral,approved,authorised,30.04.2020,2020,yes,no,"Daurismo is indicated, in combination with low-dose cytarabine, for the treatment of newly diagnosed de novo or secondary acute myeloid leukaemia (AML) in adult patients who are not candidates for standard induction chemotherapy.","Daurismo is indicated, in combination with low-dose cytarabine, for the treatment of newly diagnosed de novo or secondary acute myeloid leukaemia (AML) in adult patients who are not candidates for standard induction chemotherapy.",Neoplasms; Diseases of the blood and blood-forming organs,29.04.2019,2019,no,NA
galvus-epar-scientific-discussion_en.pdf,Not reported,Not reported,Galvus,Vildagliptin,Not reported,Small molecule,Tablet,Oral,approved,authorised,Not reported,Not reported,no,no,"Treatment of type 2 diabetes mellitus as dual oral therapy in combination with metformin, a sulphonylurea, or a thiazolidinedione","Treatment of type 2 diabetes mellitus as dual oral therapy in combination with metformin, a sulphonylurea, or a thiazolidinedione","Endocrine, nutritional, and metabolic diseases",Not reported,Not reported,no,NA
zeposia-epar-public-assessment-report_en.pdf,EMA/199869/2020,EMEA/H/C/004835/0000,Zeposia,ozanimod,Celgene Europe BV,Small molecule,"hard gelatine, immediate-release capsules",oral,approved,authorised,26.03.2020,2020,no,no,treatment of adult patients with relapsing remitting multiple sclerosis,treatment of adult patients with relapsing remitting multiple sclerosis,Diseases of the nervous system,06.03.2019,2019,no,NA
rozlytrek-epar-public-assessment-report_en.pdf,EMA/379739/2020,EMEA/H/C/004936/0000,Rozlytrek,entrectinib,Roche Registration GmbH,Small molecule,hard capsule,oral,approved,authorised,28.05.2020,2020,yes,no,"treatment of adult and paediatric patients with neurotrophic tyrosine receptor kinase (NTRK) fusion-positive locally advanced or metastatic solid tumours, who have progressed following prior therapies or as initial therapy when there are no acceptable standard therapies; treatment of patients with ROS1-positive, advanced non-small cell lung cancer (NSCLC).","treatment of adult and paediatric patients 12 years of age and older, with solid tumours that have a neurotrophic tyrosine receptor kinase (NTRK) gene fusion, who have a disease that is locally advanced, metastatic or where surgical resection is likely to result in severe morbidity, and who have not received a prior NTRK inhibitor and who have no satisfactory treatment options; treatment of adult patients with ROS1-positive, advanced non-small cell lung cancer (NSCLC) not previously treated with ROS1 inhibitors.",Neoplasms; Diseases of the respiratory system,07.01.2019,2019,no,NA
doxolipad-epar-refusal-public-assessment-report_en.pdf,EMA/398153/2019,EMEA/H/C/004110/0000,Doxolipad,doxorubicin hydrochloride,TLC Biopharmaceuticals B.V.,Biologics,concentrate for solution for infusion,intravenous,refused,NA,29.05.2019,2019,no,no,"As monotherapy for patients with metastatic breast cancer, where there is an increased cardiac risk; For treatment of advanced ovarian cancer in women who have failed a first-line platinum-based chemotherapy regimen.",NA,Neoplasms; Diseases of the genitourinary system,25.04.2017,2017,no,NA
buccolam-epar-public-assessment-report_en.pdf,EMA/662938/2011,EMEA/H/C/002267,Buccolam,midazolam,ViroPharma SPRL,Small molecule,oromucosal solution,oromucosal,approved,authorised,23.06.2011,2011,no,no,Treatment of acute seizures in children (from 3 months to <18 years) known to have epileptic seizures.,"Treatment of prolonged, acute, convulsive seizures in infants, toddlers, children and adolescents (from 3 months to < 18 years)",Diseases of the nervous system,31.08.2010,2010,yes,CHMP
posaconazole-accord-epar-assessment-report_en.pdf,EMA/354142/2019,EMEA/H/C/005005/0000,Posaconazole Accord,posaconazole,Accord Healthcare S.L.U.,Small molecule,gastro-resistant tablet,oral,approved,authorised,29.05.2019,2019,no,no,"use in the treatment of the following fungal infections in adults: Invasive aspergillosis, Fusariosis, Chromoblastomycosis and mycetoma, Coccidioidomycosis; prophylaxis of invasive fungal infections in patients with AML or MDS, and HSCT recipients.","use in the treatment of the following fungal infections in adults: Invasive aspergillosis, Fusariosis, Chromoblastomycosis and mycetoma, Coccidioidomycosis; prophylaxis of invasive fungal infections in patients with AML or MDS, and HSCT recipients.",Infectious and parasitic diseases; Neoplasms; Diseases of the blood and blood-forming organs,27.04.2018,2018,yes,Not reported
livogiva-epar-public-assessment-report_en.pdf,EMA/379175/2020,EMEA/H/C/005087/0000,Livogiva,teriparatide,Theramex Ireland Limited,Peptides and proteins,Solution for injection,Subcutaneous,approved,authorised (under additional monitoring),25.06.2020,2020,no,no,Treatment of osteoporosis in postmenopausal women and in men at increased risk of fracture; Treatment of osteoporosis associated with sustained systemic glucocorticoid therapy in women and men at increased risk for fracture.,Treatment of osteoporosis in postmenopausal women and in men at increased risk of fracture; Treatment of osteoporosis associated with sustained systemic glucocorticoid therapy in women and men at increased risk for fracture.,Diseases of the musculoskeletal system and connective tissue,06.05.2019,2019,no,NA
clopidogrel-bgr-previously-zylagren-epar-public-assessment-report_en.pdf,Not reported,EMEA/H/C/1138,Zylagren,clopidogrel,"Krka, d.d., Novo mesto",Small molecule,film-coated tablet,oral,approved,authorised,25.06.2009,2009,no,no,Prevention of atherothrombotic events in adults,Prevention of atherothrombotic events in adults,Diseases of the circulatory system,20.02.2009,2009,yes,Not reported
seffalair-spiromax-epar-public-assessment-report_en.pdf,EMA/99377/2021,EMEA/H/C/004881/0000,Seffalair Spiromax,salmeterol / fluticasone propionate,Teva B.V.,Small molecule,inhalation powder,inhalation,approved,authorised,28.01.2021,2021,no,no,Regular treatment of asthma in adults and adolescents 12 years of age and older where use of a combination of long-acting beta2-agonist and inhaled corticosteroid is appropriate.,Regular treatment of asthma in adults and adolescents 12 years of age and older where use of a combination of long-acting beta2-agonist and inhaled corticosteroid is appropriate.,Diseases of the respiratory system,14.10.2019,2019,yes,Not reported
kayfanda-epar-public-assessment-report_en.pdf,EMA/372096/2024,EMEA/H/C/006462/0000,Kayfanda,Odevixibat,Ipsen Pharma,Small molecule,hard capsules,oral,approved,authorised,25.07.2024,2024,yes,yes,treatment of cholestatic pruritus in Alagille syndrome (ALGS) in patients aged 6 months or older,treatment of cholestasis and pruritus in Alagille syndrome (ALGS) in patients from birth and older,Diseases of the liver; Diseases of the skin; Congenital malformations and chromosomal abnormalities,20.11.2023,2023,no,NA
ozurdex-epar-public-assessment-report_en.pdf,EMA/457364/2010,EMEA/H/C/001140,Ozurdex,dexamethasone,Allergan Pharmaceuticals Ireland,Small molecule,intravitreal implant,ocular,approved,authorised,20.05.2010,2010,no,no,treatment of adult patients with macular oedema following either Branch Retinal Vein Occlusion (BRVO) or Central Retinal Vein Occlusion (CRVO),treatment of adult patients with macular oedema following either Branch Retinal Vein Occlusion (BRVO) or Central Retinal Vein Occlusion (CRVO),Diseases of the eye and adnexa,24.02.2009,2009,yes,Not reported
stayveer-epar-public-assessment-report_en.pdf,EMA/294640/2013,EMEA/H/C/002644/0000,Stayveer,bosentan,Marklas Nederland BV,Small molecule,tablet,oral,approved,authorised,21.03.2013,2013,no,yes,"Treatment of pulmonary arterial hypertension (PAH) to improve exercise capacity and symptoms in patients with WHO functional class III. Efficacy has been shown in: Primary (idiopathic and familial) PAH, PAH secondary to scleroderma without significant interstitial pulmonary disease, PAH associated with congenital systemic-to-pulmonary shunts and Eisenmenger’s physiology. Some improvements have also been shown in patients with PAH WHO functional class II. Stayveer is also indicated to reduce the number of new digital ulcers in patients with systemic sclerosis and ongoing digital ulcer disease.","Treatment of pulmonary arterial hypertension (PAH) to improve exercise capacity and symptoms in patients with WHO functional class III. Efficacy has been shown in: Primary (idiopathic and familial) PAH, PAH secondary to scleroderma without significant interstitial pulmonary disease, PAH associated with congenital systemic-to-pulmonary shunts and Eisenmenger’s physiology. Some improvements have also been shown in patients with PAH WHO functional class II. Stayveer is also indicated to reduce the number of new digital ulcers in patients with systemic sclerosis and ongoing digital ulcer disease.",Diseases of the circulatory system; Diseases of the skin,30.08.2012,2012,yes,Not reported
aliqopa-withdrawal-assessment-report_en.pdf,EMA/948113/2022,EMEA/H/C/004334/0000,Aliqopa,copanlisib,Not reported,Small molecule,powder for concentrate for solution for infusion,intravenous,withdrawn,withdrawn,14.10.2021,2021,yes,no,Treatment of adult patients with previously treated marginal zone lymphoma,NA,Neoplasms; Diseases of the blood and blood-forming organs,Not reported,Not reported,no,NA
jardiance-epar-public-assessment-report_en.pdf,EMA/CHMP/137741/2014,EMEA/H/C/002677/0000,Jardiance,Empagliflozin,Boehringer Ingelheim International GmbH,Small molecule,Film-coated tablet,Oral,approved,authorised,20.03.2014,2014,no,no,Treatment of type 2 diabetes mellitus to improve glycaemic control in adults,Treatment of type 2 diabetes mellitus to improve glycaemic control in adults,"Endocrine, nutritional, and metabolic diseases",05.03.2013,2013,no,NA
topotecan-eagle-epar-public-assessment-report_en.pdf,EMA/1352/2012,EMEA/H/C/002261,Topotecan Eagle,topotecan,Eagle Laboratories Ltd,Small molecule,concentrate for solution for infusion,intravenous,approved,withdrawn,20.10.2011,2011,no,no,Treatment of patients with relapsed small cell lung cancer (SCLC) for whom re-treatment with the first-line regimen is not considered appropriate. In combination with Cisplatin for patients with carcinoma of the cervix recurrent after radiotherapy and for patients with Stage IVB disease.,Treatment of patients with relapsed small cell lung cancer (SCLC) for whom re-treatment with the first-line regimen is not considered appropriate. In combination with Cisplatin for patients with carcinoma of the cervix recurrent after radiotherapy and for patients with Stage IVB disease.,Neoplasms; Diseases of the respiratory system,30.06.2010,2010,no,NA
udenyca-epar-public-assessment-report_en.pdf,EMA/552721/2018,EMEA/H/C/004413/0000,Udenyca,pegfilgrastim,ERA Consulting GmbH,Biologics,solution for injection,subcutaneous,approved,withdrawn,26.07.2018,2018,no,no,Reduction in the duration of neutropenia and the incidence of febrile neutropenia in adult patients treated with cytotoxic chemotherapy for malignancy (with the exception of chronic myeloid leukaemia and myelodysplastic syndromes),Reduction in the duration of neutropenia and the incidence of febrile neutropenia in adult patients treated with cytotoxic chemotherapy for malignancy (with the exception of chronic myeloid leukaemia and myelodysplastic syndromes),Neoplasms,04.11.2016,2016,no,NA
zynyz-epar-public-assessment-report_en.pdf,EMA/122634/2024,EMEA/H/C/006194/0000,Zynyz,retifanlimab,Incyte Biosciences Distribution B.V.,Biologics,solution for infusion,intravenous,approved,authorised,22.02.2024,2024,yes,no,treatment of adult patients with metastatic or recurrent locally advanced Merkel cell carcinoma (MCC),monotherapy for the first-line treatment of adult patients with metastatic or recurrent locally advanced Merkel cell carcinoma (MCC) not amenable to curative surgery or radiation therapy,Neoplasms; Diseases of the skin,27.02.2023,2023,no,NA
aprovel-epar-scientific-discussion_en.pdf,Not reported,Not reported,Aprovel/Karvea,irbesartan,Not reported,Small molecule,tablet,oral,approved,authorised,Not reported,Not reported,no,yes,treatment of essential hypertension and renal disease in patients with hypertension and type II diabetes mellitus,treatment of essential hypertension and renal disease in patients with hypertension and type II diabetes mellitus,"Diseases of the circulatory system; Endocrine, nutritional, and metabolic diseases",Not reported,Not reported,no,NA
movymia-epar-public-assessment-report_en.pdf,EMA/88527/2017,EMEA/H/C/004368/0000,Movymia,teriparatide,STADA Arzneimittel AG,Peptides and proteins,solution for injection,subcutaneous,approved,authorised (under additional monitoring),10.11.2016,2016,no,no,Treatment of osteoporosis in postmenopausal women and in men at increased risk of fracture; Treatment of osteoporosis associated with sustained systemic glucocorticoid therapy in women and men at increased risk for fracture.,Treatment of osteoporosis in postmenopausal women and in men at increased risk of fracture; Treatment of osteoporosis associated with sustained systemic glucocorticoid therapy in women and men at increased risk for fracture.,Diseases of the musculoskeletal system and connective tissue,30.11.2015,2015,yes,CHMP
jyseleca-epar-public-assessment-report_en.pdf,EMA/424374/2020,EMEA/H/C/005113/0000,Jyseleca,filgotinib,Gilead Sciences Ireland UC,Small molecule,film-coated tablet,oral,approved,authorised,23.07.2020,2020,no,no,"Jyseleca is indicated as monotherapy or in combination with methotrexate (MTX) or other conventional synthetic disease modifying antirheumatic drugs (csDMARDs) for the treatment of adult patients with moderately to severely active rheumatoid arthritis who have had an inadequate response to, or who are intolerant to, one or more DMARDs.","Jyseleca is indicated as monotherapy or in combination with methotrexate (MTX) or other conventional synthetic disease modifying antirheumatic drugs (csDMARDs) for the treatment of adult patients with moderately to severely active rheumatoid arthritis who have had an inadequate response to, or who are intolerant to, one or more DMARDs.",Diseases of the musculoskeletal system and connective tissue,24.07.2019,2019,no,NA
quofenix-epar-public-assessment-report_en.pdf,EMA/CHMP/471386/2019,EMEA/H/C/004860/0000,Quofenix,delafloxacin,A. Menarini Industrie Farmaceutiche Riunite s.r.l.,Small molecule,Powder for concentrate for solution for infusion; Tablets,Intravenous; Oral,approved,authorised,17.10.2019,2019,no,no,Treatment of Acute Bacterial Skin and Skin Structure Infections (ABSSSI) in adults,Treatment of Acute Bacterial Skin and Skin Structure Infections (ABSSSI) in adults,Infectious and parasitic diseases; Diseases of the skin,06.03.2018,2018,no,NA
memantine-ratiopharm-epar-public-assessment-report_en.pdf,EMA/328117/2013,EMEA/H/C/002671/0000,Memantine ratiopharm,memantine,ratiopharm GmbH,Small molecule,film-coated tablets,oral,approved,authorised,21.03.2013,2013,no,no,treatment of Alzheimer’s disease,Treatment of patients with moderate to severe Alzheimer’s disease,Diseases of the nervous system,21.05.2012,2012,yes,NA
imatinib-teva-epar-public-assessment-report_en.pdf,EMA/CHMP/593709/2012,EMEA/H/C/002585,Imatinib Teva,imatinib,Teva Pharma B.V.,Small molecule,Film-coated tablet and hard capsules,Oral,approved,authorised,18.10.2012,2012,no,no,treatment of Philadelphia chromosome (bcr-abl) positive (Ph+) chronic myeloid leukaemia (CML),treatment of Philadelphia chromosome (bcr-abl) positive (Ph+) chronic myeloid leukaemia (CML),Neoplasms; Diseases of the blood and blood-forming organs,15.11.2011,2011,yes,Not reported
ryzneuta-epar-public-assessment-report_en.pdf,EMA/62813/2024,EMEA/H/C/005828/0000,Ryzneuta,efbemalenograstim alfa,Evive Biotechnology Ireland Limited,Biologics,solution for injection,subcutaneous,approved,authorised,25.01.2024,2024,no,no,Reduction in the duration of neutropenia and the incidence of febrile neutropenia in adult patients treated with cytotoxic chemotherapy for malignancy (with the exception of chronic myeloid leukaemia and myelodysplastic syndromes).,Reduction in the duration of neutropenia and the incidence of febrile neutropenia in adult patients treated with cytotoxic chemotherapy for malignancy (with the exception of chronic myeloid leukaemia and myelodysplastic syndromes).,Neoplasms; Diseases of the blood and blood-forming organs,09.09.2021,2021,no,NA
amglidia-epar-public-assessment-report_en.pdf,EMA/153558/2018,EMEA/H/C/004379/0000,Amglidia,glibenclamide,Ammtek,Small molecule,Oral suspension,Oral,approved,authorised,22.02.2018,2018,yes,no,"Amglidia is a hypoglycaemic agent indicated for the oral treatment of neonatal diabetes, for use in newborns, infants and children.","Amglidia is indicated for the treatment of neonatal diabetes mellitus, for use in newborns, infants and children. Sulphonylureas like Amglidia have been shown to be effective in patients with mutations in the genes coding for the β-cell ATP-sensitive potassium channel and chromosome 6q24-related transient neonatal diabetes mellitus.","Endocrine, nutritional, and metabolic diseases",06.10.2016,2016,no,NA
luveris-epar-public-assessment-report_en.pdf,Not reported,EMEA/H/C/292/00/00,Luveris,lutropin alfa,Ares-Serono (Europe) Ltd.,Biologics,Powder and solvent for solution for injection,Subcutaneous,approved,authorised,27.07.2000,2000,no,no,Stimulation of follicular development in women with severe LH and FSH deficiency,Stimulation of follicular development in women with severe LH and FSH deficiency,"Endocrine, nutritional, and metabolic diseases",01.06.1999,1999,no,NA
kigabeq-epar-public-assessment-report_en.pdf,EMA/549064/2018,EMEA/H/C/004534/0000,Kigabeq,vigabatrin,ORPHELIA Pharma SAS,Small molecule,soluble tablets,oral,approved,authorised,26.07.2018,2018,no,no,Treatment in monotherapy of infantile spasms (West's syndrome); Treatment in combination with other antiepileptic medicinal products for patients with resistant partial epilepsy with or without secondary generalisation,Treatment in monotherapy of infantile spasms (West's syndrome); Treatment in combination with other antiepileptic medicinal products for patients with resistant partial epilepsy with or without secondary generalisation,Diseases of the nervous system,29.05.2017,2017,yes,Not reported
fluad-paediatric-withdrawal-assessment-report_en.pdf,Not reported,EMEA/H/C/002299,FLUAD PAEDIATRIC,"Influenza Vaccine, Surface Antigen, Inactivated, Adjuvanted with MF59C.1",Not reported,Vaccine,suspension for injection,intramuscular,withdrawn,withdrawn,Not reported,Not reported,no,no,active immunization against influenza in infants and children (6 months to less than 9 years of age),NA,Infectious and parasitic diseases,Not reported,Not reported,no,NA
nubeqa-epar-public-assessment-report_en.pdf,EMA/84124/2020,EMEA/H/C/004790/0000,NUBEQA,darolutamide,Bayer AG,Small molecule,film-coated tablet,oral,approved,authorised,30.01.2020,2020,no,no,treatment of adult men with non-metastatic castration resistant prostate cancer (nmCRPC) who are at high risk of developing metastatic disease,treatment of adult men with non-metastatic castration resistant prostate cancer (nmCRPC) who are at high risk of developing metastatic disease,Neoplasms; Diseases of the genitourinary system,07.03.2019,2019,no,NA
regkirona-epar-public-assessment-report_en.pdf,EMA/679271/2021,EMEA/H/C/005854/0000,Regkirona,regdanvimab,Celltrion Healthcare Hungary Kft.,Biologics,concentrate for solution for infusion,intravenous,approved,withdrawn,11.11.2021,2021,no,no,Regdanvimab is indicated for the treatment of adults with coronavirus disease 2019 (COVID-19) that do not require supplemental oxygen and who are at increased risk of progressing to severe COVID-19,Regkirona is indicated for the treatment of adults with coronavirus disease 2019 (COVID-19) that do not require supplemental oxygen for COVID-19 and who are at increased risk of progressing to severe COVID-19,Infectious and parasitic diseases,01.10.2021,2021,no,NA
ixchiq-epar-public-assessment-report_en.pdf,EMA/292025/2024,EMEA/H/C/005797/0000,Ixchiq,Chikungunya vaccine (live),Valneva Austria GmbH,Vaccine,solution for injection,intramuscular,approved,authorised,30.05.2024,2024,no,no,Active immunisation for the prevention of disease caused by chikungunya virus (CHIKV) in individuals 18 years and older,Active immunisation for the prevention of disease caused by chikungunya virus (CHIKV) in individuals 18 years and older,Infectious and parasitic diseases,25.10.2023,2023,no,NA
riprazo-hct-epar-public-assessment-report_en.pdf,EMA/745107/2011,EMEA/H/C/002420/0000,Riprazo HCT,aliskiren hemifumarate / hydrochlorothiazide,Novartis Europharm Ltd.,Small molecule,Not reported,Not reported,approved,withdrawn,20.01.2011,2011,no,yes,Treatment of essential hypertension in adults.,Treatment of essential hypertension in adults.,Diseases of the circulatory system,05.11.2010,2010,yes,NA
tasermity-epar-public-assessment-report_en.pdf,EMA/68384/2015,EMEA/H/C/003968/0000,Tasermity,Sevelamer hydrochloride,sanofi-aventis recherche et développement,Small molecule,Film-coated tablet,Oral,approved,withdrawn,28.01.2015,2015,no,yes,Control of hyperphosphataemia in adult patients receiving haemodialysis or peritoneal dialysis,Control of hyperphosphataemia in adult patients receiving haemodialysis or peritoneal dialysis,"Endocrine, nutritional, and metabolic diseases",05.06.2014,2014,yes,Not reported
mavenclad-epar-public-assessment-report_en.pdf,EMA/435731/2017,EMEA/H/C/004230/0000,MAVENCLAD,cladribine,Merck Serono Europe Limited,Small molecule,tablet,oral,approved,authorised,22.06.2017,2017,no,no,MAVENCLAD is indicated as a single disease modifying therapy for the treatment of adult patients with highly active relapsing-remitting multiple sclerosis (MS) as defined by clinical or imaging features.,MAVENCLAD is indicated as a single disease modifying therapy for the treatment of adult patients with highly active relapsing-remitting multiple sclerosis (MS) as defined by clinical or imaging features.,Diseases of the nervous system,23.06.2016,2016,no,NA
cellcept-epar-scientific-discussion_en.pdf,Not reported,Not reported,CellCept,mycophenolate mofetil,Not reported,Small molecule,capsules; tablets; powder for oral suspension; powder for concentrate for solution for infusion,oral; intravenous,approved,authorised,14.02.1996,1996,no,yes,"prophylaxis of acute transplant rejection in patients receiving allogeneic renal, cardiac or hepatic transplants","prophylaxis of acute transplant rejection in patients receiving allogeneic renal, cardiac or hepatic transplants",Diseases of the genitourinary system; Diseases of the circulatory system; Diseases of the digestive system,Not reported,Not reported,no,NA
flynpovi-withdrawal-assessment-report_en.pdf,EMA/CHMP/244212/2021,EMEA/H/C/005043/0000,Flynpovi,eflornithine / sulindac,Cancer Prevention Pharma (Ireland) Limited,Small molecule,Film-coated tablet,Oral,withdrawn,withdrawn,24.06.2021,2021,yes,no,"Flynpovi is indicated as an adjunct to standard of care for treatment of adult patients with familial adenomatous polyposis (FAP) who have an intact colon, rectum, or ileo-anal pouch.",NA,Neoplasms; Diseases of the digestive system,29.05.2020,2020,no,NA
twinrix-adult-epar-scientific-discussion_en.pdf,Not reported,Not reported,TWINRIX Adult,Not reported,Not reported,Vaccine,solution for injection,intramuscular,approved,authorised,22.05.1996,1996,no,no,For use in non immune adults and adolescents of 16 years of age and above who are at risk of both hepatitis A and hepatitis B infection.,For use in non immune adults and adolescents of 16 years of age and above who are at risk of both hepatitis A and hepatitis B infection.,Infectious and parasitic diseases,Not reported,Not reported,yes,CPMP
gavreto-epar-public-assessment-report_en.pdf,EMA/597973/2021,EMEA/H/C/005413/0000,Gavreto,pralsetinib,Roche Registration GmbH,Small molecule,hard capsules,oral,approved,withdrawn,16.09.2021,2021,no,no,treatment of adult patients with rearranged during transfection (RET)-positive locally advanced or metastatic non-small cell lung cancer (NSCLC) previously treated with platinum-based chemotherapy,treatment of adult patients with rearranged during transfection (RET) fusion-positive advanced non-small cell lung cancer (NSCLC) not previously treated with a RET inhibitor,Neoplasms; Diseases of the respiratory system,30.04.2020,2020,no,NA
augtyro-epar-public-assessment-report_en.pdf,EMA/567599/2024,EMEA/H/C/006005/0000,Augtyro,repotrectinib,Bristol-Myers Squibb Pharma EEIG,Small molecule,hard capsules,oral,approved,authorised,14.11.2024,2024,no,no,Treatment of adult patients with ROS1-positive locally advanced or metastatic non-small cell lung cancer (NSCLC) and adult and paediatric patients 12 years of age and older with solid tumours expressing a neurotrophic tyrosine receptor kinase (NTRK) gene fusion.,Treatment of adult patients with ROS1-positive locally advanced or metastatic non-small cell lung cancer (NSCLC) and adult and paediatric patients 12 years of age and older with advanced solid tumours expressing a NTRK gene fusion.,Neoplasms; Diseases of the respiratory system,22.11.2023,2023,no,NA
brilique-epar-public-assessment-report_en.pdf,EMA/7143/2011,EMEA/H/C/1241,Brilique,ticagrelor,AstraZeneca AB,Small molecule,film-coated tablet,oral,approved,authorised,23.09.2010,2010,no,no,prevention of thrombotic events,"prevention of thrombotic events (cardiovascular death, myocardial infarction and stroke) in patients with Acute Coronary Syndromes (unstable angina, non ST elevation Myocardial Infarction [NSTEMI] or ST elevation Myocardial Infarction [STEMI]) including patients managed medically, and those who are managed with percutaneous coronary intervention (PCI) or coronary artery by-pass grafting (CABG)",Diseases of the circulatory system,27.10.2009,2009,no,NA
osigraft-epar-scientific-discussion_en.pdf,Not reported,Not reported,Osigraft,eptodermin alfa,Howmedica International S.de.R.L,Biologics,lyophilised powder,surgical implantation,approved,withdrawn,Not reported,Not reported,no,no,"Treatment of nonunion of tibia of at least 9 month duration, secondary to trauma, in skeletally mature patients, in cases where previous treatment with autograft has failed or use of autograft is unfeasible.","Treatment of nonunion of tibia of at least 9 month duration, secondary to trauma, in skeletally mature patients, in cases where previous treatment with autograft has failed or use of autograft is unfeasible.",Diseases of the musculoskeletal system and connective tissue,Not reported,Not reported,no,NA
wilzin-epar-scientific-discussion_en.pdf,Not reported,EMEA/H/C/000555,Wilzin,zinc acetate dihydrate,Orphan Europe SARL,Small molecule,hard capsules,oral,approved,authorised,Not reported,Not reported,yes,no,Maintenance treatment of patients with Wilson’s disease,Maintenance treatment of patients with Wilson’s disease,"Endocrine, nutritional, and metabolic diseases",Not reported,Not reported,yes,Not reported
idflu-epar-public-assessment-report_en.pdf,Not reported,EMEA/H/C/000966,IDflu,"Influenza vaccine (split virion, inactivated)",Sanofi Pasteur SA,Vaccine,suspension for injection,intradermal,approved,withdrawn,18.12.2008,2008,no,no,"Prophylaxis of influenza in adults up to 59 years of age, especially in those who run an increased risk of associated complications. Prophylaxis of influenza in individuals 60 years of age and over, especially in those who run an increased risk of associated complications.","Prophylaxis of influenza in adults up to 59 years of age, especially in those who run an increased risk of associated complications. Prophylaxis of influenza in individuals 60 years of age and over, especially in those who run an increased risk of associated complications.",Infectious and parasitic diseases; Diseases of the respiratory system,03.12.2007,2007,no,NA
datroway-epar-public-assessment-report_en.pdf,EMA/CHMP/78522/2025,EMEA/H/C/006547/0000,Datroway,datopotamab deruxtecan,Daiichi Sankyo Europe GmbH,Antibody-drug conjugate,powder for concentrate for solution for infusion,intravenous,approved,authorised,30.01.2025,2025,no,no,"treatment of adult patients with unresectable or metastatic hormone receptor (HR)-positive, HER2-negative breast cancer who have progressed on and are not suitable for endocrine therapy and received at least one additional systemic therapy for unresectable or metastatic disease","treatment of adult patients with unresectable or metastatic hormone receptor (HR)-positive, HER2-negative breast cancer who have received endocrine therapy and at least one line of chemotherapy in the advanced setting",Neoplasms,12.02.2024,2024,no,NA
fabrazyme-epar-scientific-discussion_en.pdf,Not reported,Not reported,Fabrazyme,agalsidase beta,Genzyme,Biologics,powder for concentrate for solution for infusion,intravenous,approved,authorised,Not reported,Not reported,yes,no,long-term enzyme replacement therapy in patients with a confirmed diagnosis of Fabry disease,long-term enzyme replacement therapy in patients with a confirmed diagnosis of Fabry disease,"Endocrine, nutritional, and metabolic diseases; Diseases of the nervous system; Diseases of the eye and adnexa; Diseases of the circulatory system; Diseases of the digestive system; Diseases of the skin; Diseases of the genitourinary system",Not reported,Not reported,no,NA
taxotere-epar-scientific-discussion_en.pdf,Not reported,Not reported,Taxotere,Docetaxel,Not reported,Small molecule,Concentrate for infusion,Intravenous,approved,authorised,Not reported,Not reported,no,yes,Treatment of locally advanced or metastatic breast cancer and non-small cell lung cancer,Treatment of locally advanced or metastatic breast cancer and non-small cell lung cancer,Neoplasms; Diseases of the respiratory system,Not reported,Not reported,no,NA
bemfola-epar-public-assessment-report_en.pdf,EMA/65507/2013,EMEA/H/C/002615,Bemfola,Follitropin alfa,Finox Biotech AG,Biologics,Solution for injection,Subcutaneous,approved,authorised,31.01.2014,2014,no,no,"Anovulation (including polycystic ovarian disease, PCOD) in women who have been unresponsive to treatment with clomiphene citrate; Stimulation of multifollicular development in patients undergoing superovulation for assisted reproductive technologies (ART) such as in vitro fertilisation (IVF), gamete intra-fallopian transfer (GIFT) and zygote intra-fallopian transfer (ZIFT); Bemfola in association with a luteinising hormone (LH) preparation is recommended for the stimulation of follicular development in women with severe LH and FSH deficiency; Stimulation of spermatogenesis in men who have congenital or acquired hypogonadotrophic hypogonadism with concomitant human Chorionic Gonadotrophin (hCG) therapy.","Anovulation (including polycystic ovarian disease, PCOD) in women who have been unresponsive to treatment with clomiphene citrate; Stimulation of multifollicular development in patients undergoing superovulation for assisted reproductive technologies (ART) such as in vitro fertilisation (IVF), gamete intra-fallopian transfer (GIFT) and zygote intra-fallopian transfer (ZIFT); Bemfola in association with a luteinising hormone (LH) preparation is recommended for the stimulation of follicular development in women with severe LH and FSH deficiency; Stimulation of spermatogenesis in men who have congenital or acquired hypogonadotrophic hypogonadism with concomitant human Chorionic Gonadotrophin (hCG) therapy.","Diseases of the genitourinary system; Endocrine, nutritional, and metabolic diseases",30.10.2012,2012,no,NA
provenge-epar-public-assessment-report_en.pdf,EMA/440011/2013,EMEA/H/C/002513/0000,PROVENGE,Autologous peripheral blood mononuclear cells activated with PAP-GM-CSF (sipuleucel-T),Dendreon UK LTD,Cell and gene therapy,cell dispersion for infusion,intravenous,approved,withdrawn,21.06.2013,2013,no,no,Provenge is indicated for first line treatment of metastatic castrate resistant prostate cancer in male adults.,Provenge is indicated for first line treatment of metastatic castrate resistant prostate cancer in male adults.,Neoplasms,30.12.2011,2011,yes,Not reported
vynfinit-withdrawal-assessment-report_en.pdf,EMA/CHMP/797690/2013,EMEA/H/C/002571/0000,Vynfinit,vintafolide,"Endocyte Europe, B.V.",Small molecule,powder for solution for injection,intravenous,withdrawn,withdrawn,20.03.2014,2014,yes,no,"Vynfinit, in combination with pegylated liposomal doxorubicin (PLD) is indicated for the treatment of adult patients with platinum resistant ovarian cancer (PROC) who express the folate receptor on all target lesions as assessed by Folcepri.",NA,Neoplasms; Diseases of the genitourinary system,26.10.2012,2012,no,NA
pantoloc-control-epar-public-assessment-report_en.pdf,EMA/374696/2009,EMEA/H/C/001100,PANTOLOC Control,pantoprazole,Nycomed GmbH,Small molecule,gastro-resistant tablets,oral,approved,withdrawn,19.02.2009,2009,no,yes,"Treatment of reflux symptoms (e.g. heartburn, acid regurgitation)","Short-term treatment of reflux symptoms (e.g. heartburn, acid regurgitation) in adults.",Diseases of the digestive system,20.11.2008,2008,yes,Not reported
revolade-epar-public-assessment-report_en.pdf,EMA/CHMP/279276/2010,EMEA/H/C/001110,Revolade,eltrombopag,GlaxoSmithKline Trading Services Ltd.,Small molecule,film-coated tablets,oral,approved,authorised,11.03.2010,2010,yes,no,treatment of previously treated patients with chronic idiopathic thrombocytopenic purpura (ITP) to increase platelet counts and reduce or prevent bleeding,"treatment of adult chronic immune (idiopathic) thrombocytopenic purpura (ITP) splenectomised patients who are refractory to other treatments (e.g. corticosteroids, immunoglobulins). Revolade may be considered as second line treatment for adult non-splenectomised patients where surgery is contraindicated",Diseases of the blood and blood-forming organs,04.12.2008,2008,no,NA
voriconazole-hospira-epar-public-assessment-report_en.pdf,EMA/CHMP/151531/2015,EMEA/H/C/003737/0000,Voriconazole Hospira,voriconazole,Hospira U K Limited,Small molecule,Powder for solution for infusion,Intravenous,approved,authorised,26.03.2015,2015,no,no,Treatment of invasive aspergillosis; Treatment of candidaemia in non-neutropenic patients; Treatment of fluconazole-resistant serious invasive Candida infections (including C. krusei); Treatment of serious fungal infections caused by Scedosporium spp. and Fusarium spp.,Treatment of invasive aspergillosis; Treatment of candidaemia in non-neutropenic patients; Treatment of fluconazole-resistant serious invasive Candida infections (including C. krusei); Treatment of serious fungal infections caused by Scedosporium spp. and Fusarium spp.,Infectious and parasitic diseases,27.02.2014,2014,yes,Not reported
roctavian-epar-public-assessment-report_en.pdf,EMA/685615/2022,EMEA/H/C/005830/0000,Roctavian,valoctocogene roxaparvovec,BioMarin International Limited,Cell and gene therapy,solution for infusion,intravenous,approved,authorised,23.06.2022,2022,yes,no,treatment of severe haemophilia A (congenital factor VIII deficiency) in adult patients without a history of factor VIII inhibitors and without detectable antibodies to adeno-associated virus serotype 5 (AAV5),treatment of adults with severe haemophilia A (congenital factor VIII deficiency) without a history of factor VIII inhibitors and without detectable antibodies to adeno-associated virus serotype 5 (AAV5),Diseases of the blood and blood-forming organs,25.06.2021,2021,no,NA
eydenzelt-epar-public-assessment-report_en.pdf,EMA/1268/2025,EMEA/H/C/005899/0000,Eydenzelt,aflibercept,Celltrion Healthcare Hungary Kft.,Biologics,Solution for injection,Intravitreal,approved,authorised,12.12.2024,2024,no,no,neovascular (wet) age-related macular degeneration (AMD); visual impairment due to macular oedema secondary to retinal vein occlusion (branch RVO or central RVO); visual impairment due to diabetic macular oedema (DME); visual impairment due to myopic choroidal neovascularisation (myopic CNV),neovascular (wet) age-related macular degeneration (AMD); visual impairment due to macular oedema secondary to retinal vein occlusion (branch RVO or central RVO); visual impairment due to diabetic macular oedema (DME); visual impairment due to myopic choroidal neovascularisation (myopic CNV),"Diseases of the eye and adnexa; Endocrine, nutritional, and metabolic diseases",23.11.2023,2023,no,NA
zenapax-epar-scientific-discussion_en.pdf,Not reported,Not reported,Zenapax,daclizumab,Not reported,Biologics,concentrate for solution for infusion,intravenous,approved,withdrawn,Not reported,Not reported,no,yes,prophylaxis of acute organ rejection in de novo allogeneic renal transplantation,prophylaxis of acute organ rejection in de novo allogeneic renal transplantation,Diseases of the genitourinary system,Not reported,Not reported,no,NA
komboglyze-epar-public-assessment-report_en.pdf,Not reported,EMEA/H/C/002059,Komboglyze,saxagliptin / metformin,Bristol-Myers Squibb / AstraZeneca EEIG,Small molecule,film-coated tablet,oral,approved,authorised,22.09.2011,2011,no,no,Komboglyze is indicated as an adjunct to diet and exercise to improve glycaemic control in adult patients aged 18 years and older with type 2 diabetes mellitus inadequately controlled on their maximally tolerated dose of metformin alone or those already being treated with the combination of saxagliptin and metformin as separate tablets.,Komboglyze is indicated as an adjunct to diet and exercise to improve glycaemic control in adult patients aged 18 years and older with type 2 diabetes mellitus inadequately controlled on their maximally tolerated dose of metformin alone or those already being treated with the combination of saxagliptin and metformin as separate tablets.,"Endocrine, nutritional, and metabolic diseases",21.07.2010,2010,no,NA
emtricitabinetenofovir-disoproxil-krka-dd-epar-public-assessment-report_en.pdf,EMA/236203/2017,EMEA/H/C/004686/0000,Emtricitabine/tenofovir disoproxil Krka d.d.,emtricitabine / tenofovir disoproxil,"KRKA, d.d., Novo mesto",Small molecule,film-coated tablet,oral,approved,authorised,23.02.2017,2017,no,no,antiretroviral combination therapy for the treatment of HIV-1 infected adults,antiretroviral combination therapy for the treatment of HIV-1 infected adults,Infectious and parasitic diseases,01.12.2016,2016,yes,Not reported
entyvio-epar-public-assessment-report_en.pdf,EMA/676643/2013,EMEA/H/C/002782/0000,Entyvio,vedolizumab,Takeda Pharma A/S,Biologics,Powder for concentrate for solution for infusion,Intravenous,approved,authorised,20.03.2014,2014,no,no,"Treatment of adult patients with moderately to severely active ulcerative colitis and Crohn’s disease who have had an inadequate response with, lost response to, or were intolerant to either conventional therapy or a tumour necrosis factor alpha (TNFα) antagonist.","Treatment of adult patients with moderately to severely active ulcerative colitis and Crohn’s disease who have had an inadequate response with, lost response to, or were intolerant to either conventional therapy or a tumour necrosis factor alpha (TNFα) antagonist.",Diseases of the digestive system,06.03.2013,2013,no,NA
cuprymina-epar-public-assessment-report_en.pdf,EMA/518790/2012,EMEA/H/C/002136,Cuprymina,Copper (64Cu) chloride,SPARKLE S.r.l,Other,solution,Not reported,approved,authorised,21.06.2012,2012,no,no,"Cuprymina is a radiopharmaceutical precursor. It is not intended for direct use in patients. This medicinal product must be used only for the radiolabelling of carrier molecules, which have been specifically developed and authorised for radiolabelling with this radionuclide.","Cuprymina is a radiopharmaceutical precursor. It is not intended for direct use in patients. This medicinal product must be used only for the radiolabelling of carrier molecules, which have been specifically developed and authorised for radiolabelling with this radionuclide.",Neoplasms,22.09.2010,2010,no,NA
kixelle-epar-public-assessment-report_en.pdf,EMA/64677/2021,EMEA/H/C/004965/0000,Kixelle,insulin aspart,Mylan IRE Healthcare Limited,Peptides and proteins,Solution for injection,Subcutaneous; Intravenous,approved,authorised,10.12.2020,2020,no,no,"Treatment of diabetes mellitus in adults, adolescents and children aged 1 year and above","Treatment of diabetes mellitus in adults, adolescents and children aged 1 year and above","Endocrine, nutritional, and metabolic diseases",11.10.2019,2019,yes,Not reported
daxas-epar-public-assessment-report_en.pdf,EMA/464905/2010,EMEA/H/C/001179,Daxas,roflumilast,Nycomed GmbH,Small molecule,film-coated tablet,oral,approved,authorised,22.04.2010,2010,no,no,maintenance treatment of chronic obstructive pulmonary disease (COPD) associated with chronic bronchitis in patients at risk of exacerbations,maintenance treatment of severe chronic obstructive pulmonary disease (COPD) (FEV1 post-bronchodilator less than 50% predicted) associated with chronic bronchitis in adult patients with a history of frequent exacerbations as add on to bronchodilator treatment,Diseases of the respiratory system,06.05.2009,2009,no,NA
kapruvia-epar-public-assessment-report_en.pdf,EMA/152430/2022,EMEA/H/C/005612/0000,Kapruvia,difelikefalin,Vifor Fresenius Medical Care Renal Pharma France,Peptides and proteins,solution for injection,intravenous,approved,authorised,24.02.2022,2022,no,no,Treatment of moderate-to-severe pruritus associated with chronic kidney disease in adult patients on haemodialysis.,Treatment of moderate-to-severe pruritus associated with chronic kidney disease in adult patients on haemodialysis.,Diseases of the genitourinary system; Other,08.03.2021,2021,no,NA
integrilin-epar-scientific-discussion_en.pdf,Not reported,Not reported,Integrilin,Eptifibatide,Not reported,Peptides and proteins,solution for intravenous injection,intravenous,approved,authorised,Not reported,Not reported,no,yes,prevention of early myocardial infarction in patients with unstable angina or non-Q-wave myocardial infarction,prevention of early myocardial infarction in patients with unstable angina or non-Q-wave myocardial infarction,Diseases of the circulatory system,Not reported,Not reported,no,NA
sixmo-epar-public-assessment-report_en.pdf,EMA/CHMP/266482/2019,EMEA/H/C/004743/0000,Sixmo,buprenorphine,L. Molteni & C. dei Fratelli Alitti Società di Esercizio S.p.A.,Peptides and proteins,subcutaneous implant,subcutaneous,approved,authorised,26.04.2019,2019,no,no,"Substitution treatment for opioid drug dependence, within a framework of medical, social and psychological treatment. Treatment is intended for use in adults and adolescents over 15 years of age who have agreed to be treated for addiction.","Substitution treatment for opioid dependence in clinically stable adult patients who require no more than 8 mg/day of sublingual buprenorphine, within a framework of medical, social and psychological treatment.",Mental and behavioural disorders,06.11.2017,2017,no,NA
intrinsa-epar-scientific-discussion_en.pdf,Not reported,EMEA/H/C/000638,Intrinsa,Testosterone,Not reported,Small molecule,Transdermal patch,Cutaneous,approved,authorised,Not reported,2006,no,no,Treatment of hypoactive sexual desire disorder (HSDD) in bilaterally oophorectomized and hysterectomized women receiving concomitant estrogen therapy.,Treatment of hypoactive sexual desire disorder (HSDD) in bilaterally oophorectomized and hysterectomized women receiving concomitant estrogen therapy.,Mental and behavioural disorders,Not reported,Not reported,yes,CHMP
nezglyal-epar-refusal-public-assessment-report_en.pdf,EMA/301934/2024,EMEA/H/C/005757/0000,Nezglyal,leriglitazone,Minoryx Therapeutics S.L.,Small molecule,oral suspension,oral,refused,NA,28.05.2024,2024,yes,no,treatment of cerebral progression and myelopathy in male patients with adrenoleukodystrophy (ALD),NA,"Diseases of the nervous system; Endocrine, nutritional, and metabolic diseases",29.07.2022,2022,no,NA
urorec-epar-public-assessment-report_en.pdf,EMA/793234/2009,EMEA/H/C/001092,Urorec,silodosin,Recordati Ireland Ltd.,Small molecule,hard capsules,oral,approved,authorised,19.11.2009,2009,no,no,Treatment of the signs and symptoms of benign prostatic hyperplasia (BPH),Treatment of the signs and symptoms of benign prostatic hyperplasia (BPH),Diseases of the genitourinary system,30.10.2008,2008,no,NA
monotard-epar-scientific-discussion_en.pdf,Not reported,Not reported,Monotard,insulin human,Not reported,Peptides and proteins,suspension,subcutaneous,approved,withdrawn,Not reported,Not reported,no,no,treatment of patients with diabetes mellitus,treatment of patients with diabetes mellitus,"Endocrine, nutritional, and metabolic diseases",Not reported,Not reported,no,NA
vimizim-epar-public-assessment-report_en.pdf,EMA/357933/2014,EMEA/H/C/002779/0000,Vimizim,elosulfase alfa,BioMarin Europe Ltd,Biologics,solution for infusion,intravenous,approved,authorised,20.02.2014,2014,yes,no,"Vimizim is indicated for the treatment of mucopolysaccharidosis, type IVA (Morquio A Syndrome, MPS IVA)","Vimizim is indicated for the treatment of mucopolysaccharidosis, type IVA (Morquio A Syndrome, MPS IVA) in patients of all ages.",Diseases of the musculoskeletal system and connective tissue; Diseases of the respiratory system; Diseases of the circulatory system; Diseases of the nervous system,23.04.2013,2013,no,NA
menquadfi-epar-public-assessment-report_en.pdf,EMA/522942/2020,EMEA/H/C/005084/0000,MenQuadfi,"meningococcal group A, C, W135 and Y conjugate vaccine",Sanofi Pasteur,Vaccine,solution for injection,intramuscular,approved,authorised,17.09.2020,2020,no,no,"active immunisation of individuals from the age of 12 months and older against invasive meningococcal disease caused by Neisseria meningitidis serogroups A, C, W, and Y","active immunisation of individuals from the age of 12 months and older against invasive meningococcal disease caused by Neisseria meningitidis serogroups A, C, W, and Y",Infectious and parasitic diseases,04.10.2019,2019,no,NA
anagrelide-mylan-epar-public-assessment-report_en.pdf,EMA/63484/2018,EMEA/H/C/004585/0000,Anagrelide Mylan,Anagrelide,Mylan S.A.S,Small molecule,"Capsule, hard",Oral,approved,authorised,14.12.2017,2017,no,no,Reduction of elevated platelet counts in at risk essential thrombocythaemia (ET) patients who are intolerant to their current therapy or whose elevated platelet counts are not reduced to an acceptable level by their current therapy.,Reduction of elevated platelet counts in at risk essential thrombocythaemia (ET) patients who are intolerant to their current therapy or whose elevated platelet counts are not reduced to an acceptable level by their current therapy.,Diseases of the blood and blood-forming organs,06.12.2016,2016,yes,Not reported
portrazza-epar-public-assessment-report_en.pdf,EMA/CHMP/15391/2016,EMEA/H/C/003886/0000,Portrazza,necitumumab,Eli Lilly Nederland B.V.,Biologics,concentrate for solution for infusion,intravenous,approved,authorised,17.12.2015,2015,no,no,Portrazza in combination with gemcitabine and cisplatin chemotherapy is indicated for first-line treatment of patients with locally advanced or metastatic squamous non-small cell lung cancer.,Portrazza in combination with gemcitabine and cisplatin chemotherapy is indicated for the treatment of adult patients with locally advanced or metastatic epidermal growth factor receptor (EGFR) expressing squamous non-small cell lung cancer who have not received prior chemotherapy for this condition.,Neoplasms; Diseases of the respiratory system,01.12.2014,2014,no,NA
ivabradine-jensonr-epar-public-assessment-report_en.pdf,EMA/648588/2016,EMEA/H/C/004217/0000,Ivabradine JensonR,ivabradine,JensonR+Limited,Small molecule,film-coated tablets,oral,approved,withdrawn,15.09.2016,2016,no,no,Symptomatic treatment of chronic stable angina pectoris; Treatment of chronic heart failure,Symptomatic treatment of chronic stable angina pectoris; Treatment of chronic heart failure,Diseases of the circulatory system,11.11.2015,2015,yes,NA
reyataz-epar-scientific-discussion_en.pdf,Not reported,Not reported,Reyataz,atazanavir,Not reported,Small molecule,hard capsule and powder for oral use,oral,approved,authorised,Not reported,Not reported,no,no,"treatment of HIV-1 infected, antiretroviral treatment experienced adults, in combination with other antiretroviral medicinal products","treatment of HIV-1 infected, antiretroviral treatment experienced adults, in combination with other antiretroviral medicinal products",Infectious and parasitic diseases,Not reported,Not reported,no,NA
dyrupeg-epar-public-assessment-report_en.pdf,EMA/57953/2025,EMEA/H/C/006407/0000,Dyrupeg,pegfilgrastim,CuraTeQ Biologics s.r.o.,Biologics,solution for injection,subcutaneous,approved,authorised,30.01.2025,2025,no,no,Reduction in the duration of neutropenia and the incidence of febrile neutropenia in adult patients treated with cytotoxic chemotherapy for malignancy (with the exception of chronic myeloid leukemia and myelodysplastic syndromes).,Reduction in the duration of neutropenia and the incidence of febrile neutropenia in adult patients treated with cytotoxic chemotherapy for malignancy (except chronic myeloid leukaemia and myelodysplastic syndromes).,Neoplasms; Diseases of the blood and blood-forming organs,31.01.2024,2024,yes,Not reported
libertek-epar-public-assessment-report_en.pdf,EMA/836394/2010,EMEA/H/C/002399,Libertek,roflumilast,Nycomed GmbH,Small molecule,film-coated tablet,oral,approved,withdrawn,16.12.2010,2010,no,yes,treatment of chronic obstructive pulmonary disease (COPD),maintenance treatment of severe chronic obstructive pulmonary disease (COPD) associated with chronic bronchitis in adult patients with a history of frequent exacerbations as add on to bronchodilator treatment,Diseases of the respiratory system,30.09.2010,2010,yes,Not reported
ipreziv-epar-public-assessment-report_en.pdf,Not reported,EMEA/H/C/002517,Ipreziv,azilsartan medoxomil,Takeda Global Research and Development Centre (Europe) Ltd.,Small molecule,tablet,oral,approved,withdrawn,22.09.2011,2011,no,no,treatment of essential hypertension,treatment of essential hypertension,Diseases of the circulatory system,18.05.2011,2011,no,NA
silapo-epar-scientific-discussion_en.pdf,EMA/000309/2007,EMEA/H/C/000309,SB309,epoetin zeta,Norbitec GmbH,Biologics,solution for injection,intravenous; subcutaneous,approved,authorised,Not reported,2007,no,no,"Treatment of anaemia associated with chronic renal failure in adult and paediatric patients on haemodialysis and adult patients on peritoneal dialysis; Treatment of severe anaemia of renal origin accompanied by clinical symptoms in adult patients with renal insufficiency not yet undergoing dialysis; Treatment of anaemia and reduction of transfusion requirements in adult patients receiving chemotherapy for solid tumours, malignant lymphoma or multiple myeloma, and at risk of transfusion as assessed by the patient's general status; Increasing the yield of autologous blood from patients in a predonation programme.","Treatment of anaemia associated with chronic renal failure in adult and paediatric patients on haemodialysis and adult patients on peritoneal dialysis; Treatment of severe anaemia of renal origin accompanied by clinical symptoms in adult patients with renal insufficiency not yet undergoing dialysis; Treatment of anaemia and reduction of transfusion requirements in adult patients receiving chemotherapy for solid tumours, malignant lymphoma or multiple myeloma, and at risk of transfusion as assessed by the patient's general status; Increasing the yield of autologous blood from patients in a predonation programme.",Diseases of the blood and blood-forming organs; Neoplasms,Not reported,Not reported,no,NA
emgality-epar-public-assessment-report_en.pdf,EMA/708631/2018,EMEA/H/C/004648/0000,Emgality,galcanezumab,Eli Lilly Nederland B.V.,Biologics,solution for subcutaneous injection,subcutaneous,approved,authorised,20.09.2018,2018,no,no,prophylaxis of migraine in adults,prophylaxis of migraine in adults,Diseases of the nervous system,30.10.2017,2017,no,NA
januvia-epar-scientific-discussion_en.pdf,EMA/000062/2007,EMEA/H/C/000062,Januvia,Sitagliptin,Merck Sharp & Dohme Ltd,Small molecule,film-coated tablet,oral,approved,authorised,Not reported,2007,no,no,"For treatment of patients with type 2 diabetes mellitus to improve glycaemic control in combination with metformin or a PPAR γ agonist (e.g. thiazolidinedione) when diet and exercise, plus the single agent do not provide adequate glycaemic control","Januvia is indicated in patients with type 2 diabetes mellitus to improve glycaemic control in combination with metformin when diet and exercise plus metformin do not provide adequate glycaemic control. For patients with type 2 diabetes mellitus in whom use of a PPAR γ agonist (i.e. a thiazolidinedione) is appropriate, Januvia is indicated in combination with the PPAR γ agonist when diet and exercise plus the PPAR γ agonist alone do not provide adequate glycaemic control.","Endocrine, nutritional, and metabolic diseases",Not reported,Not reported,no,NA
ucedane-epar-public-assessment-report_en.pdf,EMA/404487/2017,EMEA/H/C/004019/0000,Ucedane,carglumic acid,Lucane Pharma,Small molecule,dispersible tablet,oral,approved,authorised,21.04.2017,2017,no,no,treatment of hyperammonaemia due to N-acetylglutamate synthase primary deficiency,treatment of hyperammonaemia due to N-acetylglutamate synthase primary deficiency,"Endocrine, nutritional, and metabolic diseases",25.04.2016,2016,yes,Not reported
protaphane-epar-scientific-discussion_en.pdf,Not reported,Not reported,Protaphane,insulin human,Not reported,Peptides and proteins,suspension,subcutaneous,approved,authorised,Not reported,Not reported,no,no,treatment of patients with diabetes mellitus,treatment of patients with diabetes mellitus,"Endocrine, nutritional, and metabolic diseases",Not reported,Not reported,no,NA
sliwens-withdrawal-assessment-report_en.pdf,EMA/CHMP/90435/2010,EMEA/H/C/1102,Sliwens,Eplivanserin,Sanofi-aventis,Small molecule,tablet,oral,withdrawn,withdrawn,18.03.2010,2010,no,no,Treatment of chronic insomnia characterized by difficulties with sleep maintenance as measured by duration and number of nocturnal awakenings,NA,Mental and behavioural disorders,Not reported,Not reported,no,NA
optaflu-epar-scientific-discussion_en.pdf,Not reported,Not reported,Optaflu,Not reported,Novartis,Vaccine,solution for injection,intramuscular,approved,withdrawn,Not reported,Not reported,no,no,"Prophylaxis of influenza for adults, especially in those who run an increased risk of associated complications.","Prophylaxis of influenza for adults, especially in those who run an increased risk of associated complications.",Infectious and parasitic diseases,Not reported,Not reported,no,NA
zelnorm-epar-refusal-public-assessment-report_en.pdf,Not reported,EMEA/H/C/621,ZELNORM,TEGASEROD,Novartis Europharm Limited,Small molecule,tablet,oral,refused,withdrawn,23.03.2006,2006,no,no,repeated symptomatic short-term treatment of Irritable Bowel Syndrome in women whose predominant bowel habit is constipation (IBS-C),NA,Diseases of the digestive system,29.09.2004,2004,no,NA
axura-epar-scientific-discussion_en.pdf,Not reported,Not reported,Axura,memantine,Merz Pharmaceuticals GmbH,Small molecule,tablet; oral solution,oral,approved,authorised,Not reported,Not reported,no,no,treatment of patients with moderately severe to severe Alzheimer’s disease and vascular dementia,treatment of patients with moderately severe to severe Alzheimer’s disease,Mental and behavioural disorders; Diseases of the nervous system,Not reported,Not reported,no,NA
enpaxiq-withdrawal-assessment-report_en.pdf,EMA/178779/2017,EMEA/H/C/004193/0000,Enpaxiq,pacritinib,Not reported,Small molecule,hard capsules,oral,refused,NA,15.09.2016,2016,Not reported,no,"treatment of splenomegaly or symptoms in adult patients with primary myelofibrosis (PMF), post-polycythaemia vera myelofibrosis (PPV-MF), and post-essential thrombocythaemia myelofibrosis (PET-MF)",NA,Neoplasms; Diseases of the blood and blood-forming organs,Not reported,Not reported,no,NA
naveruclif-epar-public-assessment-report_en.pdf,EMA/535209/2023,EMEA/H/C/006173/0000,Naveruclif,paclitaxel,Accord Healthcare S.L.U.,Biologics,powder for dispersion for infusion,intravenous,approved,authorised,09.11.2023,2023,no,no,"Naveruclif monotherapy is indicated for the treatment of metastatic breast cancer in adult patients who have failed first-line treatment for metastatic disease and for whom standard, anthracycline containing therapy is not indicated. Naveruclif in combination with gemcitabine is indicated for the first-line treatment of adult patients with metastatic adenocarcinoma of the pancreas. Naveruclif in combination with carboplatin is indicated for the first-line treatment of non-small cell lung cancer in adult patients who are not candidates for potentially curative surgery and/or radiation therapy.","Naveruclif monotherapy is indicated for the treatment of metastatic breast cancer in adult patients who have failed first-line treatment for metastatic disease and for whom standard, anthracycline containing therapy is not indicated. Naveruclif in combination with gemcitabine is indicated for the first-line treatment of adult patients with metastatic adenocarcinoma of the pancreas. Naveruclif in combination with carboplatin is indicated for the first-line treatment of non-small cell lung cancer in adult patients who are not candidates for potentially curative surgery and/or radiation therapy.",Neoplasms; Diseases of the respiratory system; Diseases of the digestive system,09.01.2023,2023,yes,Not reported
incruse-epar-public-assessment-report_en.pdf,EMA/175100/2014,EMEA/H/C/002809/0000,Incruse,umeclidinium bromide,Glaxo Group Ltd,Small molecule,"Inhalation powder, pre-dispensed",Inhalation,approved,authorised,20.02.2014,2014,no,no,Maintenance bronchodilator treatment to relieve symptoms in adult patients with chronic obstructive pulmonary disease (COPD).,Maintenance bronchodilator treatment to relieve symptoms in adult patients with chronic obstructive pulmonary disease (COPD).,Diseases of the respiratory system,25.04.2013,2013,no,NA
silodyx-epar-public-assessment-report_en.pdf,EMA/72316/2010,EMEA/H/C/001209,Silodyx,silodosin,Recordati Ireland Ltd.,Small molecule,hard capsules,oral,approved,authorised,19.11.2009,2009,no,no,Treatment of the signs and symptoms of benign prostatic hyperplasia (BPH),Treatment of the signs and symptoms of benign prostatic hyperplasia (BPH),Diseases of the genitourinary system,24.07.2009,2009,no,NA
vyjuvek-epar-public-assessment-report_en.pdf,EMA/98574/2025,EMEA/H/C/006330/0000,Vyjuvek,beremagene geperpavec,Krystal Biotech Netherlands B.V.,Gene therapy,suspension and gel,topical,approved,authorised,27.02.2025,2025,yes,no,treatment of patients from birth with dystrophic epidermolysis bullosa (DEB) with mutation(s) in the collagen type VII alpha 1 chain (COL7A1) gene,treatment of patients from birth with dystrophic epidermolysis bullosa (DEB) with mutation(s) in the collagen type VII alpha 1 chain (COL7A1) gene,Diseases of the skin; Congenital malformations and chromosomal abnormalities,30.10.2023,2023,no,NA
glustin-epar-scientific-discussion_en.pdf,Not reported,Not reported,Glustin,Pioglitazone hydrochloride,Not reported,Small molecule,Tablet,Oral,approved,withdrawn,Not reported,Not reported,no,no,Type 2 diabetes mellitus,Type 2 diabetes mellitus,"Endocrine, nutritional, and metabolic diseases",Not reported,Not reported,no,NA
emselex-epar-scientific-discussion_en.pdf,Not reported,EMEA/H/C/000611,Emselex,darifenacin hydrobromide,Novartis Pharma AG,Small molecule,prolonged-release tablet,oral,approved,authorised,Not reported,Not reported,no,no,symptomatic treatment of urge incontinence and/or increased urinary frequency and urgency as may occur in patients with overactive bladder syndrome,symptomatic treatment of urge incontinence and/or increased urinary frequency and urgency as may occur in patients with overactive bladder syndrome,Diseases of the genitourinary system,Not reported,Not reported,no,NA
efavirenz-teva-epar-public-assessment-report_en.pdf,EMA/916997/2011,EMEA/H/C/002352,Efavirenz Teva,efavirenz,Teva Pharma B.V.,Small molecule,film-coated tablets,oral,approved,authorised,20.10.2011,2011,no,no,"antiviral combination treatment of human immunodeficiency virus 1 (HIV 1) infected adults, adolescents and children 3 years of age and older","antiviral combination treatment of human immunodeficiency virus 1 (HIV 1) infected adults, adolescents and children 3 years of age and older",Infectious and parasitic diseases,23.11.2010,2010,yes,NA
enyglid-epar-public-assessment-report_en.pdf,Not reported,EMEA/H/C/001065,Enyglid,repaglinide,"Krka, d.d., Novo mesto",Small molecule,tablet,oral,approved,authorised,23.07.2009,2009,no,no,"Patients with type 2 diabetes (Non Insulin-Dependent Diabetes Mellitus (NIDDM)) whose hyperglycaemia can no longer be controlled satisfactorily by diet, weight reduction and exercise. Repaglinide is also indicated in combination with metformin in type 2 diabetes patients who are not satisfactorily controlled on metformin alone.","Patients with type 2 diabetes (Non Insulin-Dependent Diabetes Mellitus (NIDDM)) whose hyperglycaemia can no longer be controlled satisfactorily by diet, weight reduction and exercise. Repaglinide is also indicated in combination with metformin in type 2 diabetes patients who are not satisfactorily controlled on metformin alone.","Endocrine, nutritional, and metabolic diseases",03.09.2008,2008,yes,Not reported
raltegravir-viatris-withdrawal-assessment-report_en.pdf,EMA/116101/2023,EMEA/H/C/005813/0000,Raltegravir Viatris,raltegravir potassium,Viatris,Small molecule,film-coated tablets,oral,refused,NA,15.12.2022,2022,no,no,"treatment of human immunodeficiency virus (HIV-1) infection in adults, and paediatric patients weighing at least 40 kg",NA,Infectious and parasitic diseases,Not reported,Not reported,yes,Not reported
sifrol-epar-scientific-discussion_en.pdf,Not reported,Not reported,Sifrol,Pramipexole,Not reported,Small molecule,Tablet,Oral,approved,authorised,Not reported,Not reported,no,no,Treatment of signs and symptoms of advanced idiopathic Parkinson’s disease in combination with levodopa,Treatment of signs and symptoms of advanced idiopathic Parkinson’s disease in combination with levodopa,Diseases of the nervous system,Not reported,Not reported,no,NA
evoltra-epar-scientific-discussion_en.pdf,Not reported,Not reported,Evoltra,Clofarabine,Not reported,Small molecule,concentrate for solution for infusion,intravenous,approved,authorised,Not reported,Not reported,yes,no,treatment of acute lymphoblastic leukaemia (ALL) in paediatric patients who have relapsed or are refractory after receiving at least two prior regimens,treatment of acute lymphoblastic leukaemia (ALL) in paediatric patients who have relapsed or are refractory after receiving at least two prior regimens,Neoplasms; Diseases of the blood and blood-forming organs,Not reported,Not reported,no,NA
ravicti-epar-public-assessment-report_en.pdf,EMA/676925/2015,EMEA/H/C/003822/0000,Ravicti,glycerol phenylbutyrate,Horizon Therapeutics Limited,Small molecule,oral liquid,oral,approved,authorised,24.09.2015,2015,yes,no,"RAVICTI is indicated for use as a nitrogen-binding agent for chronic management of adult and paediatric patients ≥2 months of age with urea cycle disorders (UCDs – including deficiencies of carbamoyl phosphate synthetase I (CPS), ornithine transcarbamylase (OTC), argininosuccinate synthetase (ASS, also called citrullinemia I), argininosuccinate lyase (ASL, also called arginosuccinic aciduria), arginase I (ARG), CITRIN (also called citrullinemia II) and ornithine translocase (also called HHH [Hyperammonaemia-Hyperornithinemia-Homocitrullinemia Syndrome]) who cannot be managed by dietary protein restriction and/or amino acid supplementation alone.","RAVICTI is indicated for use as a nitrogen-binding agent for chronic management of adult and paediatric patients ≥2 months of age with urea cycle disorders (UCDs – including deficiencies of carbamoyl phosphate synthetase I (CPS), ornithine transcarbamylase (OTC), argininosuccinate synthetase (ASS, also called citrullinemia I), argininosuccinate lyase (ASL, also called arginosuccinic aciduria), arginase I (ARG), and ornithine translocase (also called HHH [Hyperammonaemia-Hyperornithinemia-Homocitrullinemia Syndrome]) who cannot be managed by dietary protein restriction and/or amino acid supplementation alone.","Endocrine, nutritional, and metabolic diseases",02.06.2014,2014,no,NA
janumet-epar-public-assessment-report_en.pdf,Not reported,EMEA/H/C/000861,Janumet,sitagliptin / metformin hydrochloride,Merck Sharp & Dohme Ltd.,Small molecule,film-coated tablets,oral,approved,authorised,16.07.2008,2008,no,no,"Janumet is indicated as an adjunct to diet and exercise to improve glycaemic control in patients inadequately controlled on metformin alone or those already being treated with the combination of sitagliptin and metformin. Janumet is also indicated in combination with a sulphonylurea as an adjunct to diet and exercise in patients inadequately controlled with any two of the three agents: metformin, sitagliptin, or a sulphonylurea.",Janumet is indicated as an adjunct to diet and exercise to improve glycaemic control in patients inadequately controlled on their maximal tolerated dose of metformin alone or those already being treated with the combination of sitagliptin and metformin. Janumet is also indicated in combination with a sulphonylurea as an adjunct to diet and exercise in patients inadequately controlled on their maximal tolerated dose of metformin and a sulphonylurea.,"Endocrine, nutritional, and metabolic diseases",30.04.2007,2007,no,NA
glivec-epar-scientific-discussion_en.pdf,EMA/000284/2001,EMEA/H/C/000284,Glivec,imatinib mesilate,Novartis Europharm Limited,Small molecule,hard gelatin capsules,oral,approved,authorised,07.11.2001,2001,no,yes,"Treatment of adult patients with Philadelphia chromosome (bcr-abl) positive chronic myeloid leukaemia (CML) in chronic phase after failure of interferon-alpha therapy, or in accelerated phase or myeloid blast crisis.","Treatment of adult patients with Philadelphia chromosome (bcr-abl) positive chronic myeloid leukaemia (CML) in chronic phase after failure of interferon-alpha therapy, or in accelerated phase or myeloid blast crisis.",Neoplasms; Diseases of the blood and blood-forming organs,Not reported,Not reported,no,NA
tabrecta-epar-public-assessment-report_en.pdf,EMA/272390/2022,EMEA/H/C/004845/0000,Tabrecta,capmatinib,Novartis Europharm Limited,Small molecule,film-coated tablet,oral,approved,authorised,22.04.2022,2022,no,no,treatment of adult patients with locally advanced or metastatic non-small cell lung cancer (NSCLC) with a mesenchymal-epithelial transition (MET) exon 14 skipping mutation,"treatment of adult patients with advanced non-small cell lung cancer (NSCLC) harbouring alterations leading to mesenchymal epithelial transition factor gene exon 14 (METex14) skipping, who require systemic therapy following prior treatment with immunotherapy and/or platinum based chemotherapy",Neoplasms; Diseases of the respiratory system,15.04.2021,2021,no,NA
dexdor-epar-public-assessment-report_en.pdf,EMA/789509/2011,EMEA/H/C/002268,Dexdor,dexmedetomidine,Orion Corporation,Small molecule,concentrate for solution for infusion,intravenous,approved,authorised,21.07.2011,2011,no,no,Dexdor is indicated for patients requiring light to moderate sedation in intensive care during or after intubation.,For sedation of adult ICU (Intensive Care Unit) patients requiring a sedation level not deeper than arousal in response to verbal stimulation (corresponding to Richmond Agitation-Sedation Scale (RASS) 0 to -3).,Diseases of the nervous system,29.09.2010,2010,no,NA
simulect-epar-scientific-discussion_en.pdf,Not reported,Not reported,Simulect,basiliximab,Novartis Pharma AG,Biologics,sterile freeze-dried powder for intravenous infusion or injection,intravenous,approved,authorised,Not reported,Not reported,no,yes,prophylaxis of acute organ rejection in de novo allogeneic renal transplantation,prophylaxis of acute organ rejection in de novo allogeneic renal transplantation in adult and paediatric patients,Diseases of the genitourinary system,Not reported,Not reported,no,NA
aldurazyme-epar-scientific-discussion_en.pdf,Not reported,Not reported,Aldurazyme,laronidase,Not reported,Biologics,concentrate for solution for infusion,intravenous,approved,authorised,Not reported,Not reported,Not reported,no,long-term enzyme replacement therapy in patients with a confirmed diagnosis of Mucopolysaccharidosis I (MPS I) to treat the non-neurological manifestations of the disease,long-term enzyme replacement therapy in patients with a confirmed diagnosis of Mucopolysaccharidosis I (MPS I) to treat the non-neurological manifestations of the disease,"Endocrine, nutritional, and metabolic diseases",Not reported,Not reported,no,NA
polivy-epar-public-assessment-report_en.pdf,EMA/690748/2019,EMEA/H/C/004870/0000,Polivy,polatuzumab vedotin,Roche Registration GmbH,Antibody-drug conjugate,powder for concentrate for solution for infusion,intravenous,conditional marketing authorisation,authorised,14.11.2019,2019,yes,no,Treatment of previously treated adult patients with diffuse large B-cell lymphoma (DLBCL) who are not candidates for haematopoietic stem cell transplant,Treatment of adult patients with relapsed/refractory diffuse large B-cell lymphoma (DLBCL) who are not candidates for haematopoietic stem cell transplant,Neoplasms; Diseases of the blood and blood-forming organs,20.12.2018,2018,no,NA
protopic-epar-scientific-discussion_en.pdf,Not reported,EMEA/H/C/000374,Protopic,Tacrolimus,Not reported,Biologics,Ointment,Cutaneous,approved,authorised,Not reported,Not reported,no,no,Treatment of moderate to severe atopic dermatitis in adults and children who are not adequately responsive to or are intolerant of conventional therapies.,Treatment of moderate to severe atopic dermatitis in adults who are not adequately responsive to or are intolerant of conventional therapies. Treatment of moderate to severe atopic dermatitis in children who failed to respond adequately to conventional therapies.,Diseases of the skin,Not reported,Not reported,no,NA
issarlos-withdrawal-assessment-report_en.pdf,EMA/CHMP/710310/2013,EMEA/H/C/002756/0000,Ditelos/Issarlos,strontium ranelate / colecalciferol,"Les Laboratoires Servier, France",Small molecule,Granules for oral suspension,oral,withdrawn,withdrawn,21.11.2013,2013,no,no,Treatment of severe osteoporosis in postmenopausal women at risk of vitamin D insufficiency and at risk for fracture to reduce the risk of vertebral and hip fractures. Treatment of severe osteoporosis in adult men at risk of vitamin D insufficiency and at increased risk of fracture.,NA,"Diseases of the musculoskeletal system and connective tissue; Endocrine, nutritional, and metabolic diseases",Not reported,Not reported,no,NA
withdrawal-assessment-report-apremilast-viatris_en.pdf,EMA/471783/2024,EMEA/H/C/006193/0000,Apremilast Viatris,apremilast,Viatris,Small molecule,film-coated tablets,oral,withdrawn,withdrawn,Not reported,Not reported,no,no,"Psoriatic arthritis, psoriasis, and Behçet’s disease",NA,Diseases of the musculoskeletal system and connective tissue; Diseases of the skin; Other,Not reported,Not reported,yes,Not reported
prevymis-epar-public-assessment-report_en.pdf,EMA/490007/2017,EMEA/H/C/004536/0000,PREVYMIS,letermovir,Merck Sharp & Dohme Limited,Small molecule,film-coated tablet; concentrate for solution for infusion,oral; intravenous,approved,authorised,09.11.2017,2017,yes,no,for prophylaxis of cytomegalovirus (CMV) reactivation and disease in adult CMV-seropositive recipients [R+] of an allogeneic haematopoietic stem cell transplant (HSCT),for prophylaxis of cytomegalovirus (CMV) reactivation and disease in adult CMV-seropositive recipients [R+] of an allogeneic haematopoietic stem cell transplant (HSCT),Infectious and parasitic diseases,31.03.2017,2017,no,NA
sildenafil-ratiopharm-epar-public-assessment-report_en.pdf,EMA/793633/2009,EMEA/H/C/001080,Sildenafil ratiopharm,sildenafil,ratiopharm GmbH,Small molecule,film-coated tablet,oral,approved,authorised,23.12.2009,2009,no,no,treatment of men with erectile dysfunction,treatment of men with erectile dysfunction,Diseases of the genitourinary system,07.10.2008,2008,yes,NA
vylaer-spiromax-epar-public-assessment-report_en.pdf,EMA/CHMP/706811/2014,EMEA/H/C/003952,Vylaer Spiromax,budesonide / formoterol,Teva Pharma B.V.,Small molecule,Inhalation powder,Inhalation,approved,withdrawn,25.09.2014,2014,no,no,Asthma and COPD treatment,Asthma and COPD treatment,Diseases of the respiratory system,05.03.2014,2014,yes,Not reported
pioglitazone-ratio-withdrawal-assessment-report_en.pdf,EMA/391408/2012,EMEA/H/C/0002370,Pioglitazone ratio,pioglitazone,ratiopharm GmbH,Small molecule,tablet,oral,approved,authorised,21.07.2011,2011,no,no,Pioglitazone is indicated in the treatment of type 2 diabetes mellitus: as monotherapy in adult patients (particularly overweight patients) inadequately controlled by diet and exercise for whom metformin is inappropriate because of contraindications or intolerance. Pioglitazone is also indicated for combination with insulin in type 2 diabetes mellitus adult patients with insufficient glycaemic control on insulin for whom metformin is inappropriate because of contraindications or intolerance.,Pioglitazone is indicated in the treatment of type 2 diabetes mellitus: as monotherapy in adult patients (particularly overweight patients) inadequately controlled by diet and exercise for whom metformin is inappropriate because of contraindications or intolerance. Pioglitazone is also indicated for combination with insulin in type 2 diabetes mellitus adult patients with insufficient glycaemic control on insulin for whom metformin is inappropriate because of contraindications or intolerance.,"Endocrine, nutritional, and metabolic diseases",27.10.2010,2010,yes,CHMP
hefiya-epar-public-assessment-report_en.pdf,EMA/CHMP/520007/2018,EMEA/H/C/004865/0000,Hefiya,adalimumab,Sandoz GmbH,Biologics,solution for injection,subcutaneous,approved,authorised,31.05.2018,2018,no,no,Juvenile idiopathic arthritis; Polyarticular juvenile idiopathic arthritis; Enthesitis-related arthritis; Axial spondyloarthritis; Ankylosing spondylitis; Axial spondyloarthritis without radiographic evidence of AS; Psoriatic arthritis; Psoriasis; Paediatric plaque psoriasis; Hidradenitis suppurativa; Uveitis; Paediatric uveitis,Juvenile idiopathic arthritis; Polyarticular juvenile idiopathic arthritis; Enthesitis-related arthritis; Axial spondyloarthritis; Ankylosing spondylitis; Axial spondyloarthritis without radiographic evidence of AS; Psoriatic arthritis; Psoriasis; Paediatric plaque psoriasis; Hidradenitis suppurativa; Uveitis; Paediatric uveitis,Diseases of the musculoskeletal system and connective tissue; Diseases of the skin; Diseases of the eye and adnexa,23.11.2017,2017,no,NA
hemaryo-withdrawal-assessment-report_en.pdf,EMA/CHMP/631976/2021,EMEA/H/C/005547/0000,HemAryo,eptacog alfa (activated),UGA Biopharma,Biologics,powder and solvent for solution for injection,intravenous,withdrawn,withdrawn,11.11.2021,2021,no,no,"Treatment of bleeding episodes and prevention of bleeding in patients with congenital haemophilia with inhibitors, acquired haemophilia, congenital FVII deficiency, and Glanzmann’s thrombasthenia.",NA,Diseases of the blood and blood-forming organs,Not reported,Not reported,yes,Not reported
opuviz-epar-public-assessment-report_en.pdf,EMA/466892/2024,EMEA/H/C/006056/0000,Opuviz,aflibercept,Samsung Bioepis NL B.V.,Biologics,solution for injection,intravitreal,approved,authorised,19.09.2024,2024,no,no,Opuviz is indicated for adults for the treatment of neovascular (wet) age-related macular degeneration (AMD); visual impairment due to macular oedema secondary to retinal vein occlusion (branch RVO or central RVO); visual impairment due to diabetic macular oedema (DME); visual impairment due to myopic choroidal neovascularisation (myopic CNV),Opuviz is indicated for adults for the treatment of neovascular (wet) age-related macular degeneration (AMD); visual impairment due to macular oedema secondary to retinal vein occlusion (branch RVO or central RVO); visual impairment due to diabetic macular oedema (DME); visual impairment due to myopic choroidal neovascularisation (myopic CNV),Diseases of the eye and adnexa,06.11.2023,2023,no,NA
duloxetine-lilly-epar-public-assessment-report_en.pdf,EMA/753230/2014,EMEA/H/C/004000,Duloxetine Lilly,duloxetine,Eli Lilly Nederland B.V.,Small molecule,hard gastro-resistant capsules,oral,approved,authorised,23.10.2014,2014,no,no,Treatment of major depressive disorder. Treatment of diabetic peripheral neuropathic pain. Treatment of generalised anxiety disorder.,Treatment of major depressive disorder. Treatment of diabetic peripheral neuropathic pain. Treatment of generalised anxiety disorder.,"Mental and behavioural disorders; Endocrine, nutritional, and metabolic diseases",07.05.2014,2014,yes,Not reported
pemetrexed-krka-epar-public-assessment-report_en.pdf,EMA/CHMP/225126/2018,EMEA/H/C/003958/0000,Pemetrexed Krka,pemetrexed,KRKA d.d.,Small molecule,powder for concentrate for solution for infusion,intravenous,approved,withdrawn,22.03.2018,2018,no,no,Malignant pleural mesothelioma; Non-small cell lung cancer,Malignant pleural mesothelioma; Non-small cell lung cancer,Neoplasms; Diseases of the respiratory system,24.05.2017,2017,yes,Not reported
winfuran-withdrawal-assessment-report_en.pdf,EMA/CHMP/138212/2014,EMEA/H/C/002683/0000,Winfuran,nalfurafine,Toray International U.K. Limited,Small molecule,Concentrate for solution for infusion,Intravenous,refused,withdrawn,19.12.2013,2013,yes,no,"Treatment of severe uraemic pruritus (UP) in patients of 18 years of age or older, with end stage renal disease (ESRD) undergoing regular dialysis.",NA,Diseases of the skin; Diseases of the genitourinary system,28.06.2012,2012,no,NA
tresiba-epar-public-assessment-report_en.pdf,EMA/CHMP/557821/2012,EMEA/H/C/002498,Tresiba,insulin degludec,Novo Nordisk A/S,Peptides and proteins,solution for injection,subcutaneous,approved,authorised,18.10.2012,2012,no,no,Treatment of diabetes mellitus,Treatment of diabetes mellitus in adults,"Endocrine, nutritional, and metabolic diseases",26.09.2011,2011,no,NA
memantine-merz-epar-public-assessment-report_en.pdf,EMA/741024/2012,EMEA/H/C/002568,Memantine Merz,memantine,Merz Pharmaceuticals GmbH,Small molecule,Not reported,Not reported,approved,authorised,20.09.2012,2012,no,yes,treatment of moderate to severe Alzheimer’s disease,Treatment of patients with moderate to severe Alzheimer’s disease,Diseases of the nervous system,28.05.2012,2012,yes,NA
exviera-epar-public-assessment-report_en.pdf,EMA/768319/2014,EMEA/H/C/003837/0000,Exviera,dasabuvir,AbbVie Ltd.,Small molecule,film-coated tablet,oral,approved,withdrawn,20.11.2014,2014,no,no,Exviera is indicated in combination with other medicinal products for the treatment of chronic hepatitis C (CHC) in adults.,Exviera is indicated in combination with other medicinal products for the treatment of chronic hepatitis C (CHC) in adults.,Infectious and parasitic diseases,06.05.2014,2014,no,NA
pemetrexed-actavis-epar-public-assessment-report_en.pdf,EMA/819302/2015,EMEA/H/C/004109/0000,Pemetrexed Actavis,pemetrexed,Actavis Group PTC ehf.,Small molecule,concentrate for solution for infusion,intravenous,approved,authorised,19.11.2015,2015,no,no,Malignant pleural mesothelioma; Non-small cell lung cancer,Malignant pleural mesothelioma; Non-small cell lung cancer,Neoplasms; Diseases of the respiratory system,04.02.2015,2015,no,NA
glyxambi-epar-public-assessment-report_en.pdf,EMA/749639/2016,EMEA/H/C/003833/0000,Glyxambi,empagliflozin / linagliptin,Boehringer Ingelheim International GmbH,Small molecule,film-coated tablet,oral,approved,authorised,15.09.2016,2016,no,no,"Glyxambi is indicated in adults with type 2 diabetes mellitus to improve glycaemic control when diet and exercise, plus metformin and a sodium glucose co-transporter 2 (SGLT2) inhibitor do not provide adequate glycaemic control, when diet and exercise, plus metformin and a dipeptidyl peptidase 4 (DPP-4) inhibitor do not provide adequate glycaemic control, when already being treated with the free combination of empagliflozin (or another SGLT-2 inhibitor) and linagliptin (or another DPP-4 inhibitor).","Glyxambi is indicated in adults with type 2 diabetes mellitus to improve glycaemic control when diet and exercise, plus metformin and a sodium glucose co-transporter 2 (SGLT2) inhibitor do not provide adequate glycaemic control, when diet and exercise, plus metformin and a dipeptidyl peptidase 4 (DPP-4) inhibitor do not provide adequate glycaemic control, when already being treated with the free combination of empagliflozin (or another SGLT-2 inhibitor) and linagliptin (or another DPP-4 inhibitor).","Endocrine, nutritional, and metabolic diseases",08.10.2015,2015,no,NA
exparel-liposomal-epar-public-assessment-report_en.pdf,EMA/528272/2020,EMEA/H/C/004586/0000,Exparel liposomal,bupivacaine,PACIRA IRELAND LIMITED,Small molecule,prolonged-release dispersion for injection,Not reported,approved,authorised,17.09.2020,2020,no,no,for prolonged acute pain management and reduction in need for opioids in adults compared to immediate release (IR) bupivacaine,for prolonged acute pain management and reduction in need for opioids in adults compared to immediate release (IR) bupivacaine,Diseases of the nervous system,24.05.2019,2019,yes,Not reported
beprana-withdrawal-assessment-report_en.pdf,EMA/657046/2011,EMEA/H/C/002159,Beprana,naproxcinod,NicOX S.A,Small molecule,capsule,oral,withdrawn,withdrawn,Not reported,Not reported,no,no,relief of signs and symptoms of osteoarthritis in adults,NA,Diseases of the musculoskeletal system and connective tissue,Not reported,Not reported,no,NA
praluent-epar-public-assessment-report_en.pdf,EMA/CHMP/392430/2015,EMEA/H/C/003882/0000,Praluent,alirocumab,sanofi-aventis groupe,Biologics,solution for injection,subcutaneous,approved,authorised,23.07.2015,2015,no,no,"Praluent is indicated, as adjunct therapy to diet, for long-term use in adult patients with primary hypercholesterolaemia (non-familial and heterozygous familial) or mixed dyslipidaemia to reduce low-density lipoprotein cholesterol (LDL-C).","Praluent is indicated in adults with primary hypercholesterolaemia (heterozygous familial and non-familial) or mixed dyslipidaemia, as an adjunct to diet: in combination with a statin or statin with other lipid lowering therapies in patients unable to reach LDL-C goals with the maximum tolerated dose of a statin or, alone or in combination with other lipid-lowering therapies in patients who are statin-intolerant, or for whom a statin is contraindicated.","Endocrine, nutritional, and metabolic diseases; Diseases of the circulatory system",02.12.2014,2014,no,NA
heparesc-epar-public-assessment-report_en.pdf,EMA/CHMP/746584/2015,EMEA/H/C/003750/0000,Heparesc,human heterologous liver cells,Cytonet GmbH&Co KG,Cell and gene therapy,cryopreserved liver cell suspension concentrate,intraportal,refused,NA,22.10.2015,2015,yes,no,"Treatment of paediatric patients from birth to less than 6 years of age with urea cycle disorders (UCD) caused by carbamoylphosphate synthetase 1 deficiency, ornithine transcarbamylase deficiency, argininosuccinate synthetase deficiency (citrullinaemia type 1), argininosuccinate lyase deficiency (argininosuccinic aciduria), or arginase deficiency (hyperargininaemia).",NA,"Endocrine, nutritional, and metabolic diseases",05.12.2013,2013,no,NA
lartruvo-epar-public-assessment-report_en.pdf,EMA/CHMP/742133/2016,EMEA/H/C/004216/0000,Lartruvo,olaratumab,Eli Lilly Nederland B.V.,Biologics,concentrate for solution for infusion,intravenous,conditional marketing authorisation,withdrawn,15.09.2016,2016,yes,no,Lartruvo is indicated in combination with doxorubicin for the treatment of adult patients with advanced soft tissue sarcoma who are not amenable to curative treatment with surgery or radiotherapy and who have not been previously treated with doxorubicin.,Lartruvo is indicated in combination with doxorubicin for the treatment of adult patients with advanced soft tissue sarcoma who are not amenable to curative treatment with surgery or radiotherapy and who have not been previously treated with doxorubicin.,Neoplasms,29.01.2016,2016,no,NA
cablivi-epar-public-assessment-report_en.pdf,EMA/490172/2018,EMEA/H/C/004426/0000,Cablivi,caplacizumab,Ablynx NV,Biologics,Lyophilised powder for solution for injection,Intravenous and subcutaneous,approved,authorised,28.06.2018,2018,yes,no,Treatment of adults experiencing an episode of acquired thrombotic thrombocytopenic purpura (aTTP).,Treatment of adults experiencing an episode of acquired thrombotic thrombocytopenic purpura (aTTP).,Diseases of the blood and blood-forming organs,03.02.2017,2017,no,NA
pheburane-epar-public-assessment-report_en.pdf,EMA/212039/2012,EMEA/H/C/002500,Pheburane,sodium phenylbutyrate,Lucane Pharma,Small molecule,granules,oral,approved,authorised,21.02.2013,2013,yes,no,"Pheburane is indicated as adjunctive therapy in the chronic management of urea cycle disorders, involving deficiencies of carbamylphosphate synthetase, ornithine transcarbamylase or argininosuccinate synthetase. It is indicated in all patients with neonatal-onset presentation (complete enzyme deficiencies, presenting within the first 28 days of life). It is also indicated in patients with late-onset disease (partial enzyme deficiencies, presenting after the first month of life) who have a history of hyperammonaemic encephalopathy.","Pheburane is indicated as adjunctive therapy in the chronic management of urea cycle disorders, involving deficiencies of carbamylphosphate synthetase, ornithine transcarbamylase or argininosuccinate synthetase. It is indicated in all patients with neonatal-onset presentation (complete enzyme deficiencies, presenting within the first 28 days of life). It is also indicated in patients with late-onset disease (partial enzyme deficiencies, presenting after the first month of life) who have a history of hyperammonaemic encephalopathy.","Endocrine, nutritional, and metabolic diseases",01.03.2012,2012,yes,Not reported
enerzair-breezhaler-epar-public-assessment-report_en.pdf,EMA/271332/2020,EMEA/H/C/005061/0000,Enerzair Breezhaler,indacaterol / glycopyrronium bromide / mometasone,Novartis Europharm Limited,Small molecule,"inhalation powder, hard capsules",inhalation,approved,authorised,30.04.2020,2020,no,no,"once-daily maintenance treatment of asthma, and to reduce asthma exacerbations, in adults not adequately controlled with a maintenance combination of a long-acting beta2-agonist and an inhaled corticosteroid","once-daily maintenance treatment of asthma, and to reduce asthma exacerbations, in adults not adequately controlled with a maintenance combination of a long-acting beta2-agonist and an inhaled corticosteroid",Diseases of the respiratory system,03.05.2019,2019,no,NA
quinsair-epar-public-assessment-report_en.pdf,EMA/676680/2014,EMEA/H/C/002789/0000,Quinsair,Levofloxacin,Aptalis Pharma SAS,Small molecule,Nebuliser solution,Inhalation,approved,authorised,18.12.2014,2014,no,no,Long-term management of chronic pulmonary infections due to Pseudomonas aeruginosa in patients with cystic fibrosis (CF) aged 12 years and older.,Management of chronic pulmonary infections due to Pseudomonas aeruginosa in adult patients with cystic fibrosis (CF).,Infectious and parasitic diseases; Diseases of the respiratory system,29.11.2013,2013,no,NA
lorviqua-epar-public-assessment-report_en.pdf,EMA/CHMP/182840/2019,EMEA/H/C/004646/0000,Lorviqua,lorlatinib,Pfizer Limited,Small molecule,film-coated tablet,oral,approved,authorised,28.02.2019,2019,no,no,"Lorviqua monotherapy is indicated for the treatment of adult patients with anaplastic lymphoma kinase (ALK)-positive advanced non-small cell lung cancer (NSCLC) previously treated with one or more ALK tyrosine kinase inhibitors (TKIs), except for patients treated with crizotinib as the only ALK-TKI.",Lorlatinib as monotherapy is indicated for the treatment of adult patients with anaplastic lymphoma kinase (ALK)-positive advanced non-small cell lung cancer (NSCLC) whose disease has progressed after: alectinib or ceritinib as the first ALK tyrosine kinase inhibitor (TKI) therapy; or crizotinib and at least one other ALK TKI.,Neoplasms; Diseases of the respiratory system,09.01.2018,2018,no,NA
imatinib-accord-epar-public-assessment-report_en.pdf,EMA/389694/2013,EMEA/H/C/002681,Imatinib Accord,Imatinib,Accord Healthcare Ltd.,Small molecule,film-coated tablets,oral,approved,authorised,25.04.2013,2013,no,no,"treatment of paediatric patients with newly diagnosed Philadelphia chromosome (bcr-abl) positive (Ph+) chronic myeloid leukaemia (CML) for whom bone marrow transplantation is not considered as the first line of treatment; paediatric patients with Ph+ CML in chronic phase after failure of interferon-alpha therapy, or in accelerated phase or blast crisis; adult patients with Ph+ CML in blast crisis; adult patients with newly diagnosed Philadelphia chromosome positive acute lymphoblastic leukaemia (Ph+ ALL) integrated with chemotherapy; adult patients with relapsed or refractory Ph+ ALL as monotherapy; adult patients with myelodysplastic/myeloproliferative diseases (MDS/MPD) associated with platelet-derived growth factor receptor (PDGFR) gene re-arrangements; adult patients with advanced hypereosinophilic syndrome (HES) and/or chronic eosinophilic leukaemia (CEL) with FIP1L1-PDGFRα rearrangement; adult patients with unresectable dermatofibrosarcoma protuberans (DFSP) and adult patients with recurrent and/or metastatic DFSP who are not eligible for surgery.","treatment of paediatric patients with newly diagnosed Philadelphia chromosome (bcr-abl) positive (Ph+) chronic myeloid leukaemia (CML) for whom bone marrow transplantation is not considered as the first line of treatment; paediatric patients with Ph+ CML in chronic phase after failure of interferon-alpha therapy, or in accelerated phase or blast crisis; adult patients with Ph+ CML in blast crisis; adult patients with newly diagnosed Philadelphia chromosome positive acute lymphoblastic leukaemia (Ph+ ALL) integrated with chemotherapy; adult patients with relapsed or refractory Ph+ ALL as monotherapy; adult patients with myelodysplastic/myeloproliferative diseases (MDS/MPD) associated with platelet-derived growth factor receptor (PDGFR) gene re-arrangements; adult patients with advanced hypereosinophilic syndrome (HES) and/or chronic eosinophilic leukaemia (CEL) with FIP1L1-PDGFRα rearrangement; adult patients with unresectable dermatofibrosarcoma protuberans (DFSP) and adult patients with recurrent and/or metastatic DFSP who are not eligible for surgery.",Neoplasms; Diseases of the blood and blood-forming organs,03.05.2012,2012,yes,Not reported
azacitidine-celgene-epar-public-assessment-report_en.pdf,EMA/CHMP/445484/2019,EMEA/H/C/005300/0000,Azacitidine Celgene,azacitidine,Celgene Europe BV,Small molecule,Powder for suspension for injection,Subcutaneous,approved,withdrawn,27.06.2019,2019,no,yes,"Treatment of adult patients not eligible for haematopoietic stem cell transplantation with intermediate-2 and high-risk myelodysplastic syndromes, chronic myelomonocytic leukaemia with 10-29% marrow blasts without myeloproliferative disorder, acute myeloid leukaemia with 20-30% blasts and multi-lineage dysplasia, and AML with >30% marrow blasts.","Treatment of adult patients not eligible for haematopoietic stem cell transplantation with intermediate-2 and high-risk myelodysplastic syndromes, chronic myelomonocytic leukaemia with 10-29% marrow blasts without myeloproliferative disorder, acute myeloid leukaemia with 20-30% blasts and multi-lineage dysplasia, and AML with >30% marrow blasts.",Neoplasms; Diseases of the blood and blood-forming organs,04.04.2019,2019,yes,Not reported
vanflyta-epar-public-assessment-report_en.pdf,EMA/443555/2023,EMEA/H/C/005910/0000,Vanflyta,quizartinib,Daiichi Sankyo Europe GmbH,Small molecule,film-coated tablet,oral,approved,authorised,14.09.2023,2023,no,no,"VANFLYTA is indicated in combination with standard cytarabine and anthracycline induction and standard cytarabine consolidation chemotherapy, and as continuation monotherapy following consolidation, for the treatment of adult patients with newly diagnosed acute myeloid leukaemia (AML) that is FMS-like tyrosine kinase 3 internal tandem duplication (FLT3-ITD) positive.","VANFLYTA is indicated in combination with standard cytarabine and anthracycline induction and standard cytarabine consolidation chemotherapy, and as continuation monotherapy following consolidation, for the treatment of adult patients with newly diagnosed acute myeloid leukaemia (AML) that is FMS-like tyrosine kinase 3 internal tandem duplication (FLT3-ITD) positive.",Neoplasms; Diseases of the blood and blood-forming organs,23.06.2022,2022,no,NA
spravato-epar-public-assessment-report_en.pdf,EMA/614876/2019,EMEA/H/C/004535/0000,Spravato,esketamine,Janssen-Cilag International N.V.,Small molecule,nasal spray solution,nasal,approved,authorised,21.11.2019,2019,no,no,treatment resistant depression (Major Depressive Disorder in adults who have not responded to at least two different treatments with antidepressants in the current moderate to severe depressive episode),"Spravato, in combination with a SSRI or SNRI, is indicated for adults with treatment-resistant Major Depressive Disorder, who have not responded to at least two different treatments with antidepressants in the current moderate to severe depressive episode",Mental and behavioural disorders,10.10.2018,2018,no,NA
foclivia-epar-public-assessment-report_en.pdf,EMA/534223/2009,EMEA/H/C/1208,Foclivia,A/Viet Nam/1194/2004 (H5N1) virus surface inactivated antigen,Novartis Vaccines and Diagnostics S.r.l.,Vaccine,Not reported,Not reported,approved,authorised,23.07.2009,2009,no,yes,Prophylaxis of the influenza in an official declared pandemic situation.,Prophylaxis of influenza in an officially declared pandemic situation.,Infectious and parasitic diseases,14.07.2009,2009,yes,Not reported
opfolda-epar-public-assessment-report_en.pdf,EMA/CHMP/794405/2022,EMEA/H/C/005695/0000,Opfolda,miglustat,Amicus Therapeutics Europe Limited,Small molecule,hard capsules,oral,approved,authorised,26.04.2023,2023,no,no,Opfolda is indicated in co-administration with cipaglucosidase alfa for use in the long-term treatment of adults aged 18 years and older with a confirmed diagnosis of Pompe disease (acid α-glucosidase [GAA] deficiency).,Opfolda (miglustat) is an enzyme stabiliser of cipaglucosidase alfa long-term enzyme replacement therapy in adults with late-onset Pompe disease (acid α-glucosidase [GAA] deficiency).,"Endocrine, nutritional, and metabolic diseases",05.11.2021,2021,no,NA
sumatriptan-galpharm-epar-public-assessment-report_en.pdf,EMA/40740/2012,EMEA/H/C/002140,Sumatriptan Galpharm,sumatriptan,Galpharm Healthcare Ltd.,Small molecule,tablet,oral,refused,NA,17.11.2011,2011,no,no,"Acute relief of migraine attacks, with or without aura",NA,Diseases of the nervous system,31.03.2010,2010,yes,NA
elrexfio-epar-public-assessment-report_en.pdf,EMA/544323/2023,EMEA/H/C/005908/0000,Elrexfio,Elranatamab,Pfizer Europe MA EEIG,Biologics,solution for injection,subcutaneous,approved,authorised,12.10.2023,2023,no,no,"treatment of adult patients with relapsed or refractory multiple myeloma, who have received at least three prior therapies, including a proteasome inhibitor, an immunomodulatory agent, and an anti-CD38 monoclonal antibody, and have demonstrated disease progression on the last therapy","treatment of adult patients with relapsed or refractory multiple myeloma, who have received at least three prior therapies, including a proteasome inhibitor, an immunomodulatory agent, and an anti-CD38 monoclonal antibody, and have demonstrated disease progression on the last therapy",Neoplasms; Diseases of the blood and blood-forming organs,04.01.2023,2023,no,NA
loqtorzi-epar-public-assessment-report_en.pdf,EMA/CHMP/372271/2024,EMEA/H/C/006120/0000,Loqtorzi,Toripalimab,TMC Pharma (EU) Limited,Biologics,Concentrate for solution for infusion,Intravenous,approved,authorised,25.07.2024,2024,no,no,"Loqtorzi, in combination with cisplatin and gemcitabine, is indicated for the first-line treatment of adult patients with metastatic or recurrent, locally advanced nasopharyngeal carcinoma. Loqtorzi, in combination with platinum-based chemotherapy, is indicated for the first-line treatment of adult patients with recurrent or metastatic oesophageal squamous cell carcinoma.","Loqtorzi, in combination with cisplatin and gemcitabine, is indicated for the first-line treatment of adult patients with recurrent, not amenable to surgery or radiotherapy, or metastatic nasopharyngeal carcinoma. Loqtorzi, in combination with cisplatin and paclitaxel, is indicated for the first-line treatment of adult patients with unresectable advanced, recurrent, or metastatic oesophageal squamous cell carcinoma.",Neoplasms; Diseases of the respiratory system,13.11.2022,2022,no,NA
alunbrig-epar-public-assessment-report_en.pdf,EMA/696925/2018,EMEA/H/C/004248/0000,Alunbrig,brigatinib,Takeda Pharma A/S,Small molecule,film-coated tablet,oral,approved,authorised,20.09.2018,2018,no,no,treatment of adult patients with anaplastic lymphoma kinase (ALK)-positive advanced non-small cell lung cancer (NSCLC) previously treated with crizotinib,treatment of adult patients with anaplastic lymphoma kinase (ALK)-positive advanced non-small cell lung cancer (NSCLC) previously treated with crizotinib,Neoplasms; Diseases of the respiratory system,03.02.2017,2017,no,NA
mycapssa-epar-public-assessment-report_en.pdf,EMA/796198/2022,EMEA/H/C/005826/0000,Mycapssa,octreotide,Amryt Pharmaceuticals DAC,Peptides and proteins,enteric-coated hard gelatin capsule,oral,approved,withdrawn,15.09.2022,2022,yes,no,long-term maintenance treatment in patients with acromegaly who have responded to and tolerated treatment with somatostatin analogues,maintenance treatment in adult patients with acromegaly who have responded to and tolerated treatment with somatostatin analogues,"Endocrine, nutritional, and metabolic diseases",28.06.2021,2021,no,NA
jeraygo-epar-public-assessment-report_en.pdf-0.pdf,EMA/256238/2024,EMEA/H/C/006080/0000,JERAYGO,Aprocitentan,Idorsia Pharmaceuticals Deutschland GmbH,Small molecule,film-coated tablet,oral,approved,authorised,25.04.2024,2024,no,no,treatment of resistant hypertension in adult patients in combination with other antihypertensive medications,treatment of resistant hypertension in adult patients in combination with at least three antihypertensive medicinal products,Diseases of the circulatory system,30.01.2023,2023,no,NA
imcivree-epar-public-assessment-report_en.pdf,EMA/319064/2021,EMEA/H/C/005089/0000,Imcivree,setmelanotide,Rhythm Pharmaceuticals Limited,Peptides and proteins,solution for injection,subcutaneous,approved,authorised,20.05.2021,2021,yes,no,"Treatment of obesity and the control of hunger associated with biallelic pro-opiomelanocortin (POMC), including PCSK1, deficiency obesity or leptin receptor (LEPR) deficiency obesity in adults and children 6 years of age and above.","Treatment of obesity and the control of hunger associated with genetically confirmed loss-of-function biallelic pro-opiomelanocortin (POMC), including PCSK1, deficiency or biallelic leptin receptor (LEPR) deficiency in adults and children 6 years of age and above.","Endocrine, nutritional, and metabolic diseases",26.06.2020,2020,no,NA
clopidogrel-sandoz-epar-public-assessment-report_en.pdf,Not reported,EMEA/H/C/1174,Clopidogrel Sandoz,clopidogrel,Acino Pharma GmbH,Small molecule,film-coated tablets,oral,approved,withdrawn,21.09.2009,2009,no,no,"Prevention of atherothrombotic events in adults with myocardial infarction, ischaemic stroke, or established peripheral arterial disease.","Prevention of atherothrombotic events in adults with myocardial infarction, ischaemic stroke, or established peripheral arterial disease.",Diseases of the circulatory system,17.04.2009,2009,yes,CHMP
izba-epar-public-assessment-report_en.pdf,EMA/13480/2014,EMEA/H/C/002738/0000,Izba,travoprost,Alcon Laboratories (UK) Ltd,Small molecule,"Eye drops, solution",Ocular,approved,authorised,19.12.2013,2013,no,yes,Decrease of elevated intraocular pressure in adult patients with ocular hypertension or open-angle glaucoma.,Decrease of elevated intraocular pressure in adult patients with ocular hypertension or open-angle glaucoma.,Diseases of the eye and adnexa,05.12.2012,2012,no,NA
recarbrio-epar-public-assessment-report_en.pdf,EMA/7621/2020,EMEA/H/C/004808/0000,Recarbrio,imipenem / cilastatin / relebactam,Merck Sharp & Dohme B.V.,Small molecule,powder for solution for infusion,intravenous,approved,authorised,12.12.2019,2019,no,no,treatment of infections due to aerobic Gram-negative microorganisms in adults with limited treatment options,treatment of infections due to aerobic Gram-negative microorganisms in adults with limited treatment options,Infectious and parasitic diseases,09.11.2018,2018,no,NA
calquence-epar-public-assessment-report_en.pdf,EMA/458179/2020,EMEA/H/C/005299/0000,Calquence,acalabrutinib,AstraZeneca AB,Small molecule,hard capsules,oral,approved,authorised,23.07.2020,2020,no,no,treatment of adult patients with chronic lymphocytic leukaemia (CLL)/small lymphocytic lymphoma (SLL),treatment of adult patients with chronic lymphocytic leukaemia (CLL)/small lymphocytic lymphoma (SLL),Neoplasms; Diseases of the blood and blood-forming organs,14.10.2019,2019,no,NA
ibandronic-acid-accord-epar-public-assessment-report_en.pdf,EMA/711044/2012,EMEA/H/C/002638,Ibandronic acid Accord,ibandronic acid,Accord Healthcare Ltd.,Small molecule,concentrate for solution for infusion,intravenous,approved,authorised,20.09.2012,2012,no,no,"prevention of skeletal events in patients with breast cancer and bone metastases, and treatment of tumour-induced hypercalcaemia with or without metastases","prevention of skeletal events in patients with breast cancer and bone metastases, and treatment of tumour-induced hypercalcaemia with or without metastases",Neoplasms; Diseases of the musculoskeletal system and connective tissue,30.12.2011,2011,yes,CHMP
kyntheum-epar-public-assessment-report_en.pdf,EMA/381484/2017,EMEA/H/C/003959/0000,Kyntheum,brodalumab,LEO Pharma A/S,Biologics,solution for subcutaneous injection,subcutaneous,approved,authorised,18.05.2017,2017,no,no,Treatment of moderate to severe plaque psoriasis in adult patients who are candidates for systemic therapy.,Treatment of moderate to severe plaque psoriasis in adult patients who are candidates for systemic therapy.,Diseases of the skin,13.11.2015,2015,no,NA
tredaptive-epar-public-assessment-report_en.pdf,Not reported,EMEA/H/C/889,Tredaptive,nicotinic acid / laropiprant,Merck Sharp & Dohme Ltd.,Small molecule,modified-release tablets,oral,approved,withdrawn,24.04.2008,2008,no,no,Tredaptive is indicated as adjunctive therapy to diet for use in patients with primary hypercholesterolaemia (heterozygous familial and non-familial) or mixed dyslipidaemia.,"Tredaptive is indicated for the treatment of dyslipidaemia, particularly in patients with combined mixed dyslipidaemia (characterised by elevated levels of LDL-cholesterol and triglycerides and low HDL-cholesterol) and in patients with primary hypercholesterolaemia (heterozygous familial and non-familial).",Diseases of the circulatory system,25.06.2007,2007,no,NA
saxenda-epar-public-assessment-report_en.pdf,EMA/143005/2015,EMEA/H/C/003780/0000,Saxenda,liraglutide,Novo Nordisk A/S,Peptides and proteins,solution for injection,subcutaneous,approved,authorised,11.02.2015,2015,no,no,"Saxenda is indicated as an adjunct to a reduced-calorie diet and increased physical activity for chronic weight management in adult patients with an initial Body Mass Index (BMI) of 30 kg/m² or greater (obese), or 27 kg/m² or greater (overweight) in the presence of at least one weight related comorbidity such as dysglycemia (pre-diabetes and type 2 diabetes mellitus), hypertension, dyslipidemia, or obstructive sleep apnoea.","Saxenda is indicated as an adjunct to a reduced-calorie diet and increased physical activity for chronic weight management in adult patients with an initial Body Mass Index (BMI) of 30 kg/m² or greater (obese), or 27 kg/m² or greater (overweight) in the presence of at least one weight related comorbidity such as dysglycemia (pre-diabetes and type 2 diabetes mellitus), hypertension, dyslipidemia, or obstructive sleep apnoea.","Endocrine, nutritional, and metabolic diseases",20.12.2013,2013,no,NA
respreeza-epar-public-assessment-report_en.pdf,EMA/CHMP/76739/2015,EMEA/H/C/002739/0000,Respreeza,Human Alpha1-Proteinase Inhibitor,CSL Behring GmbH,Biologics,Powder and solvent for solution for infusion,Intravenous,approved,authorised,25.06.2015,2015,no,no,Maintenance treatment to slow the underlying destruction of lung tissue leading to emphysema in adults with alpha 1-proteinase inhibitor deficiency with clinically evident lung disease.,"Maintenance treatment, to slow the progression of emphysema in adults with documented severe alpha 1-proteinase inhibitor deficiency.",Diseases of the respiratory system,02.12.2013,2013,no,NA
renagel-epar-scientific-discussion_en.pdf,Not reported,Not reported,Renagel,Sevelamer,Genzyme Ltd,Other,hard capsules; film-coated tablets,oral,approved,authorised,21.09.1999,1999,no,no,Control of hyperphosphatemia in adult haemodialysis patients,Control of hyperphosphatemia in adult haemodialysis patients,Diseases of the genitourinary system,Not reported,Not reported,no,NA
opzelura-epar-public-assessment-report_en.pdf,EMA/135534/2023,EMEA/H/C/005843/0000,Opzelura,ruxolitinib,Incyte Biosciences Distribution B.V.,Small molecule,cream,cutaneous,approved,authorised,23.02.2023,2023,no,no,treatment of non-segmental vitiligo with facial involvement in adults and adolescents from 12 years of age,treatment of non-segmental vitiligo with facial involvement in adults and adolescents from 12 years of age,Diseases of the skin,30.09.2021,2021,no,NA
apixaban-accord-epar-public-assessment-report_en.pdf,EMA/322602/2020,EMEA/H/C/005358/0000,Apixaban Accord,apixaban,Accord Healthcare S.L.U.,Small molecule,film-coated tablet,oral,approved,authorised,28.05.2020,2020,no,no,"Prevention of venous thromboembolic events (VTE) in adult patients who have undergone elective hip or knee replacement surgery; Prevention of stroke and systemic embolism in adult patients with non-valvular atrial fibrillation (NVAF), with one or more risk factors; Treatment of deep vein thrombosis (DVT) and pulmonary embolism (PE), and prevention of recurrent DVT and PE in adults.","Prevention of venous thromboembolic events (VTE) in adult patients who have undergone elective hip or knee replacement surgery; Prevention of stroke and systemic embolism in adult patients with non-valvular atrial fibrillation (NVAF), with one or more risk factors; Treatment of deep vein thrombosis (DVT) and pulmonary embolism (PE), and prevention of recurrent DVT and PE in adults.",Diseases of the circulatory system,01.06.2019,2019,yes,Not reported
lyxumia-epar-public-assessment-report_en.pdf,EMA/703852/2012,EMEA/H/C/002445/0000,Lyxumia,lixisenatide,sanofi-aventis groupe,Peptides and proteins,solution for injection,subcutaneous,approved,authorised,28.11.2012,2012,no,no,Treatment of adults with type 2 diabetes mellitus to achieve glycaemic control in patients not adequately controlled on oral antidiabetics and/or basal insulin.,Treatment of adults with type 2 diabetes mellitus to achieve glycaemic control in patients not adequately controlled on oral antidiabetics and/or basal insulin.,"Endocrine, nutritional, and metabolic diseases",27.10.2011,2011,no,NA
withdrawal-assessment-report-ditelos_en.pdf,Not reported,EMEA/H/C/002593/0000,Ditelos / Issarlos,strontium ranelate / colecalciferol,"Les Laboratoires Servier, France",Small molecule,Granules for oral suspension,oral,withdrawn,withdrawn,21.11.2013,2013,no,no,Treatment of severe osteoporosis in postmenopausal women at risk of vitamin D insufficiency and at risk for fracture to reduce the risk of vertebral and hip fractures. Treatment of severe osteoporosis in adult men at risk of vitamin D insufficiency and at increased risk of fracture.,NA,"Diseases of the musculoskeletal system and connective tissue; Endocrine, nutritional, and metabolic diseases",Not reported,Not reported,no,NA
levetiracetam-actavis-group-epar-public-assessment-report_en.pdf,EMA/884675/2011,EMEA/H/C/2305,Levetiracetam Actavis Group,Levetiracetam,Actavis Group PTC ehf,Small molecule,oral solution,oral,approved,authorised,22.09.2011,2011,no,no,"Monotherapy in the treatment of partial onset seizures with or without secondary generalisation in patients from 16 years of age with newly diagnosed epilepsy; adjunctive therapy in the treatment of partial onset seizures with or without secondary generalisation in adults, children and infants from 1 month of age with epilepsy; in the treatment of myoclonic seizures in adults and adolescents from 12 years of age with Juvenile Myoclonic Epilepsy; in the treatment of primary generalised tonic-clonic seizures in adults and adolescents from 12 years of age with Idiopathic Generalised Epilepsy.","Monotherapy in the treatment of partial onset seizures with or without secondary generalisation in patients from 16 years of age with newly diagnosed epilepsy; adjunctive therapy in the treatment of partial onset seizures with or without secondary generalisation in adults, children and infants from 1 month of age with epilepsy; in the treatment of myoclonic seizures in adults and adolescents from 12 years of age with Juvenile Myoclonic Epilepsy; in the treatment of primary generalised tonic-clonic seizures in adults and adolescents from 12 years of age with Idiopathic Generalised Epilepsy.",Diseases of the nervous system,24.11.2010,2010,yes,CHMP
apremilast-accord-epar-public-assessment-report_en.pdf,EMA/96125/2024,EMEA/H/C/006208/0000,Apremilast Accord,apremilast,Accord Healthcare S.L.U.,Small molecule,film-coated tablet,oral,approved,authorised,22.02.2024,2024,no,no,Psoriatic arthritis; Psoriasis; Behçet’s disease,Psoriatic arthritis; Psoriasis; Behçet’s disease,Diseases of the musculoskeletal system and connective tissue; Diseases of the skin; Other,06.03.2023,2023,yes,NA
tadalafil-mylan-epar-public-assessment-report_en.pdf,EMA/707959/2014,EMEA/H/C/003787,Tadalafil Mylan,Tadalafil,Generics (UK) Limited,Small molecule,film-coated tablets,oral,approved,authorised,25.09.2014,2014,no,no,Treatment of erectile dysfunction in adult males; Treatment of the signs and symptoms of benign prostatic hyperplasia in adult males,Treatment of erectile dysfunction in adult males; Treatment of the signs and symptoms of benign prostatic hyperplasia in adult males,Diseases of the genitourinary system,03.12.2013,2013,yes,Not reported
neuraceq-epar-public-assessment-report_en.pdf,EMA/5028/2014,EMEA/H/C/002553,Neuraceq,Florbetaben (18F),Piramal Imaging GmbH,Small molecule,solution for injection,intravenous,approved,authorised,19.12.2013,2013,no,no,"Neuraceq is indicated for the detection of β-amyloid in the brain, thereby assisting in the differential diagnosis in adult patients who are being evaluated for Alzheimer’s disease and other causes of cognitive decline.","Neuraceq is indicated for the detection of β-amyloid in the brain, thereby assisting in the differential diagnosis in adult patients who are being evaluated for Alzheimer’s disease and other causes of cognitive decline.",Diseases of the nervous system,07.01.2013,2013,no,NA
zoledronic-acid-teva-epar-public-assessment-report_en.pdf,EMA/534108/2012,EMEA/H/C/002439,Zoledronic acid Teva,zoledronic acid,Teva Pharma B.V.,Small molecule,concentrate for solution for infusion,intravenous,approved,authorised,15.03.2012,2012,no,no,prevention of skeletal related events and treatment of tumour-induced hypercalcaemia (TIH),prevention of skeletal related events and treatment of tumour-induced hypercalcaemia (TIH),Neoplasms; Diseases of the blood and blood-forming organs,06.05.2011,2011,yes,CHMP
pradaxa-epar-public-assessment-report_en.pdf,EMA/174363/2008,EMEA/H/C/829,Pradaxa,dabigatran etexilate,Boehringer Ingelheim International GmbH,Small molecule,hard capsules,oral,approved,authorised,18.03.2008,2008,no,no,Primary prevention of venous thromboembolic events in adult patients who have undergone elective total hip replacement surgery or total knee replacement surgery,Primary prevention of venous thromboembolic events in adult patients who have undergone elective total hip replacement surgery or total knee replacement surgery,Diseases of the musculoskeletal system and connective tissue; Diseases of the circulatory system,01.02.2007,2007,no,NA
galliapharm-epar-public-assessment-report_en.pdf,EMA/285852/2024,EMEA/H/C/006053/0000,GalliaPharm,Germanium (68Ge) chloride / Gallium (68Ga) chloride,Eckert & Ziegler Radiopharma GmbH,Other,Radionuclide Generator,Not reported,approved,authorised,30.05.2024,2024,no,no,"This medicinal product is not intended for direct use in patients. The eluate from the generator (gallium (68Ga) chloride solution) is indicated for in vitro radiolabelling of specific carrier molecules, developed and approved for radiolabelling with such solution, to be used for positron emission tomography (PET) imaging.","This radionuclide generator is not intended for direct use in patients. The sterile eluate (gallium (68Ga) chloride solution) from the radionuclide generator GalliaPharm is indicated for in vitro radiolabelling of various kits for radiopharmaceutical preparation developed and approved for radiolabelling with such eluate, to be used for positron emission tomography (PET) imaging.",Neoplasms,24.11.2022,2022,no,NA
tolvaptan-accord-epar-public-assessment-report_en.pdf,EMA/369354/2023,EMEA/H/C/005961/0000,Tolvaptan Accord,tolvaptan,Accord Healthcare S.L.U.,Small molecule,tablet,oral,approved,authorised,26.01.2023,2023,no,no,Tolvaptan is indicated in adults for the treatment of hyponatremia secondary to the syndrome of inappropriate antidiuretic hormone secretion (SIADH).,Tolvaptan is indicated in adults for the treatment of hyponatremia secondary to the syndrome of inappropriate antidiuretic hormone secretion (SIADH).,"Endocrine, nutritional, and metabolic diseases",29.11.2021,2021,yes,Not reported
onduarp-epar-public-assessment-report_en.pdf,EMA/891763/2011,EMEA/H/C/002118,Onduarp,telmisartan / amlodipine,Boehringer Ingelheim International GmbH,Small molecule,tablet,oral,approved,withdrawn,22.09.2011,2011,no,yes,Treatment of essential hypertension in adults: Add on therapy for adults whose blood pressure is not adequately controlled on amlodipine. Replacement therapy for adult patients receiving telmisartan and amlodipine from separate tablets.,Treatment of essential hypertension in adults: Add on therapy for adults whose blood pressure is not adequately controlled on amlodipine. Replacement therapy for adult patients receiving telmisartan and amlodipine from separate tablets.,Diseases of the circulatory system,06.07.2011,2011,yes,NA
cholestagel-epar-scientific-discussion_en.pdf,Not reported,EMEA/H/C/0000,Cholestagel,colesevelam hydrochloride,Not reported,Other,tablet,oral,approved,authorised,Not reported,Not reported,no,no,Reduction of elevated total and LDL-cholesterol in patients with primary hypercholesterolaemia,Reduction of elevated total and LDL-cholesterol in patients with primary hypercholesterolaemia,Diseases of the circulatory system,Not reported,Not reported,no,NA
rukobia-epar-public-assessment-report_en.pdf,EMA/702367/2020,EMEA/H/C/005011/0000,Rukobia,fostemsavir,ViiV Healthcare B.V.,Small molecule,prolonged release tablets,oral,approved,authorised,10.12.2020,2020,no,no,"Rukobia, in combination with other antiretrovirals, is indicated for the treatment of adults with multidrug resistant HIV-1 infection for whom it is otherwise not possible to construct a suppressive anti-viral regimen due to resistance, intolerance or safety considerations.","Rukobia, in combination with other antiretrovirals, is indicated for the treatment of adults with multidrug resistant HIV-1 infection for whom it is otherwise not possible to construct a suppressive anti-viral regimen due to resistance, intolerance or safety considerations.",Infectious and parasitic diseases,09.01.2020,2020,no,NA
luminity-epar-scientific-discussion_en.pdf,EMA/000000/2006,EMEA/H/C/000000,Luminity,Perflutren,Bristol-Myers Squibb Pharma Belgium Sprl,Other,dispersion for injection or infusion,intravenous,approved,authorised,Not reported,2006,no,no,contrast-enhanced ultrasound imaging in patients referred for diagnostic ultrasound imaging to improve the characterization of focal lesions of the liver and kidney,"Luminity is an ultrasound contrast-enhancing agent for use in patients in whom non-contrast echocardiography was suboptimal and who have suspected or established coronary artery disease, to provide opacification of cardiac chambers and improvement of left ventricular endocardial border delineation at both rest and stress",Diseases of the circulatory system,Not reported,Not reported,no,NA
olanzapine-teva-epar-scientific-discussion_en.pdf,Not reported,EMEA/H/C/000000,Olanzapine Teva,Olanzapine,Teva,Small molecule,film coated tablets and orodispersible tablets,oral,approved,authorised,Not reported,Not reported,no,no,treatment of schizophrenia and bipolar disorder,treatment of schizophrenia and bipolar disorder,Mental and behavioural disorders,Not reported,Not reported,yes,Not reported
crysvita-epar-public-assessment-report_en.pdf,EMA/148319/2018,EMEA/H/C/004275/0000,Crysvita,burosumab,Kyowa Kirin Limited,Biologics,solution for injection,subcutaneous,conditional marketing authorisation,authorised,14.12.2017,2017,yes,no,Treatment of X-linked hypophosphataemia (XLH) in children over 1 year of age and adults,Treatment of X-linked hypophosphataemia (XLH) in children over 1 year of age and adults,"Endocrine, nutritional, and metabolic diseases; Diseases of the musculoskeletal system and connective tissue",30.11.2016,2016,no,NA
byetta-epar-scientific-discussion_en.pdf,Not reported,Not reported,BYETTA,exenatide,Not reported,Peptides and proteins,solution for injection,subcutaneous,approved,authorised,Not reported,Not reported,no,no,"Treatment of type 2 diabetes in combination with metformin, a sulphonylurea, or a combination of metformin and a sulphonylurea.","Treatment of type 2 diabetes mellitus in combination with metformin, and/or sulphonylureas in patients who have not achieved adequate glycaemic control on maximally tolerated doses of these oral therapies.","Endocrine, nutritional, and metabolic diseases",Not reported,Not reported,no,NA
invega-epar-scientific-discussion_en.pdf,EMA/000000/2007,EMEA/H/C/000000,Invega,Paliperidone,Janssen-Cilag International NV,Small molecule,prolonged release tablets,oral,approved,authorised,Not reported,2007,no,no,Treatment of schizophrenia,Treatment of schizophrenia,Mental and behavioural disorders,Not reported,Not reported,no,NA
tolucombi-epar-public-assessment-report_en.pdf,EMA/84367/2013,EMEA/H/C/002549,Tolucombi,telmisartan/hydrochlorothiazide,"Krka d.d., Novo mesto",Small molecule,tablet,oral,approved,authorised,17.01.2013,2013,no,no,Treatment of essential hypertension,Treatment of essential hypertension,Diseases of the circulatory system,25.04.2012,2012,yes,Not reported
exubera-epar-scientific-discussion_en.pdf,Not reported,Not reported,EXUBERA,Insulin Human,Aventis/ Pfizer EE IG,Peptides and proteins,Inhalation powder,Pulmonary,withdrawn,withdrawn,Not reported,Not reported,no,no,Treatment of adult patients with type 1 and type 2 diabetes mellitus,NA,"Endocrine, nutritional, and metabolic diseases",Not reported,Not reported,no,NA
feraccru-epar-public-assessment-report_en.pdf,EMA/14567/2016,EMEA/H/C/002733/0000,Feraccru,ferric maltol,Iron Therapeutics (UK) Ltd,Small molecule,hard gelatine capsules,oral,approved,authorised,17.12.2015,2015,no,no,in adults for the treatment of iron deficiency anaemia: in patients who cannot tolerate other oral iron preparations or are non-compliant; in inflammatory bowel disease where other oral iron preparations are ineffective; in patients in whom treatment with intravenous iron is unsafe or not possible.,Feraccru is indicated in adults for the treatment of iron deficiency anaemia (IDA) in patients with inflammatory bowel disease (IBD).,Diseases of the blood and blood-forming organs; Diseases of the digestive system,01.12.2014,2014,yes,Not reported
nonafact-epar-scientific-discussion_en.pdf,Not reported,Not reported,Nonafact,Factor IX,Not reported,Peptides and proteins,Freeze-dried powder,Intravenous,approved,withdrawn,Not reported,Not reported,no,no,Treatment and prophylaxis of bleeding in patients with haemophilia B (congenital factor IX deficiency),Treatment and prophylaxis of bleeding in patients with haemophilia B (congenital factor IX deficiency),Diseases of the blood and blood-forming organs,Not reported,Not reported,yes,CPMP
striascan-epar-public-assessment-report_en.pdf,EMA/280752/2019,EMEA/H/C/004745/0000,Striascan,ioflupane (123 I),CIS BIO International,Other,Solution for injection,Intravenous,approved,authorised,26.04.2019,2019,no,no,"This medicinal product is for diagnostic use only. Striascan is indicated for detecting loss of functional dopaminergic neuron terminals in the striatum: In adult patients with clinically uncertain Parkinsonian Syndromes, for example those with early symptoms, in order to help differentiate Essential Tremor from Parkinsonian Syndromes related to idiopathic Parkinson’s Disease, Multiple System Atrophy and Progressive Supranuclear Palsy. Striascan is unable to discriminate between Parkinson's Disease, Multiple System Atrophy and Progressive Supranuclear Palsy. In adult patients, to help differentiate probable dementia with Lewy bodies from Alzheimer’s disease. Striascan is unable to discriminate between dementia with Lewy bodies and Parkinson’s disease dementia.","This medicinal product is for diagnostic use only. Striascan is indicated for detecting loss of functional dopaminergic neuron terminals in the striatum: In adult patients with clinically uncertain parkinsonian syndromes, for example those with early symptoms, in order to help differentiate essential tremor from parkinsonian syndromes related to idiopathic Parkinson’s disease, multiple system atrophy and progressive supranuclear palsy. Striascan is unable to discriminate between Parkinson's disease, multiple system atrophy and progressive supranuclear palsy. In adult patients, to help differentiate probable dementia with Lewy bodies from Alzheimer’s disease. Striascan is unable to discriminate between dementia with Lewy bodies and Parkinson’s disease dementia.",Diseases of the nervous system,02.05.2018,2018,yes,Not reported
votrient-epar-public-assessment-report_en.pdf,EMA/248579/2010,EMEA/H/C/001141,Votrient,pazopanib,Glaxo Group Limited,Small molecule,film-coated tablets,oral,conditional marketing authorisation,authorised,22.04.2010,2010,no,no,treatment of advanced and/or metastatic renal cell carcinoma (RCC),first line treatment of advanced Renal Cell Carcinoma (RCC) and for patients who have received prior cytokine therapy for advanced disease,Neoplasms; Diseases of the genitourinary system,27.02.2009,2009,no,NA
prasugrel-mylan-epar-public-assessment-report_en.pdf,EMA/243820/2018,EMEA/H/C/004644/0000,Prasugrel Mylan,prasugrel,Mylan S.A.S,Small molecule,film-coated tablet,oral,approved,authorised,22.03.2018,2018,no,no,Prevention of atherothrombotic events in adult patients with acute coronary syndrome undergoing primary or delayed percutaneous coronary intervention,Prevention of atherothrombotic events in adult patients with acute coronary syndrome undergoing primary or delayed percutaneous coronary intervention,Diseases of the circulatory system,27.04.2017,2017,yes,Not reported
procysbi-epar-public-assessment-report_en.pdf,EMA/375807/2013,EMEA/H/C/002465,PROCYSBI,mercaptamine,Raptor Pharmaceuticals Europe BV,Small molecule,"Gastro-resistant capsule, hard",Oral use,approved,authorised,27.06.2013,2013,yes,no,the management of proven nephropathic cystinosis in children and adults,treatment of proven nephropathic cystinosis,"Endocrine, nutritional, and metabolic diseases",01.03.2012,2012,no,NA
ellefore-withdrawal-assessment-report_en.pdf,EMA/45054/2009,EMEA/H/C/932,Ellefore,Desvenlafaxine,Wyeth Europa Limited,Small molecule,Prolonged release oral formulation,Oral,withdrawn,withdrawn,22.01.2009,2009,no,no,Treatment of major depressive disorder,NA,Mental and behavioural disorders,Not reported,Not reported,no,NA
datscan-epar-scientific-discussion_en.pdf,Not reported,Not reported,DaTSCAN,ioflupane (123I),Not reported,Other,solution for intravenous injection,intravenous,approved,authorised,Not reported,Not reported,no,no,"Detecting loss of functional dopaminergic neuron terminals in the striatum of patients with clinically uncertain Parkinsonian Syndromes, to help differentiate Essential Tremor from Parkinsonian Syndromes related to idiopathic Parkinson’s Disease, Multiple System Atrophy and Progressive Supranuclear Palsy.","Detecting loss of functional dopaminergic neuron terminals in the striatum of patients with clinically uncertain Parkinsonian Syndromes, to help differentiate Essential Tremor from Parkinsonian Syndromes related to idiopathic Parkinson’s Disease, Multiple System Atrophy and Progressive Supranuclear Palsy.",Diseases of the nervous system,Not reported,Not reported,no,NA
shingrix-epar-public-assessment-report_en.pdf,EMA/88588/2018,EMEA/H/C/004336/0000,Shingrix,"herpes zoster vaccine (recombinant, adjuvanted)",GSK Biologicals SA,Vaccine,powder and suspension for suspension for injection,intramuscular,approved,authorised,25.01.2018,2018,no,no,"prevention of herpes zoster (HZ) and HZ-related complications, such as post-herpetic neuralgia (PHN), in adults 50 years of age or older","prevention of herpes zoster (HZ) and HZ-related complications, such as post-herpetic neuralgia (PHN), in adults 50 years of age or older",Infectious and parasitic diseases,25.11.2016,2016,no,NA
delstrigo-epar-public-assessment-report_en.pdf,EMA/874672/2018,EMEA/H/C/004746/0000,Delstrigo,doravirine / lamivudine / tenofovir disoproxil,Merck Sharp & Dohme B.V.,Small molecule,film-coated tablet,oral,approved,authorised,20.09.2018,2018,no,no,"treatment of adults infected with HIV-1 without past or present evidence of viral resistance to doravirine, lamivudine, or tenofovir","treatment of adults infected with HIV-1 without past or present evidence of viral resistance to doravirine, lamivudine, or tenofovir",Infectious and parasitic diseases,03.11.2017,2017,no,NA
zaltrap-epar-public-assessment-report_en.pdf,EMA/755420/2012,EMEA/H/C/002532,Zaltrap,aflibercept,sanofi-aventis groupe,Biologics,Concentrate for solution for infusion,Intravenous,approved,authorised,15.11.2012,2012,no,no,Zaltrap in combination with irinotecan-fluoropyrimidine-based chemotherapy is indicated in adults with metastatic colorectal cancer (MCRC) previously treated with an oxaliplatin-containing regimen.,Zaltrap in combination with irinotecan/5-fluorouracil/folinic acid (FOLFIRI) chemotherapy is indicated in adults with metastatic colorectal cancer (MCRC) that is resistant to or has progressed after an oxaliplatin-containing regimen.,Neoplasms; Diseases of the digestive system,24.11.2011,2011,no,NA
enurev-breezhaler-epar-public-assessment-report_en.pdf,EMA/CHMP/508338/2012,EMEA/H/C/002430,Enurev Breezhaler,glycopyrronium bromide,Novartis Europharm Ltd.,Small molecule,inhalation powder,inhalation,approved,authorised,21.06.2012,2012,no,no,once daily maintenance bronchodilator treatment to relieve symptoms of patients with chronic obstructive pulmonary disease (COPD),maintenance bronchodilator treatment to relieve symptoms in adult patients with chronic obstructive pulmonary disease (COPD),Diseases of the respiratory system,01.09.2011,2011,no,NA
rydapt-epar-public-assessment-report_en.pdf,EMA/CHMP/516229/2017,EMEA/H/C/004095/0000,Rydapt,midostaurin,Novartis Europharm Ltd,Small molecule,soft capsule,oral,approved,authorised,20.07.2017,2017,yes,no,in combination with standard induction and consolidation chemotherapy followed by Rydapt single agent maintenance therapy for adult patients with newly diagnosed acute myeloid leukaemia (AML) who are Fms-like tyrosine kinase receptor-3 (FLT3) mutation-positive; as monotherapy for the treatment of adult patients with advanced systemic mastocytosis (SM).,"in combination with standard daunorubicin and cytarabine induction and high dose cytarabine consolidation chemotherapy, and for patients in complete response followed by Rydapt single agent maintenance therapy, for adult patients with newly diagnosed acute myeloid leukaemia (AML) who are FLT3 mutation positive; as monotherapy for the treatment of adult patients with aggressive systemic mastocytosis (ASM), systemic mastocytosis with associated haematological neoplasm (SM AHN), or mast cell leukaemia (MCL).",Neoplasms; Diseases of the blood and blood-forming organs,22.07.2016,2016,no,NA
sabervel-epar-public-assessment-report_en.pdf,EMA/225623/2012,EMEA/H/C/002510,Sabervel,irbesartan,Pharmathen S.A.,Small molecule,film-coated tablet,oral,approved,withdrawn,16.02.2012,2012,no,no,treatment of essential hypertension and treatment of renal disease in patients with hypertension and type 2 diabetes mellitus as part of an antihypertensive drug regimen,treatment of essential hypertension and treatment of renal disease in patients with hypertension and type 2 diabetes mellitus as part of an antihypertensive drug regimen,"Diseases of the circulatory system; Endocrine, nutritional, and metabolic diseases",05.05.2011,2011,yes,Not reported
zynrelef-epar-public-assessment-report_en.pdf,EMA/450646/2020,EMEA/H/C/005205/0000,ZYNRELEF,bupivacaine / meloxicam,Heron Therapeutics B.V.,Small molecule,prolonged-release wound solution,instillation,approved,withdrawn,23.07.2020,2020,no,no,Zynrelef is indicated in adults for application into the surgical site to reduce postoperative pain for 72 hours.,Zynrelef is indicated in adults for application into the surgical site to reduce postoperative pain for 72 hours.,"Injury, poisoning and certain other consequences of external causes",08.03.2019,2019,no,NA
fosavance-epar-scientific-discussion_en.pdf,Not reported,Not reported,FOSAVANCE,alendronic acid; colecalciferol,Not reported,Small molecule,tablet,oral,approved,authorised,Not reported,Not reported,no,no,Treatment of postmenopausal osteoporosis in patients at risk of vitamin D insufficiency,Treatment of postmenopausal osteoporosis in patients at risk of vitamin D insufficiency,Diseases of the musculoskeletal system and connective tissue,Not reported,Not reported,yes,Not reported
repaglinide-sun-withdrawal-assessment-report_en.pdf,EMA/316506/2010,EMEA/H/C/011145,REPAGLINIDE SUN,Repaglinide,Not reported,Small molecule,tablet,oral,withdrawn,withdrawn,Not reported,Not reported,no,no,Type 2 diabetes mellitus,NA,"Endocrine, nutritional, and metabolic diseases",Not reported,Not reported,yes,NA
cevenfacta-epar-public-assessment-report_en.pdf,EMA/577398/2022,EMEA/H/C/005655/0000,Cevenfacta,eptacog beta (activated),Laboratoire français du Fractionnement et des Biotechnologies,Biologics,Powder and solvent for solution for injection,Intravenous,approved,authorised,19.05.2022,2022,no,no,Treatment of bleeding episodes and prevention of bleeding in patients undergoing surgery or invasive procedures with congenital haemophilia A or B with inhibitors,Treatment of bleeding episodes and prevention of bleeding in patients undergoing surgery or invasive procedures with congenital haemophilia A or B with inhibitors,Diseases of the blood and blood-forming organs,28.01.2021,2021,no,NA
lazcluze-epar-public-assessment-report_en.pdf,EMA/570488/2024,EMEA/H/C/006074/0000,Lazcluze,lazertinib,Janssen Cilag International,Small molecule,film-coated tablet,oral,approved,authorised,14.11.2024,2024,no,no,Lazcluze in combination with amivantamab is indicated for the first-line treatment of adult patients with advanced non-small cell lung cancer (NSCLC) with epidermal growth factor receptor (EGFR) exon 19 deletions or exon 21 L858R substitution mutations.,Lazcluze in combination with amivantamab is indicated for the first-line treatment of adult patients with advanced non-small cell lung cancer (NSCLC) with epidermal growth factor receptor (EGFR) exon 19 deletions or exon 21 L858R substitution mutations.,Neoplasms; Diseases of the respiratory system,21.12.2023,2023,no,NA
comtan-epar-scientific-discussion_en.pdf,Not reported,Not reported,Comtan,Entacapone,Not reported,Small molecule,film coated tablets,oral,approved,authorised,Not reported,Not reported,no,no,"Adjunct to standard preparations of levodopa/benserazide or levodopa/carbidopa for use in patients with Parkinson’s disease and end-of-dose motor fluctuations, who cannot be stabilised on those combinations.","Adjunct to standard preparations of levodopa/benserazide or levodopa/carbidopa for use in patients with Parkinson’s disease and end-of-dose motor fluctuations, who cannot be stabilised on those combinations.",Diseases of the nervous system,Not reported,Not reported,no,NA
ethyl-eicosapent-soft-gelatin-capsules-withdrawal-assessment-report_en.pdf,Not reported,EMEA/H/C/1148,Ethyl eicosapent soft gelatin capsules,Ethyl-eicosapent,Amarin Neuroscience Limited,Other,soft gelatin capsules,oral,withdrawn,withdrawn,04.03.2010,2010,yes,no,treatment of Huntington’s Disease,NA,Diseases of the nervous system,Not reported,Not reported,yes,NA
gazyvaro-epar-public-assessment-report_en.pdf,EMA/CHMP/231450/2014,EMEA/H/C/002799/0000,Gazyvaro,OBINUTUZUMAB,Roche Registration Ltd,Biologics,Concentrate for solution for infusion,Intravenous,approved,authorised,22.05.2014,2014,yes,no,Treatment of patients with previously untreated chronic lymphocytic leukaemia (CLL),Treatment of adult patients with previously untreated chronic lymphocytic leukaemia (CLL) and with comorbidities making them unsuitable for full-dose fludarabine based therapy,Neoplasms; Diseases of the blood and blood-forming organs,25.04.2013,2013,no,NA
lagevrio-withdrawal-assessment-report_en.pdf,EMA/116128/2023,EMEA/H/C/005789/0000,Lagevrio,molnupiravir,Merck Sharp & Dohme B.V.,Small molecule,hard capsule,oral,withdrawn,withdrawn,23.02.2023,2023,no,no,treatment of coronavirus disease 2019 (COVID-19) in adults,NA,Infectious and parasitic diseases,22.10.2021,2021,no,NA
clopidogrel-acetylsalicylic-acid-teva-epar-public-assessment-report_en.pdf,EMA/CHMP/333195/2014,EMEA/H/C/002272/0000,Clopidogrel / Acetylsalicylic acid Teva,clopidogrel / acetylsalicylic acid,Teva Pharma B.V.,Small molecule,film-coated tablets,oral,approved,withdrawn,26.06.2014,2014,no,no,prevention of atherothrombotic events in adult patients already taking both clopidogrel and acetylsalicylic acid,prevention of atherothrombotic events in adult patients already taking both clopidogrel and acetylsalicylic acid,Diseases of the circulatory system,03.12.2012,2012,yes,Not reported
ritonavir-mylan-epar-public-assessment-report_en.pdf,EMA/CHMP/749789/2017,EMEA/H/C/004549/0000,Ritonavir Mylan,ritonavir,MYLAN S.A.S.,Peptides and proteins,film-coated tablet,oral,approved,authorised,14.09.2017,2017,no,no,Ritonavir is indicated in combination with other antiretroviral agents for the treatment of HIV-1 infected patients (adults and children of 2 years of age and older).,Ritonavir is indicated in combination with other antiretroviral agents for the treatment of HIV-1 infected patients (adults and children of 2 years of age and older).,Infectious and parasitic diseases,05.12.2016,2016,yes,Not reported
elahere-epar-public-assessment-report_en.pdf,EMA/473768/2024,EMEA/H/C/005036/0000,Elahere,mirvetuximab soravtansine,AbbVie Deutschland GmbH & Co.,Biologics,concentrate for solution for infusion,intravenous,approved,authorised,19.09.2024,2024,yes,no,"treatment of adult patients with folate receptor-alpha (FRα) positive, platinum-resistant epithelial ovarian, fallopian tube, or primary peritoneal cancer","treatment of adult patients with folate receptor-alpha (FRα) positive, platinum-resistant high grade serous epithelial ovarian, fallopian tube, or primary peritoneal cancer who have received one to three prior systemic treatment regimens",Neoplasms; Diseases of the genitourinary system,29.09.2023,2023,no,NA
columvi-epar-public-assessment-report_en.pdf,EMA/228393/2023,EMEA/H/C/005751/0000,Columvi,glofitamab,Roche Registration GmbH,Biologics,concentrate for solution for infusion,intravenous,approved,authorised,26.04.2023,2023,yes,no,"Columvi as monotherapy is indicated for the treatment of adult patients with relapsed or refractory diffuse large B-cell lymphoma (DLBCL), after two or more lines of systemic therapy","treatment of adult patients with relapsed or refractory diffuse large B-cell lymphoma (DLBCL), after two or more lines of systemic therapy",Neoplasms; Diseases of the blood and blood-forming organs,25.03.2022,2022,no,NA
withdrawal-assessment-report-vijoice_en.pdf,EMA/506300/2023,EMEA/H/C/5468/0000,Vijoice,alpelisib,Not reported,Small molecule,film-coated tablet,oral,withdrawn,withdrawn,30.03.2023,2023,yes,no,treatment of adult and paediatric patients aged 2 years and older with severe manifestations of PIK3CA-related overgrowth spectrum (PROS),NA,Congenital malformations and chromosomal abnormalities; Other,Not reported,Not reported,no,NA
uptravi-epar-public-assessment-report_en.pdf,EMA/272184/2016,EMEA/H/C/003774/0000,Uptravi,selexipag,Actelion Registration Ltd.,Small molecule,film-coated tablet,oral,approved,authorised,01.04.2016,2016,no,no,long-term treatment of pulmonary arterial hypertension (PAH; WHO Group I) in adult patients with WHO functional class (FC) II–IV,long-term treatment of pulmonary arterial hypertension (PAH; WHO Group I) in adult patients with WHO functional class (FC) II–IV,Diseases of the circulatory system,01.12.2014,2014,no,NA
pandemic-influenza-vaccine-h5n1-medimmune-epar-public-assessment-report_en.pdf,EMA/CHMP/323530/2016,EMEA/H/C/003963/0000,Pandemic influenza vaccine H5N1 MedImmune,"pandemic influenza vaccine (H5N1) (live attenuated, nasal)",MedImmune LLC,Vaccine,nasal spray suspension,nasal,conditional marketing authorisation,authorised,01.04.2016,2016,no,no,Prophylaxis of influenza in an officially declared pandemic situation in children and adolescents from 12 months to less than 18 years of age.,Prophylaxis of influenza in an officially declared pandemic situation in children and adolescents from 12 months to less than 18 years of age.,Infectious and parasitic diseases,05.03.2015,2015,no,NA
somatropin-biopartners-epar-public-assessment-report_en.pdf,EMA/CHMP/229458/2013,EMEA/H/C/002196/0000,Somatropin Biopartners,somatropin,BioPartners GmbH,Peptides and proteins,spray-dried powder for suspension for injection,subcutaneous,approved,withdrawn,30.05.2013,2013,no,no,Long-term treatment of growth failure in children and replacement therapy of endogenous growth hormone in adults with growth hormone deficiency.,Long-term treatment of growth failure in children and replacement therapy of endogenous growth hormone in adults with growth hormone deficiency.,"Endocrine, nutritional, and metabolic diseases",30.01.2012,2012,no,NA
hirobriz-breezhaler-epar-public-assessment-report_en.pdf,EMA/814999/2009,EMEA/H/C/001211,Hirobriz Breezhaler,indacaterol,Novartis Europharm Ltd.,Small molecule,inhalation powder,inhalation,approved,authorised,24.09.2009,2009,no,no,maintenance bronchodilator treatment of airflow obstruction in adult patients with chronic obstructive pulmonary disease (COPD),maintenance bronchodilator treatment of airflow obstruction in adult patients with chronic obstructive pulmonary disease (COPD),Diseases of the respiratory system,24.07.2009,2009,no,NA
sancuso-epar-public-assessment-report_en.pdf,EMA/228344/2012,EMEA/H/C/002296,Sancuso,granisetron,ProStrakan Ltd,Small molecule,transdermal patch,transdermal,approved,authorised,16.02.2012,2012,no,no,prevention of nausea and vomiting in patients receiving moderately or highly emetogenic chemotherapy,"prevention of nausea and vomiting associated with moderately or highly emetogenic chemotherapy, for a planned duration of 3 to 5 consecutive days, where oral anti-emetic administration is complicated by factors making swallowing difficult",Neoplasms,29.09.2010,2010,no,NA
apexxnar-epar-public-assessment-report_en.pdf,EMA/12384/20222,EMEA/H/C/005451/0000,Apexxnar,"pneumococcal polysaccharide conjugate vaccine (20-valent, adsorbed)",Pfizer Europe MA EEIG,Vaccine,suspension for intramuscular injection,intramuscular,approved,authorised,16.12.2021,2021,no,no,Active immunisation for the prevention of invasive disease and pneumonia caused by Streptococcus pneumoniae in adults 18 years of age and older.,Active immunisation for the prevention of invasive disease and pneumonia caused by Streptococcus pneumoniae in adults 18 years of age and older.,Infectious and parasitic diseases; Diseases of the respiratory system,05.02.2021,2021,no,NA
briviact-epar-public-assessment-report_en.pdf,EMA/822086/2015,EMEA/H/C/003898/0000,Briviact,Brivaracetam,UCB Pharma SA,Small molecule,film-coated tablets; oral solution; solution for injection/infusion,oral; intravenous,approved,authorised,19.11.2015,2015,no,no,adjunctive therapy in the treatment of partial-onset seizures with or without secondary generalisation in patients from 16 years of age with epilepsy,adjunctive therapy in the treatment of partial-onset seizures with or without secondary generalisation in patients from 16 years of age with epilepsy,Diseases of the nervous system,20.11.2014,2014,no,NA
tekturna-epar-scientific-discussion_en.pdf,EMA/000000/2007,EMEA/H/C/000000,Tekturna,Aliskiren,Not reported,Small molecule,film-coated tablet,oral,approved,withdrawn,Not reported,2007,no,no,Treatment of essential hypertension,Treatment of essential hypertension,Diseases of the circulatory system,Not reported,Not reported,no,NA
dynastat-epar-scientific-discussion_en.pdf,Not reported,Not reported,Dynastat,Parecoxib,Pharmacia Europe EEIG,Small molecule,powder for solution for injection,parenteral,approved,authorised,Not reported,Not reported,no,no,short-term treatment of postoperative pain,short-term treatment of postoperative pain,"Injury, poisoning and certain other consequences of external causes",Not reported,Not reported,no,NA
fanaptum-epar-refusal-public-assessment-report_en.pdf,EMA/844865/2017,EMEA/H/C/004149/0000,Fanaptum,iloperidone,Vanda Pharmaceuticals Ltd.,Small molecule,tablet,oral,refused,withdrawn,09.11.2017,2017,no,no,treatment of schizophrenia in adults,NA,Mental and behavioural disorders,04.12.2015,2015,no,NA
irbesartan-hydrochlorothiazide-teva-epar-public-assessment-report_en.pdf,Not reported,EMEA/H/C/001112,Irbesartan / Hydrochlorothiazide Teva,Irbesartan / Hydrochlorothiazide,Teva Pharma B.V,Small molecule,film-coated tablets,oral,approved,authorised,24.09.2009,2009,no,no,treatment of hypertension,treatment of hypertension,Diseases of the circulatory system,03.12.2008,2008,yes,Not reported
tezspire-epar-public-assessment-report_en.pdf,EMA/682391/2022,EMEA/H/C/005588/0000,Tezspire,tezepelumab,AstraZeneca AB,Biologics,solution for injection,subcutaneous,approved,authorised,21.07.2022,2022,no,no,add-on maintenance treatment in adults and adolescents 12 years and older with severe asthma,add-on maintenance treatment in adults and adolescents 12 years and older with severe asthma,Diseases of the respiratory system,19.05.2021,2021,no,NA
welireg-epar-public-assessment-report_en.pdf,EMA/18425/2025,EMEA/H/C/005636/0000,Welireg,belzutifan,Merck Sharp & Dohme B.V.,Small molecule,film-coated tablet,oral,approved,authorised,12.12.2024,2024,no,no,Renal cell carcinoma (RCC); von Hippel-Lindau (VHL) disease-associated tumours,Renal cell carcinoma (RCC); von Hippel-Lindau (VHL) disease-associated tumours,Neoplasms; Diseases of the nervous system; Diseases of the endocrine system,23.11.2023,2023,no,NA
lenalidomide-krka-dd-epar-public-assessment-report_en.pdf,EMA/CHMP/3809/2021,EMEA/H/C/005729/0000,Lenalidomide Krka d.d.,lenalidomide,"KRKA, d.d., Novo mesto",Small molecule,"Capsule, hard",Oral,approved,withdrawn,10.12.2020,2020,no,no,Multiple myeloma; Myelodysplastic syndromes; Follicular lymphoma,Multiple myeloma; Myelodysplastic syndromes; Follicular lymphoma,Neoplasms; Diseases of the blood and blood-forming organs,29.06.2020,2020,yes,Not reported
pemetrexed-ditromethamine-hospira-withdrawal-assessment-report_en.pdf,EMA/CHMP/485042/2016,EMEA/H/C/004306/0000,Pemetrexed ditromethamine Hospira,pemetrexed,Hospira UK Limited,Small molecule,powder for concentrate for solution for infusion,intravenous,withdrawn,withdrawn,21.07.2016,2016,no,no,Malignant pleural mesothelioma; Non-small cell lung cancer,NA,Neoplasms; Diseases of the respiratory system,Not reported,Not reported,yes,NA
nivestim-epar-public-assessment-report_en.pdf,EMA/262762/2010,EMEA/H/C/001142,Nivestim,filgrastim,Hospira UK Ltd.,Biologics,solution for injection,subcutaneous; intravenous,approved,authorised,18.03.2010,2010,no,no,"Filgrastim is indicated for the reduction in the duration of neutropenia and the incidence of febrile neutropenia in patients treated with established cytotoxic chemotherapy for malignancy (with the exception of chronic myeloid leukaemia and myelodysplastic syndromes) and for the reduction in the duration of neutropenia in patients undergoing myeloablative therapy followed by bone marrow transplantation considered to be at increased risk of prolonged severe neutropenia. The safety and efficacy of filgrastim are similar in adults and children receiving cytotoxic chemotherapy. Filgrastim is indicated for the mobilisation of peripheral blood progenitor cells (PBPC). In patients, children or adults, with severe congenital, cyclic, or idiopathic neutropenia with an absolute neutrophil count (ANC) of ≤ 0.5 x 10^9 /l and a history of severe or recurrent infections, long term administration of filgrastim is indicated to increase neutrophil counts and to reduce the incidence and duration of infection-related events. Filgrastim is indicated for the treatment of persistent neutropenia (ANC ≤ 1.0 x 10^9 /l) in patients with advanced HIV infection, in order to reduce the risk of bacterial infections when other options to manage neutropenia are inappropriate.","Filgrastim is indicated for the reduction in the duration of neutropenia and the incidence of febrile neutropenia in patients treated with established cytotoxic chemotherapy for malignancy (with the exception of chronic myeloid leukaemia and myelodysplastic syndromes) and for the reduction in the duration of neutropenia in patients undergoing myeloablative therapy followed by bone marrow transplantation considered to be at increased risk of prolonged severe neutropenia. The safety and efficacy of filgrastim are similar in adults and children receiving cytotoxic chemotherapy. Filgrastim is indicated for the mobilisation of peripheral blood progenitor cells (PBPC). In patients, children or adults, with severe congenital, cyclic, or idiopathic neutropenia with an absolute neutrophil count (ANC) of ≤ 0.5 x 10^9 /l and a history of severe or recurrent infections, long term administration of filgrastim is indicated to increase neutrophil counts and to reduce the incidence and duration of infection-related events. Filgrastim is indicated for the treatment of persistent neutropenia (ANC ≤ 1.0 x 10^9 /l) in patients with advanced HIV infection, in order to reduce the risk of bacterial infections when other options to manage neutropenia are inappropriate.",Neoplasms; Diseases of the blood and blood-forming organs; Infectious and parasitic diseases,27.02.2009,2009,no,NA
inflectra-epar-public-assessment-report_en.pdf,EMA/CHMP/589422/2013,EMEA/H/C/002778/0000,Inflectra,Infliximab,Hospira UK Limited,Biologics,Powder for concentrate for solution for infusion,Intravenous,approved,authorised,27.06.2013,2013,no,no,Rheumatoid arthritis; Adult Crohn’s disease; Paediatric Crohn’s disease; Ulcerative colitis; Paediatric ulcerative colitis; Ankylosing spondylitis; Psoriatic arthritis; Psoriasis,Rheumatoid arthritis; Adult Crohn’s disease; Paediatric Crohn’s disease; Ulcerative colitis; Paediatric ulcerative colitis; Ankylosing spondylitis; Psoriatic arthritis; Psoriasis,Diseases of the musculoskeletal system and connective tissue; Diseases of the digestive system; Neoplasms,26.06.2012,2012,no,NA
fymskina-epar-public-assessment-report_en.pdf,EMA/378464/2024,EMEA/H/C/005805/0000,Fymskina,ustekinumab,Formycon AG,Biologics,solution for injection,subcutaneous,approved,authorised,25.07.2024,2024,no,no,Plaque psoriasis; Paediatric plaque psoriasis; Psoriatic arthritis; Crohn’s Disease; Ulcerative colitis,Plaque psoriasis; Paediatric plaque psoriasis; Psoriatic arthritis; Crohn’s Disease; Ulcerative colitis,Diseases of the skin; Diseases of the musculoskeletal system and connective tissue; Diseases of the digestive system,08.09.2023,2023,yes,NA
rystiggo-epar-public-assessment-report_en.pdf,EMA/CHMP/535512/2023,EMEA/H/C/005824/0000,Rystiggo,Rozanolixizumab,UCB Pharma,Biologics,solution for subcutaneous injection,subcutaneous,approved,authorised,09.11.2023,2023,yes,no,treatment of generalised myasthenia gravis (gMG) in adult patients who are anti-acetylcholine receptor (AChR) or anti-muscle-specific tyrosine kinase (MuSK) antibody positive and require therapy in addition to corticosteroids or non-steroidal immunosuppressants.,As an add-on to standard therapy for the treatment of generalised myasthenia gravis (gMG) in adult patients who are anti-acetylcholine receptor (AChR) or anti-muscle-specific tyrosine kinase (MuSK) antibody positive.,Diseases of the nervous system,03.11.2022,2022,no,NA
ifirmacombi-epar-public-assessment-report_en.pdf,EMA/99460/2011,EMEA/H/C/002302,Ifirmacombi,Irbesartan / Hydrochlorothiazide,"Krka, d.d., Novo mesto",Small molecule,film-coated tablet,oral,approved,authorised,16.12.2010,2010,no,no,Treatment of essential hypertension in adult patients whose blood pressure is not adequately controlled on irbesartan or hydrochlorothiazide alone.,Treatment of essential hypertension in adult patients whose blood pressure is not adequately controlled on irbesartan or hydrochlorothiazide alone.,Diseases of the circulatory system,06.05.2010,2010,yes,Not reported
rubraca-epar-public-assessment-report_en.pdf,EMA/238139/2018,EMEA/H/C/004272/0000,Rubraca,rucaparib,Clovis Oncology UK Ltd,Small molecule,film-coated tablets,oral,approved,authorised,22.03.2018,2018,yes,no,"monotherapy treatment of advanced ovarian cancer in adult patients with deleterious BRCA-mutated tumours, inclusive of both germline BRCA and somatic BRCA mutations, and who have been treated with two or more prior lines of chemotherapy","monotherapy treatment of adult patients with platinum-sensitive, relapsed or progressive, BRCA mutated (germline and/or somatic), high-grade epithelial ovarian, fallopian tube, or primary peritoneal cancer, who have been treated with two or more prior lines of platinum-based chemotherapy, and who are unable to tolerate further platinum-based chemotherapy",Neoplasms; Diseases of the genitourinary system,01.11.2016,2016,no,NA
kauliv-epar-public-assessment-report_en.pdf,EMA/923811/2022,EMEA/H/C/004932/0000,Kauliv,teriparatide,Strides Pharma Cyprus Ltd.,Peptides and proteins,solution for injection,subcutaneous,approved,authorised (under additional monitoring),10.11.2022,2022,no,no,Treatment of osteoporosis in postmenopausal women and in men at increased risk of fracture; Treatment of osteoporosis associated with sustained systemic glucocorticoid therapy in women and men at increased risk for fracture,Treatment of osteoporosis in postmenopausal women and in men at increased risk of fracture; Treatment of osteoporosis associated with sustained systemic glucocorticoid therapy in women and men at increased risk for fracture,Diseases of the musculoskeletal system and connective tissue,14.09.2020,2020,yes,Not reported
latuda-epar-public-assessment-report_en.pdf,EMA/113836/2014,EMEA/H/C/002713/0000,Latuda,Lurasidone,Takeda Pharma A/S,Small molecule,film-coated tablet,oral,approved,authorised,23.01.2014,2014,no,no,treatment of schizophrenia,treatment of schizophrenia,Mental and behavioural disorders,27.09.2012,2012,no,NA
livmarli-epar-public-assessment-report_en.pdf,EMA/864249/2022,EMEA/H/C/005857/0000,Livmarli,maralixibat chloride,Mirum Pharmaceuticals International B.V.,Small molecule,oral solution,oral,approved,authorised,13.10.2022,2022,yes,no,treatment of cholestatic liver disease in patients with Alagille syndrome (ALGS) 1 year of age and older,treatment of cholestatic pruritus in patients with Alagille syndrome (ALGS) 2 months of age and older,"Diseases of the liver; Endocrine, nutritional, and metabolic diseases",08.09.2021,2021,no,NA
trogarzo-epar-public-assessment-report_en.pdf,EMA/469134/2019,EMEA/H/C/004961/0000,Trogarzo,ibalizumab,Theratechnologies International Limited,Biologics,solution for infusion,intravenous,approved,withdrawn,25.07.2019,2019,no,no,"Treatment of adults infected with HIV-1 resistant to at least 1 agent in 3 different classes, in combination with other antiretroviral medicinal products",Treatment of adults infected with multidrug resistant HIV-1 infection for whom it is otherwise not possible to construct a suppressive antiviral regimen,Infectious and parasitic diseases,27.08.2018,2018,no,NA
sondelbay-epar-public-assessment-report_en.pdf,EMA/105831/2022,EMEA/H/C/005827/0000,Sondelbay,teriparatide,Accord Healthcare S.L.U.,Peptides and proteins,Solution for injection,Subcutaneous,approved,authorised (under additional monitoring),27.01.2022,2022,no,no,Treatment of osteoporosis in postmenopausal women and in men at increased risk of fracture; Treatment of osteoporosis associated with sustained systemic glucocorticoid therapy in women and men at increased risk for fracture,Treatment of osteoporosis in postmenopausal women and in men at increased risk of fracture; Treatment of osteoporosis associated with sustained systemic glucocorticoid therapy in women and men at increased risk for fracture,Diseases of the musculoskeletal system and connective tissue,05.03.2021,2021,no,NA
isturisa-epar-public-assessment-report_en.pdf,EMA/653461/2019,EMEA/H/C/004821/0000,Isturisa,osilodrostat,Novartis Europharm Limited,Small molecule,film-coated tablet,oral,approved,authorised,14.11.2019,2019,yes,no,Treatment of endogenous Cushing’s syndrome in adults,Treatment of endogenous Cushing’s syndrome in adults,"Endocrine, nutritional, and metabolic diseases",09.11.2018,2018,no,NA
ebilfumin-epar-public-assessment-report_en.pdf,EMA/260303/2014,EMEA/H/C/003717,Ebilfumin,oseltamivir,Actavis Group PTC ehf,Small molecule,hard capsules,oral,approved,authorised,20.03.2014,2014,no,no,Treatment and prevention of influenza,Treatment and prevention of influenza,Infectious and parasitic diseases,23.04.2013,2013,yes,Not reported
corlentor-epar-scientific-discussion_en.pdf,Not reported,Not reported,Corlentor,Ivabradine,Not reported,Small molecule,film coated tablets,oral,approved,authorised,Not reported,Not reported,no,no,"Symptomatic treatment of chronic stable angina pectoris in patients with normal sinus rhythm, who have a contra-indication or intolerance for beta-blockers","Symptomatic treatment of chronic stable angina pectoris in patients with normal sinus rhythm, who have a contra-indication or intolerance for beta-blockers",Diseases of the circulatory system,Not reported,Not reported,no,NA
nimvastid-epar-public-assessment-report_en.pdf,Not reported,EMEA/H/C/001029,Nimvastid,rivastigmine,"Krka, d.d., Novo mesto",Small molecule,hard capsules and orodispersible tablets,oral,approved,authorised,19.03.2009,2009,no,no,treatment of mild to moderately severe Alzheimer’s dementia and treatment of mild to moderately severe dementia in patients with idiopathic Parkinson’s disease,treatment of mild to moderately severe Alzheimer’s dementia and treatment of mild to moderately severe dementia in patients with idiopathic Parkinson’s disease,Diseases of the nervous system,03.06.2008,2008,yes,NA
sildenafil-actavis-epar-public-assessment-report_en.pdf,EMA/773997/2009,EMEA/H/C/1090,Sildenafil Actavis,sildenafil,Actavis Group PTC ehf,Small molecule,film-coated tablets,oral,approved,authorised,10.12.2009,2009,no,no,treatment of erectile dysfunction,treatment of erectile dysfunction,Diseases of the genitourinary system,29.10.2008,2008,yes,NA
lupkynis-epar-public-assessment-report_en.pdf,EMA/681286/2022,EMEA/H/C/005256/0000,Lupkynis,voclosporin,Otsuka Pharmaceutical Netherlands B.V.,Small molecule,soft capsule,oral,approved,authorised,21.07.2022,2022,no,no,"Lupkynis is indicated in combination with background immunosuppressive therapies for the treatment of adult patients with class III, IV or V (including mixed class III/V and IV/V) lupus nephritis (LN).","Lupkynis is indicated in combination with background immunosuppressive therapies for the treatment of adult patients with class III, IV or V (including mixed class III/V and IV/V) lupus nephritis (LN).","Diseases of the genitourinary system; Endocrine, nutritional, and metabolic diseases",22.06.2021,2021,no,NA
tracleer-epar-scientific-discussion_en.pdf,Not reported,EMEA/H/C/000401,Tracleer,bosentan,Actelion Ltd,Small molecule,film-coated tablet,oral,approved,authorised,Not reported,Not reported,yes,no,Treatment of pulmonary arterial hypertension (PAH) to improve exercise capacity and symptoms in patients with grade III functional status.,Treatment of pulmonary arterial hypertension (PAH) to improve exercise capacity and symptoms in patients with grade III functional status.,Diseases of the circulatory system,Not reported,Not reported,no,NA
rotarix-epar-scientific-discussion_en.pdf,Not reported,EMEA/H/C/000639,Rotarix,"human rotavirus, live, attenuated",GlaxoSmithKline Biologicals,Vaccine,powder and solvent for suspension for oral use,oral,approved,authorised,Not reported,Not reported,no,no,prevention of gastro-enteritis due to rotavirus infection,prevention of gastro-enteritis due to rotavirus infection,Infectious and parasitic diseases,Not reported,Not reported,no,NA
duloxetine-boehringer-ingelheim-epar-public-assessment-report_en.pdf,Not reported,EMEA/H/C/001007,DULOXETINE BOEHRINGER INGELHEIM,Duloxetine,Boehringer Ingelheim International GmbH,Small molecule,Hard gastro-resistant capsules,Oral,approved,withdrawn,24.07.2008,2008,no,yes,Treatment of moderate to severe Stress Urinary Incontinence (SUI) and diabetic peripheral neuropathic pain (DPNP) in adults,Treatment of moderate to severe Stress Urinary Incontinence (SUI) and diabetic peripheral neuropathic pain (DPNP) in adults,"Diseases of the genitourinary system; Endocrine, nutritional, and metabolic diseases",14.03.2008,2008,yes,Not reported
eurartesim-epar-public-assessment-report_en.pdf,EMA/739355/2011,EMEA/H/C/1199,Eurartesim,dihydroartemisinin / piperaquine phosphate,Sigma-tau Industrie Farmaceutiche Riunite S.p.A.,Small molecule,film-coated tablet,oral,approved,authorised,23.06.2011,2011,no,no,For the treatment of uncomplicated Plasmodium falciparum malaria and for reducing the risk of new infections,"For the treatment of uncomplicated Plasmodium falciparum malaria in adults, children and infants 6 months and over and weighing 5 kg or more",Infectious and parasitic diseases,06.07.2009,2009,no,NA
sohonos-epar-refusal-public-assessment-report_en.pdf,EMA/267060/2023,EMEA/H/C/004867/0000,Sohonos,palovarotene,Ipsen Pharma,Small molecule,hard capsules,oral,refused,NA,26.01.2023,2023,yes,no,prevention of heterotopic ossification in adults and children with fibrodysplasia ossificans progressiva (FOP),NA,Diseases of the musculoskeletal system and connective tissue,15.04.2021,2021,no,NA
thymanax-epar-public-assessment-report_en.pdf,EMA/97539/2009,EMEA/H/C/000916,Thymanax,agomelatine,Servier (Ireland) Industries Ltd,Small molecule,film-coated tablets,oral,approved,withdrawn,20.11.2008,2008,no,no,treatment of major depressive disorder in adults,treatment of Major Depressive Episodes in adults,Mental and behavioural disorders,06.09.2007,2007,no,NA
nilotinib-accord-epar-public-assessment-report_en.pdf,EMA/325502/2024,EMEA/H/C/006315/0000,Nilotinib Accord,nilotinib,Accord Healthcare S.L.U.,Small molecule,hard capsules,oral,approved,authorised,27.06.2024,2024,no,no,Treatment of adult and paediatric patients with newly diagnosed Philadelphia chromosome positive chronic myelogenous leukaemia (CML) in the chronic phase; adult patients with chronic phase and accelerated phase Philadelphia chromosome positive CML with resistance or intolerance to prior therapy including imatinib; paediatric patients with chronic phase Philadelphia chromosome positive CML with resistance or intolerance to prior therapy including imatinib.,Treatment of adult and paediatric patients with newly diagnosed Philadelphia chromosome positive chronic myelogenous leukaemia (CML) in the chronic phase; adult patients with chronic phase and accelerated phase Philadelphia chromosome positive CML with resistance or intolerance to prior therapy including imatinib; paediatric patients with chronic phase Philadelphia chromosome positive CML with resistance or intolerance to prior therapy including imatinib.,Neoplasms; Diseases of the blood and blood-forming organs,26.06.2023,2023,yes,Not reported
bridion-epar-public-assessment-report_en.pdf,Not reported,EMEA/H/C/000885,Bridion,sugammadex,N.V. Organon,Small molecule,solution for injection,intravenous,approved,authorised,25.07.2008,2008,no,no,Reversal of neuromuscular blockade induced by rocuronium or vecuronium,Reversal of neuromuscular blockade induced by rocuronium or vecuronium,Diseases of the nervous system,21.06.2007,2007,no,NA
bemrist-breezhaler-epar-public-assessment-report_en.pdf,EMA/206580/2020,EMEA/H/C/005067/0000,Bemrist Breezhaler,indacaterol / mometasone furoate,Novartis Europharm Limited,Small molecule,"inhalation powder, hard capsules",inhalation,approved,authorised,02.04.2020,2020,no,no,once-daily maintenance treatment of asthma in adults and adolescents 12 years of age and older where use of a combination of long-acting beta2-agonist and inhaled corticosteroid is appropriate,once-daily maintenance treatment of asthma in adults and adolescents 12 years of age and older where use of a combination of long-acting beta2-agonist and inhaled corticosteroid is appropriate,Diseases of the respiratory system,03.05.2019,2019,no,NA
ibandronic-acid-teva-epar-public-assessment-report_en.pdf,EMA/598319/2010,EMEA/H/C/001195,Ibandronic Acid Teva,ibandronic acid,Teva Pharma B.V.,Small molecule,film-coated tablet,oral,approved,authorised,17.09.2010,2010,no,no,Prevention of skeletal events in patients with breast cancer and bone metastases; Treatment of osteoporosis in postmenopausal women at increased risk of fracture,Prevention of skeletal events in patients with breast cancer and bone metastases; Treatment of osteoporosis in postmenopausal women at increased risk of fracture,Neoplasms; Diseases of the musculoskeletal system and connective tissue,01.07.2009,2009,yes,Not reported
rapilysin-epar-scientific-discussion_en.pdf,Not reported,EMEA/H/C/II/04,Rapilysin,reteplase,Roche Registration Limited,Biologics,powder for injection,intravenous,approved,authorised,23.05.1996,1996,no,no,thrombolytic therapy of acute myocardial infarction,thrombolytic therapy of acute myocardial infarction,Diseases of the circulatory system,Not reported,1995,no,NA
alpheon-epar-refusal-public-assessment-report_en.pdf,Not reported,EMEA/H/C/000585,Alpheon,recombinant human interferon-alfa-2a,BioPartners GmbH,Biologics,solution for injection,subcutaneous,refused,NA,28.06.2006,2006,no,no,Adult patients with histologically proven chronic hepatitis C who are positive for HCV antibodies or HCV RNA and have elevated serum alanine aminotransferase (ALT) without liver decompensation.,NA,Infectious and parasitic diseases,22.12.2003,2003,yes,CHMP
focetria-epar-scientific-discussion_en.pdf,Not reported,Not reported,Focetria,Not reported,Novartis,Vaccine,suspension for injection,intramuscular,approved,withdrawn,Not reported,Not reported,no,no,prophylaxis of influenza in an officially declared pandemic situation,prophylaxis of influenza in an officially declared pandemic situation,Infectious and parasitic diseases,Not reported,Not reported,yes,Not reported
lextemy-epar-public-assessment-report_en.pdf,EMA/680012/2021,EMEA/H/C/005611/0000,Lextemy,bevacizumab,Mylan IRE Healthcare Limited,Biologics,concentrate for solution for infusion,intravenous,approved,withdrawn,25.02.2021,2021,no,no,"Lextemy in combination with fluoropyrimidine-based chemotherapy is indicated for treatment of adult patients with metastatic carcinoma of the colon or rectum. Lextemy in combination with paclitaxel is indicated for first-line treatment of adult patients with metastatic breast cancer. Lextemy in combination with capecitabine is indicated for first-line treatment of adult patients with metastatic breast cancer in whom treatment with other chemotherapy options including taxanes or anthracyclines is not considered appropriate. Lextemy, in addition to platinum-based chemotherapy, is indicated for first-line treatment of adult patients with unresectable advanced, metastatic or recurrent non-small cell lung cancer other than predominantly squamous cell histology. Lextemy, in combination with erlotinib, is indicated for first-line treatment of adult patients with unresectable advanced, metastatic or recurrent non-squamous non-small cell lung cancer with Epidermal Growth Factor Receptor (EGFR) activating mutations. Lextemy in combination with interferon alfa-2a is indicated for first line treatment of adult patients with advanced and/or metastatic renal cell cancer. Lextemy, in combination with carboplatin and paclitaxel is indicated for the front-line treatment of adult patients with advanced epithelial ovarian, fallopian tube, or primary peritoneal cancer. Lextemy, in combination with paclitaxel and cisplatin or, alternatively, paclitaxel and topotecan in patients who cannot receive platinum therapy, is indicated for the treatment of adult patients with persistent, recurrent, or metastatic carcinoma of the cervix.","Lextemy in combination with fluoropyrimidine-based chemotherapy is indicated for treatment of adult patients with metastatic carcinoma of the colon or rectum. Lextemy in combination with paclitaxel is indicated for first-line treatment of adult patients with metastatic breast cancer. Lextemy in combination with capecitabine is indicated for first-line treatment of adult patients with metastatic breast cancer in whom treatment with other chemotherapy options including taxanes or anthracyclines is not considered appropriate. Lextemy, in addition to platinum-based chemotherapy, is indicated for first-line treatment of adult patients with unresectable advanced, metastatic or recurrent non-small cell lung cancer other than predominantly squamous cell histology. Lextemy, in combination with erlotinib, is indicated for first-line treatment of adult patients with unresectable advanced, metastatic or recurrent non-squamous non-small cell lung cancer with Epidermal Growth Factor Receptor (EGFR) activating mutations. Lextemy in combination with interferon alfa-2a is indicated for first line treatment of adult patients with advanced and/or metastatic renal cell cancer. Lextemy, in combination with carboplatin and paclitaxel is indicated for the front-line treatment of adult patients with advanced epithelial ovarian, fallopian tube, or primary peritoneal cancer. Lextemy, in combination with paclitaxel and cisplatin or, alternatively, paclitaxel and topotecan in patients who cannot receive platinum therapy, is indicated for the treatment of adult patients with persistent, recurrent, or metastatic carcinoma of the cervix.",Neoplasms; Diseases of the respiratory system; Diseases of the genitourinary system,20.02.2020,2020,no,NA
insulin-lispro-sanofi-epar-public-assessment-report_en.pdf,EMA/351195/2017,EMEA/H/C/004303/0000,Insulin lispro Sanofi,insulin lispro,sanofi-aventis groupe,Peptides and proteins,solution for injection,subcutaneous,approved,authorised,18.05.2017,2017,no,no,For the treatment of adults and children with diabetes mellitus who require insulin for the maintenance of normal glucose homeostasis. Insulin lispro Sanofi is also indicated for the initial stabilisation of diabetes mellitus.,For the treatment of adults and children with diabetes mellitus who require insulin for the maintenance of normal glucose homeostasis. Insulin lispro Sanofi is also indicated for the initial stabilisation of diabetes mellitus.,"Endocrine, nutritional, and metabolic diseases",07.09.2016,2016,no,NA
pemetrexed-hospira-uk-limited-epar-public-assessment-report_en.pdf,EMA/CHMP/270680/2017,EMEA/H/C/004488/0000,Pemetrexed Hospira UK Limited,pemetrexed,Hospira UK Limited,Small molecule,Powder for concentrate for solution for infusion,Intravenous,approved,withdrawn,23.02.2017,2017,no,no,Malignant pleural mesothelioma; Non-small cell lung cancer,Malignant pleural mesothelioma; Non-small cell lung cancer,Neoplasms; Diseases of the respiratory system,28.04.2016,2016,yes,NA
roactemra-epar-public-assessment-report_en.pdf,EMA/26276/2009,EMEA/H/C/000955,RoActemra,tocilizumab,Roche Registration Ltd.,Biologics,concentrate for solution for infusion,intravenous,approved,authorised,20.11.2008,2008,no,no,Treatment of moderate to severe active rheumatoid arthritis in adult patients who have not been previously treated with traditional DMARDs or have an inadequate response to one or more traditional DMARDs or are intolerant to a tumour necrosis factor antagonist.,"RoActemra, in combination with methotrexate (MTX) is indicated for the treatment of moderate to severe active rheumatoid arthritis (RA) in adult patients who have either responded inadequately to, or who were intolerant to, previous therapy with one or more DMARDs or tumour necrosis factor (TNF) antagonists. In these patients, RoActemra can be given as monotherapy in case of intolerance to MTX or where continued treatment with MTX is inappropriate.",Diseases of the musculoskeletal system and connective tissue,29.11.2007,2007,no,NA
aspaveli-epar-public-assessment-report_en.pdf,EMA/629737/2021,EMEA/H/C/005553/0000,Aspaveli,pegcetacoplan,Swedish Orphan Biovitrum AB (publ),Peptides and proteins,Solution for infusion,Subcutaneous,approved,authorised,14.10.2021,2021,yes,no,Treatment of adult patients with paroxysmal nocturnal haemoglobinuria (PNH) previously treated with standard therapy.,Treatment of adult patients with paroxysmal nocturnal haemoglobinuria (PNH) who are anaemic after treatment with a C5 inhibitor for at least 3 months.,Diseases of the blood and blood-forming organs,10.09.2020,2020,no,NA
tecentriq-epar-public-assessment-report_en.pdf,EMA/153102/2018,EMEA/H/C/004143/0000,Tecentriq,atezolizumab,Roche Registration Limited,Biologics,concentrate for solution for infusion,intravenous,approved,authorised,20.07.2017,2017,no,no,Tecentriq is indicated for the treatment of adult patients with locally advanced or metastatic urothelial carcinoma after prior chemotherapy or who are considered cisplatin ineligible; Tecentriq is indicated for the treatment of adult patients with locally advanced or metastatic non-small cell lung cancer (NSCLC) after prior chemotherapy.,Tecentriq as monotherapy is indicated for the treatment of adult patients with locally advanced or metastatic urothelial carcinoma (UC) after prior platinum-containing chemotherapy or who are considered cisplatin ineligible; Tecentriq as monotherapy is indicated for the treatment of adult patients with locally advanced or metastatic non-small cell lung cancer (NSCLC) after prior chemotherapy.,Neoplasms; Diseases of the respiratory system; Diseases of the genitourinary system,20.04.2016,2016,no,NA
possia-epar-public-assessment-report_en.pdf,Not reported,EMEA/H/C/2303,Possia,ticagrelor,AstraZeneca AB,Small molecule,film-coated tablet,oral,approved,withdrawn,23.09.2010,2010,no,no,prevention of thrombotic events,"prevention of thrombotic events (cardiovascular death, myocardial infarction and stroke) in patients with Acute Coronary Syndromes",Diseases of the circulatory system,07.05.2010,2010,no,NA
ifirmasta-epar-public-assessment-report_en.pdf,Not reported,EMEA/H/C/000962,Irbesartan Krka,irbesartan,"Krka, d.d., Novo mesto",Small molecule,film-coated tablet,oral,approved,authorised,01.12.2008,2008,no,no,Treatment of essential hypertension. Treatment of renal disease in patients with hypertension and type 2 diabetes mellitus as part of an antihypertensive drug regimen,Treatment of essential hypertension. Treatment of renal disease in patients with hypertension and type 2 diabetes mellitus as part of an antihypertensive drug regimen,"Diseases of the circulatory system; Endocrine, nutritional, and metabolic diseases",06.12.2007,2007,no,NA
hyalograft-c-autograft-withdrawal-assessment-report_en.pdf,Not reported,EMEA/H/C/002657,Hyalograft C autograft,"Characterised viable autologous chondrocytes expanded in vitro, seeded and cultured on a hyaluronan-based scaffold",Anika Therapeutics,Cell and gene therapy,Implants,Intra-articular,withdrawn,withdrawn,Not reported,Not reported,no,no,"Treatment of surgical repair of symptomatic cartilage defects of the femoral condyle (medial, lateral or trochlea), caused by acute or repetitive trauma",NA,Diseases of the musculoskeletal system and connective tissue,Not reported,Not reported,no,NA
ivabradine-accord-epar-public-assessment-report_en.pdf,EMA/263015/2017,EMEA/H/C/004241/0000,Ivabradine Accord,ivabradine,Accord Healthcare Ltd,Small molecule,Film-coated tablet,Oral,approved,authorised,23.03.2017,2017,no,no,Symptomatic treatment of chronic stable angina pectoris; Treatment of chronic heart failure,Symptomatic treatment of chronic stable angina pectoris; Treatment of chronic heart failure,Diseases of the circulatory system,09.11.2015,2015,yes,Not reported
perjeta-epar-public-assessment-report_en.pdf,EMA/17250/2013,EMEA/H/C/002547/0000,Perjeta,Pertuzumab,Roche Registration Ltd.,Biologics,Concentrate for solution for infusion,Intravenous,approved,authorised,13.12.2012,2012,no,no,"HER2-positive metastatic or locally recurrent unresectable breast cancer, who have not received previous anti-HER2 therapy or chemotherapy for their metastatic disease.","HER2-positive metastatic or locally recurrent unresectable breast cancer, who have not received previous anti-HER2 therapy or chemotherapy for their metastatic disease.",Neoplasms,01.12.2011,2011,no,NA
lacosamide-accord-epar-public-assessment-report_en.pdf,EMA/518597/2017,EMEA/H/C/004443/0000,Lacosamide Accord,lacosamide,Accord Healthcare Ltd,Small molecule,film-coated tablet,oral,approved,authorised,20.07.2017,2017,no,yes,monotherapy and adjunctive therapy in the treatment of partial-onset seizures with or without secondary generalisation in adult and adolescent (16-18 years) patients with epilepsy,monotherapy and adjunctive therapy in the treatment of partial-onset seizures with or without secondary generalisation in adult and adolescent (16-18 years) patients with epilepsy,Diseases of the nervous system,09.09.2016,2016,yes,Not reported
yervoy-epar-public-assessment-report_en.pdf,EMA/CHMP/557664/2011,EMEA/H/C/002213,Yervoy,ipilimumab,Bristol-Myers Squibb Pharma EEIG,Biologics,concentrate for solution for infusion,intravenous,approved,authorised,19.05.2011,2011,no,no,treatment of advanced melanoma in adults who have received prior therapy,treatment of advanced melanoma in adults who have received prior therapy,Neoplasms; Diseases of the skin,05.05.2010,2010,no,NA
iclusig-epar-public-assessment-report_en.pdf,EMA/CHMP/220290/2013,EMEA/H/C/002695/0000,Iclusig,ponatinib,ARIAD Pharma Ltd,Small molecule,Film-coated tablet,Oral,approved,authorised,21.03.2013,2013,yes,no,"Iclusig is indicated in adult patients with chronic phase, advanced phase, or blast phase chronic myeloid leukaemia (CML) or Philadelphia chromosome positive acute lymphoblastic leukaemia (Ph+ ALL) who are resistant or intolerant to prior tyrosine kinase inhibitor therapy.","Iclusig is indicated in adult patients with chronic phase, accelerated phase, or blast phase chronic myeloid leukaemia (CML) who are resistant to dasatinib or nilotinib; who are intolerant to dasatinib or nilotinib and for whom subsequent treatment with imatinib is not clinically appropriate; or who have the T315I mutation. Philadelphia chromosome positive acute lymphoblastic leukaemia (Ph+ ALL) who are resistant to dasatinib; who are intolerant to dasatinib and for whom subsequent treatment with imatinib is not clinically appropriate; or who have the T315I mutation.",Neoplasms; Diseases of the blood and blood-forming organs,30.08.2012,2012,no,NA
repaglinide-teva-epar-public-assessment-report_en.pdf,EMA/583070/2009,EMEA/H/C/001067,Repaglinide Teva,Repaglinide,Teva Pharma B.V.,Small molecule,tablet,oral,approved,authorised,23.04.2009,2009,no,no,"Patients with type 2 diabetes (Non Insulin-Dependent Diabetes Mellitus (NIDDM)) whose hyperglycaemia can no longer be controlled satisfactorily by diet, weight reduction and exercise. Repaglinide is also indicated in combination with metformin in type 2 diabetes patients who are not satisfactorily controlled on metformin alone. Treatment should be initiated as an adjunct to diet and exercise to lower the blood glucose in relation to meals.","Patients with type 2 diabetes (Non Insulin-Dependent Diabetes Mellitus (NIDDM)) whose hyperglycaemia can no longer be controlled satisfactorily by diet, weight reduction and exercise. Repaglinide is also indicated in combination with metformin in type 2 diabetes patients who are not satisfactorily controlled on metformin alone. Treatment should be initiated as an adjunct to diet and exercise to lower the blood glucose in relation to meals.","Endocrine, nutritional, and metabolic diseases",03.09.2008,2008,yes,Not reported
rayoqta-withdrawal-assessment-report_en.pdf,EMA/CHMP/279665/2020,EMEA/H/C/005103/0000,Rayoqta,abicipar pegol,Not reported,Biologics,solution for injection,intravitreal,withdrawn,withdrawn,28.05.2020,2020,no,no,treatment of neovascular (wet) age-related macular degeneration (AMD),NA,Diseases of the eye and adnexa,Not reported,Not reported,no,NA
vyndaqel-epar-public-assessment-report_en.pdf,EMA/729083/2011,EMEA/H/C/002294,Vyndaqel,tafamidis meglumine,Pfizer Specialty UK Limited,Small molecule,soft gelatin capsule,oral,approved,authorised,21.07.2011,2011,yes,no,oral treatment of transthyretin amyloidosis in adult patients with symptomatic polyneuropathy,Treatment of familial amyloid polyneuropathy,Diseases of the nervous system,28.07.2010,2010,no,NA
fotivda-epar-public-assessment-report_en.pdf,EMA/CHMP/437168/2017,EMEA/H/C/004131/0000,Fotivda,tivozanib,EUSA PHARMA,Small molecule,hard capsules,oral,approved,authorised,22.06.2017,2017,no,no,Treatment of adult patients with advanced renal cell carcinoma (RCC) who are VEGFR pathway inhibitor-naïve and are either untreated or who have failed prior therapy with interferon-alpha (IFN-α) or interleukin-2 (IL-2).,Treatment of adult patients with advanced renal cell carcinoma (RCC) who are VEGFR pathway inhibitor-naïve and are either untreated or who have failed prior therapy with interferon-alpha (IFN-α) or interleukin-2 (IL-2).,Neoplasms; Diseases of the genitourinary system,29.02.2016,2016,no,NA
lojuxta-epar-public-assessment-report_en.pdf,EMA/CHMP/274464/2013,EMEA/H/C/002578/0000,Lojuxta,Lomitapide,Aegerion Pharmaceuticals,Small molecule,hard capsules,oral,approved,authorised,30.05.2013,2013,no,no,"Lomitapide Aegerion is indicated as an adjunct to a low-fat diet and other lipid-lowering drugs with or without LDL apheresis to reduce low-density lipoprotein cholesterol (LDL-C), total cholesterol (TC), apolipoprotein B (apo B) and triglycerides (TG) in patients with homozygous familial hypercholesterolemia (HoFH).",Lojuxta is indicated as an adjunct to a low-fat diet and other lipid-lowering medicinal products with or without low density lipoprotein (LDL) apheresis in adult patients with homozygous familial hypercholesterolaemia (HoFH).,"Endocrine, nutritional, and metabolic diseases",01.03.2012,2012,no,NA
raylumis-epar-refusal-public-assessment-report_en.pdf,EMA/556162/2021,EMEA/H/C/005189/0000,Raylumis,tanezumab,Pfizer Europe MA EEIG,Biologics,solution for injection,subcutaneous,refused,withdrawn,16.09.2021,2021,no,no,"treatment of moderate to severe chronic pain associated with osteoarthritis (OA) in adult patients for whom treatment with non-steroidal anti-inflammatory drugs (NSAIDs) and/or an opioid is ineffective, not tolerated or inappropriate",NA,Diseases of the musculoskeletal system and connective tissue,05.03.2020,2020,no,NA
byooviz-epar-public-assessment-report_en.pdf,EMA/446448/2021,EMEA/H/C/005545/0000,Byooviz,ranibizumab,Samsung Bioepis NL B.V.,Biologics,solution for injection,intravitreal,approved,authorised,24.06.2021,2021,no,no,The treatment of neovascular (wet) age-related macular degeneration (AMD); The treatment of visual impairment due to diabetic macular oedema (DME); The treatment of proliferative diabetic retinopathy (PDR); The treatment of visual impairment due to macular oedema secondary to retinal vein occlusion (branch RVO or central RVO); The treatment of visual impairment due to choroidal neovascularisation (CNV),The treatment of neovascular (wet) age-related macular degeneration (AMD); The treatment of visual impairment due to diabetic macular oedema (DME); The treatment of proliferative diabetic retinopathy (PDR); The treatment of visual impairment due to macular oedema secondary to retinal vein occlusion (branch RVO or central RVO); The treatment of visual impairment due to choroidal neovascularisation (CNV),Diseases of the eye and adnexa,10.09.2020,2020,no,NA
seebri-breezhaler-epar-public-assessment-report_en.pdf,EMA/CHMP/508029/2012,EMEA/H/C/002430,Seebri Breezhaler,glycopyrronium bromide,Novartis Europharm Ltd.,Small molecule,inhalation powder,inhalation,approved,authorised,21.06.2012,2012,no,no,once daily maintenance bronchodilator treatment to relieve symptoms of patients with chronic obstructive pulmonary disease (COPD),maintenance bronchodilator treatment to relieve symptoms in adult patients with chronic obstructive pulmonary disease (COPD),Diseases of the respiratory system,01.09.2011,2011,no,NA
jakavi-epar-public-assessment-report_en.pdf,EMA/465846/2012,EMEA/H/C/002464,Jakavi,ruxolitinib,Novartis Europharm Ltd.,Small molecule,Tablet,Oral,approved,authorised,19.04.2012,2012,yes,no,"treatment of adult patients with myelofibrosis, including primary myelofibrosis (also known as chronic idiopathic myelofibrosis), post-polycythaemia vera myelofibrosis or post essential thrombocythaemia myelofibrosis","treatment of disease-related splenomegaly or symptoms in adult patients with primary myelofibrosis (also known as chronic idiopathic myelofibrosis), post polycythaemia vera myelofibrosis or post essential thrombocythaemia myelofibrosis",Diseases of the blood and blood-forming organs,01.06.2011,2011,no,NA
zelboraf-epar-public-assessment-report_en.pdf,EMA/200986/2012,EMEA/H/C/002409,Zelboraf,vemurafenib,Roche Registration Ltd.,Small molecule,Film-coated tablet,Oral,approved,authorised,15.12.2011,2011,no,no,treatment of BRAF V600 mutation-positive unresectable or metastatic melanoma,treatment of BRAF V600 mutation-positive unresectable or metastatic melanoma,Neoplasms,04.05.2011,2011,no,NA
macimorelin-aeterna-zentaris-epar-public-assessment-report_en.pdf,EMA/CHMP/845216/2018,EMEA/H/C/004660/0000,Macimorelin Aeterna Zentaris,macimorelin,Aeterna Zentaris GmbH,Small molecule,granules for oral suspension,oral,approved,authorised,15.11.2018,2018,no,no,Adult growth hormone deficiency (AGHD),diagnosis of growth hormone deficiency (GHD) in adults,"Endocrine, nutritional, and metabolic diseases",26.10.2017,2017,no,NA
trudexa-epar-scientific-discussion_en.pdf,Not reported,Not reported,Trudexa,Adalimumab,Not reported,Biologics,solution for injection,subcutaneous,withdrawn,withdrawn,Not reported,Not reported,no,no,"treatment of moderate to severe, active rheumatoid arthritis in adult patients when the response to disease-modifying anti-rheumatic drugs including methotrexate has been inadequate",NA,Diseases of the musculoskeletal system and connective tissue,Not reported,Not reported,no,NA
lyfnua-epar-public-assessment-report_en.pdf,EMA/357321/2023,EMEA/H/C/005476/0000,Lyfnua,gefapixant,Merck Sharp & Dohme B.V.,Small molecule,tablet,oral,approved,authorised,20.07.2023,2023,no,no,Lyfnua is indicated in adults for the treatment of refractory or unexplained chronic cough.,Lyfnua is indicated in adults for the treatment of refractory or unexplained chronic cough.,Diseases of the respiratory system,02.02.2021,2021,no,NA
zafiride-withdrawal-assessment-report_en.pdf,EMA/353057/2017,EMEA/H/C/004455/0000,Zafiride,NGR-hTNF,Not reported,Peptides and proteins,Sterile concentrate for solution for infusion,Intravenous,withdrawn,withdrawn,21.04.2017,2017,yes,no,Treatment of adult patients with advanced malignant pleural mesothelioma who have progressed within six months after a first-line pemetrexed-based therapy,NA,Neoplasms; Diseases of the respiratory system,Not reported,Not reported,no,NA
oxbryta-epar-public-assessment-report_en.pdf,EMA/102184/2022,EMEA/H/C/004869/0000,Oxbryta,voxelotor,Global Blood Therapeutics Netherlands B.V.,Small molecule,film-coated tablet,oral,approved,authorised,16.12.2021,2021,yes,no,Treatment of haemolytic anaemia in adults and paediatric patients 12 years of age and older with sickle cell disease (SCD).,Treatment of haemolytic anaemia due to sickle cell disease (SCD) in adults and paediatric patients 12 years of age and older as monotherapy or in combination with hydroxycarbamide.,Diseases of the blood and blood-forming organs,23.12.2020,2020,no,NA
nexviadyme-epar-public-assessment-report_en.pdf,EMA/708926/2021,EMEA/H/C/005501/0000,Nexviadyme,avalglucosidase alfa,Genzyme Europe BV,Biologics,Powder for concentrate for solution for infusion,Intravenous,approved,authorised,11.11.2021,2021,yes,no,Long-term enzyme replacement therapy for the treatment of patients with Pompe disease (acid α-glucosidase deficiency).,Long-term enzyme replacement therapy for the treatment of patients with Pompe disease (acid α-glucosidase deficiency).,"Endocrine, nutritional, and metabolic diseases; Diseases of the musculoskeletal system and connective tissue",11.09.2020,2020,no,NA
entacapone-teva-epar-public-assessment-report_en.pdf,EMA/52316/2011,EMEA/H/C/002075,Entacapone Teva,entacapone,Teva Pharma B.V.,Small molecule,film-coated tablet,oral,approved,authorised,18.02.2011,2011,no,no,"as an adjunct to standard preparations of levodopa/benserazide or levodopa/carbidopa for use in adult patients with Parkinson’s disease and end-of-dose motor fluctuations, who cannot be stabilised on those combinations","as an adjunct to standard preparations of levodopa/benserazide or levodopa/carbidopa for use in adult patients with Parkinson’s disease and end-of-dose motor fluctuations, who cannot be stabilised on those combinations",Diseases of the nervous system,06.05.2010,2010,yes,NA
zenhale-withdrawal-assessment-report_en.pdf,EMA/25158/2011,EMEA/H/C/001217,Zenhale,Mometasone Furoate / Formoterol Fumarate,Not reported,Other,metered dose inhaler,inhalation,withdrawn,withdrawn,Not reported,Not reported,no,no,"maintenance treatment of asthma, including reduction of asthma exacerbations, in adults and adolescents 12 years of age and older",NA,Diseases of the respiratory system,Not reported,Not reported,no,NA
efavirenzemtricitabinetenofovir-disoproxil-zentiva-epar-public-assessment-report_en.pdf,EMA/454542/2017,EMEA/H/C/004250/0000,Efavirenz/Emtricitabine/Tenofovir disoproxil Zentiva,efavirenz / emtricitabine / tenofovir disoproxil,Zentiva k.s.,Small molecule,Film-coated tablet,Oral,approved,authorised,18.05.2017,2017,no,no,Treatment of human immunodeficiency virus-1 (HIV-1) infection in adults aged 18 years and over with virologic suppression to HIV-1 RNA levels of < 50 copies/ml on their current combination antiretroviral therapy for more than three months.,Treatment of human immunodeficiency virus-1 (HIV-1) infection in adults aged 18 years and over with virologic suppression to HIV-1 RNA levels of < 50 copies/ml on their current combination antiretroviral therapy for more than three months.,Infectious and parasitic diseases,08.06.2016,2016,yes,Not reported
clopidogrel-qualimed-epar-public-assessment-report_en.pdf,Not reported,EMEA/H/C/001135,Clopidogrel Qualimed,clopidogrel,Qualimed,Small molecule,film-coated tablet,oral,approved,withdrawn,25.06.2009,2009,no,no,"Prevention of atherothrombotic events in patients suffering from myocardial infarction, ischaemic stroke, or established peripheral arterial disease.","Prevention of atherothrombotic events in patients suffering from myocardial infarction, ischaemic stroke, or established peripheral arterial disease.",Diseases of the circulatory system,20.02.2009,2009,no,NA
kavigale-epar-public-assessment-report_en.pdf,EMA/8692/2025,EMEA/H/C/006291/0000,Kavigale,sipavibart,AstraZeneca AB,Biologics,"sterile, preservative-free, liquid dosage form",intramuscular; intravenous,approved,authorised,12.12.2024,2024,no,no,pre-exposure prophylaxis of COVID-19 in adults and adolescents 12 years of age and older weighing at least 40 kg who are immunocompromised or for whom COVID-19 vaccination is not recommended,pre-exposure prophylaxis of COVID-19 in adults and adolescents 12 years of age and older weighing at least 40 kg who are immunocompromised or for whom COVID-19 vaccination is not recommended,Infectious and parasitic diseases,01.06.2024,2024,no,NA
strensiq-epar-public-assessment-report_en.pdf,EMA/383178/2015,EMEA/H/C/003794/0000,Strensiq,asfotase alfa,Alexion Europe SAS,Biologics,solution for injection,subcutaneous,approved,authorised,25.06.2015,2015,yes,no,long-term enzyme replacement therapy in patients with paediatric-onset hypophosphatasia,long-term enzyme replacement therapy in patients with paediatric-onset hypophosphatasia,"Endocrine, nutritional, and metabolic diseases",01.06.2014,2014,no,NA
bekemv-epar-public-assessment-report_en.pdf,EMA/114622/2023,EMEA/H/C/005652/0000,Bekemv,eculizumab,Amgen Technology (Ireland) Unlimited Company,Biologics,concentrate for solution for infusion,intravenous,approved,authorised,23.02.2023,2023,no,no,treatment of paroxysmal nocturnal haemoglobinuria (PNH),treatment of paroxysmal nocturnal haemoglobinuria (PNH),Diseases of the blood and blood-forming organs,03.03.2022,2022,no,NA
comtess-epar-scientific-discussion_en.pdf,Not reported,Not reported,Comtess,Entacapone,Not reported,Small molecule,film coated tablets,oral,approved,authorised,Not reported,Not reported,no,no,"Adjunct to standard preparations of levodopa/benserazide or levodopa/carbidopa for use in patients with Parkinson’s disease and end-of-dose motor fluctuations, who cannot be stabilised on those combinations.","Adjunct to standard preparations of levodopa/benserazide or levodopa/carbidopa for use in patients with Parkinson’s disease and end-of-dose motor fluctuations, who cannot be stabilised on those combinations.",Diseases of the nervous system,Not reported,Not reported,no,NA
budesonideformoterol-teva-epar-public-assessment-report_en.pdf,EMA/CHMP/707207/2014,EMEA/H/C/003951,Budesonide/Formoterol Teva,budesonide / formoterol,Teva Pharma B.V.,Small molecule,Inhalation powder,Inhalation,withdrawn,withdrawn,25.09.2014,2014,no,no,Asthma and COPD treatment,NA,Diseases of the respiratory system,05.03.2014,2014,yes,NA
incivo-epar-public-assessment-report_en.pdf,EMA/CHMP/475470/2011,EMEA/H/C/002313,INCIVO,telaprevir,Janssen-Cilag International N.V.,Small molecule,Film-coated tablet,Oral,withdrawn,withdrawn,21.07.2011,2011,no,no,Treatment of genotype 1 chronic hepatitis C in adult patients with compensated liver disease (including cirrhosis),NA,Infectious and parasitic diseases,16.12.2010,2010,no,NA
pylclari-epar-public-assessment-report_en.pdf,EMA/CHMP/279917/2023,EMEA/H/C/005520/0000,Pylclari,piflufolastat (18F),Curium Pet France,Small molecule,Solution for injection,Intravenous,approved,authorised,25.05.2023,2023,no,no,Imaging in patients undergoing oncologic diagnostic procedures describing function or diseases when increased expression of prostate specific membrane antigen is a diagnostic target.,Detection of prostate-specific membrane antigen (PSMA) positive lesions with positron emission tomography (PET) in adults with prostate cancer (PCa) in specific clinical settings.,Neoplasms,24.06.2022,2022,no,NA
duzallo-epar-public-assessment-report_en.pdf,EMA/474026/2018,EMEA/H/C/004412/0000,Duzallo,allopurinol / lesinurad,Grünenthal GmbH,Small molecule,film-coated tablets,oral,approved,withdrawn,28.06.2018,2018,no,no,treatment of hyperuricaemia in gout patients who have not achieved target serum uric acid levels with an adequate dose of allopurinol alone,treatment of hyperuricaemia in gout patients who have not achieved target serum uric acid levels with an adequate dose of allopurinol alone,"Endocrine, nutritional, and metabolic diseases",23.06.2017,2017,no,NA
novomix-epar-scientific-discussion_en.pdf,Not reported,Not reported,NovoMix 30,insulin aspart,Novo Nordisk A/S,Peptides and proteins,cartridges and pre-filled syringes,subcutaneous,approved,authorised,Not reported,Not reported,no,no,treatment of patients with diabetes mellitus,treatment of patients with diabetes mellitus,"Endocrine, nutritional, and metabolic diseases",Not reported,Not reported,yes,Not reported
pirfenidone-viatris-epar-public-assessment-report_en.pdf,EMA/907420/2022,EMEA/H/C/005862/0000,Pirfenidone Viatris,pirfenidone,Viatris Limited,Small molecule,film-coated tablets,oral,approved,authorised,10.11.2022,2022,no,no,Pirfenidone Viatris is indicated in adults for the treatment of mild to moderate idiopathic pulmonary fibrosis (IPF).,Pirfenidone Viatris is indicated in adults for the treatment of mild to moderate idiopathic pulmonary fibrosis (IPF).,Diseases of the respiratory system,10.09.2021,2021,yes,Not reported
sapropterin-dipharma-epar-public-assessment-report_en.pdf,EMA/2232/2022,EMEA/H/C/005646/0000,Sapropterin Dipharma,sapropterin,Dipharma B.V.,Small molecule,Powder for oral solution; Soluble tablet,Oral,approved,authorised,16.12.2021,2021,no,no,Treatment of hyperphenylalaninaemia (HPA) in adults and paediatric patients of all ages with phenylketonuria (PKU) and tetrahydrobiopterin (BH4) deficiency who have been shown to be responsive to such treatment.,Treatment of hyperphenylalaninaemia (HPA) in adults and paediatric patients of all ages with phenylketonuria (PKU) and tetrahydrobiopterin (BH4) deficiency who have been shown to be responsive to such treatment.,"Endocrine, nutritional, and metabolic diseases",04.01.2021,2021,yes,Not reported
olanzapine-apotex-epar-public-assessment-report_en.pdf,Not reported,EMEA/H/C/001178,Olanzapine Apotex,olanzapine,Apotex,Small molecule,film-coated tablets; orodispersible tablets,oral,approved,authorised,18.03.2010,2010,no,no,treatment of schizophrenia; treatment of moderate to severe manic episode; prevention of recurrence in patients with bipolar disorder,treatment of schizophrenia; treatment of moderate to severe manic episode; prevention of recurrence in patients with bipolar disorder,Mental and behavioural disorders,06.05.2009,2009,yes,Not reported
withdrawal-assessment-report-bosatria_en.pdf,Not reported,EMEA/H/C/1069,Bosatria,Mepolizumab,GlaxoSmithKline,Biologics,Lyophilised powder for infusion,Intravenous,withdrawn,withdrawn,23.07.2009,2009,yes,no,Treatment of adult patients with hypereosinophilic syndrome (HES) without the FIP1L1-PDGFR fusion gene to reduce or eliminate the need for corticosteroid therapy and to reduce blood eosinophil count.,NA,Diseases of the blood and blood-forming organs; Diseases of the circulatory system; Diseases of the skin; Diseases of the respiratory system; Diseases of the nervous system; Diseases of the digestive system; Diseases of the genitourinary system,Not reported,Not reported,no,NA
mabthera-epar-scientific-discussion_en.pdf,Not reported,Not reported,MabThera,rituximab,Not reported,Biologics,liquid concentrate for intravenous (IV) administration,intravenous,approved,authorised,18.10.2001,2001,no,yes,treatment of patients with CD20 positive diffuse large B-cell non-Hodgkin’s lymphoma in combination with CHOP chemotherapy,treatment of patients with CD20 positive diffuse large B-cell non-Hodgkin’s lymphoma in combination with CHOP chemotherapy,Neoplasms; Diseases of the blood and blood-forming organs,Not reported,Not reported,no,NA
enhertu-epar-public-assessment-report_en.pdf,EMA/2446/2021,EMEA/H/C/005124/0000,Enhertu,trastuzumab deruxtecan,Daiichi Sankyo Europe GmbH,Antibody-drug conjugate,powder for concentrate for solution for infusion,intravenous,approved,authorised,10.12.2020,2020,no,no,Enhertu as monotherapy is indicated for the treatment of adult patients with unresectable or metastatic HER2 positive breast cancer who have received two or more prior anti HER2 based regimens.,Enhertu as monotherapy is indicated for the treatment of adult patients with unresectable or metastatic HER2 positive breast cancer who have received two or more prior anti HER2 based regimens.,Neoplasms,22.05.2020,2020,no,NA
ranexa-epar-public-assessment-report_en.pdf,Not reported,EMEA/H/C/805,Latixa,ranolazine,CV Therapeutics Europe Limited,Small molecule,film-coated prolonged-release tablets,oral,approved,authorised,24.04.2008,2008,no,no,add-on therapy for the symptomatic treatment of patients with stable angina pectoris who are inadequately controlled or intolerant to first line antianginal therapies,add-on therapy for the symptomatic treatment of patients with stable angina pectoris who are inadequately controlled or intolerant to first-line antianginal therapies,Diseases of the circulatory system,27.11.2006,2006,no,NA
enspryng-epar-public-assessment-report_en.pdf,EMA/265568/2021,EMEA/H/C/004788/0000,Enspryng,satralizumab,Roche Registration GmbH,Biologics,solution for subcutaneous injection,subcutaneous,approved,authorised,22.04.2021,2021,yes,no,As a monotherapy or in combination with immunosuppressive therapy (IST) for the treatment of adult and adolescent patients from 12 years of age with neuromyelitis optica spectrum disorders (NMOSD).,As a monotherapy or in combination with immunosuppressive therapy (IST) for the treatment of neuromyelitis optica spectrum disorders (NMOSD) in adult and adolescent patients from 12 years of age who are anti-aquaporin-4 IgG (AQP4-IgG) seropositive.,Diseases of the nervous system,20.08.2019,2019,no,NA
awiqli-epar-public-assessment-report_en.pdf,EMA/146690/2024,EMEA/H/C/005978/0000,Awiqli,Insulin icodec,Novo Nordisk A/S,Peptides and proteins,solution for injection,subcutaneous,approved,authorised,21.03.2024,2024,no,no,Treatment of diabetes mellitus in adults,Treatment of diabetes mellitus in adults,"Endocrine, nutritional, and metabolic diseases",04.04.2023,2023,no,NA
travatan-epar-scientific-discussion_en.pdf,Not reported,Not reported,Travatan,Travoprost,Not reported,Small molecule,Eye drops,Ocular,approved,authorised,Not reported,Not reported,no,yes,Decrease of elevated intraocular pressure in patients with ocular hypertension or open-angle glaucoma.,Decrease of elevated intraocular pressure in patients with ocular hypertension or open-angle glaucoma.,Diseases of the eye and adnexa,Not reported,Not reported,no,NA
zerit-epar-scientific-discussion_en.pdf,Not reported,Not reported,Zerit,stavudine,Not reported,Small molecule,capsule; powder for oral solution,oral,withdrawn,withdrawn,Not reported,Not reported,no,no,treatment of HIV infected patients in whom zidovudine is not or is no longer appropriate,NA,Infectious and parasitic diseases,Not reported,Not reported,yes,NA
nuvaxovid-epar-public-assessment-report_en.pdf,EMA/783213/2021,EMEA/H/C/005808/0000,Nuvaxovid,"COVID-19 Vaccine (recombinant, adjuvanted)","Novavax CZ, a.s.",Vaccine,dispersion for injection,intramuscular,approved,authorised,04.01.2022,2022,no,no,Nuvaxovid is indicated for active immunisation to prevent COVID-19 caused by SARS-CoV-2 in individuals 18 years of age and older.,Nuvaxovid is indicated for active immunisation to prevent COVID-19 caused by SARS-CoV-2 in individuals 18 years of age and older.,Infectious and parasitic diseases,16.11.2021,2021,no,NA
evotaz-epar-public-assessment-report_en.pdf,EMA/517796/2015,EMEA/H/C/003904/0000,EVOTAZ,atazanavir / cobicistat,Bristol-Myers Squibb Pharma EEIG,Small molecule,film-coated tablet,oral,approved,authorised,21.05.2015,2015,no,no,treatment of HIV-1 infected adults aged 18 years and older in combination with other antiretroviral medicinal products,treatment of HIV-1 infected adults aged 18 years and older in combination with other antiretroviral medicinal products,Infectious and parasitic diseases,03.07.2014,2014,no,NA
tasigna-epar-scientific-discussion_en.pdf,EMA/000000/2007,EMEA/H/C/000000,Tasigna,Nilotinib,Novartis,Small molecule,hard capsules,oral,approved,authorised,Not reported,2007,yes,no,Treatment of adults with chronic and accelerated phase Philadelphia chromosome positive chronic myelogenous leukaemia (CML) with resistance or intolerance to prior therapy including imatinib.,Treatment of adults with chronic and accelerated phase Philadelphia chromosome positive chronic myelogenous leukaemia (CML) with resistance or intolerance to prior therapy including imatinib.,Neoplasms; Diseases of the blood and blood-forming organs,Not reported,Not reported,no,NA
topotecan-actavis-epar-public-assessment-report_en.pdf,Not reported,EMEA/H/C/001031,Topotecan Actavis,topotecan,Actavis Group PTC ehf,Small molecule,powder for concentrate for solution for infusion,intravenous,approved,withdrawn,29.05.2009,2009,no,no,treatment of patients with relapsed small cell lung cancer (SCLC) and carcinoma of the cervix recurrent after radiotherapy and for patients with Stage IVB disease,treatment of patients with relapsed small cell lung cancer (SCLC) and carcinoma of the cervix recurrent after radiotherapy and for patients with Stage IVB disease,Neoplasms; Diseases of the respiratory system,04.06.2008,2008,yes,Not reported
cystadane-epar-scientific-discussion_en.pdf,Not reported,Not reported,Cystadane,Betaine anhydrous,Orphan Europe,Small molecule,Oral powder,Oral,approved,authorised,Not reported,Not reported,yes,no,Treatment of homocystinuria,Treatment of homocystinuria,"Endocrine, nutritional, and metabolic diseases",Not reported,Not reported,no,NA
sitagliptin-sun-epar-public-assessment-report_en.pdf,EMA/611380/2021,EMEA/H/C/005741/0000,Sitagliptin SUN,sitagliptin fumarate,Sun Pharmaceutical Industries Europe B.V.,Small molecule,film-coated tablet,oral,approved,authorised,14.10.2021,2021,no,no,"For adult patients with type 2 diabetes mellitus, Sitagliptin SUN is indicated to improve glycaemic control as monotherapy, as dual oral therapy in combination with metformin, a sulphonylurea, or a PPARγ agonist, as triple oral therapy in combination with a sulphonylurea and metformin or a PPARγ agonist and metformin, and as add-on to insulin (with or without metformin).","For adult patients with type 2 diabetes mellitus, Sitagliptin SUN is indicated to improve glycaemic control as monotherapy, as dual oral therapy in combination with metformin, a sulphonylurea, or a PPARγ agonist, as triple oral therapy in combination with a sulphonylurea and metformin or a PPARγ agonist and metformin, and as add-on to insulin (with or without metformin).","Endocrine, nutritional, and metabolic diseases",09.11.2020,2020,yes,NA
emtricitabinetenofovir-disoproxil-zentiva-epar-public-assessment-report_en.pdf,EMA/650230/2016,EMEA/H/C/004137/0000,Emtricitabine/ Tenofovir disoproxil Zentiva,emtricitabine / tenofovir disoproxil,Zentiva k.s.,Small molecule,film-coated tablet,oral,approved,authorised,15.09.2016,2016,no,no,antiretroviral combination therapy for the treatment of HIV-1 infected adults aged 18 years and over,antiretroviral combination therapy for the treatment of HIV-1 infected adults,Infectious and parasitic diseases,07.10.2015,2015,yes,Not reported
selincro-epar-public-assessment-report_en.pdf,EMA/78844/2013,EMEA/H/C/002583/0000,Selincro,Nalmefene,H. Lundbeck A/S,Small molecule,film-coated tablet,oral,approved,authorised,13.12.2012,2012,no,no,reduction of alcohol consumption in patients with alcohol dependence,"reduction of alcohol consumption in adult patients with alcohol dependence who have a high drinking risk level, without physical withdrawal symptoms and who do not require immediate detoxification",Mental and behavioural disorders,25.11.2011,2011,no,NA
temozolomide-teva-epar-public-assessment-report_en.pdf,EMA/50915/2010,EMEA/H/C/001126,Temozolomide Teva,temozolomide,Teva Pharma B.V.,Small molecule,hard capsules,oral,approved,authorised,28.01.2010,2010,no,no,"treatment of adult patients with newly-diagnosed glioblastoma multiforme concomitantly with radiotherapy (RT) and subsequently as monotherapy treatment; treatment of children from the age of three years, adolescents and adult patients with malignant glioma, such as glioblastoma multiforme or anaplastic astrocytoma, showing recurrence or progression after standard therapy","treatment of adult patients with newly-diagnosed glioblastoma multiforme concomitantly with radiotherapy (RT) and subsequently as monotherapy treatment; treatment of children from the age of three years, adolescents and adult patients with malignant glioma, such as glioblastoma multiforme or anaplastic astrocytoma, showing recurrence or progression after standard therapy",Neoplasms; Diseases of the nervous system,28.01.2009,2009,yes,Not reported
lenalidomide-krka-dd-novo-mesto-epar-public-assessment-report_en.pdf,EMA/CHMP/3824/2021,EMEA/H/C/005348/0000,Lenalidomide Krka d.d. Novo mesto,lenalidomide,Krka d.d. Novo mesto,Small molecule,"Capsule, hard",Oral,approved,authorised,10.12.2020,2020,no,no,Multiple myeloma; Myelodysplastic syndromes; Mantle cell lymphoma; Follicular lymphoma,Multiple myeloma; Myelodysplastic syndromes; Mantle cell lymphoma; Follicular lymphoma,Neoplasms; Diseases of the blood and blood-forming organs,13.01.2020,2020,yes,Not reported
infanrix-hexa-epar-scientific-discussion_en.pdf,Not reported,Not reported,Infanrix Hexa,Not reported,SB Biologicals,Vaccine,Suspension for injection,Intramuscular,approved,authorised,Not reported,Not reported,no,no,"Primary and booster vaccination of infants against diphtheria, tetanus, pertussis, hepatitis B, poliomyelitis and disease caused by Haemophilus influenzae type b","Primary and booster vaccination of infants against diphtheria, tetanus, pertussis, hepatitis B, poliomyelitis and disease caused by Haemophilus influenzae type b",Infectious and parasitic diseases,Not reported,Not reported,no,NA
neocepri-withdrawal-assessment-report_en.pdf,Not reported,EMEA/H/C/002773/0000,Neocepri,folic acid,"Endocyte Europe, B.V.",Small molecule,solution for injection,intravenous,withdrawn,withdrawn,20.03.2014,2014,yes,no,"This medical product is for diagnostic use only. Neocepri is administered prior to Folcepri, a folate receptor (FR) targeted radiodiagnostic imaging agent. Neocepri is indicated for the enhancement of Folcepri single photon emission computed tomography (SPECT) image quality.",NA,Neoplasms,26.10.2012,2012,yes,Not reported
sepioglin-epar-public-assessment-report_en.pdf,EMA/207581/2012,EMEA/H/C/002021,Sepioglin,pioglitazone,Vaia S.A.,Small molecule,tablet,oral,approved,withdrawn,19.01.2012,2012,no,no,"Pioglitazone is indicated as second or third line treatment of type 2 diabetes mellitus as described below: as monotherapy in adult patients (particularly overweight patients) inadequately controlled by diet and exercise for whom metformin is inappropriate because of contraindications or intolerance, as dual oral therapy in combination with metformin, in adult patients (particularly overweight patients) with insufficient glycaemic control despite maximal tolerated dose of monotherapy with metformin, a sulphonylurea, only in adult patients who show intolerance to metformin or for whom metformin is contraindicated, with insufficient glycaemic control despite maximal tolerated dose of monotherapy with a sulphonylurea, as triple oral therapy in combination with metformin and a sulphonylurea, in adult patients (particularly overweight patients) with insufficient glycaemic control despite dual oral therapy. Pioglitazone is also indicated for combination with insulin in type 2 diabetes mellitus adult patients with insufficient glycaemic control on insulin for whom metformin is inappropriate because of contraindications or intolerance.","Pioglitazone is indicated as second or third line treatment of type 2 diabetes mellitus as described below: as monotherapy in adult patients (particularly overweight patients) inadequately controlled by diet and exercise for whom metformin is inappropriate because of contraindications or intolerance, as dual oral therapy in combination with metformin, in adult patients (particularly overweight patients) with insufficient glycaemic control despite maximal tolerated dose of monotherapy with metformin, a sulphonylurea, only in adult patients who show intolerance to metformin or for whom metformin is contraindicated, with insufficient glycaemic control despite maximal tolerated dose of monotherapy with a sulphonylurea, as triple oral therapy in combination with metformin and a sulphonylurea, in adult patients (particularly overweight patients) with insufficient glycaemic control despite dual oral therapy. Pioglitazone is also indicated for combination with insulin in type 2 diabetes mellitus adult patients with insufficient glycaemic control on insulin for whom metformin is inappropriate because of contraindications or intolerance.","Endocrine, nutritional, and metabolic diseases",26.10.2010,2010,yes,Not reported
imjudo-epar-public-assessment-report_en.pdf,EMA/CHMP/17771/2023,EMEA/H/C/006016/0000,Imjudo,tremelimumab,AstraZeneca AB,Biologics,Concentrate for solution for infusion,Intravenous,approved,authorised,15.12.2022,2022,no,no,First line treatment of adults with advanced or unresectable hepatocellular carcinoma (HCC) in combination with durvalumab,First line treatment of adults with advanced or unresectable hepatocellular carcinoma (HCC) in combination with durvalumab,Neoplasms; Diseases of the liver,04.03.2022,2022,no,NA
pravafenix-epar-public-assessment-report_en.pdf,EMA/333119/2011,EMEA/H/C/001243,Pravafenix,fenofibrate / pravastatin,Laboratoires SMB S.A.,Small molecule,hard capsules,oral,approved,authorised,20.01.2011,2011,no,no,Pravafenix is indicated for the treatment of mixed dyslipidaemia in high coronary heart disease risk patients.,Pravafenix is indicated for the treatment of high CHD-risk adult patients with mixed dyslipidaemia characterised by high triglycerides and low HDL-cholesterol levels whose LDL-C levels are adequately controlled while on a treatment with pravastatin 40 mg monotherapy.,"Diseases of the circulatory system; Endocrine, nutritional, and metabolic diseases",29.10.2009,2009,no,NA
azopt-epar-scientific-discussion_en.pdf,EMA/000309/2000,EMEA/H/C/000309,Azopt,Brinzolamide,Alcon Laboratories (UK) Ltd,Small molecule,Suspension,Ocular,approved,authorised,01.11.2000,2000,no,no,Decrease elevated intraocular pressure in ocular hypertension and open-angle glaucoma,Decrease elevated intraocular pressure in ocular hypertension and open-angle glaucoma,Diseases of the eye and adnexa,Not reported,Not reported,no,NA
pegintron-epar-scientific-discussion_en.pdf,Not reported,Not reported,PegIntron,peginterferon alfa-2b,Not reported,Peptides and proteins,lyophilized powder for solution for injection,subcutaneous,approved,withdrawn,Not reported,Not reported,no,yes,Treatment of adult patients with histologically proven chronic hepatitis C who have elevated transaminases without liver decompensation and who are positive for serum HCV-RNA or anti-HCV.,Treatment of adult patients with histologically proven chronic hepatitis C who have elevated transaminases without liver decompensation and who are positive for serum HCV-RNA or anti-HCV.,Infectious and parasitic diseases,Not reported,Not reported,no,NA
lumykras-epar-public-assessment-report_en.pdf,EMA/706135/2021,EMEA/H/C/005522/0000,Lumykras,sotorasib,Amgen Europe B.V.,Small molecule,film-coated tablet,oral,approved,authorised,11.11.2021,2021,no,no,Lumakras is indicated as monotherapy for the treatment of adult patients with previously treated KRAS G12C mutated locally advanced or metastatic non-small cell lung cancer (NSCLC).,Lumykras as monotherapy is indicated for the treatment of adults with advanced non-small cell lung cancer (NSCLC) with KRAS G12C mutation and who have progressed after at least one prior line of systemic therapy.,Neoplasms; Diseases of the respiratory system,18.12.2020,2020,no,NA
jentadueto-epar-public-assessment-report_en.pdf,EMA/002279/2012,EMEA/H/C/002279,Jentadueto,linagliptin / metformin hydrochloride,Boehringer Ingelheim International GmbH,Small molecule,film-coated tablet,oral,approved,authorised,24.05.2012,2012,no,no,For patients with type 2 diabetes mellitus: Jentadueto is indicated as an adjunct to diet and exercise to improve glycaemic control in adult patients inadequately controlled on their maximal tolerated dose of metformin alone or those already being treated with the combination of linagliptin and metformin.,For patients with type 2 diabetes mellitus: Jentadueto is indicated as an adjunct to diet and exercise to improve glycaemic control in adult patients inadequately controlled on their maximal tolerated dose of metformin alone or those already being treated with the combination of linagliptin and metformin.,"Endocrine, nutritional, and metabolic diseases",29.06.2011,2011,no,NA
tidhesco-withdrawal-assessment-report_en.pdf,EMA/173663/2023,EMEA/H/C/006174/0000,Tidhesco,ivosidenib,Les Laboratoires Servier,Small molecule,film coated tablets,oral,approved,authorised,23.02.2023,2023,yes,no,Tidhesco in combination with azacitidine is indicated for the treatment of adult patients with newly diagnosed acute myeloid leukaemia (AML) with an isocitrate dehydrogenase-1 (IDH1) mutation who are not eligible to receive intensive induction chemotherapy.,Tidhesco in combination with azacitidine is indicated for the treatment of adult patients with newly diagnosed acute myeloid leukaemia (AML) with an isocitrate dehydrogenase-1 (IDH1) R132 mutation who are not eligible to receive standard induction chemotherapy.,Neoplasms; Diseases of the blood and blood-forming organs,24.06.2022,2022,no,NA
ontruzant-epar-public-assessment-report_en.pdf,EMA/CHMP/9855/2018,EMEA/H/C/004323/0000,Ontruzant,trastuzumab,Samsung Bioepis UK Limited,Biologics,powder for concentrate for solution for infusion,intravenous,approved,authorised,14.09.2017,2017,no,no,Breast cancer; Metastatic breast cancer; Early breast cancer; Metastatic gastric cancer,Breast cancer; Metastatic breast cancer; Early breast cancer; Metastatic gastric cancer,Neoplasms; Diseases of the digestive system,30.08.2016,2016,no,NA
rekovelle-epar-public-assessment-report_en.pdf,EMA/11072/2017,EMEA/H/C/003994/0000,Rekovelle,follitropin delta,Ferring Pharmaceuticals A/S,Biologics,solution for injection,subcutaneous,approved,authorised,13.10.2016,2016,no,no,Controlled ovarian stimulation for the development of multiple follicles in women undergoing assisted reproductive technologies (ART) such as an in vitro fertilisation (IVF) or intracytoplasmic sperm injection (ICSI) cycle.,Controlled ovarian stimulation for the development of multiple follicles in women undergoing assisted reproductive technologies (ART) such as an in vitro fertilisation (IVF) or intracytoplasmic sperm injection (ICSI) cycle.,Diseases of the genitourinary system,07.10.2015,2015,no,NA
elfabrio-epar-public-assessment-report_en.pdf,EMA/58745/2023,EMEA/H/C/005618/0000,Elfabrio,pegunigalsidase alfa,Chiesi Farmaceutici S.p.A.,Biologics,concentrate for solution for infusion,intravenous,approved,authorised,23.02.2023,2023,no,no,long-term enzyme replacement therapy in adult patients with a confirmed diagnosis of Fabry disease (deficiency of alpha-galactosidase),long-term enzyme replacement therapy in adult patients with a confirmed diagnosis of Fabry disease (deficiency of alpha-galactosidase),"Endocrine, nutritional, and metabolic diseases",25.01.2022,2022,no,NA
paxneury-epar-public-assessment-report_en.pdf,EMA/CHMP/14178/2025,EMEA/H/C/006312/0000,Paxneury,guanfacine,Neuraxpharm Pharmaceuticals S.L.,Small molecule,prolonged-release tablet,oral,approved,authorised,12.12.2024,2024,no,no,"treatment of attention deficit hyperactivity disorder (ADHD) in children and adolescents 6-17 years old for whom stimulants are not suitable, not tolerated or have been shown to be ineffective","treatment of attention deficit hyperactivity disorder (ADHD) in children and adolescents 6-17 years old for whom stimulants are not suitable, not tolerated or have been shown to be ineffective",Mental and behavioural disorders; Diseases of the nervous system,06.10.2023,2023,yes,NA
lunsumio-epar-public-assessment-report_en.pdf,EMA/390815/2022,EMEA/H/C/005680/0000,Lunsumio,mosunetuzumab,Roche Registration GmbH,Biologics,concentrate for solution for infusion,intravenous,approved,authorised,22.04.2022,2022,yes,no,Lunsumio as monotherapy is indicated for the treatment of adult patients with relapsed or refractory follicular lymphoma (FL) who have received at least two prior systemic therapies.,Lunsumio as monotherapy is indicated for the treatment of adult patients with relapsed or refractory follicular lymphoma (FL) who have received at least two prior systemic therapies.,Neoplasms; Diseases of the blood and blood-forming organs,10.09.2021,2021,no,NA
pretomanid-fgk-epar-public-assessment-report_en.pdf,EMA/200048/2020,EMEA/H/C/005167/0000,Pretomanid FGK,pretomanid,FGK Representative Service GmbH,Small molecule,tablet,oral,conditional marketing authorisation,authorised,25.06.2020,2020,yes,no,"Pretomanid is indicated as part of a combination regimen with bedaquiline and linezolid, in adults, for the treatment of pulmonary extensively drug resistant (XDR), or treatment-intolerant or nonresponsive multidrug-resistant (MDR) tuberculosis (TB).","Pretomanid is indicated as part of a combination regimen with bedaquiline and linezolid, in adults, for the treatment of pulmonary extensively drug resistant (XDR), or treatment-intolerant or nonresponsive multidrug-resistant (MDR) tuberculosis (TB).",Infectious and parasitic diseases,11.03.2019,2019,no,NA
zavesca-epar-scientific-discussion_en.pdf,Not reported,Not reported,Zavesca,miglustat,Not reported,Small molecule,hard capsules,oral,approved,authorised,Not reported,Not reported,Not reported,no,oral treatment of mild to moderate type 1 Gaucher disease,oral treatment of mild to moderate type 1 Gaucher disease,"Endocrine, nutritional, and metabolic diseases",Not reported,Not reported,no,NA
lutholaz-withdrawal-assessment-report_en.pdf,EMA/343552/2023,EMEA/H/C/005587/0000,Lutholaz,pegfilgrastim,Not reported,Biologics,solution for injection,subcutaneous,refused,NA,26.04.2023,2023,no,no,Reduction in the duration of neutropenia and the incidence of febrile neutropenia in adult patients treated with cytotoxic chemotherapy for malignancy (with the exception of chronic myeloid leukaemia and myelodysplastic syndromes),NA,Neoplasms; Diseases of the blood and blood-forming organs,04.10.2021,2021,yes,Not reported
synjardy-epar-public-assessment-report_en.pdf,EMA/238334/2015,EMEA/H/C/003770/0000,Synjardy,empagliflozin / metformin,Boehringer Ingelheim GmbH,Small molecule,film-coated tablet,oral,approved,authorised,26.03.2015,2015,no,no,Synjardy is indicated in adults aged 18 years and older with type 2 diabetes mellitus as an adjunct to diet and exercise to improve glycaemic control,Synjardy is indicated in adults aged 18 years and older with type 2 diabetes mellitus as an adjunct to diet and exercise to improve glycaemic control,"Endocrine, nutritional, and metabolic diseases",03.07.2014,2014,no,NA
vivjoa-withdrawal-assessment-report_en.pdf,EMA/428048/2023,EMEA/H/C/005682/0000,Vivjoa,oteseconazole,Not reported,Small molecule,hard capsule,oral,refused,NA,25.05.2023,2023,no,no,treatment and prevention of recurrent vulvovaginal candidiasis (RVVC) including the acute episode of RVVC in adult women,NA,Diseases of the genitourinary system; Infectious and parasitic diseases,Not reported,Not reported,no,NA
vectibix-epar-scientific-discussion_en.pdf,Not reported,EMEA/H/C/000741,Vectibix,panitumumab,Amgen Europe B.V.,Biologics,concentrate for solution for infusion,intravenous,conditional marketing authorisation,authorised,Not reported,Not reported,no,no,treatment of metastatic carcinoma of the colon or rectum after failure of oxaliplatin- and/or irinotecan-containing chemotherapy regimens,"treatment of patients with EGFR expressing metastatic colorectal carcinoma with non-mutated (wild-type) KRAS after failure of fluoropyrimidine-, oxaliplatin-, and irinotecan-containing chemotherapy regimens",Neoplasms; Diseases of the digestive system,Not reported,Not reported,no,NA
withdrawal-assessment-report-infinia_en.pdf,EMA/398059/2017,EMEA/H/C/003934/0000,Infinia,alpha-1-antitrypsin,Kamada Ltd.,Biologics,solution for nebulisation,inhalation,withdrawn,withdrawn,23.03.2017,2017,yes,no,treatment and maintenance therapy of adult patients with congenital deficiency of alpha-1 antitrypsin and lung disease with clinical evidence of emphysema and airway obstruction (FEV1/SVC<70%),NA,"Diseases of the respiratory system; Endocrine, nutritional, and metabolic diseases",Not reported,Not reported,no,NA
exblifep-epar-public-assessment-report_en.pdf,EMA/63929/2024,EMEA/H/C/005431/0000,Exblifep,cefepime / enmetazobactam,Advanz Pharma Limited,Small molecule,powder for concentrate for solution for infusion,intravenous,approved,authorised,25.01.2024,2024,no,no,"Complicated urinary tract infections (including pyelonephritis); Hospital-acquired pneumonia (HAP), including ventilator associated pneumonia (VAP); Treatment of patients with bacteraemia that occurs in association with or is suspected to be associated with any of the infections listed above; Infections due to aerobic Gram-negative organisms in adults with limited treatment options","Complicated urinary tract infections (including pyelonephritis); Hospital-acquired pneumonia (HAP), including ventilator associated pneumonia (VAP); Treatment of patients with bacteraemia that occurs in association with or is suspected to be associated with any of the infections listed above; Infections due to aerobic Gram-negative organisms in adults with limited treatment options",Infectious and parasitic diseases; Diseases of the respiratory system,11.11.2022,2022,no,NA
vipidia-epar-public-assessment-report_en.pdf,EMA/207780/2013,EMEA/H/C/002182/0000,Vipidia,alogliptin,Takeda Pharma A/S,Small molecule,tablet,oral,approved,authorised,25.07.2013,2013,no,no,To improve glycaemic control in adult patients with type 2 diabetes mellitus in combination with other antidiabetic agents.,To improve glycaemic control in adult patients with type 2 diabetes mellitus in combination with other antidiabetic agents.,"Endocrine, nutritional, and metabolic diseases",02.05.2012,2012,no,NA
dificlir-epar-public-assessment-report_en.pdf,EMA/857570/2011,EMEA/H/C/2087,Dificlir,fidaxomicin,FGK Representative Service GmbH,Small molecule,film-coated tablet,oral,approved,authorised,22.09.2011,2011,no,no,Treatment of Clostridium difficile infections (CDI) also known as C. difficile-associated disease (CDAD) and prevention of recurrences,Treatment of Clostridium difficile infections (CDI) also known as C. difficile-associated disease (CDAD) and prevention of recurrences,Infectious and parasitic diseases,16.07.2010,2010,no,NA
turalio-epar-refusal-public-assessment-report_en.pdf-0.pdf,EMA/CHMP/431740/2020,EMEA/H/C/004832/0000,Turalio,pexidartinib,Daiichi Sankyo Europe GmbH,Small molecule,capsule,oral,refused,withdrawn,25.06.2020,2020,yes,no,"Treatment of adult patients with symptomatic tenosynovial giant cell tumour (TGCT), also referred to as giant cell tumour of the tendon sheath (GCT-TS) or pigmented villonodular synovitis (PVNS), which is associated with severe morbidity or functional limitations, and which is not amenable to improvement with surgery.",NA,Neoplasms; Diseases of the musculoskeletal system and connective tissue,08.03.2019,2019,no,NA
pioglitazone-teva-pharma-epar-public-assessment-report_en.pdf,EMA/844210/2011,EMEA/H/C/002410,Pioglitazone Teva Pharma,pioglitazone,Teva Pharma B.V.,Small molecule,tablet,oral,approved,withdrawn,19.01.2012,2012,no,no,Second or third line treatment of type 2 diabetes mellitus as monotherapy or in combination with insulin in adult patients with insufficient glycaemic control.,Second or third line treatment of type 2 diabetes mellitus as monotherapy or in combination with insulin in adult patients with insufficient glycaemic control.,"Endocrine, nutritional, and metabolic diseases",19.04.2011,2011,yes,CHMP
