field,cleaned_value,total_count,original_variants
Administration_route,intramuscular; intravenous,58,"INTRAMUSCULAR, INTRAVENOUS (46); IM-IV (12)"
Administration_route,oral,268,"ORAL-28 (194); ORAL-21 (46); TABLET (11); FILM COATED (8); ORAL SUSPENSION (4); CAPSULE (2); EXTENDED RELEASE (1); DELAYED RELEASE;  ORAL AND TABLET; SOLUTION (1); TABLET, EXTENDED RELEASE (1)"
Administration_route,intravenous,24,IV (INFUSION) (21); MULTIDOSE; SINGLE-DOSE (1); SINGLE-DOSE (1); SINGLE-USE (1)
Administration_route,topical; vaginal,15,"TOPICAL, VAGINAL (15)"
Administration_route,intramuscular; intravenous; subcutaneous,31,"INTRAMUSCULAR, INTRAVENOUS, SUBCUTANEOUS (31)"
Administration_route,intravenous; subcutaneous; SUBCUTANEOUS,4,"INTRAVENOUS, SUBCUTANEOUS; SUBCUTANEOUS (4)"
Administration_route,intravenous; subcutaneous,54,"INTRAVENOUS, SUBCUTANEOUS (54)"
Administration_route,oral; oral,32,ORAL-21; ORAL-28 (30); ORAL-20; ORAL-21 (2)
Administration_route,Injection,36,"VIAL (19); SOLUTION (7); SINGLE-USE (3); SUSPENSION (2); MULTIDOSE; SINGLE-USE (1); SINGLE-DOSE (1); POWDER, FOR INJECTION SOLUTION, LYOPHILIZED POWDER (1); INJECTABLE (1); SUSPENSION, EXTENDED RELEASE (1)"
Administration_route,inhalation; oral,20,"INHALATION, ORAL (18); Inhalation, Oral (2)"
Administration_route,oral; rectal,39,"ORAL, RECTAL (39)"
Administration_route,injection; oral,12,"INJECTION, ORAL (12)"
Administration_route,irrigation; urethral,3,"IRRIGATION, URETHRAL (3)"
Administration_route,Subcutaneous,4,SYRINGE (3); SINGLE-USE (1)
Administration_route,buccal; sublingual,20,"BUCCAL, SUBLINGUAL (20)"
Administration_route,intramuscular; subcutaneous,12,"INTRAMUSCULAR, SUBCUTANEOUS (12)"
Administration_route,INJECTION,2,"INJECTION; SINGLE-DOSE (1); INJECTION; POWDER,FOR SOLUTION (1)"
Administration_route,INJECTION; intramuscular; intravenous,7,"INJECTION; INTRAMUSCULAR, INTRAVENOUS (7)"
Administration_route,ophthalmic; otic,5,"OPHTHALMIC, OTIC (5)"
Administration_route,intra-articular; intramuscular; intravitreal,2,"INTRA-ARTICULAR, INTRAMUSCULAR, INTRAVITREAL (2)"
Administration_route,INTRAVENOUS; intramuscular; subcutaneous; INTRAOSSEOUS; ENDOTRACHEAL,4,"INTRAVENOUS, INTRAMUSCULAR, SUBCUTANEOUS, INTRAOSSEOUS, ENDOTRACHEAL (4)"
Administration_route,urethral,2,URETERAL (2)
Administration_route,ORAL; oral,4,ORAL; ORAL-28 (4)
Administration_route,intravenous; intravesicular; ophthalmic,1,"INTRAVENOUS, INTRAVESICULAR, OPHTHALMIC (1)"
Administration_route,INTRAMUSCULAR; intramuscular; subcutaneous,1,"INTRAMUSCULAR; INTRAMUSCULAR, SUBCUTANEOUS (1)"
Administration_route,rectal; sublingual,1,"RECTAL, SUBLINGUAL (1)"
Administration_route,subcutaneous,1,SINGLE-USE (1)
Administration_route,INTRAVESICAL; Intravesical; urethral,1,"INTRAVESICAL; Intravesical, Ureteral (1)"
Administration_route,intracavitary; intravenous; intravesical,5,"INTRACAVITARY, INTRAVENOUS, INTRAVESICAL (5)"
Administration_route,N/A,5,"UNKNOWN (4); POWDER, FOR SOLUTION (1)"
Administration_route,injection,3,"SOLUTION,CONCENTRATE (1); POWDER, FOR INJECTION SOLUTION, LYOPHILIZED POWDER (1); INJECTION, EMULSION (1)"
Administration_route,intravenous; oral,3,"INTRAVENOUS, ORAL (3)"
Administration_route,intravenous; Oral,1,Iv (Infusion); Oral (1)
Administration_route,SUBCUTANEOUS,3,SUBCUTANEOUS LYOPHILIZED POWER (2); SINGLE-USE; SUBCUTANEOUS (1)
Administration_route,ORAL,3,ORAL; ORALLY DISINTEGRATING (2); ORAL; ORAL SUSPENSION (1)
Administration_route,intralymphatic; intrauterine,1,"INTRALYMPHATIC, INTRAUTERINE (1)"
Administration_route,intramuscular; intravenous; intramuscular; intravenous; subcutaneous,2,"INTRAMUSCULAR, INTRAVENOUS; INTRAMUSCULAR, INTRAVENOUS, SUBCUTANEOUS (2)"
Administration_route,ORAL; oral; oral,1,ORAL; ORAL-20; ORAL-21 (1)
Administration_route,INJECTION; intramuscular; intravenous; ORAL,1,"INJECTION; INTRAMUSCULAR, INTRAVENOUS; ORAL (1)"
Administration_route,inhalation; intravenous,2,"INHALATION, INTRAVENOUS (2)"
Administration_route,intramuscular,1,EXTENDED RELEASE (1)
Administration_route,intraveous,1,SINGLE-USE (1)
Administration_route,INTRAVENOUS,1,"INTRAVENOUS, INTRAVENOUS (1)"
Administration_route,Intravenous,3,SINGLE-USE (2); FOR SOLUTION (1)
Administration_route,IONTOPHORESIS; TRANSDERMAL,1,"IONTOPHORESIS, TRANSDERMAL (1)"
Administration_route,INJECTION; intramuscular; subcutaneous,1,"INJECTION; INTRAMUSCULAR, SUBCUTANEOUS (1)"
Administration_route,INJECTION; urethral; URETHRAL,1,INJECTION; URETERAL; URETHRAL (1)
Administration_route,intraocular,1,DROPS (1)
Administration_route,oral; Oral,1,ORAL-28; Oral (1)
Administration_route,IONTOPHORESIS; TOPICAL,2,"IONTOPHORESIS, TOPICAL (2)"
Administration_route,INTRAVENOUS; intravenous,1,INTRAVENOUS; IV (INFUSION) (1)
Administration_route,intramuscular; intravenous; subcutaneous; INTRAOCULAR,1,"INTRAMUSCULAR, INTRAVENOUS, SUBCUTANEOUS; INTRAVENOUS; INTRAVENOUS, INTRAOCULAR, INTRAMUSCULAR, SUBCUTANEOUS (1)"
Administration_route,intramuscular; oral,1,"INTRAMUSCULAR, ORAL (1)"
Administration_route,INJECTION; injection; oral; injection; oral; rectal; ORAL; URETHRAL,1,"INJECTION; INJECTION, ORAL; INJECTION, ORAL, RECTAL; ORAL; URETHRAL (1)"
Administration_route,INJECTION; urethral,1,INJECTION; URETERAL (1)
Administration_route,injection; oral; injection; oral; rectal,1,"INJECTION, ORAL; INJECTION, ORAL, RECTAL (1)"
Administration_route,INTRAVENOUS; INTRAOCULAR; intramuscular; subcutaneous,1,"INTRAVENOUS, INTRAOCULAR, INTRAMUSCULAR, SUBCUTANEOUS (1)"
Administration_route,intravenous; interstitial,1,"INTRAVENOUS, INTERSTITIAL (1)"
Administration_route,intracavitary; intravenous; intravesical; INTRAVENOUS,1,"INTRACAVITARY, INTRAVENOUS, INTRAVESICAL; INTRAVENOUS (1)"
Administration_route,INJECTION; intramuscular; intravenous; Injection,1,"INJECTION; INTRAMUSCULAR, INTRAVENOUS; Injection (1)"
Current_status,None (conditional marketing authorisation),958,None (Tentative Approval) (958)
Decision,conditional marketing authorisation,1059,Tentative Approval (1059)
Drug_name,MYRBETRIQ granule,1,MYRBETRIQ GRANULES (1)
Indications_and_usage,"1 INDICATIONS AND USAGE Deferasirox oral granule are an iron chelator indicated for the treatment of chronic iron overload due to blood transfusions in patients 2 years of age and older. ( 1.1 ) Deferasirox oral granule are indicated for the treatment of chronic iron overload in patients 10 years of age and older with non-transfusion-dependent thalassemia (NTDT) syndromes, and with a liver iron (Fe) concentration (LIC) of at least 5 mg Fe per gram of dry weight (Fe/g dw) and a serum ferritin greater than 300 mcg/L. ( 1.2 ) L imitations of Use: The safety and efficacy of deferasirox oral granule when administered with other iron chelation therapy have not been established. ( 1.3 ) 1.1 Treatment of Chronic Iron Overload Due to Blood Transfusions (Transfusional Iron Overload) Deferasirox oral granule are indicated for the treatment of chronic iron overload due to blood transfusions (transfusional hemosiderosis) in patients 2 years of age and older. 1.2 Treatment of Chronic Iron Overload in Non-Transfusion-Dependent Thalassemia Syndromes Deferasirox oral granule are indicated for the treatment of chronic iron overload in patients 10 years of age and older with non-transfusion-dependent thalassemia (NTDT) syndromes and with a liver iron concentration (LIC) of at least 5 milligrams of iron per gram of liver dry weight (mg Fe/g dw) and a serum ferritin greater than 300 mcg/L. 1.3 Limitations of Use The safety and efficacy of deferasirox oral granule when administered with other iron chelation therapy have not been established.",1,"1 INDICATIONS AND USAGE Deferasirox oral granules are an iron chelator indicated for the treatment of chronic iron overload due to blood transfusions in patients 2 years of age and older. ( 1.1 ) Deferasirox oral granules are indicated for the treatment of chronic iron overload in patients 10 years of age and older with non-transfusion-dependent thalassemia (NTDT) syndromes, and with a liver iron (Fe) concentration (LIC) of at least 5 mg Fe per gram of dry weight (Fe/g dw) and a serum ferritin greater than 300 mcg/L. ( 1.2 ) L imitations of Use: The safety and efficacy of deferasirox oral granules when administered with other iron chelation therapy have not been established. ( 1.3 ) 1.1 Treatment of Chronic Iron Overload Due to Blood Transfusions (Transfusional Iron Overload) Deferasirox oral granules are indicated for the treatment of chronic iron overload due to blood transfusions (transfusional hemosiderosis) in patients 2 years of age and older. 1.2 Treatment of Chronic Iron Overload in Non-Transfusion-Dependent Thalassemia Syndromes Deferasirox oral granules are indicated for the treatment of chronic iron overload in patients 10 years of age and older with non-transfusion-dependent thalassemia (NTDT) syndromes and with a liver iron concentration (LIC) of at least 5 milligrams of iron per gram of liver dry weight (mg Fe/g dw) and a serum ferritin greater than 300 mcg/L. 1.3 Limitations of Use The safety and efficacy of deferasirox oral granules when administered with other iron chelation therapy have not been established. (1)"
Indications_and_usage,"INDICATIONS AND USAGE Since no drug is innocuous, strict attention should be paid to the indications and contraindications, particularly when selecting drugs for chronic long-term use. Colestipol hydrochloride granule are indicated as adjunctive therapy to diet for the reduction of elevated serum total and low-density lipoprotein (LDL) cholesterol in patients with primary hypercholesterolemia (elevated low density lipoproteins [LDL] cholesterol) who do not respond adequately to diet. Generally, colestipol hydrochloride granule have no clinically significant effect on serum triglycerides, but with its use triglyceride levels may be raised in some patients. Therapy with lipid-altering agents should be a component of multiple risk factor intervention in those individuals at significantly increased risk for atherosclerotic vascular disease due to hypercholesterolemia. Treatment should begin and continue with dietary therapy (see NCEP guidelines). A minimum of six months of intensive dietary therapy and counseling should be carried out prior to initiation of drug therapy. Shorter periods may be considered in patients with severe elevations of LDL-C or with definite CHD. According to the NCEP guidelines, the goal of treatment is to lower LDL-C, and LDL-C is to be used to initiate and assess treatment response. Only if LDL-C levels are not available, should the Total-C be used to monitor therapy. The NCEP treatment guidelines are shown below. LDL-Cholesterol mg/dL (mmol/L) Definite Atherosclerotic Disease Coronary heart disease or peripheral vascular disease (including symptomatic carotid artery disease). Two or More Other Risk Factors Other risk factors for coronary heart disease (CHD) include: age (males: ≥45 years; females: ≥55 years or premature menopause without estrogen replacement therapy); family history of premature CHD; current cigarette smoking; hypertension; confirmed HDL-C <35 mg/dL (0.91 mmol/L); and diabetes mellitus. Subtract one risk factor if HDL-C is ≥60 mg/dL (1.6 mmol/L). Initiation Level Goal No No ≥190 (≥4.9) <160 (<4.1) No Yes ≥160 (≥4.1) <130 (<3.4) Yes Yes or No ≥130 (≥3.4) ≤100 (≤2.6)",1,"INDICATIONS AND USAGE Since no drug is innocuous, strict attention should be paid to the indications and contraindications, particularly when selecting drugs for chronic long-term use. Colestipol hydrochloride granules are indicated as adjunctive therapy to diet for the reduction of elevated serum total and low-density lipoprotein (LDL) cholesterol in patients with primary hypercholesterolemia (elevated low density lipoproteins [LDL] cholesterol) who do not respond adequately to diet. Generally, colestipol hydrochloride granules have no clinically significant effect on serum triglycerides, but with its use triglyceride levels may be raised in some patients. Therapy with lipid-altering agents should be a component of multiple risk factor intervention in those individuals at significantly increased risk for atherosclerotic vascular disease due to hypercholesterolemia. Treatment should begin and continue with dietary therapy (see NCEP guidelines). A minimum of six months of intensive dietary therapy and counseling should be carried out prior to initiation of drug therapy. Shorter periods may be considered in patients with severe elevations of LDL-C or with definite CHD. According to the NCEP guidelines, the goal of treatment is to lower LDL-C, and LDL-C is to be used to initiate and assess treatment response. Only if LDL-C levels are not available, should the Total-C be used to monitor therapy. The NCEP treatment guidelines are shown below. LDL-Cholesterol mg/dL (mmol/L) Definite Atherosclerotic Disease Coronary heart disease or peripheral vascular disease (including symptomatic carotid artery disease). Two or More Other Risk Factors Other risk factors for coronary heart disease (CHD) include: age (males: ≥45 years; females: ≥55 years or premature menopause without estrogen replacement therapy); family history of premature CHD; current cigarette smoking; hypertension; confirmed HDL-C <35 mg/dL (0.91 mmol/L); and diabetes mellitus. Subtract one risk factor if HDL-C is ≥60 mg/dL (1.6 mmol/L). Initiation Level Goal No No ≥190 (≥4.9) <160 (<4.1) No Yes ≥160 (≥4.1) <130 (<3.4) Yes Yes or No ≥130 (≥3.4) ≤100 (≤2.6) (1)"
Indications_and_usage,"1 INDICATIONS AND USAGE Montelukast sodium tablets, chewable tablets, and oral granule are a leukotriene receptor antagonist indicated for: • Prophylaxis and chronic treatment of asthma in patients 12 months of age and older ( 1.1 ). • Acute prevention of exercise-induced bronchoconstriction (EIB) in patients 6 years of age and older ( 1.2 ). • Relief of symptoms of allergic rhinitis (AR): seasonal allergic rhinitis (SAR) in patients 2 years of age and older, and perennial allergic rhinitis (PAR) in patients 6 months of age and older ( 1.3 ). 1.1 Asthma Montelukast sodium tablets, chewable tablets and oral granule are indicated for the prophylaxis and chronic treatment of asthma in adults and pediatric patients 12 months of age and older. 1.2 Exercise-Induced Bronchoconstriction (EIB) Montelukast sodium tablets and chewable tablets are indicated for prevention of exercise-induced bronchoconstriction (EIB) in patients 6 years of age and older. 1.3 Allergic Rhinitis Montelukast sodium tablets, chewable tablets and oral granule are indicated for the relief of symptoms of seasonal allergic rhinitis in patients 2 years of age and older and perennial allergic rhinitis in patients 6 months of age and older.",1,"1 INDICATIONS AND USAGE Montelukast sodium tablets, chewable tablets, and oral granules are a leukotriene receptor antagonist indicated for: • Prophylaxis and chronic treatment of asthma in patients 12 months of age and older ( 1.1 ). • Acute prevention of exercise-induced bronchoconstriction (EIB) in patients 6 years of age and older ( 1.2 ). • Relief of symptoms of allergic rhinitis (AR): seasonal allergic rhinitis (SAR) in patients 2 years of age and older, and perennial allergic rhinitis (PAR) in patients 6 months of age and older ( 1.3 ). 1.1 Asthma Montelukast sodium tablets, chewable tablets and oral granules are indicated for the prophylaxis and chronic treatment of asthma in adults and pediatric patients 12 months of age and older. 1.2 Exercise-Induced Bronchoconstriction (EIB) Montelukast sodium tablets and chewable tablets are indicated for prevention of exercise-induced bronchoconstriction (EIB) in patients 6 years of age and older. 1.3 Allergic Rhinitis Montelukast sodium tablets, chewable tablets and oral granules are indicated for the relief of symptoms of seasonal allergic rhinitis in patients 2 years of age and older and perennial allergic rhinitis in patients 6 months of age and older. (1)"
Indications_and_usage,"1 INDICATIONS AND USAGE Montelukast sodium tablets, chewable tablets, and oral granule are a leukotriene receptor antagonist indicated for: Prophylaxis and chronic treatment of asthma in patients 12 months of age and older ( 1.1 ). Acute prevention of exercise-induced bronchoconstriction (EIB) in patients 6 years of age and older ( 1.2 ). Relief of symptoms of allergic rhinitis (AR): seasonal allergic rhinitis (SAR) in patients 2 years of age and older, and perennial allergic rhinitis (PAR) in patients 6 months of age and older. Reserve use for patients who have an inadequate response or intolerance to alternative therapies ( 1.3 ). Limitations of Use: Not indicated to treat an acute asthma attack ( 5.2 ). 1.1 Asthma Montelukast sodium tablets, chewable tablets and oral granule are indicated for the prophylaxis and chronic treatment of asthma in adults and pediatric patients 12 months of age and older. 1.2 Exercise-Induced Bronchoconstriction (EIB) Montelukast sodium tablets and chewable tablets are indicated for prevention of exercise-induced bronchoconstriction (EIB) in patients 6 years of age and older. 1.3 Allergic Rhinitis Montelukast sodium tablets, chewable tablets and oral granule are indicated for the relief of symptoms of seasonal allergic rhinitis in patients 2 years of age and older and perennial allergic rhinitis in patients 6 months of age and older. Because the benefits of montelukast sodium tablets, chewable tablets and oral granule may not outweigh the risk of neuropsychiatric symptoms in patients with allergic rhinitis [see Warnings and Precautions ( 5.1 )] , reserve use for patients who have an inadequate response or intolerance to alternative therapies. 1.4 Limitations of Use Montelukast sodium tablets, chewable tablets and oral granule are not indicated for the treatment of an acute asthma attack.",1,"1 INDICATIONS AND USAGE Montelukast sodium tablets, chewable tablets, and oral granules are a leukotriene receptor antagonist indicated for: Prophylaxis and chronic treatment of asthma in patients 12 months of age and older ( 1.1 ). Acute prevention of exercise-induced bronchoconstriction (EIB) in patients 6 years of age and older ( 1.2 ). Relief of symptoms of allergic rhinitis (AR): seasonal allergic rhinitis (SAR) in patients 2 years of age and older, and perennial allergic rhinitis (PAR) in patients 6 months of age and older. Reserve use for patients who have an inadequate response or intolerance to alternative therapies ( 1.3 ). Limitations of Use: Not indicated to treat an acute asthma attack ( 5.2 ). 1.1 Asthma Montelukast sodium tablets, chewable tablets and oral granules are indicated for the prophylaxis and chronic treatment of asthma in adults and pediatric patients 12 months of age and older. 1.2 Exercise-Induced Bronchoconstriction (EIB) Montelukast sodium tablets and chewable tablets are indicated for prevention of exercise-induced bronchoconstriction (EIB) in patients 6 years of age and older. 1.3 Allergic Rhinitis Montelukast sodium tablets, chewable tablets and oral granules are indicated for the relief of symptoms of seasonal allergic rhinitis in patients 2 years of age and older and perennial allergic rhinitis in patients 6 months of age and older. Because the benefits of montelukast sodium tablets, chewable tablets and oral granules may not outweigh the risk of neuropsychiatric symptoms in patients with allergic rhinitis [see Warnings and Precautions ( 5.1 )] , reserve use for patients who have an inadequate response or intolerance to alternative therapies. 1.4 Limitations of Use Montelukast sodium tablets, chewable tablets and oral granules are not indicated for the treatment of an acute asthma attack. (1)"
Indications_and_usage,"INDICATIONS AND USAGE MALES Androgens are indicated for replacement therapy in conditions associated with a deficiency or absence of endogenous testosterone. a. Primary hypogonadism (congenital or acquired) - testicular failure due to cryptorchidism, bilateral torsion, orchitis, vanishing testes syndrome; or orchiectomy. b. Hypogonadotropic hypogonadism (congenital or acquired) - gonadotropic LHRH deficiency, or pituitary - hypothalamic injury from tumors, trauma or radiation. If the above conditions occur prior to puberty, androgen replacement therapy will be needed during the adolescent years for development of secondary sex characteristics. Prolonged androgen treatment will be required to maintain sexual characteristics in these and other males who develop testosterone deficiency after puberty. Safety and efficacy of TESTOPEL ® (testosterone pellet) in men with “age-related hypogonadism” (also referred to as “late-onset hypogonadism”) have not been established. c. Androgens may be used to stimulate puberty in carefully selected males with clearly delayed puberty. These patients usually have a familial pattern of delayed puberty that is not secondary to a pathological disorder; puberty is expected to occur spontaneously at a relatively late date. Brief treatment with conservative doses may occasionally be justified in these patients if they do not respond to psychological support. The potential adverse effect on bone maturation should be discussed with the patient and parents prior to androgen administration. An x-ray of the hand and wrist to determine bone age should be taken every 6 months to assess the effect of treatment on epiphyseal centers (see WARNINGS ).",1,"INDICATIONS AND USAGE MALES Androgens are indicated for replacement therapy in conditions associated with a deficiency or absence of endogenous testosterone. a. Primary hypogonadism (congenital or acquired) - testicular failure due to cryptorchidism, bilateral torsion, orchitis, vanishing testes syndrome; or orchiectomy. b. Hypogonadotropic hypogonadism (congenital or acquired) - gonadotropic LHRH deficiency, or pituitary - hypothalamic injury from tumors, trauma or radiation. If the above conditions occur prior to puberty, androgen replacement therapy will be needed during the adolescent years for development of secondary sex characteristics. Prolonged androgen treatment will be required to maintain sexual characteristics in these and other males who develop testosterone deficiency after puberty. Safety and efficacy of TESTOPEL ® (testosterone pellets) in men with “age-related hypogonadism” (also referred to as “late-onset hypogonadism”) have not been established. c. Androgens may be used to stimulate puberty in carefully selected males with clearly delayed puberty. These patients usually have a familial pattern of delayed puberty that is not secondary to a pathological disorder; puberty is expected to occur spontaneously at a relatively late date. Brief treatment with conservative doses may occasionally be justified in these patients if they do not respond to psychological support. The potential adverse effect on bone maturation should be discussed with the patient and parents prior to androgen administration. An x-ray of the hand and wrist to determine bone age should be taken every 6 months to assess the effect of treatment on epiphyseal centers (see WARNINGS ). (1)"
Indications_and_usage,"1 INDICATIONS AND USAGE Sodium Polystyrene Sulfonate Powder, suspension is indicated for the treatment of hyperkalemia. Limitation of Use: Sodium Polystyrene Sulfonate Powder, suspension should not be used as an emergency treatment for life-threatening hyperkalemia because of its delayed onset of action [see Clinical Pharmacology (12.2)] . Sodium Polystyrene Sulfonate Powder, suspension is indicated for the treatment of hyperkalemia (1) . Limitation of Use: Sodium Polystyrene Sulfonate Powder, suspension should not be used as an emergency treatment for life-threatening hyperkalemia because of its delayed onset of action (1) .",1,"1 INDICATIONS AND USAGE Sodium Polystyrene Sulfonate Powder, for Suspension is indicated for the treatment of hyperkalemia. Limitation of Use: Sodium Polystyrene Sulfonate Powder, for Suspension should not be used as an emergency treatment for life-threatening hyperkalemia because of its delayed onset of action [see Clinical Pharmacology (12.2)] . Sodium Polystyrene Sulfonate Powder, for Suspension is indicated for the treatment of hyperkalemia (1) . Limitation of Use: Sodium Polystyrene Sulfonate Powder, for Suspension should not be used as an emergency treatment for life-threatening hyperkalemia because of its delayed onset of action (1) . (1)"
Indications_and_usage,"1 INDICATIONS AND USAGE Deferasirox oral granule are an iron chelator indicated for the treatment of chronic iron overload due to blood transfusions in patients 2 years of age and older. (1.1) Deferasirox oral granule are indicated for the treatment of chronic iron overload in patients 10 years of age and older with non-transfusion-dependent thalassemia (NTDT) syndromes, and with a liver iron (Fe) concentration (LIC) of at least 5 mg Fe per gram of dry weight (Fe/g dw) and a serum ferritin greater than 300 mcg/L. (1.2) Limitations of Use: The safety and efficacy of deferasirox oral granule when administered with other iron chelation therapy have not been established. (1.3) 1.1 Treatment of Chronic Iron Overload Due to Blood Transfusions (Transfusional Iron Overload) Deferasirox oral granule are indicated for the treatment of chronic iron overload due to blood transfusions (transfusional hemosiderosis) in patients 2 years of age and older. 1.2 Treatment of Chronic Iron Overload in Non-Transfusion-Dependent Thalassemia Syndromes Deferasirox oral granule are indicated for the treatment of chronic iron overload in patients 10 years of age and older with non-transfusion-dependent thalassemia (NTDT) syndromes and with a liver iron concentration (LIC) of at least 5 milligrams of iron per gram of liver dry weight (mg Fe/g dw) and a serum ferritin greater than 300 mcg/L. 1.3 Limitations of Use The safety and efficacy of deferasirox oral granule when administered with other iron chelation therapy have not been established.",1,"1 INDICATIONS AND USAGE Deferasirox oral granules are an iron chelator indicated for the treatment of chronic iron overload due to blood transfusions in patients 2 years of age and older. (1.1) Deferasirox oral granules are indicated for the treatment of chronic iron overload in patients 10 years of age and older with non-transfusion-dependent thalassemia (NTDT) syndromes, and with a liver iron (Fe) concentration (LIC) of at least 5 mg Fe per gram of dry weight (Fe/g dw) and a serum ferritin greater than 300 mcg/L. (1.2) Limitations of Use: The safety and efficacy of deferasirox oral granules when administered with other iron chelation therapy have not been established. (1.3) 1.1 Treatment of Chronic Iron Overload Due to Blood Transfusions (Transfusional Iron Overload) Deferasirox oral granules are indicated for the treatment of chronic iron overload due to blood transfusions (transfusional hemosiderosis) in patients 2 years of age and older. 1.2 Treatment of Chronic Iron Overload in Non-Transfusion-Dependent Thalassemia Syndromes Deferasirox oral granules are indicated for the treatment of chronic iron overload in patients 10 years of age and older with non-transfusion-dependent thalassemia (NTDT) syndromes and with a liver iron concentration (LIC) of at least 5 milligrams of iron per gram of liver dry weight (mg Fe/g dw) and a serum ferritin greater than 300 mcg/L. 1.3 Limitations of Use The safety and efficacy of deferasirox oral granules when administered with other iron chelation therapy have not been established. (1)"
Indications_and_usage,"1 INDICATIONS AND USAGE Deferasirox granule is an iron chelator indicated for the treatment of chronic iron overload due to blood transfusions in patients 2 years of age and older. ( 1.1 ) Deferasirox granule is indicated for the treatment of chronic iron overload in patients 10 years of age and older with non-transfusion-dependent thalassemia (NTDT) syndromes, and with a liver iron (Fe) concentration (LIC) of at least 5 mg Fe per gram of dry weight (Fe/g dw) and a serum ferritin greater than 300 mcg/L. ( 1.2 ) Limitations of Use: The safety and efficacy of deferasirox when administered with other iron chelation therapy have not been established. ( 1.3 ) 1.1 Treatment of Chronic Iron Overload Due to Blood Transfusions (Transfusional Iron Overload) Deferasirox granule are indicated for the treatment of chronic iron overload due to blood transfusions (transfusional hemosiderosis) in patients 2 years of age and older. 1.2 Treatment of Chronic Iron Overload in Non-Transfusion-Dependent Thalassemia Syndromes Deferasirox granule are indicated for the treatment of chronic iron overload in patients 10 years of age and older with non-transfusion-dependent thalassemia (NTDT) syndromes and with a liver iron concentration (LIC) of at least 5 milligrams of iron per gram of liver dry weight (mg Fe/g dw) and a serum ferritin greater than 300 mcg/L. 1.3 Limitations of Use The safety and efficacy of deferasirox when administered with other iron chelation therapy have not been established.",1,"1 INDICATIONS AND USAGE Deferasirox granule is an iron chelator indicated for the treatment of chronic iron overload due to blood transfusions in patients 2 years of age and older. ( 1.1 ) Deferasirox granule is indicated for the treatment of chronic iron overload in patients 10 years of age and older with non-transfusion-dependent thalassemia (NTDT) syndromes, and with a liver iron (Fe) concentration (LIC) of at least 5 mg Fe per gram of dry weight (Fe/g dw) and a serum ferritin greater than 300 mcg/L. ( 1.2 ) Limitations of Use: The safety and efficacy of deferasirox when administered with other iron chelation therapy have not been established. ( 1.3 ) 1.1 Treatment of Chronic Iron Overload Due to Blood Transfusions (Transfusional Iron Overload) Deferasirox granules are indicated for the treatment of chronic iron overload due to blood transfusions (transfusional hemosiderosis) in patients 2 years of age and older. 1.2 Treatment of Chronic Iron Overload in Non-Transfusion-Dependent Thalassemia Syndromes Deferasirox granules are indicated for the treatment of chronic iron overload in patients 10 years of age and older with non-transfusion-dependent thalassemia (NTDT) syndromes and with a liver iron concentration (LIC) of at least 5 milligrams of iron per gram of liver dry weight (mg Fe/g dw) and a serum ferritin greater than 300 mcg/L. 1.3 Limitations of Use The safety and efficacy of deferasirox when administered with other iron chelation therapy have not been established. (1)"
Indications_and_usage,"1 INDICATIONS AND USAGE Deferasirox oral granule are an iron chelator indicated for the treatment of chronic iron overload due to blood transfusions in patients 2 years of age and older. ( 1.1 ) Deferasirox oral granule are indicated for the treatment of chronic iron overload in patients 10 years of age and older with non-transfusion-dependent thalassemia (NTDT) syndromes, and with a liver iron (Fe) concentration (LIC) of at least 5 mg Fe per gram of dry weight (Fe/g dw) and a serum ferritin greater than 300 mcg/L. ( 1.2 ) Limitations of Use: The safety and efficacy of deferasirox oral granule when administered with other iron chelation therapy have not been established. ( 1.3 ) 1.1 Treatment of Chronic Iron Overload Due to Blood Transfusions (Transfusional Iron Overload) Deferasirox oral granule are indicated for the treatment of chronic iron overload due to blood transfusions (transfusional hemosiderosis) in patients 2 years of age and older. 1.2 Treatment of Chronic Iron Overload in Non-Transfusion-Dependent Thalassemia Syndromes Deferasirox oral granule are indicated for the treatment of chronic iron overload in patients 10 years of age and older with non-transfusion-dependent thalassemia (NTDT) syndromes and with a liver iron concentration (LIC) of at least 5 milligrams of iron per gram of liver dry weight (mg Fe/g dw) and a serum ferritin greater than 300 mcg/L. 1.3 Limitations of Use The safety and efficacy of deferasirox oral granule when administered with other iron chelation therapy have not been established.",1,"1 INDICATIONS AND USAGE Deferasirox oral granules are an iron chelator indicated for the treatment of chronic iron overload due to blood transfusions in patients 2 years of age and older. ( 1.1 ) Deferasirox oral granules are indicated for the treatment of chronic iron overload in patients 10 years of age and older with non-transfusion-dependent thalassemia (NTDT) syndromes, and with a liver iron (Fe) concentration (LIC) of at least 5 mg Fe per gram of dry weight (Fe/g dw) and a serum ferritin greater than 300 mcg/L. ( 1.2 ) Limitations of Use: The safety and efficacy of deferasirox oral granules when administered with other iron chelation therapy have not been established. ( 1.3 ) 1.1 Treatment of Chronic Iron Overload Due to Blood Transfusions (Transfusional Iron Overload) Deferasirox oral granules are indicated for the treatment of chronic iron overload due to blood transfusions (transfusional hemosiderosis) in patients 2 years of age and older. 1.2 Treatment of Chronic Iron Overload in Non-Transfusion-Dependent Thalassemia Syndromes Deferasirox oral granules are indicated for the treatment of chronic iron overload in patients 10 years of age and older with non-transfusion-dependent thalassemia (NTDT) syndromes and with a liver iron concentration (LIC) of at least 5 milligrams of iron per gram of liver dry weight (mg Fe/g dw) and a serum ferritin greater than 300 mcg/L. 1.3 Limitations of Use The safety and efficacy of deferasirox oral granules when administered with other iron chelation therapy have not been established. (1)"
MA_Number,MISSING,28288,ANDA087181 (1); ANDA065031 (1); NDA207131 (1); NDA208277 (1); ANDA084276 (1); ANDA202426 (1); NDA020107 (1); ANDA065068 (1); ANDA040084 (1); NDA018258 (1); ANDA203176 (1); ANDA075302 (1); ANDA205523 (1); ANDA212923 (1); ANDA217443 (1); NDA218343 (1); ANDA076586 (1); ANDA075945 (1); ANDA072894 (1); ANDA203113 (1); BLA761398 (1); NDA022137 (1); NDA208081 (1); ANDA075747 (1); ANDA212798 (1); ANDA078668 (1); ANDA090947 (1); ANDA075224 (1); ANDA090543 (1); NDA012248 (1); ANDA216474 (1); ANDA040125 (1); ANDA085239 (1); ANDA090641 (1); BLA125141 (1); ANDA207080 (1); ANDA209959 (1); NDA018925 (1); ANDA211187 (1); BLA103795 (1); NDA020219 (1); ANDA203963 (1); ANDA091229 (1); ANDA088762 (1); ANDA062304 (1); NDA212614 (1); ANDA087794 (1); NDA206009 (1); NDA020997 (1); ANDA217657 (1); ANDA088117 (1); NDA020124 (1); NDA205433 (1); ANDA075073 (1); ANDA078318 (1); ANDA078194 (1); ANDA063113 (1); ANDA203174 (1); ANDA075311 (1); ANDA216731 (1); NDA216743 (1); NDA215309 (1); ANDA075967 (1); ANDA086454 (1); ANDA216833 (1); ANDA075872 (1); NDA017045 (1); ANDA207299 (1); ANDA208016 (1); ANDA204724 (1); ANDA215715 (1); ANDA089355 (1); ANDA209624 (1); ANDA214316 (1); ANDA040756 (1); ANDA062803 (1); ANDA075329 (1); ANDA216594 (1); ANDA074093 (1); ANDA072650 (1); ANDA202847 (1); NDA009453 (1); ANDA211477 (1); ANDA217531 (1); NDA208398 (1); ANDA215017 (1); NDA214902 (1); ANDA087630 (1); ANDA075963 (1); ANDA070088 (1); ANDA206941 (1); ANDA210653 (1); ANDA078790 (1); ANDA210461 (1); ANDA203895 (1); ANDA086732 (1); ANDA071059 (1); ANDA072784 (1); NDA019522 (1); ANDA085180 (1); ANDA063239 (1); NDA212102 (1); ANDA075401 (1); ANDA071905 (1); ANDA207662 (1); NDA208078 (1); ANDA204973 (1); ANDA206633 (1); ANDA213136 (1); NDA214907 (1); ANDA074729 (1); ANDA076690 (1); ANDA201951 (1); ANDA211282 (1); ANDA206095 (1); ANDA206128 (1); ANDA208380 (1); ANDA088250 (1); ANDA210899 (1); ANDA204264 (1); ANDA083178 (1); BLA125326 (1); ANDA071708 (1); ANDA071749 (1); ANDA216471 (1); ANDA077416 (1); ANDA205245 (1); ANDA078691 (1); NDA011771 (1); ANDA062852 (1); ANDA084764 (1); ANDA070165 (1); ANDA212558 (1); NDA019505 (1); BLA761073 (1); ANDA091441 (1); NDA009395 (1); ANDA088648 (1); ANDA219071 (1); ANDA062252 (1); ANDA210720 (1); NDA022341 (1); ANDA076546 (1); ANDA078163 (1); ANDA085159 (1); ANDA205575 (1); ANDA208719 (1); ANDA040558 (1); ANDA202771 (1); ANDA089283 (1); ANDA214542 (1); ANDA075455 (1); ANDA089271 (1); NDA019675 (1); ANDA070159 (1); ANDA202442 (1); ANDA090260 (1); ANDA205792 (1); NDA018608 (1); ANDA204649 (1); ANDA088165 (1); ANDA083778 (1); ANDA062819 (1); ANDA208784 (1); ANDA209172 (1); ANDA089001 (1); ANDA077995 (1); NDA019151 (1); ANDA217688 (1); ANDA091298 (1); NDA018684 (1); ANDA091093 (1); ANDA202099 (1); ANDA217566 (1); NDA214460 (1); NDA008453 (1); ANDA075079 (1); ANDA080365 (1); ANDA205464 (1); ANDA091519 (1); ANDA070751 (1); BLA021629 (1); ANDA209938 (1); NDA021256 (1); NDA214701 (1); ANDA078482 (1); NDA206545 (1); ANDA206693 (1); ANDA209038 (1); ANDA211666 (1); ANDA077537 (1); NDA007638 (1); NDA018676 (1); ANDA061815 (1); ANDA071561 (1); ANDA203315 (1); ANDA202808 (1); ANDA074459 (1); ANDA217718 (1); ANDA210766 (1); ANDA211404 (1); NDA018406 (1); ANDA088470 (1); ANDA062956 (1); ANDA076288 (1); ANDA203839 (1); ANDA200753 (1); ANDA214956 (1); ANDA076962 (1); ANDA083745 (1); ANDA213325 (1); ANDA205528 (1); ANDA216044 (1); ANDA071216 (1); ANDA090833 (1); ANDA040563 (1); ANDA070781 (1); ANDA211826 (1); ANDA071094 (1); NDA021055 (1); ANDA211553 (1); ANDA080344 (1); ANDA216376 (1); ANDA201576 (1); ANDA215038 (1); NDA011971 (1); NDA017874 (1); NDA014474 (1); ANDA211211 (1); NDA216755 (1); ANDA204615 (1); ANDA040469 (1); ANDA075192 (1); ANDA083629 (1); ANDA078288 (1); ANDA072707 (1); NDA017531 (1); ANDA071195 (1); ANDA071811 (1); NDA018127 (1); ANDA070262 (1); ANDA211619 (1); ANDA211735 (1); NDA050425 (1); ANDA086521 (1); ANDA202421 (1); ANDA070947 (1); NDA012885 (1); ANDA207672 (1); ANDA215641 (1); ANDA202871 (1); ANDA063120 (1); ANDA083753 (1); NDA022023 (1); ANDA065500 (1); ANDA090393 (1); ANDA201452 (1); ANDA211019 (1); ANDA089070 (1); ANDA075194 (1); ANDA062643 (1); ANDA213784 (1); ANDA089071 (1); ANDA211920 (1); ANDA091601 (1); ANDA206572 (1); ANDA200384 (1); ANDA072255 (1); NDA214313 (1); ANDA218290 (1); ANDA207265 (1); ANDA064067 (1); ANDA201654 (1); ANDA076759 (1); ANDA088760 (1); ANDA205937 (1); NDA018771 (1); ANDA212960 (1); ANDA214083 (1); ANDA212724 (1); ANDA213843 (1); ANDA074813 (1); ANDA087113 (1); ANDA083827 (1); NDA012254 (1); ANDA215876 (1); ANDA214557 (1); ANDA203795 (1); NDA017514 (1); ANDA074888 (1); ANDA076029 (1); ANDA214875 (1); NDA021365 (1); ANDA080293 (1); ANDA071145 (1); ANDA065177 (1); NDA019292 (1); ANDA075806 (1); ANDA077407 (1); ANDA076724 (1); ANDA091204 (1); ANDA060641 (1); ANDA070598 (1); ANDA040367 (1); ANDA209476 (1); ANDA209254 (1); ANDA200480 (1); ANDA209900 (1); ANDA077994 (1); NDA022266 (1); NDA021864 (1); ANDA070516 (1); NDA019486 (1); ANDA078402 (1); ANDA076018 (1); ANDA207092 (1); ANDA065330 (1); NDA050758 (1); ANDA076704 (1); ANDA083173 (1); ANDA089359 (1); ANDA076154 (1); ANDA074634 (1); ANDA215315 (1); ANDA084406 (1); ANDA089175 (1); ANDA089347 (1); NDA019395 (1); ANDA201804 (1); ANDA206404 (1); NDA019621 (1); ANDA212071 (1); ANDA062311 (1); ANDA084439 (1); ANDA088465 (1); ANDA083944 (1); ANDA209156 (1); NDA211321 (1); ANDA217128 (1); ANDA204253 (1); ANDA089113 (1); ANDA212496 (1); ANDA085524 (1); ANDA202095 (1); ANDA204044 (1); ANDA079165 (1); ANDA209792 (1); NDA019185 (1); ANDA217495 (1); NDA205437 (1); ANDA085763 (1); ANDA203790 (1); NDA020607 (1); ANDA213112 (1); ANDA209044 (1); ANDA212297 (1); ANDA216805 (1); ANDA206837 (1); NDA011635 (1); NDA200533 (1); ANDA217546 (1); NDA209191 (1); NDA206439 (1); ANDA040037 (1); ANDA218855 (1); ANDA216327 (1); ANDA088725 (1); ANDA070754 (1); ANDA201537 (1); ANDA077668 (1); ANDA203950 (1); NDA214916 (1); ANDA203740 (1); ANDA202040 (1); ANDA088195 (1); ANDA077163 (1); NDA050704 (1); ANDA208838 (1); ANDA214674 (1); ANDA071893 (1); ANDA213301 (1); ANDA040591 (1); ANDA073644 (1); ANDA090216 (1); ANDA060595 (1); ANDA202881 (1); ANDA083149 (1); ANDA070667 (1); ANDA088621 (1); ANDA215466 (1); NDA021589 (1); ANDA087611 (1); ANDA091191 (1); ANDA078350 (1); ANDA083017 (1); ANDA211967 (1); ANDA213682 (1); NDA010585 (1); ANDA076617 (1); ANDA088354 (1); ANDA076831 (1); ANDA211978 (1); NDA021777 (1); NDA018303 (1); ANDA040359 (1); ANDA209702 (1); ANDA088619 (1); NDA017434 (1); ANDA219282 (1); ANDA216998 (1); ANDA210755 (1); ANDA215389 (1); ANDA085555 (1); ANDA204058 (1); NDA020443 (1); ANDA077908 (1); ANDA077511 (1); ANDA086942 (1); ANDA209306 (1); ANDA202470 (1); BLA125486 (1); ANDA201044 (1); ANDA212624 (1); NDA020327 (1); ANDA090704 (1); NDA018101 (1); ANDA090441 (1); ANDA085027 (1); NDA050744 (1); NDA214679 (1); ANDA079108 (1); ANDA217925 (1); ANDA076523 (1); NDA209963 (1); NDA021297 (1); ANDA214925 (1); ANDA072540 (1); ANDA077997 (1); ANDA084835 (1); NDA018970 (1); ANDA074612 (1); BLA761029 (1); ANDA089324 (1); BLA761286 (1); ANDA090837 (1); NDA017546 (1); NDA217812 (1); ANDA202489 (1); ANDA075100 (1); NDA018852 (1); ANDA091458 (1); ANDA204095 (1); ANDA085088 (1); ANDA200510 (1); ANDA078492 (1); ANDA204451 (1); ANDA215219 (1); NDA211039 (1); ANDA091550 (1); ANDA213717 (1); ANDA065267 (1); ANDA206937 (1); ANDA218112 (1); ANDA202073 (1); ANDA212902 (1); NDA209885 (1); ANDA071234 (1); NDA202513 (1); ANDA078528 (1); NDA021493 (1); ANDA212875 (1); ANDA062322 (1); ANDA203166 (1); ANDA076844 (1); ANDA204920 (1); ANDA040464 (1); ANDA211350 (1); NDA021978 (1); NDA018761 (1); ANDA213235 (1); ANDA075126 (1); ANDA208342 (1); ANDA078263 (1); ANDA089592 (1); NDA050592 (1); ANDA205057 (1); ANDA088164 (1); ANDA090077 (1); ANDA217625 (1); NDA203923 (1); ANDA078408 (1); ANDA063002 (1); ANDA090954 (1); NDA017907 (1); ANDA070178 (1); ANDA070491 (1); NDA016715 (1); ANDA040862 (1); ANDA203759 (1); ANDA212976 (1); ANDA071344 (1); NDA006188 (1); ANDA202568 (1); ANDA078796 (1); ANDA040712 (1); ANDA077947 (1); ANDA204255 (1); ANDA216140 (1); ANDA090056 (1); NDA050444 (1); NDA018612 (1); ANDA202393 (1); ANDA040304 (1); NDA022292 (1); ANDA217390 (1); ANDA211272 (1); ANDA076622 (1); ANDA040593 (1); ANDA218344 (1); ANDA203765 (1); ANDA208521 (1); ANDA040547 (1); ANDA088365 (1); NDA020463 (1); ANDA205648 (1); ANDA090793 (1); ANDA212907 (1); ANDA087095 (1); ANDA213095 (1); ANDA216492 (1); ANDA072002 (1); ANDA203020 (1); ANDA204133 (1); ANDA063333 (1); ANDA075890 (1); ANDA207096 (1); NDA018141 (1); ANDA040467 (1); ANDA216723 (1); ANDA216882 (1); NDA020406 (1); NDA204223 (1); NDA216579 (1); ANDA208689 (1); NDA006383 (1); ANDA213315 (1); ANDA084707 (1); ANDA080746 (1); ANDA073562 (1); ANDA218787 (1); ANDA065309 (1); ANDA089481 (1); ANDA205947 (1); BLA103234 (1); NDA012281 (1); BLA761038 (1); ANDA216875 (1); NDA020243 (1); NDA214520 (1); ANDA206866 (1); ANDA040639 (1); ANDA074825 (1); ANDA072018 (1); ANDA070272 (1); ANDA216152 (1); ANDA074357 (1); ANDA207001 (1); ANDA203437 (1); ANDA206195 (1); ANDA080822 (1); NDA208653 (1); NDA020191 (1); NDA050759 (1); ANDA087847 (1); ANDA204730 (1); ANDA077976 (1); ANDA040040 (1); ANDA076826 (1); ANDA207585 (1); ANDA075314 (1); ANDA075695 (1); ANDA083795 (1); ANDA090647 (1); NDA218922 (1); ANDA209113 (1); ANDA088215 (1); ANDA075386 (1); ANDA075826 (1); ANDA205537 (1); NDA215859 (1); ANDA217343 (1); ANDA073191 (1); ANDA210144 (1); ANDA071310 (1); ANDA209548 (1); NDA022275 (1); ANDA203482 (1); ANDA087136 (1); ANDA209414 (1); ANDA070855 (1); ANDA070976 (1); ANDA078229 (1); ANDA071235 (1); NDA017118 (1); NDA017352 (1); NDA010787 (1); ANDA215781 (1); ANDA200457 (1); ANDA211256 (1); ANDA209233 (1); ANDA040829 (1); ANDA078855 (1); NDA020288 (1); ANDA204400 (1); ANDA062738 (1); ANDA200854 (1); ANDA062617 (1); ANDA070914 (1); ANDA089031 (1); ANDA206655 (1); ANDA204604 (1); ANDA216108 (1); ANDA207574 (1); NDA019982 (1); ANDA073026 (1); ANDA216414 (1); ANDA076573 (1); ANDA206135 (1); ANDA201832 (1); ANDA218613 (1); ANDA062457 (1); ANDA071765 (1); ANDA040636 (1); ANDA090818 (1); NDA216059 (1); ANDA084230 (1); ANDA079089 (1); ANDA217074 (1); ANDA204974 (1); ANDA202631 (1); ANDA213054 (1); ANDA091098 (1); ANDA216096 (1); ANDA075324 (1); NDA050451 (1); NDA205931 (1); ANDA200465 (1); ANDA215767 (1); NDA209606 (1); ANDA076509 (1); ANDA215036 (1); ANDA071274 (1); ANDA087699 (1); ANDA078565 (1); NDA022484 (1); ANDA203068 (1); ANDA211793 (1); ANDA211998 (1); ANDA089458 (1); ANDA217575 (1); ANDA060469 (1); ANDA213503 (1); ANDA208622 (1); ANDA072218 (1); ANDA089393 (1); NDA018750 (1); ANDA078656 (1); ANDA062119 (1); ANDA078069 (1); NDA206940 (1); ANDA040049 (1); ANDA078095 (1); ANDA076478 (1); NDA019259 (1); ANDA090324 (1); NDA008951 (1); NDA019082 (1); ANDA065436 (1); ANDA076168 (1); ANDA075137 (1); ANDA065409 (1); ANDA205431 (1); ANDA203278 (1); ANDA078320 (1); ANDA080040 (1); ANDA090201 (1); ANDA070851 (1); ANDA091235 (1); ANDA205880 (1); ANDA040440 (1); ANDA203270 (1); ANDA214053 (1); ANDA204117 (1); ANDA091054 (1); ANDA210267 (1); ANDA080743 (1); ANDA203890 (1); NDA050665 (1); ANDA215755 (1); BLA103836 (1); NDA206110 (1); ANDA200502 (1); ANDA211160 (1); ANDA070309 (1); ANDA070347 (1); ANDA075619 (1); ANDA212126 (1); ANDA078546 (1); ANDA202745 (1); ANDA215195 (1); NDA017924 (1); NDA020235 (1); ANDA074890 (1); ANDA212871 (1); ANDA086761 (1); ANDA071881 (1); ANDA084498 (1); ANDA077328 (1); ANDA212382 (1); ANDA085519 (1); ANDA213808 (1); BLA761094 (1); ANDA070096 (1); NDA205394 (1); ANDA204086 (1); ANDA040479 (1); ANDA211199 (1); ANDA076324 (1); ANDA070999 (1); ANDA075294 (1); ANDA075190 (1); ANDA070575 (1); ANDA210185 (1); ANDA091491 (1); ANDA088317 (1); ANDA210165 (1); ANDA212507 (1); ANDA219058 (1); ANDA213405 (1); NDA021268 (1); ANDA074476 (1); ANDA205358 (1); ANDA203281 (1); ANDA218773 (1); NDA214860 (1); ANDA202776 (1); ANDA065496 (1); ANDA078182 (1); NDA212887 (1); ANDA076527 (1); ANDA203632 (1); ANDA074787 (1); ANDA200647 (1); NDA018096 (1); ANDA078868 (1); BLA761369 (1); ANDA078567 (1); ANDA208862 (1); NDA019481 (1); NDA017532 (1); ANDA202180 (1); ANDA065016 (1); NDA204061 (1); ANDA217548 (1); ANDA078698 (1); ANDA088662 (1); ANDA071358 (1); NDA017854 (1); ANDA087363 (1); NDA017431 (1); ANDA212342 (1); NDA215935 (1); ANDA083080 (1); ANDA206171 (1); NDA050207 (1); NDA019632 (1); ANDA088798 (1); ANDA062510 (1); ANDA087826 (1); BLA761061 (1); ANDA091434 (1); ANDA078682 (1); ANDA207655 (1); ANDA218272 (1); ANDA088659 (1); ANDA216542 (1); NDA020901 (1); ANDA210393 (1); ANDA211995 (1); ANDA209907 (1); NDA218171 (1); ANDA076943 (1); BLA206538 (1); NDA019193 (1); ANDA080781 (1); NDA014134 (1); ANDA076383 (1); ANDA074546 (1); NDA006044 (1); ANDA201508 (1); ANDA089073 (1); NDA015874 (1); NDA213976 (1); ANDA090102 (1); ANDA080276 (1); NDA011123 (1); ANDA207481 (1); ANDA204287 (1); NDA021779 (1); ANDA076209 (1); ANDA204048 (1); ANDA070297 (1); ANDA062946 (1); NDA011011 (1); ANDA212254 (1); ANDA201577 (1); NDA018297 (1); ANDA075841 (1); NDA208630 (1); ANDA083368 (1); ANDA074128 (1); ANDA071061 (1); ANDA085165 (1); NDA212035 (1); ANDA060657 (1); ANDA076933 (1); ANDA089173 (1); ANDA211344 (1); ANDA089637 (1); ANDA090700 (1); ANDA085852 (1); ANDA040248 (1); NDA022296 (1); ANDA203385 (1); ANDA205977 (1); ANDA206200 (1); NDA016636 (1); ANDA212827 (1); ANDA205771 (1); NDA212832 (1); NDA021682 (1); NDA018366 (1); NDA012836 (1); NDA022276 (1); NDA019810 (1); ANDA091552 (1); NDA011386 (1); ANDA088099 (1); NDA018415 (1); NDA210844 (1); ANDA219443 (1); NDA211728 (1); NDA050674 (1); NDA212904 (1); ANDA087209 (1); NDA050738 (1); ANDA080762 (1); NDA020338 (1); ANDA076540 (1); ANDA075168 (1); ANDA209690 (1); ANDA210682 (1); NDA006460 (1); ANDA218311 (1); ANDA215368 (1); ANDA077428 (1); ANDA204658 (1); ANDA207584 (1); ANDA080782 (1); ANDA061901 (1); NDA006811 (1); NDA207103 (1); ANDA207759 (1); ANDA077375 (1); ANDA215540 (1); NDA021117 (1); NDA016672 (1); ANDA070714 (1); ANDA208993 (1); NDA208010 (1); ANDA207004 (1); ANDA207804 (1); ANDA078559 (1); ANDA091242 (1); ANDA217049 (1); ANDA085133 (1); ANDA063001 (1); ANDA077788 (1); ANDA089682 (1); ANDA216541 (1); ANDA217438 (1); ANDA076003 (1); ANDA216786 (1); ANDA077779 (1); ANDA204589 (1); ANDA206497 (1); ANDA202145 (1); ANDA214516 (1); ANDA204457 (1); ANDA089409 (1); ANDA205322 (1); ANDA040572 (1); ANDA091254 (1); ANDA210416 (1); ANDA040284 (1); ANDA210809 (1); ANDA215556 (1); ANDA218448 (1); NDA021773 (1); ANDA076572 (1); ANDA085106 (1); BLA761070 (1); ANDA211872 (1); NDA018202 (1); ANDA075589 (1); ANDA071522 (1); ANDA074168 (1); NDA011359 (1); ANDA210292 (1); ANDA091451 (1); NDA020665 (1); NDA013636 (1); ANDA071536 (1); BLA125294 (1); ANDA216561 (1); ANDA210088 (1); ANDA219291 (1); ANDA070545 (1); ANDA085192 (1); ANDA090249 (1); NDA020137 (1); ANDA207613 (1); ANDA074439 (1); ANDA090705 (1); BLA761156 (1); ANDA075602 (1); NDA021427 (1); ANDA091648 (1); ANDA077619 (1); ANDA062389 (1); ANDA071626 (1); ANDA207777 (1); ANDA216332 (1); ANDA216603 (1); ANDA080655 (1); NDA210563 (1); ANDA213662 (1); NDA019684 (1); ANDA077233 (1); ANDA077331 (1); ANDA071950 (1); BLA761381 (1); ANDA070604 (1); ANDA078279 (1); NDA022226 (1); ANDA071683 (1); ANDA202849 (1); ANDA086941 (1); ANDA064045 (1); ANDA087539 (1); ANDA218149 (1); ANDA217780 (1); ANDA061758 (1); ANDA203688 (1); ANDA085956 (1); ANDA080581 (1); ANDA209297 (1); ANDA091455 (1); ANDA205199 (1); ANDA203817 (1); ANDA070040 (1); ANDA209572 (1); ANDA085752 (1); ANDA073428 (1); NDA022202 (1); ANDA076512 (1); ANDA210497 (1); NDA019949 (1); ANDA207616 (1); ANDA078841 (1); ANDA070917 (1); ANDA214426 (1); BLA761406 (1); ANDA074649 (1); ANDA212284 (1); NDA021745 (1); ANDA088309 (1); ANDA213516 (1); ANDA084403 (1); ANDA087956 (1); NDA211801 (1); ANDA211812 (1); ANDA213310 (1); ANDA076869 (1); ANDA089823 (1); ANDA080779 (1); ANDA091342 (1); ANDA202987 (1); ANDA216139 (1); ANDA088037 (1); ANDA216759 (1); NDA207932 (1); ANDA076341 (1); ANDA062717 (1); ANDA212894 (1); ANDA062713 (1); ANDA216495 (1); ANDA040188 (1); NDA020670 (1); ANDA088818 (1); ANDA072264 (1); NDA209321 (1); ANDA090040 (1); ANDA212696 (1); ANDA075109 (1); ANDA214784 (1); ANDA083687 (1); NDA018517 (1); ANDA209787 (1); ANDA040256 (1); ANDA040525 (1); ANDA217804 (1); ANDA219302 (1); ANDA084658 (1); NDA050266 (1); NDA217110 (1); ANDA040371 (1); ANDA072309 (1); ANDA072467 (1); NDA022554 (1); ANDA080820 (1); ANDA077251 (1); ANDA217123 (1); ANDA078310 (1); NDA203389 (1); ANDA062251 (1); NDA021208 (1); ANDA214474 (1); ANDA075483 (1); ANDA089311 (1); ANDA040782 (1); ANDA089296 (1); ANDA075926 (1); ANDA207231 (1); ANDA211968 (1); ANDA209954 (1); NDA020226 (1); ANDA078554 (1); ANDA218994 (1); ANDA215964 (1); ANDA214288 (1); ANDA073478 (1); ANDA065113 (1); ANDA210871 (1); NDA006525 (1); ANDA216736 (1); ANDA087535 (1); ANDA089434 (1); ANDA212040 (1); ANDA202304 (1); NDA017768 (1); ANDA040611 (1); ANDA202947 (1); NDA017038 (1); ANDA214341 (1); NDA016012 (1); ANDA075046 (1); ANDA088622 (1); ANDA070116 (1); ANDA071052 (1); ANDA209082 (1); ANDA076198 (1); NDA018751 (1); ANDA080036 (1); ANDA084353 (1); ANDA212384 (1); NDA009925 (1); ANDA209732 (1); ANDA218668 (1); NDA020180 (1); NDA022187 (1); ANDA209151 (1); ANDA214899 (1); ANDA077117 (1); NDA020527 (1); ANDA215775 (1); ANDA080759 (1); ANDA077316 (1); ANDA077561 (1); NDA011325 (1); NDA210867 (1); ANDA213230 (1); ANDA081266 (1); ANDA078407 (1); ANDA086574 (1); BLA125360 (1); ANDA075624 (1); ANDA078516 (1); ANDA214543 (1); ANDA209331 (1); NDA204671 (1); ANDA214630 (1); ANDA210322 (1); ANDA086457 (1); ANDA040650 (1); ANDA217740 (1); ANDA210802 (1); ANDA206840 (1); ANDA072013 (1); ANDA217860 (1); ANDA203854 (1); ANDA215707 (1); ANDA207440 (1); ANDA209615 (1); ANDA071714 (1); ANDA078396 (1); ANDA088691 (1); ANDA062986 (1); ANDA063275 (1); ANDA213998 (1); NDA009278 (1); NDA017956 (1); ANDA084957 (1); ANDA076073 (1); ANDA211660 (1); NDA019229 (1); ANDA213856 (1); ANDA077005 (1); ANDA076475 (1); ANDA070785 (1); ANDA075406 (1); ANDA213356 (1); ANDA086394 (1); ANDA210817 (1); ANDA089808 (1); ANDA040092 (1); ANDA209783 (1); ANDA203466 (1); ANDA072292 (1); NDA017862 (1); ANDA065374 (1); ANDA064117 (1); ANDA091205 (1); NDA207926 (1); ANDA072190 (1); ANDA075189 (1); NDA018523 (1); NDA217171 (1); ANDA215839 (1); ANDA213003 (1); ANDA090910 (1); NDA050703 (1); ANDA084440 (1); ANDA208536 (1); ANDA089123 (1); NDA018082 (1); ANDA070346 (1); ANDA216223 (1); ANDA211510 (1); ANDA076394 (1); ANDA203016 (1); ANDA076333 (1); NDA219097 (1); ANDA088877 (1); NDA021316 (1); ANDA077196 (1); ANDA040497 (1); ANDA065240 (1); ANDA215719 (1); ANDA077686 (1); ANDA073307 (1); ANDA212818 (1); ANDA085470 (1); ANDA202138 (1); ANDA090710 (1); ANDA087682 (1); ANDA089999 (1); BLA103780 (1); ANDA091528 (1); ANDA203824 (1); ANDA213222 (1); NDA013993 (1); ANDA205980 (1); NDA208289 (1); ANDA207899 (1); NDA022369 (1); ANDA087818 (1); ANDA079147 (1); ANDA213251 (1); ANDA040849 (1); ANDA214295 (1); ANDA089885 (1); NDA003240 (1); NDA020064 (1); ANDA070929 (1); NDA018863 (1); ANDA074371 (1); ANDA089478 (1); ANDA090066 (1); ANDA076024 (1); NDA050733 (1); ANDA217610 (1); ANDA090624 (1); ANDA076691 (1); NDA209661 (1); ANDA078996 (1); ANDA213559 (1); ANDA207429 (1); ANDA085053 (1); ANDA040247 (1); ANDA202012 (1); ANDA085294 (1); ANDA088214 (1); BLA021810 (1); ANDA203887 (1); ANDA202219 (1); ANDA072720 (1); ANDA208857 (1); ANDA083711 (1); ANDA073168 (1); NDA022185 (1); NDA022567 (1); ANDA206532 (1); NDA018719 (1); ANDA203659 (1); NDA016734 (1); ANDA218115 (1); ANDA074107 (1); ANDA217767 (1); NDA022577 (1); ANDA213623 (1); ANDA061455 (1); ANDA070550 (1); ANDA071000 (1); BLA761324 (1); NDA017589 (1); ANDA090227 (1); ANDA076790 (1); ANDA083346 (1); ANDA208511 (1); ANDA204927 (1); ANDA207504 (1); ANDA076658 (1); ANDA091561 (1); ANDA208813 (1); ANDA207482 (1); ANDA205131 (1); ANDA040672 (1); ANDA200248 (1); NDA021437 (1); ANDA205457 (1); ANDA073645 (1); ANDA088857 (1); ANDA063187 (1); ANDA074460 (1); NDA018972 (1); ANDA072027 (1); ANDA090842 (1); ANDA216135 (1); ANDA076757 (1); NDA001546 (1); ANDA072991 (1); NDA017724 (1); ANDA076125 (1); NDA207223 (1); ANDA208460 (1); ANDA088544 (1); ANDA083266 (1); ANDA216013 (1); ANDA219883 (1); NDA020309 (1); NDA018669 (1); ANDA089618 (1); NDA210238 (1); ANDA071849 (1); ANDA217883 (1); ANDA075939 (1); ANDA206152 (1); NDA020457 (1); ANDA217875 (1); NDA019842 (1); NDA020884 (1); ANDA087893 (1); ANDA204453 (1); ANDA207857 (1); ANDA212699 (1); ANDA204043 (1); ANDA214476 (1); NDA216142 (1); ANDA071961 (1); ANDA075502 (1); NDA217785 (1); ANDA070466 (1); ANDA085214 (1); ANDA200935 (1); ANDA070063 (1); ANDA091596 (1); ANDA214073 (1); ANDA071511 (1); ANDA077522 (1); ANDA070729 (1); ANDA065047 (1); ANDA076671 (1); ANDA216393 (1); ANDA040553 (1); ANDA215601 (1); NDA006530 (1); ANDA061658 (1); ANDA088353 (1); ANDA211717 (1); ANDA076840 (1); ANDA214971 (1); ANDA088517 (1); NDA050555 (1); ANDA205868 (1); ANDA072386 (1); NDA050550 (1); ANDA218873 (1); ANDA077456 (1); ANDA208480 (1); NDA008915 (1); ANDA088860 (1); ANDA213902 (1); ANDA087515 (1); ANDA091568 (1); ANDA091135 (1); ANDA208534 (1); ANDA206120 (1); ANDA211607 (1); ANDA212533 (1); ANDA077369 (1); ANDA065406 (1); ANDA084417 (1); ANDA085781 (1); ANDA077658 (1); ANDA084307 (1); ANDA210969 (1); ANDA212224 (1); ANDA040609 (1); ANDA076223 (1); NDA019557 (1); ANDA072085 (1); NDA209989 (1); ANDA214751 (1); ANDA076315 (1); NDA021264 (1); ANDA203582 (1); ANDA206298 (1); ANDA070301 (1); ANDA080836 (1); ANDA075861 (1); ANDA085482 (1); ANDA215933 (1); ANDA061895 (1); ANDA091170 (1); ANDA205673 (1); ANDA211584 (1); NDA205836 (1); ANDA204205 (1); ANDA200177 (1); ANDA214729 (1); ANDA210209 (1); NDA219285 (1); ANDA209877 (1); ANDA210614 (1); ANDA062154 (1); ANDA083675 (1); ANDA077968 (1); ANDA209217 (1); ANDA070941 (1); NDA210833 (1); NDA021872 (1); ANDA071222 (1); ANDA212735 (1); ANDA200082 (1); ANDA085634 (1); ANDA091375 (1); ANDA076992 (1); ANDA072668 (1); ANDA074737 (1); NDA012708 (1); NDA011338 (1); ANDA065455 (1); ANDA203810 (1); NDA216340 (1); NDA018247 (1); ANDA071744 (1); ANDA083032 (1); ANDA088468 (1); ANDA077083 (1); ANDA205154 (1); ANDA086390 (1); ANDA205604 (1); BLA103691 (1); ANDA075582 (1); ANDA080825 (1); ANDA085899 (1); ANDA090970 (1); ANDA070317 (1); ANDA209076 (1); ANDA219376 (1); ANDA078761 (1); ANDA090500 (1); NDA021636 (1); ANDA091607 (1); ANDA217038 (1); ANDA088389 (1); ANDA085860 (1); NDA018892 (1); ANDA087457 (1); ANDA085736 (1); NDA019927 (1); ANDA208513 (1); ANDA090300 (1); NDA019112 (1); ANDA091071 (1); ANDA215902 (1); ANDA208001 (1); NDA017751 (1); ANDA090290 (1); ANDA077987 (1); NDA009193 (1); ANDA083203 (1); ANDA062698 (1); ANDA200828 (1); NDA021110 (1); ANDA076780 (1); ANDA214344 (1); ANDA040267 (1); ANDA202837 (1); ANDA212228 (1); ANDA040138 (1); ANDA090305 (1); ANDA090403 (1); NDA218213 (1); NDA009087 (1); ANDA204087 (1); ANDA065445 (1); ANDA202726 (1); ANDA075094 (1); ANDA211697 (1); ANDA071688 (1); ANDA074242 (1); ANDA210424 (1); ANDA214202 (1); ANDA215693 (1); NDA018867 (1); ANDA208479 (1); ANDA209752 (1); ANDA210201 (1); ANDA083667 (1); ANDA203736 (1); NDA018875 (1); ANDA080517 (1); ANDA210762 (1); NDA203100 (1); ANDA202424 (1); ANDA088654 (1); ANDA076557 (1); ANDA218993 (1); NDA050807 (1); ANDA217368 (1); ANDA213541 (1); ANDA089998 (1); ANDA078881 (1); ANDA209135 (1); ANDA212816 (1); ANDA074870 (1); ANDA210291 (1); ANDA204139 (1); NDA011839 (1); ANDA083035 (1); ANDA085288 (1); ANDA077656 (1); ANDA072155 (1); ANDA078228 (1); ANDA217282 (1); ANDA078573 (1); ANDA205001 (1); ANDA214659 (1); ANDA090665 (1); ANDA219273 (1); ANDA078262 (1); ANDA211991 (1); ANDA202114 (1); ANDA212548 (1); ANDA062417 (1); ANDA210169 (1); ANDA077195 (1); ANDA079167 (1); ANDA070688 (1); ANDA090873 (1); ANDA076930 (1); ANDA207121 (1); ANDA080419 (1); ANDA076693 (1); ANDA087250 (1); ANDA077007 (1); ANDA079032 (1); ANDA217314 (1); ANDA086841 (1); ANDA203512 (1); NDA014762 (1); NDA018439 (1); ANDA216677 (1); ANDA206166 (1); NDA021563 (1); ANDA077065 (1); ANDA078916 (1); ANDA207558 (1); ANDA216150 (1); ANDA211103 (1); ANDA060707 (1); NDA017635 (1); ANDA040804 (1); ANDA209180 (1); ANDA202824 (1); ANDA204473 (1); NDA022252 (1); ANDA085827 (1); ANDA215104 (1); ANDA089660 (1); NDA018299 (1); ANDA087200 (1); ANDA209823 (1); ANDA211076 (1); ANDA213472 (1); NDA019777 (1); ANDA088168 (1); ANDA217605 (1); ANDA081216 (1); ANDA214879 (1); NDA017037 (1); NDA206099 (1); ANDA086666 (1); ANDA072427 (1); ANDA212173 (1); ANDA209914 (1); ANDA216351 (1); NDA218860 (1); ANDA072954 (1); ANDA210106 (1); ANDA088555 (1); ANDA076914 (1); ANDA072967 (1); ANDA212428 (1); ANDA213583 (1); ANDA211705 (1); ANDA073664 (1); ANDA208826 (1); ANDA075006 (1); ANDA205982 (1); ANDA065188 (1); ANDA201276 (1); ANDA075621 (1); ANDA087429 (1); ANDA091479 (1); NDA216675 (1); ANDA078618 (1); ANDA202533 (1); ANDA079074 (1); ANDA062273 (1); NDA205208 (1); ANDA075403 (1); ANDA218507 (1); ANDA070107 (1); ANDA040254 (1); ANDA084149 (1); NDA008472 (1); ANDA077450 (1); ANDA204749 (1); ANDA078187 (1); ANDA203775 (1); ANDA209042 (1); NDA018795 (1); ANDA215304 (1); ANDA074245 (1); ANDA084741 (1); ANDA208094 (1); ANDA071062 (1); ANDA083389 (1); ANDA202696 (1); ANDA078292 (1); ANDA070678 (1); NDA050683 (1); NDA019781 (1); ANDA203380 (1); ANDA086240 (1); ANDA207358 (1); NDA022563 (1); ANDA077111 (1); ANDA079159 (1); ANDA078948 (1); ANDA075690 (1); ANDA040386 (1); ANDA075753 (1); NDA016818 (1); ANDA062089 (1); NDA215974 (1); ANDA062692 (1); ANDA080209 (1); NDA050731 (1); ANDA074593 (1); ANDA088792 (1); ANDA086337 (1); NDA019603 (1); ANDA078486 (1); ANDA090355 (1); NDA016403 (1); ANDA211079 (1); ANDA206938 (1); ANDA074701 (1); NDA022560 (1); ANDA077935 (1); NDA050314 (1); ANDA087197 (1); ANDA207803 (1); ANDA087213 (1); ANDA073037 (1); ANDA075303 (1); ANDA074662 (1); ANDA060569 (1); NDA020923 (1); ANDA074288 (1); ANDA212160 (1); NDA203756 (1); NDA022076 (1); ANDA088902 (1); NDA213006 (1); ANDA210834 (1); ANDA090199 (1); ANDA203621 (1); NDA011909 (1); NDA017130 (1); ANDA065118 (1); ANDA207802 (1); ANDA213369 (1); ANDA090575 (1); ANDA210542 (1); NDA019614 (1); ANDA084655 (1); ANDA209234 (1); ANDA205078 (1); NDA017488 (1); ANDA089970 (1); ANDA070021 (1); ANDA081134 (1); ANDA218365 (1); BLA761449 (1); NDA011835 (1); ANDA075857 (1); NDA010562 (1); ANDA077401 (1); NDA020355 (1); ANDA071601 (1); ANDA061450 (1); ANDA078870 (1); NDA022432 (1); ANDA203546 (1); ANDA074711 (1); NDA008604 (1); ANDA076260 (1); ANDA077623 (1); NDA022426 (1); NDA204768 (1); ANDA070918 (1); NDA212156 (1); BLA761067 (1); ANDA210760 (1); ANDA085929 (1); NDA211226 (1); ANDA213796 (1); NDA211192 (1); ANDA081213 (1); ANDA212482 (1); ANDA075980 (1); ANDA210819 (1); NDA018865 (1); ANDA204446 (1); ANDA218979 (1); ANDA206210 (1); ANDA213471 (1); ANDA076446 (1); ANDA040118 (1); ANDA071322 (1); ANDA218618 (1); ANDA085490 (1); ANDA062931 (1); ANDA211928 (1); NDA213005 (1); ANDA077892 (1); NDA016677 (1); ANDA214217 (1); ANDA216073 (1); ANDA040230 (1); ANDA214594 (1); ANDA040187 (1); NDA019785 (1); NDA020942 (1); ANDA076917 (1); ANDA062659 (1); ANDA088970 (1); ANDA089796 (1); ANDA076032 (1); ANDA211633 (1); ANDA088200 (1); NDA018057 (1); NDA210864 (1); ANDA090889 (1); ANDA078610 (1); ANDA088431 (1); ANDA074452 (1); ANDA078787 (1); ANDA207895 (1); ANDA217190 (1); ANDA089389 (1); ANDA210252 (1); ANDA083791 (1); ANDA091597 (1); ANDA207453 (1); NDA209022 (1); NDA021880 (1); NDA016245 (1); ANDA213279 (1); ANDA073671 (1); NDA017425 (1); ANDA077635 (1); ANDA075077 (1); ANDA208670 (1); ANDA088036 (1); ANDA217868 (1); ANDA075755 (1); ANDA203732 (1); ANDA089346 (1); ANDA076837 (1); ANDA040086 (1); NDA204150 (1); NDA215498 (1); ANDA076166 (1); ANDA211136 (1); NDA022063 (1); ANDA078202 (1); NDA008322 (1); NDA020961 (1); ANDA202438 (1); ANDA206817 (1); NDA017707 (1); ANDA210278 (1); ANDA070089 (1); ANDA083643 (1); ANDA202410 (1); ANDA076919 (1); ANDA208872 (1); ANDA078109 (1); ANDA075457 (1); ANDA091183 (1); ANDA074617 (1); ANDA080939 (1); NDA216718 (1); ANDA074978 (1); NDA050051 (1); ANDA088312 (1); ANDA202645 (1); ANDA205354 (1); ANDA202817 (1); ANDA207901 (1); ANDA090919 (1); ANDA074731 (1); ANDA065489 (1); ANDA081268 (1); ANDA077528 (1); ANDA203456 (1); ANDA078084 (1); NDA014005 (1); ANDA211497 (1); ANDA040059 (1); ANDA080324 (1); ANDA076502 (1); ANDA212169 (1); ANDA065276 (1); ANDA077445 (1); ANDA076012 (1); ANDA078917 (1); ANDA205034 (1); ANDA090166 (1); ANDA087904 (1); NDA020171 (1); NDA208135 (1); ANDA078179 (1); ANDA202085 (1); ANDA073062 (1); ANDA208358 (1); ANDA074466 (1); ANDA088642 (1); NDA011777 (1); ANDA091068 (1); ANDA087810 (1); ANDA208046 (1); ANDA074555 (1); ANDA076553 (1); ANDA202807 (1); ANDA203379 (1); ANDA202993 (1); ANDA211829 (1); NDA012339 (1); ANDA074498 (1); ANDA207635 (1); ANDA211059 (1); ANDA214088 (1); NDA021860 (1); ANDA062778 (1); NDA021348 (1); ANDA202864 (1); ANDA207961 (1); ANDA062150 (1); NDA213227 (1); ANDA202988 (1); NDA018251 (1); ANDA202996 (1); NDA206494 (1); NDA050370 (1); ANDA206418 (1); NDA020089 (1); ANDA207846 (1); ANDA074533 (1); ANDA062908 (1); ANDA070908 (1); ANDA218122 (1); ANDA074945 (1); ANDA040569 (1); NDA012193 (1); ANDA203002 (1); NDA018587 (1); ANDA203638 (1); BLA205692 (1); ANDA073523 (1); ANDA076655 (1); NDA020588 (1); ANDA075999 (1); ANDA074174 (1); ANDA204511 (1); ANDA040122 (1); ANDA211041 (1); ANDA217552 (1); ANDA076650 (1); ANDA063304 (1); ANDA090020 (1); ANDA080704 (1); ANDA212346 (1); ANDA070854 (1); NDA215064 (1); ANDA078066 (1); ANDA213695 (1); ANDA218706 (1); NDA016834 (1); ANDA089781 (1); ANDA091509 (1); ANDA062434 (1); NDA017386 (1); ANDA086745 (1); ANDA076362 (1); ANDA074176 (1); ANDA209801 (1); ANDA072362 (1); ANDA090189 (1); ANDA217034 (1); ANDA086187 (1); ANDA074844 (1); ANDA076342 (1); NDA016608 (1); ANDA211368 (1); NDA205852 (1); ANDA217659 (1); ANDA209351 (1); ANDA200900 (1); NDA206829 (1); ANDA065224 (1); ANDA084631 (1); ANDA065467 (1); ANDA207241 (1); ANDA204774 (1); NDA218590 (1); ANDA090547 (1); ANDA072755 (1); ANDA087004 (1); ANDA040649 (1); ANDA207049 (1); ANDA212947 (1); NDA020745 (1); ANDA205327 (1); ANDA072799 (1); ANDA075618 (1); ANDA203519 (1); ANDA086987 (1); ANDA212162 (1); ANDA072520 (1); ANDA090469 (1); ANDA213792 (1); NDA216482 (1); ANDA201633 (1); NDA021064 (1); NDA014860 (1); NDA017256 (1); ANDA219206 (1); ANDA203104 (1); NDA021870 (1); ANDA202259 (1); ANDA203442 (1); NDA021630 (1); ANDA087887 (1); ANDA085830 (1); NDA019887 (1); ANDA207418 (1); NDA011153 (1); NDA018926 (1); ANDA217747 (1); ANDA090849 (1); ANDA202983 (1); NDA208603 (1); ANDA213454 (1); ANDA072153 (1); ANDA072466 (1); ANDA202456 (1); ANDA210514 (1); ANDA072294 (1); ANDA065464 (1); ANDA204438 (1); NDA217603 (1); ANDA080079 (1); ANDA076133 (1); ANDA203325 (1); ANDA211898 (1); ANDA211359 (1); NDA009386 (1); ANDA077088 (1); ANDA084487 (1); NDA215422 (1); ANDA202385 (1); ANDA075659 (1); ANDA076185 (1); ANDA087748 (1); ANDA062157 (1); ANDA071026 (1); ANDA210129 (1); NDA020444 (1); ANDA206079 (1); ANDA204320 (1); ANDA079051 (1); ANDA040431 (1); ANDA217781 (1); ANDA084303 (1); ANDA088795 (1); ANDA091546 (1); ANDA204889 (1); ANDA083006 (1); ANDA211961 (1); ANDA071422 (1); ANDA084349 (1); ANDA216049 (1); ANDA089029 (1); ANDA078608 (1); ANDA070906 (1); ANDA205530 (1); ANDA083947 (1); ANDA074520 (1); NDA022352 (1); ANDA084926 (1); NDA022372 (1); ANDA203088 (1); NDA020315 (1); ANDA210989 (1); NDA021733 (1); ANDA072416 (1); ANDA091020 (1); NDA209354 (1); ANDA040094 (1); ANDA072212 (1); ANDA210102 (1); ANDA217733 (1); ANDA090292 (1); ANDA080592 (1); BLA761136 (1); ANDA083220 (1); ANDA090483 (1); ANDA090405 (1); NDA209311 (1); NDA021842 (1); ANDA206155 (1); ANDA070641 (1); ANDA210392 (1); ANDA078295 (1); ANDA085420 (1); NDA018814 (1); ANDA086004 (1); ANDA207068 (1); ANDA212707 (1); ANDA085904 (1); NDA017343 (1); ANDA076256 (1); NDA018813 (1); NDA009276 (1); ANDA077545 (1); ANDA204945 (1); ANDA079016 (1); ANDA075662 (1); ANDA206711 (1); ANDA210961 (1); ANDA202770 (1); ANDA075566 (1); NDA012015 (1); ANDA070955 (1); ANDA088598 (1); ANDA216019 (1); NDA022025 (1); NDA215143 (1); ANDA084710 (1); ANDA217721 (1); ANDA211732 (1); ANDA087222 (1); ANDA203630 (1); ANDA207073 (1); ANDA077614 (1); BLA101063 (1); ANDA205232 (1); NDA018876 (1); NDA016053 (1); ANDA071569 (1); NDA021003 (1); ANDA087030 (1); ANDA078743 (1); ANDA207550 (1); ANDA088570 (1); ANDA070038 (1); ANDA202179 (1); ANDA208048 (1); ANDA074434 (1); ANDA208101 (1); ANDA209403 (1); ANDA213683 (1); ANDA209591 (1); ANDA207420 (1); ANDA075279 (1); NDA207997 (1); ANDA211708 (1); NDA203568 (1); ANDA071193 (1); ANDA200222 (1); ANDA211264 (1); NDA212194 (1); ANDA212204 (1); NDA019523 (1); ANDA212727 (1); ANDA040418 (1); ANDA078104 (1); ANDA075512 (1); ANDA064103 (1); NDA021838 (1); ANDA064053 (1); ANDA084574 (1); ANDA061648 (1); ANDA088014 (1); ANDA088909 (1); ANDA205231 (1); ANDA070071 (1); ANDA078266 (1); ANDA087282 (1); ANDA211246 (1); ANDA214913 (1); ANDA202526 (1); BLA761192 (1); ANDA065242 (1); ANDA204433 (1); ANDA212681 (1); ANDA072921 (1); ANDA080235 (1); ANDA088275 (1); ANDA060002 (1); ANDA062248 (1); ANDA209813 (1); ANDA207634 (1); ANDA085253 (1); NDA019429 (1); ANDA215082 (1); ANDA085263 (1); ANDA202801 (1); ANDA202885 (1); NDA020238 (1); ANDA083948 (1); ANDA204022 (1); ANDA206199 (1); ANDA080401 (1); ANDA208234 (1); ANDA074722 (1); ANDA211650 (1); ANDA072220 (1); ANDA078807 (1); ANDA062387 (1); ANDA215002 (1); ANDA090881 (1); ANDA065405 (1); ANDA088299 (1); ANDA200673 (1); NDA017784 (1); ANDA071972 (1); ANDA078022 (1); ANDA074278 (1); NDA016740 (1); ANDA065321 (1); ANDA085532 (1); ANDA070401 (1); ANDA077085 (1); ANDA074441 (1); ANDA212891 (1); ANDA081295 (1); ANDA200884 (1); ANDA075729 (1); NDA020428 (1); ANDA215672 (1); ANDA085162 (1); ANDA211823 (1); NDA022573 (1); ANDA062978 (1); BLA761274 (1); ANDA071471 (1); ANDA211674 (1); ANDA219062 (1); ANDA203647 (1); ANDA202161 (1); ANDA086217 (1); ANDA209601 (1); ANDA074935 (1); ANDA078280 (1); ANDA211080 (1); ANDA217954 (1); NDA019487 (1); ANDA089202 (1); ANDA087037 (1); ANDA091079 (1); NDA021304 (1); ANDA071299 (1); ANDA213543 (1); ANDA077593 (1); ANDA040368 (1); ANDA072651 (1); ANDA085264 (1); ANDA087821 (1); ANDA074834 (1); ANDA072369 (1); ANDA209610 (1); ANDA213566 (1); ANDA074407 (1); ANDA087406 (1); ANDA040520 (1); ANDA087442 (1); ANDA207270 (1); NDA208685 (1); ANDA089932 (1); ANDA071839 (1); ANDA084924 (1); ANDA071724 (1); ANDA040356 (1); ANDA211638 (1); NDA017605 (1); ANDA200386 (1); ANDA089116 (1); ANDA040847 (1); ANDA211790 (1); NDA019779 (1); ANDA076065 (1); ANDA091145 (1); NDA019135 (1); NDA021507 (1); ANDA209043 (1); ANDA213019 (1); ANDA215657 (1); NDA016783 (1); ANDA073449 (1); ANDA074394 (1); NDA209863 (1); ANDA089479 (1); ANDA085809 (1); NDA021434 (1); NDA206843 (1); ANDA089028 (1); ANDA077713 (1); NDA017555 (1); ANDA089166 (1); NDA207145 (1); ANDA062727 (1); ANDA074035 (1); ANDA078465 (1); ANDA210654 (1); ANDA062171 (1); ANDA040007 (1); ANDA061896 (1); ANDA078393 (1); ANDA078732 (1); ANDA065303 (1); ANDA080126 (1); NDA006317 (1); ANDA090223 (1); ANDA065205 (1); ANDA211761 (1); NDA017606 (1); ANDA061149 (1); NDA018649 (1); ANDA209506 (1); ANDA219145 (1); ANDA090057 (1); NDA017971 (1); ANDA062008 (1); BLA125291 (1); ANDA210212 (1); ANDA071269 (1); NDA217003 (1); ANDA206714 (1); ANDA089883 (1); ANDA214789 (1); ANDA088173 (1); ANDA071371 (1); ANDA209855 (1); NDA021406 (1); ANDA203544 (1); ANDA085139 (1); ANDA075938 (1); ANDA090895 (1); ANDA075160 (1); ANDA076021 (1); ANDA076736 (1); ANDA079164 (1); NDA009175 (1); NDA018246 (1); ANDA207157 (1); ANDA063082 (1); ANDA200652 (1); NDA017680 (1); NDA021855 (1); ANDA084920 (1); NDA019940 (1); ANDA206815 (1); ANDA208632 (1); NDA205891 (1); ANDA075768 (1); ANDA077260 (1); ANDA080975 (1); ANDA210039 (1); ANDA217396 (1); NDA210565 (1); ANDA077433 (1); ANDA087910 (1); NDA207070 (1); ANDA074436 (1); ANDA074391 (1); ANDA215209 (1); ANDA040063 (1); ANDA076122 (1); ANDA083549 (1); NDA208745 (1); ANDA218386 (1); ANDA040682 (1); ANDA077137 (1); NDA017604 (1); ANDA213612 (1); ANDA077042 (1); NDA218390 (1); ANDA073421 (1); ANDA070537 (1); ANDA214213 (1); ANDA215899 (1); ANDA090027 (1); ANDA078597 (1); NDA021306 (1); ANDA070367 (1); ANDA076045 (1); ANDA077942 (1); ANDA087768 (1); ANDA210818 (1); ANDA216356 (1); ANDA205501 (1); NDA208271 (1); ANDA071078 (1); ANDA208831 (1); ANDA076682 (1); ANDA079214 (1); ANDA090902 (1); ANDA075410 (1); NDA213696 (1); ANDA086466 (1); NDA016692 (1); NDA019711 (1); ANDA213141 (1); ANDA090198 (1); NDA021690 (1); ANDA207891 (1); NDA205992 (1); NDA021610 (1); NDA016118 (1); ANDA200629 (1); ANDA209827 (1); ANDA214663 (1); ANDA087775 (1); NDA019600 (1); ANDA200648 (1); ANDA215893 (1); NDA022351 (1); ANDA078156 (1); ANDA208477 (1); ANDA065311 (1); ANDA213071 (1); ANDA086950 (1); ANDA078026 (1); ANDA213955 (1); ANDA209540 (1); ANDA081066 (1); ANDA074944 (1); ANDA074586 (1); ANDA217535 (1); ANDA088269 (1); ANDA201088 (1); ANDA217442 (1); ANDA078132 (1); NDA022256 (1); ANDA211144 (1); ANDA089800 (1); ANDA090576 (1); ANDA077824 (1); ANDA088314 (1); ANDA065119 (1); ANDA080797 (1); ANDA070790 (1); ANDA065074 (1); ANDA219540 (1); NDA213990 (1); ANDA090635 (1); ANDA086881 (1); NDA050680 (1); ANDA075795 (1); ANDA091436 (1); ANDA075667 (1); ANDA205181 (1); ANDA216730 (1); ANDA212019 (1); NDA204031 (1); ANDA206163 (1); ANDA072600 (1); ANDA203393 (1); ANDA072981 (1); ANDA079196 (1); ANDA090247 (1); ANDA085371 (1); NDA015072 (1); ANDA062332 (1); ANDA089807 (1); NDA218276 (1); ANDA085756 (1); ANDA209987 (1); ANDA078877 (1); ANDA085187 (1); ANDA085518 (1); ANDA071525 (1); ANDA084379 (1); ANDA207380 (1); NDA050355 (1); ANDA217228 (1); NDA016725 (1); NDA020635 (1); ANDA216915 (1); ANDA062435 (1); ANDA215873 (1); ANDA202274 (1); NDA050182 (1); NDA018810 (1); NDA208587 (1); ANDA071575 (1); ANDA202121 (1); ANDA090721 (1); NDA009053 (1); NDA021768 (1); ANDA075437 (1); NDA050724 (1); ANDA060463 (1); ANDA070515 (1); ANDA085876 (1); ANDA086840 (1); NDA219488 (1); ANDA211688 (1); ANDA076270 (1); NDA216403 (1); NDA050497 (1); ANDA201450 (1); NDA050460 (1); NDA021283 (1); NDA210906 (1); ANDA091052 (1); ANDA208421 (1); ANDA206660 (1); ANDA089338 (1); ANDA070482 (1); NDA050754 (1); ANDA070968 (1); ANDA212982 (1); ANDA071187 (1); ANDA207169 (1); ANDA090796 (1); ANDA087770 (1); NDA203188 (1); ANDA088871 (1); ANDA213947 (1); NDA017561 (1); ANDA075875 (1); NDA209080 (1); ANDA061410 (1); NDA019453 (1); ANDA084699 (1); ANDA212560 (1); ANDA090572 (1); NDA018754 (1); ANDA218017 (1); ANDA211626 (1); ANDA062523 (1); ANDA085893 (1); ANDA077861 (1); NDA008114 (1); ANDA201356 (1); ANDA216994 (1); ANDA061809 (1); ANDA083718 (1); NDA021098 (1); ANDA084872 (1); ANDA090658 (1); ANDA210410 (1); ANDA213317 (1); ANDA040401 (1); ANDA084899 (1); ANDA211593 (1); NDA020199 (1); ANDA219200 (1); ANDA205592 (1); ANDA210175 (1); ANDA091471 (1); ANDA075743 (1); ANDA214575 (1); ANDA088075 (1); ANDA091443 (1); ANDA077679 (1); NDA019687 (1); ANDA087506 (1); NDA018832 (1); ANDA204306 (1); ANDA062602 (1); ANDA210801 (1); ANDA078499 (1); NDA015139 (1); NDA020351 (1); ANDA070125 (1); ANDA211198 (1); ANDA088110 (1); ANDA074706 (1); ANDA207658 (1); ANDA215628 (1); NDA021402 (1); NDA021817 (1); ANDA202600 (1); ANDA206647 (1); NDA010598 (1); ANDA065230 (1); NDA009255 (1); ANDA061889 (1); ANDA077338 (1); ANDA213238 (1); ANDA073609 (1); ANDA202916 (1); ANDA079163 (1); NDA008306 (1); ANDA078774 (1); ANDA213385 (1); ANDA207234 (1); ANDA214415 (1); ANDA210571 (1); NDA202049 (1); ANDA204125 (1); ANDA070210 (1); ANDA065153 (1); ANDA088846 (1); ANDA075869 (1); ANDA088803 (1); ANDA079195 (1); ANDA078702 (1); ANDA089567 (1); ANDA202068 (1); ANDA202380 (1); ANDA072727 (1); ANDA203139 (1); ANDA216877 (1); ANDA088635 (1); ANDA085811 (1); ANDA076461 (1); ANDA076796 (1); ANDA077436 (1); ANDA076119 (1); ANDA075678 (1); ANDA210414 (1); ANDA063283 (1); ANDA212094 (1); ANDA077318 (1); NDA022255 (1); NDA022312 (1); ANDA088048 (1); ANDA205301 (1); NDA019048 (1); ANDA080564 (1); NDA014882 (1); ANDA215196 (1); ANDA071435 (1); ANDA040338 (1); ANDA083997 (1); ANDA217114 (1); NDA022295 (1); ANDA063293 (1); NDA205677 (1); ANDA203435 (1); ANDA086940 (1); ANDA091425 (1); ANDA210761 (1); ANDA091360 (1); ANDA062432 (1); ANDA065397 (1); ANDA074529 (1); ANDA203773 (1); NDA010721 (1); ANDA088265 (1); NDA005509 (1); ANDA065314 (1); ANDA075529 (1); ANDA087100 (1); ANDA077730 (1); ANDA040518 (1); ANDA071673 (1); ANDA209660 (1); NDA019408 (1); ANDA218920 (1); ANDA062129 (1); ANDA202308 (1); ANDA089859 (1); ANDA072692 (1); ANDA075807 (1); ANDA084712 (1); ANDA078369 (1); ANDA214489 (1); NDA205123 (1); ANDA088962 (1); ANDA205885 (1); ANDA078757 (1); ANDA218232 (1); ANDA214532 (1); NDA017962 (1); ANDA217916 (1); ANDA072197 (1); ANDA202925 (1); NDA018045 (1); ANDA210270 (1); ANDA090357 (1); ANDA206142 (1); ANDA080029 (1); BLA761148 (1); ANDA202633 (1); ANDA073334 (1); ANDA086954 (1); ANDA210446 (1); ANDA089575 (1); ANDA218281 (1); ANDA089276 (1); ANDA075119 (1); NDA212640 (1); ANDA202463 (1); NDA017714 (1); NDA020874 (1); ANDA206765 (1); ANDA091258 (1); ANDA077782 (1); ANDA076413 (1); ANDA211339 (1); ANDA077603 (1); ANDA085331 (1); NDA213969 (1); ANDA218069 (1); ANDA084626 (1); ANDA205120 (1); NDA021949 (1); ANDA216597 (1); ANDA076592 (1); ANDA203078 (1); ANDA218320 (1); ANDA076407 (1); ANDA080356 (1); ANDA091330 (1); ANDA204512 (1); ANDA076150 (1); ANDA077321 (1); ANDA062222 (1); ANDA089020 (1); ANDA203289 (1); ANDA078736 (1); ANDA212253 (1); ANDA075116 (1); BLA761119 (1); ANDA087240 (1); NDA018521 (1); NDA050718 (1); ANDA209903 (1); NDA019514 (1); ANDA214803 (1); NDA019398 (1); NDA200793 (1); NDA020201 (1); ANDA205357 (1); ANDA218858 (1); BLA125057 (1); ANDA213306 (1); ANDA210178 (1); ANDA074968 (1); ANDA071681 (1); NDA018058 (1); ANDA200172 (1); ANDA213442 (1); NDA209090 (1); NDA022128 (1); ANDA200536 (1); ANDA076585 (1); ANDA062912 (1); ANDA084236 (1); ANDA071793 (1); NDA011722 (1); ANDA217957 (1); ANDA076629 (1); ANDA083242 (1); ANDA212676 (1); ANDA090727 (1); NDA021957 (1); NDA020070 (1); ANDA085850 (1); NDA209347 (1); NDA020748 (1); ANDA077370 (1); ANDA071357 (1); NDA021385 (1); ANDA211056 (1); NDA018766 (1); ANDA072619 (1); ANDA204847 (1); NDA012342 (1); ANDA214629 (1); ANDA075281 (1); ANDA090548 (1); ANDA040508 (1); ANDA085650 (1); ANDA203964 (1); ANDA084286 (1); ANDA077746 (1); NDA216203 (1); BLA761025 (1); ANDA076317 (1); NDA207036 (1); NDA019908 (1); ANDA074931 (1); ANDA070942 (1); ANDA208531 (1); BLA761340 (1); ANDA081239 (1); ANDA087244 (1); ANDA072064 (1); NDA218784 (1); NDA216386 (1); ANDA214922 (1); ANDA214463 (1); ANDA076864 (1); ANDA090478 (1); ANDA084700 (1); NDA008983 (1); NDA209478 (1); ANDA062991 (1); ANDA078767 (1); ANDA213386 (1); ANDA212290 (1); ANDA085289 (1); ANDA087407 (1); ANDA075412 (1); ANDA085611 (1); ANDA207350 (1); ANDA212110 (1); ANDA206505 (1); ANDA075959 (1); ANDA085775 (1); ANDA074562 (1); NDA214358 (1); ANDA074114 (1); ANDA215675 (1); NDA202022 (1); ANDA079118 (1); NDA208088 (1); ANDA209530 (1); ANDA080498 (1); ANDA085493 (1); ANDA209997 (1); NDA206500 (1); NDA016419 (1); ANDA088480 (1); ANDA211188 (1); ANDA211750 (1); ANDA078147 (1); ANDA085230 (1); ANDA078177 (1); ANDA065079 (1); ANDA085569 (1); ANDA202565 (1); ANDA207667 (1); ANDA075831 (1); ANDA209197 (1); ANDA075835 (1); ANDA216917 (1); NDA020628 (1); NDA019071 (1); ANDA070483 (1); ANDA062894 (1); ANDA205037 (1); ANDA077208 (1); ANDA207995 (1); ANDA065278 (1); ANDA202718 (1); ANDA040412 (1); NDA021711 (1); NDA021001 (1); ANDA079068 (1); ANDA205096 (1); ANDA214553 (1); ANDA206348 (1); ANDA210794 (1); ANDA217856 (1); NDA021799 (1); NDA202833 (1); ANDA078958 (1); ANDA209898 (1); ANDA078700 (1); ANDA077166 (1); ANDA206887 (1); NDA209927 (1); ANDA214473 (1); BLA761269 (1); ANDA062849 (1); ANDA212174 (1); ANDA213942 (1); ANDA213203 (1); ANDA062714 (1); ANDA084237 (1); ANDA075827 (1); NDA216951 (1); ANDA215265 (1); NDA018807 (1); ANDA215035 (1); ANDA205248 (1); ANDA211888 (1); BLA125058 (1); ANDA215453 (1); ANDA091116 (1); ANDA208576 (1); ANDA203006 (1); ANDA062238 (1); NDA017986 (1); ANDA061188 (1); ANDA201920 (1); NDA218160 (1); ANDA218283 (1); ANDA213506 (1); ANDA090801 (1); ANDA040792 (1); ANDA208575 (1); ANDA213396 (1); ANDA070074 (1); NDA020941 (1); ANDA089597 (1); ANDA206785 (1); NDA017090 (1); BLA103770 (1); ANDA211969 (1); ANDA079075 (1); NDA017540 (1); NDA217836 (1); NDA205911 (1); NDA212269 (1); ANDA091356 (1); ANDA210812 (1); NDA017451 (1); ANDA077044 (1); ANDA076140 (1); NDA021744 (1); NDA022545 (1); ANDA064210 (1); ANDA087203 (1); NDA018205 (1); ANDA071949 (1); ANDA088967 (1); ANDA070331 (1); ANDA070225 (1); ANDA077061 (1); ANDA090463 (1); NDA211243 (1); ANDA085898 (1); ANDA206996 (1); ANDA218235 (1); BLA017692 (1); ANDA076195 (1); ANDA088606 (1); ANDA207368 (1); NDA016619 (1); NDA017641 (1); ANDA087393 (1); ANDA075564 (1); ANDA089187 (1); NDA201292 (1); ANDA210914 (1); ANDA207135 (1); ANDA076636 (1); ANDA062615 (1); NDA208159 (1); NDA020625 (1); ANDA040628 (1); ANDA209734 (1); ANDA214072 (1); NDA019115 (1); ANDA218899 (1); ANDA086853 (1); ANDA061453 (1); ANDA208675 (1); ANDA216953 (1); ANDA064205 (1); NDA018254 (1); ANDA209743 (1); ANDA212394 (1); ANDA210364 (1); ANDA216501 (1); ANDA070782 (1); NDA019369 (1); ANDA062354 (1); ANDA216090 (1); ANDA208701 (1); ANDA215483 (1); ANDA089139 (1); ANDA088100 (1); ANDA077615 (1); NDA214275 (1); ANDA076052 (1); ANDA211670 (1); NDA010942 (1); ANDA086837 (1); NDA017390 (1); NDA019260 (1); ANDA074619 (1); ANDA088608 (1); ANDA040473 (1); ANDA079081 (1); ANDA085105 (1); ANDA202954 (1); NDA018703 (1); ANDA090982 (1); ANDA060471 (1); ANDA211086 (1); NDA200403 (1); ANDA201808 (1); ANDA090960 (1); NDA018104 (1); ANDA077645 (1); ANDA062310 (1); ANDA215829 (1); ANDA075481 (1); ANDA208163 (1); NDA017506 (1); NDA021350 (1); ANDA216407 (1); ANDA085190 (1); ANDA086892 (1); ANDA216854 (1); ANDA204377 (1); ANDA217328 (1); ANDA202077 (1); ANDA203908 (1); ANDA079175 (1); NDA022192 (1); ANDA077761 (1); NDA020485 (1); ANDA087160 (1); ANDA207941 (1); ANDA202855 (1); NDA018869 (1); NDA022030 (1); ANDA062535 (1); ANDA211237 (1); NDA018890 (1); ANDA078464 (1); ANDA078373 (1); ANDA206446 (1); ANDA076044 (1); ANDA077303 (1); ANDA088476 (1); NDA203109 (1); ANDA063027 (1); ANDA213567 (1); ANDA077210 (1); ANDA208690 (1); NDA210787 (1); NDA214857 (1); ANDA070183 (1); ANDA216453 (1); ANDA201404 (1); ANDA213874 (1); ANDA078453 (1); ANDA070452 (1); ANDA083613 (1); ANDA091040 (1); NDA002386 (1); NDA019775 (1); NDA200678 (1); ANDA203506 (1); NDA019029 (1); ANDA064135 (1); ANDA211407 (1); ANDA211352 (1); NDA021473 (1); ANDA207207 (1); ANDA071830 (1); ANDA075594 (1); ANDA074411 (1); ANDA075285 (1); NDA019686 (1); ANDA218289 (1); ANDA213033 (1); ANDA213829 (1); ANDA203294 (1); NDA208573 (1); ANDA208786 (1); NDA022434 (1); ANDA085750 (1); ANDA065502 (1); ANDA088733 (1); NDA020833 (1); ANDA209913 (1); NDA208079 (1); NDA019134 (1); ANDA073585 (1); NDA201848 (1); ANDA074946 (1); ANDA085853 (1); ANDA088008 (1); ANDA071775 (1); ANDA216040 (1); NDA021042 (1); ANDA204841 (1); ANDA071851 (1); ANDA088785 (1); ANDA217892 (1); ANDA087805 (1); NDA216614 (1); ANDA040357 (1); ANDA065315 (1); ANDA076336 (1); ANDA089335 (1); NDA017603 (1); BLA017016 (1); NDA204251 (1); NDA020847 (1); ANDA072974 (1); ANDA040723 (1); NDA017743 (1); NDA021951 (1); ANDA204590 (1); ANDA076295 (1); ANDA071777 (1); ANDA072029 (1); ANDA077181 (1); ANDA086747 (1); ANDA040701 (1); NDA019415 (1); ANDA075090 (1); ANDA213986 (1); ANDA078469 (1); ANDA091604 (1); ANDA206358 (1); ANDA077243 (1); ANDA214726 (1); ANDA083847 (1); ANDA065198 (1); ANDA076330 (1); ANDA215377 (1); NDA022181 (1); ANDA202870 (1); NDA021204 (1); ANDA214814 (1); NDA022036 (1); ANDA040902 (1); ANDA084340 (1); ANDA078389 (1); ANDA075438 (1); ANDA064046 (1); ANDA203129 (1); ANDA217554 (1); ANDA073315 (1); ANDA079174 (1); NDA021738 (1); ANDA080761 (1); BLA050114 (1); ANDA070318 (1); ANDA074823 (1); ANDA088450 (1); ANDA206027 (1); NDA019729 (1); NDA010155 (1); ANDA072130 (1); ANDA073396 (1); NDA021598 (1); NDA017538 (1); ANDA071962 (1); ANDA214404 (1); NDA018930 (1); BLA125327 (1); NDA008126 (1); ANDA211032 (1); NDA021698 (1); ANDA215077 (1); ANDA074126 (1); ANDA070895 (1); ANDA090958 (1); ANDA202610 (1); ANDA212705 (1); ANDA203709 (1); ANDA083016 (1); ANDA088327 (1); NDA212038 (1); ANDA212308 (1); NDA205889 (1); ANDA078485 (1); ANDA078468 (1); ANDA214345 (1); ANDA209215 (1); NDA202834 (1); ANDA087101 (1); ANDA080140 (1); NDA012753 (1); NDA202155 (1); NDA022353 (1); NDA214826 (1); ANDA072210 (1); ANDA200243 (1); ANDA070677 (1); ANDA062645 (1); ANDA210285 (1); ANDA088039 (1); NDA020835 (1); ANDA210842 (1); ANDA088699 (1); ANDA091430 (1); ANDA075274 (1); NDA019421 (1); ANDA205134 (1); ANDA202595 (1); ANDA086495 (1); ANDA091077 (1); ANDA202071 (1); ANDA210370 (1); ANDA214650 (1); ANDA065384 (1); NDA018596 (1); ANDA205520 (1); ANDA065085 (1); ANDA078959 (1); ANDA205085 (1); ANDA200493 (1); ANDA087053 (1); ANDA088441 (1); ANDA062982 (1); NDA011073 (1); ANDA211491 (1); ANDA077031 (1); ANDA075735 (1); ANDA074862 (1); ANDA210991 (1); ANDA214596 (1); ANDA077076 (1); NDA022425 (1); ANDA205490 (1); ANDA218138 (1); ANDA088255 (1); ANDA088903 (1); ANDA202046 (1); ANDA216654 (1); ANDA089651 (1); ANDA210028 (1); ANDA070801 (1); ANDA090963 (1); ANDA075369 (1); NDA004589 (1); NDA010997 (1); ANDA063208 (1); NDA213004 (1); ANDA215241 (1); ANDA087932 (1); ANDA206585 (1); NDA018565 (1); ANDA089136 (1); BLA761080 (1); ANDA204982 (1); ANDA062691 (1); ANDA083393 (1); ANDA085432 (1); ANDA215197 (1); ANDA090825 (1); ANDA090855 (1); ANDA077227 (1); ANDA212264 (1); ANDA089474 (1); ANDA081067 (1); ANDA210746 (1); ANDA212356 (1); NDA020912 (1); ANDA214748 (1); ANDA217843 (1); NDA019643 (1); ANDA088603 (1); ANDA086968 (1); ANDA075513 (1); ANDA202053 (1); NDA021866 (1); ANDA077750 (1); ANDA065361 (1); ANDA214836 (1); ANDA075351 (1); ANDA209177 (1); ANDA077893 (1); NDA000552 (1); ANDA211933 (1); ANDA202532 (1); ANDA212083 (1); ANDA087987 (1); ANDA207848 (1); ANDA091440 (1); ANDA077846 (1); ANDA201483 (1); ANDA211661 (1); NDA212608 (1); ANDA083304 (1); ANDA202725 (1); ANDA216470 (1); NDA020400 (1); ANDA070586 (1); ANDA201333 (1); ANDA079114 (1); ANDA065215 (1); ANDA210577 (1); ANDA080780 (1); ANDA076931 (1); NDA021453 (1); ANDA202790 (1); ANDA077355 (1); ANDA211421 (1); ANDA209753 (1); NDA019130 (1); NDA017939 (1); ANDA077934 (1); NDA018860 (1); ANDA217170 (1); ANDA087328 (1); NDA019485 (1); ANDA065033 (1); ANDA203713 (1); ANDA061586 (1); NDA202714 (1); ANDA212631 (1); NDA021464 (1); ANDA078138 (1); NDA200153 (1); ANDA060003 (1); ANDA213085 (1); ANDA061667 (1); ANDA065174 (1); BLA761164 (1); NDA016131 (1); NDA216778 (1); ANDA089284 (1); NDA022429 (1); ANDA204770 (1); ANDA078400 (1); ANDA065507 (1); ANDA079246 (1); ANDA040800 (1); ANDA091176 (1); ANDA065264 (1); ANDA085228 (1); NDA208151 (1); ANDA215488 (1); ANDA214108 (1); ANDA075948 (1); NDA014127 (1); ANDA214691 (1); ANDA062321 (1); ANDA070803 (1); ANDA070513 (1); ANDA078641 (1); NDA020837 (1); ANDA065179 (1); ANDA206177 (1); ANDA074976 (1); ANDA201691 (1); ANDA075459 (1); ANDA076485 (1); ANDA209837 (1); ANDA074337 (1); ANDA090790 (1); ANDA209525 (1); ANDA062871 (1); ANDA091539 (1); ANDA083525 (1); NDA213407 (1); ANDA215692 (1); NDA010911 (1); ANDA203870 (1); ANDA075287 (1); ANDA210059 (1); ANDA204021 (1); ANDA076768 (1); ANDA211959 (1); ANDA084990 (1); ANDA215230 (1); ANDA212810 (1); ANDA217340 (1); NDA205839 (1); ANDA072438 (1); ANDA077488 (1); ANDA216204 (1); ANDA074252 (1); ANDA214608 (1); ANDA204090 (1); ANDA076859 (1); NDA021879 (1); ANDA063119 (1); ANDA204290 (1); ANDA075388 (1); ANDA090843 (1); ANDA062388 (1); NDA020394 (1); ANDA081113 (1); ANDA070800 (1); ANDA084729 (1); ANDA074461 (1); ANDA060760 (1); ANDA204210 (1); ANDA071883 (1); ANDA203454 (1); ANDA200653 (1); ANDA205302 (1); ANDA063266 (1); ANDA201072 (1); ANDA087761 (1); ANDA203021 (1); ANDA087471 (1); ANDA087523 (1); ANDA210707 (1); ANDA212543 (1); ANDA091672 (1); NDA207975 (1); ANDA088969 (1); ANDA065520 (1); ANDA206936 (1); NDA018450 (1); NDA010831 (1); ANDA083209 (1); ANDA216733 (1); ANDA213105 (1); NDA215830 (1); ANDA211856 (1); ANDA086212 (1); ANDA201126 (1); ANDA083627 (1); NDA017681 (1); NDA022206 (1); NDA022308 (1); ANDA071909 (1); ANDA074464 (1); NDA022387 (1); ANDA077613 (1); ANDA204575 (1); ANDA205971 (1); ANDA078199 (1); ANDA083431 (1); ANDA212500 (1); ANDA205129 (1); ANDA210333 (1); ANDA091611 (1); ANDA202336 (1); NDA021261 (1); ANDA218385 (1); ANDA083301 (1); NDA007942 (1); NDA050585 (1); ANDA075719 (1); ANDA091124 (1); ANDA214824 (1); NDA021060 (1); NDA050788 (1); NDA018388 (1); ANDA062528 (1); ANDA218087 (1); ANDA217968 (1); ANDA205309 (1); ANDA075327 (1); ANDA088563 (1); ANDA201503 (1); ANDA076433 (1); ANDA062844 (1); ANDA090827 (1); ANDA075727 (1); ANDA078191 (1); ANDA072077 (1); ANDA074262 (1); ANDA076352 (1); ANDA080377 (1); ANDA204688 (1); ANDA040427 (1); ANDA209700 (1); ANDA210173 (1); NDA209936 (1); ANDA205871 (1); ANDA204166 (1); ANDA090939 (1); ANDA206153 (1); ANDA083603 (1); ANDA074075 (1); ANDA040008 (1); ANDA218483 (1); NDA214521 (1); ANDA074754 (1); ANDA202548 (1); ANDA207762 (1); ANDA212047 (1); ANDA088066 (1); ANDA211442 (1); ANDA075465 (1); NDA022335 (1); ANDA219028 (1); ANDA080059 (1); ANDA212448 (1); ANDA206922 (1); ANDA205272 (1); ANDA217108 (1); ANDA073690 (1); ANDA205269 (1); NDA019032 (1); ANDA091019 (1); NDA213498 (1); NDA018405 (1); ANDA086220 (1); NDA021071 (1); ANDA083009 (1); ANDA075613 (1); ANDA091354 (1); ANDA210188 (1); NDA214510 (1); ANDA084969 (1); ANDA218429 (1); ANDA070965 (1); NDA022356 (1); ANDA204030 (1); ANDA079150 (1); ANDA090718 (1); ANDA070312 (1); ANDA088421 (1); ANDA209339 (1); ANDA070153 (1); ANDA218862 (1); ANDA091541 (1); ANDA200822 (1); ANDA074445 (1); ANDA091418 (1); ANDA084448 (1); ANDA090811 (1); ANDA214397 (1); ANDA076545 (1); ANDA076750 (1); NDA014217 (1); ANDA076584 (1); ANDA205106 (1); ANDA071355 (1); ANDA070926 (1); ANDA078569 (1); ANDA070973 (1); ANDA206389 (1); ANDA214623 (1); ANDA078008 (1); ANDA077706 (1); ANDA085914 (1); ANDA072208 (1); ANDA076591 (1); ANDA209328 (1); ANDA210058 (1); ANDA215624 (1); ANDA076030 (1); NDA019050 (1); ANDA086370 (1); ANDA219777 (1); ANDA091469 (1); ANDA040772 (1); ANDA213797 (1); ANDA075838 (1); NDA016119 (1); ANDA074661 (1); NDA203155 (1); ANDA091692 (1); ANDA201991 (1); NDA202293 (1); ANDA070564 (1); BLA761075 (1); ANDA202487 (1); ANDA090103 (1); NDA018506 (1); NDA021748 (1); ANDA200268 (1); ANDA210441 (1); ANDA204572 (1); ANDA078813 (1); ANDA084768 (1); BLA020521 (1); ANDA062761 (1); ANDA200484 (1); BLA103411 (1); ANDA215342 (1); NDA203565 (1); ANDA085601 (1); ANDA202409 (1); NDA022018 (1); ANDA086764 (1); ANDA088661 (1); NDA050429 (1); NDA207533 (1); NDA212320 (1); ANDA040276 (1); ANDA071331 (1); ANDA202597 (1); ANDA065435 (1); ANDA206973 (1); ANDA077332 (1); ANDA086029 (1); ANDA218812 (1); ANDA091332 (1); ANDA203689 (1); ANDA065431 (1); ANDA062736 (1); NDA009238 (1); ANDA071198 (1); NDA212099 (1); ANDA062099 (1); ANDA091106 (1); NDA019580 (1); ANDA076672 (1); NDA017508 (1); NDA019506 (1); ANDA062509 (1); BLA125553 (1); ANDA075407 (1); ANDA040331 (1); ANDA087554 (1); ANDA217542 (1); NDA019137 (1); ANDA077579 (1); ANDA209686 (1); NDA006921 (1); ANDA080817 (1); ANDA071806 (1); NDA010596 (1); ANDA084106 (1); ANDA087902 (1); ANDA087118 (1); ANDA212683 (1); ANDA070281 (1); ANDA207236 (1); ANDA204763 (1); ANDA214603 (1); NDA022211 (1); NDA006135 (1); ANDA080157 (1); ANDA080510 (1); ANDA200429 (1); ANDA080935 (1); NDA213026 (1); NDA018615 (1); ANDA088459 (1); NDA016379 (1); ANDA070455 (1); ANDA088424 (1); ANDA205742 (1); ANDA075276 (1); ANDA084188 (1); ANDA084751 (1); NDA021419 (1); ANDA091591 (1); NDA214652 (1); NDA020548 (1); ANDA085779 (1); NDA202278 (1); ANDA071242 (1); ANDA074097 (1); ANDA209086 (1); ANDA209824 (1); ANDA077992 (1); ANDA071925 (1); BLA761041 (1); ANDA203416 (1); ANDA085660 (1); ANDA088081 (1); ANDA070161 (1); NDA021169 (1); ANDA090034 (1); ANDA065255 (1); NDA016861 (1); ANDA072106 (1); ANDA089423 (1); NDA010374 (1); ANDA202253 (1); NDA012418 (1); NDA006773 (1); ANDA040306 (1); ANDA070313 (1); ANDA091559 (1); ANDA090495 (1); ANDA070867 (1); ANDA077844 (1); ANDA202420 (1); ANDA079111 (1); ANDA080669 (1); ANDA071640 (1); ANDA212780 (1); NDA016080 (1); ANDA211122 (1); ANDA212206 (1); ANDA202673 (1); ANDA209779 (1); ANDA087135 (1); ANDA083120 (1); ANDA072934 (1); ANDA076793 (1); ANDA207488 (1); ANDA071535 (1); NDA050761 (1); ANDA088147 (1); ANDA077121 (1); ANDA086402 (1); ANDA071820 (1); ANDA075181 (1); ANDA209584 (1); ANDA207752 (1); ANDA087783 (1); ANDA211749 (1); NDA022204 (1); ANDA083259 (1); ANDA074755 (1); ANDA078332 (1); ANDA077159 (1); NDA018375 (1); ANDA089177 (1); ANDA074788 (1); ANDA074307 (1); ANDA084576 (1); ANDA090734 (1); ANDA201966 (1); ANDA204010 (1); ANDA074254 (1); ANDA217357 (1); ANDA208774 (1); NDA017637 (1); NDA020931 (1); ANDA085004 (1); ANDA206312 (1); NDA020441 (1); NDA018362 (1); ANDA088587 (1); ANDA208299 (1); ANDA074827 (1); ANDA090052 (1); NDA019983 (1); ANDA077476 (1); ANDA213390 (1); ANDA202784 (1); ANDA070374 (1); NDA021450 (1); ANDA088415 (1); ANDA211783 (1); ANDA205182 (1); ANDA090153 (1); ANDA207035 (1); NDA050643 (1); ANDA087773 (1); ANDA088146 (1); NDA021041 (1); ANDA212281 (1); ANDA078459 (1); NDA016199 (1); NDA021943 (1); ANDA205968 (1); ANDA075721 (1); ANDA212409 (1); NDA210045 (1); NDA017105 (1); ANDA085878 (1); NDA019795 (1); ANDA205824 (1); ANDA088766 (1); NDA022310 (1); ANDA210754 (1); ANDA088337 (1); NDA050630 (1); ANDA091398 (1); ANDA206791 (1); ANDA208122 (1); ANDA207792 (1); ANDA080629 (1); ANDA210174 (1); ANDA204234 (1); ANDA213244 (1); NDA022051 (1); ANDA205646 (1); ANDA040811 (1); ANDA091004 (1); ANDA210687 (1); ANDA076720 (1); ANDA212629 (1); NDA017058 (1); ANDA213655 (1); ANDA077124 (1); ANDA078053 (1); ANDA207459 (1); ANDA089496 (1); NDA018722 (1); BLA761223 (1); NDA022524 (1); ANDA084935 (1); ANDA079060 (1); NDA021299 (1); ANDA205825 (1); ANDA075340 (1); ANDA071169 (1); BLA761328 (1); ANDA070243 (1); ANDA075152 (1); ANDA089514 (1); ANDA201189 (1); NDA050679 (1); ANDA075313 (1); ANDA203562 (1); ANDA217717 (1); ANDA081150 (1); ANDA064155 (1); NDA011641 (1); ANDA076770 (1); ANDA065501 (1); ANDA202366 (1); ANDA090132 (1); ANDA063274 (1); ANDA214831 (1); NDA218730 (1); NDA207930 (1); ANDA217689 (1); ANDA077626 (1); ANDA073210 (1); NDA022346 (1); ANDA201273 (1); NDA017366 (1); ANDA212628 (1); ANDA077555 (1); BLA761074 (1); NDA021123 (1); ANDA085155 (1); ANDA040433 (1); ANDA040779 (1); ANDA076899 (1); ANDA089977 (1); ANDA211583 (1); ANDA075461 (1); ANDA212152 (1); ANDA215577 (1); ANDA218181 (1); ANDA208008 (1); NDA018164 (1); ANDA088821 (1); ANDA074636 (1); ANDA070953 (1); ANDA208759 (1); ANDA203005 (1); ANDA090150 (1); NDA018422 (1); ANDA207883 (1); ANDA213298 (1); ANDA080736 (1); ANDA062333 (1); NDA018768 (1); ANDA216174 (1); ANDA204237 (1); ANDA078234 (1); ANDA072357 (1); ANDA070126 (1); ANDA212433 (1); ANDA214492 (1); ANDA086158 (1); ANDA074967 (1); ANDA204626 (1); ANDA084566 (1); ANDA207029 (1); ANDA217594 (1); NDA204886 (1); ANDA077722 (1); ANDA076497 (1); ANDA088187 (1); NDA201699 (1); ANDA071283 (1); ANDA210385 (1); ANDA091133 (1); ANDA212898 (1); ANDA083063 (1); ANDA215123 (1); NDA018281 (1); ANDA215012 (1); ANDA214547 (1); ANDA074629 (1); ANDA211667 (1); NDA201532 (1); ANDA075626 (1); ANDA212223 (1); NDA018558 (1); ANDA205234 (1); ANDA065155 (1); ANDA071381 (1); NDA006110 (1); ANDA088794 (1); NDA050566 (1); NDA014684 (1); ANDA208212 (1); ANDA206043 (1); ANDA088527 (1); ANDA084955 (1); ANDA208927 (1); ANDA071501 (1); ANDA205191 (1); NDA022514 (1); NDA022075 (1); ANDA216454 (1); ANDA202328 (1); ANDA040183 (1); NDA006012 (1); NDA050111 (1); ANDA074380 (1); ANDA203711 (1); ANDA077869 (1); NDA210793 (1); ANDA074680 (1); ANDA075250 (1); ANDA206308 (1); ANDA070288 (1); ANDA070474 (1); ANDA206288 (1); ANDA074569 (1); NDA206619 (1); ANDA060783 (1); ANDA206228 (1); ANDA091159 (1); ANDA205497 (1); ANDA214447 (1); NDA018061 (1); NDA216157 (1); ANDA087430 (1); NDA011984 (1); ANDA218497 (1); ANDA205550 (1); ANDA215472 (1); ANDA040870 (1); ANDA210226 (1); ANDA079013 (1); ANDA079096 (1); ANDA070339 (1); ANDA207521 (1); ANDA204328 (1); ANDA076668 (1); ANDA215127 (1); NDA017633 (1); ANDA089250 (1); ANDA204584 (1); ANDA079224 (1); ANDA209695 (1); ANDA062569 (1); NDA050526 (1); ANDA061926 (1); ANDA075510 (1); ANDA089257 (1); ANDA090754 (1); NDA213509 (1); ANDA090602 (1); ANDA076494 (1); ANDA209365 (1); ANDA218421 (1); ANDA210784 (1); ANDA089556 (1); ANDA072761 (1); ANDA085207 (1); ANDA214048 (1); ANDA218205 (1); NDA020161 (1); ANDA090371 (1); ANDA074983 (1); NDA020985 (1); ANDA076858 (1); ANDA211712 (1); ANDA212432 (1); ANDA214926 (1); ANDA087260 (1); BLA761046 (1); ANDA206888 (1); ANDA085219 (1); NDA050482 (1); ANDA040596 (1); ANDA078902 (1); NDA203045 (1); ANDA209583 (1); ANDA065057 (1); NDA018024 (1); ANDA090579 (1); NDA215973 (1); NDA018499 (1); ANDA062127 (1); ANDA075371 (1); NDA018062 (1); ANDA074199 (1); NDA216469 (1); NDA017494 (1); ANDA075983 (1); ANDA203335 (1); NDA211739 (1); ANDA207262 (1); ANDA218075 (1); ANDA077771 (1); ANDA215571 (1); ANDA078215 (1); ANDA084589 (1); ANDA070662 (1); ANDA075955 (1); ANDA074878 (1); ANDA040216 (1); ANDA063211 (1); ANDA065001 (1); ANDA088887 (1); ANDA210847 (1); ANDA207547 (1); ANDA202296 (1); ANDA080279 (1); NDA018988 (1); NDA050378 (1); ANDA091180 (1); ANDA208516 (1); ANDA076072 (1); ANDA075627 (1); ANDA218013 (1); ANDA072028 (1); ANDA088122 (1); ANDA076391 (1); NDA018081 (1); ANDA086130 (1); ANDA070166 (1); ANDA216770 (1); ANDA202588 (1); NDA021513 (1); ANDA217134 (1); ANDA219034 (1); ANDA216780 (1); ANDA077006 (1); ANDA206750 (1); NDA021199 (1); ANDA091236 (1); ANDA208127 (1); ANDA062152 (1); ANDA214010 (1); ANDA211645 (1); ANDA078339 (1); ANDA081040 (1); NDA218033 (1); ANDA206813 (1); NDA209379 (1); ANDA203812 (1); ANDA078175 (1); ANDA217237 (1); ANDA075263 (1); ANDA090381 (1); ANDA206416 (1); NDA218424 (1); ANDA087104 (1); ANDA203938 (1); ANDA076468 (1); NDA018593 (1); NDA022456 (1); ANDA090868 (1); ANDA087488 (1); ANDA089562 (1); NDA017064 (1); NDA210880 (1); ANDA212701 (1); ANDA214185 (1); ANDA083925 (1); ANDA213447 (1); ANDA080328 (1); ANDA216747 (1); ANDA208507 (1); ANDA085968 (1); NDA018561 (1); ANDA077168 (1); ANDA083547 (1); ANDA076075 (1); ANDA202310 (1); ANDA091228 (1); ANDA207119 (1); ANDA084779 (1); ANDA072194 (1); ANDA040061 (1); NDA021400 (1); ANDA204744 (1); ANDA218016 (1); ANDA210221 (1); ANDA086001 (1); ANDA085131 (1); ANDA213540 (1); NDA205613 (1); ANDA090699 (1); NDA013055 (1); NDA019658 (1); ANDA091610 (1); NDA204677 (1); ANDA214498 (1); ANDA076183 (1); ANDA212763 (1); ANDA087917 (1); ANDA076526 (1); NDA211413 (1); ANDA088183 (1); ANDA205291 (1); ANDA212046 (1); ANDA074925 (1); ANDA207385 (1); ANDA215408 (1); NDA019708 (1); ANDA078133 (1); NDA017378 (1); ANDA088345 (1); ANDA070998 (1); ANDA090296 (1); ANDA211263 (1); NDA050711 (1); BLA761262 (1); ANDA090191 (1); NDA205862 (1); ANDA212546 (1); NDA022214 (1); ANDA205902 (1); ANDA076871 (1); ANDA091415 (1); NDA020505 (1); ANDA076941 (1); ANDA218895 (1); ANDA072639 (1); NDA018554 (1); ANDA212493 (1); NDA019452 (1); ANDA091422 (1); ANDA071264 (1); ANDA076233 (1); ANDA080225 (1); ANDA078658 (1); ANDA084554 (1); ANDA204055 (1); ANDA040891 (1); ANDA214008 (1); ANDA214334 (1); ANDA219482 (1); ANDA072697 (1); ANDA201529 (1); ANDA078062 (1); ANDA212351 (1); ANDA088483 (1); ANDA205238 (1); ANDA212226 (1); ANDA075543 (1); ANDA074743 (1); ANDA085819 (1); ANDA212024 (1); ANDA089421 (1); NDA018502 (1); NDA017559 (1); ANDA062205 (1); ANDA209193 (1); NDA017903 (1); ANDA201515 (1); ANDA207474 (1); NDA021074 (1); ANDA088092 (1); ANDA077698 (1); ANDA206096 (1); NDA204141 (1); ANDA209596 (1); ANDA070123 (1); ANDA074758 (1); ANDA217084 (1); ANDA213446 (1); ANDA075539 (1); NDA017744 (1); NDA019815 (1); NDA210064 (1); ANDA090010 (1); ANDA209313 (1); ANDA077604 (1); ANDA062103 (1); ANDA070797 (1); ANDA208804 (1); ANDA040637 (1); NDA019946 (1); ANDA075452 (1); ANDA204855 (1); ANDA071726 (1); ANDA070737 (1); ANDA213542 (1); ANDA208250 (1); NDA202880 (1); ANDA071476 (1); NDA020071 (1); ANDA089127 (1); ANDA203261 (1); ANDA209448 (1); ANDA084014 (1); ANDA085931 (1); ANDA074789 (1); ANDA086714 (1); ANDA077226 (1); ANDA075269 (1); ANDA062607 (1); ANDA062856 (1); ANDA213128 (1); NDA019916 (1); ANDA085205 (1); ANDA089675 (1); ANDA071019 (1); ANDA078771 (1); ANDA200170 (1); NDA018270 (1); ANDA091267 (1); ANDA089331 (1); NDA018604 (1); NDA065214 (1); NDA016782 (1); ANDA090427 (1); NDA021384 (1); ANDA218555 (1); ANDA040378 (1); ANDA204813 (1); ANDA088745 (1); NDA215019 (1); ANDA210839 (1); ANDA077004 (1); ANDA078613 (1); ANDA208415 (1); ANDA074762 (1); ANDA216943 (1); ANDA202998 (1); ANDA075464 (1); ANDA208104 (1); NDA014359 (1); NDA017765 (1); ANDA078621 (1); ANDA209101 (1); NDA022220 (1); ANDA077979 (1); ANDA087464 (1); ANDA084100 (1); ANDA040337 (1); ANDA216250 (1); NDA204275 (1); ANDA074415 (1); ANDA071498 (1); ANDA078697 (1); ANDA216649 (1); ANDA089915 (1); ANDA211334 (1); ANDA203720 (1); ANDA212883 (1); ANDA070679 (1); ANDA089160 (1); ANDA215101 (1); ANDA076335 (1); ANDA088656 (1); ANDA089561 (1); ANDA201994 (1); ANDA062525 (1); ANDA076539 (1); NDA019700 (1); ANDA062816 (1); NDA017856 (1); ANDA078166 (1); NDA018738 (1); ANDA075067 (1); ANDA072573 (1); ANDA214758 (1); ANDA209826 (1); ANDA089027 (1); ANDA060307 (1); ANDA086077 (1); NDA212489 (1); NDA017059 (1); ANDA063165 (1); ANDA214331 (1); NDA022249 (1); NDA218711 (1); ANDA065368 (1); ANDA208928 (1); ANDA083450 (1); ANDA206122 (1); ANDA210448 (1); ANDA074211 (1); NDA021342 (1); ANDA078188 (1); ANDA088605 (1); ANDA083219 (1); NDA019047 (1); NDA020707 (1); ANDA076229 (1); ANDA205166 (1); ANDA087777 (1); ANDA209641 (1); BLA021663 (1); ANDA217227 (1); ANDA074246 (1); NDA019860 (1); ANDA070770 (1); ANDA072269 (1); NDA206334 (1); NDA020176 (1); ANDA213479 (1); ANDA084323 (1); ANDA203490 (1); ANDA078434 (1); NDA021997 (1); ANDA218372 (1); ANDA089238 (1); ANDA210484 (1); NDA021896 (1); NDA208712 (1); ANDA075584 (1); ANDA216127 (1); ANDA075705 (1); NDA022301 (1); ANDA087264 (1); ANDA203370 (1); ANDA076601 (1); ANDA206883 (1); ANDA063028 (1); ANDA076151 (1); ANDA086681 (1); ANDA091635 (1); NDA021875 (1); ANDA075104 (1); NDA019591 (1); ANDA075710 (1); ANDA215877 (1); ANDA201512 (1); ANDA071426 (1); ANDA074291 (1); ANDA217460 (1); NDA216472 (1); NDA017739 (1); ANDA213284 (1); ANDA211582 (1); ANDA213550 (1); NDA019483 (1); NDA050109 (1); ANDA212605 (1); ANDA074253 (1); ANDA085517 (1); ANDA210458 (1); ANDA062806 (1); NDA020183 (1); ANDA202845 (1); ANDA209919 (1); ANDA217825 (1); ANDA074403 (1); ANDA217943 (1); ANDA085182 (1); ANDA078633 (1); ANDA077981 (1); ANDA202349 (1); ANDA211134 (1); ANDA205943 (1); ANDA209527 (1); NDA050618 (1); ANDA077928 (1); ANDA207107 (1); ANDA212400 (1); ANDA076730 (1); ANDA089366 (1); ANDA040679 (1); ANDA040582 (1); ANDA208044 (1); ANDA078889 (1); ANDA085869 (1); ANDA091522 (1); ANDA205307 (1); ANDA070376 (1); ANDA207761 (1); ANDA085599 (1); ANDA088020 (1); ANDA062477 (1); ANDA088907 (1); ANDA202459 (1); ANDA211726 (1); ANDA088942 (1); NDA009282 (1); ANDA062608 (1); ANDA208559 (1); ANDA090871 (1); NDA210868 (1); ANDA074359 (1); ANDA209301 (1); ANDA079225 (1); ANDA079241 (1); ANDA083461 (1); NDA020885 (1); ANDA080712 (1); ANDA078794 (1); ANDA071496 (1); NDA022525 (1); ANDA090314 (1); ANDA204349 (1); ANDA076481 (1); ANDA209036 (1); ANDA075837 (1); NDA216834 (1); NDA005939 (1); ANDA078975 (1); ANDA091291 (1); NDA020602 (1); ANDA201616 (1); NDA209627 (1); ANDA214177 (1); ANDA090577 (1); ANDA076798 (1); ANDA209421 (1); NDA021159 (1); NDA017543 (1); ANDA065152 (1); ANDA064171 (1); NDA021595 (1); ANDA207366 (1); ANDA065387 (1); ANDA062423 (1); ANDA208820 (1); NDA208723 (1); ANDA074920 (1); ANDA088456 (1); ANDA062455 (1); ANDA205342 (1); ANDA210835 (1); ANDA203662 (1); NDA021358 (1); ANDA071627 (1); NDA020645 (1); ANDA207514 (1); NDA020717 (1); ANDA083305 (1); ANDA075232 (1); NDA208325 (1); ANDA084211 (1); NDA021837 (1); ANDA203200 (1); ANDA212626 (1); ANDA079061 (1); ANDA091656 (1); ANDA065049 (1); ANDA040164 (1); ANDA070459 (1); NDA214522 (1); ANDA203376 (1); NDA021166 (1); NDA018150 (1); ANDA203612 (1); NDA022408 (1); ANDA040185 (1); ANDA087838 (1); BLA022210 (1); ANDA075233 (1); ANDA065359 (1); NDA211284 (1); ANDA070740 (1); ANDA080755 (1); ANDA201193 (1); ANDA071203 (1); ANDA070721 (1); ANDA217377 (1); ANDA061591 (1); ANDA075005 (1); ANDA040652 (1); ANDA077253 (1); ANDA088564 (1); NDA208910 (1); ANDA087565 (1); ANDA071319 (1); ANDA208123 (1); ANDA078775 (1); ANDA080352 (1); ANDA216876 (1); ANDA083622 (1); ANDA085795 (1); ANDA065327 (1); ANDA070614 (1); ANDA072640 (1); ANDA074446 (1); NDA020192 (1); ANDA213573 (1); ANDA065121 (1); NDA050336 (1); NDA215341 (1); ANDA072196 (1); ANDA217258 (1); ANDA202868 (1); ANDA207290 (1); ANDA202669 (1); NDA021269 (1); ANDA040846 (1); ANDA210272 (1); ANDA077201 (1); NDA213217 (1); NDA019326 (1); NDA016990 (1); ANDA086159 (1); ANDA071251 (1); ANDA071167 (1); ANDA074472 (1); ANDA076969 (1); ANDA216911 (1); ANDA085986 (1); ANDA209937 (1); ANDA062974 (1); ANDA087216 (1); NDA010418 (1); ANDA088021 (1); NDA216285 (1); NDA022309 (1); ANDA075375 (1); ANDA075686 (1); ANDA202054 (1); ANDA090506 (1); ANDA090432 (1); ANDA089684 (1); ANDA203965 (1); NDA013422 (1); ANDA211139 (1); ANDA215534 (1); ANDA060770 (1); ANDA065123 (1); NDA012796 (1); ANDA077672 (1); ANDA091583 (1); ANDA086299 (1); NDA217415 (1); ANDA075915 (1); ANDA207338 (1); ANDA087176 (1); ANDA085702 (1); NDA050613 (1); ANDA085321 (1); ANDA071229 (1); ANDA073440 (1); ANDA065482 (1); ANDA040396 (1); ANDA064086 (1); ANDA070245 (1); ANDA213212 (1); ANDA071858 (1); ANDA090789 (1); ANDA086010 (1); ANDA088267 (1); ANDA070817 (1); ANDA084108 (1); ANDA072398 (1); ANDA062450 (1); ANDA207976 (1); ANDA075927 (1); ANDA088852 (1); NDA050625 (1); ANDA060677 (1); NDA007707 (1); NDA021307 (1); ANDA091232 (1); ANDA203208 (1); ANDA201231 (1); NDA200733 (1); ANDA087158 (1); ANDA060752 (1); ANDA214486 (1); ANDA207579 (1); ANDA040097 (1); BLA761032 (1); ANDA076503 (1); ANDA091186 (1); ANDA217081 (1); ANDA208084 (1); ANDA077135 (1); ANDA065056 (1); NDA021537 (1); NDA210428 (1); ANDA210096 (1); NDA020907 (1); NDA216359 (1); NDA216984 (1); ANDA213601 (1); ANDA071751 (1); ANDA085297 (1); NDA016784 (1); ANDA206438 (1); ANDA211831 (1); ANDA087410 (1); NDA011702 (1); ANDA080722 (1); ANDA085873 (1); NDA204300 (1); ANDA062548 (1); ANDA088241 (1); NDA022273 (1); ANDA210856 (1); ANDA213418 (1); ANDA202503 (1); ANDA074056 (1); ANDA078197 (1); ANDA084913 (1); ANDA216648 (1); ANDA062813 (1); ANDA209109 (1); NDA050796 (1); ANDA201890 (1); NDA007961 (1); ANDA215663 (1); NDA010124 (1); ANDA085676 (1); ANDA209461 (1); ANDA207733 (1); ANDA211792 (1); NDA203510 (1); ANDA203018 (1); ANDA214330 (1); ANDA085091 (1); ANDA218018 (1); NDA050565 (1); NDA018537 (1); ANDA074471 (1); ANDA217732 (1); ANDA209698 (1); ANDA077534 (1); ANDA212630 (1); ANDA040114 (1); BLA761097 (1); NDA021258 (1); ANDA077654 (1); ANDA089482 (1); ANDA205360 (1); NDA012419 (1); ANDA088481 (1); ANDA070304 (1); ANDA074133 (1); ANDA219111 (1); ANDA040420 (1); ANDA065465 (1); BLA125156 (1); ANDA212472 (1); ANDA210958 (1); NDA217779 (1); ANDA215403 (1); ANDA075149 (1); ANDA215771 (1); NDA205917 (1); ANDA213191 (1); BLA121559 (1); ANDA075348 (1); ANDA070079 (1); ANDA091351 (1); ANDA080340 (1); NDA018230 (1); NDA203414 (1); ANDA087022 (1); ANDA218110 (1); ANDA205926 (1); ANDA210945 (1); ANDA072124 (1); NDA021512 (1); NDA202088 (1); ANDA207022 (1); ANDA207582 (1); ANDA205412 (1); NDA050753 (1); ANDA217687 (1); ANDA207867 (1); ANDA087953 (1); NDA211950 (1); ANDA214326 (1); ANDA070911 (1); ANDA214996 (1); ANDA085745 (1); ANDA080020 (1); ANDA078651 (1); ANDA083870 (1); ANDA070659 (1); ANDA202045 (1); ANDA210676 (1); ANDA085932 (1); ANDA208061 (1); ANDA214308 (1); ANDA201790 (1); ANDA072536 (1); NDA022293 (1); ANDA076967 (1); ANDA078154 (1); ANDA072235 (1); ANDA089095 (1); ANDA216439 (1); ANDA065410 (1); ANDA062763 (1); ANDA078526 (1); ANDA071956 (1); ANDA076296 (1); ANDA201748 (1); ANDA208888 (1); ANDA074393 (1); ANDA088379 (1); ANDA212674 (1); NDA016796 (1); NDA021303 (1); ANDA040266 (1); NDA019228 (1); ANDA075439 (1); ANDA218939 (1); ANDA085103 (1); ANDA085115 (1); ANDA212789 (1); ANDA084627 (1); ANDA074760 (1); ANDA216598 (1); NDA209529 (1); NDA021246 (1); ANDA213213 (1); ANDA086750 (1); NDA020498 (1); ANDA083982 (1); NDA017528 (1); ANDA077172 (1); ANDA087636 (1); ANDA071739 (1); NDA021654 (1); ANDA200263 (1); ANDA088370 (1); ANDA076920 (1); NDA021284 (1); ANDA091640 (1); ANDA212889 (1); ANDA086953 (1); ANDA217021 (1); ANDA086893 (1); NDA050730 (1); ANDA074228 (1); NDA020386 (1); ANDA211722 (1); ANDA074260 (1); ANDA088674 (1); ANDA086471 (1); ANDA070397 (1); ANDA086099 (1); ANDA070650 (1); ANDA060567 (1); ANDA214618 (1); ANDA086845 (1); ANDA074455 (1); ANDA083386 (1); ANDA077959 (1); ANDA085638 (1); ANDA075791 (1); ANDA209567 (1); ANDA205439 (1); ANDA070354 (1); ANDA088561 (1); ANDA204227 (1); NDA020704 (1); NDA021609 (1); ANDA091390 (1); ANDA076277 (1); ANDA201894 (1); ANDA088284 (1); NDA050610 (1); ANDA078416 (1); ANDA211251 (1); NDA006412 (1); ANDA207354 (1); ANDA215005 (1); ANDA071079 (1); ANDA203407 (1); ANDA216284 (1); ANDA204635 (1); ANDA206069 (1); ANDA206010 (1); ANDA075968 (1); ANDA203729 (1); ANDA040327 (1); ANDA203761 (1); NDA006008 (1); ANDA212561 (1); ANDA071613 (1); ANDA075103 (1); ANDA081070 (1); ANDA074961 (1); NDA018044 (1); NDA021644 (1); ANDA207690 (1); ANDA076218 (1); ANDA089141 (1); ANDA207823 (1); ANDA209450 (1); ANDA212420 (1); NDA017813 (1); ANDA217265 (1); ANDA088732 (1); NDA215868 (1); ANDA090375 (1); ANDA209634 (1); NDA207920 (1); ANDA077764 (1); ANDA084914 (1); NDA050597 (1); ANDA070270 (1); ANDA202700 (1); NDA021214 (1); ANDA088947 (1); ANDA091683 (1); ANDA091464 (1); ANDA205609 (1); ANDA211436 (1); ANDA090457 (1); ANDA077663 (1); ANDA200695 (1); ANDA209025 (1); ANDA064166 (1); ANDA086952 (1); ANDA210377 (1); ANDA076993 (1); ANDA208501 (1); ANDA091056 (1); ANDA071437 (1); ANDA212339 (1); ANDA071653 (1); ANDA064028 (1); ANDA080614 (1); NDA016774 (1); NDA021247 (1); ANDA090604 (1); ANDA083115 (1); ANDA089126 (1); ANDA083475 (1); ANDA087757 (1); ANDA086329 (1); ANDA071022 (1); ANDA062992 (1); ANDA077563 (1); ANDA211518 (1); ANDA074271 (1); ANDA210197 (1); NDA021926 (1); ANDA216791 (1); ANDA087653 (1); ANDA207736 (1); ANDA065154 (1); ANDA074735 (1); ANDA077642 (1); ANDA213268 (1); ANDA089903 (1); NDA013934 (1); ANDA075850 (1); ANDA090545 (1); ANDA078388 (1); NDA009268 (1); ANDA076458 (1); NDA202439 (1); NDA018102 (1); NDA017794 (1); ANDA087853 (1); ANDA206772 (1); NDA017001 (1); ANDA207763 (1); ANDA074897 (1); NDA021016 (1); ANDA071001 (1); NDA210655 (1); ANDA088825 (1); NDA017963 (1); NDA017788 (1); ANDA087647 (1); ANDA083442 (1); ANDA201759 (1); ANDA074067 (1); ANDA210402 (1); ANDA216467 (1); ANDA208983 (1); ANDA215890 (1); NDA211617 (1); ANDA086308 (1); ANDA203371 (1); ANDA206954 (1); ANDA061699 (1); ANDA065226 (1); NDA020151 (1); NDA218637 (1); ANDA075220 (1); NDA020767 (1); NDA021361 (1); ANDA076489 (1); ANDA078284 (1); ANDA088053 (1); ANDA075317 (1); ANDA088673 (1); ANDA214378 (1); NDA202192 (1); NDA018764 (1); ANDA090920 (1); ANDA078072 (1); ANDA090200 (1); ANDA083388 (1); NDA011459 (1); ANDA040573 (1); NDA022290 (1); ANDA080308 (1); ANDA074992 (1); ANDA203511 (1); ANDA085985 (1); ANDA085842 (1); ANDA206086 (1); ANDA078561 (1); ANDA202051 (1); ANDA206986 (1); NDA202106 (1); ANDA207624 (1); ANDA214140 (1); ANDA075069 (1); ANDA078988 (1); ANDA040888 (1); ANDA216971 (1); NDA018211 (1); ANDA080333 (1); NDA207958 (1); ANDA078638 (1); ANDA200146 (1); ANDA204440 (1); ANDA075809 (1); ANDA089524 (1); NDA022370 (1); ANDA075759 (1); ANDA070429 (1); ANDA207555 (1); NDA016367 (1); ANDA210130 (1); ANDA077708 (1); ANDA090244 (1); NDA214770 (1); NDA203858 (1); ANDA078167 (1); ANDA075305 (1); ANDA084143 (1); NDA019345 (1); NDA018536 (1); ANDA205077 (1); ANDA071879 (1); ANDA075179 (1); ANDA091294 (1); ANDA070380 (1); ANDA089049 (1); ANDA062859 (1); NDA009854 (1); NDA019493 (1); ANDA208933 (1); ANDA080841 (1); ANDA208003 (1); ANDA040706 (1); NDA208083 (1); ANDA207758 (1); NDA022571 (1); ANDA073117 (1); ANDA217353 (1); ANDA072074 (1); ANDA084616 (1); ANDA084911 (1); ANDA211758 (1); NDA016047 (1); NDA050629 (1); NDA022578 (1); ANDA077797 (1); ANDA077100 (1); ANDA084360 (1); ANDA084947 (1); ANDA218397 (1); ANDA083306 (1); ANDA088763 (1); ANDA215469 (1); ANDA202956 (1); ANDA090159 (1); ANDA213761 (1); ANDA206181 (1); ANDA070793 (1); NDA017269 (1); ANDA202482 (1); NDA206510 (1); ANDA207401 (1); ANDA216922 (1); BLA125544 (1); NDA011808 (1); ANDA081151 (1); ANDA040305 (1); ANDA077050 (1); ANDA072933 (1); ANDA087862 (1); ANDA062989 (1); ANDA213171 (1); ANDA212070 (1); NDA021802 (1); ANDA075570 (1); ANDA207160 (1); ANDA210611 (1); ANDA040157 (1); ANDA084531 (1); ANDA077248 (1); ANDA203326 (1); NDA008319 (1); ANDA090720 (1); NDA020575 (1); ANDA077855 (1); NDA204958 (1); ANDA076695 (1); ANDA076258 (1); ANDA203695 (1); ANDA210042 (1); NDA206544 (1); ANDA088223 (1); ANDA078952 (1); ANDA071885 (1); ANDA040209 (1); ANDA087596 (1); BLA125117 (1); ANDA091454 (1); ANDA078392 (1); ANDA070182 (1); ANDA211817 (1); ANDA071618 (1); ANDA216801 (1); ANDA216481 (1); ANDA076172 (1); ANDA089011 (1); NDA007110 (1); ANDA217288 (1); NDA019813 (1); NDA019568 (1); ANDA040468 (1); NDA009321 (1); BLA017837 (1); ANDA211694 (1); NDA009859 (1); NDA017581 (1); ANDA090088 (1); ANDA215816 (1); ANDA213798 (1); ANDA062726 (1); ANDA087864 (1); ANDA210984 (1); ANDA088396 (1); NDA017655 (1); BLA103948 (1); ANDA078728 (1); ANDA078365 (1); ANDA089365 (1); ANDA077930 (1); ANDA071110 (1); ANDA075519 (1); ANDA075139 (1); ANDA207594 (1); ANDA215269 (1); ANDA080221 (1); ANDA076313 (1); ANDA084259 (1); ANDA080874 (1); ANDA087021 (1); NDA210566 (1); ANDA204999 (1); ANDA206858 (1); NDA019698 (1); ANDA087961 (1); ANDA215016 (1); ANDA208366 (1); ANDA212932 (1); NDA022318 (1); ANDA088529 (1); ANDA216434 (1); ANDA077127 (1); ANDA080420 (1); ANDA217789 (1); ANDA207843 (1); NDA050750 (1); ANDA063277 (1); NDA011213 (1); NDA018500 (1); ANDA074638 (1); ANDA090430 (1); NDA219008 (1); ANDA076685 (1); ANDA040295 (1); NDA209400 (1); NDA020144 (1); ANDA215307 (1); NDA020971 (1); ANDA205105 (1); ANDA210432 (1); ANDA088409 (1); ANDA088425 (1); NDA021102 (1); ANDA077749 (1); ANDA085487 (1); ANDA070450 (1); NDA022393 (1); ANDA205449 (1); ANDA216972 (1); ANDA090498 (1); ANDA086505 (1); ANDA205180 (1); ANDA205536 (1); NDA021321 (1); ANDA215911 (1); ANDA040840 (1); ANDA076995 (1); ANDA087537 (1); NDA018183 (1); ANDA063065 (1); ANDA203433 (1); ANDA210142 (1); ANDA086143 (1); ANDA088248 (1); ANDA215673 (1); ANDA073092 (1); ANDA203087 (1); NDA214200 (1); ANDA074334 (1); NDA021187 (1); ANDA073079 (1); ANDA085435 (1); ANDA085645 (1); ANDA202351 (1); ANDA214992 (1); ANDA208537 (1); NDA017657 (1); ANDA080921 (1); ANDA085787 (1); NDA019385 (1); ANDA070412 (1); ANDA209808 (1); ANDA061049 (1); ANDA209118 (1); ANDA065413 (1); NDA018803 (1); NDA050619 (1); ANDA072620 (1); ANDA207569 (1); ANDA208116 (1); NDA018564 (1); ANDA072735 (1); ANDA087614 (1); NDA217686 (1); ANDA202491 (1); ANDA077419 (1); ANDA073630 (1); NDA019119 (1); ANDA209029 (1); ANDA212592 (1); ANDA083062 (1); ANDA085944 (1); ANDA088471 (1); ANDA087621 (1); ANDA074312 (1); NDA017084 (1); ANDA070460 (1); ANDA214534 (1); NDA021829 (1); ANDA077262 (1); ANDA208055 (1); ANDA207484 (1); ANDA089892 (1); ANDA071275 (1); ANDA205331 (1); NDA012806 (1); NDA050536 (1); ANDA207873 (1); NDA022503 (1); ANDA075558 (1); ANDA087836 (1); ANDA213654 (1); ANDA070660 (1); NDA018701 (1); ANDA207085 (1); ANDA070134 (1); ANDA073509 (1); ANDA218583 (1); ANDA076849 (1); ANDA211128 (1); ANDA090808 (1); ANDA077795 (1); ANDA072034 (1); ANDA207577 (1); ANDA070470 (1); NDA011300 (1); BLA019774 (1); NDA020753 (1); NDA020250 (1); ANDA202229 (1); ANDA200265 (1); ANDA209524 (1); NDA019005 (1); ANDA089370 (1); ANDA062290 (1); ANDA215382 (1); ANDA081310 (1); NDA012728 (1); ANDA207480 (1); ANDA080696 (1); ANDA084401 (1); ANDA087310 (1); ANDA216119 (1); ANDA088371 (1); ANDA084644 (1); ANDA205959 (1); ANDA202042 (1); ANDA090901 (1); ANDA086606 (1); ANDA204555 (1); NDA215401 (1); NDA021241 (1); ANDA210551 (1); ANDA080370 (1); ANDA085323 (1); NDA212304 (1); ANDA040825 (1); ANDA206167 (1); ANDA206393 (1); ANDA088729 (1); NDA018000 (1); ANDA214219 (1); ANDA074873 (1); ANDA085743 (1); NDA017377 (1); ANDA088630 (1); ANDA217330 (1); NDA008678 (1); ANDA090578 (1); NDA200732 (1); ANDA090716 (1); ANDA086272 (1); ANDA078309 (1); ANDA070828 (1); ANDA081214 (1); ANDA080936 (1); ANDA209547 (1); NDA018300 (1); ANDA204383 (1); ANDA091249 (1); ANDA076697 (1); NDA018535 (1); ANDA085416 (1); ANDA211107 (1); NDA018928 (1); ANDA071551 (1); ANDA089102 (1); ANDA203693 (1); NDA020939 (1); BLA761090 (1); ANDA203960 (1); ANDA062003 (1); ANDA207087 (1); ANDA086485 (1); NDA022509 (1); ANDA087301 (1); ANDA091367 (1); ANDA203028 (1); ANDA206437 (1); ANDA076344 (1); ANDA077426 (1); ANDA086141 (1); ANDA209861 (1); NDA006441 (1); ANDA218133 (1); ANDA077973 (1); NDA018088 (1); ANDA214809 (1); ANDA212473 (1); ANDA040513 (1); NDA205596 (1); ANDA077187 (1); ANDA088182 (1); ANDA065373 (1); ANDA205421 (1); ANDA088577 (1); ANDA079017 (1); NDA208686 (1); ANDA210371 (1); ANDA074261 (1); NDA022527 (1); ANDA205743 (1); ANDA201384 (1); ANDA213504 (1); ANDA077514 (1); ANDA206957 (1); NDA009768 (1); ANDA089164 (1); ANDA075986 (1); NDA006488 (1); NDA018911 (1); ANDA200825 (1); ANDA065458 (1); ANDA085909 (1); ANDA088356 (1); ANDA074984 (1); ANDA088702 (1); ANDA040503 (1); ANDA065473 (1); NDA215875 (1); ANDA070943 (1); ANDA076353 (1); ANDA072383 (1); ANDA207113 (1); ANDA062269 (1); NDA016820 (1); NDA050417 (1); NDA205645 (1); NDA017571 (1); NDA050705 (1); ANDA207994 (1); NDA019630 (1); ANDA204327 (1); ANDA075889 (1); ANDA088668 (1); BLA125031 (1); ANDA071514 (1); NDA018916 (1); NDA020451 (1); ANDA213630 (1); ANDA077380 (1); ANDA088908 (1); ANDA213467 (1); ANDA062508 (1); ANDA212007 (1); ANDA214908 (1); ANDA215623 (1); ANDA084678 (1); ANDA063118 (1); ANDA084767 (1); ANDA216187 (1); NDA207970 (1); ANDA076904 (1); ANDA086336 (1); ANDA076905 (1); ANDA070576 (1); ANDA090011 (1); ANDA071672 (1); ANDA087003 (1); ANDA216496 (1); ANDA089143 (1); ANDA080701 (1); ANDA209399 (1); ANDA213226 (1); ANDA206260 (1); NDA018470 (1); ANDA203557 (1); ANDA062847 (1); NDA021463 (1); ANDA077421 (1); ANDA087964 (1); BLA761258 (1); NDA018123 (1); ANDA202521 (1); ANDA062935 (1); ANDA088447 (1); ANDA207477 (1); ANDA088133 (1); ANDA076290 (1); ANDA090564 (1); ANDA091246 (1); ANDA202890 (1); NDA018584 (1); ANDA215733 (1); NDA009018 (1); ANDA211972 (1); NDA208400 (1); ANDA203518 (1); ANDA211013 (1); NDA017405 (1); NDA020500 (1); ANDA083381 (1); ANDA200271 (1); ANDA084742 (1); ANDA084916 (1); ANDA071023 (1); NDA210331 (1); ANDA065325 (1); NDA019880 (1); ANDA065269 (1); ANDA089395 (1); ANDA088994 (1); NDA202814 (1); ANDA084050 (1); ANDA216505 (1); NDA021569 (1); NDA050011 (1); ANDA074673 (1); NDA020530 (1); ANDA078107 (1); NDA019693 (1); ANDA075803 (1); ANDA211836 (1); ANDA065444 (1); NDA050504 (1); ANDA061148 (1); ANDA077647 (1); ANDA071886 (1); ANDA074537 (1); ANDA088840 (1); ANDA090859 (1); ANDA078623 (1); NDA017421 (1); NDA212690 (1); ANDA214862 (1); ANDA062669 (1); ANDA076348 (1); NDA016042 (1); ANDA213544 (1); NDA208082 (1); ANDA214680 (1); ANDA216001 (1); ANDA211231 (1); ANDA204380 (1); NDA011583 (1); ANDA219222 (1); NDA018856 (1); NDA013334 (1); ANDA089900 (1); NDA021301 (1); ANDA202268 (1); NDA205850 (1); ANDA205720 (1); ANDA075611 (1); ANDA087729 (1); ANDA217937 (1); ANDA078744 (1); ANDA200494 (1); NDA017923 (1); ANDA071443 (1); ANDA211482 (1); ANDA078337 (1); ANDA070646 (1); ANDA071583 (1); NDA018900 (1); NDA020973 (1); ANDA062845 (1); ANDA083665 (1); ANDA203344 (1); ANDA210244 (1); ANDA214651 (1); ANDA219057 (1); BLA103705 (1); ANDA080643 (1); NDA211358 (1); ANDA085000 (1); NDA012429 (1); ANDA075634 (1); ANDA075772 (1); ANDA205415 (1); ANDA078208 (1); ANDA086208 (1); ANDA205447 (1); ANDA218150 (1); NDA021911 (1); ANDA091600 (1); ANDA201750 (1); NDA213690 (1); NDA021971 (1); ANDA087693 (1); NDA016049 (1); ANDA073095 (1); ANDA074688 (1); ANDA209720 (1); ANDA080214 (1); ANDA076483 (1); ANDA211960 (1); NDA019034 (1); ANDA085213 (1); NDA208194 (1); ANDA083686 (1); ANDA080737 (1); ANDA083101 (1); NDA017443 (1); ANDA083972 (1); NDA019921 (1); ANDA219116 (1); NDA213082 (1); ANDA076714 (1); NDA020887 (1); ANDA205942 (1); ANDA087196 (1); ANDA088640 (1); ANDA086052 (1); ANDA077543 (1); ANDA083900 (1); ANDA206548 (1); ANDA078832 (1); ANDA065054 (1); ANDA207659 (1); ANDA219163 (1); ANDA065295 (1); NDA019790 (1); ANDA081083 (1); ANDA202394 (1); ANDA202994 (1); ANDA076453 (1); ANDA086265 (1); ANDA091023 (1); ANDA040286 (1); ANDA088286 (1); ANDA208938 (1); ANDA076047 (1); NDA018936 (1); ANDA087159 (1); ANDA074421 (1); ANDA079129 (1); NDA014738 (1); ANDA079170 (1); NDA021961 (1); ANDA209145 (1); ANDA204721 (1); ANDA208763 (1); ANDA072054 (1); ANDA211337 (1); ANDA205993 (1); NDA215429 (1); NDA019504 (1); ANDA219661 (1); ANDA204309 (1); NDA021105 (1); NDA214869 (1); ANDA075511 (1); ANDA087872 (1); ANDA065481 (1); ANDA204598 (1); ANDA091252 (1); NDA017048 (1); ANDA080686 (1); ANDA090888 (1); ANDA075306 (1); ANDA205484 (1); ANDA076765 (1); ANDA083436 (1); ANDA091284 (1); NDA210235 (1); ANDA091629 (1); ANDA216538 (1); ANDA065092 (1); ANDA071165 (1); ANDA084579 (1); ANDA083060 (1); NDA021918 (1); NDA212097 (1); ANDA078819 (1); ANDA205081 (1); ANDA202509 (1); ANDA062001 (1); ANDA213602 (1); NDA202381 (1); ANDA077107 (1); ANDA077589 (1); ANDA208805 (1); ANDA070958 (1); ANDA211800 (1); ANDA062031 (1); ANDA090992 (1); ANDA089893 (1); ANDA074924 (1); ANDA040506 (1); ANDA089708 (1); ANDA206066 (1); ANDA074473 (1); ANDA085612 (1); ANDA203927 (1); ANDA090621 (1); ANDA084476 (1); ANDA085881 (1); ANDA088217 (1); ANDA204499 (1); ANDA071271 (1); ANDA091001 (1); ANDA040687 (1); ANDA205135 (1); NDA020476 (1); ANDA215388 (1); NDA022304 (1); NDA020913 (1); ANDA075484 (1); ANDA204024 (1); NDA217188 (1); ANDA083296 (1); ANDA201447 (1); ANDA077601 (1); NDA022212 (1); ANDA085861 (1); ANDA209334 (1); ANDA076126 (1); ANDA202248 (1); BLA103132 (1); NDA018269 (1); ANDA076318 (1); NDA205874 (1); ANDA091103 (1); NDA050263 (1); ANDA206753 (1); BLA761035 (1); NDA217424 (1); ANDA074080 (1); NDA017849 (1); ANDA205529 (1); BLA761331 (1); ANDA074589 (1); ANDA075658 (1); ANDA211451 (1); ANDA209701 (1); ANDA213763 (1); ANDA063011 (1); ANDA214870 (1); ANDA085983 (1); ANDA200430 (1); NDA016801 (1); NDA021330 (1); NDA015865 (1); ANDA090977 (1); NDA021141 (1); ANDA080322 (1); ANDA075182 (1); ANDA040643 (1); ANDA070257 (1); ANDA076009 (1); ANDA204507 (1); ANDA207450 (1); ANDA211603 (1); ANDA091665 (1); ANDA088324 (1); NDA050747 (1); ANDA205002 (1); ANDA077408 (1); ANDA085120 (1); ANDA076829 (1); ANDA078007 (1); ANDA090401 (1); ANDA074100 (1); NDA019879 (1); ANDA079124 (1); ANDA090462 (1); ANDA208825 (1); NDA018248 (1); NDA207202 (1); ANDA071957 (1); ANDA060212 (1); NDA019002 (1); ANDA079183 (1); ANDA088172 (1); ANDA201570 (1); ANDA217889 (1); ANDA205399 (1); NDA022058 (1); ANDA203443 (1); ANDA070903 (1); NDA018675 (1); ANDA212462 (1); ANDA040075 (1); ANDA203846 (1); ANDA077032 (1); ANDA211403 (1); ANDA210396 (1); ANDA088138 (1); ANDA088262 (1); ANDA214668 (1); ANDA200875 (1); ANDA087065 (1); NDA020010 (1); ANDA207292 (1); ANDA210499 (1); NDA018621 (1); ANDA062984 (1); ANDA090351 (1); NDA021424 (1); NDA021202 (1); ANDA085841 (1); NDA020408 (1); ANDA070763 (1); NDA074374 (1); ANDA075794 (1); ANDA218587 (1); ANDA077894 (1); ANDA209165 (1); ANDA216881 (1); NDA020641 (1); ANDA090437 (1); ANDA211663 (1); NDA019928 (1); NDA050486 (1); ANDA211951 (1); ANDA204600 (1); ANDA040557 (1); ANDA065212 (1); NDA202158 (1); ANDA075297 (1); ANDA074404 (1); ANDA083784 (1); ANDA217555 (1); ANDA077025 (1); ANDA084588 (1); ANDA206541 (1); ANDA074495 (1); ANDA071006 (1); ANDA077066 (1); ANDA070985 (1); NDA012259 (1); NDA016192 (1); ANDA216885 (1); NDA015921 (1); NDA016363 (1); ANDA085533 (1); NDA021544 (1); ANDA215975 (1); ANDA087837 (1); ANDA086594 (1); ANDA202418 (1); ANDA074448 (1); NDA009102 (1); NDA012155 (1); ANDA065326 (1); ANDA076396 (1); ANDA088620 (1); ANDA077769 (1); ANDA090633 (1); ANDA090702 (1); ANDA089438 (1); NDA022101 (1); ANDA061601 (1); ANDA217449 (1); ANDA090143 (1); ANDA209309 (1); ANDA211807 (1); ANDA088750 (1); ANDA084580 (1); ANDA083976 (1); NDA019430 (1); NDA021229 (1); ANDA084606 (1); NDA019794 (1); ANDA062724 (1); ANDA040206 (1); ANDA040879 (1); NDA050688 (1); ANDA216919 (1); ANDA206561 (1); ANDA071855 (1); ANDA073494 (1); ANDA090348 (1); ANDA078965 (1); ANDA090844 (1); ANDA200483 (1); ANDA078034 (1); NDA021066 (1); ANDA209224 (1); ANDA208412 (1); ANDA204503 (1); NDA202611 (1); ANDA208107 (1); ANDA090528 (1); ANDA089313 (1); ANDA078606 (1); NDA011316 (1); ANDA070559 (1); ANDA202821 (1); ANDA213483 (1); NDA007842 (1); ANDA206463 (1); ANDA213723 (1); ANDA090334 (1); NDA018840 (1); NDA006328 (1); ANDA070549 (1); ANDA219136 (1); ANDA211044 (1); ANDA214114 (1); ANDA218152 (1); ANDA083809 (1); ANDA213613 (1); NDA020525 (1); ANDA204809 (1); ANDA074880 (1); ANDA216167 (1); ANDA070203 (1); NDA216873 (1); ANDA087450 (1); ANDA203052 (1); ANDA201484 (1); ANDA090122 (1); NDA022087 (1); ANDA085658 (1); ANDA202594 (1); NDA010679 (1); ANDA070058 (1); ANDA086154 (1); ANDA078227 (1); ANDA200694 (1); ANDA210593 (1); ANDA211317 (1); NDA020074 (1); ANDA073317 (1); ANDA076131 (1); NDA202344 (1); NDA022081 (1); ANDA211889 (1); NDA019428 (1); ANDA063253 (1); ANDA204948 (1); ANDA087825 (1); ANDA204316 (1); ANDA210976 (1); ANDA080925 (1); ANDA213037 (1); NDA018256 (1); NDA012674 (1); ANDA203563 (1); NDA021277 (1); BLA761105 (1); ANDA090892 (1); ANDA087851 (1); ANDA077742 (1); ANDA211328 (1); ANDA071570 (1); ANDA204445 (1); NDA022285 (1); NDA020897 (1); ANDA204765 (1); ANDA076440 (1); NDA022464 (1); NDA016750 (1); NDA050786 (1); ANDA214111 (1); ANDA085362 (1); ANDA060082 (1); ANDA090228 (1); ANDA091392 (1); NDA211488 (1); ANDA070930 (1); ANDA077359 (1); ANDA078173 (1); ANDA209553 (1); ANDA078717 (1); ANDA207503 (1); ANDA076923 (1); ANDA214548 (1); ANDA205376 (1); NDA213871 (1); ANDA209293 (1); ANDA210189 (1); ANDA206891 (1); NDA019155 (1); ANDA062339 (1); ANDA077392 (1); ANDA077302 (1); ANDA203243 (1); ANDA207764 (1); NDA016455 (1); NDA021068 (1); ANDA070627 (1); NDA202788 (1); ANDA062406 (1); ANDA202581 (1); ANDA076222 (1); NDA022321 (1); ANDA072602 (1); ANDA210218 (1); ANDA086524 (1); BLA761362 (1); ANDA216445 (1); ANDA040498 (1); ANDA210721 (1); ANDA074145 (1); ANDA078764 (1); NDA022473 (1); ANDA080977 (1); ANDA084214 (1); ANDA074507 (1); ANDA214363 (1); ANDA062877 (1); NDA018989 (1); ANDA081274 (1); ANDA213584 (1); ANDA090865 (1); NDA021844 (1); NDA204957 (1); ANDA072003 (1); NDA020789 (1); ANDA203787 (1); ANDA074539 (1); NDA016830 (1); BLA125545 (1); NDA050278 (1); ANDA211574 (1); NDA213691 (1); ANDA064206 (1); NDA205434 (1); ANDA088479 (1); NDA016968 (1); NDA211302 (1); ANDA073516 (1); ANDA089161 (1); NDA018965 (1); ANDA090533 (1); ANDA205229 (1); ANDA089638 (1); NDA020084 (1); ANDA072729 (1); ANDA088283 (1); ANDA088453 (1); NDA021591 (1); ANDA077677 (1); ANDA062655 (1); ANDA086713 (1); ANDA217113 (1); NDA009895 (1); ANDA206243 (1); NDA019787 (1); ANDA090870 (1); NDA022291 (1); NDA016008 (1); ANDA204616 (1); ANDA074744 (1); ANDA204332 (1); ANDA202476 (1); BLA761047 (1); NDA021281 (1); BLA761033 (1); ANDA071773 (1); NDA021674 (1); ANDA070669 (1); NDA020323 (1); ANDA084339 (1); ANDA075749 (1); ANDA083807 (1); ANDA070363 (1); ANDA074194 (1); ANDA072397 (1); ANDA206838 (1); ANDA085992 (1); NDA021708 (1); ANDA086269 (1); ANDA212417 (1); ANDA209192 (1); ANDA070820 (1); ANDA218963 (1); ANDA207323 (1); ANDA083270 (1); ANDA078060 (1); ANDA075025 (1); ANDA073250 (1); ANDA208788 (1); ANDA215579 (1); NDA019837 (1); ANDA074728 (1); NDA017610 (1); ANDA062733 (1); NDA020844 (1); ANDA072751 (1); ANDA208058 (1); ANDA207807 (1); NDA213727 (1); BLA103792 (1); ANDA070093 (1); ANDA072903 (1); ANDA073638 (1); ANDA090409 (1); ANDA214541 (1); ANDA210078 (1); ANDA078518 (1); ANDA208354 (1); ANDA205014 (1); ANDA207309 (1); ANDA087520 (1); ANDA062367 (1); NDA021524 (1); NDA050505 (1); ANDA202555 (1); NDA213135 (1); NDA022100 (1); ANDA077789 (1); ANDA206863 (1); ANDA078650 (1); ANDA077731 (1); ANDA040442 (1); ANDA210305 (1); ANDA085038 (1); NDA012249 (1); ANDA075356 (1); ANDA088205 (1); ANDA090824 (1); BLA761115 (1); ANDA215840 (1); ANDA217000 (1); ANDA201695 (1); ANDA091636 (1); ANDA088901 (1); ANDA040476 (1); NDA201525 (1); ANDA078162 (1); ANDA203241 (1); ANDA065163 (1); ANDA205432 (1); BLA208673 (1); ANDA076284 (1); ANDA089132 (1); ANDA208315 (1); ANDA208620 (1); ANDA076504 (1); ANDA076587 (1); ANDA061009 (1); ANDA086000 (1); ANDA208108 (1); ANDA204571 (1); ANDA215718 (1); ANDA077364 (1); ANDA061725 (1); BLA103976 (1); ANDA211938 (1); ANDA073488 (1); NDA020865 (1); NDA020838 (1); ANDA088617 (1); NDA214900 (1); NDA022518 (1); ANDA200792 (1); ANDA203793 (1); ANDA085005 (1); BLA103772 (1); NDA017613 (1); NDA205879 (1); ANDA218499 (1); ANDA205585 (1); NDA211970 (1); ANDA215270 (1); ANDA070666 (1); ANDA075453 (1); ANDA075633 (1); ANDA219585 (1); ANDA075521 (1); ANDA203657 (1); ANDA210152 (1); ANDA076505 (1); ANDA085229 (1); ANDA088351 (1); ANDA216437 (1); NDA020356 (1); ANDA072502 (1); ANDA209658 (1); NDA050448 (1); ANDA207433 (1); ANDA203869 (1); ANDA210782 (1); ANDA212106 (1); ANDA065371 (1); NDA206679 (1); ANDA077629 (1); NDA017497 (1); ANDA065289 (1); BLA103909 (1); ANDA075310 (1); ANDA074319 (1); ANDA210770 (1); ANDA209315 (1); ANDA083823 (1); ANDA207344 (1); NDA214927 (1); NDA203324 (1); ANDA085863 (1); ANDA040394 (1); ANDA084717 (1); NDA021588 (1); ANDA088381 (1); ANDA060765 (1); ANDA218380 (1); ANDA086711 (1); ANDA078578 (1); ANDA077821 (1); ANDA086151 (1); ANDA078571 (1); ANDA218406 (1); ANDA075346 (1); NDA208297 (1); ANDA077307 (1); ANDA040027 (1); ANDA211223 (1); ANDA088426 (1); NDA019049 (1); ANDA090256 (1); NDA020147 (1); ANDA040684 (1); ANDA203999 (1); ANDA085033 (1); ANDA072848 (1); ANDA083535 (1); ANDA212938 (1); NDA017884 (1); NDA019416 (1); ANDA079003 (1); NDA020145 (1); NDA011491 (1); ANDA077247 (1); ANDA207046 (1); ANDA217738 (1); ANDA209745 (1); ANDA071060 (1); ANDA065102 (1); ANDA074734 (1); ANDA205883 (1); ANDA086033 (1); NDA020517 (1); NDA215887 (1); ANDA090666 (1); ANDA203118 (1); ANDA078970 (1); ANDA074162 (1); ANDA070539 (1); NDA016732 (1); ANDA217787 (1); ANDA074802 (1); ANDA202729 (1); ANDA065126 (1); ANDA074032 (1); ANDA205600 (1); ANDA216172 (1); NDA018128 (1); ANDA071667 (1); ANDA065193 (1); ANDA208002 (1); ANDA076273 (1); ANDA087877 (1); NDA209482 (1); NDA020579 (1); ANDA077532 (1); NDA018498 (1); ANDA212366 (1); ANDA040844 (1); ANDA215066 (1); ANDA091200 (1); NDA022231 (1); NDA204412 (1); ANDA202147 (1); ANDA077309 (1); ANDA206894 (1); NDA017756 (1); ANDA075914 (1); NDA050420 (1); ANDA208017 (1); NDA203791 (1); ANDA206720 (1); ANDA090678 (1); ANDA215621 (1); ANDA217311 (1); ANDA085353 (1); BLA019991 (1); ANDA200908 (1); NDA018674 (1); ANDA083989 (1); ANDA078905 (1); ANDA062840 (1); ANDA040180 (1); NDA022071 (1); BLA761270 (1); NDA019356 (1); ANDA091649 (1); ANDA205147 (1); ANDA203836 (1); ANDA065013 (1); ANDA072025 (1); NDA018274 (1); ANDA214677 (1); NDA020762 (1); NDA018040 (1); ANDA091086 (1); ANDA202637 (1); NDA009388 (1); ANDA078500 (1); ANDA087936 (1); ANDA211797 (1); ANDA215932 (1); BLA761298 (1); ANDA206928 (1); NDA022016 (1); NDA208032 (1); NDA061015 (1); BLA761289 (1); ANDA201801 (1); BLA761339 (1); NDA022466 (1); NDA021305 (1); NDA017968 (1); ANDA216291 (1); ANDA213334 (1); ANDA077910 (1); NDA019971 (1); ANDA208990 (1); ANDA091115 (1); ANDA087868 (1); ANDA218371 (1); NDA021999 (1); ANDA070002 (1); ANDA077772 (1); ANDA210111 (1); ANDA207198 (1); ANDA087190 (1); NDA020524 (1); ANDA071376 (1); ANDA204833 (1); ANDA210570 (1); ANDA071273 (1); ANDA210572 (1); ANDA212465 (1); ANDA065229 (1); NDA210063 (1); ANDA205470 (1); ANDA064022 (1); ANDA208449 (1); ANDA201408 (1); ANDA218997 (1); ANDA078376 (1); NDA216962 (1); ANDA218645 (1); ANDA203741 (1); ANDA211239 (1); NDA021717 (1); NDA021460 (1); ANDA215406 (1); ANDA077695 (1); ANDA202031 (1); ANDA071084 (1); ANDA087938 (1); ANDA074643 (1); ANDA207264 (1); ANDA209580 (1); NDA021366 (1); ANDA070886 (1); NDA208582 (1); NDA217006 (1); ANDA075150 (1); ANDA204762 (1); NDA021782 (1); NDA205649 (1); ANDA078021 (1); ANDA089515 (1); ANDA077989 (1); NDA019009 (1); ANDA084747 (1); ANDA078379 (1); ANDA201530 (1); ANDA077690 (1); ANDA075726 (1); ANDA076925 (1); ANDA215399 (1); NDA217564 (1); ANDA073594 (1); ANDA216346 (1); ANDA074889 (1); NDA211855 (1); ANDA218615 (1); ANDA070609 (1); ANDA204490 (1); ANDA215990 (1); ANDA089096 (1); ANDA077837 (1); ANDA061150 (1); ANDA216007 (1); BLA761204 (1); NDA016927 (1); NDA019212 (1); NDA018155 (1); NDA019616 (1); ANDA085916 (1); ANDA089405 (1); ANDA081080 (1); ANDA204538 (1); ANDA075004 (1); ANDA062913 (1); ANDA210917 (1); NDA020189 (1); ANDA090585 (1); ANDA086829 (1); NDA017573 (1); ANDA071508 (1); ANDA212791 (1); ANDA074747 (1); ANDA209338 (1); NDA020358 (1); NDA050268 (1); ANDA040058 (1); ANDA079123 (1); NDA000159 (1); ANDA090775 (1); ANDA077845 (1); ANDA219213 (1); NDA208193 (1); ANDA088440 (1); ANDA070617 (1); ANDA212599 (1); ANDA077523 (1); ANDA071014 (1); ANDA088734 (1); ANDA203147 (1); ANDA216156 (1); ANDA084614 (1); ANDA202027 (1); NDA205847 (1); NDA022442 (1); ANDA091674 (1); NDA206826 (1); ANDA073563 (1); ANDA090386 (1); ANDA091323 (1); ANDA202951 (1); ANDA076156 (1); ANDA210979 (1); ANDA212172 (1); ANDA075347 (1); ANDA204787 (1); ANDA085440 (1); ANDA205955 (1); ANDA080573 (1); ANDA080577 (1); ANDA088797 (1); ANDA211106 (1); ANDA077154 (1); NDA212895 (1); ANDA089738 (1); ANDA209487 (1); ANDA070698 (1); NDA019981 (1); NDA021423 (1); NDA216490 (1); ANDA086357 (1); BLA761392 (1); ANDA207797 (1); ANDA078742 (1); NDA011949 (1); NDA019892 (1); ANDA075446 (1); ANDA213619 (1); ANDA212343 (1); ANDA073120 (1); ANDA063097 (1); NDA205859 (1); ANDA062999 (1); ANDA080390 (1); ANDA205576 (1); ANDA214579 (1); ANDA203896 (1); ANDA206242 (1); ANDA212600 (1); ANDA063182 (1); NDA020314 (1); ANDA076491 (1); ANDA208004 (1); ANDA080307 (1); ANDA070299 (1); ANDA073484 (1); NDA021959 (1); ANDA070476 (1); NDA018538 (1); ANDA090619 (1); ANDA072641 (1); ANDA065440 (1); ANDA211539 (1); ANDA209335 (1); NDA218614 (1); ANDA071287 (1); NDA050716 (1); NDA206966 (1); ANDA211627 (1); NDA017824 (1); ANDA087723 (1); ANDA209822 (1); ANDA075877 (1); ANDA205540 (1); ANDA077109 (1); ANDA071402 (1); ANDA075829 (1); ANDA212144 (1); NDA017373 (1); ANDA060291 (1); ANDA211089 (1); ANDA087930 (1); ANDA208092 (1); ANDA040781 (1); ANDA071154 (1); ANDA215355 (1); ANDA076145 (1); ANDA208369 (1); NDA018090 (1); ANDA206254 (1); NDA010926 (1); ANDA210757 (1); ANDA070651 (1); ANDA085383 (1); ANDA072098 (1); NDA011496 (1); NDA020998 (1); ANDA077222 (1); NDA210854 (1); ANDA086243 (1); NDA050640 (1); ANDA040312 (1); ANDA062030 (1); ANDA075176 (1); NDA050637 (1); BLA761066 (1); NDA012775 (1); ANDA062688 (1); ANDA203180 (1); NDA020587 (1); ANDA204582 (1); ANDA203343 (1); ANDA061653 (1); ANDA088189 (1); ANDA202373 (1); NDA012487 (1); NDA018859 (1); ANDA208679 (1); NDA217906 (1); ANDA200295 (1); ANDA211734 (1); ANDA089208 (1); ANDA213826 (1); ANDA215885 (1); NDA021112 (1); ANDA202471 (1); ANDA088853 (1); ANDA090540 (1); ANDA091165 (1); NDA013401 (1); ANDA070899 (1); ANDA088487 (1); ANDA080351 (1); ANDA077241 (1); ANDA072019 (1); ANDA076519 (1); ANDA090768 (1); ANDA085511 (1); NDA021038 (1); ANDA084897 (1); ANDA080088 (1); ANDA040794 (1); ANDA089105 (1); ANDA204455 (1); ANDA085266 (1); ANDA204339 (1); ANDA088728 (1); ANDA072050 (1); ANDA075805 (1); ANDA080700 (1); ANDA090828 (1); ANDA085952 (1); ANDA205694 (1); NDA200045 (1); NDA022410 (1); ANDA206631 (1); ANDA084223 (1); BLA022575 (1); ANDA210191 (1); ANDA215565 (1); ANDA087912 (1); NDA018148 (1); NDA019004 (1); ANDA040425 (1); ANDA204906 (1); ANDA065454 (1); ANDA075679 (1); ANDA216749 (1); ANDA065080 (1); ANDA074164 (1); ANDA076945 (1); NDA018672 (1); ANDA209864 (1); ANDA208021 (1); ANDA078810 (1); NDA017503 (1); ANDA213553 (1); ANDA065281 (1); NDA022021 (1); ANDA083397 (1); ANDA216339 (1); ANDA077129 (1); ANDA090455 (1); ANDA204228 (1); ANDA204551 (1); ANDA211271 (1); ANDA216125 (1); ANDA084133 (1); NDA202172 (1); ANDA087751 (1); ANDA201250 (1); ANDA084441 (1); NDA009766 (1); NDA020617 (1); NDA018947 (1); NDA018905 (1); NDA019513 (1); BLA021684 (1); ANDA078128 (1); NDA050545 (1); ANDA075259 (1); ANDA075471 (1); ANDA211119 (1); ANDA040417 (1); ANDA211212 (1); ANDA078361 (1); ANDA202939 (1); ANDA214339 (1); ANDA203399 (1); ANDA040010 (1); ANDA210207 (1); ANDA200882 (1); NDA012034 (1); ANDA065042 (1); ANDA079071 (1); ANDA071919 (1); ANDA077304 (1); ANDA085417 (1); NDA021078 (1); ANDA065484 (1); ANDA077747 (1); ANDA216493 (1); NDA016515 (1); ANDA075865 (1); ANDA076452 (1); ANDA088961 (1); ANDA080015 (1); NDA005490 (1); ANDA074640 (1); ANDA206164 (1); NDA022405 (1); ANDA060075 (1); NDA215833 (1); ANDA040430 (1); ANDA084048 (1); ANDA202999 (1); ANDA209047 (1); ANDA075989 (1); ANDA040776 (1); NDA050810 (1); ANDA075063 (1); ANDA088722 (1); ANDA074522 (1); ANDA205171 (1); NDA016923 (1); ANDA080358 (1); ANDA214263 (1); ANDA074576 (1); ANDA079009 (1); ANDA204772 (1); ANDA207739 (1); ANDA085970 (1); NDA204734 (1); NDA021652 (1); ANDA213269 (1); ANDA212124 (1); ANDA078670 (1); NDA020122 (1); ANDA204900 (1); ANDA077616 (1); NDA018792 (1); ANDA071868 (1); ANDA210378 (1); NDA050261 (1); NDA020136 (1); ANDA062857 (1); NDA213260 (1); ANDA206685 (1); ANDA076130 (1); ANDA089247 (1); NDA006580 (1); NDA022013 (1); ANDA087907 (1); NDA017516 (1); ANDA203843 (1); ANDA065337 (1); ANDA087730 (1); ANDA076105 (1); ANDA218123 (1); NDA017919 (1); ANDA076866 (1); ANDA080087 (1); ANDA200747 (1); ANDA202101 (1); ANDA201513 (1); NDA019898 (1); ANDA077019 (1); ANDA212416 (1); ANDA077183 (1); ANDA062539 (1); ANDA088542 (1); ANDA203892 (1); ANDA201892 (1); NDA215007 (1); NDA216986 (1); ANDA214496 (1); ANDA208187 (1); ANDA210223 (1); ANDA075883 (1); ANDA207407 (1); ANDA074047 (1); ANDA210380 (1); ANDA203904 (1); NDA005856 (1); ANDA204169 (1); ANDA086494 (1); NDA018512 (1); ANDA079160 (1); NDA021813 (1); ANDA040167 (1); NDA209935 (1); ANDA085269 (1); ANDA203550 (1); ANDA071149 (1); NDA205834 (1); ANDA074646 (1); NDA018620 (1); ANDA084060 (1); BLA761255 (1); NDA213556 (1); ANDA062756 (1); ANDA091263 (1); NDA022195 (1); BLA125418 (1); ANDA211780 (1); ANDA216739 (1); BLA761378 (1); ANDA071442 (1); ANDA065190 (1); ANDA070244 (1); ANDA080028 (1); ANDA078926 (1); BLA022542 (1); NDA019857 (1); NDA015438 (1); NDA205637 (1); NDA022386 (1); ANDA203808 (1); NDA020233 (1); ANDA086506 (1); NDA020613 (1); ANDA076304 (1); ANDA202104 (1); NDA018845 (1); ANDA075383 (1); ANDA062517 (1); ANDA078240 (1); ANDA087767 (1); ANDA208262 (1); ANDA083347 (1); ANDA062631 (1); NDA212303 (1); ANDA211578 (1); ANDA080482 (1); ANDA084802 (1); NDA020784 (1); ANDA213515 (1); ANDA086363 (1); ANDA216456 (1); ANDA088695 (1); ANDA091397 (1); ANDA090557 (1); ANDA075162 (1); ANDA080459 (1); ANDA204844 (1); ANDA211568 (1); ANDA091303 (1); ANDA206455 (1); ANDA214556 (1); ANDA070969 (1); ANDA215942 (1); ANDA214745 (1); ANDA204648 (1); ANDA084310 (1); ANDA085151 (1); ANDA212193 (1); ANDA085333 (1); ANDA202415 (1); ANDA212901 (1); ANDA040435 (1); ANDA077858 (1); ANDA074043 (1); ANDA206634 (1); ANDA218211 (1); ANDA077515 (1); ANDA071485 (1); ANDA201446 (1); ANDA070494 (1); ANDA078671 (1); ANDA213474 (1); ANDA071106 (1); NDA017948 (1); ANDA086898 (1); ANDA060684 (1); ANDA078048 (1); ANDA073691 (1); ANDA208156 (1); ANDA089308 (1); ANDA208766 (1); ANDA077895 (1); ANDA074265 (1); ANDA083037 (1); ANDA203449 (1); ANDA040350 (1); ANDA204344 (1); ANDA212743 (1); ANDA078475 (1); NDA018571 (1); NDA020388 (1); ANDA085122 (1); ANDA090266 (1); NDA018885 (1); NDA019873 (1); ANDA076372 (1); ANDA040333 (1); NDA211939 (1); ANDA203265 (1); ANDA074514 (1); NDA017109 (1); ANDA065323 (1); ANDA207217 (1); ANDA077943 (1); BLA125249 (1); ANDA060362 (1); ANDA088084 (1); NDA050155 (1); ANDA074098 (1); ANDA087745 (1); ANDA202995 (1); ANDA213221 (1); ANDA076689 (1); NDA017007 (1); ANDA090466 (1); ANDA212299 (1); ANDA078662 (1); ANDA090986 (1); ANDA075504 (1); ANDA080778 (1); NDA011752 (1); ANDA205448 (1); NDA020313 (1); ANDA089601 (1); ANDA207172 (1); ANDA212483 (1); BLA761072 (1); ANDA071170 (1); ANDA085172 (1); ANDA076710 (1); ANDA080384 (1); ANDA076237 (1); ANDA091326 (1); ANDA071379 (1); ANDA203865 (1); NDA217729 (1); ANDA040419 (1); ANDA091346 (1); ANDA209434 (1); ANDA089306 (1); ANDA090864 (1); NDA210852 (1); NDA009637 (1); ANDA062408 (1); ANDA076086 (1); ANDA219557 (1); ANDA070493 (1); ANDA040443 (1); ANDA205661 (1); NDA210865 (1); ANDA075822 (1); ANDA217538 (1); ANDA071636 (1); ANDA080711 (1); ANDA211871 (1); ANDA040771 (1); ANDA075037 (1); ANDA074489 (1); ANDA216341 (1); ANDA090070 (1); ANDA076419 (1); ANDA062874 (1); ANDA072211 (1); ANDA091606 (1); ANDA202096 (1); NDA011045 (1); ANDA070436 (1); ANDA081128 (1); ANDA078504 (1); ANDA081222 (1); NDA021397 (1); ANDA078366 (1); ANDA074332 (1); NDA208143 (1); ANDA216015 (1); ANDA209597 (1); ANDA206347 (1); NDA203629 (1); ANDA062151 (1); ANDA078086 (1); ANDA078258 (1); ANDA213261 (1); ANDA203974 (1); ANDA063081 (1); ANDA212598 (1); NDA209463 (1); ANDA070554 (1); ANDA214267 (1); ANDA202791 (1); ANDA040796 (1); NDA019085 (1); ANDA090125 (1); ANDA088862 (1); ANDA207955 (1); ANDA205318 (1); NDA209905 (1); NDA010670 (1); ANDA078067 (1); ANDA209975 (1); ANDA213232 (1); ANDA076424 (1); ANDA085995 (1); ANDA078899 (1); ANDA081240 (1); NDA206323 (1); ANDA084721 (1); ANDA201519 (1); ANDA070407 (1); ANDA079191 (1); ANDA073209 (1); ANDA203578 (1); ANDA062386 (1); NDA018844 (1); NDA208799 (1); ANDA040213 (1); BLA125276 (1); ANDA202969 (1); ANDA071124 (1); ANDA084329 (1); NDA018658 (1); ANDA090494 (1); NDA021228 (1); ANDA204868 (1); ANDA089115 (1); ANDA089504 (1); ANDA205630 (1); ANDA087242 (1); ANDA203686 (1); ANDA216931 (1); ANDA214215 (1); ANDA086309 (1); ANDA200165 (1); NDA012301 (1); ANDA218140 (1); ANDA086101 (1); NDA019881 (1); NDA204078 (1); ANDA040625 (1); ANDA213932 (1); NDA012486 (1); ANDA078782 (1); ANDA209307 (1); NDA202356 (1); ANDA206775 (1); NDA214121 (1); NDA208716 (1); ANDA077927 (1); ANDA211698 (1); ANDA210924 (1); ANDA217635 (1); ANDA040133 (1); ANDA089742 (1); ANDA203864 (1); ANDA080534 (1); ANDA084557 (1); ANDA078246 (1); ANDA080744 (1); ANDA202130 (1); ANDA088707 (1); ANDA075497 (1); ANDA205008 (1); ANDA214321 (1); BLA761197 (1); NDA217150 (1); ANDA217965 (1); ANDA212093 (1); ANDA078423 (1); ANDA064115 (1); ANDA201663 (1); ANDA211901 (1); ANDA088111 (1); NDA208700 (1); NDA021532 (1); ANDA206062 (1); ANDA211774 (1); NDA017769 (1); ANDA060446 (1); ANDA040263 (1); ANDA211586 (1); NDA005319 (1); ANDA063111 (1); ANDA202782 (1); ANDA087812 (1); ANDA205857 (1); ANDA087210 (1); ANDA086866 (1); ANDA081118 (1); ANDA087447 (1); ANDA074655 (1); ANDA071730 (1); ANDA215158 (1); NDA020859 (1); ANDA085123 (1); ANDA087827 (1); NDA010392 (1); NDA050488 (1); ANDA212495 (1); ANDA076100 (1); ANDA072152 (1); ANDA076520 (1); ANDA202634 (1); ANDA088881 (1); ANDA076467 (1); ANDA078225 (1); ANDA211534 (1); ANDA208925 (1); ANDA076563 (1); ANDA202596 (1); ANDA078509 (1); ANDA217587 (1); NDA021988 (1); NDA050141 (1); NDA017100 (1); NDA011208 (1); ANDA077027 (1); ANDA210748 (1); ANDA213154 (1); ANDA072396 (1); NDA205890 (1); ANDA071562 (1); ANDA208201 (1); NDA020059 (1); ANDA076606 (1); NDA019843 (1); ANDA207421 (1); ANDA077009 (1); NDA011323 (1); NDA017831 (1); ANDA040559 (1); ANDA084092 (1); ANDA088376 (1); ANDA076037 (1); NDA050686 (1); ANDA077704 (1); ANDA075370 (1); ANDA210139 (1); BLA017835 (1); ANDA062237 (1); ANDA206384 (1); NDA020792 (1); ANDA074002 (1); NDA021323 (1); NDA210828 (1); NDA019771 (1); NDA210192 (1); ANDA079084 (1); ANDA212607 (1); NDA017427 (1); ANDA090877 (1); ANDA215080 (1); ANDA088106 (1); ANDA076176 (1); ANDA206653 (1); NDA022342 (1); ANDA212602 (1); NDA017469 (1); ANDA089042 (1); ANDA212220 (1); NDA209862 (1); ANDA211040 (1); ANDA203997 (1); ANDA070608 (1); ANDA040289 (1); ANDA211858 (1); ANDA077876 (1); ANDA085998 (1); NDA021850 (1); ANDA072783 (1); ANDA217774 (1); ANDA207196 (1); NDA214998 (1); NDA012104 (1); ANDA072516 (1); ANDA090299 (1); ANDA090186 (1); ANDA213852 (1); NDA011557 (1); ANDA211494 (1); ANDA074580 (1); ANDA090510 (1); ANDA083804 (1); ANDA091382 (1); ANDA201586 (1); ANDA217515 (1); ANDA208896 (1); ANDA202167 (1); NDA022402 (1); ANDA072081 (1); ANDA205032 (1); ANDA214700 (1); ANDA075903 (1); ANDA211009 (1); ANDA062854 (1); ANDA206536 (1); ANDA203102 (1); ANDA064124 (1); ANDA205268 (1); ANDA210771 (1); ANDA216720 (1); ANDA088035 (1); ANDA210473 (1); ANDA074509 (1); ANDA085237 (1); ANDA210998 (1); ANDA090428 (1); ANDA072939 (1); ANDA076886 (1); ANDA205227 (1); ANDA077395 (1); ANDA075021 (1); ANDA203010 (1); NDA020839 (1); NDA021037 (1); ANDA209706 (1); ANDA204672 (1); ANDA204609 (1); ANDA091480 (1); ANDA076240 (1); ANDA214966 (1); ANDA217821 (1); ANDA065354 (1); ANDA040635 (1); NDA020688 (1); ANDA071803 (1); ANDA213632 (1); ANDA211604 (1); NDA019937 (1); ANDA216576 (1); ANDA089595 (1); ANDA086744 (1); ANDA077765 (1); BLA020744 (1); ANDA085640 (1); ANDA206831 (1); ANDA207065 (1); ANDA213570 (1); ANDA206472 (1); ANDA210435 (1); ANDA212709 (1); ANDA210666 (1); ANDA203212 (1); ANDA080557 (1); ANDA206808 (1); NDA017970 (1); ANDA206250 (1); ANDA091293 (1); ANDA076670 (1); BLA761181 (1); ANDA064127 (1); ANDA075646 (1); ANDA040095 (1); ANDA080259 (1); ANDA210070 (1); ANDA207081 (1); NDA007898 (1); ANDA206614 (1); ANDA040189 (1); ANDA077046 (1); ANDA081278 (1); ANDA084967 (1); ANDA209058 (1); ANDA074465 (1); ANDA088474 (1); ANDA203959 (1); ANDA213571 (1); ANDA214244 (1); ANDA074698 (1); ANDA078046 (1); ANDA209821 (1); NDA213464 (1); ANDA085094 (1); ANDA085854 (1); ANDA071850 (1); NDA018421 (1); ANDA077653 (1); ANDA075252 (1); ANDA204839 (1); NDA019218 (1); NDA020677 (1); NDA019793 (1); ANDA040495 (1); ANDA085742 (1); ANDA090520 (1); NDA016862 (1); ANDA217533 (1); NDA020832 (1); ANDA210323 (1); ANDA076743 (1); ANDA083145 (1); NDA019211 (1); NDA021535 (1); BLA103786 (1); ANDA091032 (1); ANDA212026 (1); ANDA040504 (1); ANDA216599 (1); NDA019834 (1); ANDA085412 (1); ANDA065103 (1); ANDA200821 (1); ANDA200490 (1); ANDA089219 (1); ANDA065400 (1); ANDA084319 (1); NDA210450 (1); NDA206229 (1); ANDA075940 (1); ANDA087215 (1); ANDA087048 (1); ANDA215078 (1); ANDA090821 (1); NDA019401 (1); ANDA084663 (1); ANDA088087 (1); ANDA205430 (1); ANDA216404 (1); ANDA084274 (1); ANDA040446 (1); ANDA076099 (1); ANDA075992 (1); ANDA075424 (1); ANDA075610 (1); ANDA076081 (1); ANDA086766 (1); ANDA211253 (1); NDA205861 (1); ANDA214370 (1); ANDA215918 (1); NDA009319 (1); ANDA074474 (1); ANDA209438 (1); ANDA040627 (1); ANDA216626 (1); ANDA072402 (1); ANDA089309 (1); NDA018279 (1); NDA050697 (1); ANDA062422 (1); ANDA078809 (1); ANDA201899 (1); ANDA212870 (1); ANDA212913 (1); NDA203108 (1); ANDA070990 (1); ANDA074859 (1); ANDA040300 (1); ANDA089984 (1); ANDA074140 (1); ANDA090283 (1); NDA011983 (1); ANDA078269 (1); ANDA040530 (1); ANDA206241 (1); NDA200677 (1); ANDA076847 (1); ANDA074948 (1); ANDA207056 (1); ANDA075673 (1); ANDA076792 (1); ANDA204703 (1); ANDA209017 (1); ANDA205656 (1); ANDA214615 (1); ANDA040177 (1); ANDA091310 (1); ANDA090303 (1); ANDA090694 (1); ANDA091574 (1); ANDA083632 (1); ANDA205541 (1); ANDA063221 (1); ANDA209495 (1); ANDA076314 (1); ANDA075836 (1); ANDA206964 (1); ANDA213484 (1); NDA050803 (1); NDA019011 (1); ANDA077977 (1); ANDA079056 (1); ANDA200542 (1); ANDA202886 (1); ANDA214526 (1); ANDA209614 (1); ANDA077670 (1); ANDA077062 (1); ANDA077800 (1); ANDA213343 (1); NDA201195 (1); ANDA065462 (1); ANDA210469 (1); NDA207071 (1); ANDA040404 (1); ANDA070145 (1); ANDA088071 (1); NDA019440 (1); NDA205555 (1); ANDA070900 (1); ANDA083836 (1); ANDA078221 (1); ANDA207724 (1); ANDA072818 (1); ANDA210054 (1); ANDA088228 (1); ANDA040858 (1); ANDA211551 (1); ANDA219106 (1); NDA018207 (1); ANDA071430 (1); ANDA216550 (1); ANDA085922 (1); ANDA071821 (1); ANDA211190 (1); BLA761352 (1); ANDA072423 (1); NDA207561 (1); ANDA218494 (1); ANDA213984 (1); ANDA200936 (1); ANDA202856 (1); NDA008922 (1); ANDA072817 (1); ANDA208347 (1); ANDA074463 (1); ANDA089315 (1); ANDA078627 (1); ANDA090760 (1); NDA009864 (1); ANDA078925 (1); NDA214429 (1); ANDA084640 (1); ANDA077807 (1); ANDA072215 (1); ANDA200068 (1); ANDA074480 (1); ANDA083051 (1); ANDA070086 (1); ANDA207324 (1); ANDA088781 (1); ANDA211935 (1); NDA213973 (1); ANDA211977 (1); ANDA040190 (1); NDA016911 (1); ANDA202485 (1); ANDA076028 (1); ANDA219239 (1); NDA212315 (1); ANDA075463 (1); ANDA202552 (1); ANDA088319 (1); ANDA216688 (1); NDA018806 (1); ANDA065288 (1); ANDA070027 (1); ANDA076251 (1); ANDA071586 (1); NDA018225 (1); ANDA086715 (1); ANDA071664 (1); NDA050095 (1); ANDA203148 (1); ANDA207510 (1); ANDA206867 (1); ANDA088629 (1); ANDA212858 (1); ANDA090561 (1); ANDA203494 (1); ANDA078566 (1); ANDA204593 (1); BLA761125 (1); ANDA083190 (1); ANDA204498 (1); ANDA210362 (1); ANDA040201 (1); NDA006772 (1); ANDA203845 (1); ANDA217869 (1); ANDA201588 (1); ANDA215415 (1); ANDA089706 (1); NDA017938 (1); ANDA215420 (1); ANDA089418 (1); BLA761079 (1); ANDA210718 (1); ANDA075942 (1); NDA019796 (1); ANDA087980 (1); NDA022046 (1); ANDA200217 (1); ANDA090219 (1); ANDA209480 (1); ANDA213813 (1); ANDA075265 (1); NDA019941 (1); NDA204760 (1); ANDA085534 (1); NDA017486 (1); ANDA080197 (1); ANDA206204 (1); ANDA062888 (1); NDA213801 (1); ANDA085796 (1); ANDA205323 (1); ANDA089442 (1); ANDA214323 (1); NDA021571 (1); ANDA206084 (1); ANDA040035 (1); ANDA062560 (1); ANDA088820 (1); NDA017057 (1); ANDA084110 (1); ANDA203299 (1); ANDA208249 (1); ANDA200043 (1); ANDA071862 (1); ANDA075295 (1); ANDA087848 (1); ANDA207612 (1); ANDA071260 (1); ANDA088898 (1); ANDA076633 (1); ANDA203476 (1); ANDA084219 (1); ANDA078607 (1); ANDA205699 (1); ANDA211528 (1); ANDA209110 (1); ANDA210804 (1); ANDA085953 (1); ANDA070975 (1); ANDA076206 (1); ANDA202395 (1); ANDA087681 (1); ANDA072484 (1); ANDA089218 (1); ANDA219085 (1); ANDA089363 (1); ANDA076549 (1); ANDA075215 (1); ANDA086746 (1); NDA208085 (1); ANDA079070 (1); NDA021143 (1); ANDA078579 (1); NDA018459 (1); ANDA210224 (1); NDA205846 (1); ANDA217991 (1); ANDA089281 (1); ANDA070755 (1); ANDA078137 (1); ANDA090539 (1); NDA205551 (1); ANDA210546 (1); ANDA088999 (1); ANDA219289 (1); ANDA077330 (1); NDA022173 (1); ANDA215997 (1); NDA006035 (1); ANDA040550 (1); ANDA204539 (1); NDA019918 (1); ANDA207178 (1); ANDA202825 (1); ANDA074399 (1); NDA018917 (1); ANDA089251 (1); ANDA084013 (1); ANDA083244 (1); ANDA203772 (1); ANDA204902 (1); ANDA215947 (1); NDA010775 (1); ANDA210701 (1); ANDA210548 (1); ANDA206053 (1); ANDA208474 (1); ANDA085252 (1); NDA215888 (1); ANDA086875 (1); ANDA090551 (1); NDA216190 (1); NDA012945 (1); NDA207174 (1); ANDA201885 (1); ANDA210107 (1); ANDA207291 (1); ANDA217511 (1); ANDA086330 (1); ANDA083735 (1); ANDA083011 (1); ANDA089520 (1); ANDA090769 (1); ANDA074549 (1); ANDA211067 (1); ANDA206174 (1); ANDA070663 (1); ANDA075988 (1); ANDA211878 (1); ANDA075286 (1); ANDA077974 (1); ANDA205414 (1); ANDA040023 (1); ANDA087561 (1); ANDA076868 (1); NDA022129 (1); ANDA202387 (1); ANDA085087 (1); ANDA084714 (1); ANDA083287 (1); NDA019968 (1); NDA203341 (1); ANDA209333 (1); ANDA076841 (1); ANDA215622 (1); ANDA213522 (1); ANDA075361 (1); ANDA218701 (1); BLA761310 (1); ANDA089533 (1); ANDA088366 (1); ANDA207812 (1); NDA214517 (1); ANDA210525 (1); ANDA215563 (1); ANDA217588 (1); ANDA212995 (1); ANDA217886 (1); ANDA071602 (1); ANDA091384 (1); NDA016673 (1); NDA200796 (1); NDA006071 (1); ANDA070192 (1); BLA021149 (1); NDA209388 (1); ANDA206994 (1); NDA204026 (1); ANDA084247 (1); NDA021625 (1); ANDA213092 (1); ANDA083398 (1); ANDA040483 (1); ANDA208167 (1); ANDA077773 (1); ANDA064108 (1); NDA006134 (1); ANDA083185 (1); ANDA090182 (1); ANDA091084 (1); ANDA212646 (1); ANDA062662 (1); ANDA078564 (1); ANDA083083 (1); ANDA078721 (1); NDA219485 (1); ANDA076725 (1); NDA021621 (1); ANDA218178 (1); ANDA202557 (1); NDA022407 (1); NDA205764 (1); NDA008842 (1); NDA018757 (1); ANDA078289 (1); ANDA071563 (1); NDA021044 (1); ANDA087516 (1); ANDA040278 (1); ANDA216558 (1); NDA012928 (1); ANDA089774 (1); NDA020989 (1); ANDA086874 (1); ANDA088832 (1); ANDA062927 (1); NDA018154 (1); ANDA210077 (1); ANDA086610 (1); ANDA211062 (1); ANDA207127 (1); ANDA072075 (1); ANDA078915 (1); ANDA040803 (1); ANDA077671 (1); ANDA091007 (1); ANDA200926 (1); NDA019910 (1); ANDA076246 (1); ANDA218796 (1); ANDA089372 (1); ANDA091564 (1); ANDA204172 (1); ANDA216617 (1); ANDA080321 (1); ANDA090815 (1); ANDA072985 (1); ANDA072103 (1); NDA022080 (1); ANDA212322 (1); NDA021612 (1); NDA006403 (1); ANDA204386 (1); ANDA080854 (1); NDA216793 (1); ANDA203994 (1); NDA018014 (1); ANDA203561 (1); NDA018634 (1); ANDA202297 (1); NDA208254 (1); ANDA075362 (1); ANDA076137 (1); NDA018060 (1); ANDA077353 (1); ANDA219674 (1); ANDA065509 (1); ANDA065381 (1); ANDA077983 (1); ANDA088090 (1); NDA010460 (1); ANDA076596 (1); ANDA079042 (1); ANDA077018 (1); ANDA214011 (1); ANDA075223 (1); ANDA088484 (1); NDA008378 (1); NDA205004 (1); ANDA202223 (1); NDA008284 (1); NDA022043 (1); ANDA070213 (1); ANDA073143 (1); ANDA218047 (1); NDA019578 (1); ANDA088868 (1); ANDA072732 (1); ANDA207176 (1); ANDA083000 (1); ANDA215969 (1); ANDA216845 (1); ANDA077333 (1); ANDA062347 (1); ANDA078317 (1); BLA761121 (1); ANDA207833 (1); ANDA085773 (1); ANDA204296 (1); ANDA083059 (1); ANDA071534 (1); ANDA075881 (1); ANDA202327 (1); ANDA216326 (1); ANDA074932 (1); ANDA204764 (1); ANDA208452 (1); ANDA077206 (1); ANDA074936 (1); NDA020779 (1); ANDA077263 (1); ANDA087934 (1); NDA050685 (1); ANDA076323 (1); ANDA215723 (1); ANDA071866 (1); ANDA078846 (1); ANDA200529 (1); ANDA089130 (1); ANDA201445 (1); ANDA089322 (1); ANDA200411 (1); ANDA202122 (1); ANDA212689 (1); ANDA212414 (1); BLA020162 (1); ANDA084442 (1); NDA021196 (1); ANDA080668 (1); ANDA211293 (1); NDA018893 (1); ANDA065378 (1); NDA012145 (1); ANDA091174 (1); ANDA075657 (1); BLA021597 (1); ANDA207296 (1); ANDA208934 (1); ANDA071210 (1); ANDA079235 (1); ANDA070670 (1); ANDA091401 (1); ANDA207057 (1); NDA019978 (1); ANDA209888 (1); ANDA209726 (1); ANDA204947 (1); ANDA205650 (1); ANDA088533 (1); ANDA206646 (1); ANDA218642 (1); ANDA090307 (1); NDA018723 (1); ANDA211591 (1); ANDA040241 (1); ANDA088756 (1); ANDA204638 (1); ANDA086831 (1); ANDA075900 (1); ANDA084145 (1); ANDA201295 (1); ANDA201069 (1); ANDA089360 (1); NDA016401 (1); ANDA085915 (1); ANDA090325 (1); ANDA214092 (1); NDA017866 (1); ANDA072376 (1); NDA208969 (1); ANDA075863 (1); ANDA061897 (1); NDA020119 (1); ANDA070278 (1); ANDA074381 (1); BLA020772 (1); ANDA200185 (1); ANDA212087 (1); ANDA088393 (1); ANDA203144 (1); NDA018713 (1); NDA050201 (1); ANDA088897 (1); ANDA083325 (1); ANDA077075 (1); NDA011529 (1); ANDA204975 (1); ANDA076282 (1); NDA010718 (1); ANDA076901 (1); NDA012828 (1); ANDA210374 (1); ANDA072356 (1); ANDA075231 (1); ANDA077725 (1); ANDA076428 (1); ANDA081267 (1); ANDA077715 (1); NDA012754 (1); ANDA214290 (1); ANDA040463 (1); ANDA088448 (1); ANDA079132 (1); ANDA062889 (1); ANDA070292 (1); ANDA209330 (1); ANDA206975 (1); NDA214044 (1); NDA018380 (1); NDA216665 (1); NDA019188 (1); ANDA206037 (1); ANDA211132 (1); ANDA076477 (1); ANDA203083 (1); ANDA074504 (1); NDA050547 (1); ANDA078383 (1); ANDA200272 (1); ANDA077716 (1); ANDA071065 (1); ANDA073340 (1); ANDA065069 (1); ANDA087604 (1); NDA200861 (1); ANDA074958 (1); ANDA214003 (1); ANDA086867 (1); ANDA089650 (1); ANDA078812 (1); NDA205108 (1); NDA215400 (1); ANDA075685 (1); NDA208746 (1); ANDA207355 (1); NDA022104 (1); ANDA065291 (1); NDA011963 (1); ANDA208416 (1); ANDA201005 (1); NDA205098 (1); NDA211210 (1); ANDA071071 (1); ANDA070004 (1); NDA204568 (1); NDA210816 (1); ANDA070633 (1); NDA020240 (1); NDA021332 (1); ANDA063209 (1); NDA217927 (1); NDA020148 (1); ANDA088582 (1); NDA213436 (1); ANDA074872 (1); ANDA075085 (1); ANDA088735 (1); ANDA216405 (1); ANDA040876 (1); ANDA061816 (1); ANDA200651 (1); NDA021408 (1); ANDA211020 (1); ANDA205981 (1); ANDA077526 (1); ANDA217792 (1); ANDA091495 (1); ANDA071467 (1); ANDA088813 (1); ANDA204354 (1); ANDA077167 (1); ANDA218035 (1); NDA215000 (1); ANDA204869 (1); ANDA077098 (1); ANDA205179 (1); ANDA085035 (1); ANDA086569 (1); ANDA207810 (1); ANDA072015 (1); ANDA088296 (1); NDA210308 (1); ANDA075022 (1); ANDA078218 (1); ANDA070647 (1); ANDA215336 (1); ANDA202935 (1); NDA218197 (1); ANDA075175 (1); ANDA062456 (1); ANDA089080 (1); ANDA207509 (1); NDA017548 (1); NDA019240 (1); NDA050762 (1); ANDA079033 (1); ANDA040091 (1); ANDA209646 (1); NDA050808 (1); ANDA210219 (1); NDA212379 (1); ANDA088711 (1); ANDA040036 (1); NDA050368 (1); ANDA085938 (1); ANDA217848 (1); ANDA205519 (1); ANDA212968 (1); ANDA208884 (1); NDA019647 (1); ANDA065328 (1); ANDA215725 (1); NDA022059 (1); NDA012665 (1); ANDA209302 (1); NDA219122 (1); NDA012223 (1); NDA209449 (1); ANDA075762 (1); ANDA204062 (1); ANDA210623 (1); ANDA073160 (1); NDA018907 (1); ANDA040308 (1); NDA212205 (1); NDA212641 (1); ANDA208170 (1); ANDA206715 (1); ANDA209063 (1); ANDA089725 (1); ANDA090287 (1); NDA050782 (1); ANDA083564 (1); ANDA078004 (1); ANDA203383 (1); ANDA061675 (1); ANDA091134 (1); ANDA072999 (1); ANDA079138 (1); ANDA213812 (1); ANDA210016 (1); ANDA091273 (1); ANDA217350 (1); NDA017478 (1); ANDA212051 (1); ANDA090655 (1); ANDA204693 (1); ANDA088463 (1); ANDA061911 (1); ANDA040274 (1); ANDA087637 (1); ANDA091676 (1); ANDA084053 (1); ANDA070703 (1); ANDA085093 (1); ANDA205286 (1); NDA020131 (1); ANDA086231 (1); ANDA213497 (1); ANDA088392 (1); ANDA091089 (1); ANDA061720 (1); ANDA062953 (1); ANDA089254 (1); ANDA214382 (1); NDA005521 (1); ANDA083321 (1); ANDA075575 (1); ANDA208593 (1); ANDA203755 (1); NDA020015 (1); ANDA211713 (1); ANDA209081 (1); ANDA091028 (1); ANDA215032 (1); NDA215441 (1); ANDA208269 (1); BLA125293 (1); ANDA083820 (1); ANDA076474 (1); ANDA062593 (1); NDA017351 (1); ANDA040768 (1); ANDA200742 (1); ANDA064052 (1); ANDA085945 (1); ANDA088921 (1); BLA205747 (1); ANDA077464 (1); ANDA074270 (1); ANDA218011 (1); ANDA076204 (1); ANDA076271 (1); ANDA072110 (1); NDA022511 (1); ANDA211558 (1); NDA021618 (1); NDA216338 (1); ANDA215506 (1); ANDA075552 (1); ANDA211890 (1); ANDA087632 (1); NDA206038 (1); ANDA089661 (1); ANDA202261 (1); ANDA071542 (1); NDA205713 (1); NDA017013 (1); ANDA078189 (1); ANDA209929 (1); NDA013428 (1); ANDA209758 (1); ANDA215847 (1); ANDA206845 (1); ANDA077691 (1); ANDA088489 (1); ANDA074423 (1); ANDA071042 (1); ANDA217731 (1); ANDA218366 (1); ANDA205833 (1); ANDA202168 (1); ANDA075677 (1); ANDA209467 (1); ANDA200488 (1); ANDA213977 (1); ANDA075953 (1); ANDA065331 (1); ANDA040283 (1); ANDA090595 (1); ANDA206419 (1); ANDA083015 (1); ANDA088968 (1); ANDA206074 (1); ANDA070195 (1); ANDA206379 (1); ANDA076912 (1); NDA022502 (1); ANDA202026 (1); ANDA040524 (1); ANDA203855 (1); NDA020403 (1); ANDA203857 (1); ANDA200142 (1); NDA018830 (1); NDA018877 (1); ANDA083237 (1); NDA009309 (1); ANDA202635 (1); ANDA078394 (1); ANDA206226 (1); ANDA076518 (1); ANDA040279 (1); NDA021993 (1); NDA209481 (1); ANDA209652 (1); ANDA086057 (1); ANDA210156 (1); ANDA203056 (1); ANDA213234 (1); ANDA040480 (1); ANDA203828 (1); NDA018749 (1); ANDA213762 (1); NDA018201 (1); ANDA065131 (1); ANDA204891 (1); ANDA206271 (1); ANDA070490 (1); ANDA206018 (1); ANDA083879 (1); ANDA206648 (1); ANDA200363 (1); ANDA073403 (1); ANDA040330 (1); ANDA074699 (1); ANDA070477 (1); NDA021656 (1); ANDA091613 (1); NDA202067 (1); NDA217604 (1); ANDA088230 (1); ANDA079139 (1); ANDA071462 (1); ANDA215046 (1); NDA217369 (1); BLA761208 (1); ANDA218564 (1); ANDA076845 (1); NDA203985 (1); NDA009402 (1); ANDA086171 (1); ANDA077011 (1); ANDA040749 (1); ANDA200909 (1); NDA050578 (1); ANDA202641 (1); ANDA202118 (1); NDA010653 (1); ANDA207609 (1); ANDA086984 (1); ANDA086259 (1); ANDA062695 (1); ANDA075394 (1); ANDA216037 (1); ANDA204029 (1); ANDA083401 (1); ANDA210067 (1); ANDA206589 (1); ANDA203968 (1); NDA019737 (1); ANDA078644 (1); NDA019039 (1); ANDA084748 (1); NDA050203 (1); ANDA085892 (1); NDA217645 (1); ANDA061887 (1); ANDA215333 (1); ANDA208431 (1); NDA018702 (1); ANDA087364 (1); ANDA210434 (1); ANDA088188 (1); ANDA075746 (1); NDA019909 (1); ANDA203655 (1); ANDA086173 (1); ANDA090196 (1); ANDA087786 (1); ANDA214246 (1); ANDA215185 (1); ANDA060612 (1); ANDA210692 (1); ANDA085839 (1); ANDA071955 (1); ANDA076228 (1); ANDA070209 (1); ANDA075028 (1); ANDA085446 (1); ANDA070852 (1); ANDA218229 (1); ANDA215905 (1); ANDA076604 (1); BLA761342 (1); ANDA086833 (1); ANDA205651 (1); ANDA065032 (1); ANDA064068 (1); ANDA062657 (1); NDA022547 (1); ANDA216925 (1); ANDA083574 (1); ANDA084723 (1); ANDA079014 (1); ANDA200920 (1); ANDA085217 (1); ANDA083376 (1); ANDA084986 (1); ANDA087195 (1); ANDA065395 (1); ANDA203110 (1); ANDA091058 (1); ANDA076753 (1); NDA017376 (1); ANDA076334 (1); ANDA090968 (1); ANDA090453 (1); ANDA088457 (1); NDA016705 (1); ANDA206294 (1); ANDA075998 (1); ANDA080081 (1); NDA050795 (1); ANDA210319 (1); ANDA205069 (1); NDA019970 (1); ANDA217217 (1); ANDA078745 (1); NDA021475 (1); ANDA088571 (1); ANDA070551 (1); ANDA086061 (1); ANDA062156 (1); NDA021337 (1); ANDA077696 (1); NDA021985 (1); ANDA070467 (1); NDA204505 (1); ANDA090041 (1); ANDA090255 (1); ANDA214172 (1); ANDA085821 (1); ANDA207652 (1); ANDA203937 (1); ANDA212298 (1); BLA761053 (1); ANDA084543 (1); ANDA077033 (1); ANDA091042 (1); ANDA210929 (1); ANDA212447 (1); BLA761411 (1); ANDA091050 (1); ANDA209767 (1); BLA125477 (1); ANDA088842 (1); ANDA089775 (1); ANDA065115 (1); ANDA213286 (1); ANDA214036 (1); ANDA211330 (1); NDA008843 (1); ANDA210047 (1); ANDA074499 (1); ANDA072059 (1); ANDA070241 (1); ANDA065389 (1); NDA011270 (1); ANDA071812 (1); ANDA214785 (1); ANDA080223 (1); ANDA080132 (1); ANDA207919 (1); ANDA074795 (1); NDA021045 (1); ANDA085221 (1); ANDA202687 (1); ANDA080832 (1); ANDA204845 (1); ANDA212329 (1); ANDA040604 (1); ANDA076514 (1); NDA019507 (1); ANDA090212 (1); ANDA215738 (1); ANDA073676 (1); ANDA075776 (1); ANDA065037 (1); ANDA207240 (1); ANDA075716 (1); ANDA204019 (1); ANDA214749 (1); ANDA077234 (1); NDA021774 (1); NDA010209 (1); ANDA084231 (1); ANDA086005 (1); ANDA202889 (1); ANDA211824 (1); NDA020092 (1); NDA019491 (1); BLA761373 (1); NDA213756 (1); ANDA074929 (1); NDA208564 (1); ANDA207394 (1); ANDA078724 (1); ANDA089765 (1); ANDA204082 (1); ANDA206799 (1); ANDA070552 (1); ANDA087708 (1); ANDA210332 (1); ANDA077214 (1); NDA020255 (1); NDA021671 (1); ANDA214311 (1); ANDA077700 (1); ANDA078876 (1); ANDA212715 (1); NDA021912 (1); ANDA074217 (1); ANDA040482 (1); ANDA074457 (1); ANDA086209 (1); NDA017129 (1); NDA202207 (1); NDA017920 (1); ANDA080586 (1); ANDA200771 (1); ANDA071181 (1); BLA761345 (1); ANDA040580 (1); ANDA081126 (1); ANDA083524 (1); ANDA209981 (1); ANDA078298 (1); ANDA079234 (1); ANDA078285 (1); ANDA080455 (1); NDA208401 (1); ANDA040790 (1); BLA761224 (1); ANDA040769 (1); ANDA085751 (1); ANDA207259 (1); NDA018473 (1); ANDA084081 (1); ANDA209040 (1); ANDA212645 (1); NDA020886 (1); ANDA077081 (1); ANDA215102 (1); ANDA090781 (1); ANDA206556 (1); ANDA075616 (1); ANDA216436 (1); ANDA071728 (1); ANDA073108 (1); ANDA206133 (1); ANDA076879 (1); ANDA088701 (1); ANDA091039 (1); ANDA076787 (1); ANDA201048 (1); ANDA201785 (1); NDA022172 (1); NDA009296 (1); ANDA077232 (1); ANDA088496 (1); ANDA072169 (1); ANDA210918 (1); ANDA078427 (1); NDA017433 (1); ANDA088746 (1); ANDA062732 (1); ANDA072621 (1); ANDA206310 (1); ANDA089169 (1); NDA003444 (1); ANDA089384 (1); ANDA088395 (1); ANDA040717 (1); NDA022196 (1); ANDA090664 (1); ANDA073013 (1); ANDA064039 (1); ANDA087202 (1); ANDA205133 (1); ANDA084027 (1); ANDA089486 (1); NDA206073 (1); NDA020577 (1); ANDA077921 (1); ANDA080094 (1); ANDA083007 (1); ANDA208939 (1); NDA021937 (1); ANDA091130 (1); ANDA089188 (1); NDA017766 (1); ANDA081242 (1); ANDA213111 (1); ANDA204404 (1); NDA017283 (1); ANDA074099 (1); ANDA075427 (1); ANDA214597 (1); ANDA215586 (1); ANDA083221 (1); ANDA217029 (1); ANDA207965 (1); ANDA040182 (1); ANDA062520 (1); ANDA088239 (1); ANDA204535 (1); ANDA202142 (1); ANDA214969 (1); NDA050479 (1); ANDA216502 (1); ANDA201146 (1); ANDA207564 (1); NDA005929 (1); ANDA088082 (1); NDA020047 (1); ANDA090183 (1); ANDA088658 (1); NDA018782 (1); ANDA071864 (1); ANDA078483 (1); ANDA074656 (1); ANDA084144 (1); ANDA204867 (1); ANDA062489 (1); NDA203496 (1); ANDA210502 (1); ANDA214930 (1); NDA201152 (1); ANDA212266 (1); NDA006270 (1); ANDA211547 (1); ANDA062524 (1); NDA202133 (1); NDA018423 (1); ANDA076299 (1); ANDA089538 (1); ANDA091308 (1); ANDA207751 (1); ANDA211034 (1); ANDA212265 (1); ANDA202203 (1); NDA021602 (1); ANDA062825 (1); ANDA207863 (1); ANDA076788 (1); ANDA090507 (1); ANDA089585 (1); ANDA208360 (1); NDA017111 (1); ANDA091476 (1); NDA018799 (1); ANDA206706 (1); ANDA207933 (1); ANDA214493 (1); NDA209269 (1); ANDA078321 (1); BLA017836 (1); ANDA074803 (1); NDA012455 (1); ANDA207718 (1); ANDA206651 (1); NDA210806 (1); ANDA070068 (1); ANDA072072 (1); ANDA089415 (1); ANDA217638 (1); ANDA091486 (1); ANDA078326 (1); ANDA212880 (1); ANDA212750 (1); NDA017684 (1); ANDA210341 (1); ANDA214314 (1); NDA021677 (1); ANDA074587 (1); ANDA214401 (1); ANDA204375 (1); ANDA215435 (1); ANDA215638 (1); NDA021444 (1); ANDA090309 (1); NDA022382 (1); ANDA211149 (1); ANDA075366 (1); ANDA090421 (1); ANDA083311 (1); NDA018417 (1); ANDA217243 (1); ANDA065432 (1); ANDA085107 (1); ANDA062716 (1); ANDA204305 (1); ANDA219221 (1); ANDA074639 (1); NDA022032 (1); ANDA080325 (1); ANDA078353 (1); ANDA088886 (1); ANDA088029 (1); ANDA208811 (1); ANDA212587 (1); ANDA203328 (1); ANDA212739 (1); ANDA074344 (1); ANDA208797 (1); ANDA216431 (1); ANDA209696 (1); BLA125160 (1); ANDA212334 (1); ANDA062686 (1); ANDA076776 (1); ANDA085792 (1); ANDA203197 (1); ANDA219332 (1); NDA022347 (1); NDA218808 (1); ANDA085836 (1); ANDA088572 (1); ANDA070553 (1); ANDA075208 (1); ANDA075580 (1); ANDA215744 (1); ANDA076802 (1); ANDA207352 (1); ANDA211564 (1); ANDA087079 (1); ANDA218091 (1); ANDA085571 (1); ANDA062721 (1); NDA017438 (1); ANDA070353 (1); NDA017851 (1); ANDA215538 (1); ANDA040641 (1); ANDA079244 (1); ANDA213110 (1); ANDA060607 (1); ANDA071587 (1); NDA021496 (1); ANDA209697 (1); NDA008428 (1); ANDA072782 (1); ANDA078833 (1); ANDA075211 (1); ANDA070234 (1); ANDA211444 (1); ANDA203238 (1); ANDA040028 (1); ANDA202846 (1); ANDA087663 (1); ANDA217668 (1); ANDA208974 (1); ANDA077929 (1); ANDA206543 (1); NDA013615 (1); ANDA074185 (1); ANDA076350 (1); ANDA215146 (1); ANDA078324 (1); ANDA209639 (1); ANDA040361 (1); ANDA207149 (1); ANDA210928 (1); ANDA073632 (1); NDA021885 (1); ANDA087273 (1); ANDA200878 (1); ANDA064055 (1); ANDA070543 (1); ANDA090253 (1); ANDA205406 (1); ANDA210619 (1); ANDA073374 (1); NDA203231 (1); ANDA070758 (1); BLA125103 (1); ANDA076366 (1); ANDA078105 (1); ANDA084731 (1); NDA011790 (1); ANDA075717 (1); ANDA070019 (1); ANDA090149 (1); ANDA073589 (1); ANDA084542 (1); ANDA206761 (1); NDA206488 (1); ANDA085137 (1); ANDA214207 (1); ANDA070595 (1); ANDA060908 (1); ANDA089726 (1); ANDA077362 (1); ANDA202048 (1); ANDA062730 (1); ANDA084177 (1); ANDA204921 (1); ANDA075417 (1); NDA020536 (1); NDA012813 (1); ANDA077471 (1); ANDA065066 (1); ANDA084903 (1); NDA050276 (1); ANDA204012 (1); ANDA217912 (1); ANDA077741 (1); ANDA085067 (1); ANDA218544 (1); NDA050823 (1); ANDA040814 (1); ANDA086888 (1); ANDA214301 (1); ANDA207285 (1); ANDA071455 (1); NDA019715 (1); ANDA216631 (1); ANDA216197 (1); ANDA076123 (1); ANDA080429 (1); ANDA040578 (1); NDA215866 (1); ANDA085734 (1); ANDA070713 (1); BLA761354 (1); ANDA215761 (1); ANDA040043 (1); ANDA213114 (1); ANDA085739 (1); NDA021455 (1); ANDA086275 (1); ANDA087080 (1); NDA215985 (1); ANDA083439 (1); NDA018557 (1); ANDA210579 (1); NDA009372 (1); ANDA212759 (1); ANDA070037 (1); ANDA213599 (1); NDA018363 (1); ANDA071261 (1); NDA020439 (1); ANDA087266 (1); ANDA070484 (1); NDA018333 (1); ANDA202759 (1); ANDA078439 (1); NDA017853 (1); ANDA078457 (1); ANDA207495 (1); NDA021555 (1); ANDA085083 (1); NDA020254 (1); NDA209092 (1); ANDA203877 (1); ANDA080850 (1); ANDA211195 (1); NDA022430 (1); ANDA078432 (1); NDA203697 (1); ANDA074347 (1); ANDA091272 (1); ANDA206126 (1); ANDA072052 (1); ANDA076101 (1); ANDA215616 (1); ANDA208702 (1); ANDA201522 (1); NDA202514 (1); ANDA080334 (1); ANDA088079 (1); ANDA202850 (1); ANDA072119 (1); NDA202667 (1); NDA205389 (1); ANDA214354 (1); ANDA211406 (1); ANDA075514 (1); ANDA065296 (1); NDA016775 (1); ANDA075318 (1); ANDA089067 (1); ANDA076778 (1); ANDA070440 (1); ANDA210098 (1); ANDA084173 (1); NDA021292 (1); BLA761196 (1); NDA022020 (1); ANDA065363 (1); ANDA075894 (1); NDA050450 (1); ANDA083790 (1); ANDA210388 (1); NDA009357 (1); NDA020469 (1); NDA217899 (1); ANDA087156 (1); ANDA215617 (1); ANDA074036 (1); ANDA091260 (1); ANDA203540 (1); NDA018327 (1); NDA210557 (1); NDA208109 (1); ANDA203978 (1); ANDA212785 (1); NDA014694 (1); ANDA078319 (1); ANDA210342 (1); ANDA213466 (1); ANDA203395 (1); NDA019836 (1); ANDA207456 (1); ANDA205391 (1); ANDA060188 (1); ANDA065286 (1); ANDA210452 (1); ANDA204364 (1); ANDA078706 (1); ANDA091136 (1); NDA022145 (1); NDA020834 (1); ANDA084341 (1); NDA210874 (1); ANDA084834 (1); ANDA076138 (1); ANDA078962 (1); ANDA088922 (1); NDA205223 (1); ANDA078223 (1); ANDA089817 (1); NDA216264 (1); ANDA086117 (1); ANDA062750 (1); ANDA203190 (1); ANDA040315 (1); NDA217901 (1); ANDA209873 (1); ANDA088240 (1); ANDA202255 (1); NDA017566 (1); ANDA086937 (1); NDA011483 (1); ANDA089683 (1); ANDA062900 (1); ANDA090807 (1); ANDA087638 (1); NDA020503 (1); ANDA218131 (1); ANDA061396 (1); ANDA077037 (1); ANDA091002 (1); NDA206089 (1); NDA019478 (1); NDA021587 (1); ANDA062340 (1); ANDA072209 (1); NDA019893 (1); ANDA217841 (1); ANDA062411 (1); ANDA214513 (1); NDA011612 (1); ANDA088047 (1); ANDA200735 (1); ANDA210552 (1); NDA209259 (1); NDA050641 (1); ANDA090065 (1); ANDA213240 (1); ANDA077860 (1); ANDA200880 (1); ANDA210774 (1); ANDA212981 (1); ANDA077467 (1); NDA020929 (1); ANDA210072 (1); ANDA208113 (1); ANDA091163 (1); ANDA090601 (1); NDA019655 (1); ANDA206506 (1); ANDA217640 (1); ANDA065248 (1); ANDA078864 (1); ANDA065388 (1); ANDA086088 (1); ANDA211641 (1); NDA022103 (1); ANDA086047 (1); ANDA215635 (1); ANDA203543 (1); ANDA074069 (1); NDA218549 (1); ANDA086176 (1); ANDA212410 (1); ANDA086834 (1); ANDA075674 (1); NDA011028 (1); ANDA040353 (1); ANDA061468 (1); ANDA217037 (1); NDA021632 (1); NDA202497 (1); ANDA207171 (1); ANDA071620 (1); NDA022510 (1); NDA206333 (1); ANDA200274 (1); ANDA077912 (1); ANDA040116 (1); ANDA075488 (1); ANDA074912 (1); ANDA072709 (1); NDA006927 (1); ANDA211269 (1); NDA018226 (1); ANDA074386 (1); ANDA087706 (1); ANDA089554 (1); ANDA040866 (1); ANDA206329 (1); ANDA212835 (1); ANDA078984 (1); ANDA207288 (1); ANDA072125 (1); ANDA062376 (1); ANDA088833 (1); ANDA084919 (1); NDA208224 (1); ANDA071981 (1); ANDA070962 (1); ANDA214052 (1); ANDA206788 (1); ANDA077170 (1); ANDA212761 (1); ANDA213764 (1); ANDA074707 (1); ANDA076996 (1); ANDA070119 (1); ANDA076161 (1); ANDA200565 (1); NDA020044 (1); ANDA207583 (1); ANDA072630 (1); ANDA075964 (1); ANDA085778 (1); ANDA218003 (1); ANDA209956 (1); ANDA088433 (1); ANDA076758 (1); NDA018685 (1); ANDA078878 (1); ANDA040038 (1); ANDA219002 (1); ANDA070271 (1); ANDA207014 (1); ANDA040421 (1); NDA050767 (1); ANDA077950 (1); ANDA091210 (1); ANDA213628 (1); ANDA207373 (1); ANDA217565 (1); NDA206910 (1); ANDA088891 (1); ANDA216337 (1); ANDA076498 (1); ANDA062383 (1); ANDA090365 (1); ANDA080400 (1); NDA050324 (1); NDA020920 (1); ANDA072992 (1); ANDA210283 (1); ANDA087427 (1); ANDA090423 (1); ANDA200904 (1); NDA219303 (1); NDA017512 (1); ANDA076410 (1); ANDA090340 (1); ANDA215834 (1); ANDA088054 (1); ANDA040335 (1); ANDA088856 (1); NDA009830 (1); ANDA074316 (1); NDA012157 (1); ANDA073261 (1); ANDA090883 (1); NDA205986 (1); ANDA207581 (1); ANDA216349 (1); NDA017982 (1); ANDA212015 (1); ANDA062162 (1); ANDA075172 (1); ANDA085662 (1); ANDA085973 (1); ANDA088742 (1); ANDA065120 (1); NDA050737 (1); ANDA089798 (1); ANDA218609 (1); ANDA040090 (1); ANDA089686 (1); ANDA088199 (1); NDA018035 (1); ANDA071064 (1); NDA204042 (1); NDA018687 (1); ANDA075253 (1); ANDA079028 (1); ANDA088132 (1); ANDA211022 (1); NDA205737 (1); ANDA215860 (1); NDA015922 (1); ANDA200794 (1); NDA020564 (1); NDA012968 (1); ANDA070732 (1); NDA018671 (1); NDA021952 (1); ANDA060768 (1); ANDA204657 (1); ANDA077034 (1); NDA050694 (1); ANDA086936 (1); ANDA020374 (1); ANDA085026 (1); ANDA060578 (1); ANDA216543 (1); ANDA088391 (1); NDA019287 (1); ANDA072323 (1); ANDA087839 (1); ANDA070012 (1); ANDA215789 (1); ANDA088913 (1); NDA210632 (1); ANDA211668 (1); ANDA208543 (1); ANDA085635 (1); ANDA218245 (1); ANDA210799 (1); ANDA065101 (1); NDA050818 (1); NDA219779 (1); NDA020639 (1); ANDA074903 (1); ANDA213142 (1); ANDA071684 (1); ANDA075866 (1); ANDA075906 (1); ANDA208314 (1); NDA215448 (1); ANDA084147 (1); ANDA087884 (1); ANDA218180 (1); ANDA074814 (1); ANDA204680 (1); NDA017452 (1); ANDA087293 (1); ANDA210263 (1); ANDA076438 (1); ANDA075620 (1); ANDA214115 (1); ANDA217276 (1); ANDA215186 (1); ANDA077274 (1); ANDA086961 (1); ANDA205049 (1); BLA019764 (1); BLA761390 (1); ANDA213014 (1); NDA202157 (1); ANDA208697 (1); NDA016000 (1); ANDA074531 (1); BLA761309 (1); ANDA213392 (1); ANDA214091 (1); ANDA074927 (1); ANDA086297 (1); ANDA075873 (1); ANDA214655 (1); ANDA208549 (1); ANDA086168 (1); ANDA209294 (1); ANDA215909 (1); NDA050797 (1); NDA017619 (1); ANDA089619 (1); ANDA070952 (1); ANDA207033 (1); ANDA065239 (1); ANDA206550 (1); NDA203971 (1); ANDA065471 (1); BLA761417 (1); NDA021129 (1); ANDA091248 (1); ANDA091195 (1); ANDA089511 (1); ANDA089787 (1); ANDA076744 (1); ANDA083471 (1); ANDA209488 (1); ANDA200216 (1); NDA021398 (1); ANDA206674 (1); ANDA214332 (1); ANDA074917 (1); NDA016863 (1); NDA202231 (1); ANDA040538 (1); NDA010441 (1); ANDA206015 (1); ANDA062120 (1); ANDA214180 (1); NDA018458 (1); ANDA201593 (1); NDA021939 (1); ANDA076806 (1); ANDA073479 (1); NDA019284 (1); ANDA205709 (1); ANDA202065 (1); ANDA205210 (1); ANDA040428 (1); ANDA090753 (1); ANDA060800 (1); ANDA211648 (1); NDA022127 (1); ANDA071307 (1); ANDA062534 (1); ANDA040219 (1); ANDA209715 (1); ANDA080637 (1); ANDA075155 (1); ANDA219441 (1); ANDA202330 (1); ANDA209382 (1); NDA050435 (1); ANDA210073 (1); ANDA078913 (1); ANDA063076 (1); ANDA208466 (1); NDA022246 (1); ANDA087332 (1); ANDA078735 (1); ANDA076177 (1); ANDA062873 (1); ANDA040492 (1); NDA019897 (1); ANDA076213 (1); ANDA071641 (1); ANDA215562 (1); NDA018471 (1); ANDA091292 (1); ANDA218144 (1); ANDA203533 (1); ANDA090240 (1); ANDA080821 (1); ANDA072126 (1); ANDA217283 (1); ANDA074821 (1); ANDA204374 (1); ANDA088095 (1); ANDA214126 (1); ANDA080846 (1); ANDA062933 (1); NDA207968 (1); ANDA090671 (1); NDA213433 (1); NDA020570 (1); ANDA040509 (1); ANDA075065 (1); ANDA083590 (1); BLA761055 (1); ANDA071776 (1); NDA204623 (1); ANDA215330 (1); ANDA065401 (1); NDA010379 (1); NDA022453 (1); NDA050457 (1); ANDA071910 (1); NDA013448 (1); ANDA075870 (1); ANDA071976 (1); ANDA075400 (1); ANDA080983 (1); ANDA203032 (1); BLA761198 (1); ANDA065025 (1); ANDA078155 (1); ANDA089819 (1); ANDA074975 (1); ANDA072723 (1); ANDA204556 (1); ANDA072652 (1); ANDA084321 (1); ANDA062029 (1); ANDA078953 (1); NDA008420 (1); ANDA070565 (1); ANDA076970 (1); ANDA210250 (1); ANDA083082 (1); ANDA062090 (1); ANDA212663 (1); ANDA078625 (1); ANDA088174 (1); ANDA062672 (1); NDA021259 (1); ANDA214285 (1); ANDA078124 (1); NDA050582 (1); ANDA208348 (1); ANDA077438 (1); NDA019030 (1); ANDA062928 (1); ANDA070649 (1); ANDA074453 (1); ANDA089207 (1); ANDA204937 (1); ANDA214112 (1); NDA208232 (1); NDA020221 (1); ANDA074836 (1); ANDA077991 (1); ANDA210479 (1); ANDA212772 (1); ANDA204435 (1); ANDA040093 (1); ANDA211835 (1); ANDA072926 (1); ANDA088469 (1); ANDA077466 (1); ANDA210470 (1); ANDA061452 (1); NDA017456 (1); ANDA084514 (1); ANDA089286 (1); ANDA089805 (1); ANDA091315 (1); ANDA076460 (1); ANDA077568 (1); NDA018716 (1); ANDA077570 (1); ANDA074713 (1); ANDA086986 (1); ANDA088997 (1); ANDA211060 (1); ANDA086724 (1); ANDA077766 (1); ANDA090609 (1); ANDA070521 (1); ANDA207680 (1); ANDA078099 (1); NDA205999 (1); ANDA216344 (1); ANDA065110 (1); ANDA208057 (1); ANDA083978 (1); ANDA087371 (1); ANDA072273 (1); ANDA211545 (1); ANDA040826 (1); ANDA078347 (1); ANDA071999 (1); ANDA206958 (1); ANDA091368 (1); ANDA203983 (1); NDA050793 (1); ANDA208488 (1); ANDA211647 (1); ANDA087062 (1); NDA050341 (1); ANDA210994 (1); ANDA206665 (1); ANDA211654 (1); ANDA087380 (1); ANDA212238 (1); ANDA074647 (1); NDA213176 (1); ANDA088663 (1); NDA019091 (1); NDA021737 (1); ANDA203834 (1); ANDA085030 (1); ANDA086106 (1); ANDA089578 (1); BLA125387 (1); NDA021087 (1); NDA021712 (1); ANDA207818 (1); ANDA088889 (1); ANDA208992 (1); ANDA216762 (1); ANDA087545 (1); ANDA083640 (1); ANDA211785 (1); ANDA204620 (1); ANDA211738 (1); ANDA078454 (1); ANDA089048 (1); NDA021789 (1); ANDA209799 (1); ANDA203146 (1); NDA021344 (1); ANDA207341 (1); ANDA215684 (1); ANDA089131 (1); NDA213411 (1); ANDA201451 (1); ANDA070295 (1); NDA019884 (1); ANDA060704 (1); ANDA076751 (1); ANDA204679 (1); NDA019484 (1); NDA210365 (1); NDA219379 (1); ANDA070496 (1); ANDA070577 (1); ANDA088252 (1); ANDA087913 (1); ANDA216690 (1); NDA209637 (1); NDA212994 (1); ANDA209909 (1); ANDA212285 (1); ANDA213328 (1); ANDA077069 (1); ANDA077907 (1); ANDA217840 (1); ANDA213907 (1); NDA021489 (1); ANDA065246 (1); ANDA062720 (1); ANDA077174 (1); NDA022047 (1); ANDA202191 (1); ANDA216355 (1); NDA012376 (1); ANDA204154 (1); ANDA088383 (1); ANDA087781 (1); ANDA203038 (1); ANDA207570 (1); ANDA090467 (1); ANDA062930 (1); ANDA214728 (1); NDA205776 (1); ANDA077955 (1); ANDA084931 (1); ANDA204965 (1); ANDA074279 (1); ANDA087809 (1); ANDA208459 (1); ANDA214039 (1); ANDA076117 (1); ANDA211532 (1); ANDA216857 (1); NDA211912 (1); NDA019653 (1); ANDA070463 (1); ANDA073504 (1); ANDA072809 (1); NDA019488 (1); ANDA203803 (1); NDA010220 (1); ANDA075687 (1); ANDA085291 (1); ANDA075469 (1); NDA017549 (1); ANDA072317 (1); ANDA211925 (1); ANDA070143 (1); ANDA083441 (1); ANDA090062 (1); ANDA085046 (1); ANDA076741 (1); ANDA218988 (1); BLA761384 (1); ANDA211581 (1); ANDA074725 (1); ANDA072067 (1); NDA017693 (1); ANDA076719 (1); ANDA085665 (1); ANDA212375 (1); ANDA075226 (1); ANDA202978 (1); ANDA081235 (1); ANDA090418 (1); ANDA084445 (1); NDA017569 (1); NDA050192 (1); ANDA078713 (1); ANDA201680 (1); ANDA040519 (1); ANDA040884 (1); ANDA070517 (1); ANDA084977 (1); ANDA091037 (1); ANDA085475 (1); ANDA203053 (1); NDA016987 (1); ANDA206240 (1); NDA018495 (1); NDA217082 (1); ANDA203991 (1); ANDA089649 (1); NDA208772 (1); ANDA070249 (1); ANDA209446 (1); ANDA214085 (1); NDA015229 (1); NDA210735 (1); ANDA084134 (1); NDA022027 (1); NDA022428 (1); ANDA040893 (1); ANDA209968 (1); NDA008883 (1); ANDA040275 (1); NDA021160 (1); ANDA088009 (1); ANDA075117 (1); NDA215320 (1); ANDA075228 (1); NDA014173 (1); ANDA065386 (1); ANDA208218 (1); ANDA210311 (1); ANDA090742 (1); ANDA090759 (1); ANDA205076 (1); ANDA079063 (1); ANDA080702 (1); ANDA083345 (1); ANDA085444 (1); ANDA214928 (1); NDA018245 (1); ANDA090444 (1); ANDA211839 (1); NDA020067 (1); ANDA218492 (1); NDA217294 (1); ANDA084411 (1); NDA020963 (1); ANDA085940 (1); ANDA087165 (1); ANDA076496 (1); ANDA218450 (1); ANDA077775 (1); ANDA203351 (1); ANDA075816 (1); NDA215910 (1); NDA022250 (1); ANDA204605 (1); ANDA072278 (1); NDA205738 (1); NDA014322 (1); NDA021758 (1); NDA202245 (1); ANDA215072 (1); ANDA070661 (1); BLA125431 (1); ANDA077732 (1); NDA050081 (1); ANDA089681 (1); ANDA202980 (1); NDA018708 (1); ANDA088394 (1); ANDA204618 (1); ANDA211175 (1); NDA020210 (1); ANDA065082 (1); ANDA091605 (1); ANDA205016 (1); ANDA081048 (1); ANDA075321 (1); ANDA202567 (1); ANDA204077 (1); ANDA213336 (1); NDA018006 (1); ANDA084412 (1); ANDA207993 (1); NDA214938 (1); NDA019677 (1); ANDA210093 (1); ANDA063021 (1); ANDA210459 (1); ANDA060764 (1); ANDA217646 (1); ANDA070193 (1); ANDA074223 (1); ANDA087728 (1); ANDA217667 (1); ANDA084912 (1); ANDA073080 (1); ANDA087886 (1); NDA017725 (1); ANDA080568 (1); NDA050519 (1); ANDA213890 (1); NDA050332 (1); ANDA209324 (1); NDA050621 (1); NDA010581 (1); ANDA076136 (1); ANDA074182 (1); ANDA040535 (1); ANDA071984 (1); ANDA202002 (1); NDA017339 (1); ANDA080212 (1); ANDA070709 (1); NDA211281 (1); ANDA204314 (1); ANDA076109 (1); ANDA079134 (1); ANDA080784 (1); ANDA210481 (1); NDA018389 (1); NDA217660 (1); NDA210660 (1); ANDA086192 (1); ANDA206285 (1); ANDA078723 (1); BLA761139 (1); NDA020676 (1); ANDA040903 (1); ANDA072552 (1); ANDA071891 (1); ANDA216256 (1); ANDA071105 (1); ANDA062784 (1); NDA204447 (1); NDA218980 (1); NDA022411 (1); ANDA210420 (1); ANDA087628 (1); ANDA087946 (1); ANDA071341 (1); ANDA210318 (1); ANDA207709 (1); ANDA080809 (1); NDA018581 (1); NDA020908 (1); ANDA208800 (1); ANDA040321 (1); ANDA211652 (1); ANDA216146 (1); NDA017476 (1); NDA016733 (1); ANDA209171 (1); ANDA076552 (1); ANDA062372 (1); ANDA070818 (1); ANDA077447 (1); NDA215252 (1); ANDA213239 (1); ANDA204815 (1); ANDA090926 (1); ANDA212555 (1); ANDA215768 (1); NDA012802 (1); ANDA210711 (1); ANDA080454 (1); ANDA205187 (1); ANDA077890 (1); ANDA088850 (1); ANDA074209 (1); ANDA078331 (1); ANDA204972 (1); ANDA072093 (1); ANDA085568 (1); ANDA075342 (1); ANDA204786 (1); ANDA077530 (1); ANDA071254 (1); ANDA208749 (1); ANDA088867 (1); ANDA204216 (1); ANDA060179 (1); ANDA209111 (1); ANDA062256 (1); BLA761028 (1); ANDA089539 (1); NDA014547 (1); ANDA217298 (1); ANDA075230 (1); ANDA084084 (1); ANDA206028 (1); ANDA084739 (1); ANDA207167 (1); ANDA086938 (1); ANDA088957 (1); ANDA091038 (1); ANDA073510 (1); ANDA076212 (1); ANDA085815 (1); ANDA207485 (1); ANDA203704 (1); ANDA087444 (1); ANDA209883 (1); ANDA203907 (1); ANDA216297 (1); ANDA083563 (1); NDA203491 (1); ANDA216608 (1); ANDA060111 (1); NDA018046 (1); ANDA062728 (1); ANDA062396 (1); ANDA200155 (1); ANDA216729 (1); NDA218347 (1); NDA022010 (1); ANDA081298 (1); ANDA071108 (1); ANDA212377 (1); BLA761304 (1); ANDA206318 (1); ANDA077461 (1); ANDA078792 (1); ANDA088810 (1); NDA213994 (1); ANDA209004 (1); ANDA203628 (1); ANDA208915 (1); ANDA077787 (1); ANDA211431 (1); NDA020013 (1); ANDA074127 (1); ANDA077084 (1); ANDA201921 (1); ANDA211369 (1); ANDA062696 (1); ANDA212189 (1); ANDA070883 (1); NDA018365 (1); NDA214028 (1); NDA013132 (1); ANDA206093 (1); NDA020033 (1); ANDA085563 (1); ANDA085457 (1); ANDA205177 (1); NDA018077 (1); ANDA070892 (1); NDA213591 (1); ANDA208605 (1); ANDA070048 (1); ANDA084506 (1); ANDA072629 (1); NDA011127 (1); ANDA078088 (1); ANDA218404 (1); ANDA077842 (1); ANDA089307 (1); ANDA079079 (1); ANDA081165 (1); ANDA062943 (1); ANDA083834 (1); ANDA078271 (1); NDA020954 (1); NDA203076 (1); ANDA204633 (1); NDA017821 (1); NDA215212 (1); ANDA084327 (1); ANDA085156 (1); ANDA213099 (1); ANDA076898 (1); ANDA075568 (1); ANDA209274 (1); BLA761334 (1); ANDA211676 (1); NDA020014 (1); ANDA075241 (1); ANDA080387 (1); ANDA060518 (1); ANDA061980 (1); ANDA205589 (1); ANDA087540 (1); ANDA201374 (1); NDA208798 (1); ANDA206335 (1); ANDA214684 (1); ANDA219073 (1); BLA761084 (1); ANDA075242 (1); ANDA077082 (1); ANDA089483 (1); BLA125433 (1); ANDA206574 (1); ANDA212336 (1); ANDA080431 (1); ANDA090461 (1); ANDA040099 (1); ANDA205618 (1); ANDA084471 (1); BLA761371 (1); NDA202813 (1); ANDA078869 (1); ANDA078108 (1); NDA021223 (1); NDA215700 (1); ANDA202425 (1); ANDA076555 (1); NDA019001 (1); NDA022234 (1); ANDA075057 (1); NDA020610 (1); ANDA074085 (1); ANDA080254 (1); NDA014399 (1); ANDA078553 (1); ANDA070600 (1); NDA020746 (1); NDA215383 (1); ANDA210158 (1); ANDA215063 (1); ANDA203477 (1); ANDA062795 (1); NDA209570 (1); NDA217759 (1); ANDA070620 (1); ANDA090475 (1); ANDA074621 (1); ANDA215139 (1); ANDA215184 (1); ANDA206649 (1); ANDA209167 (1); NDA004122 (1); NDA211215 (1); NDA205819 (1); ANDA061571 (1); ANDA203502 (1); ANDA075174 (1); NDA018826 (1); ANDA089191 (1); ANDA070578 (1); ANDA074024 (1); ANDA091617 (1); ANDA204360 (1); ANDA201676 (1); NDA214218 (1); ANDA205236 (1); ANDA090554 (1); ANDA207402 (1); ANDA214402 (1); ANDA078314 (1); ANDA080368 (1); ANDA080721 (1); NDA009470 (1); ANDA040456 (1); ANDA218674 (1); ANDA091245 (1); ANDA090620 (1); NDA020087 (1); ANDA086854 (1); ANDA062467 (1); NDA009008 (1); ANDA215822 (1); ANDA071297 (1); ANDA207238 (1); ANDA090289 (1); ANDA218414 (1); ANDA085068 (1); ANDA076337 (1); ANDA086163 (1); ANDA070739 (1); ANDA090061 (1); ANDA087296 (1); ANDA202720 (1); ANDA089285 (1); NDA021235 (1); ANDA072648 (1); ANDA208523 (1); ANDA205011 (1); ANDA077155 (1); ANDA062683 (1); ANDA077153 (1); ANDA212059 (1); NDA019503 (1); ANDA077612 (1); NDA216016 (1); ANDA070100 (1); ANDA083872 (1); ANDA208000 (1); NDA009452 (1); NDA017576 (1); NDA004570 (1); NDA017284 (1); ANDA062697 (1); ANDA073637 (1); ANDA213057 (1); ANDA074402 (1); NDA019697 (1); ANDA086857 (1); ANDA090071 (1); ANDA086008 (1); ANDA202675 (1); NDA208692 (1); ANDA089449 (1); ANDA200734 (1); ANDA083135 (1); ANDA080109 (1); NDA021216 (1); NDA213609 (1); ANDA202287 (1); ANDA087674 (1); ANDA075191 (1); NDA050356 (1); ANDA087390 (1); ANDA071340 (1); ANDA040439 (1); NDA211566 (1); ANDA090981 (1); ANDA205253 (1); ANDA213694 (1); ANDA202728 (1); ANDA087381 (1); ANDA088521 (1); NDA020945 (1); ANDA076960 (1); ANDA086264 (1); ANDA077308 (1); ANDA080380 (1); ANDA218116 (1); ANDA203957 (1); NDA022363 (1); ANDA212088 (1); ANDA212926 (1); ANDA213109 (1); ANDA086925 (1); ANDA065490 (1); ANDA202861 (1); ANDA208768 (1); ANDA088101 (1); NDA022327 (1); ANDA076772 (1); ANDA040056 (1); ANDA211779 (1); ANDA040441 (1); ANDA215794 (1); ANDA207419 (1); ANDA211224 (1); NDA213138 (1); ANDA206432 (1); ANDA072923 (1); ANDA208672 (1); ANDA040748 (1); ANDA209013 (1); ANDA076143 (1); NDA018013 (1); BLA761299 (1); ANDA040341 (1); ANDA211887 (1); ANDA206516 (1); NDA020459 (1); ANDA214982 (1); NDA011870 (1); ANDA061164 (1); ANDA075546 (1); ANDA074019 (1); ANDA219772 (1); ANDA204415 (1); NDA205815 (1); ANDA083453 (1); ANDA213814 (1); ANDA212710 (1); ANDA083414 (1); NDA008794 (1); ANDA210673 (1); NDA020800 (1); ANDA206827 (1); ANDA077798 (1); ANDA087499 (1); NDA205718 (1); NDA020538 (1); ANDA040447 (1); ANDA210211 (1); ANDA201514 (1); ANDA207741 (1); ANDA070747 (1); ANDA210214 (1); ANDA040859 (1); ANDA217808 (1); NDA018401 (1); ANDA073310 (1); NDA050760 (1); ANDA070104 (1); ANDA071676 (1); ANDA208999 (1); NDA021466 (1); ANDA208266 (1); ANDA070826 (1); ANDA071519 (1); ANDA090472 (1); ANDA076310 (1); ANDA070687 (1); ANDA074523 (1); ANDA086188 (1); ANDA211030 (1); ANDA218021 (1); ANDA078484 (1); NDA050622 (1); ANDA071772 (1); NDA212595 (1); ANDA077853 (1); ANDA200672 (1); ANDA204997 (1); ANDA088706 (1); NDA213872 (1); ANDA207235 (1); ANDA071051 (1); ANDA079212 (1); ANDA206921 (1); ANDA077760 (1); ANDA204547 (1); ANDA091489 (1); ANDA212424 (1); NDA021938 (1); ANDA212684 (1); ANDA088615 (1); NDA021011 (1); ANDA212675 (1); ANDA077026 (1); ANDA085927 (1); ANDA091338 (1); ANDA213885 (1); ANDA213457 (1); NDA021176 (1); ANDA208849 (1); NDA016194 (1); ANDA074937 (1); ANDA076262 (1); ANDA062988 (1); ANDA070137 (1); ANDA083245 (1); ANDA215827 (1); ANDA090142 (1); ANDA070435 (1); NDA018052 (1); NDA017808 (1); ANDA040899 (1); ANDA091549 (1); ANDA215434 (1); NDA016755 (1); ANDA062488 (1); ANDA202858 (1); ANDA207602 (1); ANDA213046 (1); NDA218490 (1); ANDA070982 (1); ANDA070912 (1); NDA005725 (1); NDA006309 (1); ANDA218024 (1); ANDA216048 (1); ANDA208417 (1); ANDA214864 (1); ANDA090030 (1); ANDA091288 (1); BLA125516 (1); ANDA070932 (1); NDA021520 (1); ANDA040793 (1); ANDA071990 (1); ANDA075661 (1); ANDA062356 (1); ANDA089410 (1); ANDA070885 (1); ANDA074431 (1); ANDA203003 (1); NDA050167 (1); ANDA219010 (1); ANDA213359 (1); NDA020038 (1); ANDA204695 (1); NDA214858 (1); ANDA216361 (1); ANDA202432 (1); ANDA085941 (1); ANDA065421 (1); ANDA204132 (1); ANDA071085 (1); ANDA090560 (1); ANDA078538 (1); ANDA075030 (1); ANDA210764 (1); ANDA203742 (1); NDA205912 (1); ANDA070752 (1); ANDA083677 (1); ANDA090038 (1); ANDA074524 (1); ANDA074256 (1); ANDA072084 (1); ANDA087769 (1); ANDA200910 (1); ANDA084215 (1); NDA020021 (1); NDA212862 (1); ANDA071053 (1); ANDA090722 (1); ANDA215385 (1); NDA207620 (1); NDA050777 (1); ANDA075681 (1); ANDA077415 (1); ANDA085738 (1); NDA016023 (1); ANDA040528 (1); NDA022445 (1); ANDA084413 (1); ANDA040729 (1); ANDA204521 (1); ANDA208355 (1); NDA213876 (1); NDA021134 (1); ANDA209716 (1); ANDA070014 (1); ANDA210576 (1); NDA020413 (1); NDA012515 (1); ANDA072472 (1); ANDA078463 (1); NDA021623 (1); ANDA090007 (1); ANDA078161 (1); ANDA080381 (1); ANDA070870 (1); ANDA211003 (1); ANDA065065 (1); ANDA084612 (1); ANDA070972 (1); NDA014740 (1); ANDA088107 (1); ANDA088451 (1); ANDA203853 (1); NDA021627 (1); ANDA073542 (1); ANDA084617 (1); ANDA210675 (1); NDA019471 (1); ANDA085733 (1); ANDA070362 (1); ANDA040522 (1); ANDA212331 (1); ANDA070822 (1); ANDA075105 (1); ANDA203811 (1); ANDA078112 (1); NDA012675 (1); ANDA211851 (1); ANDA074111 (1); NDA020969 (1); ANDA214348 (1); ANDA079082 (1); ANDA080268 (1); NDA021500 (1); ANDA216274 (1); ANDA213773 (1); ANDA206227 (1); ANDA084493 (1); NDA020506 (1); ANDA202189 (1); ANDA040490 (1); ANDA040139 (1); ANDA207146 (1); ANDA065429 (1); NDA020291 (1); ANDA062399 (1); NDA050556 (1); ANDA211454 (1); ANDA073316 (1); ANDA204470 (1); ANDA209358 (1); ANDA206623 (1); ANDA074330 (1); NDA019712 (1); ANDA089387 (1); ANDA216715 (1); ANDA089231 (1); ANDA204189 (1); NDA017702 (1); ANDA090378 (1); ANDA202383 (1); NDA019668 (1); ANDA075486 (1); NDA019922 (1); ANDA076620 (1); ANDA213200 (1); ANDA208687 (1); ANDA073311 (1); ANDA081029 (1); ANDA071237 (1); ANDA077077 (1); ANDA074560 (1); ANDA217714 (1); NDA009217 (1); ANDA210335 (1); ANDA072355 (1); ANDA076625 (1); ANDA090690 (1); NDA018758 (1); NDA020347 (1); NDA050819 (1); ANDA061461 (1); ANDA207289 (1); ANDA088094 (1); ANDA077729 (1); ANDA205063 (1); ANDA076907 (1); ANDA085456 (1); ANDA087292 (1); ANDA074970 (1); ANDA202827 (1); ANDA217386 (1); ANDA078520 (1); ANDA206511 (1); ANDA211763 (1); NDA017944 (1); ANDA074248 (1); NDA207369 (1); ANDA090367 (1); ANDA088298 (1); ANDA204373 (1); ANDA217557 (1); ANDA211537 (1); ANDA213070 (1); ANDA202964 (1); ANDA212286 (1); ANDA213201 (1); ANDA205442 (1); BLA125547 (1); ANDA203244 (1); ANDA211752 (1); NDA021084 (1); ANDA213456 (1); ANDA075856 (1); ANDA091357 (1); ANDA209144 (1); NDA009986 (1); ANDA090326 (1); NDA217347 (1); ANDA212708 (1); ANDA091638 (1); ANDA077585 (1); ANDA210537 (1); NDA022201 (1); ANDA212654 (1); ANDA040288 (1); ANDA215049 (1); ANDA089705 (1); ANDA217194 (1); ANDA076294 (1); ANDA076462 (1); ANDA212544 (1); ANDA083501 (1); ANDA061988 (1); ANDA206370 (1); ANDA087029 (1); ANDA065232 (1); ANDA075088 (1); ANDA084752 (1); ANDA202650 (1); ANDA077339 (1); ANDA074037 (1); NDA205353 (1); ANDA091450 (1); NDA012947 (1); ANDA089581 (1); ANDA088323 (1); NDA216099 (1); ANDA083896 (1); NDA211781 (1); ANDA088787 (1); ANDA204552 (1); NDA208775 (1); ANDA085786 (1); ANDA209923 (1); ANDA215069 (1); ANDA083457 (1); ANDA065144 (1); BLA761279 (1); NDA016273 (1); NDA011525 (1); NDA209628 (1); ANDA077096 (1); ANDA040677 (1); ANDA205385 (1); NDA017690 (1); NDA050633 (1); ANDA210823 (1); NDA215515 (1); NDA018705 (1); ANDA090950 (1); ANDA219205 (1); ANDA070062 (1); ANDA085982 (1); ANDA072368 (1); ANDA215939 (1); NDA018519 (1); BLA125472 (1); ANDA062774 (1); ANDA071056 (1); ANDA207692 (1); NDA050337 (1); ANDA213428 (1); NDA021088 (1); NDA010571 (1); ANDA217263 (1); NDA016149 (1); ANDA087194 (1); ANDA060716 (1); NDA020855 (1); NDA021212 (1); ANDA210790 (1); ANDA208220 (1); ANDA070190 (1); ANDA088974 (1); ANDA083343 (1); NDA012703 (1); NDA208114 (1); NDA215423 (1); ANDA211438 (1); ANDA208639 (1); ANDA083308 (1); ANDA078986 (1); ANDA203962 (1); ANDA076116 (1); NDA021566 (1); ANDA085317 (1); ANDA064110 (1); NDA217514 (1); ANDA216488 (1); ANDA085671 (1); ANDA072045 (1); NDA015296 (1); ANDA202228 (1); ANDA211481 (1); ANDA079119 (1); ANDA202361 (1); ANDA087060 (1); ANDA078185 (1); ANDA205345 (1); ANDA214387 (1); ANDA088692 (1); ANDA200891 (1); ANDA088705 (1); NDA050528 (1); ANDA079039 (1); ANDA063079 (1); ANDA075830 (1); ANDA070689 (1); BLA761116 (1); ANDA091327 (1); ANDA214455 (1); ANDA216600 (1); ANDA202477 (1); ANDA217088 (1); ANDA079078 (1); NDA020785 (1); ANDA089190 (1); ANDA062402 (1); ANDA207011 (1); ANDA212492 (1); NDA018896 (1); ANDA217036 (1); ANDA202124 (1); NDA209483 (1); ANDA216772 (1); ANDA204546 (1); ANDA091657 (1); ANDA084035 (1); NDA016822 (1); ANDA063176 (1); ANDA061737 (1); NDA017442 (1); ANDA208557 (1); ANDA078201 (1); ANDA087284 (1); ANDA089057 (1); ANDA065132 (1); NDA012546 (1); ANDA072526 (1); NDA021119 (1); ANDA204430 (1); ANDA040784 (1); ANDA074849 (1); NDA022294 (1); ANDA070728 (1); ANDA217261 (1); NDA018976 (1); BLA101995 (1); NDA050495 (1); ANDA202206 (1); NDA021333 (1); ANDA078413 (1); ANDA205064 (1); ANDA202033 (1); NDA020760 (1); NDA205266 (1); ANDA211815 (1); ANDA212135 (1); NDA021456 (1); ANDA206738 (1); NDA021825 (1); ANDA075636 (1); ANDA040545 (1); NDA009182 (1); ANDA210539 (1); ANDA040265 (1); ANDA074272 (1); ANDA076153 (1); ANDA214456 (1); ANDA076994 (1); ANDA207604 (1); ANDA212360 (1); NDA215092 (1); ANDA208898 (1); ANDA208860 (1); ANDA090248 (1); ANDA088793 (1); BLA761172 (1); ANDA075600 (1); ANDA085285 (1); NDA010028 (1); NDA020166 (1); ANDA090713 (1); NDA019143 (1); ANDA202271 (1); NDA050778 (1); ANDA065022 (1); ANDA071964 (1); ANDA216235 (1); ANDA201291 (1); ANDA073556 (1); ANDA202024 (1); ANDA083159 (1); ANDA204204 (1); ANDA215846 (1); ANDA087546 (1); ANDA091009 (1); NDA202270 (1); ANDA076692 (1); NDA018843 (1); ANDA078216 (1); ANDA072801 (1); ANDA074881 (1); ANDA074363 (1); ANDA203025 (1); ANDA210986 (1); NDA020624 (1); ANDA075909 (1); NDA017513 (1); ANDA080407 (1); ANDA074857 (1); NDA040024 (1); ANDA202246 (1); BLA761382 (1); ANDA090642 (1); ANDA090985 (1); ANDA213676 (1); NDA022114 (1); ANDA064139 (1); ANDA202522 (1); ANDA200540 (1); ANDA214961 (1); ANDA213530 (1); NDA020154 (1); ANDA209564 (1); ANDA062045 (1); ANDA078064 (1); ANDA201155 (1); NDA021594 (1); ANDA213627 (1); ANDA213276 (1); NDA217513 (1); ANDA212997 (1); ANDA074955 (1); ANDA200913 (1); ANDA076815 (1); NDA217016 (1); NDA017995 (1); NDA016942 (1); NDA004056 (1); NDA019901 (1); ANDA207597 (1); NDA019008 (1); ANDA072417 (1); ANDA061395 (1); ANDA205319 (1); NDA207233 (1); ANDA213626 (1); ANDA213891 (1); NDA008955 (1); ANDA084659 (1); ANDA089452 (1); NDA050199 (1); ANDA060666 (1); ANDA078883 (1); ANDA062428 (1); ANDA078871 (1); ANDA091222 (1); ANDA087311 (1); ANDA217416 (1); ANDA078430 (1); NDA020262 (1); ANDA084315 (1); NDA010796 (1); ANDA212215 (1); NDA020381 (1); ANDA040334 (1); BLA761036 (1); ANDA078281 (1); BLA021640 (1); NDA018115 (1); NDA011245 (1); ANDA040700 (1); ANDA077565 (1); NDA209511 (1); ANDA075957 (1); NDA050156 (1); ANDA213202 (1); ANDA040069 (1); ANDA080808 (1); NDA205175 (1); ANDA076219 (1); ANDA209457 (1); NDA013416 (1); NDA020090 (1); ANDA071745 (1); ANDA086205 (1); ANDA073466 (1); ANDA216662 (1); ANDA075918 (1); ANDA206582 (1); ANDA210164 (1); ANDA065161 (1); ANDA089265 (1); ANDA211084 (1); ANDA211033 (1); ANDA072118 (1); ANDA089741 (1); ANDA218182 (1); ANDA080425 (1); ANDA070580 (1); ANDA080342 (1); NDA214231 (1); ANDA203820 (1); ANDA077826 (1); ANDA080868 (1); ANDA214752 (1); ANDA077913 (1); ANDA077372 (1); ANDA080446 (1); NDA014006 (1); ANDA215006 (1); NDA201194 (1); ANDA083738 (1); NDA018467 (1); ANDA085740 (1); ANDA078158 (1); ANDA091025 (1); ANDA090819 (1); ANDA089779 (1); ANDA075876 (1); ANDA084563 (1); ANDA088703 (1); ANDA205512 (1); ANDA219689 (1); NDA018429 (1); ANDA208644 (1); ANDA085753 (1); ANDA086962 (1); ANDA203409 (1); ANDA202242 (1); ANDA203934 (1); NDA215425 (1); ANDA083902 (1); ANDA215458 (1); ANDA078665 (1); NDA009190 (1); ANDA040730 (1); ANDA210889 (1); ANDA203352 (1); NDA019304 (1); NDA021180 (1); ANDA071211 (1); ANDA212147 (1); ANDA075947 (1); ANDA090685 (1); ANDA075773 (1); ANDA216957 (1); ANDA062644 (1); NDA210821 (1); ANDA206872 (1); ANDA075987 (1); NDA022067 (1); ANDA209945 (1); ANDA210785 (1); ANDA085007 (1); ANDA087214 (1); ANDA208455 (1); ANDA200895 (1); ANDA217166 (1); ANDA072234 (1); ANDA088954 (1); ANDA090261 (1); ANDA206743 (1); ANDA087451 (1); NDA022217 (1); ANDA062634 (1); ANDA208867 (1); NDA212273 (1); ANDA089739 (1); ANDA216539 (1); NDA205122 (1); NDA021502 (1); ANDA077958 (1); ANDA061387 (1); ANDA074851 (1); ANDA091520 (1); ANDA074736 (1); ANDA076113 (1); ANDA209921 (1); NDA213426 (1); ANDA211479 (1); ANDA211716 (1); ANDA205330 (1); NDA020778 (1); ANDA087651 (1); ANDA077904 (1); ANDA202739 (1); ANDA081277 (1); ANDA215359 (1); NDA210951 (1); ANDA078417 (1); ANDA091305 (1); ANDA207105 (1); ANDA075911 (1); ANDA206391 (1); ANDA089275 (1); ANDA214428 (1); ANDA080710 (1); ANDA074806 (1); ANDA064006 (1); ANDA208803 (1); ANDA040680 (1); NDA016096 (1); ANDA205230 (1); ANDA071571 (1); ANDA077887 (1); ANDA073262 (1); ANDA213064 (1); BLA761420 (1); NDA020958 (1); NDA050658 (1); ANDA217030 (1); ANDA088130 (1); ANDA090374 (1); ANDA040159 (1); ANDA080763 (1); ANDA074284 (1); ANDA208146 (1); NDA018233 (1); NDA021882 (1); ANDA070059 (1); ANDA077354 (1); ANDA205397 (1); ANDA075282 (1); ANDA090254 (1); ANDA089987 (1); ANDA076141 (1); ANDA209797 (1); ANDA211412 (1); ANDA087204 (1); ANDA070656 (1); ANDA071822 (1); ANDA074437 (1); ANDA076745 (1); NDA020475 (1); ANDA210742 (1); ANDA073288 (1); ANDA077067 (1); ANDA086923 (1); NDA021713 (1); ANDA084488 (1); ANDA210264 (1); NDA022500 (1); NDA050709 (1); NDA210496 (1); ANDA060347 (1); ANDA075357 (1); ANDA205160 (1); NDA020198 (1); ANDA077917 (1); ANDA200270 (1); ANDA065191 (1); ANDA077182 (1); ANDA090527 (1); ANDA062059 (1); ANDA087648 (1); ANDA070008 (1); ANDA088329 (1); ANDA212983 (1); ANDA080660 (1); NDA018550 (1); ANDA075977 (1); ANDA215999 (1); ANDA090711 (1); NDA018631 (1); ANDA216064 (1); NDA020943 (1); ANDA087569 (1); ANDA084059 (1); ANDA215376 (1); NDA208562 (1); NDA005970 (1); ANDA074422 (1); ANDA063294 (1); ANDA211061 (1); ANDA218146 (1); ANDA076533 (1); ANDA084540 (1); ANDA209179 (1); ANDA083575 (1); ANDA215024 (1); NDA215319 (1); ANDA212861 (1); ANDA065319 (1); NDA050533 (1); NDA016908 (1); ANDA205962 (1); ANDA211549 (1); ANDA040364 (1); NDA020727 (1); ANDA080554 (1); ANDA202922 (1); ANDA072109 (1); ANDA208111 (1); NDA021719 (1); NDA005620 (1); ANDA062390 (1); ANDA218620 (1); NDA021585 (1); ANDA217678 (1); ANDA209057 (1); ANDA088946 (1); ANDA217260 (1); ANDA091178 (1); ANDA217559 (1); NDA019829 (1); ANDA075247 (1); ANDA214753 (1); ANDA211027 (1); ANDA090637 (1); NDA202020 (1); ANDA090515 (1); ANDA213199 (1); NDA009273 (1); NDA018023 (1); ANDA207245 (1); ANDA209312 (1); ANDA080741 (1); ANDA084172 (1); ANDA210275 (1); NDA010744 (1); ANDA087731 (1); ANDA078420 (1); NDA013413 (1); ANDA070337 (1); NDA021514 (1); ANDA063025 (1); NDA006882 (1); ANDA073445 (1); ANDA215664 (1); ANDA216159 (1); ANDA074129 (1); ANDA217682 (1); ANDA077161 (1); ANDA070092 (1); ANDA209041 (1); BLA761234 (1); ANDA075382 (1); NDA017612 (1); ANDA071327 (1); ANDA209738 (1); ANDA088634 (1); BLA761150 (1); ANDA211157 (1); NDA019951 (1); ANDA085889 (1); ANDA078780 (1); NDA208447 (1); NDA205787 (1); NDA010255 (1); ANDA210327 (1); NDA020401 (1); ANDA065114 (1); NDA018967 (1); NDA019885 (1); ANDA088666 (1); ANDA210710 (1); ANDA083729 (1); ANDA211250 (1); ANDA089193 (1); ANDA210352 (1); NDA050126 (1); ANDA040155 (1); NDA020216 (1); ANDA071072 (1); ANDA088475 (1); ANDA071621 (1); ANDA075212 (1); ANDA040719 (1); ANDA040583 (1); NDA020438 (1); ANDA080416 (1); ANDA088410 (1); NDA022496 (1); ANDA208765 (1); ANDA204276 (1); ANDA070073 (1); ANDA201821 (1); ANDA208988 (1); ANDA208779 (1); ANDA206749 (1); ANDA206703 (1); NDA050118 (1); ANDA090707 (1); ANDA212486 (1); NDA019625 (1); NDA020869 (1); ANDA209638 (1); NDA019510 (1); NDA021929 (1); NDA211109 (1); ANDA074516 (1); NDA022224 (1); ANDA206560 (1); ANDA075491 (1); ANDA213598 (1); ANDA203786 (1); ANDA211012 (1); NDA016852 (1); NDA005914 (1); ANDA090233 (1); NDA020251 (1); ANDA210702 (1); ANDA040607 (1); ANDA081096 (1); NDA218010 (1); ANDA088796 (1); ANDA201742 (1); NDA022465 (1); ANDA083161 (1); ANDA040552 (1); ANDA205510 (1); ANDA091693 (1); ANDA204266 (1); NDA012657 (1); NDA217439 (1); ANDA072436 (1); ANDA085056 (1); ANDA074745 (1); ANDA203410 (1); ANDA214296 (1); ANDA087247 (1); ANDA209662 (1); NDA021798 (1); NDA022061 (1); ANDA077311 (1); NDA018681 (1); ANDA216008 (1); NDA019322 (1); ANDA078935 (1); ANDA071603 (1); ANDA085595 (1); ANDA212458 (1); NDA022029 (1); NDA010355 (1); ANDA085186 (1); ANDA074865 (1); ANDA209798 (1); ANDA212939 (1); ANDA209190 (1); NDA017498 (1); ANDA088652 (1); ANDA210149 (1); ANDA087411 (1); ANDA204515 (1); ANDA076058 (1); BLA022472 (1); ANDA078015 (1); NDA203441 (1); ANDA077186 (1); ANDA072263 (1); ANDA040842 (1); ANDA086225 (1); NDA020663 (1); ANDA218159 (1); ANDA080195 (1); ANDA202915 (1); ANDA208227 (1); ANDA078909 (1); ANDA204851 (1); ANDA089773 (1); ANDA078639 (1); ANDA071549 (1); ANDA089646 (1); ANDA078058 (1); ANDA211023 (1); ANDA087231 (1); ANDA040624 (1); ANDA214949 (1); ANDA062418 (1); NDA050039 (1); ANDA078343 (1); ANDA209271 (1); NDA216593 (1); ANDA062420 (1); NDA020248 (1); ANDA216266 (1); ANDA212714 (1); NDA218944 (1); ANDA070723 (1); ANDA207940 (1); ANDA208652 (1); ANDA209714 (1); ANDA211099 (1); ANDA040411 (1); ANDA071018 (1); ANDA071604 (1); ANDA209389 (1); ANDA091378 (1); ANDA071737 (1); ANDA071819 (1); ANDA065138 (1); NDA010599 (1); ANDA077293 (1); ANDA072272 (1); ANDA078987 (1); ANDA218271 (1); ANDA210594 (1); ANDA211525 (1); NDA020573 (1); ANDA074751 (1); ANDA078172 (1); ANDA074390 (1); ANDA212421 (1); NDA209376 (1); ANDA088586 (1); ANDA072295 (1); NDA019569 (1); ANDA076320 (1); ANDA085761 (1); ANDA091560 (1); ANDA211540 (1); NDA212154 (1); ANDA084437 (1); ANDA077805 (1); NDA208574 (1); ANDA208882 (1); ANDA078763 (1); ANDA209970 (1); ANDA205798 (1); NDA213036 (1); ANDA091448 (1); NDA018590 (1); ANDA077867 (1); ANDA087763 (1); ANDA079137 (1); ANDA212398 (1); ANDA078045 (1); ANDA072244 (1); NDA204683 (1); ANDA084601 (1); NDA021944 (1); ANDA077540 (1); NDA011673 (1); ANDA084320 (1); ANDA040131 (1); NDA019555 (1); NDA021692 (1); ANDA074591 (1); ANDA089594 (1); ANDA216046 (1); ANDA073254 (1); NDA205934 (1); ANDA212774 (1); NDA212520 (1); NDA020857 (1); ANDA206145 (1); ANDA212231 (1); ANDA200630 (1); ANDA083597 (1); ANDA205690 (1); ANDA200938 (1); ANDA208043 (1); ANDA074329 (1); NDA214377 (1); ANDA218036 (1); ANDA075423 (1); ANDA078244 (1); ANDA078582 (1); NDA019746 (1); NDA050809 (1); ANDA207237 (1); ANDA088226 (1); ANDA215047 (1); BLA761085 (1); NDA205796 (1); NDA216830 (1); ANDA079104 (1); NDA019546 (1); ANDA088062 (1); ANDA218330 (1); ANDA075503 (1); ANDA075492 (1); ANDA202547 (1); ANDA212669 (1); ANDA085322 (1); ANDA075796 (1); ANDA215467 (1); NDA014295 (1); ANDA064054 (1); ANDA207556 (1); ANDA212429 (1); ANDA209125 (1); NDA206451 (1); ANDA040399 (1); ANDA217543 (1); ANDA214935 (1); NDA020404 (1); NDA208030 (1); ANDA214380 (1); ANDA215311 (1); NDA020599 (1); ANDA075868 (1); ANDA203131 (1); ANDA205973 (1); ANDA089342 (1); ANDA210901 (1); ANDA078254 (1); ANDA216606 (1); ANDA091594 (1); ANDA218009 (1); NDA019564 (1); ANDA203599 (1); ANDA207499 (1); ANDA062176 (1); ANDA218467 (1); NDA019817 (1); ANDA080553 (1); NDA050698 (1); ANDA212041 (1); ANDA071808 (1); NDA205040 (1); ANDA206234 (1); ANDA078448 (1); ANDA075990 (1); ANDA085962 (1); ANDA209755 (1); ANDA086090 (1); ANDA204431 (1); NDA012697 (1); ANDA090194 (1); ANDA070744 (1); NDA010151 (1); ANDA201741 (1); ANDA064013 (1); ANDA083494 (1); NDA020427 (1); ANDA071484 (1); ANDA089369 (1); ANDA216699 (1); ANDA212344 (1); ANDA087315 (1); NDA016020 (1); NDA019359 (1); ANDA078165 (1); ANDA206834 (1); ANDA090571 (1); NDA017697 (1); ANDA210128 (1); NDA019851 (1); ANDA207687 (1); ANDA063068 (1); ANDA208864 (1); ANDA210019 (1); ANDA209971 (1); ANDA210602 (1); ANDA075093 (1); BLA021148 (1); ANDA078862 (1); ANDA089356 (1); ANDA201791 (1); NDA016998 (1); ANDA040299 (1); ANDA210786 (1); ANDA078964 (1); NDA019660 (1); ANDA065231 (1); ANDA204989 (1); ANDA083264 (1); ANDA203995 (1); ANDA218312 (1); ANDA076211 (1); ANDA211881 (1); NDA207078 (1); ANDA078575 (1); ANDA062362 (1); NDA022343 (1); ANDA204675 (1); ANDA076002 (1); ANDA077785 (1); ANDA200154 (1); ANDA070023 (1); ANDA207365 (1); ANDA076328 (1); ANDA211348 (1); ANDA215001 (1); NDA016844 (1); NDA018774 (1); ANDA084316 (1); ANDA085415 (1); ANDA090853 (1); ANDA077290 (1); ANDA075782 (1); ANDA204838 (1); ANDA078907 (1); ANDA078863 (1); ANDA209219 (1); NDA019038 (1); NDA206056 (1); ANDA218228 (1); ANDA090726 (1); NDA012164 (1); ANDA076748 (1); ANDA088412 (1); ANDA214504 (1); ANDA212797 (1); ANDA088336 (1); ANDA080575 (1); ANDA208633 (1); NDA011161 (1); ANDA040349 (1); ANDA200980 (1); ANDA203967 (1); ANDA202746 (1); ANDA211382 (1); NDA211994 (1); ANDA076329 (1); ANDA203841 (1); ANDA088486 (1); ANDA207165 (1); ANDA207677 (1); ANDA090956 (1); ANDA077980 (1); ANDA077280 (1); ANDA210805 (1); ANDA206486 (1); ANDA208671 (1); ANDA084466 (1); NDA016949 (1); ANDA215726 (1); ANDA209554 (1); NDA011294 (1); ANDA086009 (1); ANDA040546 (1); ANDA076850 (1); ANDA202414 (1); ANDA212955 (1); ANDA086826 (1); ANDA085825 (1); NDA000004 (1); ANDA083644 (1); NDA050235 (1); ANDA078938 (1); ANDA089763 (1); ANDA210002 (1); ANDA089417 (1); ANDA203860 (1); ANDA075715 (1); ANDA209201 (1); ANDA040865 (1); ANDA079098 (1); ANDA084546 (1); ANDA214730 (1); NDA020120 (1); ANDA078030 (1); ANDA074171 (1); ANDA040407 (1); ANDA075153 (1); ANDA080439 (1); ANDA215948 (1); NDA020205 (1); ANDA210382 (1); NDA020905 (1); ANDA071368 (1); ANDA087909 (1); NDA050262 (1); NDA206927 (1); ANDA206296 (1); BLA019959 (1); ANDA083941 (1); ANDA074568 (1); ANDA063313 (1); ANDA216261 (1); ANDA090358 (1); ANDA210394 (1); ANDA062058 (1); ANDA090618 (1); ANDA084702 (1); ANDA075478 (1); ANDA218326 (1); NDA022006 (1); ANDA062405 (1); ANDA071296 (1); ANDA214901 (1); ANDA074315 (1); ANDA083204 (1); ANDA212082 (1); NDA021992 (1); NDA050238 (1); ANDA203920 (1); ANDA210187 (1); ANDA210920 (1); ANDA078217 (1); ANDA217490 (1); NDA202317 (1); ANDA085098 (1); ANDA089339 (1); NDA021356 (1); ANDA215680 (1); ANDA076951 (1); NDA205739 (1); ANDA088632 (1); ANDA201578 (1); ANDA075965 (1); ANDA076679 (1); ANDA075164 (1); ANDA071456 (1); ANDA206517 (1); ANDA086046 (1); NDA205864 (1); ANDA202209 (1); ANDA074342 (1); NDA020489 (1); ANDA217319 (1); ANDA210558 (1); ANDA074752 (1); ANDA089240 (1); ANDA070060 (1); ANDA217484 (1); ANDA064156 (1); NDA017313 (1); ANDA085897 (1); ANDA212455 (1); ANDA080248 (1); NDA020209 (1); ANDA078157 (1); ANDA085153 (1); ANDA065493 (1); ANDA064061 (1); ANDA213807 (1); ANDA217329 (1); ANDA204562 (1); ANDA214051 (1); NDA209569 (1); ANDA203298 (1); ANDA085664 (1); ANDA070857 (1); ANDA087792 (1); ANDA200405 (1); ANDA217720 (1); ANDA063127 (1); ANDA074365 (1); NDA018748 (1); ANDA214792 (1); ANDA088025 (1); ANDA203690 (1); ANDA088158 (1); ANDA213461 (1); NDA007409 (1); ANDA205746 (1); ANDA040541 (1); ANDA088660 (1); ANDA089834 (1); ANDA040452 (1); ANDA204111 (1); ANDA070665 (1); ANDA217857 (1); ANDA200166 (1); ANDA060593 (1); NDA022454 (1); ANDA212876 (1); NDA011683 (1); ANDA214877 (1); ANDA080970 (1); ANDA075962 (1); ANDA088096 (1); ANDA087797 (1); ANDA087939 (1); NDA220461 (1); ANDA073178 (1); NDA020105 (1); ANDA077923 (1); ANDA085121 (1); ANDA070701 (1); ANDA071882 (1); ANDA204146 (1); NDA020793 (1); ANDA214799 (1); ANDA077900 (1); ANDA085923 (1); ANDA218346 (1); ANDA203000 (1); ANDA209533 (1); NDA020718 (1); ANDA213215 (1); NDA012329 (1); NDA200199 (1); ANDA088334 (1); ANDA212943 (1); ANDA065222 (1); ANDA084970 (1); ANDA075704 (1); ANDA079049 (1); ANDA215210 (1); ANDA078929 (1); ANDA202435 (1); ANDA077035 (1); NDA017865 (1); ANDA206960 (1); NDA021503 (1); ANDA075525 (1); ANDA202539 (1); ANDA202176 (1); ANDA090294 (1); ANDA209717 (1); ANDA080938 (1); NDA216903 (1); ANDA202693 (1); ANDA090339 (1); NDA215239 (1); ANDA083027 (1); ANDA215449 (1); ANDA070395 (1); ANDA089994 (1); NDA019297 (1); ANDA084252 (1); ANDA202052 (1); ANDA212882 (1); ANDA074290 (1); ANDA216724 (1); ANDA089428 (1); ANDA210575 (1); ANDA209252 (1); ANDA202058 (1); ANDA083733 (1); ANDA211572 (1); NDA209310 (1); ANDA080715 (1); ANDA210488 (1); ANDA215259 (1); ANDA074170 (1); ANDA217656 (1); ANDA078490 (1); ANDA200495 (1); NDA022110 (1); ANDA089291 (1); ANDA070648 (1); ANDA072097 (1); ANDA080388 (1); ANDA080210 (1); NDA017688 (1); ANDA091388 (1); ANDA090928 (1); NDA206185 (1); NDA019953 (1); ANDA214222 (1); ANDA072501 (1); ANDA089456 (1); ANDA209011 (1); ANDA209931 (1); ANDA071075 (1); NDA050480 (1); ANDA211755 (1); NDA017322 (1); ANDA205659 (1); ANDA087766 (1); ANDA209290 (1); NDA050404 (1); ANDA070076 (1); ANDA071415 (1); BLA050294 (1); ANDA073263 (1); NDA022459 (1); NDA216078 (1); ANDA207903 (1); ANDA215132 (1); ANDA090838 (1); ANDA203499 (1); ANDA087385 (1); ANDA203863 (1); ANDA217478 (1); NDA200738 (1); ANDA200981 (1); BLA761325 (1); NDA020259 (1); ANDA076097 (1); ANDA079067 (1); ANDA214955 (1); ANDA061624 (1); ANDA040894 (1); ANDA215338 (1); ANDA091394 (1); ANDA084928 (1); ANDA076733 (1); ANDA076090 (1); ANDA071898 (1); ANDA211809 (1); NDA219016 (1); ANDA200219 (1); ANDA084029 (1); ANDA216426 (1); ANDA079019 (1); NDA019270 (1); ANDA211864 (1); NDA021697 (1); ANDA202668 (1); ANDA070441 (1); ANDA211031 (1); NDA218466 (1); NDA208843 (1); NDA017563 (1); NDA212725 (1); ANDA085928 (1); ANDA077880 (1); ANDA072324 (1); ANDA081054 (1); ANDA203548 (1); ANDA087006 (1); ANDA087822 (1); NDA022254 (1); NDA018343 (1); ANDA087915 (1); NDA022450 (1); ANDA088108 (1); ANDA089886 (1); ANDA206729 (1); ANDA071245 (1); NDA205053 (1); NDA016749 (1); ANDA208180 (1); ANDA089616 (1); ANDA040413 (1); NDA050748 (1); ANDA040646 (1); ANDA078446 (1); ANDA076035 (1); ANDA213555 (1); ANDA088303 (1); ANDA075738 (1); ANDA206892 (1); ANDA040733 (1); ANDA209147 (1); ANDA089795 (1); ANDA079021 (1); ANDA210011 (1); NDA022028 (1); ANDA202598 (1); ANDA203804 (1); ANDA074077 (1); ANDA070140 (1); ANDA077245 (1); ANDA206388 (1); ANDA205781 (1); NDA050462 (1); ANDA204107 (1); ANDA070146 (1); ANDA207645 (1); ANDA065398 (1); ANDA075456 (1); NDA012882 (1); NDA219141 (1); ANDA086456 (1); ANDA083734 (1); ANDA203007 (1); ANDA203036 (1); ANDA074299 (1); ANDA090650 (1); ANDA087712 (1); ANDA219307 (1); ANDA203778 (1); NDA017630 (1); ANDA087009 (1); ANDA065305 (1); ANDA088769 (1); ANDA075694 (1); NDA207917 (1); ANDA075373 (1); ANDA074045 (1); ANDA083089 (1); ANDA079040 (1); ANDA202940 (1); ANDA213897 (1); ANDA218246 (1); ANDA076681 (1); ANDA088698 (1); ANDA211700 (1); NDA020075 (1); NDA207795 (1); ANDA062646 (1); ANDA040710 (1); ANDA075154 (1); ANDA065352 (1); ANDA070121 (1); ANDA070675 (1); ANDA210033 (1); ANDA076266 (1); ANDA212848 (1); ANDA074282 (1); NDA020363 (1); ANDA079107 (1); ANDA089314 (1); ANDA204398 (1); ANDA202112 (1); NDA050205 (1); ANDA086260 (1); ANDA040534 (1); ANDA073249 (1); ANDA079031 (1); ANDA208476 (1); BLA103634 (1); NDA019339 (1); ANDA091297 (1); ANDA090574 (1); ANDA040714 (1); ANDA088991 (1); ANDA204459 (1); NDA202123 (1); ANDA074072 (1); ANDA204179 (1); ANDA076896 (1); ANDA217195 (1); NDA014394 (1); ANDA040640 (1); ANDA070188 (1); ANDA070984 (1); ANDA217092 (1); ANDA076217 (1); ANDA218551 (1); ANDA211730 (1); ANDA063099 (1); ANDA091044 (1); ANDA203777 (1); ANDA084598 (1); ANDA085070 (1); ANDA214604 (1); NDA204442 (1); ANDA088140 (1); ANDA071270 (1); ANDA040755 (1); ANDA063010 (1); ANDA077040 (1); ANDA205444 (1); NDA018629 (1); ANDA210992 (1); NDA204441 (1); ANDA075935 (1); ANDA087697 (1); ANDA088472 (1); ANDA207647 (1); ANDA077909 (1); ANDA214850 (1); ANDA062279 (1); ANDA083639 (1); NDA018870 (1); ANDA087010 (1); ANDA212291 (1); ANDA083684 (1); ANDA091637 (1); NDA212539 (1); ANDA202981 (1); ANDA078139 (1); ANDA086945 (1); NDA050636 (1); ANDA074723 (1); ANDA088294 (1); ANDA070622 (1); ANDA204292 (1); NDA204684 (1); ANDA208895 (1); ANDA085551 (1); ANDA204003 (1); BLA203313 (1); NDA020955 (1); ANDA075867 (1); ANDA203508 (1); ANDA212441 (1); ANDA203719 (1); NDA006459 (1); ANDA091614 (1); NDA009378 (1); ANDA076976 (1); NDA018690 (1); ANDA084923 (1); ANDA090165 (1); ANDA202608 (1); ANDA062226 (1); ANDA077093 (1); ANDA201361 (1); ANDA076619 (1); ANDA078850 (1); ANDA078211 (1); ANDA071743 (1); ANDA065072 (1); ANDA070473 (1); ANDA078428 (1); ANDA212446 (1); ANDA214289 (1); ANDA212333 (1); ANDA209689 (1); ANDA210568 (1); NDA013026 (1); ANDA087701 (1); NDA020630 (1); ANDA077888 (1); ANDA213692 (1); NDA050655 (1); ANDA072997 (1); ANDA090402 (1); ANDA206989 (1); NDA050599 (1); ANDA040737 (1); ANDA214844 (1); ANDA065221 (1); ANDA200810 (1); ANDA071412 (1); NDA020055 (1); ANDA212288 (1); NDA016224 (1); ANDA214346 (1); ANDA208979 (1); ANDA040502 (1); NDA020393 (1); ANDA078080 (1); ANDA080237 (1); NDA022097 (1); ANDA206869 (1); ANDA217696 (1); ANDA209635 (1); ANDA212244 (1); ANDA078677 (1); ANDA210507 (1); ANDA070328 (1); ANDA211335 (1); NDA018548 (1); ANDA216438 (1); NDA018924 (1); ANDA072433 (1); ANDA089185 (1); ANDA200065 (1); NDA018922 (1); ANDA213825 (1); ANDA207188 (1); ANDA085125 (1); ANDA205473 (1); ANDA085117 (1); ANDA075187 (1); ANDA020360 (1); ANDA085816 (1); ANDA086031 (1); ANDA209266 (1); NDA216196 (1); ANDA216249 (1); ANDA217456 (1); ANDA061935 (1); ANDA076437 (1); ANDA090265 (1); ANDA075853 (1); ANDA216154 (1); ANDA090499 (1); ANDA085828 (1); ANDA086153 (1); ANDA090648 (1); ANDA203367 (1); ANDA203933 (1); ANDA211290 (1); ANDA200791 (1); ANDA062994 (1); NDA010841 (1); ANDA071374 (1); NDA020984 (1); ANDA077783 (1); NDA018337 (1); ANDA078629 (1); ANDA084772 (1); NDA212209 (1); ANDA062745 (1); ANDA202365 (1); NDA050554 (1); ANDA216126 (1); ANDA200835 (1); ANDA206586 (1); ANDA218156 (1); NDA021908 (1); ANDA215654 (1); NDA005264 (1); ANDA209077 (1); ANDA212613 (1); NDA217070 (1); ANDA070228 (1); ANDA065260 (1); ANDA061841 (1); ANDA080845 (1); ANDA075551 (1); ANDA077145 (1); ANDA080968 (1); ANDA070795 (1); ANDA076338 (1); ANDA040808 (1); ANDA088790 (1); NDA020375 (1); NDA021947 (1); ANDA065169 (1); NDA005897 (1); NDA017667 (1); ANDA087727 (1); ANDA075907 (1); ANDA080786 (1); NDA018055 (1); ANDA214632 (1); ANDA074891 (1); ANDA073282 (1); ANDA213549 (1); ANDA076332 (1); ANDA071325 (1); ANDA079043 (1); ANDA091256 (1); ANDA070541 (1); ANDA085447 (1); ANDA091680 (1); ANDA200462 (1); ANDA201211 (1); ANDA085936 (1); ANDA071253 (1); ANDA065414 (1); ANDA200275 (1); ANDA065051 (1); ANDA209415 (1); ANDA202076 (1); ANDA088972 (1); NDA006146 (1); NDA016964 (1); ANDA202520 (1); NDA210872 (1); ANDA074995 (1); ANDA078031 (1); NDA021832 (1); ANDA208263 (1); ANDA065358 (1); ANDA089657 (1); ANDA210138 (1); ANDA215135 (1); ANDA080016 (1); ANDA086147 (1); ANDA089059 (1); NDA018399 (1); ANDA074483 (1); ANDA212657 (1); NDA012470 (1); ANDA207175 (1); ANDA213365 (1); NDA050484 (1); ANDA086219 (1); ANDA064081 (1); ANDA088216 (1); ANDA062597 (1); NDA050573 (1); ANDA208657 (1); ANDA204072 (1); ANDA088749 (1); ANDA070535 (1); ANDA086887 (1); ANDA085980 (1); ANDA073587 (1); ANDA077097 (1); ANDA089340 (1); NDA018197 (1); ANDA206932 (1); NDA021052 (1); ANDA072112 (1); ANDA083029 (1); ANDA211837 (1); ANDA077734 (1); ANDA077877 (1); ANDA080426 (1); ANDA090029 (1); NDA006823 (1); NDA016847 (1); ANDA074988 (1); ANDA210824 (1); NDA016921 (1); ANDA084600 (1); NDA210282 (1); ANDA072304 (1); ANDA062677 (1); ANDA203852 (1); ANDA209663 (1); ANDA077238 (1); ANDA078352 (1); ANDA219032 (1); NDA020420 (1); ANDA071223 (1); ANDA077834 (1); ANDA077549 (1); NDA209229 (1); ANDA091646 (1); ANDA062764 (1); ANDA075597 (1); ANDA210030 (1); ANDA206529 (1); ANDA211849 (1); ANDA040510 (1); ANDA083568 (1); ANDA090416 (1); NDA050817 (1); ANDA076382 (1); ANDA214024 (1); NDA208611 (1); ANDA214031 (1); ANDA083285 (1); ANDA076356 (1); ANDA063122 (1); ANDA216936 (1); ANDA206853 (1); ANDA070894 (1); ANDA074550 (1); ANDA065342 (1); ANDA204371 (1); ANDA216149 (1); ANDA202093 (1); NDA019140 (1); NDA019381 (1); ANDA207438 (1); ANDA078296 (1); ANDA078494 (1); NDA216956 (1); ANDA075140 (1); ANDA215660 (1); ANDA065478 (1); ANDA204414 (1); ANDA209498 (1); ANDA075641 (1); ANDA071460 (1); ANDA078858 (1); ANDA207372 (1); ANDA208436 (1); ANDA074400 (1); ANDA203424 (1); NDA010929 (1); ANDA215204 (1); NDA020488 (1); NDA204242 (1); ANDA087440 (1); ANDA076135 (1); ANDA040874 (1); ANDA071243 (1); NDA211635 (1); ANDA089568 (1); NDA020646 (1); ANDA074719 (1); NDA050574 (1); ANDA040398 (1); NDA050717 (1); ANDA090798 (1); ANDA212188 (1); NDA205851 (1); ANDA079229 (1); NDA020450 (1); ANDA204717 (1); NDA210361 (1); ANDA077777 (1); ANDA076059 (1); ANDA074438 (1); ANDA083943 (1); ANDA070725 (1); ANDA211123 (1); NDA050272 (1); NDA020027 (1); ANDA091306 (1); ANDA076162 (1); NDA018124 (1); NDA022368 (1); ANDA204558 (1); ANDA205995 (1); ANDA213424 (1); ANDA072058 (1); ANDA076507 (1); ANDA212651 (1); ANDA076729 (1); NDA019722 (1); ANDA211362 (1); NDA020204 (1); ANDA212365 (1); ANDA076129 (1); ANDA083358 (1); ANDA089252 (1); ANDA200737 (1); ANDA215825 (1); ANDA211642 (1); ANDA210916 (1); NDA018888 (1); ANDA089636 (1); ANDA085148 (1); ANDA206716 (1); NDA011521 (1); ANDA078079 (1); ANDA065333 (1); ANDA072987 (1); ANDA070433 (1); ANDA074942 (1); NDA019943 (1); NDA215395 (1); BLA103764 (1); BLA761089 (1); NDA021891 (1); ANDA077470 (1); ANDA216977 (1); ANDA075896 (1); ANDA072131 (1); ANDA203359 (1); ANDA213069 (1); ANDA090810 (1); ANDA087388 (1); BLA021859 (1); ANDA203167 (1); ANDA085380 (1); ANDA211907 (1); ANDA091352 (1); NDA006800 (1); ANDA070273 (1); ANDA071815 (1); ANDA076918 (1); ANDA070694 (1); ANDA084765 (1); ANDA085600 (1); NDA012128 (1); ANDA060633 (1); ANDA214433 (1); BLA761238 (1); ANDA040153 (1); ANDA064070 (1); NDA020934 (1); ANDA208987 (1); NDA022332 (1); ANDA084887 (1); ANDA216201 (1); ANDA064200 (1); ANDA075632 (1); ANDA207548 (1); NDA215842 (1); ANDA080583 (1); ANDA085685 (1); ANDA091036 (1); ANDA091595 (1); ANDA089343 (1); ANDA216590 (1); ANDA062594 (1); ANDA204009 (1); ANDA089833 (1); NDA209607 (1); ANDA076286 (1); ANDA071184 (1); ANDA083102 (1); NDA018651 (1); ANDA202848 (1); ANDA077269 (1); ANDA087865 (1); ANDA204659 (1); NDA205704 (1); ANDA077142 (1); ANDA207408 (1); ANDA071747 (1); ANDA062640 (1); ANDA206118 (1); ANDA214750 (1); ANDA074869 (1); ANDA086424 (1); ANDA210739 (1); ANDA075928 (1); ANDA080519 (1); ANDA087448 (1); ANDA212770 (1); ANDA205945 (1); BLA761195 (1); ANDA201824 (1); ANDA083004 (1); ANDA205924 (1); ANDA201506 (1); ANDA065063 (1); ANDA205544 (1); NDA019042 (1); ANDA201850 (1); ANDA208674 (1); ANDA219072 (1); ANDA207222 (1); ANDA088088 (1); ANDA216236 (1); ANDA217118 (1); ANDA088178 (1); ANDA210519 (1); ANDA208905 (1); ANDA087871 (1); ANDA040692 (1); ANDA071050 (1); ANDA204805 (1); ANDA210231 (1); ANDA207403 (1); ANDA065201 (1); NDA209817 (1); ANDA076064 (1); ANDA070342 (1); ANDA090347 (1); NDA205863 (1); ANDA074418 (1); ANDA211830 (1); NDA207621 (1); ANDA214368 (1); ANDA207922 (1); NDA020726 (1); NDA021481 (1); ANDA088647 (1); ANDA078056 (1); ANDA205130 (1); ANDA201653 (1); ANDA213039 (1); NDA203993 (1); NDA050653 (1); ANDA210001 (1); NDA208286 (1); ANDA084505 (1); ANDA205888 (1); ANDA077242 (1); NDA021572 (1); NDA213478 (1); ANDA203875 (1); ANDA071166 (1); ANDA078818 (1); ANDA070736 (1); ANDA216348 (1); ANDA076795 (1); NDA011792 (1); ANDA204097 (1); ANDA084291 (1); ANDA091679 (1); NDA019269 (1); ANDA074637 (1); ANDA070398 (1); ANDA063181 (1); ANDA083724 (1); ANDA216967 (1); ANDA208597 (1); ANDA075363 (1); NDA050586 (1); ANDA075630 (1); NDA205582 (1); NDA050443 (1); ANDA211701 (1); ANDA211941 (1); ANDA060601 (1); ANDA076820 (1); ANDA088116 (1); ANDA218261 (1); ANDA090862 (1); ANDA075128 (1); NDA019870 (1); ANDA083999 (1); ANDA205102 (1); NDA019786 (1); ANDA201528 (1); NDA050725 (1); NDA022014 (1); ANDA072917 (1); ANDA062546 (1); ANDA040113 (1); NDA020752 (1); ANDA076414 (1); ANDA213561 (1); ANDA091295 (1); NDA214070 (1); NDA017551 (1); ANDA209633 (1); ANDA089451 (1); ANDA090356 (1); ANDA212824 (1); ANDA074345 (1); ANDA211966 (1); ANDA076635 (1); ANDA072734 (1); NDA208645 (1); NDA212479 (1); ANDA077022 (1); ANDA070031 (1); ANDA072352 (1); ANDA200149 (1); ANDA079007 (1); ANDA077478 (1); ANDA210196 (1); ANDA085015 (1); ANDA200824 (1); NDA022156 (1); ANDA074826 (1); ANDA206886 (1); ANDA085463 (1); ANDA072758 (1); NDA019482 (1); NDA002282 (1); ANDA211899 (1); ANDA077745 (1); ANDA214635 (1); ANDA216939 (1); NDA018706 (1); ANDA214736 (1); NDA019058 (1); NDA019757 (1); ANDA206943 (1); ANDA085550 (1); ANDA205876 (1); ANDA088560 (1); ANDA083078 (1); ANDA213346 (1); ANDA090788 (1); NDA004040 (1); ANDA075027 (1); ANDA086578 (1); NDA018894 (1); ANDA062987 (1); NDA008402 (1); ANDA077078 (1); NDA022424 (1); ANDA084504 (1); ANDA074732 (1); ANDA081299 (1); ANDA205814 (1); NDA050670 (1); ANDA074864 (1); ANDA210857 (1); ANDA213062 (1); ANDA075405 (1); ANDA070850 (1); ANDA091585 (1); NDA020484 (1); ANDA087416 (1); NDA022066 (1); ANDA077431 (1); ANDA091166 (1); NDA018883 (1); NDA021433 (1); ANDA209470 (1); NDA018271 (1); ANDA211449 (1); ANDA210467 (1); NDA017424 (1); ANDA040836 (1); ANDA210944 (1); ANDA207575 (1); ANDA074768 (1); ANDA213557 (1); ANDA218053 (1); ANDA087056 (1); ANDA087305 (1); ANDA090848 (1); NDA209844 (1); ANDA207293 (1); ANDA076418 (1); NDA050601 (1); ANDA201972 (1); ANDA211313 (1); ANDA078783 (1); ANDA207806 (1); ANDA211825 (1); ANDA074458 (1); ANDA088052 (1); ANDA214554 (1); ANDA081249 (1); ANDA207971 (1); NDA020051 (1); NDA020605 (1); ANDA040062 (1); ANDA074387 (1); ANDA080154 (1); ANDA065209 (1); ANDA084301 (1); ANDA206113 (1); ANDA074553 (1); ANDA084220 (1); NDA021807 (1); NDA021164 (1); NDA219304 (1); ANDA075472 (1); ANDA083775 (1); ANDA087610 (1); ANDA084552 (1); ANDA070821 (1); ANDA205932 (1); ANDA076006 (1); NDA019404 (1); ANDA062798 (1); ANDA080615 (1); NDA019516 (1); NDA018921 (1); NDA016016 (1); BLA020522 (1); ANDA090419 (1); ANDA089189 (1); ANDA207012 (1); NDA005151 (1); ANDA090318 (1); NDA018895 (1); ANDA063080 (1); ANDA083351 (1); ANDA087585 (1); ANDA074481 (1); ANDA089563 (1); ANDA088531 (1); ANDA072088 (1); ANDA204238 (1); ANDA070699 (1); ANDA086395 (1); BLA761060 (1); ANDA203867 (1); ANDA085981 (1); ANDA087717 (1); ANDA071424 (1); ANDA072769 (1); BLA125084 (1); NDA022264 (1); ANDA076593 (1); ANDA087995 (1); ANDA204876 (1); ANDA078002 (1); ANDA204068 (1); ANDA061903 (1); NDA202799 (1); ANDA087524 (1); ANDA075273 (1); ANDA089797 (1); ANDA203564 (1); ANDA212294 (1); ANDA204835 (1); ANDA201971 (1); NDA050648 (1); ANDA205533 (1); ANDA210639 (1); NDA009376 (1); ANDA201463 (1); ANDA078426 (1); NDA009458 (1); ANDA209655 (1); ANDA060427 (1); ANDA090786 (1); ANDA040655 (1); ANDA207944 (1); NDA019141 (1); NDA012380 (1); ANDA078720 (1); ANDA070010 (1); ANDA064216 (1); ANDA090039 (1); ANDA206999 (1); ANDA084590 (1); ANDA080828 (1); NDA022417 (1); NDA016697 (1); ANDA076088 (1); ANDA203183 (1); ANDA216800 (1); ANDA206222 (1); ANDA210882 (1); ANDA084181 (1); ANDA090474 (1); NDA018332 (1); NDA008845 (1); ANDA085211 (1); NDA008278 (1); ANDA089008 (1); ANDA212917 (1); ANDA061996 (1); ANDA087324 (1); NDA214660 (1); ANDA089699 (1); ANDA087480 (1); ANDA208130 (1); ANDA209654 (1); ANDA065448 (1); ANDA091395 (1); ANDA209261 (1); ANDA085620 (1); ANDA211980 (1); ANDA065093 (1); ANDA076852 (1); ANDA215076 (1); ANDA209087 (1); ANDA062206 (1); NDA210136 (1); ANDA063350 (1); ANDA078601 (1); ANDA085385 (1); ANDA208554 (1); ANDA070050 (1); NDA018161 (1); ANDA218713 (1); NDA206352 (1); ANDA088637 (1); NDA019443 (1); NDA050117 (1); NDA017463 (1); ANDA085764 (1); ANDA214087 (1); NDA012489 (1); ANDA078207 (1); ANDA211538 (1); ANDA209208 (1); NDA204803 (1); NDA021530 (1); NDA206307 (1); NDA020773 (1); NDA008565 (1); ANDA065252 (1); ANDA062711 (1); BLA103767 (1); ANDA207486 (1); ANDA076067 (1); ANDA088585 (1); ANDA211111 (1); ANDA070536 (1); NDA020181 (1); ANDA214540 (1); ANDA204723 (1); ANDA205347 (1); NDA017510 (1); ANDA203432 (1); ANDA216128 (1); ANDA202182 (1); ANDA074543 (1); ANDA084974 (1); NDA017493 (1); NDA021688 (1); NDA202008 (1); ANDA214138 (1); ANDA212025 (1); ANDA040890 (1); NDA020868 (1); ANDA065287 (1); NDA008370 (1); NDA012827 (1); ANDA083426 (1); ANDA070352 (1); ANDA203929 (1); NDA211844 (1); ANDA076490 (1); NDA021583 (1); ANDA201024 (1); NDA021756 (1); ANDA073457 (1); ANDA088710 (1); ANDA076515 (1); ANDA077996 (1); ANDA062049 (1); ANDA208429 (1); NDA200534 (1); ANDA215776 (1); NDA021924 (1); ANDA072781 (1); ANDA040807 (1); ANDA088641 (1); ANDA210255 (1); ANDA084656 (1); ANDA075482 (1); ANDA203986 (1); ANDA062938 (1); ANDA208540 (1); ANDA084777 (1); NDA219592 (1); ANDA074913 (1); NDA205054 (1); ANDA212610 (1); ANDA079106 (1); ANDA075101 (1); ANDA213605 (1); ANDA065442 (1); ANDA215208 (1); ANDA087078 (1); ANDA071492 (1); ANDA204559 (1); NDA020004 (1); ANDA077052 (1); NDA200175 (1); ANDA216878 (1); ANDA090130 (1); ANDA085136 (1); ANDA089060 (1); ANDA214462 (1); ANDA074598 (1); ANDA077733 (1); ANDA201661 (1); ANDA077128 (1); ANDA078718 (1); BLA125521 (1); ANDA090169 (1); ANDA075622 (1); ANDA204513 (1); NDA209776 (1); ANDA208717 (1); ANDA061048 (1); ANDA087394 (1); ANDA088243 (1); ANDA089385 (1); NDA020632 (1); NDA020890 (1); ANDA207210 (1); ANDA217193 (1); ANDA083312 (1); ANDA086178 (1); ANDA084705 (1); ANDA090429 (1); ANDA079087 (1); ANDA086237 (1); ANDA083002 (1); BLA761306 (1); ANDA218454 (1); ANDA209287 (1); ANDA072285 (1); ANDA074224 (1); ANDA207836 (1); ANDA065218 (1); ANDA087619 (1); ANDA215701 (1); NDA215192 (1); ANDA200645 (1); ANDA078890 (1); ANDA213081 (1); ANDA216331 (1); ANDA075707 (1); NDA021664 (1); NDA009495 (1); NDA019346 (1); NDA011620 (1); ANDA213899 (1); NDA018066 (1); ANDA217685 (1); ANDA075435 (1); ANDA202464 (1); ANDA075556 (1); ANDA070720 (1); ANDA076434 (1); NDA022328 (1); ANDA207326 (1); ANDA076381 (1); NDA012542 (1); BLA017646 (1); ANDA062872 (1); ANDA080749 (1); ANDA201941 (1); ANDA075500 (1); ANDA089069 (1); ANDA090033 (1); ANDA207136 (1); ANDA218482 (1); ANDA091033 (1); ANDA090505 (1); ANDA064042 (1); ANDA075775 (1); ANDA213636 (1); ANDA071370 (1); ANDA209069 (1); ANDA212450 (1); ANDA062306 (1); ANDA210338 (1); NDA022565 (1); NDA016689 (1); NDA019084 (1); ANDA089101 (1); ANDA076380 (1); ANDA075577 (1); ANDA087885 (1); NDA020208 (1); ANDA072055 (1); ANDA077306 (1); ANDA080758 (1); ANDA076077 (1); NDA014242 (1); NDA017698 (1); ANDA062809 (1); NDA215457 (1); NDA011960 (1); ANDA076648 (1); NDA050285 (1); ANDA201896 (1); ANDA205080 (1); ANDA085052 (1); ANDA217117 (1); ANDA083177 (1); ANDA040707 (1); ANDA076170 (1); ANDA070684 (1); ANDA208326 (1); ANDA218374 (1); ANDA077960 (1); NDA213246 (1); ANDA085481 (1); ANDA080800 (1); ANDA214193 (1); ANDA075404 (1); ANDA075664 (1); ANDA078983 (1); ANDA086418 (1); NDA208341 (1); ANDA087742 (1); ANDA086258 (1); ANDA075606 (1); ANDA202214 (1); ANDA088870 (1); ANDA214760 (1); NDA017858 (1); ANDA084449 (1); NDA050749 (1); ANDA087952 (1); ANDA087020 (1); ANDA211464 (1); NDA016640 (1); ANDA210466 (1); NDA020132 (1); ANDA207047 (1); ANDA071619 (1); ANDA211891 (1); ANDA065504 (1); ANDA080943 (1); NDA011751 (1); NDA212480 (1); NDA019716 (1); NDA214155 (1); NDA012383 (1); ANDA062596 (1); ANDA077437 (1); NDA208253 (1); ANDA202857 (1); ANDA076694 (1); ANDA210567 (1); ANDA078998 (1); ANDA204351 (1); ANDA077982 (1); ANDA080951 (1); NDA018047 (1); NDA020666 (1); ANDA204289 (1); ANDA206553 (1); NDA021171 (1); ANDA205043 (1); ANDA206778 (1); ANDA204312 (1); ANDA089736 (1); NDA212860 (1); ANDA062466 (1); NDA020698 (1); ANDA083241 (1); ANDA204882 (1); NDA050010 (1); ANDA071438 (1); ANDA214361 (1); ANDA062666 (1); ANDA086530 (1); ANDA077278 (1); NDA008578 (1); ANDA062702 (1); ANDA040584 (1); ANDA070118 (1); NDA021681 (1); ANDA202323 (1); ANDA209958 (1); ANDA201354 (1); ANDA203814 (1); NDA018511 (1); NDA018997 (1); ANDA208737 (1); ANDA083593 (1); NDA211673 (1); ANDA089400 (1); NDA218275 (1); ANDA074188 (1); ANDA076363 (1); ANDA088580 (1); NDA018440 (1); ANDA085957 (1); ANDA086720 (1); ANDA209897 (1); ANDA086728 (1); ANDA213981 (1); ANDA070923 (1); NDA210491 (1); ANDA064099 (1); ANDA070597 (1); ANDA080343 (1); ANDA077190 (1); ANDA070634 (1); ANDA209420 (1); ANDA073006 (1); ANDA090580 (1); ANDA212057 (1); ANDA079011 (1); ANDA078843 (1); ANDA085082 (1); ANDA077898 (1); ANDA219120 (1); ANDA077781 (1); ANDA078267 (1); ANDA203259 (1); ANDA091517 (1); ANDA204797 (1); NDA021478 (1); ANDA205299 (1); NDA019520 (1); ANDA077481 (1); ANDA078474 (1); ANDA072127 (1); ANDA071729 (1); ANDA207682 (1); ANDA077500 (1); ANDA075786 (1); ANDA087852 (1); ANDA218789 (1); ANDA085034 (1); ANDA090516 (1); NDA017802 (1); ANDA074556 (1); ANDA202039 (1); ANDA091156 (1); ANDA078257 (1); ANDA090679 (1); ANDA060132 (1); NDA016418 (1); NDA210910 (1); ANDA206939 (1); ANDA083720 (1); ANDA065178 (1); NDA205818 (1); ANDA040111 (1); ANDA210436 (1); NDA021764 (1); ANDA078963 (1); ANDA087317 (1); NDA050562 (1); ANDA210664 (1); ANDA204230 (1); ANDA218878 (1); ANDA200296 (1); NDA017911 (1); NDA018315 (1); NDA021153 (1); NDA018153 (1); ANDA217844 (1); ANDA084517 (1); NDA019022 (1); ANDA213324 (1); NDA022259 (1); ANDA202747 (1); NDA019106 (1); ANDA211685 (1); ANDA078098 (1); ANDA210510 (1); ANDA216983 (1); NDA217242 (1); ANDA076716 (1); ANDA089259 (1); ANDA073243 (1); ANDA070891 (1); ANDA212363 (1); ANDA040245 (1); ANDA062178 (1); ANDA075466 (1); ANDA200644 (1); ANDA207311 (1); ANDA075902 (1); ANDA206173 (1); ANDA089354 (1); NDA213931 (1); NDA018683 (1); ANDA071252 (1); ANDA217970 (1); NDA020470 (1); NDA021238 (1); ANDA091563 (1); ANDA213698 (1); NDA019890 (1); ANDA060304 (1); ANDA088613 (1); ANDA062485 (1); ANDA200918 (1); ANDA040461 (1); NDA211340 (1); NDA020316 (1); ANDA075345 (1); ANDA204531 (1); NDA010104 (1); ANDA217230 (1); ANDA084241 (1); NDA012940 (1); NDA021567 (1); ANDA212881 (1); ANDA091224 (1); ANDA075367 (1); NDA020597 (1); ANDA202111 (1); ANDA211151 (1); ANDA204272 (1); ANDA206434 (1); ANDA062392 (1); ANDA079206 (1); ANDA202200 (1); ANDA207483 (1); ANDA209602 (1); ANDA089573 (1); NDA022015 (1); ANDA078725 (1); NDA018449 (1); ANDA091457 (1); ANDA085934 (1); ANDA063029 (1); ANDA065021 (1); ANDA205468 (1); ANDA209282 (1); ANDA085523 (1); ANDA070462 (1); ANDA203981 (1); ANDA076306 (1); ANDA083217 (1); ANDA202392 (1); NDA217500 (1); ANDA089212 (1); ANDA212773 (1); ANDA206987 (1); ANDA202562 (1); ANDA207084 (1); NDA009436 (1); ANDA072326 (1); NDA019215 (1); ANDA070825 (1); NDA219389 (1); ANDA083605 (1); ANDA071752 (1); ANDA216901 (1); NDA206030 (1); ANDA070495 (1); ANDA075576 (1); ANDA083403 (1); BLA020604 (1); ANDA076589 (1); ANDA085477 (1); ANDA086032 (1); NDA010669 (1); NDA021734 (1); ANDA077028 (1); ANDA077060 (1); ANDA200961 (1); NDA011695 (1); ANDA070260 (1); NDA050720 (1); NDA022360 (1); NDA017422 (1); ANDA071232 (1); ANDA204033 (1); ANDA076702 (1); ANDA218401 (1); ANDA078684 (1); ANDA080027 (1); ANDA203191 (1); ANDA070772 (1); ANDA085768 (1); ANDA210281 (1); NDA021873 (1); ANDA070294 (1); ANDA091247 (1); ANDA208971 (1); ANDA089685 (1); ANDA072095 (1); ANDA204020 (1); ANDA076421 (1); ANDA204959 (1); ANDA088274 (1); ANDA074544 (1); NDA021192 (1); NDA019033 (1); NDA209405 (1); BLA020986 (1); ANDA204895 (1); ANDA215486 (1); ANDA212444 (1); ANDA077953 (1); ANDA072316 (1); ANDA217791 (1); ANDA083281 (1); NDA209884 (1); NDA021043 (1); ANDA204821 (1); NDA204017 (1); ANDA216587 (1); ANDA216935 (1); ANDA075431 (1); NDA050548 (1); NDA021243 (1); ANDA084270 (1); ANDA087780 (1); BLA761399 (1); NDA017586 (1); ANDA075615 (1); NDA018647 (1); BLA761099 (1); ANDA202038 (1); ANDA087541 (1); ANDA083626 (1); ANDA065407 (1); ANDA081044 (1); NDA215133 (1); NDA216318 (1); ANDA086748 (1); ANDA201003 (1); ANDA215980 (1); ANDA075720 (1); NDA022436 (1); ANDA088011 (1); ANDA070706 (1); NDA019635 (1); ANDA076244 (1); ANDA209236 (1); ANDA075280 (1); NDA203093 (1); ANDA076493 (1); ANDA078410 (1); ANDA065096 (1); ANDA091678 (1); ANDA210534 (1); ANDA216435 (1); ANDA209522 (1); ANDA204406 (1); NDA201849 (1); NDA050598 (1); ANDA204988 (1); ANDA216795 (1); ANDA072696 (1); ANDA077748 (1); NDA218139 (1); ANDA086087 (1); ANDA206440 (1); ANDA070722 (1); ANDA076036 (1); ANDA087500 (1); ANDA075325 (1); NDA050508 (1); NDA205109 (1); ANDA086844 (1); ANDA089557 (1); NDA007012 (1); ANDA072879 (1); NDA017255 (1); ANDA075783 (1); ANDA078867 (1); ANDA091590 (1); NDA215110 (1); ANDA204028 (1); ANDA212915 (1); ANDA061976 (1); ANDA203513 (1); ANDA087631 (1); ANDA215737 (1); ANDA072733 (1); ANDA072320 (1); ANDA083856 (1); NDA018379 (1); BLA761108 (1); ANDA075528 (1); ANDA209373 (1); ANDA088497 (1); NDA209472 (1); ANDA078755 (1); ANDA207224 (1); ANDA070959 (1); ANDA077533 (1); NDA019998 (1); ANDA073447 (1); ANDA076888 (1); ANDA091453 (1); ANDA213604 (1); NDA008499 (1); ANDA205186 (1); ANDA075780 (1); ANDA074410 (1); ANDA217917 (1); ANDA088281 (1); ANDA074559 (1); ANDA061229 (1); NDA020552 (1); ANDA077743 (1); ANDA078769 (1); ANDA070028 (1); ANDA062605 (1); ANDA206519 (1); NDA205826 (1); NDA019222 (1); ANDA071107 (1); ANDA203364 (1); ANDA208964 (1); NDA011914 (1); ANDA020512 (1); ANDA088837 (1); NDA200603 (1); ANDA063016 (1); ANDA214110 (1); ANDA077634 (1); ANDA090631 (1); NDA019999 (1); ANDA209621 (1); ANDA088514 (1); ANDA089422 (1); ANDA218194 (1); NDA013077 (1); NDA018050 (1); ANDA202032 (1); ANDA076221 (1); ANDA215666 (1); NDA017780 (1); ANDA073531 (1); ANDA078957 (1); ANDA201634 (1); NDA209360 (1); ANDA040734 (1); ANDA209250 (1); ANDA212936 (1); ANDA209665 (1); ANDA206081 (1); NDA021871 (1); ANDA040664 (1); ANDA207707 (1); ANDA062668 (1); ANDA065516 (1); BLA018781 (1); ANDA203034 (1); ANDA074081 (1); ANDA209666 (1); ANDA203247 (1); ANDA210032 (1); ANDA211863 (1); NDA214787 (1); ANDA088923 (1); ANDA090931 (1); ANDA076249 (1); ANDA080760 (1); ANDA213311 (1); NDA207768 (1); ANDA075819 (1); ANDA076958 (1); ANDA090124 (1); ANDA086821 (1); ANDA062616 (1); ANDA074748 (1); ANDA076023 (1); NDA212020 (1); ANDA215618 (1); ANDA207623 (1); NDA214103 (1); ANDA203916 (1); ANDA080949 (1); ANDA216357 (1); ANDA076203 (1); ANDA210826 (1); NDA021830 (1); ANDA083765 (1); ANDA084771 (1); ANDA201786 (1); ANDA070248 (1); ANDA202584 (1); ANDA207808 (1); ANDA086276 (1); NDA017550 (1); ANDA216568 (1); ANDA077299 (1); ANDA080966 (1); ANDA090903 (1); ANDA210777 (1); ANDA086146 (1); ANDA209035 (1); NDA210649 (1); ANDA064128 (1); ANDA216751 (1); ANDA074892 (1); ANDA078214 (1); NDA019819 (1); ANDA210953 (1); BLA761219 (1); ANDA212037 (1); ANDA091466 (1); ANDA087991 (1); NDA020377 (1); ANDA072296 (1); NDA016723 (1); ANDA074428 (1); ANDA088196 (1); ANDA078489 (1); ANDA218460 (1); ANDA075298 (1); ANDA078631 (1); ANDA076754 (1); ANDA078409 (1); ANDA083532 (1); ANDA205184 (1); ANDA077905 (1); NDA202428 (1); ANDA203707 (1); ANDA211526 (1); ANDA065312 (1); ANDA071479 (1); NDA207793 (1); NDA214273 (1); ANDA210560 (1); ANDA214107 (1); ANDA203133 (1); ANDA218172 (1); ANDA217221 (1); ANDA077985 (1); ANDA214773 (1); ANDA209093 (1); ANDA040615 (1); ANDA202143 (1); ANDA071247 (1); BLA125522 (1); ANDA040301 (1); NDA016687 (1); ANDA088325 (1); ANDA209790 (1); ANDA064146 (1); ANDA202050 (1); ANDA086162 (1); NDA018812 (1); ANDA070530 (1); ANDA085298 (1); ANDA062264 (1); ANDA078811 (1); NDA019439 (1); ANDA091650 (1); NDA203195 (1); NDA020729 (1); ANDA217914 (1); ANDA215988 (1); ANDA078993 (1); ANDA089352 (1); ANDA077520 (1); ANDA062196 (1); ANDA077925 (1); ANDA087375 (1); ANDA207079 (1); NDA018946 (1); ANDA071685 (1); ANDA210248 (1); ANDA216458 (1); NDA021310 (1); ANDA075288 (1); ANDA210293 (1); ANDA085999 (1); BLA125476 (1); ANDA211543 (1); ANDA064106 (1); ANDA205438 (1); NDA204325 (1); ANDA211248 (1); BLA022523 (1); ANDA209325 (1); ANDA077045 (1); ANDA077001 (1); ANDA062002 (1); NDA014215 (1); ANDA211082 (1); ANDA085900 (1); NDA012770 (1); ANDA086296 (1); ANDA074025 (1); ANDA061394 (1); ANDA088372 (1); ANDA204536 (1); ANDA207563 (1); ANDA071788 (1); ANDA073685 (1); ANDA211117 (1); NDA021057 (1); ANDA202396 (1); NDA016679 (1); ANDA208375 (1); ANDA070187 (1); NDA021743 (1); ANDA089213 (1); NDA018549 (1); ANDA076799 (1); NDA020430 (1); ANDA212080 (1); ANDA040743 (1); ANDA204152 (1); ANDA070308 (1); NDA019480 (1); ANDA211590 (1); ANDA215878 (1); NDA022494 (1); ANDA075665 (1); ANDA063264 (1); ANDA062212 (1); NDA022119 (1); NDA016954 (1); ANDA086122 (1); ANDA210337 (1); ANDA078945 (1); ANDA089233 (1); ANDA090893 (1); ANDA083993 (1); ANDA209677 (1); ANDA204226 (1); NDA050672 (1); ANDA202930 (1); NDA018827 (1); ANDA202473 (1); ANDA211637 (1); ANDA084170 (1); ANDA216042 (1); ANDA074782 (1); ANDA074778 (1); ANDA203269 (1); NDA208510 (1); ANDA070915 (1); ANDA208335 (1); NDA018053 (1); ANDA087228 (1); ANDA201745 (1); NDA050735 (1); ANDA078804 (1); ANDA214723 (1); ANDA201106 (1); ANDA072500 (1); ANDA213338 (1); ANDA206983 (1); ANDA216343 (1); ANDA060004 (1); ANDA076470 (1); ANDA201087 (1); ANDA216806 (1); ANDA075135 (1); ANDA085188 (1); ANDA087919 (1); NDA012097 (1); ANDA072330 (1); NDA011738 (1); ANDA212405 (1); NDA214461 (1); NDA020700 (1); ANDA211121 (1); NDA021445 (1); ANDA060574 (1); ANDA213512 (1); ANDA216247 (1); NDA017466 (1); ANDA071230 (1); ANDA078980 (1); ANDA211711 (1); ANDA207008 (1); NDA009477 (1); ANDA206945 (1); ANDA212845 (1); ANDA084427 (1); ANDA065302 (1); ANDA213988 (1); ANDA079038 (1); ANDA087860 (1); ANDA074221 (1); NDA015197 (1); ANDA207050 (1); NDA021082 (1); ANDA204541 (1); ANDA073122 (1); ANDA207685 (1); ANDA206058 (1); ANDA040576 (1); ANDA207567 (1); ANDA205923 (1); ANDA204777 (1); NDA018977 (1); NDA018692 (1); ANDA218640 (1); NDA018110 (1); ANDA207428 (1); NDA010976 (1); ANDA085454 (1); ANDA040671 (1); ANDA086413 (1); ANDA076112 (1); NDA050257 (1); ANDA090406 (1); ANDA072128 (1); NDA018563 (1); NDA204914 (1); ANDA090955 (1); NDA217651 (1); ANDA062601 (1); ANDA085580 (1); NDA050542 (1); ANDA214079 (1); ANDA062305 (1); ANDA207693 (1); ANDA084634 (1); ANDA205702 (1); ANDA090766 (1); ANDA204246 (1); NDA050441 (1); ANDA212280 (1); ANDA078219 (1); ANDA203026 (1); ANDA214491 (1); ANDA209272 (1); ANDA087454 (1); ANDA204792 (1); ANDA075974 (1); ANDA210733 (1); NDA019907 (1); ANDA211147 (1); ANDA211045 (1); NDA217159 (1); ANDA207337 (1); ANDA062623 (1); ANDA070343 (1); ANDA040011 (1); ANDA090346 (1); ANDA205467 (1); NDA014122 (1); ANDA075666 (1); ANDA076430 (1); ANDA078517 (1); NDA214835 (1); ANDA080642 (1); ANDA206533 (1); ANDA071423 (1); ANDA206554 (1); ANDA074051 (1); NDA017279 (1); NDA021226 (1); ANDA090513 (1); ANDA207821 (1); ANDA091426 (1); ANDA083180 (1); ANDA086458 (1); ANDA207945 (1); ANDA060127 (1); ANDA202235 (1); ANDA209896 (1); BLA761143 (1); ANDA083205 (1); ANDA213815 (1); ANDA084775 (1); ANDA204329 (1); NDA019157 (1); ANDA062442 (1); ANDA060520 (1); ANDA211360 (1); ANDA075167 (1); ANDA216651 (1); ANDA090656 (1); ANDA071055 (1); NDA021919 (1); ANDA085232 (1); ANDA091164 (1); ANDA204313 (1); ANDA075725 (1); ANDA212991 (1); ANDA080379 (1); ANDA203580 (1); ANDA085527 (1); ANDA086811 (1); ANDA065355 (1); ANDA085684 (1); BLA021536 (1); ANDA205557 (1); ANDA213256 (1); ANDA074028 (1); ANDA075706 (1); NDA204168 (1); ANDA214817 (1); ANDA209303 (1); ANDA062768 (1); ANDA204922 (1); ANDA216809 (1); NDA012095 (1); ANDA206961 (1); NDA011287 (1); NDA006333 (1); ANDA210508 (1); ANDA212944 (1); ANDA212796 (1); NDA018594 (1); ANDA212423 (1); ANDA211394 (1); ANDA070136 (1); ANDA078777 (1); ANDA080699 (1); ANDA212396 (1); ANDA090654 (1); NDA209296 (1); NDA213218 (1); ANDA210017 (1); NDA010742 (1); ANDA202578 (1); ANDA061580 (1); ANDA061806 (1); ANDA088478 (1); NDA017533 (1); ANDA088646 (1); NDA022057 (1); BLA761100 (1); ANDA210541 (1); NDA215712 (1); ANDA210046 (1); NDA203505 (1); ANDA084153 (1); NDA008693 (1); ANDA212803 (1); ANDA217281 (1); ANDA086268 (1); ANDA062707 (1); ANDA076070 (1); ANDA207664 (1); ANDA040422 (1); ANDA075050 (1); ANDA083113 (1); ANDA076416 (1); ANDA210297 (1); ANDA213162 (1); NDA007865 (1); NDA018931 (1); ANDA070591 (1); ANDA084312 (1); ANDA200833 (1); ANDA090456 (1); ANDA077106 (1); NDA021887 (1); ANDA076747 (1); ANDA208980 (1); ANDA062895 (1); ANDA210651 (1); ANDA214950 (1); NDA012541 (1); ANDA090293 (1); ANDA040851 (1); ANDA071058 (1); ANDA062318 (1); ANDA065078 (1); ANDA086678 (1); ANDA214839 (1); BLA019640 (1); ANDA215124 (1); NDA205828 (1); ANDA070983 (1); ANDA212779 (1); ANDA065488 (1); ANDA075326 (1); ANDA204464 (1); ANDA076942 (1); ANDA062762 (1); ANDA088193 (1); ANDA076543 (1); ANDA205441 (1); NDA019120 (1); NDA212819 (1); ANDA219036 (1); ANDA084305 (1); NDA020549 (1); ANDA213063 (1); ANDA210549 (1); ANDA207118 (1); ANDA201089 (1); ANDA077701 (1); ANDA040291 (1); ANDA206493 (1); ANDA089064 (1); ANDA086554 (1); ANDA070364 (1); ANDA086095 (1); NDA205809 (1); ANDA075284 (1); NDA021394 (1); ANDA214440 (1); ANDA204494 (1); NDA203340 (1); ANDA062676 (1); ANDA070215 (1); NDA008173 (1); ANDA207531 (1); NDA204063 (1); ANDA089654 (1); ANDA206252 (1); ANDA208362 (1); ANDA085771 (1); ANDA070910 (1); ANDA062496 (1); ANDA071129 (1); ANDA071665 (1); ANDA071038 (1); ANDA208472 (1); ANDA207316 (1); ANDA074871 (1); ANDA089887 (1); ANDA212283 (1); ANDA078508 (1); ANDA061769 (1); ANDA078380 (1); ANDA084500 (1); ANDA091586 (1); ANDA077322 (1); ANDA206396 (1); ANDA076722 (1); ANDA202360 (1); ANDA072308 (1); ANDA084698 (1); ANDA203013 (1); NDA009048 (1); ANDA087501 (1); ANDA206266 (1); ANDA071558 (1); ANDA088120 (1); ANDA088933 (1); NDA205920 (1); ANDA065170 (1); NDA050060 (1); ANDA087996 (1); ANDA212949 (1); ANDA089837 (1); ANDA212809 (1); ANDA202204 (1); ANDA065002 (1); ANDA077916 (1); ANDA207505 (1); ANDA213663 (1); ANDA080378 (1); ANDA077324 (1); ANDA089051 (1); NDA208216 (1); ANDA218304 (1); NDA017381 (1); NDA018008 (1); ANDA203354 (1); ANDA088212 (1); ANDA216262 (1); NDA018012 (1); ANDA217068 (1); NDA021024 (1); ANDA075562 (1); ANDA087396 (1); ANDA088124 (1); ANDA085579 (1); ANDA205988 (1); ANDA212354 (1); ANDA062759 (1); ANDA214349 (1); NDA050405 (1); ANDA075572 (1); ANDA213499 (1); NDA019216 (1); NDA021367 (1); ANDA213348 (1); BLA761333 (1); ANDA072730 (1); ANDA213657 (1); ANDA086836 (1); ANDA213637 (1); ANDA078037 (1); ANDA065256 (1); ANDA088156 (1); ANDA083420 (1); ANDA087312 (1); ANDA062538 (1); ANDA091264 (1); ANDA208068 (1); ANDA078252 (1); ANDA070026 (1); ANDA087974 (1); ANDA086737 (1); ANDA065150 (1); ANDA214030 (1); ANDA210948 (1); ANDA077493 (1); ANDA204735 (1); NDA021785 (1); NDA022001 (1); ANDA080624 (1); ANDA202842 (1); ANDA090675 (1); ANDA202892 (1); ANDA090243 (1); NDA016249 (1); ANDA205549 (1); ANDA078906 (1); ANDA201278 (1); NDA050590 (1); ANDA213444 (1); ANDA090922 (1); ANDA202306 (1); ANDA202793 (1); ANDA209668 (1); ANDA208279 (1); ANDA214329 (1); ANDA065095 (1); ANDA219547 (1); ANDA091353 (1); NDA012699 (1); ANDA211719 (1); ANDA212312 (1); ANDA070438 (1); ANDA212719 (1); NDA207865 (1); ANDA077396 (1); ANDA203459 (1); ANDA204389 (1); ANDA090096 (1); ANDA216896 (1); NDA020987 (1); NDA021695 (1); ANDA088584 (1); ANDA200816 (1); ANDA070081 (1); ANDA077349 (1); ANDA073667 (1); ANDA212001 (1); ANDA084736 (1); ANDA205239 (1); BLA125469 (1); ANDA070030 (1); ANDA061716 (1); NDA207114 (1); ANDA071007 (1); ANDA091619 (1); ANDA218719 (1); ANDA070639 (1); ANDA083075 (1); ANDA070378 (1); ANDA083444 (1); ANDA213441 (1); ANDA086835 (1); NDA019090 (1); ANDA217462 (1); ANDA076259 (1); ANDA211706 (1); ANDA040014 (1); ANDA061866 (1); NDA19019 (1); ANDA212731 (1); NDA019136 (1); ANDA203453 (1); ANDA090612 (1); NDA021948 (1); ANDA070095 (1); ANDA212313 (1); ANDA070032 (1); ANDA088042 (1); ANDA091690 (1); ANDA216942 (1); ANDA203702 (1); ANDA211356 (1); ANDA204040 (1); NDA017346 (1); NDA208684 (1); ANDA204828 (1); ANDA076139 (1); ANDA080353 (1); ANDA077335 (1); ANDA218063 (1); ANDA040665 (1); ANDA087931 (1); NDA215668 (1); ANDA072519 (1); ANDA084324 (1); ANDA084398 (1); ANDA080785 (1); ANDA078766 (1); ANDA076263 (1); NDA214544 (1); ANDA218907 (1); ANDA084015 (1); NDA211150 (1); ANDA090898 (1); ANDA214641 (1); ANDA211016 (1); ANDA218598 (1); ANDA077414 (1); ANDA203902 (1); ANDA075774 (1); ANDA087685 (1); ANDA213342 (1); ANDA210199 (1); ANDA078797 (1); ANDA087186 (1); ANDA211636 (1); ANDA086823 (1); ANDA080506 (1); ANDA086880 (1); ANDA040521 (1); ANDA040165 (1); ANDA076895 (1); NDA020846 (1); ANDA065171 (1); ANDA061705 (1); NDA020576 (1); NDA215179 (1); ANDA209010 (1); ANDA085964 (1); ANDA074845 (1); ANDA202933 (1); NDA020173 (1); NDA215168 (1); ANDA087428 (1); ANDA212474 (1); NDA020734 (1); BLA125377 (1); ANDA072051 (1); ANDA216653 (1); ANDA078705 (1); ANDA078583 (1); ANDA063336 (1); ANDA078544 (1); ANDA073165 (1); ANDA206287 (1); ANDA083484 (1); ANDA075441 (1); NDA022278 (1); ANDA210783 (1); ANDA213845 (1); ANDA091203 (1); ANDA074141 (1); ANDA075591 (1); ANDA207629 (1); ANDA090764 (1); NDA209501 (1); ANDA205499 (1); ANDA062032 (1); NDA019634 (1); ANDA087235 (1); BLA761416 (1); ANDA077235 (1); ANDA065250 (1); NDA017468 (1); NDA050726 (1); ANDA207746 (1); NDA011664 (1); ANDA206165 (1); NDA215499 (1); ANDA219254 (1); ANDA212250 (1); ANDA076186 (1); ANDA079102 (1); ANDA079157 (1); ANDA214017 (1); NDA018642 (1); ANDA085173 (1); ANDA211124 (1); ANDA085113 (1); ANDA071942 (1); ANDA081095 (1); ANDA076889 (1); NDA019699 (1); ANDA077136 (1); NDA021279 (1); ANDA081019 (1); ANDA206369 (1); NDA017624 (1); ANDA210256 (1); NDA020678 (1); ANDA203583 (1); NDA218158 (1); ANDA076087 (1); BLA103000 (1); ANDA089144 (1); ANDA202126 (1); ANDA065349 (1); ANDA206697 (1); ANDA202571 (1); ANDA201464 (1); ANDA210465 (1); BLA761248 (1); ANDA214702 (1); ANDA213778 (1); ANDA077914 (1); ANDA090782 (1); ANDA089408 (1); ANDA085284 (1); ANDA062123 (1); ANDA062595 (1); ANDA090763 (1); ANDA206672 (1); ANDA074921 (1); BLA017054 (1); ANDA206223 (1); ANDA207938 (1); ANDA087514 (1); ANDA201587 (1); ANDA209993 (1); ANDA074296 (1); NDA021814 (1); NDA210942 (1); ANDA071074 (1); ANDA071853 (1); ANDA213206 (1); ANDA063305 (1); ANDA205280 (1); ANDA040360 (1); ANDA076375 (1); ANDA076252 (1); ANDA076301 (1); ANDA077120 (1); ANDA206071 (1); ANDA206436 (1); ANDA210978 (1); ANDA212378 (1); ANDA070434 (1); ANDA204570 (1); NDA016675 (1); ANDA088519 (1); BLA125499 (1); ANDA202830 (1); NDA207356 (1); ANDA078703 (1); ANDA211145 (1); ANDA085476 (1); ANDA214216 (1); ANDA072953 (1); ANDA217445 (1); NDA214665 (1); ANDA215961 (1); NDA211988 (1); ANDA210409 (1); ANDA040676 (1); NDA206023 (1); ANDA202937 (1); ANDA203112 (1); ANDA075201 (1); NDA008869 (1); ANDA211200 (1); NDA021267 (1); ANDA077487 (1); ANDA089174 (1); ANDA072938 (1); ANDA089821 (1); ANDA088814 (1); ANDA202332 (1); ANDA076511 (1); ANDA211741 (1); ANDA072083 (1); ANDA085813 (1); ANDA204890 (1); ANDA213275 (1); ANDA086863 (1); NDA020903 (1); ANDA076915 (1); NDA218772 (1); NDA021288 (1); NDA006514 (1); ANDA070156 (1); ANDA208848 (1); ANDA079239 (1); ANDA204802 (1); NDA022569 (1); ANDA085864 (1); ANDA090940 (1); NDA201370 (1); NDA017799 (1); ANDA073618 (1); NDA214628 (1); ANDA065207 (1); NDA201367 (1); NDA008816 (1); ANDA090278 (1); ANDA207568 (1); ANDA070583 (1); ANDA075978 (1); ANDA076369 (1); ANDA071295 (1); ANDA070173 (1); ANDA074305 (1); ANDA214722 (1); ANDA075810 (1); ANDA210845 (1); ANDA217487 (1); NDA202763 (1); ANDA078398 (1); NDA050661 (1); ANDA217236 (1); NDA021446 (1); ANDA086988 (1); ANDA088737 (1); ANDA090739 (1); ANDA211370 (1); ANDA213290 (1); NDA021449 (1); ANDA071477 (1); ANDA087155 (1); ANDA040843 (1); ANDA062911 (1); ANDA080886 (1); ANDA040052 (1); ANDA201001 (1); ANDA203460 (1); ANDA040136 (1); ANDA076561 (1); ANDA040140 (1); ANDA211696 (1); ANDA087384 (1); ANDA075278 (1); ANDA200266 (1); ANDA215074 (1); ANDA080967 (1); ANDA203114 (1); NDA017634 (1); ANDA075629 (1); ANDA074579 (1); ANDA084902 (1); ANDA085302 (1); ANDA075789 (1); ANDA063100 (1); ANDA207979 (1); ANDA203152 (1); ANDA074276 (1); NDA213593 (1); ANDA078243 (1); ANDA200899 (1); ANDA078414 (1); ANDA213132 (1); NDA204308 (1); ANDA077847 (1); NDA209445 (1); ANDA074226 (1); ANDA073306 (1); ANDA217250 (1); NDA018166 (1); ANDA209497 (1); ANDA207742 (1); ANDA077931 (1); ANDA076027 (1); ANDA089021 (1); ANDA216958 (1); ANDA202078 (1); ANDA077288 (1); ANDA211068 (1); NDA011856 (1); ANDA204004 (1); ANDA040716 (1); ANDA210662 (1); ANDA085223 (1); ANDA086283 (1); ANDA209595 (1); ANDA089258 (1); ANDA077122 (1); NDA050635 (1); ANDA076343 (1); ANDA078278 (1); ANDA211427 (1); ANDA083567 (1); ANDA086998 (1); NDA021076 (1); ANDA205956 (1); NDA212909 (1); ANDA061851 (1); NDA202811 (1); ANDA205587 (1); ANDA087662 (1); ANDA201950 (1); ANDA075932 (1); NDA018285 (1); ANDA070799 (1); ANDA203382 (1); ANDA065379 (1); ANDA086511 (1); ANDA073193 (1); ANDA083973 (1); ANDA061829 (1); NDA050609 (1); ANDA214195 (1); NDA213182 (1); ANDA206402 (1); ANDA211640 (1); NDA202860 (1); ANDA073536 (1); ANDA075995 (1); ANDA217676 (1); ANDA062835 (1); ANDA073548 (1); NDA215206 (1); ANDA084386 (1); ANDA208881 (1); NDA021025 (1); ANDA088271 (1); ANDA208357 (1); ANDA077621 (1); ANDA078226 (1); ANDA070603 (1); ANDA074500 (1); NDA208624 (1); ANDA088944 (1); ANDA065141 (1); ANDA062687 (1); ANDA209369 (1); ANDA214609 (1); BLA021017 (1); ANDA089386 (1); ANDA077505 (1); ANDA078580 (1); ANDA203554 (1); NDA020937 (1); NDA021906 (1); ANDA071044 (1); ANDA089390 (1); ANDA203644 (1); NDA017428 (1); ANDA204737 (1); ANDA209647 (1); ANDA078141 (1); ANDA213236 (1); NDA019382 (1); ANDA084135 (1); ANDA078704 (1); ANDA080472 (1); ANDA206770 (1); ANDA218220 (1); ANDA073107 (1); NDA020664 (1); ANDA207148 (1); ANDA085844 (1); ANDA090724 (1); ANDA206803 (1); ANDA072140 (1); BLA761347 (1); ANDA213661 (1); ANDA208724 (1); NDA208147 (1); ANDA214391 (1); ANDA086516 (1); NDA019025 (1); ANDA075971 (1); ANDA085976 (1); ANDA090383 (1); ANDA203572 (1); ANDA215810 (1); ANDA077527 (1); ANDA090258 (1); ANDA072113 (1); ANDA072507 (1); NDA205866 (1); ANDA086595 (1); NDA021633 (1); ANDA070033 (1); ANDA210041 (1); ANDA088717 (1); ANDA065441 (1); ANDA211090 (1); ANDA080855 (1); ANDA204359 (1); ANDA214337 (1); ANDA071207 (1); ANDA077254 (1); ANDA090978 (1); ANDA212368 (1); ANDA077963 (1); ANDA074419 (1); ANDA209609 (1); ANDA078260 (1); ANDA088256 (1); ANDA074215 (1); ANDA040812 (1); ANDA075663 (1); ANDA091193 (1); ANDA218768 (1); ANDA209983 (1); ANDA064120 (1); NDA016829 (1); ANDA088045 (1); ANDA080790 (1); ANDA206745 (1); ANDA088765 (1); ANDA209991 (1); NDA220073 (1); NDA019919 (1); ANDA077056 (1); NDA018794 (1); ANDA080791 (1); ANDA091602 (1); ANDA214732 (1); ANDA077562 (1); ANDA211091 (1); ANDA087376 (1); ANDA090701 (1); ANDA070624 (1); ANDA208569 (1); NDA018290 (1); ANDA203051 (1); ANDA213229 (1); ANDA070881 (1); ANDA076004 (1); ANDA040560 (1); NDA021225 (1); NDA018386 (1); ANDA206916 (1); NDA050755 (1); ANDA076061 (1); ANDA214196 (1); ANDA212601 (1); ANDA071518 (1); ANDA202852 (1); NDA208956 (1); ANDA087601 (1); ANDA076442 (1); ANDA083214 (1); ANDA207345 (1); ANDA071425 (1); ANDA202599 (1); NDA022083 (1); NDA212950 (1); ANDA208518 (1); ANDA065241 (1); NDA021883 (1); NDA218718 (1); ANDA065347 (1); ANDA216860 (1); ANDA214595 (1); ANDA085880 (1); ANDA075316 (1); ANDA219093 (1); NDA211448 (1); ANDA064036 (1); NDA008592 (1); NDA217900 (1); ANDA206974 (1); NDA017398 (1); ANDA214842 (1); ANDA076827 (1); ANDA076254 (1); ANDA202963 (1); NDA205804 (1); ANDA090170 (1); NDA050520 (1); ANDA065133 (1); ANDA074596 (1); ANDA087876 (1); ANDA076913 (1); BLA761268 (1); ANDA076164 (1); ANDA200156 (1); ANDA206850 (1); ANDA203849 (1); ANDA213842 (1); ANDA212702 (1); ANDA091231 (1); NDA216457 (1); ANDA205013 (1); ANDA040109 (1); ANDA209433 (1); ANDA080355 (1); ANDA217694 (1); NDA217332 (1); NDA022468 (1); ANDA214576 (1); ANDA205256 (1); ANDA074388 (1); ANDA076963 (1); ANDA217219 (1); ANDA075060 (1); ANDA065408 (1); NDA220266 (1); NDA219015 (1); ANDA070485 (1); ANDA078164 (1); NDA020925 (1); ANDA085974 (1); ANDA071135 (1); ANDA214672 (1); ANDA079086 (1); ANDA215921 (1); ANDA202774 (1); ANDA073695 (1); ANDA204532 (1); ANDA206551 (1); ANDA085592 (1); ANDA074269 (1); NDA217499 (1); ANDA215508 (1); ANDA090137 (1); ANDA207466 (1); ANDA214284 (1); ANDA077344 (1); ANDA070256 (1); ANDA211533 (1); NDA021457 (1); ANDA211767 (1); ANDA215742 (1); ANDA065245 (1); ANDA217893 (1); ANDA040388 (1); ANDA070888 (1); ANDA083254 (1); ANDA084869 (1); ANDA090415 (1); ANDA091483 (1); ANDA088709 (1); NDA017464 (1); NDA019784 (1); ANDA214305 (1); ANDA089211 (1); ANDA211764 (1); ANDA083213 (1); ANDA214009 (1); ANDA205873 (1); NDA206356 (1); ANDA090800 (1); ANDA087756 (1); ANDA208497 (1); ANDA208561 (1); ANDA205806 (1); ANDA202738 (1); ANDA205548 (1); NDA207500 (1); ANDA212171 (1); ANDA214682 (1); NDA019778 (1); ANDA206372 (1); ANDA214934 (1); ANDA218905 (1); ANDA091484 (1); ANDA040150 (1); ANDA219422 (1); ANDA074956 (1); ANDA084530 (1); ANDA078014 (1); ANDA204793 (1); ANDA205531 (1); ANDA077608 (1); ANDA071342 (1); NDA050442 (1); NDA012772 (1); NDA050722 (1); ANDA205205 (1); BLA761127 (1); ANDA085261 (1); ANDA074165 (1); ANDA204993 (1); ANDA087609 (1); ANDA207117 (1); NDA009108 (1); NDA014601 (1); ANDA207516 (1); ANDA075467 (1); ANDA065162 (1); BLA021878 (1); ANDA073541 (1); ANDA210105 (1); ANDA062604 (1); ANDA087892 (1); ANDA203796 (1); ANDA076281 (1); ANDA213647 (1); NDA011556 (1); NDA205388 (1); ANDA085549 (1); ANDA208677 (1); NDA021026 (1); NDA021590 (1); ANDA207363 (1); ANDA206953 (1); ANDA075518 (1); NDA214487 (1); ANDA071870 (1); ANDA065146 (1); ANDA207745 (1); NDA018551 (1); ANDA085498 (1); ANDA076386 (1); ANDA210114 (1); ANDA203252 (1); NDA021488 (1); NDA021998 (1); ANDA078960 (1); NDA207695 (1); ANDA087226 (1); ANDA212467 (1); ANDA215843 (1); ANDA206848 (1); NDA209401 (1); ANDA064142 (1); ANDA088625 (1); ANDA076345 (1); ANDA204798 (1); ANDA070593 (1); ANDA213982 (1); ANDA091329 (1); ANDA214827 (1); NDA020927 (1); ANDA211690 (1); NDA008041 (1); ANDA075730 (1); ANDA074805 (1); ANDA070162 (1); ANDA213706 (1); ANDA089268 (1); ANDA087598 (1); NDA017609 (1); NDA018321 (1); ANDA086797 (1); NDA020841 (1); ANDA065453 (1); ANDA062746 (1); ANDA075542 (1); ANDA076220 (1); ANDA090221 (1); ANDA207757 (1); ANDA070255 (1); ANDA089006 (1); NDA020343 (1); ANDA204549 (1); ANDA202495 (1); ANDA084568 (1); ANDA079169 (1); ANDA077376 (1); ANDA213374 (1); NDA011757 (1); ANDA077224 (1); ANDA075010 (1); NDA050734 (1); ANDA075350 (1); NDA020269 (1); ANDA210453 (1); NDA206040 (1); ANDA202511 (1); ANDA085652 (1); ANDA078290 (1); ANDA076982 (1); ANDA214585 (1); ANDA077721 (1); ANDA215081 (1); ANDA212695 (1); NDA209410 (1); ANDA062879 (1); ANDA201294 (1); ANDA084744 (1); ANDA077275 (1); NDA207166 (1); ANDA062599 (1); ANDA205375 (1); ANDA088768 (1); ANDA217652 (1); ANDA205563 (1); ANDA076797 (1); ANDA206573 (1); ANDA077249 (1); NDA201743 (1); ANDA204362 (1); ANDA209504 (1); ANDA076174 (1); ANDA072712 (1); ANDA216095 (1); ANDA072550 (1); BLA125496 (1); ANDA075981 (1); ANDA073283 (1); ANDA212619 (1); ANDA070654 (1); ANDA207409 (1); ANDA083760 (1); NDA018986 (1); NDA019445 (1); NDA016666 (1); ANDA072407 (1); ANDA091534 (1); ANDA217674 (1); NDA013217 (1); ANDA205872 (1); NDA020156 (1); ANDA085840 (1); ANDA088639 (1); ANDA076022 (1); NDA017027 (1); ANDA204355 (1); NDA017950 (1); ANDA078404 (1); ANDA074980 (1); ANDA215028 (1); ANDA209148 (1); ANDA087739 (1); NDA020815 (1); NDA021788 (1); ANDA213420 (1); ANDA208856 (1); ANDA083595 (1); ANDA212181 (1); ANDA206094 (1); ANDA040721 (1); ANDA213327 (1); ANDA089171 (1); ANDA071552 (1); ANDA079080 (1); ANDA201536 (1); ANDA040415 (1); ANDA079237 (1); ANDA075442 (1); ANDA076916 (1); ANDA090829 (1); ANDA040262 (1); ANDA212399 (1); ANDA218451 (1); ANDA062603 (1); ANDA074190 (1); ANDA210155 (1); NDA019734 (1); ANDA205594 (1); ANDA074360 (1); ANDA202556 (1); ANDA084843 (1); ANDA212184 (1); ANDA209008 (1); ANDA091144 (1); ANDA208532 (1); ANDA091465 (1); ANDA085472 (1); ANDA076699 (1); NDA205840 (1); ANDA084679 (1); ANDA203322 (1); ANDA087534 (1); ANDA040774 (1); ANDA071559 (1); NDA205508 (1); NDA017607 (1); ANDA206699 (1); ANDA074203 (1); ANDA074401 (1); NDA201281 (1); ANDA074131 (1); ANDA216494 (1); ANDA208129 (1); ANDA072514 (1); NDA019399 (1); ANDA090692 (1); ANDA084964 (1); BLA761344 (1); ANDA217805 (1); ANDA213734 (1); ANDA065157 (1); ANDA088170 (1); NDA020246 (1); ANDA219121 (1); ANDA084908 (1); ANDA210198 (1); ANDA071659 (1); ANDA204534 (1); ANDA207156 (1); ANDA062664 (1); ANDA091542 (1); ANDA075790 (1); ANDA212361 (1); NDA021454 (1); ANDA040477 (1); ANDA210689 (1); ANDA075804 (1); ANDA201331 (1); ANDA080880 (1); ANDA083528 (1); NDA200656 (1); ANDA075493 (1); ANDA062289 (1); ANDA070332 (1); ANDA203173 (1); ANDA061999 (1); ANDA065041 (1); ANDA212301 (1); ANDA071529 (1); ANDA089804 (1); ANDA210476 (1); ANDA215637 (1); NDA204820 (1); ANDA207200 (1); ANDA084559 (1); ANDA218738 (1); ANDA219350 (1); ANDA075355 (1); ANDA202388 (1); ANDA040281 (1); NDA216227 (1); NDA050791 (1); ANDA088523 (1); ANDA070468 (1); NDA021144 (1); NDA017871 (1); ANDA091104 (1); NDA021113 (1); ANDA202139 (1); NDA209500 (1); ANDA083901 (1); BLA021839 (1); NDA019243 (1); ANDA208164 (1); ANDA213858 (1); ANDA075108 (1); ANDA062766 (1); NDA018874 (1); ANDA071427 (1); ANDA071781 (1); NDA018793 (1); ANDA206724 (1); ANDA065308 (1); ANDA088626 (1); NDA021090 (1); ANDA216602 (1); NDA021005 (1); NDA204630 (1); NDA020932 (1); NDA005619 (1); ANDA084993 (1); NDA020329 (1); ANDA062483 (1); ANDA203428 (1); ANDA208096 (1); ANDA218028 (1); NDA001504 (1); NDA020369 (1); ANDA214856 (1); ANDA077507 (1); ANDA211010 (1); ANDA074648 (1); ANDA208453 (1); ANDA213688 (1); ANDA075817 (1); ANDA202445 (1); ANDA207183 (1); ANDA208698 (1); ANDA075586 (1); ANDA073007 (1); ANDA084246 (1); ANDA074799 (1); ANDA202280 (1); ANDA087762 (1); ANDA215463 (1); NDA010611 (1); ANDA077896 (1); ANDA217020 (1); ANDA090596 (1); ANDA040224 (1); NDA050673 (1); ANDA071328 (1); ANDA040234 (1); ANDA202194 (1); ANDA075638 (1); ANDA089221 (1); NDA020429 (1); ANDA207471 (1); ANDA088690 (1); ANDA204331 (1); ANDA207021 (1); NDA205805 (1); ANDA089099 (1); ANDA206368 (1); ANDA214921 (1); NDA020330 (1); ANDA062463 (1); ANDA087796 (1); ANDA089397 (1); ANDA216464 (1); ANDA216798 (1); ANDA089572 (1); ANDA086695 (1); ANDA064114 (1); ANDA076316 (1); NDA201655 (1); ANDA202795 (1); NDA018762 (1); ANDA205254 (1); ANDA061533 (1); ANDA216213 (1); ANDA208333 (1); ANDA209251 (1); ANDA075549 (1); ANDA078192 (1); ANDA206119 (1); ANDA075709 (1); NDA208418 (1); NDA020237 (1); ANDA210536 (1); NDA217370 (1); ANDA076152 (1); ANDA213713 (1); ANDA075043 (1); ANDA206121 (1); NDA014901 (1); NDA203975 (1); ANDA203547 (1); ANDA089463 (1); ANDA205770 (1); ANDA073519 (1); NDA017651 (1); ANDA211567 (1); ANDA217878 (1); ANDA076005 (1); ANDA065411 (1); ANDA206912 (1); NDA017659 (1); ANDA203290 (1); NDA020616 (1); NDA012283 (1); ANDA087153 (1); ANDA212918 (1); NDA019077 (1); ANDA202719 (1); ANDA062291 (1); ANDA218422 (1); ANDA078560 (1); NDA008107 (1); ANDA072860 (1); ANDA085199 (1); ANDA064082 (1); NDA020095 (1); ANDA205115 (1); ANDA206075 (1); ANDA090417 (1); ANDA080309 (1); ANDA209423 (1); ANDA204071 (1); ANDA210788 (1); NDA020714 (1); ANDA078491 (1); ANDA206965 (1); ANDA040662 (1); NDA022562 (1); NDA020001 (1); NDA020966 (1); ANDA080013 (1); ANDA213827 (1); ANDA200691 (1); ANDA073290 (1); ANDA076124 (1); BLA125460 (1); ANDA210503 (1); ANDA076234 (1); ANDA213065 (1); ANDA211432 (1); NDA020414 (1); NDA017954 (1); ANDA072372 (1); ANDA089689 (1); NDA018721 (1); ANDA074294 (1); ANDA217344 (1); ANDA211910 (1); ANDA080408 (1); ANDA216918 (1); ANDA074877 (1); NDA021742 (1); NDA201811 (1); NDA019608 (1); ANDA202659 (1); NDA050790 (1); NDA217186 (1); ANDA072780 (1); ANDA212408 (1); ANDA204740 (1); ANDA074336 (1); NDA020286 (1); ANDA211531 (1); ANDA211983 (1); NDA018514 (1); NDA016814 (1); NDA208288 (1); ANDA080224 (1); ANDA089280 (1); ANDA074828 (1); ANDA217059 (1); ANDA208683 (1); ANDA216824 (1); ANDA205954 (1); ANDA090315 (1); NDA207953 (1); ANDA088618 (1); ANDA091526 (1); ANDA060572 (1); ANDA088268 (1); ANDA075239 (1); NDA207999 (1); ANDA201619 (1); ANDA089420 (1); ANDA080500 (1); ANDA203894 (1); ANDA087858 (1); ANDA078701 (1); ANDA090074 (1); ANDA211186 (1); ANDA202829 (1); ANDA213729 (1); ANDA217665 (1); ANDA040448 (1); NDA020589 (1); ANDA213358 (1); ANDA213820 (1); ANDA208119 (1); ANDA214367 (1); NDA020539 (1); ANDA208823 (1); ANDA215238 (1); ANDA204079 (1); ANDA212925 (1); ANDA200152 (1); NDA050575 (1); ANDA202402 (1); ANDA218249 (1); ANDA218247 (1); ANDA076755 (1); ANDA076674 (1); ANDA201764 (1); NDA011361 (1); BLA761088 (1); NDA011707 (1); NDA208844 (1); ANDA080084 (1); NDA209033 (1); ANDA091237 (1); ANDA084492 (1); NDA021615 (1); ANDA216944 (1); ANDA076484 (1); NDA210737 (1); ANDA215901 (1); ANDA076449 (1); ANDA086525 (1); ANDA061718 (1); ANDA088131 (1); ANDA074479 (1); ANDA078273 (1); ANDA078527 (1); NDA018229 (1); ANDA071406 (1); ANDA074259 (1); ANDA087667 (1); ANDA202516 (1); NDA022460 (1); ANDA078151 (1); ANDA083606 (1); ANDA088246 (1); ANDA071617 (1); ANDA215409 (1); ANDA085247 (1); ANDA087595 (1); NDA210526 (1); ANDA065005 (1); ANDA208186 (1); NDA016831 (1); NDA018084 (1); ANDA211918 (1); ANDA200463 (1); ANDA208049 (1); ANDA085100 (1); ANDA204645 (1); NDA020690 (1); ANDA072541 (1); ANDA214502 (1); ANDA062776 (1); ANDA070995 (1); NDA022512 (1); ANDA203438 (1); ANDA077029 (1); ANDA076811 (1); ANDA087774 (1); ANDA064032 (1); ANDA204291 (1); ANDA077954 (1); ANDA087294 (1); ANDA065204 (1); ANDA215600 (1); ANDA062468 (1); NDA016758 (1); ANDA214960 (1); ANDA073375 (1); ANDA215417 (1); ANDA087025 (1); ANDA080816 (1); ANDA088031 (1); ANDA073093 (1); ANDA207774 (1); ANDA207448 (1); BLA022505 (1); ANDA216379 (1); ANDA074243 (1); ANDA209924 (1); ANDA071799 (1); ANDA065136 (1); ANDA211953 (1); ANDA205658 (1); ANDA077813 (1); ANDA212248 (1); NDA009391 (1); ANDA085296 (1); NDA050446 (1); ANDA062518 (1); ANDA203901 (1); ANDA080504 (1); ANDA216533 (1); ANDA090450 (1); ANDA207636 (1); NDA217639 (1); ANDA085022 (1); ANDA088520 (1); ANDA088276 (1); NDA017585 (1); BLA017776 (1); ANDA089172 (1); NDA016912 (1); NDA215358 (1); ANDA218941 (1); ANDA040575 (1); ANDA091276 (1); ANDA203334 (1); ANDA208446 (1); ANDA040708 (1); ANDA091433 (1); ANDA205233 (1); ANDA062341 (1); ANDA062905 (1); ANDA075737 (1); NDA208219 (1); ANDA215154 (1); ANDA090894 (1); ANDA077366 (1); NDA018116 (1); NDA212314 (1); ANDA076809 (1); ANDA062117 (1); ANDA218673 (1); NDA050153 (1); ANDA070686 (1); ANDA206535 (1); ANDA217192 (1); ANDA065034 (1); ANDA212661 (1); ANDA070757 (1); ANDA074657 (1); ANDA088332 (1); ANDA062571 (1); ANDA089122 (1); ANDA085287 (1); NDA200671 (1); NDA050814 (1); ANDA210044 (1); ANDA084435 (1); ANDA065015 (1); ANDA088636 (1); ANDA204229 (1); ANDA071731 (1); NDA020592 (1); ANDA218561 (1); NDA017108 (1); BLA761111 (1); ANDA090193 (1); NDA207648 (1); ANDA078479 (1); NDA050544 (1); ANDA212942 (1); ANDA202640 (1); NDA208462 (1); NDA021085 (1); NDA208845 (1); ANDA077819 (1); ANDA206604 (1); ANDA085628 (1); ANDA072387 (1); ANDA071628 (1); ANDA205386 (1); ANDA084469 (1); NDA021040 (1); ANDA040458 (1); ANDA065183 (1); ANDA078533 (1); ANDA040313 (1); ANDA208837 (1); ANDA217293 (1); NDA021551 (1); ANDA207016 (1); ANDA210936 (1); ANDA084868 (1); NDA021092 (1); ANDA214178 (1); ANDA208681 (1); ANDA215773 (1); ANDA080927 (1); ANDA072274 (1); ANDA090591 (1); ANDA078241 (1); ANDA062767 (1); ANDA080525 (1); ANDA084357 (1); ANDA065336 (1); ANDA064180 (1); NDA018866 (1); ANDA091289 (1); NDA022427 (1); ANDA209719 (1); ANDA217001 (1); ANDA088184 (1); ANDA216969 (1); ANDA072929 (1); ANDA215523 (1); ANDA078311 (1); ANDA084697 (1); ANDA072022 (1); ANDA085008 (1); ANDA040897 (1); ANDA203807 (1); NDA202589 (1); ANDA204691 (1); ANDA083518 (1); ANDA040485 (1); ANDA207717 (1); ANDA071461 (1); ANDA075847 (1); ANDA207393 (1); NDA017362 (1); ANDA074118 (1); ANDA077261 (1); NDA205703 (1); ANDA083739 (1); BLA125019 (1); NDA020615 (1); ANDA085512 (1); ANDA080211 (1); ANDA208866 (1); ANDA086256 (1); ANDA040709 (1); NDA017525 (1); NDA021648 (1); NDA020545 (1); NDA211363 (1); NDA005795 (1); ANDA077759 (1); ANDA065208 (1); ANDA210363 (1); ANDA062858 (1); ANDA208885 (1); ANDA076626 (1); ANDA218442 (1); ANDA211821 (1); NDA020195 (1); NDA019558 (1); ANDA078143 (1); ANDA217404 (1); ANDA090426 (1); ANDA077965 (1); ANDA090398 (1); NDA019201 (1); ANDA084738 (1); ANDA201942 (1); ANDA078306 (1); BLA761024 (1); ANDA076165 (1); ANDA076990 (1); ANDA076402 (1); ANDA216422 (1); ANDA204038 (1); NDA020292 (1); NDA018700 (1); ANDA085272 (1); NDA022026 (1); ANDA071163 (1); ANDA079233 (1); NDA020186 (1); ANDA061147 (1); ANDA071375 (1); ANDA076821 (1); ANDA210668 (1); ANDA211222 (1); NDA208019 (1); ANDA062493 (1); ANDA078512 (1); ANDA214082 (1); ANDA201584 (1); ANDA212822 (1); NDA012052 (1); NDA019650 (1); ANDA077776 (1); NDA200535 (1); ANDA203893 (1); ANDA080570 (1); ANDA084093 (1); ANDA077393 (1); BLA761173 (1); ANDA209974 (1); ANDA203266 (1); NDA210326 (1); ANDA086710 (1); ANDA214533 (1); ANDA071982 (1); ANDA083040 (1); NDA006620 (1); ANDA087617 (1); ANDA087949 (1); ANDA214653 (1); ANDA088816 (1); ANDA215674 (1); NDA021497 (1); BLA125511 (1); ANDA072043 (1); ANDA207653 (1); ANDA061884 (1); ANDA201693 (1); NDA020239 (1); ANDA087671 (1); ANDA085401 (1); ANDA217264 (1); NDA050693 (1); ANDA062499 (1); ANDA215318 (1); NDA007794 (1); ANDA091221 (1); ANDA061392 (1); ANDA070205 (1); ANDA204806 (1); ANDA062173 (1); ANDA204940 (1); ANDA084719 (1); ANDA090484 (1); NDA207964 (1); ANDA084138 (1); NDA218527 (1); ANDA200624 (1); BLA021426 (1); NDA017447 (1); ANDA085888 (1); ANDA204385 (1); ANDA090229 (1); ANDA075075 (1); ANDA218616 (1); NDA020682 (1); ANDA088016 (1); ANDA203813 (1); ANDA071450 (1); ANDA070034 (1); ANDA075639 (1); NDA021290 (1); ANDA091557 (1); ANDA085894 (1); ANDA077657 (1); ANDA216531 (1); ANDA217174 (1); ANDA064076 (1); ANDA209815 (1); ANDA204962 (1); ANDA077770 (1); ANDA077179 (1); ANDA091691 (1); ANDA203816 (1); NDA050600 (1); ANDA201192 (1); ANDA210642 (1); NDA017406 (1); ANDA070310 (1); ANDA061743 (1); NDA017315 (1); ANDA090031 (1); ANDA074285 (1); ANDA210628 (1); ANDA208120 (1); NDA205425 (1); ANDA071190 (1); ANDA203154 (1); ANDA061953 (1); NDA213716 (1); NDA216686 (1); ANDA088387 (1); ANDA210822 (1); NDA020591 (1); ANDA204517 (1); BLA125261 (1); ANDA213597 (1); ANDA065485 (1); NDA017672 (1); NDA020103 (1); ANDA204742 (1); ANDA204085 (1); ANDA072646 (1); ANDA209966 (1); ANDA070544 (1); ANDA075590 (1); ANDA209834 (1); ANDA085433 (1); ANDA071546 (1); ANDA070967 (1); ANDA211876 (1); ANDA071555 (1); NDA009838 (1); ANDA204343 (1); ANDA086859 (1); ANDA085167 (1); ANDA065036 (1); ANDA071153 (1); ANDA065182 (1); ANDA073485 (1); ANDA076717 (1); ANDA090197 (1); NDA218193 (1); NDA009164 (1); ANDA209116 (1); ANDA090555 (1); ANDA091670 (1); ANDA074478 (1); ANDA091626 (1); ANDA203253 (1); ANDA204361 (1); NDA203098 (1); ANDA071308 (1); ANDA076287 (1); ANDA211703 (1); ANDA070944 (1); ANDA202894 (1); ANDA062323 (1); ANDA087947 (1); ANDA077580 (1); NDA207026 (1); ANDA211556 (1); ANDA077064 (1); ANDA040377 (1); ANDA062153 (1); NDA019279 (1); NDA050007 (1); ANDA020345 (1); NDA210730 (1); ANDA214640 (1); ANDA091555 (1); ANDA202244 (1); ANDA074866 (1); ANDA077948 (1); ANDA075009 (1); ANDA090649 (1); ANDA061336 (1); ANDA076893 (1); ANDA076707 (1); NDA050824 (1); ANDA088423 (1); ANDA076469 (1); ANDA078385 (1); ANDA211469 (1); ANDA071118 (1); ANDA200916 (1); ANDA201046 (1); NDA022420 (1); NDA019631 (1); ANDA076711 (1); ANDA090109 (1); ANDA080679 (1); ANDA206394 (1); NDA011210 (1); ANDA205329 (1); ANDA077689 (1); ANDA073229 (1); ANDA085694 (1); ANDA211455 (1); NDA208464 (1); ANDA081127 (1); ANDA077363 (1); NDA005545 (1); ANDA079216 (1); ANDA087075 (1); ANDA210647 (1); ANDA209037 (1); NDA008492 (1); ANDA210538 (1); ANDA074885 (1); ANDA209096 (1); ANDA091652 (1); ANDA080723 (1); ANDA090638 (1); ANDA040402 (1); ANDA072200 (1); ANDA088078 (1); ANDA200292 (1); NDA204307 (1); ANDA083741 (1); ANDA065206 (1); ANDA071219 (1); NDA018858 (1); NDA019024 (1); ANDA089852 (1); ANDA203825 (1); ANDA078946 (1); ANDA065083 (1); ANDA078419 (1); ANDA088932 (1); ANDA214848 (1); ANDA074901 (1); ANDA075498 (1); ANDA201746 (1); ANDA218202 (1); ANDA202590 (1); NDA016087 (1); ANDA090380 (1); ANDA207956 (1); ANDA213375 (1); ANDA085410 (1); NDA016322 (1); ANDA077883 (1); ANDA070083 (1); ANDA090653 (1); ANDA200602 (1); ANDA088151 (1); NDA021355 (1); ANDA077674 (1); ANDA202766 (1); ANDA205509 (1); ANDA088884 (1); NDA211911 (1); ANDA207991 (1); ANDA089788 (1); ANDA065173 (1); ANDA205779 (1); ANDA076828 (1); ANDA061445 (1); ANDA091496 (1); NDA017643 (1); NDA021334 (1); ANDA089647 (1); ANDA078595 (1); ANDA062349 (1); NDA020758 (1); ANDA073289 (1); NDA211367 (1); ANDA203603 (1); ANDA214414 (1); ANDA205878 (1); ANDA087686 (1); NDA212125 (1); ANDA078198 (1); ANDA065508 (1); ANDA213066 (1); ANDA210848 (1); ANDA204502 (1); ANDA071717 (1); ANDA078848 (1); ANDA215003 (1); ANDA084648 (1); ANDA088105 (1); NDA011613 (1); NDA011748 (1); ANDA213059 (1); ANDA087752 (1); ANDA076988 (1); ANDA078452 (1); NDA016891 (1); NDA021343 (1); ANDA071141 (1); NDA214793 (1); ANDA202128 (1); ANDA071780 (1); ANDA080810 (1); ANDA215234 (1); ANDA071339 (1); ANDA081215 (1); ANDA090523 (1); ANDA070841 (1); ANDA089326 (1); ANDA218971 (1); NDA020121 (1); NDA203797 (1); ANDA040512 (1); ANDA085328 (1); ANDA207753 (1); ANDA216725 (1); ANDA088310 (1); NDA020763 (1); ANDA074198 (1); ANDA204639 (1); ANDA205249 (1); ANDA072432 (1); ANDA216804 (1); ANDA200837 (1); NDA021574 (1); ANDA083930 (1); ANDA062452 (1); ANDA209267 (1); ANDA071168 (1); ANDA087489 (1); ANDA072276 (1); ANDA060570 (1); ANDA065350 (1); NDA022283 (1); ANDA206992 (1); ANDA078232 (1); ANDA202869 (1); ANDA087470 (1); ANDA070247 (1); NDA018935 (1); NDA020416 (1); ANDA075368 (1); ANDA087943 (1); ANDA207966 (1); ANDA208913 (1); ANDA040332 (1); ANDA089835 (1); ANDA217795 (1); NDA210795 (1); NDA212123 (1); ANDA075436 (1); ANDA204960 (1); ANDA091347 (1); ANDA091537 (1); NDA020612 (1); ANDA040162 (1); NDA205355 (1); ANDA065195 (1); ANDA201674 (1); ANDA076025 (1); ANDA218107 (1); ANDA076373 (1); ANDA077080 (1); ANDA088506 (1); ANDA206304 (1); ANDA088540 (1); ANDA074204 (1); ANDA209012 (1); ANDA090005 (1); ANDA040809 (1); ANDA200197 (1); ANDA071448 (1); ANDA073607 (1); ANDA061859 (1); NDA021714 (1); ANDA088537 (1); ANDA074694 (1); ANDA075145 (1); ANDA072370 (1); ANDA075714 (1); ANDA209357 (1); NDA017668 (1); ANDA074151 (1); ANDA088477 (1); ANDA203900 (1); NDA205572 (1); ANDA083939 (1); ANDA072004 (1); ANDA072115 (1); ANDA076207 (1); ANDA090488 (1); ANDA206736 (1); NDA019832 (1); ANDA206355 (1); BLA210089 (1); ANDA202742 (1); ANDA079090 (1); ANDA091569 (1); ANDA086902 (1); ANDA211848 (1); NDA018147 (1); ANDA089024 (1); NDA022205 (1); ANDA077840 (1); ANDA214970 (1); ANDA209744 (1); NDA016772 (1); ANDA091468 (1); ANDA206190 (1); ANDA086903 (1); ANDA207523 (1); ANDA205112 (1); ANDA206667 (1); ANDA210727 (1); ANDA211416 (1); ANDA214019 (1); NDA019386 (1); ANDA211064 (1); ANDA211682 (1); ANDA040400 (1); NDA215904 (1); ANDA071857 (1); ANDA072035 (1); ANDA070013 (1); ANDA074467 (1); ANDA201751 (1); NDA003718 (1); ANDA075752 (1); ANDA209573 (1); ANDA087589 (1); NDA205489 (1); ANDA088567 (1); ANDA207494 (1); ANDA208040 (1); ANDA070707 (1); ANDA071338 (1); NDA208065 (1); ANDA214292 (1); ANDA077843 (1); ANDA206413 (1); ANDA207018 (1); ANDA205141 (1); ANDA080443 (1); ANDA071521 (1); ANDA062540 (1); ANDA061837 (1); ANDA215375 (1); ANDA040385 (1); ANDA076182 (1); NDA206473 (1); ANDA210569 (1); ANDA213351 (1); ANDA077169 (1); ANDA203422 (1); NDA019617 (1); ANDA077284 (1); ANDA214452 (1); ANDA083380 (1); ANDA218148 (1); ANDA091502 (1); ANDA084109 (1); NDA050588 (1); NDA217469 (1); ANDA070848 (1); ANDA080136 (1); ANDA215329 (1); NDA204629 (1); ANDA090060 (1); ANDA207329 (1); ANDA088950 (1); BLA125147 (1); ANDA089822 (1); ANDA086257 (1); ANDA207760 (1); ANDA215732 (1); ANDA078424 (1); ANDA200958 (1); ANDA089162 (1); NDA008414 (1); NDA019258 (1); ANDA084158 (1); ANDA213377 (1); ANDA060290 (1); ANDA077105 (1); NDA203283 (1); NDA218475 (1); ANDA084238 (1); ANDA074600 (1); ANDA085499 (1); ANDA077827 (1); ANDA090477 (1); ANDA213644 (1); ANDA071539 (1); NDA021751 (1); ANDA091187 (1); ANDA040336 (1); ANDA200487 (1); ANDA202997 (1); ANDA200832 (1); ANDA072266 (1); ANDA077588 (1); ANDA075260 (1); ANDA078493 (1); ANDA218631 (1); ANDA210268 (1); ANDA213857 (1); NDA020215 (1); ANDA071805 (1); ANDA088430 (1); ANDA214693 (1); ANDA076706 (1); NDA215446 (1); ANDA078359 (1); ANDA072384 (1); ANDA214182 (1); ANDA216534 (1); ANDA209620 (1); ANDA076953 (1); NDA018179 (1); ANDA210674 (1); ANDA209336 (1); ANDA083390 (1); ANDA076645 (1); ANDA083234 (1); ANDA215651 (1); NDA017262 (1); ANDA214673 (1); ANDA207681 (1); ANDA204076 (1); NDA209471 (1); NDA008303 (1); ANDA204644 (1); ANDA204663 (1); ANDA218936 (1); NDA205831 (1); ANDA062223 (1); NDA021822 (1); ANDA062437 (1); ANDA070556 (1); NDA017664 (1); NDA016928 (1); ANDA084726 (1); NDA204286 (1); ANDA087511 (1); ANDA086453 (1); ANDA218109 (1); ANDA070815 (1); ANDA080306 (1); NDA217026 (1); NDA210274 (1); ANDA074392 (1); NDA018954 (1); ANDA084949 (1); ANDA207660 (1); NDA019604 (1); NDA020685 (1); NDA216513 (1); ANDA040686 (1); ANDA090617 (1); ANDA212650 (1); ANDA079187 (1); ANDA211789 (1); ANDA072213 (1); ANDA074502 (1); ANDA070616 (1); ANDA086079 (1); ANDA210027 (1); ANDA202198 (1); ANDA075991 (1); ANDA070326 (1); ANDA075669 (1); NDA021778 (1); ANDA211744 (1); ANDA203162 (1); ANDA205772 (1); ANDA078346 (1); ANDA211001 (1); NDA020668 (1); ANDA215233 (1); ANDA202295 (1); ANDA205601 (1); ANDA204104 (1); NDA017411 (1); ANDA073376 (1); ANDA208601 (1); ANDA211861 (1); ANDA085208 (1); ANDA203918 (1); NDA017796 (1); ANDA088855 (1); BLA761244 (1); ANDA212252 (1); ANDA078969 (1); NDA018203 (1); ANDA076813 (1); ANDA217115 (1); ANDA062521 (1); ANDA202585 (1); ANDA071130 (1); ANDA085856 (1); NDA021335 (1); NDA020555 (1); ANDA089183 (1); NDA021548 (1); ANDA074898 (1); ANDA211185 (1); ANDA209060 (1); NDA214324 (1); ANDA206141 (1); ANDA073652 (1); ANDA080021 (1); ANDA209085 (1); ANDA089606 (1); ANDA077644 (1); ANDA089137 (1); ANDA215978 (1); ANDA217788 (1); ANDA076786 (1); ANDA090284 (1); ANDA076981 (1); ANDA079064 (1); ANDA202116 (1); ANDA078895 (1); ANDA090644 (1); ANDA216955 (1); ANDA078765 (1); ANDA211324 (1); ANDA077882 (1); NDA020892 (1); ANDA077739 (1); NDA202007 (1); ANDA203136 (1); ANDA213699 (1); ANDA062832 (1); ANDA091573 (1); ANDA088505 (1); ANDA204608 (1); ANDA088135 (1); ANDA090535 (1); ANDA218359 (1); NDA021749 (1); ANDA078478 (1); NDA205352 (1); NDA215256 (1); ANDA063149 (1); ANDA206669 (1); BLA761225 (1); ANDA078152 (1); ANDA202717 (1); ANDA062378 (1); NDA009926 (1); ANDA074433 (1); ANDA070645 (1); ANDA081297 (1); ANDA071257 (1); ANDA203419 (1); ANDA214733 (1); ANDA040571 (1); ANDA061876 (1); NDA018087 (1); ANDA076630 (1); ANDA083573 (1); ANDA211353 (1); ANDA065125 (1); ANDA216557 (1); ANDA214264 (1); ANDA070584 (1); NDA050344 (1); ANDA077020 (1); NDA201151 (1); ANDA201947 (1); NDA019384 (1); ANDA040228 (1); ANDA213049 (1); ANDA215043 (1); ANDA040347 (1); ANDA070964 (1); NDA016997 (1); ANDA215223 (1); ANDA088038 (1); ANDA209361 (1); BLA125118 (1); NDA014879 (1); NDA021721 (1); ANDA060587 (1); ANDA091663 (1); ANDA065202 (1); ANDA210390 (1); ANDA206955 (1); ANDA212133 (1); NDA022090 (1); NDA020559 (1); NDA211996 (1); ANDA076715 (1); ANDA208682 (1); ANDA208336 (1); ANDA077365 (1); ANDA089576 (1); ANDA205605 (1); NDA011689 (1); ANDA213989 (1); ANDA085169 (1); ANDA212218 (1); NDA212122 (1); ANDA204279 (1); NDA211746 (1); ANDA090175 (1); NDA050769 (1); ANDA212138 (1); ANDA062663 (1); ANDA215832 (1); ANDA208783 (1); ANDA070979 (1); NDA002139 (1); ANDA077218 (1); ANDA065071 (1); NDA008102 (1); ANDA204884 (1); NDA208901 (1); NDA019400 (1); NDA019123 (1); ANDA087533 (1); NDA019906 (1); ANDA074542 (1); ANDA073039 (1); ANDA070916 (1); ANDA072060 (1); NDA020228 (1); ANDA040064 (1); ANDA071917 (1); ANDA075206 (1); ANDA081125 (1); ANDA078849 (1); ANDA204065 (1); NDA022253 (1); NDA022433 (1); NDA050477 (1); ANDA070921 (1); ANDA091684 (1); ANDA211180 (1); ANDA040066 (1); ANDA075323 (1); ANDA207595 (1); ANDA040845 (1); ANDA071217 (1); ANDA210451 (1); ANDA090108 (1); ANDA204651 (1); ANDA073416 (1); ANDA071715 (1); ANDA212677 (1); ANDA075015 (1); NDA020896 (1); ANDA210148 (1); ANDA212732 (1); NDA020301 (1); NDA202832 (1); ANDA209839 (1); ANDA075936 (1); NDA020850 (1); ANDA077793 (1); ANDA212513 (1); ANDA202025 (1); NDA017941 (1); NDA019501 (1); NDA017562 (1); ANDA210181 (1); ANDA218850 (1); ANDA083561 (1); ANDA074703 (1); ANDA076008 (1); ANDA084051 (1); ANDA040484 (1); ANDA215194 (1); ANDA206011 (1); ANDA084536 (1); NDA012003 (1); NDA215152 (1); ANDA091184 (1); ANDA203170 (1); ANDA076703 (1); NDA005845 (1); ANDA088012 (1); ANDA060730 (1); ANDA202247 (1); NDA203137 (1); ANDA070160 (1); ANDA074989 (1); ANDA076818 (1); ANDA071380 (1); NDA018163 (1); ANDA208871 (1); ANDA216667 (1); ANDA209426 (1); ANDA205190 (1); ANDA214671 (1); NDA020611 (1); ANDA061490 (1); ANDA064116 (1); ANDA077602 (1); ANDA208607 (1); ANDA209651 (1); ANDA071515 (1); NDA016724 (1); ANDA062158 (1); ANDA076974 (1); ANDA062936 (1); ANDA079057 (1); NDA008767 (1); ANDA091632 (1); NDA205910 (1); ANDA077592 (1); NDA008867 (1); ANDA084399 (1); ANDA216932 (1); ANDA078024 (1); ANDA218538 (1); ANDA213458 (1); ANDA071112 (1); ANDA078075 (1); ANDA209202 (1); ANDA217846 (1); NDA021167 (1); ANDA077852 (1); ANDA204376 (1); NDA022488 (1); ANDA075739 (1); ANDA210190 (1); ANDA065346 (1); ANDA071826 (1); ANDA205724 (1); ANDA074123 (1); ANDA211707 (1); NDA013731 (1); NDA021375 (1); NDA017575 (1); ANDA208209 (1); ANDA204164 (1); ANDA076300 (1); NDA019194 (1); NDA021079 (1); ANDA218187 (1); ANDA214280 (1); ANDA040108 (1); NDA020574 (1); ANDA204209 (1); ANDA218034 (1); ANDA208859 (1); ANDA202254 (1); ANDA091034 (1); BLA761240 (1); BLA125390 (1); ANDA213076 (1); ANDA216947 (1); NDA022406 (1); ANDA207750 (1); ANDA216383 (1); ANDA203286 (1); NDA212279 (1); ANDA213650 (1); ANDA208619 (1); ANDA213758 (1); ANDA075319 (1); ANDA080229 (1); ANDA212487 (1); ANDA214020 (1); ANDA218758 (1); ANDA071127 (1); ANDA065285 (1); NDA017691 (1); ANDA065219 (1); ANDA086886 (1); ANDA072902 (1); ANDA076268 (1); ANDA203851 (1); NDA206911 (1); ANDA214403 (1); ANDA084762 (1); ANDA204285 (1); NDA019732 (1); ANDA202957 (1); ANDA206377 (1); ANDA074206 (1); ANDA062475 (1); ANDA072293 (1); ANDA217887 (1); ANDA091444 (1); ANDA201574 (1); ANDA081306 (1); NDA022056 (1); ANDA216529 (1); ANDA204752 (1); ANDA207465 (1); ANDA085746 (1); ANDA200751 (1); ANDA216548 (1); NDA205636 (1); NDA021121 (1); ANDA074670 (1); NDA206968 (1); ANDA061370 (1); ANDA205513 (1); ANDA212222 (1); ANDA212435 (1); ANDA205740 (1); ANDA212452 (1); NDA006203 (1); ANDA088460 (1); ANDA208947 (1); NDA050805 (1); ANDA212186 (1); ANDA080448 (1); ANDA077838 (1); ANDA083231 (1); ANDA218089 (1); ANDA077818 (1); NDA019268 (1); ANDA088368 (1); ANDA210714 (1); NDA008317 (1); ANDA213714 (1); NDA015426 (1); NDA021643 (1); ANDA212616 (1); ANDA215739 (1); ANDA206045 (1); ANDA071841 (1); NDA009486 (1); ANDA077443 (1); ANDA062500 (1); ANDA206217 (1); ANDA085632 (1); ANDA214390 (1); ANDA071008 (1); ANDA078276 (1); ANDA205990 (1); ANDA090935 (1); NDA019111 (1); ANDA072121 (1); ANDA040887 (1); ANDA065024 (1); NDA016584 (1); BLA019676 (1); ANDA063000 (1); ANDA074665 (1); ANDA215476 (1); ANDA078496 (1); ANDA078212 (1); ANDA200160 (1); ANDA204363 (1); NDA009176 (1); ANDA075337 (1); NDA215727 (1); ANDA216137 (1); ANDA087817 (1); ANDA089450 (1); ANDA075880 (1); ANDA040232 (1); ANDA071010 (1); ANDA076120 (1); ANDA091634 (1); ANDA079020 (1); ANDA208567 (1); ANDA086948 (1); NDA212726 (1); ANDA208604 (1); ANDA070690 (1); ANDA090118 (1); BLA203314 (1); ANDA084932 (1); NDA015034 (1); ANDA207062 (1); ANDA091101 (1); NDA007935 (1); ANDA207444 (1); ANDA071196 (1); ANDA065301 (1); ANDA209871 (1); ANDA091062 (1); ANDA086383 (1); ANDA085930 (1); ANDA202910 (1); NDA020946 (1); ANDA078534 (1); ANDA073679 (1); NDA018240 (1); ANDA079135 (1); NDA020733 (1); ANDA075598 (1); ANDA078772 (1); BLA761170 (1); ANDA090524 (1); ANDA078384 (1); NDA211913 (1); NDA200890 (1); NDA010520 (1); ANDA078231 (1); NDA018889 (1); NDA050019 (1); ANDA078556 (1); ANDA204621 (1); NDA020264 (1); ANDA084740 (1); NDA019589 (1); ANDA213906 (1); ANDA216981 (1); NDA003977 (1); NDA020988 (1); ANDA084436 (1); NDA018920 (1); NDA017812 (1); ANDA202906 (1); ANDA086906 (1); ANDA216020 (1); ANDA212589 (1); NDA007936 (1); ANDA214423 (1); ANDA216202 (1); ANDA076226 (1); ANDA211501 (1); ANDA070632 (1); ANDA071298 (1); ANDA207182 (1); ANDA072069 (1); ANDA091078 (1); NDA202685 (1); NDA021881 (1); ANDA090659 (1); ANDA079211 (1); ANDA201066 (1); ANDA080667 (1); ANDA208317 (1); NDA019894 (1); ANDA072556 (1); ANDA204137 (1); NDA211929 (1); ANDA040210 (1); ANDA070849 (1); ANDA080911 (1); ANDA062298 (1); ANDA204284 (1); NDA018489 (1); ANDA074451 (1); ANDA208052 (1); ANDA202593 (1); ANDA063321 (1); ANDA202014 (1); ANDA201507 (1); ANDA211944 (1); ANDA211276 (1); ANDA201973 (1); ANDA077486 (1); ANDA080099 (1); ANDA206194 (1); ANDA072014 (1); ANDA077862 (1); ANDA078866 (1); ANDA211015 (1); ANDA089476 (1); NDA021723 (1); ANDA062635 (1); ANDA215682 (1); ANDA076388 (1); NDA017994 (1); ANDA208705 (1); ANDA076017 (1); ANDA211074 (1); ANDA076445 (1); ANDA089382 (1); ANDA078837 (1); ANDA064087 (1); ANDA077885 (1); NDA022116 (1); NDA020496 (1); NDA017063 (1); ANDA200532 (1); NDA020768 (1); ANDA088482 (1); NDA216185 (1); ANDA074112 (1); ANDA074089 (1); ANDA217526 (1); NDA016983 (1); NDA022315 (1); ANDA063128 (1); ANDA079215 (1); NDA018632 (1); ANDA040886 (1); ANDA202423 (1); NDA008228 (1); ANDA075912 (1); ANDA087245 (1); ANDA077926 (1); ANDA204918 (1); ANDA074551 (1); NDA022534 (1); ANDA062443 (1); ANDA204138 (1); ANDA089577 (1); ANDA208014 (1); NDA017426 (1); ANDA062233 (1); ANDA062811 (1); ANDA087002 (1); ANDA205559 (1); ANDA076972 (1); ANDA040663 (1); NDA050297 (1); ANDA206786 (1); NDA016848 (1); NDA203168 (1); NDA021528 (1); ANDA072041 (1); NDA213687 (1); ANDA076597 (1); ANDA212948 (1); ANDA076627 (1); ANDA091099 (1); ANDA040196 (1); ANDA218654 (1); ANDA200174 (1); ANDA077806 (1); ANDA090101 (1); NDA050461 (1); ANDA210612 (1); ANDA203646 (1); NDA020972 (1); NDA021462 (1); ANDA084020 (1); ANDA203535 (1); ANDA212697 (1); ANDA040054 (1); ANDA210241 (1); ANDA211191 (1); ANDA204465 (1); NDA020214 (1); ANDA077059 (1); ANDA216160 (1); ANDA202354 (1); NDA017106 (1); ANDA206433 (1); ANDA209489 (1); ANDA065313 (1); ANDA214782 (1); ANDA084275 (1); NDA017391 (1); ANDA200998 (1); ANDA061444 (1); ANDA075506 (1); ANDA205769 (1); ANDA090016 (1); ANDA204613 (1); ANDA084578 (1); ANDA212652 (1); ANDA090022 (1); NDA209279 (1); NDA022007 (1); ANDA040619 (1); ANDA070767 (1); ANDA085686 (1); ANDA201172 (1); ANDA091383 (1); ANDA090349 (1); ANDA091373 (1); ANDA214990 (1); NDA020511 (1); ANDA073043 (1); NDA019543 (1); ANDA089497 (1); ANDA065135 (1); ANDA070522 (1); ANDA209675 (1); ANDA090857 (1); NDA020550 (1); NDA018273 (1); ANDA072622 (1); ANDA213659 (1); ANDA040184 (1); ANDA207179 (1); NDA206041 (1); ANDA079047 (1); ANDA207905 (1); NDA018533 (1); ANDA083140 (1); NDA022474 (1); ANDA085492 (1); ANDA217385 (1); ANDA085772 (1); ANDA085719 (1); ANDA076374 (1); ANDA085875 (1); ANDA207571 (1); ANDA085544 (1); ANDA061039 (1); ANDA064144 (1); NDA005378 (1); ANDA088743 (1); ANDA087425 (1); ANDA210397 (1); ANDA208278 (1); NDA209184 (1); NDA017534 (1); NDA018371 (1); NDA010021 (1); ANDA084789 (1); ANDA215402 (1); ANDA210150 (1); NDA021254 (1); BLA125427 (1); ANDA040493 (1); ANDA086754 (1); ANDA083674 (1); ANDA072693 (1); ANDA207765 (1); ANDA074653 (1); ANDA076094 (1); ANDA210339 (1); ANDA078616 (1); ANDA087649 (1); ANDA213496 (1); ANDA215225 (1); ANDA089052 (1); ANDA212623 (1); NDA018418 (1); NDA020708 (1); NDA021409 (1); ANDA215065 (1); NDA008085 (1); ANDA086408 (1); ANDA202563 (1); ANDA070626 (1); NDA021501 (1); ANDA074843 (1); ANDA200815 (1); ANDA091376 (1); ANDA083771 (1); ANDA203760 (1); ANDA076411 (1); ANDA088900 (1); ANDA040255 (1); ANDA075166 (1); NDA013790 (1); ANDA076050 (1); ANDA077388 (1); NDA020710 (1); ANDA062462 (1); ANDA207511 (1); ANDA071126 (1); ANDA065247 (1); ANDA075245 (1); NDA013927 (1); ANDA084364 (1); ANDA209657 (1); NDA012179 (1); ANDA074430 (1); ANDA085245 (1); ANDA091478 (1); NDA050605 (1); ANDA072247 (1); NDA021724 (1); ANDA075640 (1); ANDA077851 (1); ANDA076435 (1); ANDA218599 (1); ANDA204421 (1); ANDA090048 (1); ANDA084524 (1); ANDA217451 (1); ANDA080399 (1); ANDA215279 (1); ANDA212067 (1); ANDA205101 (1); ANDA072198 (1); ANDA215697 (1); ANDA212089 (1); NDA004125 (1); ANDA211975 (1); ANDA065334 (1); NDA017415 (1); ANDA205033 (1); ANDA212233 (1); ANDA090222 (1); ANDA213463 (1); ANDA080123 (1); ANDA090043 (1); ANDA205752 (1); NDA020569 (1); NDA012972 (1); ANDA205401 (1); NDA204569 (1); ANDA086150 (1); ANDA089455 (1); ANDA084040 (1); ANDA075364 (1); ANDA209829 (1); ANDA211550 (1); NDA018465 (1); ANDA070657 (1); ANDA204991 (1); ANDA206923 (1); ANDA084649 (1); NDA021120 (1); ANDA208695 (1); ANDA040149 (1); NDA050237 (1); BLA103964 (1); ANDA207578 (1); ANDA062821 (1); NDA008248 (1); ANDA202670 (1); ANDA085769 (1); ANDA076666 (1); NDA022161 (1); ANDA062530 (1); ANDA084581 (1); ANDA201682 (1); ANDA217553 (1); ANDA075788 (1); ANDA071995 (1); ANDA084362 (1); ANDA203189 (1); NDA009434 (1); NDA022239 (1); ANDA076823 (1); ANDA200790 (1); ANDA211671 (1); NDA009115 (1); ANDA074249 (1); ANDA202897 (1); ANDA218191 (1); ANDA079188 (1); ANDA040143 (1); ANDA208790 (1); NDA011945 (1); ANDA200752 (1); ANDA072542 (1); ANDA075919 (1); ANDA088091 (1); NDA209128 (1); NDA020490 (1); ANDA210554 (1); ANDA072490 (1); ANDA090984 (1); ANDA091161 (1); ANDA084171 (1); ANDA203885 (1); ANDA214847 (1); ANDA062458 (1); ANDA074906 (1); ANDA073568 (1); ANDA207952 (1); ANDA210014 (1); ANDA078145 (1); ANDA076686 (1); ANDA089614 (1); ANDA087510 (1); NDA050530 (1); ANDA077367 (1); ANDA086550 (1); ANDA090072 (1); ANDA212842 (1); ANDA210545 (1); ANDA219215 (1); ANDA085591 (1); ANDA208740 (1); NDA212427 (1); NDA021928 (1); NDA216307 (1); ANDA083921 (1); ANDA065265 (1); ANDA087998 (1); NDA050668 (1); ANDA064212 (1); NDA205103 (1); ANDA090180 (1); ANDA074054 (1); NDA012750 (1); ANDA075579 (1); NDA018494 (1); ANDA040073 (1); ANDA075421 (1); ANDA070750 (1); ANDA207605 (1); ANDA201272 (1); NDA010799 (1); ANDA090530 (1); ANDA211384 (1); ANDA070341 (1); ANDA074951 (1); ANDA083088 (1); ANDA206621 (1); ANDA078061 (1); ANDA212804 (1); ANDA077246 (1); ANDA085978 (1); ANDA086683 (1); ANDA216569 (1); ANDA205695 (1); ANDA217095 (1); ANDA062444 (1); ANDA203232 (1); ANDA204506 (1); ANDA062365 (1); ANDA070424 (1); ANDA215041 (1); ANDA085282 (1); ANDA085789 (1); ANDA071509 (1); ANDA211658 (1); BLA019938 (1); ANDA214874 (1); ANDA207798 (1); ANDA202437 (1); ANDA090082 (1); ANDA071922 (1); ANDA208173 (1); ANDA077856 (1); ANDA080516 (1); ANDA211731 (1); ANDA210246 (1); ANDA206677 (1); ANDA209784 (1); ANDA071125 (1); ANDA061578 (1); ANDA080840 (1); ANDA074348 (1); ANDA074771 (1); ANDA072073 (1); ANDA211862 (1); NDA204790 (1); ANDA075848 (1); ANDA209211 (1); ANDA089644 (1); ANDA075328 (1); ANDA076608 (1); ANDA089023 (1); NDA018609 (1); ANDA208718 (1); ANDA218630 (1); ANDA211097 (1); ANDA071419 (1); ANDA065228 (1); NDA210997 (1); ANDA087979 (1); NDA050638 (1); ANDA210531 (1); ANDA062430 (1); ANDA089094 (1); ANDA084217 (1); ANDA083201 (1); ANDA086944 (1); ANDA090245 (1); NDA019627 (1); NDA020950 (1); ANDA072450 (1); NDA021278 (1); ANDA204135 (1); ANDA205606 (1); ANDA216591 (1); ANDA070702 (1); NDA018851 (1); ANDA216750 (1); NDA012302 (1); NDA012485 (1); ANDA065244 (1); ANDA210524 (1); ANDA074142 (1); ANDA075958 (1); ANDA076856 (1); ANDA088400 (1); ANDA213477 (1); ANDA090155 (1); NDA208742 (1); ANDA078933 (1); ANDA079221 (1); ANDA206575 (1); ANDA076392 (1); NDA017601 (1); ANDA210907 (1); ANDA208968 (1); ANDA060751 (1); ANDA215548 (1); ANDA084115 (1); ANDA087424 (1); NDA204977 (1); ANDA080582 (1); ANDA087502 (1); ANDA065344 (1); ANDA206336 (1); ANDA075698 (1); ANDA075385 (1); ANDA060634 (1); ANDA215955 (1); ANDA088831 (1); ANDA209226 (1); BLA125151 (1); NDA022307 (1); ANDA206906 (1); ANDA071789 (1); NDA021451 (1); ANDA088127 (1); ANDA091027 (1); ANDA070928 (1); ANDA080496 (1); NDA208551 (1); ANDA091274 (1); ANDA062723 (1); ANDA216084 (1); ANDA210220 (1); ANDA077489 (1); ANDA040298 (1); ANDA210606 (1); ANDA212903 (1); ANDA040223 (1); ANDA213859 (1); NDA021990 (1); ANDA077454 (1); BLA761062 (1); ANDA201486 (1); ANDA071798 (1); ANDA216400 (1); ANDA202727 (1); ANDA200300 (1); ANDA202202 (1); ANDA089565 (1); NDA018243 (1); NDA217593 (1); ANDA219088 (1); NDA020928 (1); ANDA085206 (1); ANDA211159 (1); ANDA207382 (1); ANDA091349 (1); ANDA078982 (1); NDA050529 (1); ANDA088022 (1); ANDA075784 (1); ANDA078210 (1); ANDA206654 (1); ANDA040539 (1); ANDA214282 (1); ANDA205670 (1); NDA020883 (1); ANDA210609 (1); ANDA208773 (1); ANDA211869 (1); ANDA077944 (1); ANDA040191 (1); NDA019583 (1); NDA018790 (1); ANDA065364 (1); ANDA208024 (1); NDA204654 (1); ANDA211475 (1); ANDA074424 (1); NDA021007 (1); NDA006170 (1); ANDA204011 (1); NDA016030 (1); NDA205765 (1); ANDA205941 (1); ANDA071900 (1); ANDA076863 (1); BLA020582 (1); NDA017536 (1); ANDA077273 (1); ANDA087108 (1); ANDA203624 (1); NDA205803 (1); BLA761174 (1); ANDA090431 (1); ANDA083953 (1); ANDA202942 (1); ANDA209346 (1); ANDA084415 (1); NDA210595 (1); ANDA088669 (1); ANDA084560 (1); ANDA087433 (1); ANDA201251 (1); ANDA204161 (1); NDA205583 (1); ANDA077131 (1); NDA016727 (1); NDA208025 (1); ANDA210830 (1); ANDA207606 (1); NDA050567 (1); NDA022536 (1); ANDA209276 (1); NDA021190 (1); ANDA080364 (1); ANDA216486 (1); NDA016904 (1); ANDA215959 (1); ANDA074780 (1); ANDA209996 (1); NDA017594 (1); ANDA218410 (1); ANDA077209 (1); NDA018817 (1); NDA205820 (1); ANDA207032 (1); NDA020843 (1); ANDA084573 (1); ANDA212278 (1); NDA020066 (1); ANDA208086 (1); ANDA204751 (1); ANDA206112 (1); ANDA070829 (1); ANDA200144 (1); ANDA209645 (1); ANDA070351 (1); ANDA088493 (1); ANDA202579 (1); ANDA086545 (1); ANDA071431 (1); ANDA040857 (1); ANDA216963 (1); ANDA081309 (1); NDA019525 (1); ANDA203445 (1); ANDA218644 (1); ANDA086822 (1); ANDA203411 (1); NDA208614 (1); NDA019669 (1); ANDA071194 (1); ANDA205206 (1); ANDA208430 (1); ANDA209068 (1); ANDA217189 (1); ANDA084876 (1); ANDA091325 (1); NDA214965 (1); ANDA089364 (1); ANDA086294 (1); NDA020586 (1); NDA021892 (1); ANDA040001 (1); ANDA216670 (1); NDA008809 (1); ANDA205780 (1); ANDA060475 (1); ANDA091689 (1); ANDA077101 (1); ANDA070954 (1); ANDA209411 (1); ANDA078126 (1); ANDA061764 (1); ANDA071675 (1); ANDA063023 (1); ANDA061530 (1); ANDA208699 (1); ANDA217709 (1); ANDA086011 (1); ANDA072195 (1); ANDA074084 (1); ANDA065322 (1); ANDA083315 (1); ANDA072946 (1); NDA202408 (1); ANDA079045 (1); ANDA084625 (1); ANDA079085 (1); ANDA065369 (1); ANDA089295 (1); ANDA205882 (1); NDA050557 (1); ANDA060400 (1); ANDA212704 (1); ANDA091031 (1); ANDA210506 (1); ANDA090479 (1); ANDA076482 (1); ANDA208242 (1); NDA207155 (1); ANDA217277 (1); ANDA084737 (1); ANDA088528 (1); ANDA090008 (1); NDA211155 (1); ANDA206409 (1); BLA761040 (1); ANDA091681 (1); ANDA212517 (1); ANDA065129 (1); ANDA074986 (1); ANDA091524 (1); NDA021565 (1); ANDA076451 (1); NDA018569 (1); NDA205766 (1); ANDA086169 (1); ANDA071689 (1); ANDA207834 (1); ANDA216228 (1); ANDA062549 (1); ANDA089104 (1); ANDA077463 (1); ANDA079220 (1); ANDA062579 (1); ANDA202544 (1); ANDA070090 (1); ANDA062519 (1); ANDA211146 (1); NDA012704 (1); ANDA080327 (1); ANDA209166 (1); ANDA210555 (1); ANDA087398 (1); ANDA087599 (1); ANDA216317 (1); ANDA063179 (1); ANDA040810 (1); ANDA084677 (1); ANDA207754 (1); ANDA210179 (1); ANDA077577 (1); ANDA083633 (1); ANDA040194 (1); NDA017850 (1); ANDA040358 (1); ANDA076104 (1); ANDA217797 (1); ANDA205835 (1); ANDA088145 (1); ANDA090097 (1); ANDA202240 (1); ANDA083722 (1); ANDA087183 (1); ANDA216839 (1); NDA011838 (1); ANDA071807 (1); BLA761083 (1); ANDA087645 (1); ANDA216184 (1); ANDA071041 (1); ANDA077203 (1); ANDA202912 (1); ANDA218255 (1); ANDA211659 (1); ANDA091238 (1); NDA011145 (1); ANDA216276 (1); ANDA205853 (1); NDA018374 (1); ANDA203780 (1); ANDA040029 (1); ANDA076530 (1); ANDA077918 (1); ANDA075221 (1); ANDA074850 (1); ANDA077884 (1); ANDA061810 (1); NDA209089 (1); NDA050493 (1); ANDA075660 (1); ANDA214255 (1); ANDA205104 (1); ANDA207551 (1); ANDA209519 (1); ANDA076121 (1); ANDA083787 (1); ANDA090084 (1); ANDA215379 (1); BLA761358 (1); ANDA076615 (1); ANDA074721 (1); ANDA070202 (1); ANDA210034 (1); ANDA203536 (1); ANDA080406 (1); ANDA070529 (1); ANDA040374 (1); ANDA070382 (1); ANDA085663 (1); NDA215428 (1); ANDA202097 (1); ANDA075792 (1); NDA016860 (1); ANDA208045 (1); NDA019309 (1); ANDA074863 (1); ANDA040601 (1); ANDA090440 (1); NDA006695 (1); ANDA211053 (1); NDA020326 (1); ANDA080330 (1); ANDA065168 (1); NDA016069 (1); ANDA215100 (1); ANDA200293 (1); ANDA075651 (1); ANDA086885 (1); NDA214801 (1); ANDA040088 (1); ANDA205976 (1); ANDA074468 (1); ANDA088789 (1); ANDA206503 (1); ANDA074535 (1); ANDA088700 (1); ANDA212317 (1); NDA203415 (1); NDA210589 (1); ANDA212347 (1); ANDA088657 (1); NDA022044 (1); NDA018804 (1); ANDA074132 (1); ANDA071945 (1); ANDA089243 (1); ANDA215708 (1); ANDA204037 (1); NDA050780 (1); ANDA062373 (1); ANDA217275 (1); ANDA090295 (1); ANDA074368 (1); ANDA202960 (1); NDA021876 (1); ANDA087894 (1); NDA021320 (1); ANDA061969 (1); BLA125509 (1); ANDA073345 (1); ANDA089953 (1); ANDA085507 (1); ANDA200002 (1); ANDA207306 (1); ANDA078912 (1); ANDA074378 (1); ANDA211398 (1); NDA020888 (1); ANDA080447 (1); ANDA088508 (1); NDA204822 (1); ANDA078103 (1); NDA202080 (1); ANDA217726 (1); ANDA076175 (1); ANDA202374 (1); ANDA216841 (1); ANDA089525 (1); NDA011283 (1); ANDA211242 (1); ANDA079217 (1); NDA219104 (1); ANDA218948 (1); ANDA213368 (1); ANDA076848 (1); ANDA090723 (1); ANDA070075 (1); ANDA085748 (1); ANDA075122 (1); ANDA076602 (1); ANDA086129 (1); ANDA214756 (1); ANDA203591 (1); ANDA078918 (1); ANDA088349 (1); ANDA210814 (1); ANDA209718 (1); ANDA212033 (1); ANDA087446 (1); ANDA074939 (1); ANDA207983 (1); NDA010417 (1); ANDA212402 (1); ANDA080933 (1); ANDA205365 (1); ANDA074263 (1); ANDA087463 (1); NDA000734 (1); ANDA211315 (1); ANDA070302 (1); ANDA205960 (1); ANDA061936 (1); BLA020563 (1); ANDA086062 (1); ANDA219241 (1); ANDA089703 (1); NDA050624 (1); ANDA091514 (1); ANDA087654 (1); ANDA202413 (1); ANDA040653 (1); ANDA218354 (1); ANDA074160 (1); ANDA076875 (1); NDA020182 (1); NDA020719 (1); ANDA076756 (1); NDA010401 (1); ANDA076357 (1); ANDA077184 (1); ANDA085925 (1); NDA019888 (1); ANDA207260 (1); ANDA089839 (1); ANDA071206 (1); ANDA076746 (1); ANDA088335 (1); NDA201444 (1); ANDA075811 (1); ANDA077072 (1); ANDA080750 (1); NDA007337 (1); ANDA080489 (1); ANDA213560 (1); ANDA211745 (1); ANDA091675 (1); NDA006798 (1); NDA018996 (1); ANDA063086 (1); ANDA214484 (1); BLA103608 (1); ANDA071813 (1); ANDA202679 (1); ANDA213432 (1); ANDA071068 (1); NDA050611 (1); BLA209196 (1); NDA210237 (1); ANDA062564 (1); ANDA088863 (1); ANDA214507 (1); ANDA062278 (1); NDA013684 (1); ANDA081169 (1); NDA206947 (1); ANDA071852 (1); ANDA079226 (1); ANDA204816 (1); NDA211843 (1); ANDA076814 (1); ANDA211782 (1); ANDA090756 (1); NDA017895 (1); ANDA070601 (1); NDA209604 (1); NDA216023 (1); ANDA090353 (1); ANDA211161 (1); NDA021410 (1); ANDA202764 (1); ANDA086742 (1); ANDA070366 (1); ANDA085741 (1); ANDA073677 (1); NDA004054 (1); ANDA217480 (1); ANDA062748 (1); ANDA201091 (1); NDA017046 (1); NDA019055 (1); ANDA078708 (1); ANDA085607 (1); NDA010093 (1); ANDA021206 (1); ANDA071309 (1); ANDA203346 (1); ANDA217794 (1); ANDA077177 (1); NDA018657 (1); ANDA064118 (1); NDA021224 (1); ANDA211002 (1); ANDA070949 (1); NDA020357 (1); NDA019548 (1); ANDA202061 (1); ANDA088677 (1); ANDA078357 (1); ANDA062268 (1); ANDA078679 (1); ANDA205476 (1); ANDA217748 (1); ANDA085961 (1); ANDA205024 (1); ANDA084446 (1); ANDA206251 (1); ANDA071218 (1); ANDA070099 (1); ANDA040626 (1); NDA205755 (1); ANDA212721 (1); ANDA091280 (1); ANDA061853 (1); ANDA210652 (1); ANDA085171 (1); ANDA077774 (1); ANDA085866 (1); ANDA211452 (1); NDA021093 (1); ANDA201961 (1); ANDA087985 (1); ANDA211297 (1); NDA021077 (1); NDA019594 (1); ANDA083759 (1); ANDA063098 (1); ANDA207229 (1); ANDA084951 (1); ANDA088830 (1); ANDA076224 (1); ANDA087265 (1); ANDA085621 (1); ANDA208975 (1); ANDA075076 (1); ANDA074412 (1); ANDA214419 (1); NDA009627 (1); ANDA084486 (1); ANDA211721 (1); ANDA071244 (1); ANDA213345 (1); NDA050740 (1); ANDA202767 (1); ANDA090906 (1); ANDA072205 (1); ANDA089753 (1); ANDA090544 (1); ANDA212844 (1); NDA021312 (1); ANDA085697 (1); ANDA040489 (1); NDA009900 (1); NDA208379 (1); ANDA209286 (1); ANDA078245 (1); NDA020596 (1); ANDA087813 (1); ANDA074759 (1); ANDA208508 (1); ANDA075609 (1); NDA020983 (1); ANDA088616 (1); ANDA090218 (1); ANDA215772 (1); ANDA088169 (1); ANDA213821 (1); ANDA074554 (1); NDA216993 (1); ANDA209872 (1); ANDA063008 (1); ANDA207201 (1); ANDA040251 (1); ANDA075222 (1); ANDA086740 (1); ANDA088175 (1); ANDA064134 (1); ANDA202875 (1); ANDA212886 (1); ANDA203581 (1); ANDA071067 (1); ANDA076078 (1); ANDA071278 (1); ANDA079050 (1); ANDA074584 (1); ANDA089107 (1); ANDA070451 (1); ANDA218604 (1); NDA020005 (1); NDA014368 (1); NDA208036 (1); NDA018555 (1); ANDA080386 (1); ANDA072927 (1); ANDA216419 (1); NDA020899 (1); NDA020919 (1); ANDA213873 (1); ANDA208584 (1); ANDA088875 (1); ANDA071735 (1); ANDA088119 (1); ANDA088730 (1); ANDA062050 (1); ANDA215798 (1); NDA022404 (1); NDA019942 (1); ANDA210582 (1); ANDA201209 (1); ANDA090372 (1); ANDA203701 (1); ANDA087129 (1); ANDA070046 (1); ANDA204510 (1); ANDA204262 (1); ANDA064098 (1); ANDA071268 (1); ANDA204318 (1); ANDA091059 (1); ANDA205343 (1); NDA202342 (1); ANDA088013 (1); ANDA076835 (1); ANDA088882 (1); ANDA217642 (1); NDA021759 (1); NDA013247 (1); ANDA207310 (1); ANDA216934 (1); ANDA212625 (1); NDA019465 (1); NDA016059 (1); ANDA040860 (1); ANDA090951 (1); ANDA204627 (1); ANDA219237 (1); ANDA087093 (1); ANDA208237 (1); ANDA040117 (1); ANDA083534 (1); ANDA071791 (1); NDA021338 (1); ANDA071785 (1); ANDA203925 (1); ANDA205901 (1); ANDA088809 (1); ANDA077429 (1); ANDA089129 (1); ANDA204936 (1); ANDA200220 (1); ANDA085273 (1); BLA761391 (1); ANDA202431 (1); ANDA076677 (1); ANDA079076 (1); NDA016980 (1); ANDA075207 (1); ANDA208301 (1); NDA021554 (1); ANDA078083 (1); ANDA078816 (1); ANDA075477 (1); ANDA075840 (1); ANDA213034 (1); ANDA088667 (1); ANDA040718 (1); ANDA207496 (1); NDA010496 (1); ANDA087724 (1); ANDA089914 (1); ANDA203586 (1); ANDA210747 (1); ANDA215460 (1); ANDA087811 (1); NDA013263 (1); ANDA208827 (1); ANDA074668 (1); ANDA216775 (1); ANDA074377 (1); BLA761091 (1); ANDA207239 (1); ANDA204131 (1); ANDA077510 (1); NDA019645 (1); ANDA089290 (1); NDA019579 (1); ANDA040491 (1); NDA020031 (1); ANDA088251 (1); ANDA090879 (1); ANDA072331 (1); ANDA087986 (1); ANDA089222 (1); ANDA083688 (1); ANDA212878 (1); ANDA071530 (1); ANDA087001 (1); ANDA200151 (1); ANDA040416 (1); ANDA211021 (1); NDA209618 (1); ANDA074753 (1); ANDA087655 (1); ANDA215595 (1); ANDA202710 (1); NDA022416 (1); ANDA072399 (1); ANDA202468 (1); ANDA204750 (1); NDA017577 (1); ANDA203431 (1); ANDA090311 (1); ANDA204860 (1); ANDA074102 (1); ANDA088390 (1); ANDA211428 (1); ANDA064035 (1); ANDA075799 (1); ANDA086332 (1); ANDA074121 (1); ANDA088343 (1); ANDA062660 (1); ANDA211306 (1); ANDA216633 (1); ANDA078680 (1); ANDA204475 (1); NDA210850 (1); NDA017243 (1); NDA018419 (1); NDA214919 (1); ANDA084222 (1); ANDA217598 (1); ANDA074940 (1); NDA207947 (1); NDA050649 (1); NDA017033 (1); ANDA040451 (1); ANDA200887 (1); ANDA204158 (1); NDA208073 (1); NDA020279 (1); ANDA040257 (1); ANDA065365 (1); ANDA207528 (1); ANDA062975 (1); ANDA216342 (1); ANDA087656 (1); BLA761429 (1); ANDA204392 (1); ANDA090364 (1); ANDA202505 (1); ANDA212515 (1); ANDA062169 (1); NDA209139 (1); NDA209521 (1); ANDA062731 (1); NDA015419 (1); ANDA080776 (1); ANDA202761 (1); ANDA207743 (1); ANDA062353 (1); ANDA077724 (1); ANDA205564 (1); ANDA074493 (1); ANDA087552 (1); ANDA086760 (1); ANDA210831 (1); ANDA078449 (1); ANDA207280 (1); ANDA203163 (1); ANDA210437 (1); ANDA075913 (1); ANDA215397 (1); NDA011110 (1); ANDA212092 (1); ANDA086359 (1); ANDA076216 (1); NDA017257 (1); ANDA090924 (1); ANDA089523 (1); NDA209566 (1); ANDA079022 (1); ANDA091355 (1); NDA017820 (1); ANDA065026 (1); ANDA074916 (1); ANDA076321 (1); NDA019490 (1); ANDA202266 (1); ANDA210966 (1); ANDA204356 (1); ANDA071540 (1); ANDA203242 (1); ANDA040235 (1); NDA217064 (1); ANDA076250 (1); NDA022470 (1); ANDA088744 (1); NDA207027 (1); ANDA217842 (1); NDA020702 (1); ANDA210773 (1); ANDA070336 (1); ANDA214804 (1); ANDA208390 (1); ANDA040123 (1); ANDA202601 (1); ANDA210604 (1); ANDA205612 (1); ANDA209243 (1); NDA208912 (1); NDA019826 (1); ANDA212953 (1); ANDA218695 (1); NDA019714 (1); ANDA210893 (1); ANDA040424 (1); ANDA211813 (1); ANDA073303 (1); ANDA074030 (1); ANDA089414 (1); ANDA214505 (1); ANDA210464 (1); NDA202736 (1); ANDA077459 (1); NDA021974 (1); ANDA201760 (1); ANDA040805 (1); ANDA200475 (1); ANDA088051 (1); ANDA088736 (1); ANDA203332 (1); ANDA214136 (1); NDA017460 (1); ANDA071009 (1); ANDA078805 (1); ANDA075813 (1); ANDA216510 (1); NDA050678 (1); ANDA072499 (1); ANDA077394 (1); ANDA090110 (1); ANDA216968 (1); BLA021047 (1); ANDA206855 (1); ANDA216074 (1); ANDA083955 (1); ANDA216949 (1); NDA021140 (1); NDA050710 (1); ANDA074769 (1); ANDA072779 (1); ANDA070043 (1); NDA022522 (1); ANDA071104 (1); ANDA075036 (1); ANDA088895 (1); ANDA078660 (1); ANDA077457 (1); ANDA208861 (1); ANDA209619 (1); ANDA075271 (1); ANDA213875 (1); ANDA061633 (1); ANDA071897 (1); ANDA207313 (1); ANDA075358 (1); ANDA077941 (1); ANDA216421 (1); NDA019839 (1); ANDA075227 (1); ANDA088272 (1); ANDA206908 (1); ANDA061411 (1); NDA050662 (1); ANDA040449 (1); ANDA090120 (1); ANDA083634 (1); ANDA203333 (1); ANDA211450 (1); ANDA215688 (1); ANDA084055 (1); NDA020554 (1); ANDA088812 (1); ANDA208283 (1); ANDA075034 (1); BLA125514 (1); ANDA070951 (1); ANDA084086 (1); NDA020397 (1); ANDA076311 (1); ANDA091659 (1); ANDA206407 (1); ANDA077557 (1); ANDA078598 (1); ANDA214184 (1); NDA017598 (1); ANDA083967 (1); ANDA207342 (1); ANDA064085 (1); ANDA070749 (1); ANDA072996 (1); ANDA202131 (1); ANDA077517 (1); ANDA040634 (1); ANDA084444 (1); ANDA207607 (1); ANDA076274 (1); ANDA062469 (1); NDA050072 (1); ANDA074532 (1); ANDA090395 (1); ANDA061836 (1); ANDA090866 (1); ANDA040179 (1); ANDA072063 (1); ANDA076134 (1); NDA022306 (1); NDA204410 (1); ANDA214495 (1); ANDA085882 (1); NDA204016 (1); ANDA216209 (1); ANDA062851 (1); ANDA075052 (1); NDA021137 (1); ANDA210500 (1); ANDA210741 (1); ANDA070776 (1); ANDA077841 (1); ANDA073687 (1); ANDA040754 (1); ANDA071944 (1); ANDA212044 (1); ANDA213352 (1); ANDA219767 (1); ANDA091189 (1); ANDA073383 (1); ANDA088755 (1); NDA010347 (1); ANDA208451 (1); ANDA070671 (1); ANDA201095 (1); ANDA211036 (1); ANDA040762 (1); ANDA085683 (1); ANDA203935 (1); NDA050322 (1); ANDA091553 (1); ANDA075751 (1); ANDA084855 (1); ANDA090163 (1); ANDA202602 (1); ANDA214183 (1); ANDA062413 (1); ANDA080751 (1); NDA017395 (1); NDA050682 (1); ANDA215585 (1); ANDA083838 (1); NDA021395 (1); NDA017736 (1); ANDA089849 (1); ANDA071483 (1); ANDA207628 (1); ANDA211304 (1); NDA050299 (1); ANDA076367 (1); ANDA071938 (1); NDA206042 (1); ANDA086310 (1); ANDA071865 (1); ANDA083889 (1); ANDA077442 (1); ANDA062426 (1); NDA021004 (1); ANDA203217 (1); ANDA040816 (1); ANDA062167 (1); ANDA202523 (1); ANDA087616 (1); ANDA062280 (1); ANDA202805 (1); NDA212319 (1); ANDA078341 (1); BLA761122 (1); NDA011111 (1); ANDA083207 (1); ANDA205666 (1); ANDA088452 (1); ANDA090891 (1); BLA125399 (1); BLA103293 (1); ANDA074456 (1); ANDA216908 (1); ANDA212359 (1); ANDA075419 (1); ANDA088539 (1); NDA020647 (1); ANDA202309 (1); ANDA065087 (1); ANDA075474 (1); ANDA209571 (1); ANDA206367 (1); ANDA211316 (1); ANDA040750 (1); ANDA088720 (1); ANDA040747 (1); ANDA076267 (1); ANDA076214 (1); NDA021752 (1); ANDA201686 (1); NDA208251 (1); ANDA076264 (1); ANDA216385 (1); ANDA083232 (1); ANDA063121 (1); ANDA086210 (1); ANDA207587 (1); ANDA088731 (1); ANDA212086 (1); NDA019561 (1); ANDA207435 (1); ANDA209374 (1); ANDA080232 (1); ANDA061773 (1); NDA050617 (1); ANDA205242 (1); ANDA207147 (1); ANDA087248 (1); NDA020819 (1); ANDA214805 (1); NDA020531 (1); ANDA040511 (1); ANDA217606 (1); ANDA218737 (1); ANDA203150 (1); ANDA208206 (1); ANDA084285 (1); ANDA209132 (1); ANDA040034 (1); ANDA086030 (1); ANDA072289 (1); NDA022544 (1); ANDA078887 (1); ANDA210346 (1); ANDA091331 (1); NDA019854 (1); ANDA065009 (1); NDA208054 (1); ANDA202609 (1); ANDA089103 (1); ANDA077279 (1); NDA020076 (1); ANDA218552 (1); ANDA086066 (1); ANDA090878 (1); ANDA080003 (1); NDA006799 (1); ANDA214695 (1); NDA215331 (1); ANDA211892 (1); ANDA075736 (1); ANDA218991 (1); ANDA075114 (1); ANDA078441 (1); NDA218710 (1); NDA017867 (1); ANDA083914 (1); ANDA090024 (1); ANDA202862 (1); ANDA210585 (1); ANDA075473 (1); NDA017785 (1); ANDA080438 (1); ANDA075379 (1); ANDA217466 (1); NDA022184 (1); NDA215040 (1); ANDA078011 (1); ANDA217704 (1); ANDA078594 (1); ANDA085152 (1); NDA019357 (1); NDA021818 (1); NDA202570 (1); ANDA077015 (1); ANDA078101 (1); ANDA204587 (1); ANDA202873 (1); NDA219293 (1); ANDA070563 (1); BLA021018 (1); ANDA070558 (1); ANDA075315 (1); NDA018983 (1); NDA016269 (1); ANDA065433 (1); NDA020073 (1); ANDA062638 (1); ANDA209845 (1); ANDA076880 (1); ANDA078604 (1); ANDA060286 (1); ANDA212461 (1); ANDA040444 (1); ANDA078990 (1); ANDA087660 (1); BLA761049 (1); ANDA089534 (1); NDA021506 (1); ANDA078351 (1); ANDA078581 (1); ANDA070764 (1); ANDA203899 (1); ANDA217393 (1); NDA017670 (1); ANDA079166 (1); ANDA218196 (1); NDA213051 (1); ANDA074280 (1); ANDA076673 (1); ANDA209869 (1); ANDA206398 (1); ANDA213810 (1); ANDA090752 (1); ANDA200491 (1); ANDA040296 (1); ANDA076007 (1); ANDA200492 (1); NDA018400 (1); ANDA210980 (1); ANDA091333 (1); ANDA076565 (1); ANDA215856 (1); ANDA070480 (1); ANDA040233 (1); NDA211379 (1); ANDA076683 (1); ANDA218175 (1); ANDA213495 (1); ANDA075061 (1); ANDA084930 (1); ANDA204702 (1); ANDA073137 (1); ANDA205761 (1); ANDA207799 (1); ANDA087102 (1); ANDA072353 (1); ANDA203330 (1); ANDA206718 (1); ANDA210344 (1); NDA017453 (1); ANDA074013 (1); ANDA075178 (1); ANDA211751 (1); ANDA076459 (1); ANDA062814 (1); NDA021363 (1); ANDA086365 (1); ANDA076408 (1); ANDA065491 (1); NDA018770 (1); ANDA072265 (1); ANDA085421 (1); ANDA090387 (1); ANDA208891 (1); ANDA083183 (1); ANDA070814 (1); ANDA216719 (1); ANDA078678 (1); NDA215153 (1); ANDA215652 (1); NDA215841 (1); ANDA083689 (1); ANDA064050 (1); ANDA207055 (1); ANDA087922 (1); ANDA201002 (1); NDA005932 (1); ANDA206420 (1); ANDA089488 (1); ANDA203658 (1); NDA205065 (1); ANDA202087 (1); NDA012911 (1); ANDA062177 (1); ANDA072096 (1); ANDA084151 (1); ANDA087736 (1); ANDA202517 (1); ANDA075541 (1); ANDA200830 (1); BLA761380 (1); NDA050746 (1); ANDA087941 (1); ANDA210040 (1); ANDA060095 (1); NDA013400 (1); ANDA216390 (1); ANDA213015 (1); ANDA211791 (1); ANDA091070 (1); ANDA084112 (1); ANDA089327 (1); ANDA077346 (1); NDA021821 (1); ANDA072082 (1); NDA021727 (1); ANDA088612 (1); ANDA090321 (1); NDA020750 (1); ANDA208487 (1); ANDA218966 (1); BLA125526 (1); ANDA040802 (1); ANDA209528 (1); ANDA076675 (1); ANDA071179 (1); ANDA214356 (1); ANDA209119 (1); ANDA083743 (1); ANDA040220 (1); ANDA091219 (1); ANDA078085 (1); ANDA202577 (1); ANDA085749 (1); ANDA086003 (1); ANDA207611 (1); NDA016988 (1); ANDA081271 (1); NDA020786 (1); ANDA060180 (1); ANDA215883 (1); ANDA074147 (1); ANDA201293 (1); NDA017906 (1); NDA018667 (1); ANDA203883 (1); ANDA217884 (1); ANDA071083 (1); ANDA091215 (1); ANDA217525 (1); ANDA040791 (1); NDA020364 (1); ANDA205067 (1); ANDA065253 (1); ANDA087307 (1); ANDA214643 (1); ANDA209992 (1); ANDA085085 (1); NDA217581 (1); ANDA073344 (1); ANDA209371 (1); ANDA040204 (1); ANDA061885 (1); ANDA076516 (1); ANDA215519 (1); ANDA202030 (1); ANDA203434 (1); ANDA070139 (1); ANDA084591 (1); ANDA090297 (1); ANDA076571 (1); ANDA200770 (1); NDA209510 (1); ANDA073019 (1); ANDA202564 (1); ANDA213562 (1); ANDA217880 (1); ANDA073121 (1); ANDA211747 (1); ANDA209828 (1); ANDA205789 (1); ANDA040352 (1); ANDA212988 (1); ANDA087276 (1); NDA022024 (1); ANDA213124 (1); ANDA087859 (1); ANDA078313 (1); ANDA209256 (1); ANDA201365 (1); ANDA075515 (1); ANDA089253 (1); ANDA078900 (1); ANDA040009 (1); ANDA071887 (1); ANDA214894 (1); NDA020695 (1); ANDA073357 (1); NDA018578 (1); ANDA072237 (1); ANDA203871 (1); ANDA071469 (1); ANDA078193 (1); NDA020713 (1); ANDA210480 (1); ANDA086769 (1); ANDA077809 (1); BLA103575 (1); ANDA085368 (1); ANDA089840 (1); ANDA212491 (1); ANDA078653 (1); ANDA089082 (1); ANDA212970 (1); ANDA040773 (1); NDA021234 (1); ANDA065394 (1); NDA010010 (1); ANDA211860 (1); ANDA078176 (1); ANDA085355 (1); ANDA088041 (1); ANDA201964 (1); NDA018873 (1); ANDA071878 (1); ANDA089776 (1); ANDA090445 (1); ANDA204636 (1); ANDA209810 (1); ANDA204520 (1); ANDA218559 (1); NDA203595 (1); NDA021735 (1); ANDA200290 (1); NDA017669 (1); ANDA071363 (1); ANDA091225 (1); ANDA087423 (1); ANDA070788 (1); ANDA079145 (1); NDA017439 (1); ANDA213068 (1); NDA019816 (1); ANDA073521 (1); ANDA080304 (1); NDA020606 (1); ANDA218324 (1); ANDA090075 (1); ANDA209794 (1); ANDA091198 (1); ANDA075808 (1); ANDA071927 (1); BLA761404 (1); ANDA073419 (1); ANDA062703 (1); ANDA084113 (1); NDA209387 (1); NDA213972 (1); ANDA040833 (1); ANDA071609 (1); BLA125164 (1); ANDA208921 (1); ANDA074046 (1); ANDA209846 (1); ANDA062883 (1); ANDA203179 (1); ANDA084218 (1); ANDA091592 (1); ANDA212541 (1); ANDA203801 (1); NDA021511 (1); ANDA085338 (1); ANDA217517 (1); ANDA086705 (1); NDA202100 (1); ANDA206597 (1); ANDA207601 (1); ANDA205173 (1); ANDA087146 (1); ANDA209680 (1); ANDA071320 (1); ANDA089615 (1); ANDA202461 (1); ANDA070904 (1); NDA017355 (1); NDA022219 (1); NDA016620 (1); ANDA087702 (1); ANDA085220 (1); ANDA211286 (1); ANDA205118 (1); ANDA211608 (1); NDA022277 (1); ANDA217671 (1); ANDA083963 (1); ANDA215572 (1); ANDA074909 (1); ANDA207864 (1); ANDA040526 (1); ANDA215141 (1); NDA018469 (1); ANDA206127 (1); ANDA202792 (1); ANDA210254 (1); ANDA203988 (1); NDA018039 (1); ANDA070936 (1); NDA050313 (1); NDA022108 (1); ANDA090913 (1); ANDA218461 (1); NDA011793 (1); ANDA209406 (1); ANDA204178 (1); ANDA084773 (1); ANDA090549 (1); ANDA078634 (1); ANDA213834 (1); ANDA072335 (1); ANDA211116 (1); ANDA071311 (1); ANDA074023 (1); ANDA215249 (1); NDA019917 (1); ANDA086295 (1); ANDA214055 (1); NDA215430 (1); ANDA073135 (1); ANDA090025 (1); ANDA201013 (1); ANDA070637 (1); ANDA219087 (1); NDA018731 (1); ANDA085318 (1); ANDA209074 (1); ANDA216656 (1); ANDA209385 (1); ANDA061621 (1); ANDA078853 (1); ANDA202159 (1); NDA201280 (1); ANDA072233 (1); ANDA212182 (1); BLA761106 (1); NDA018821 (1); ANDA089718 (1); ANDA204395 (1); ANDA090622 (1); ANDA070227 (1); ANDA083077 (1); ANDA090058 (1); ANDA081051 (1); ANDA214645 (1); ANDA091572 (1); ANDA060254 (1); ANDA077220 (1); ANDA218444 (1); ANDA061898 (1); ANDA203615 (1); NDA011730 (1); ANDA091396 (1); ANDA040587 (1); ANDA087722 (1); NDA210259 (1); ANDA215008 (1); ANDA075787 (1); ANDA208371 (1); NDA022072 (1); NDA020697 (1); NDA021472 (1); ANDA201546 (1); ANDA208441 (1); ANDA203455 (1); ANDA202666 (1); ANDA209688 (1); ANDA062324 (1); ANDA210013 (1); NDA009660 (1); NDA020417 (1); ANDA088288 (1); ANDA078995 (1); ANDA064107 (1); ANDA213924 (1); ANDA078873 (1); ANDA076862 (1); ANDA214252 (1); ANDA089058 (1); ANDA078676 (1); ANDA210243 (1); ANDA210086 (1); ANDA076102 (1); ANDA078773 (1); ANDA074442 (1); ANDA202411 (1); ANDA077990 (1); ANDA062670 (1); ANDA210140 (1); ANDA209218 (1); ANDA209782 (1); ANDA089323 (1); ANDA204984 (1); NDA203752 (1); NDA020551 (1); NDA021351 (1); ANDA201510 (1); ANDA210640 (1); NDA208794 (1); ANDA072508 (1); ANDA213901 (1); ANDA078674 (1); ANDA071366 (1); ANDA217749 (1); ANDA076642 (1); NDA021986 (1); ANDA209995 (1); ANDA091175 (1); NDA211737 (1); ANDA215022 (1); NDA017943 (1); ANDA216283 (1); ANDA210715 (1); ANDA202843 (1); NDA010040 (1); ANDA089199 (1); ANDA213565 (1); ANDA202333 (1); NDA013960 (1); ANDA075702 (1); NDA215760 (1); ANDA203285 (1); ANDA206931 (1); ANDA216592 (1); ANDA207849 (1); ANDA070029 (1); ANDA204542 (1); ANDA210423 (1); ANDA075972 (1); NDA018125 (1); ANDA084393 (1); ANDA203821 (1); ANDA210204 (1); ANDA087969 (1); NDA210922 (1); ANDA207095 (1); NDA020705 (1); ANDA070683 (1); ANDA213096 (1); ANDA209150 (1); NDA204708 (1); ANDA076696 (1); ANDA070175 (1); ANDA217782 (1); NDA020600 (1); ANDA203258 (1); NDA006002 (1); NDA209764 (1); ANDA074557 (1); ANDA088596 (1); NDA013296 (1); ANDA204221 (1); NDA212888 (1); ANDA070481 (1); ANDA212564 (1); ANDA073517 (1); ANDA212562 (1); ANDA086947 (1); ANDA078391 (1); ANDA062531 (1); ANDA215710 (1); ANDA086012 (1); NDA017783 (1); ANDA087566 (1); NDA018934 (1); ANDA085562 (1); ANDA213651 (1); ANDA070396 (1); ANDA089274 (1); ANDA212692 (1); ANDA065415 (1); ANDA213936 (1); ANDA206077 (1); ANDA074991 (1); NDA021431 (1); NDA215390 (1); NDA210251 (1); ANDA211500 (1); ANDA216611 (1); ANDA085837 (1); NDA050708 (1); NDA204119 (1); NDA011836 (1); ANDA211463 (1); ANDA080680 (1); ANDA207284 (1); ANDA211052 (1); ANDA078636 (1); ANDA217087 (1); ANDA218952 (1); ANDA088597 (1); ANDA216499 (1); ANDA070963 (1); ANDA040806 (1); ANDA210184 (1); ANDA070303 (1); ANDA075508 (1); ANDA208368 (1); ANDA087984 (1); ANDA071300 (1); ANDA077643 (1); ANDA208197 (1); ANDA209791 (1); ANDA202507 (1); ANDA204785 (1); ANDA087587 (1); ANDA205228 (1); ANDA211867 (1); ANDA086900 (1); ANDA089413 (1); ANDA211229 (1); NDA211765 (1); ANDA088939 (1); ANDA074511 (1); ANDA080475 (1); ANDA065523 (1); ANDA074832 (1); ANDA074361 (1); ANDA077627 (1); ANDA080359 (1); ANDA087955 (1); ANDA076732 (1); ANDA208260 (1); ANDA205983 (1); NDA211733 (1); NDA208351 (1); ANDA079204 (1); ANDA086144 (1); ANDA080956 (1); ANDA071584 (1); ANDA065012 (1); ANDA074674 (1); NDA016161 (1); ANDA074590 (1); ANDA040147 (1); ANDA081250 (1); ANDA084146 (1); ANDA061051 (1); ANDA060806 (1); ANDA063163 (1); NDA020346 (1); ANDA076877 (1); ANDA208165 (1); ANDA090696 (1); ANDA084107 (1); ANDA208195 (1); ANDA071722 (1); ANDA074444 (1); NDA017122 (1); ANDA086651 (1); NDA020241 (1); ANDA070691 (1); ANDA203044 (1); ANDA210876 (1); NDA009796 (1); ANDA061505 (1); ANDA040765 (1); ANDA078387 (1); NDA210933 (1); NDA205919 (1); ANDA070226 (1); ANDA071188 (1); ANDA075262 (1); ANDA210301 (1); ANDA090779 (1); ANDA091416 (1); ANDA213318 (1); ANDA213786 (1); NDA050108 (1); ANDA210562 (1); NDA217677 (1); ANDA062613 (1); ANDA090242 (1); ANDA072192 (1); ANDA207538 (1); NDA021056 (1); ANDA090116 (1); ANDA040342 (1); ANDA204729 (1); ANDA080713 (1); NDA016730 (1); ANDA076114 (1); ANDA071057 (1); ANDA074447 (1); ANDA071272 (1); ANDA083654 (1); ANDA088221 (1); ANDA079161 (1); ANDA062812 (1); ANDA073533 (1); ANDA207232 (1); ANDA208300 (1); ANDA201335 (1); NDA020287 (1); ANDA204893 (1); NDA013664 (1); ANDA070164 (1); ANDA090802 (1); ANDA091316 (1); ANDA211410 (1); ANDA063041 (1); ANDA040648 (1); NDA022371 (1); NDA200327 (1); ANDA210180 (1); ANDA085400 (1); ANDA209469 (1); ANDA210213 (1); ANDA210659 (1); ANDA076225 (1); NDA050751 (1); ANDA075426 (1); NDA008662 (1); ANDA078253 (1); ANDA077133 (1); ANDA208875 (1); ANDA210026 (1); ANDA203614 (1); ANDA203990 (1); ANDA083553 (1); NDA050169 (1); NDA021266 (1); ANDA080281 (1); ANDA077036 (1); ANDA090181 (1); ANDA084595 (1); NDA022154 (1); ANDA211921 (1); ANDA089353 (1); NDA019436 (1); ANDA216309 (1); ANDA062592 (1); ANDA063295 (1); BLA125277 (1); ANDA070673 (1); ANDA208432 (1); ANDA202275 (1); ANDA212234 (1); ANDA088328 (1); ANDA205913 (1); NDA022074 (1); ANDA085057 (1); NDA005794 (1); ANDA212747 (1); ANDA086462 (1); ANDA090330 (1); ANDA217524 (1); ANDA201567 (1); BLA761037 (1); ANDA062739 (1); NDA020870 (1); ANDA085084 (1); ANDA214201 (1); ANDA078893 (1); ANDA087370 (1); ANDA203880 (1); ANDA218573 (1); ANDA078334 (1); NDA020460 (1); ANDA205374 (1); ANDA088072 (1); NDA212327 (1); ANDA070672 (1); ANDA209710 (1); ANDA217989 (1); ANDA040405 (1); NDA215431 (1); NDA211527 (1); ANDA074842 (1); NDA022532 (1); ANDA074477 (1); ANDA216783 (1); ANDA077524 (1); ANDA074163 (1); ANDA075163 (1); ANDA089440 (1); NDA020405 (1); NDA009663 (1); ANDA213253 (1); ANDA210685 (1); ANDA062653 (1); NDA050781 (1); ANDA088304 (1); ANDA040395 (1); ANDA090860 (1); ANDA085086 (1); BLA020367 (1); ANDA080571 (1); ANDA206224 (1); ANDA076762 (1); ANDA088960 (1); ANDA070290 (1); ANDA087835 (1); ANDA202136 (1); ANDA071183 (1); ANDA074425 (1); ANDA077552 (1); ANDA090765 (1); ANDA078525 (1); ANDA040146 (1); ANDA078071 (1); NDA020743 (1); NDA020629 (1); ANDA075713 (1); ANDA065067 (1); ANDA202144 (1); ANDA203501 (1); ANDA071151 (1); ANDA070163 (1); ANDA083362 (1); ANDA076450 (1); NDA019872 (1); ANDA076476 (1); NDA020711 (1); BLA019818 (1); NDA050560 (1); ANDA207874 (1); ANDA206441 (1); ANDA074406 (1); ANDA090470 (1); NDA050345 (1); ANDA090174 (1); ANDA212383 (1); ANDA081265 (1); ANDA078572 (1); ANDA211228 (1); ANDA077836 (1); ANDA071321 (1); BLA761349 (1); NDA020968 (1); ANDA214734 (1); ANDA215634 (1); ANDA065396 (1); BLA021484 (1); ANDA088919 (1); NDA020125 (1); ANDA214226 (1); ANDA078834 (1); ANDA040100 (1); ANDA076784 (1); ANDA040089 (1); ANDA070066 (1); ANDA074541 (1); NDA020825 (1); ANDA209484 (1); NDA207501 (1); ANDA077705 (1); ANDA076631 (1); ANDA071941 (1); ANDA208606 (1); ANDA212649 (1); ANDA088369 (1); ANDA212963 (1); ANDA201724 (1); NDA020749 (1); ANDA070974 (1); ANDA061931 (1); ANDA073665 (1); ANDA217498 (1); ANDA210625 (1); ANDA218023 (1); ANDA209728 (1); ANDA090751 (1); ANDA040057 (1); ANDA076978 (1); ANDA216760 (1); NDA211675 (1); ANDA209284 (1); NDA050287 (1); ANDA087086 (1); ANDA075170 (1); ANDA070065 (1); ANDA203198 (1); ANDA076656 (1); NDA009519 (1); ANDA206083 (1); ANDA071231 (1); ANDA090646 (1); ANDA213576 (1); ANDA210608 (1); ANDA076276 (1); ANDA077319 (1); ANDA214272 (1); NDA013935 (1); ANDA073467 (1); NDA211371 (1); ANDA040311 (1); ANDA203611 (1); ANDA210317 (1); ANDA212799 (1); ANDA213898 (1); ANDA072023 (1); ANDA203041 (1); ANDA065254 (1); ANDA204193 (1); ANDA070931 (1); ANDA207518 (1); ANDA208287 (1); ANDA083551 (1); ANDA210309 (1); ANDA065284 (1); ANDA091155 (1); ANDA203832 (1); NDA214755 (1); ANDA210233 (1); ANDA204696 (1); ANDA079240 (1); ANDA074286 (1); ANDA089110 (1); ANDA208258 (1); ANDA218174 (1); ANDA074005 (1); ANDA203774 (1); ANDA070871 (1); NDA211158 (1); ANDA072249 (1); ANDA084318 (1); NDA018531 (1); NDA210709 (1); NDA020079 (1); ANDA208438 (1); ANDA209235 (1); ANDA075733 (1); NDA213330 (1); ANDA206180 (1); ANDA040472 (1); ANDA065259 (1); ANDA202197 (1); NDA020058 (1); NDA207962 (1); ANDA065416 (1); ANDA208499 (1); ANDA209439 (1); ANDA208663 (1); ANDA212693 (1); ANDA040761 (1); ANDA080671 (1); ANDA075929 (1); ANDA210095 (1); ANDA084800 (1); ANDA074604 (1); ANDA078901 (1); ANDA062497 (1); NDA050687 (1); ANDA070268 (1); ANDA084001 (1); ANDA087329 (1); ANDA213782 (1); ANDA085780 (1); ANDA206001 (1); ANDA217879 (1); ANDA061588 (1); ANDA204794 (1); ANDA206381 (1); ANDA091073 (1); ANDA040032 (1); NDA202236 (1); ANDA211073 (1); ANDA080024 (1); NDA011745 (1); ANDA074364 (1); ANDA081149 (1); ANDA204496 (1); ANDA060522 (1); ANDA209024 (1); ANDA078171 (1); ANDA088593 (1); ANDA088295 (1); ANDA084074 (1); ANDA040207 (1); ANDA210294 (1); ANDA072713 (1); ANDA077859 (1); ANDA040766 (1); ANDA076580 (1); ANDA090541 (1); ANDA064008 (1); ANDA212879 (1); NDA020560 (1); BLA021716 (1); NDA021447 (1); ANDA213075 (1); ANDA089697 (1); NDA020827 (1); NDA020860 (1); ANDA212591 (1); ANDA076598 (1); ANDA203600 (1); ANDA210532 (1); ANDA213098 (1); ANDA078884 (1); ANDA076238 (1); ANDA203622 (1); ANDA205446 (1); NDA018257 (1); ANDA077086 (1); ANDA075507 (1); ANDA089441 (1); ANDA208842 (1); ANDA218868 (1); ANDA202968 (1); ANDA040197 (1); ANDA072275 (1); ANDA079193 (1); ANDA209474 (1); ANDA085539 (1); ANDA061893 (1); ANDA075595 (1); ANDA083365 (1); ANDA200145 (1); ANDA213794 (1); ANDA088126 (1); ANDA208199 (1); ANDA065505 (1); ANDA075055 (1); ANDA078523 (1); ANDA091220 (1); NDA012394 (1); NDA020056 (1); NDA020655 (1); ANDA091328 (1); ANDA077197 (1); NDA006470 (1); ANDA084921 (1); ANDA090562 (1); ANDA090728 (1); ANDA213551 (1); NDA007513 (1); ANDA071494 (1); ANDA208709 (1); ANDA086392 (1); ANDA211922 (1); ANDA219044 (1); ANDA076471 (1); ANDA211900 (1); NDA016931 (1); ANDA216206 (1); ANDA061685 (1); ANDA070330 (1); ANDA040642 (1); NDA020809 (1); ANDA209587 (1); ANDA062566 (1); ANDA206003 (1); ANDA218054 (1); ANDA204726 (1); ANDA088924 (1); ANDA204706 (1); ANDA089192 (1); ANDA070006 (1); ANDA078371 (1); ANDA076495 (1); NDA012678 (1); ANDA065145 (1); ANDA078540 (1); NDA021763 (1); ANDA061304 (1); ANDA074558 (1); ANDA070265 (1); BLA018780 (1); ANDA077673 (1); ANDA074148 (1); ANDA075391 (1); ANDA063142 (1); ANDA077744 (1); ANDA213967 (1); ANDA209978 (1); ANDA090787 (1); ANDA086697 (1); ANDA076466 (1); ANDA070531 (1); NDA021706 (1); ANDA040905 (1); NDA019867 (1); ANDA065316 (1); ANDA085003 (1); ANDA087366 (1); ANDA204407 (1); ANDA085855 (1); ANDA090774 (1); ANDA086428 (1); NDA017364 (1); ANDA218515 (1); ANDA211769 (1); ANDA091112 (1); ANDA075536 (1); NDA020336 (1); ANDA075548 (1); ANDA208555 (1); ANDA086946 (1); ANDA071740 (1); ANDA088550 (1); ANDA089180 (1); NDA020889 (1); ANDA070383 (1); ANDA072117 (1); ANDA202298 (1); ANDA065070 (1); NDA019963 (1); NDA020822 (1); ANDA040907 (1); ANDA084300 (1); ANDA207475 (1); ANDA075578 (1); ANDA208444 (1); ANDA212385 (1); ANDA215203 (1); NDA210861 (1); ANDA075229 (1); ANDA203534 (1); ANDA212722 (1); NDA207925 (1); ANDA202150 (1); ANDA079095 (1); ANDA207714 (1); ANDA076159 (1); ANDA204345 (1); ANDA087378 (1); ANDA070223 (1); ANDA074143 (1); ANDA080205 (1); ANDA070120 (1); ANDA088604 (1); ANDA078615 (1); ANDA076984 (1); ANDA088197 (1); ANDA075798 (1); NDA012071 (1); ANDA217847 (1); ANDA203277 (1); ANDA207442 (1); ANDA218871 (1); ANDA090035 (1); ANDA216843 (1); ANDA070488 (1); ANDA207334 (1); ANDA211786 (1); ANDA217295 (1); ANDA087828 (1); ANDA074767 (1); ANDA087267 (1); ANDA212659 (1); ANDA087397 (1); ANDA206748 (1); ANDA216335 (1); NDA022251 (1); ANDA075136 (1); ANDA217873 (1); ANDA072764 (1); ANDA083271 (1); ANDA077312 (1); ANDA072722 (1); NDA019762 (1); ANDA204514 (1); ANDA070261 (1); ANDA204812 (1); ANDA074353 (1); ANDA087603 (1); ANDA077021 (1); ANDA205197 (1); ANDA206890 (1); ANDA208662 (1); ANDA080292 (1); ANDA072038 (1); ANDA079219 (1); ANDA211884 (1); ANDA207820 (1); ANDA078374 (1); ANDA062833 (1); ANDA079062 (1); ANDA075470 (1); ANDA071152 (1); NDA050577 (1); ANDA206039 (1); ANDA091658 (1); NDA017717 (1); ANDA208124 (1); NDA212028 (1); ANDA074530 (1); ANDA209209 (1); NDA202810 (1); NDA020164 (1); ANDA218548 (1); ANDA087513 (1); ANDA214035 (1); ANDA080718 (1); NDA021128 (1); NDA021324 (1); ANDA201779 (1); ANDA090709 (1); ANDA215995 (1); NDA020547 (1); ANDA072901 (1); ANDA071178 (1); ANDA083531 (1); NDA020273 (1); ANDA084094 (1); ANDA062557 (1); ANDA070574 (1); ANDA208850 (1); ANDA040135 (1); ANDA071101 (1); ANDA207684 (1); BLA125504 (1); ANDA210051 (1); ANDA084551 (1); ANDA217620 (1); ANDA060582 (1); ANDA203158 (1); ANDA209425 (1); ANDA204705 (1); ANDA077828 (1); ANDA206822 (1); NDA017010 (1); ANDA040042 (1); ANDA206107 (1); ANDA078036 (1); NDA020900 (1); ANDA087143 (1); ANDA070986 (1); ANDA087787 (1); ANDA075765 (1); ANDA211343 (1); ANDA074993 (1); ANDA071908 (1); ANDA089427 (1); ANDA207388 (1); NDA020992 (1); ANDA074839 (1); NDA207963 (1); ANDA076560 (1); NDA209803 (1); ANDA076867 (1); NDA208780 (1); ANDA084810 (1); NDA004782 (1); NDA016806 (1); ANDA206129 (1); ANDA040732 (1); ANDA088804 (1); ANDA216216 (1); ANDA219507 (1); NDA019037 (1); ANDA218658 (1); NDA019847 (1); ANDA063031 (1); ANDA080853 (1); ANDA072026 (1); ANDA076577 (1); BLA761140 (1); NDA010909 (1); ANDA202713 (1); NDA020659 (1); ANDA083598 (1); ANDA088032 (1); ANDA090176 (1); ANDA070612 (1); NDA019412 (1); ANDA216113 (1); ANDA214089 (1); NDA017264 (1); NDA020696 (1); NDA212801 (1); NDA214154 (1); ANDA210688 (1); ANDA080745 (1); ANDA211101 (1); ANDA040621 (1); ANDA204052 (1); ANDA075793 (1); ANDA075973 (1); ANDA090205 (1); ANDA078032 (1); ANDA205807 (1); ANDA203593 (1); NDA218754 (1); NDA009996 (1); ANDA210665 (1); NDA017760 (1); ANDA065159 (1); ANDA040834 (1); ANDA208162 (1); NDA020134 (1); ANDA211629 (1); ANDA070497 (1); ANDA209735 (1); NDA019101 (1); NDA050310 (1); ANDA204462 (1); NDA017673 (1); ANDA073008 (1); ANDA213450 (1); ANDA090600 (1); ANDA211504 (1); ANDA201380 (1); NDA010349 (1); NDA017857 (1); ANDA078740 (1); NDA020947 (1); NDA214621 (1); ANDA219492 (1); ANDA088305 (1); ANDA076269 (1); ANDA200159 (1); ANDA076749 (1); ANDA088253 (1); NDA208183 (1); ANDA210050 (1); NDA018140 (1); ANDA213052 (1); ANDA074352 (1); ANDA088157 (1); ANDA090094 (1); ANDA086440 (1); ANDA201531 (1); ANDA216728 (1); ANDA204092 (1); ANDA090471 (1); ANDA085104 (1); NDA018829 (1); ANDA074501 (1); ANDA075049 (1); ANDA075697 (1); ANDA202946 (1); ANDA209603 (1); ANDA087543 (1); ANDA204525 (1); ANDA207052 (1); ANDA211361 (1); ANDA087275 (1); ANDA080452 (1); ANDA078242 (1); NDA019545 (1); ANDA207796 (1); ANDA078073 (1); NDA204370 (1); ANDA085218 (1); ANDA208906 (1); ANDA064207 (1); ANDA203106 (1); NDA208383 (1); ANDA079001 (1); ANDA077002 (1); ANDA080600 (1); ANDA212856 (1); ANDA040586 (1); ANDA065307 (1); ANDA210010 (1); ANDA210012 (1); ANDA071556 (1); ANDA075842 (1); ANDA079168 (1); ANDA084088 (1); ANDA210312 (1); ANDA088556 (1); ANDA213660 (1); ANDA204901 (1); ANDA218282 (1); ANDA074289 (1); ANDA205480 (1); ANDA217027 (1); ANDA084575 (1); ANDA204144 (1); ANDA074137 (1); ANDA090503 (1); ANDA215576 (1); ANDA214531 (1); ANDA202010 (1); ANDA206422 (1); BLA761216 (1); ANDA084754 (1); ANDA063009 (1); NDA022399 (1); ANDA216904 (1); ANDA215107 (1); ANDA208494 (1); ANDA217854 (1); ANDA085130 (1); ANDA211776 (1); NDA008316 (1); ANDA202086 (1); ANDA078431 (1); ANDA213923 (1); ANDA213731 (1); ANDA217529 (1); ANDA071093 (1); ANDA085874 (1); ANDA080515 (1); ANDA201025 (1); ANDA206681 (1); NDA019952 (1); ANDA065149 (1); ANDA083125 (1); NDA206426 (1); ANDA205294 (1); NDA206995 (1); ANDA217975 (1); ANDA090534 (1); ANDA091503 (1); ANDA202653 (1); ANDA089266 (1); ANDA077043 (1); ANDA080905 (1); ANDA070753 (1); ANDA084827 (1); ANDA219168 (1); ANDA215924 (1); ANDA077920 (1); ANDA061046 (1); NDA214783 (1); ANDA076395 (1); ANDA062363 (1); ANDA219342 (1); ANDA210763 (1); ANDA071027 (1); ANDA212373 (1); ANDA076525 (1); NDA215487 (1); ANDA203071 (1); ANDA077639 (1); ANDA206725 (1); ANDA215671 (1); ANDA202305 (1); NDA020603 (1); ANDA084675 (1); NDA210661 (1); ANDA211083 (1); NDA020041 (1); NDA201739 (1); NDA010962 (1); ANDA075395 (1); ANDA062343 (1); ANDA076989 (1); ANDA200898 (1); ANDA208174 (1); ANDA063030 (1); NDA018707 (1); ANDA071365 (1); ANDA087452 (1); ANDA203024 (1); ANDA205367 (1); ANDA071924 (1); ANDA207025 (1); ANDA200538 (1); ANDA071763 (1); ANDA079103 (1); ANDA087184 (1); NDA021272 (1); ANDA061966 (1); NDA019807 (1); NDA050514 (1); ANDA040832 (1); NDA205767 (1); ANDA208847 (1); ANDA073497 (1); ANDA083176 (1); ANDA065468 (1); ANDA078043 (1); NDA017608 (1); ANDA202377 (1); ANDA213667 (1); ANDA076405 (1); NDA009127 (1); ANDA077070 (1); ANDA200886 (1); ANDA202493 (1); ANDA210681 (1); ANDA201865 (1); ANDA071487 (1); ANDA070253 (1); ANDA217409 (1); ANDA076400 (1); ANDA065419 (1); ANDA088279 (1); ANDA215479 (1); ANDA207244 (1); BLA017833 (1); ANDA072888 (1); NDA021620 (1); ANDA078476 (1); ANDA086065 (1); ANDA088869 (1); NDA022260 (1); ANDA207562 (1); ANDA075785 (1); ANDA209986 (1); NDA200748 (1); NDA018961 (1); NDA208424 (1); ANDA085363 (1); ANDA075887 (1); NDA019926 (1); ANDA080300 (1); NDA020895 (1); NDA018304 (1); ANDA209422 (1); NDA019350 (1); NDA050218 (1); ANDA210729 (1); NDA019083 (1); ANDA064093 (1); ANDA075141 (1); ANDA210599 (1); ANDA209814 (1); ANDA040861 (1); ANDA070819 (1); ANDA087834 (1); NDA022244 (1); ANDA077255 (1); ANDA084169 (1); ANDA074416 (1); NDA018267 (1); ANDA086221 (1); NDA015230 (1); ANDA205870 (1); ANDA085721 (1); ANDA217482 (1); NDA206627 (1); ANDA216855 (1); NDA020140 (1); ANDA215698 (1); ANDA205791 (1); ANDA076891 (1); ANDA072091 (1); ANDA217031 (1); ANDA089910 (1); ANDA079247 (1); ANDA213412 (1); ANDA091608 (1); BLA761312 (1); ANDA083486 (1); ANDA203320 (1); ANDA212348 (1); ANDA077041 (1); ANDA076761 (1); ANDA215724 (1); ANDA210697 (1); ANDA204602 (1); ANDA074506 (1); ANDA213163 (1); ANDA083797 (1); ANDA088458 (1); ANDA206070 (1); ANDA080138 (1); ANDA084168 (1); ANDA207066 (1); ANDA091212 (1); ANDA202187 (1); ANDA202384 (1); ANDA084279 (1); BLA761137 (1); ANDA214918 (1); ANDA075086 (1); ANDA209721 (1); ANDA071191 (1); ANDA072105 (1); ANDA090310 (1); NDA012148 (1); NDA007517 (1); ANDA083133 (1); ANDA212718 (1); ANDA065027 (1); ANDA200264 (1); ANDA062300 (1); ANDA211075 (1); ANDA208047 (1); NDA203667 (1); ANDA214269 (1); ANDA078305 (1); ANDA216748 (1); ANDA076935 (1); ANDA078666 (1); ANDA087764 (1); ANDA040436 (1); ANDA071459 (1); ANDA216389 (1); ANDA091083 (1); ANDA207631 (1); ANDA215313 (1); ANDA079059 (1); ANDA065275 (1); ANDA072795 (1); ANDA062618 (1); ANDA210018 (1); ANDA077719 (1); ANDA214698 (1); NDA207931 (1); ANDA089416 (1); ANDA091105 (1); NDA201657 (1); ANDA205150 (1); ANDA070170 (1); ANDA207340 (1); ANDA086335 (1); ANDA205215 (1); NDA009165 (1); NDA018503 (1); NDA021729 (1); ANDA078879 (1); ANDA090408 (1); ANDA077157 (1); ANDA083770 (1); ANDA211333 (1); ANDA072547 (1); ANDA071189 (1); ANDA215337 (1); ANDA215503 (1); ANDA087283 (1); ANDA071481 (1); ANDA078966 (1); ANDA208166 (1); NDA018445 (1); ANDA087954 (1); ANDA088827 (1); ANDA060456 (1); NDA018398 (1); ANDA218866 (1); ANDA085202 (1); ANDA205321 (1); ANDA213175 (1); ANDA074326 (1); ANDA083919 (1); ANDA204023 (1); ANDA216624 (1); ANDA089223 (1); ANDA078939 (1); ANDA083805 (1); ANDA209160 (1); NDA016001 (1); ANDA083544 (1); ANDA088872 (1); ANDA040297 (1); ANDA078401 (1); ANDA210203 (1); NDA021073 (1); ANDA078596 (1); ANDA209366 (1); ANDA209916 (1); NDA021300 (1); NDA214096 (1); ANDA206332 (1); ANDA212239 (1); ANDA040106 (1); ANDA207199 (1); NDA021693 (1); ANDA084989 (1); NDA022535 (1); ANDA065211 (1); ANDA089475 (1); ANDA076928 (1); NDA021731 (1); ANDA213086 (1); ANDA079141 (1); ANDA076731 (1); NDA216660 (1); ANDA206998 (1); ANDA214420 (1); ANDA218749 (1); ANDA202970 (1); ANDA040767 (1); ANDA086798 (1); ANDA060736 (1); ANDA073005 (1); ANDA079142 (1); ANDA209539 (1); ANDA201043 (1); ANDA089574 (1); ANDA077915 (1); NDA021790 (1); NDA021314 (1); ANDA200963 (1); ANDA219193 (1); NDA022096 (1); ANDA040568 (1); ANDA217241 (1); ANDA064201 (1); ANDA076455 (1); NDA018335 (1); ANDA077412 (1); NDA208051 (1); ANDA071829 (1); ANDA211247 (1); ANDA208205 (1); NDA207981 (1); ANDA060359 (1); NDA019271 (1); ANDA204748 (1); ANDA085788 (1); ANDA078462 (1); ANDA091185 (1); ANDA070511 (1); ANDA211621 (1); NDA018603 (1); ANDA072092 (1); NDA020747 (1); ANDA070731 (1); ANDA062791 (1); ANDA213302 (1); ANDA086069 (1); ANDA070830 (1); ANDA091414 (1); ANDA074585 (1); NDA208352 (1); ANDA205443 (1); ANDA065061 (1); ANDA074943 (1); ANDA062853 (1); NDA208042 (1); ANDA070381 (1); ANDA211665 (1); ANDA062541 (1); ANDA075099 (1); ANDA218048 (1); ANDA071458 (1); ANDA216278 (1); ANDA088258 (1); ANDA090410 (1); NDA212535 (1); ANDA078630 (1); ANDA213118 (1); ANDA208231 (1); ANDA084766 (1); ANDA087409 (1); NDA011185 (1); ANDA211005 (1); ANDA088664 (1); ANDA203125 (1); NDA019958 (1); ANDA216462 (1); ANDA072299 (1); NDA018168 (1); NDA020938 (1); ANDA204171 (1); ANDA088028 (1); ANDA062118 (1); ANDA207948 (1); ANDA083559 (1); NDA216017 (1); NDA021183 (1); ANDA210183 (1); ANDA077911 (1); NDA021127 (1); ANDA208137 (1); ANDA204662 (1); ANDA216716 (1); ANDA206836 (1); ANDA214186 (1); ANDA065360 (1); ANDA213181 (1); ANDA091190 (1); ANDA212227 (1); ANDA209934 (1); NDA020716 (1); ANDA083087 (1); ANDA090360 (1); ANDA209592 (1); ANDA205987 (1); ANDA074087 (1); ANDA204403 (1); NDA020906 (1); ANDA211011 (1); ANDA202867 (1); ANDA040674 (1); ANDA088864 (1); ANDA212581 (1); ANDA205687 (1); ANDA040134 (1); ANDA075823 (1); NDA017029 (1); ANDA076517 (1); ANDA077152 (1); ANDA090834 (1); ANDA204115 (1); NDA019966 (1); ANDA212262 (1); ANDA070427 (1); ANDA074396 (1); ANDA090975 (1); ANDA065043 (1); ANDA207449 (1); ANDA086184 (1); ANDA086399 (1); NDA021200 (1); ANDA075047 (1); ANDA090942 (1); NDA215500 (1); NDA015103 (1); ANDA087593 (1); ANDA070052 (1); ANDA200914 (1); ANDA218113 (1); ANDA074969 (1); ANDA089396 (1); ANDA206993 (1); NDA204819 (1); ANDA088515 (1); ANDA215759 (1); ANDA074730 (1); ANDA203623 (1); ANDA075505 (1); ANDA206191 (1); ANDA062544 (1); ANDA211484 (1); ANDA206452 (1); ANDA076564 (1); ANDA062747 (1); ANDA089209 (1); ANDA080350 (1); ANDA061398 (1); ANDA090643 (1); ANDA214806 (1); ANDA204632 (1); NDA204369 (1); ANDA214309 (1); ANDA200432 (1); NDA012122 (1); ANDA085128 (1); ANDA211886 (1); NDA218037 (1); ANDA206485 (1); ANDA081025 (1); NDA014763 (1); ANDA086113 (1); ANDA218464 (1); NDA020583 (1); ANDA077413 (1); BLA103532 (1); ANDA211309 (1); ANDA076908 (1); ANDA086450 (1); NDA019118 (1); ANDA218723 (1); ANDA208590 (1); NDA012583 (1); ANDA205022 (1); ANDA078541 (1); ANDA084280 (1); NDA010187 (1); ANDA089000 (1); ANDA202733 (1); ANDA091282 (1); ANDA214467 (1); ANDA060174 (1); ANDA205948 (1); NDA022439 (1); NDA021116 (1); ANDA204872 (1); ANDA204634 (1); NDA050168 (1); NDA203202 (1); ANDA091682 (1); NDA219617 (1); NDA019221 (1); NDA050667 (1); NDA019069 (1); ANDA091379 (1); ANDA204731 (1); ANDA209922 (1); ANDA201998 (1); ANDA040500 (1); ANDA084355 (1); NDA011120 (1); ANDA084850 (1); ANDA209818 (1); ANDA218349 (1); NDA213736 (1); ANDA216129 (1); ANDA075384 (1); ANDA040316 (1); ANDA212289 (1); ANDA080914 (1); ANDA091544 (1); ANDA212451 (1); ANDA217269 (1); ANDA219251 (1); NDA213953 (1); BLA125557 (1); NDA022334 (1); NDA050757 (1); ANDA215687 (1); ANDA060107 (1); ANDA078096 (1); ANDA201566 (1); ANDA207522 (1); ANDA064125 (1); BLA103951 (1); ANDA074124 (1); NDA050143 (1); ANDA209967 (1); ANDA210159 (1); ANDA089109 (1); ANDA205072 (1); ANDA089388 (1); ANDA085630 (1); NDA017814 (1); ANDA087521 (1); ANDA203308 (1); NDA018677 (1); ANDA084632 (1); ANDA077223 (1); ANDA071764 (1); ANDA090740 (1); NDA017653 (1); ANDA078614 (1); ANDA206812 (1); ANDA211170 (1); ANDA216066 (1); NDA019979 (1); ANDA070579 (1); ANDA209452 (1); ANDA060413 (1); ANDA071326 (1); NDA050775 (1); ANDA213139 (1); ANDA088849 (1); ANDA081318 (1); NDA013538 (1); ANDA070630 (1); ANDA089178 (1); ANDA075509 (1); ANDA076378 (1); ANDA065124 (1); ANDA071174 (1); NDA017869 (1); ANDA206909 (1); ANDA091069 (1); ANDA089580 (1); ANDA209206 (1); BLA761113 (1); ANDA075235 (1); ANDA209253 (1); ANDA080748 (1); ANDA207054 (1); NDA018227 (1); NDA009585 (1); ANDA205758 (1); NDA021910 (1); ANDA087144 (1); ANDA085790 (1); ANDA212463 (1); ANDA071043 (1); ANDA078090 (1); NDA216540 (1); NDA217389 (1); ANDA080830 (1); NDA212436 (1); NDA018726 (1); ANDA065475 (1); ANDA076479 (1); ANDA087612 (1); ANDA202676 (1); NDA021485 (1); ANDA077343 (1); NDA021067 (1); NDA212643 (1); ANDA074138 (1); NDA204399 (1); ANDA081319 (1); NDA019633 (1); NDA050608 (1); ANDA200823 (1); NDA021251 (1); BLA017055 (1); ANDA210068 (1); ANDA090107 (1); ANDA204836 (1); ANDA080689 (1); ANDA077239 (1); ANDA076048 (1); NDA209847 (1); ANDA088554 (1); ANDA090308 (1); ANDA209754 (1); ANDA209908 (1); ANDA073106 (1); ANDA218933 (1); ANDA075225 (1); ANDA062559 (1); ANDA061886 (1); ANDA090836 (1); ANDA090776 (1); NDA018021 (1); NDA209949 (1); ANDA074801 (1); ANDA089310 (1); ANDA090651 (1); ANDA216959 (1); ANDA065251 (1); ANDA085735 (1); ANDA208457 (1); ANDA210431 (1); NDA020873 (1); ANDA087243 (1); NDA017675 (1); ANDA089522 (1); ANDA086727 (1); NDA016324 (1); ANDA212060 (1); ANDA072419 (1); NDA021877 (1); ANDA061457 (1); ANDA076215 (1); ANDA214582 (1); NDA050537 (1); ANDA202227 (1); ANDA204054 (1); ANDA214054 (1); ANDA090817 (1); ANDA040481 (1); ANDA087377 (1); BLA761149 (1); ANDA074811 (1); ANDA062860 (1); ANDA080188 (1); ANDA206682 (1); ANDA070373 (1); NDA008048 (1); ANDA090854 (1); BLA021846 (1); ANDA215552 (1); NDA210895 (1); ANDA074602 (1); ANDA083712 (1); ANDA217182 (1); ANDA211973 (1); ANDA075858 (1); ANDA074677 (1); NDA219373 (1); ANDA040272 (1); ANDA089816 (1); ANDA089074 (1); NDA021443 (1); ANDA212680 (1); ANDA214396 (1); ANDA203485 (1); ANDA090943 (1); ANDA086118 (1); NDA215870 (1); ANDA216726 (1); ANDA076575 (1); ANDA216308 (1); ANDA088671 (1); ANDA075671 (1); ANDA065477 (1); ANDA076785 (1); ANDA088726 (1); ANDA209941 (1); ANDA202755 (1); ANDA216279 (1); ANDA084674 (1); ANDA078170 (1); ANDA074672 (1); ANDA074454 (1); ANDA212807 (1); ANDA208396 (1); ANDA208538 (1); ANDA210117 (1); ANDA090079 (1); NDA012967 (1); ANDA217961 (1); NDA019833 (1); ANDA084277 (1); ANDA211278 (1); ANDA217013 (1); ANDA218073 (1); ANDA088077 (1); ANDA212634 (1); ANDA081030 (1); ANDA217268 (1); ANDA084553 (1); ANDA084968 (1); ANDA211847 (1); ANDA218427 (1); NDA019407 (1); NDA021285 (1); ANDA070289 (1); ANDA070727 (1); ANDA091090 (1); ANDA210369 (1); ANDA214192 (1); ANDA090937 (1); ANDA090394 (1); ANDA209565 (1); NDA203922 (1); NDA208558 (1); ANDA076200 (1); BLA021271 (1); ANDA218015 (1); NDA020701 (1); ANDA085755 (1); ANDA202768 (1); ANDA072206 (1); ANDA080691 (1); ANDA089186 (1); ANDA203769 (1); ANDA211496 (1); ANDA076327 (1); ANDA202702 (1); ANDA070449 (1); ANDA207740 (1); NDA020249 (1); ANDA209741 (1); ANDA213320 (1); ANDA062648 (1); ANDA206477 (1); ANDA060576 (1); ANDA063263 (1); NDA203794 (1); ANDA088958 (1); ANDA214549 (1); NDA206014 (1); ANDA203654 (1); ANDA077822 (1); ANDA070194 (1); ANDA071911 (1); ANDA215371 (1); ANDA088289 (1); ANDA213460 (1); ANDA206484 (1); ANDA214777 (1); NDA214937 (1); NDA022122 (1); ANDA072321 (1); ANDA209372 (1); ANDA212335 (1); NDA013174 (1); ANDA087643 (1); NDA019138 (1); ANDA209178 (1); ANDA081099 (1); ANDA209853 (1); NDA001104 (1); NDA021840 (1); ANDA209942 (1); NDA019192 (1); ANDA215788 (1); ANDA213693 (1); ANDA217133 (1); ANDA088697 (1); ANDA080283 (1); ANDA079194 (1); ANDA211396 (1); ANDA205903 (1); ANDA215105 (1); ANDA078472 (1); ANDA090241 (1); ANDA083003 (1); ANDA062297 (1); ANDA207426 (1); ANDA216087 (1); ANDA208829 (1); ANDA040226 (1); ANDA214436 (1); ANDA084831 (1); ANDA211238 (1); ANDA089603 (1); ANDA204236 (1); NDA020508 (1); ANDA070417 (1); ANDA211125 (1); ANDA070348 (1); ANDA210891 (1); ANDA210082 (1); NDA018823 (1); ANDA087914 (1); ANDA070053 (1); ANDA089117 (1); ANDA209424 (1); ANDA212775 (1); ANDA211196 (1); NDA050065 (1); ANDA061734 (1); NDA005213 (1); ANDA078178 (1); ANDA211554 (1); NDA000793 (1); ANDA203660 (1); NDA018316 (1); ANDA090918 (1); ANDA205710 (1); ANDA076118 (1); ANDA214739 (1); ANDA075924 (1); ANDA213362 (1); NDA018009 (1); NDA021529 (1); ANDA091359 (1); NDA020306 (1); ANDA040698 (1); ANDA073034 (1); NDA012366 (1); ANDA085935 (1); ANDA206676 (1); ANDA201524 (1); NDA021103 (1); ANDA208563 (1); ANDA091627 (1); ANDA206864 (1); ANDA085552 (1); NDA018878 (1); ANDA204367 (1); NDA021197 (1); ANDA074749 (1); ANDA203182 (1); ANDA084351 (1); ANDA091265 (1); ANDA219223 (1); ANDA087555 (1); ANDA072945 (1); ANDA070186 (1); ANDA075476 (1); NDA022000 (1); ANDA065483 (1); ANDA216629 (1); ANDA087992 (1); ANDA211818 (1); ANDA210145 (1); ANDA072120 (1); ANDA208256 (1); NDA021380 (1); ANDA202765 (1); ANDA078325 (1); NDA019670 (1); ANDA071918 (1); NDA050576 (1); NDA020325 (1); ANDA072511 (1); ANDA065372 (1); ANDA088358 (1); ANDA206297 (1); ANDA062481 (1); ANDA217770 (1); ANDA071134 (1); NDA018704 (1); ANDA075897 (1); ANDA088910 (1); NDA014214 (1); NDA020398 (1); ANDA076911 (1); ANDA206617 (1); NDA021357 (1); NDA020977 (1); NDA021253 (1); NDA016709 (1); NDA017922 (1); ANDA213185 (1); ANDA078256 (1); NDA022345 (1); ANDA213803 (1); ANDA078327 (1); ANDA086860 (1); NDA019280 (1); ANDA203699 (1); ANDA083938 (1); NDA050715 (1); NDA020812 (1); ANDA217387 (1); ANDA087592 (1); ANDA202819 (1); ANDA210622 (1); ANDA088058 (1); ANDA065418 (1); ANDA077112 (1); ANDA084823 (1); ANDA216692 (1); ANDA060093 (1); NDA018089 (1); NDA018902 (1); ANDA216761 (1); ANDA080738 (1); NDA018833 (1); ANDA211915 (1); ANDA079065 (1); ANDA065017 (1); ANDA065058 (1); ANDA065263 (1); ANDA065340 (1); ANDA084853 (1); ANDA201166 (1); ANDA077356 (1); ANDA203683 (1); NDA017042 (1); ANDA091525 (1); ANDA205482 (1); ANDA216595 (1); ANDA080953 (1); ANDA085883 (1); ANDA212403 (1); ANDA086419 (1); ANDA074949 (1); ANDA090896 (1); NDA017876 (1); ANDA076241 (1); NDA014602 (1); ANDA212579 (1); ANDA205056 (1); ANDA211092 (1); ANDA078312 (1); ANDA081225 (1); ANDA065227 (1); ANDA077446 (1); ANDA083572 (1); ANDA207389 (1); ANDA075343 (1); ANDA211287 (1); ANDA072302 (1); NDA013220 (1); ANDA083877 (1); ANDA214004 (1); ANDA071810 (1); ANDA077801 (1); ANDA202965 (1); ANDA207464 (1); ANDA076822 (1); ANDA209114 (1); ANDA090449 (1); ANDA219151 (1); ANDA089019 (1); BLA761261 (1); ANDA078942 (1); ANDA076890 (1); ANDA204732 (1); ANDA077053 (1); ANDA078042 (1); ANDA078418 (1); NDA022548 (1); ANDA081031 (1); ANDA091177 (1); ANDA062628 (1); ANDA212825 (1); ANDA071382 (1); ANDA062823 (1); ANDA076473 (1); ANDA080677 (1); ANDA072488 (1); ANDA213957 (1); NDA015417 (1); ANDA078748 (1); ANDA072078 (1); ANDA214445 (1); ANDA091157 (1); ANDA202958 (1); ANDA087620 (1); ANDA083560 (1); ANDA086808 (1); ANDA090168 (1); ANDA210236 (1); ANDA210559 (1); ANDA075547 (1); ANDA218498 (1); NDA021545 (1); NDA019434 (1); ANDA219306 (1); ANDA201897 (1); ANDA091668 (1); NDA213983 (1); ANDA079213 (1); BLA761134 (1); ANDA090872 (1); ANDA065345 (1); ANDA078555 (1); ANDA083021 (1); ANDA090017 (1); ANDA212930 (1); ANDA090158 (1); ANDA212232 (1); ANDA085161 (1); NDA008847 (1); ANDA074896 (1); ANDA076955 (1); ANDA077373 (1); ANDA088854 (1); NDA018074 (1); NDA019080 (1); ANDA085037 (1); ANDA070882 (1); NDA019844 (1); ANDA214458 (1); NDA020389 (1); ANDA077870 (1); ANDA217231 (1); ANDA206691 (1); ANDA216605 (1); ANDA219574 (1); ANDA076817 (1); ANDA083806 (1); NDA020649 (1); ANDA077946 (1); ANDA204979 (1); ANDA212615 (1); ANDA074846 (1); ANDA213074 (1); NDA009750 (1); ANDA210043 (1); ANDA211493 (1); NDA012382 (1); NDA011719 (1); ANDA086429 (1); ANDA087417 (1); ANDA090164 (1); ANDA091427 (1); ANDA213090 (1); ANDA088333 (1); NDA210498 (1); ANDA075000 (1); ANDA202686 (1); ANDA203911 (1); ANDA216948 (1); ANDA215835 (1); ANDA213718 (1); ANDA077678 (1); ANDA211492 (1); ANDA071771 (1); ANDA083862 (1); ANDA072993 (1); NDA050512 (1); ANDA204796 (1); ANDA087449 (1); ANDA076812 (1); ANDA205727 (1); ANDA206319 (1); ANDA203475 (1); ANDA211181 (1); ANDA205074 (1); ANDA080783 (1); NDA009149 (1); ANDA207098 (1); ANDA091442 (1); ANDA071028 (1); ANDA078562 (1); ANDA204217 (1); ANDA040471 (1); ANDA077149 (1); ANDA211644 (1); NDA011444 (1); ANDA213587 (1); NDA021383 (1); NDA020658 (1); ANDA200407 (1); ANDA085907 (1); ANDA212260 (1); NDA201820 (1); ANDA212670 (1); ANDA206948 (1); ANDA202260 (1); BLA761102 (1); NDA020829 (1); NDA208711 (1); ANDA089519 (1); ANDA071658 (1); ANDA072090 (1); ANDA040554 (1); ANDA080269 (1); NDA050671 (1); NDA010348 (1); ANDA203661 (1); ANDA204971 (1); ANDA075834 (1); NDA217470 (1); ANDA087584 (1); ANDA080098 (1); NDA202212 (1); ANDA074632 (1); ANDA202537 (1); ANDA089040 (1); NDA208656 (1); ANDA206959 (1); NDA020976 (1); ANDA203481 (1); ANDA087709 (1); NDA013093 (1); ANDA087462 (1); ANDA071248 (1); NDA021505 (1); ANDA071236 (1); ANDA090584 (1); ANDA210634 (1); NDA213721 (1); ANDA065262 (1); ANDA076739 (1); ANDA078009 (1); ANDA083808 (1); ANDA088719 (1); ANDA215604 (1); NDA020297 (1); NDA204353 (1); ANDA071388 (1); ANDA075360 (1); ANDA085319 (1); ANDA061602 (1); ANDA211354 (1); ANDA209687 (1); ANDA208572 (1); ANDA078081 (1); NDA212306 (1); ANDA084645 (1); NDA019685 (1); NDA020509 (1); ANDA040837 (1); ANDA076532 (1); NDA018361 (1); ANDA070787 (1); ANDA086298 (1); ANDA212369 (1); NDA021027 (1); ANDA212580 (1); ANDA070384 (1); NDA010060 (1); NDA022186 (1); ANDA083275 (1); ANDA060625 (1); ANDA074971 (1); NDA006327 (1); ANDA209886 (1); NDA016624 (1); ANDA085720 (1); ANDA210119 (1); ANDA070022 (1); ANDA215106 (1); ANDA090988 (1); ANDA201011 (1); NDA209940 (1); ANDA091300 (1); ANDA087353 (1); ANDA070469 (1); ANDA088137 (1); ANDA088912 (1); NDA012516 (1); ANDA212868 (1); ANDA078605 (1); ANDA084114 (1); ANDA077707 (1); ANDA040507 (1); ANDA201962 (1); ANDA214941 (1); ANDA071553 (1); ANDA040570 (1); ANDA083261 (1); ANDA213116 (1); ANDA207163 (1); ANDA091076 (1); ANDA208031 (1); ANDA214794 (1); ANDA212524 (1); ANDA060384 (1); ANDA071588 (1); NDA018725 (1); ANDA077058 (1); NDA016295 (1); ANDA076236 (1); NDA202258 (1); ANDA083533 (1); ANDA088651 (1); ANDA071965 (1); ANDA200797 (1); NDA050162 (1); ANDA070719 (1); ANDA075039 (1); ANDA065268 (1); ANDA077399 (1); NDA019531 (1); ANDA076192 (1); ANDA091408 (1); ANDA060645 (1); ANDA064033 (1); NDA212593 (1); ANDA205643 (1); NDA205003 (1); NDA017700 (1); ANDA209105 (1); NDA204384 (1); ANDA204396 (1); ANDA076265 (1); ANDA210509 (1); ANDA090246 (1); ANDA087157 (1); ANDA073611 (1); NDA050684 (1); ANDA216547 (1); ANDA071814 (1); ANDA217183 (1); ANDA089586 (1); NDA021022 (1); ANDA208809 (1); ANDA085466 (1); NDA018962 (1); NDA050639 (1); ANDA204093 (1); ANDA075041 (1); ANDA088937 (1); ANDA075828 (1); NDA050606 (1); NDA019766 (1); NDA202895 (1); NDA012141 (1); ANDA089063 (1); ANDA079044 (1); ANDA060392 (1); ANDA080082 (1); ANDA208247 (1); NDA008826 (1); ANDA208832 (1); ANDA064217 (1); ANDA213592 (1); ANDA207651 (1); ANDA077610 (1); NDA020657 (1); ANDA040838 (1); ANDA077215 (1); ANDA078301 (1); NDA212576 (1); ANDA089072 (1); ANDA074588 (1); ANDA085163 (1); NDA016695 (1); ANDA213223 (1); ANDA064071 (1); ANDA209582 (1); ANDA217669 (1); ANDA085381 (1); NDA216655 (1); ANDA073030 (1); ANDA216050 (1); ANDA085166 (1); ANDA074110 (1); ANDA078102 (1); ANDA200901 (1); NDA012623 (1); ANDA215456 (1); ANDA040603 (1); ANDA084026 (1); ANDA203236 (1); ANDA091063 (1); NDA022159 (1); ANDA219118 (1); ANDA203837 (1); ANDA209308 (1); ANDA213266 (1); NDA021471 (1); ANDA200456 (1); ANDA061449 (1); ANDA078003 (1); ANDA076999 (1); ANDA084385 (1); ANDA061755 (1); ANDA208923 (1); ANDA210186 (1); ANDA040780 (1); ANDA076189 (1); ANDA081068 (1); ANDA074616 (1); ANDA083610 (1); ANDA207124 (1); ANDA060306 (1); ANDA212022 (1); NDA215272 (1); ANDA213130 (1); NDA202872 (1); ANDA040564 (1); ANDA209408 (1); ANDA204094 (1); ANDA217990 (1); ANDA088373 (1); NDA018887 (1); ANDA040548 (1); NDA022068 (1); NDA206025 (1); ANDA040161 (1); ANDA083383 (1); ANDA088089 (1); ANDA079182 (1); ANDA061220 (1); ANDA070443 (1); ANDA078806 (1); NDA016029 (1); ANDA077496 (1); ANDA076576 (1); ANDA208322 (1); ANDA090439 (1); ANDA077430 (1); ANDA210036 (1); ANDA090377 (1); ANDA217431 (1); ANDA075855 (1); ANDA202644 (1); ANDA210321 (1); ANDA215089 (1); ANDA071205 (1); ANDA213523 (1); NDA208411 (1); ANDA074895 (1); ANDA077458 (1); NDA209589 (1); ANDA083666 (1); ANDA214454 (1); NDA021387 (1); ANDA075106 (1); ANDA077068 (1); NDA018312 (1); ANDA090028 (1); ANDA203931 (1); ANDA065053 (1); ANDA091261 (1); NDA021009 (1); ANDA088936 (1); ANDA090745 (1); NDA007529 (1); ANDA204831 (1); ANDA205696 (1); ANDA040309 (1); ANDA040273 (1); ANDA079120 (1); NDA018562 (1); ANDA090379 (1); NDA022348 (1); ANDA080398 (1); ANDA078941 (1); ANDA078997 (1); ANDA077336 (1); ANDA215908 (1); ANDA216828 (1); ANDA217683 (1); ANDA217561 (1); ANDA085588 (1); ANDA205071 (1); NDA208984 (1); ANDA062788 (1); ANDA209088 (1); NDA019515 (1); ANDA079158 (1); ANDA086523 (1); ANDA217920 (1); ANDA208991 (1); ANDA204928 (1); NDA016798 (1); ANDA213361 (1); ANDA213524 (1); NDA018264 (1); ANDA211047 (1); ANDA086277 (1); ANDA065294 (1); ANDA062586 (1); ANDA064047 (1); NDA013295 (1); ANDA204910 (1); ANDA217923 (1); ANDA062563 (1); ANDA076179 (1); NDA010656 (1); NDA211288 (1); ANDA072065 (1); NDA050202 (1); ANDA074333 (1); ANDA076764 (1); ANDA078367 (1); ANDA078442 (1); ANDA072421 (1); NDA021142 (1); NDA016235 (1); ANDA218863 (1); ANDA081129 (1); ANDA073118 (1); ANDA078395 (1); ANDA212219 (1); ANDA214924 (1); ANDA216234 (1); ANDA215433 (1); ANDA208953 (1); ANDA090874 (1); ANDA085497 (1); ANDA212387 (1); NDA214622 (1); ANDA076001 (1); ANDA040622 (1); ANDA211820 (1); ANDA204005 (1); ANDA217600 (1); ANDA077600 (1); ANDA086824 (1); NDA017413 (1); ANDA088190 (1); ANDA085340 (1); ANDA206295 (1); ANDA084332 (1); ANDA214336 (1); ANDA205936 (1); ANDA219365 (1); NDA017036 (1); ANDA204574 (1); ANDA071343 (1); ANDA215981 (1); ANDA080301 (1); ANDA204437 (1); ANDA083857 (1); ANDA216269 (1); ANDA074510 (1); ANDA209281 (1); ANDA202962 (1); ANDA207067 (1); ANDA213579 (1); ANDA090492 (1); ANDA063167 (1); NDA211810 (1); ANDA080371 (1); ANDA090288 (1); ANDA072089 (1); ANDA217885 (1); ANDA079205 (1); ANDA086109 (1); NDA050792 (1); ANDA078694 (1); ANDA219119 (1); ANDA203135 (1); ANDA071192 (1); ANDA076307 (1); ANDA091482 (1); ANDA210732 (1); ANDA206713 (1); ANDA217380 (1); ANDA086398 (1); ANDA212931 (1); ANDA080753 (1); ANDA077571 (1); NDA204114 (1); ANDA076712 (1); ANDA076486 (1); ANDA206238 (1); ANDA070981 (1); ANDA206411 (1); ANDA089884 (1); ANDA084769 (1); ANDA077469 (1); ANDA211445 (1); NDA021130 (1); ANDA217882 (1); ANDA086420 (1); ANDA202178 (1); ANDA211669 (1); ANDA040320 (1); ANDA071702 (1); ANDA077584 (1); ANDA213806 (1); NDA008975 (1); ANDA210004 (1); ANDA088524 (1); ANDA208303 (1); ANDA073353 (1); ANDA217626 (1); ANDA087083 (1); ANDA083342 (1); ANDA040261 (1); ANDA085276 (1); BLA103628 (1); ANDA086155 (1); ANDA213590 (1); ANDA090845 (1); ANDA074505 (1); ANDA205300 (1); ANDA087274 (1); NDA202107 (1); ANDA076934 (1); ANDA211461 (1); ANDA215126 (1); ANDA078338 (1); NDA021483 (1); ANDA205192 (1); ANDA209613 (1); ANDA040445 (1); ANDA211026 (1); ANDA077198 (1); NDA050729 (1); ANDA091429 (1); ANDA070454 (1); ANDA217055 (1); ANDA218751 (1); NDA020532 (1); ANDA206557 (1); ANDA208097 (1); NDA017558 (1); NDA050784 (1); ANDA216441 (1); ANDA213614 (1); ANDA207721 (1); ANDA076427 (1); ANDA075183 (1); ANDA091114 (1); ANDA085204 (1); ANDA215087 (1); ANDA207506 (1); ANDA070425 (1); NDA020234 (1); ANDA214065 (1); NDA050628 (1); ANDA070863 (1); ANDA086222 (1); NDA018261 (1); ANDA070680 (1); ANDA074904 (1); ANDA206751 (1); ANDA075839 (1); ANDA212027 (1); ANDA211919 (1); NDA208313 (1); ANDA065515 (1); ANDA205532 (1); NDA201110 (1); NDA019492 (1); ANDA212332 (1); ANDA202961 (1); NDA017518 (1); ANDA083750 (1); NDA019976 (1); ANDA200925 (1); ANDA216620 (1); ANDA213093 (1); ANDA208756 (1); ANDA061655 (1); ANDA076568 (1); NDA020742 (1); ANDA074974 (1); ANDA085672 (1); ANDA202217 (1); ANDA040813 (1); ANDA040015 (1); ANDA213648 (1); NDA215033 (1); ANDA085884 (1); NDA021097 (1); NDA017078 (1); ANDA060074 (1); ANDA075143 (1); NDA020755 (1); NDA201922 (1); ANDA213766 (1); ANDA204418 (1); ANDA209015 (1); ANDA090974 (1); ANDA085689 (1); ANDA216424 (1); ANDA075976 (1); NDA019012 (1); ANDA204983 (1); NDA205832 (1); ANDA075583 (1); ANDA062863 (1); ANDA212700 (1); NDA021793 (1); ANDA204817 (1); ANDA203691 (1); NDA021260 (1); ANDA070375 (1); ANDA212183 (1); ANDA090195 (1); ANDA074225 (1); ANDA078710 (1); ANDA072193 (1); ANDA090799 (1); NDA016466 (1); ANDA216517 (1); ANDA217741 (1); ANDA078830 (1); BLA761363 (1); ANDA086576 (1); ANDA215557 (1); ANDA208625 (1); NDA211225 (1); ANDA214867 (1); ANDA060173 (1); ANDA071088 (1); NDA050131 (1); ANDA216995 (1); ANDA206376 (1); ANDA080001 (1); ANDA089853 (1); ANDA218383 (1); ANDA089717 (1); ANDA091268 (1); ANDA062124 (1); ANDA202525 (1); ANDA209796 (1); ANDA085997 (1); NDA016126 (1); ANDA062869 (1); ANDA206662 (1); ANDA215607 (1); ANDA204968 (1); ANDA212091 (1); ANDA065306 (1); ANDA077631 (1); NDA021382 (1); ANDA079198 (1); ANDA064141 (1); ANDA078213 (1); ANDA040083 (1); ANDA090404 (1); ANDA212760 (1); ANDA089047 (1); ANDA085540 (1); NDA050719 (1); ANDA208060 (1); ANDA062364 (1); ANDA207133 (1); ANDA208077 (1); ANDA089558 (1); ANDA088207 (1); ANDA202928 (1); ANDA209605 (1); NDA020619 (1); ANDA217069 (1); NDA017980 (1); ANDA072001 (1); ANDA216384 (1); ANDA087408 (1); ANDA040612 (1); ANDA075071 (1); ANDA077863 (1); NDA018076 (1); ANDA062752 (1); ANDA076537 (1); ANDA211465 (1); NDA050195 (1); NDA202091 (1); ANDA088990 (1); ANDA062961 (1); ANDA090304 (1); ANDA078584 (1); ANDA210597 (1); ANDA090712 (1); ANDA091370 (1); ANDA200435 (1); ANDA074405 (1); ANDA087509 (1); ANDA202359 (1); NDA019466 (1); ANDA212965 (1); ANDA212987 (1); ANDA071939 (1); ANDA070189 (1); NDA020774 (1); ANDA206512 (1); ANDA210716 (1); ANDA088511 (1); NDA206255 (1); ANDA071446 (1); ANDA090382 (1); ANDA208340 (1); ANDA070783 (1); ANDA218434 (1); ANDA205504 (1); ANDA202044 (1); NDA018232 (1); ANDA070938 (1); ANDA074251 (1); ANDA206807 (1); NDA021835 (1); NDA019387 (1); ANDA217563 (1); ANDA078065 (1); ANDA205407 (1); NDA050509 (1); ANDA077071 (1); NDA021849 (1); ANDA077360 (1); ANDA217467 (1); ANDA062307 (1); ANDA089406 (1); ANDA090141 (1); NDA203094 (1); ANDA070778 (1); ANDA084615 (1); ANDA200675 (1); ANDA212635 (1); NDA022157 (1); ANDA207037 (1); ANDA214892 (1); ANDA091095 (1); ANDA084233 (1); ANDA040215 (1); ANDA211388 (1); ANDA216038 (1); ANDA060285 (1); ANDA073582 (1); ANDA074462 (1); ANDA215440 (1); ANDA071255 (1); NDA018730 (1); ANDA091149 (1); NDA200179 (1); ANDA208204 (1); ANDA205869 (1); ANDA070000 (1); NDA011961 (1); NDA214962 (1); ANDA076232 (1); ANDA206151 (1); NDA200623 (1); ANDA079133 (1); ANDA211592 (1); NDA012102 (1); ANDA088562 (1); ANDA065064 (1); ANDA202775 (1); ANDA071239 (1); ANDA079184 (1); ANDA083123 (1); ANDA213730 (1); NDA019422 (1); NDA020796 (1); ANDA085118 (1); ANDA209102 (1); NDA011814 (1); ANDA088125 (1); ANDA086865 (1); ANDA209061 (1); NDA018252 (1); NDA020980 (1); NDA022537 (1); ANDA077790 (1); NDA209363 (1); ANDA065210 (1); ANDA087387 (1); ANDA088802 (1); NDA021313 (1); ANDA074443 (1); NDA022142 (1); ANDA207064 (1); ANDA086207 (1); NDA017957 (1); NDA209805 (1); ANDA215537 (1); ANDA091623 (1); ANDA209283 (1); NDA018948 (1); ANDA091620 (1); ANDA207835 (1); ANDA074331 (1); NDA214278 (1); ANDA062459 (1); ANDA202390 (1); ANDA202975 (1); ANDA217707 (1); ANDA208327 (1); ANDA217881 (1); ANDA073382 (1); ANDA076187 (1); ANDA072579 (1); ANDA070856 (1); ANDA214611 (1); ANDA072655 (1); ANDA090568 (1); ANDA216114 (1); NDA019044 (1); ANDA212469 (1); NDA205410 (1); ANDA077087 (1); ANDA203122 (1); ANDA040259 (1); ANDA062598 (1); ANDA074303 (1); ANDA217504 (1); NDA018831 (1); NDA214253 (1); ANDA208070 (1); ANDA202840 (1); ANDA203802 (1); NDA020298 (1); ANDA076171 (1); ANDA086876 (1); ANDA075682 (1); ANDA205095 (1); ANDA091485 (1); ANDA077092 (1); ANDA215568 (1); ANDA080774 (1); ANDA215059 (1); ANDA091662 (1); ANDA203844 (1); ANDA086067 (1); NDA216018 (1); ANDA080097 (1); ANDA207588 (1); ANDA204899 (1); ANDA091049 (1); ANDA070939 (1); ANDA076108 (1); ANDA215713 (1); NDA204508 (1); ANDA074519 (1); ANDA088826 (1); ANDA202836 (1); ANDA074574 (1); ANDA204504 (1); ANDA208834 (1); ANDA216512 (1); ANDA207851 (1); ANDA064063 (1); ANDA071786 (1); ANDA209000 (1); ANDA216300 (1); ANDA090934 (1); ANDA205647 (1); NDA018998 (1); ANDA076312 (1); ANDA088326 (1); NDA211723 (1); ANDA062198 (1); ANDA200855 (1); NDA020805 (1); ANDA211601 (1); ANDA040908 (1); ANDA203613 (1); ANDA070082 (1); ANDA207378 (1); ANDA091577 (1); ANDA090839 (1); ANDA071259 (1); NDA215039 (1); ANDA072517 (1); ANDA213962 (1); BLA761343 (1); ANDA040163 (1); ANDA075852 (1); NDA017454 (1); ANDA207786 (1); ANDA074538 (1); ANDA217090 (1); ANDA071367 (1); ANDA070695 (1); ANDA088847 (1); ANDA210993 (1); ANDA089402 (1); ANDA212300 (1); ANDA078438 (1); NDA017430 (1); ANDA089003 (1); ANDA090446 (1); ANDA212263 (1); ANDA091467 (1); ANDA209944 (1); ANDA202660 (1); ANDA040872 (1); NDA019059 (1); ANDA088557 (1); ANDA083772 (1); ANDA040505 (1); ANDA090018 (1); NDA019435 (1); NDA021470 (1); ANDA212929 (1); ANDA080626 (1); ANDA071754 (1); NDA205641 (1); NDA016936 (1); ANDA077628 (1); ANDA072728 (1); ANDA065425 (1); ANDA086996 (1); ANDA206087 (1); ANDA078593 (1); ANDA070457 (1); ANDA085695 (1); ANDA213423 (1); ANDA212257 (1); ANDA065434 (1); ANDA209018 (1); ANDA213658 (1); BLA021665 (1); ANDA090323 (1); ANDA076773 (1); NDA020062 (1); ANDA076049 (1); NDA020415 (1); ANDA072538 (1); ANDA076393 (1); NDA050616 (1); ANDA076089 (1); NDA021795 (1); ANDA087695 (1); NDA202806 (1); ANDA204299 (1); ANDA209225 (1); ANDA089696 (1); ANDA091654 (1); NDA017473 (1); NDA022102 (1); ANDA076278 (1); ANDA086348 (1); NDA018938 (1); NDA205626 (1); ANDA070252 (1); ANDA071674 (1); ANDA210457 (1); ANDA210588 (1); ANDA078403 (1); ANDA077873 (1); ANDA088128 (1); ANDA209694 (1); ANDA040594 (1); ANDA077317 (1); ANDA203751 (1); ANDA216082 (1); NDA007600 (1); NDA019593 (1); ANDA081097 (1); ANDA076191 (1); NDA217062 (1); NDA203856 (1); ANDA203233 (1); ANDA203710 (1); ANDA211292 (1); ANDA218173 (1); ANDA040310 (1); ANDA089111 (1); ANDA208420 (1); ANDA208580 (1); NDA021861 (1); ANDA065348 (1); ANDA064187 (1); ANDA211163 (1); NDA009218 (1); ANDA062328 (1); ANDA214071 (1); NDA020410 (1); ANDA075132 (1); ANDA075689 (1); ANDA206340 (1); ANDA071766 (1); ANDA213703 (1); ANDA203987 (1); ANDA070730 (1); ANDA206523 (1); ANDA091612 (1); ANDA213621 (1); NDA205817 (1); ANDA079148 (1); ANDA089624 (1); ANDA209950 (1); NDA022003 (1); ANDA076230 (1); ANDA089740 (1); ANDA213665 (1); NDA020504 (1); ANDA084148 (1); ANDA040322 (1); NDA209670 (1); ANDA206952 (1); ANDA088144 (1); ANDA076521 (1); NDA018776 (1); ANDA064097 (1); ANDA085164 (1); ANDA078412 (1); ANDA209390 (1); ANDA091209 (1); ANDA084402 (1); ANDA090732 (1); ANDA218350 (1); ANDA084408 (1); ANDA218632 (1); ANDA088686 (1); ANDA075151 (1); ANDA202716 (1); ANDA076322 (1); ANDA064170 (1); ANDA076639 (1); NDA021203 (1); NDA021780 (1); NDA215014 (1); ANDA213757 (1); ANDA091374 (1); ANDA208339 (1); ANDA213999 (1); ANDA208443 (1); ANDA088708 (1); ANDA085055 (1); ANDA215766 (1); ANDA215254 (1); ANDA216446 (1); ANDA085010 (1); ANDA207773 (1); ANDA203145 (1); ANDA071489 (1); NDA204781 (1); ANDA214957 (1); ANDA071002 (1); ANDA078070 (1); ANDA206134 (1); ANDA072687 (1); ANDA206768 (1); ANDA203012 (1); ANDA077270 (1); ANDA083658 (1); ANDA202462 (1); NDA020035 (1); ANDA060007 (1); ANDA215381 (1); ANDA085583 (1); ANDA215838 (1); ANDA211038 (1); ANDA214849 (1); ANDA218532 (1); ANDA070274 (1); ANDA215232 (1); ANDA200690 (1); ANDA213041 (1); BLA761077 (1); ANDA209460 (1); BLA761063 (1); ANDA208659 (1); ANDA215169 (1); ANDA075352 (1); ANDA080992 (1); ANDA075095 (1); ANDA078936 (1); ANDA089114 (1); ANDA087141 (1); ANDA078239 (1); ANDA200562 (1); NDA013157 (1); ANDA202803 (1); ANDA078114 (1); ANDA075184 (1); ANDA072706 (1); NDA021958 (1); ANDA209345 (1); NDA018310 (1); NDA021516 (1); ANDA062409 (1); ANDA072307 (1); ANDA074808 (1); ANDA087459 (1); ANDA201658 (1); NDA204426 (1); ANDA083799 (1); ANDA077711 (1); ANDA080908 (1); ANDA085937 (1); NDA021658 (1); ANDA070070 (1); ANDA040372 (1); ANDA076285 (1); ANDA040778 (1); ANDA211058 (1); ANDA207805 (1); ANDA088015 (1); ANDA206762 (1); ANDA040409 (1); ANDA203605 (1); ANDA076884 (1); ANDA074777 (1); ANDA214230 (1); ANDA076169 (1); ANDA213091 (1); ANDA206530 (1); ANDA215236 (1); ANDA079179 (1); ANDA063282 (1); NDA022113 (1); NDA018747 (1); ANDA071122 (1); ANDA088030 (1); ANDA020167 (1); ANDA203436 (1); ANDA087122 (1); ANDA216965 (1); ANDA088771 (1); ANDA219212 (1); ANDA212612 (1); NDA207315 (1); NDA021165 (1); NDA020951 (1); NDA018891 (1); NDA017687 (1); ANDA090424 (1); ANDA209705 (1); ANDA073192 (1); NDA018904 (1); NDA020922 (1); ANDA040529 (1); ANDA086580 (1); NDA019596 (1); ANDA211794 (1); NDA021490 (1); ANDA040044 (1); ANDA083546 (1); ANDA215138 (1); ANDA077221 (1); ANDA080732 (1); ANDA087059 (1); ANDA065003 (1); ANDA064145 (1); ANDA205035 (1); ANDA077277 (1); ANDA072408 (1); ANDA086433 (1); ANDA204330 (1); ANDA085376 (1); ANDA201963 (1); ANDA084976 (1); ANDA064164 (1); ANDA072021 (1); NDA217700 (1); ANDA204720 (1); NDA050634 (1); ANDA212667 (1); ANDA073458 (1); NDA019319 (1); NDA017636 (1); ANDA073381 (1); ANDA075299 (1); ANDA206868 (1); NDA021369 (1); ANDA211799 (1); NDA020448 (1); ANDA088713 (1); ANDA088059 (1); ANDA217213 (1); ANDA089536 (1); BLA761043 (1); ANDA091003 (1); ANDA207218 (1); NDA204427 (1); ANDA070106 (1); ANDA211487 (1); ANDA215574 (1); NDA020471 (1); NDA209816 (1); ANDA204118 (1); ANDA213913 (1); NDA022359 (1); NDA021378 (1); ANDA212784 (1); ANDA018659 (1); ANDA084423 (1); ANDA203602 (1); ANDA208505 (1); ANDA207698 (1); ANDA213836 (1); ANDA077899 (1); ANDA203126 (1); ANDA214552 (1); ANDA208754 (1); ANDA212933 (1); ANDA217401 (1); NDA021964 (1); ANDA213720 (1); ANDA076803 (1); ANDA071668 (1); ANDA087487 (1); ANDA076610 (1); ANDA205295 (1); ANDA074545 (1); NDA019776 (1); NDA020387 (1); ANDA078235 (1); NDA022462 (1); ANDA211314 (1); ANDA075559 (1); BLA103979 (1); ANDA040883 (1); NDA019536 (1); ANDA206694 (1); NDA008762 (1); ANDA210543 (1); ANDA206021 (1); NDA019121 (1); NDA020303 (1); ANDA203835 (1); ANDA078828 (1); ANDA071742 (1); ANDA204704 (1); ANDA087525 (1); BLA761081 (1); NDA017321 (1); ANDA071682 (1); ANDA089465 (1); BLA761107 (1); ANDA077296 (1); ANDA080952 (1); ANDA072123 (1); ANDA077405 (1); ANDA216966 (1); NDA018849 (1); ANDA078692 (1); ANDA208295 (1); ANDA090972 (1); ANDA086504 (1); ANDA204686 (1); ANDA212814 (1); ANDA203924 (1); NDA020037 (1); ANDA088828 (1); ANDA086735 (1); ANDA213823 (1); NDA018522 (1); ANDA073399 (1); ANDA077932 (1); ANDA080326 (1); ANDA070325 (1); ANDA208067 (1); ANDA075110 (1); ANDA070269 (1); ANDA203307 (1); ANDA210765 (1); ANDA212309 (1); ANDA091168 (1); ANDA201722 (1); ANDA088865 (1); ANDA070868 (1); ANDA208578 (1); ANDA090757 (1); NDA012462 (1); NDA020465 (1); ANDA214501 (1); ANDA201090 (1); ANDA091406 (1); NDA019735 (1); NDA016099 (1); ANDA076708 (1); ANDA083246 (1); BLA761394 (1); ANDA091412 (1); ANDA071086 (1); NDA022350 (1); ANDA086273 (1); ANDA089367 (1); ANDA060586 (1); ANDA211695 (1); ANDA084743 (1); ANDA202688 (1); ANDA213521 (1); ANDA091540 (1); ANDA090590 (1); ANDA089201 (1); NDA021346 (1); ANDA090250 (1); NDA208385 (1); ANDA091051 (1); NDA050594 (1); NDA213189 (1); ANDA214920 (1); ANDA040885 (1); NDA205711 (1); ANDA203897 (1); NDA211672 (1); ANDA074686 (1); NDA019456 (1); ANDA071686 (1); ANDA090019 (1); ANDA072986 (1); ANDA084709 (1); NDA208144 (1); NDA204485 (1); ANDA202506 (1); ANDA071741 (1); ANDA213321 (1); ANDA071024 (1); ANDA215464 (1); ANDA080635 (1); ANDA202732 (1); ANDA090217 (1); ANDA202346 (1); ANDA209890 (1); ANDA213294 (1); ANDA204669 (1); ANDA073443 (1); ANDA085170 (1); ANDA071017 (1); ANDA212730 (1); NDA202171 (1); ANDA210740 (1); ANDA081049 (1); ANDA217453 (1); NDA204640 (1); NDA021438 (1); ANDA216233 (1); ANDA062142 (1); ANDA074017 (1); NDA208171 (1); ANDA212490 (1); ANDA070191 (1); ANDA204083 (1); ANDA087666 (1); NDA018242 (1); ANDA077391 (1); ANDA206552 (1); ANDA209951 (1); ANDA208833 (1); NDA020126 (1); ANDA214475 (1); NDA021163 (1); ANDA208200 (1); ANDA212058 (1); ANDA201615 (1); ANDA073115 (1); NDA012111 (1); ANDA077541 (1); ANDA088461 (1); ANDA091169 (1); ANDA215516 (1); ANDA210334 (1); ANDA062718 (1); ANDA200915 (1); ANDA215541 (1); NDA011047 (1); ANDA200563 (1); ANDA077406 (1); ANDA203725 (1); ANDA212367 (1); ANDA078035 (1); ANDA070640 (1); ANDA208308 (1); ANDA077115 (1); ANDA090719 (1); ANDA090080 (1); ANDA040797 (1); ANDA077650 (1); ANDA040478 (1); ANDA065062 (1); NDA211415 (1); NDA007335 (1); ANDA077850 (1); ANDA213053 (1); ANDA085009 (1); ANDA087439 (1); ANDA075082 (1); ANDA086763 (1); ANDA063063 (1); NDA020918 (1); ANDA040101 (1); NDA205750 (1); ANDA078270 (1); ANDA083387 (1); ANDA214287 (1); NDA203049 (1); ANDA086423 (1); ANDA213183 (1); NDA020732 (1); ANDA087776 (1); NDA207949 (1); ANDA202592 (1); ANDA084510 (1); ANDA062882 (1); ANDA088367 (1); ANDA072744 (1); NDA010485 (1); NDA209777 (1); ANDA065148 (1); ANDA086698 (1); ANDA205961 (1); ANDA216193 (1); BLA761068 (1); NDA021440 (1); ANDA070437 (1); ANDA202677 (1); ANDA209429 (1); ANDA205757 (1); NDA009631 (1); ANDA205775 (1); ANDA085870 (1); ANDA062522 (1); ANDA206652 (1); ANDA205573 (1); ANDA040423 (1); ANDA083299 (1); ANDA209866 (1); ANDA088824 (1); NDA206610 (1); ANDA077132 (1); NDA201656 (1); ANDA206456 (1); ANDA040277 (1); ANDA090767 (1); ANDA086183 (1); ANDA090239 (1); ANDA075485 (1); NDA012402 (1); ANDA074911 (1); ANDA072824 (1); ANDA077165 (1); NDA021586 (1); ANDA216909 (1); NDA050596 (1); ANDA065457 (1); NDA021858 (1); ANDA062800 (1); ANDA077681 (1); NDA012154 (1); ANDA075468 (1); ANDA062476 (1); NDA020626 (1); ANDA078888 (1); ANDA209407 (1); ANDA206607 (1); NDA019374 (1); ANDA214980 (1); ANDA076144 (1); ANDA203969 (1); ANDA208594 (1); ANDA074819 (1); ANDA078789 (1); ANDA215351 (1); ANDA088352 (1); ANDA040759 (1); ANDA089529 (1); ANDA204051 (1); ANDA062474 (1); NDA050138 (1); ANDA061910 (1); ANDA211401 (1); ANDA208691 (1); ANDA086712 (1); ANDA207100 (1); ANDA077811 (1); ANDA088176 (1); ANDA201835 (1); ANDA080215 (1); ANDA086195 (1); ANDA091030 (1); ANDA078776 (1); NDA017917 (1); ANDA206917 (1); ANDA065451 (1); ANDA071013 (1); ANDA215612 (1); ANDA085079 (1); NDA214846 (1); ANDA086796 (1); ANDA088282 (1); ANDA211880 (1); NDA012427 (1); ANDA203500 (1); ANDA076303 (1); ANDA090098 (1); BLA022175 (1); ANDA078190 (1); ANDA204853 (1); ANDA210025 (1); ANDA212971 (1); BLA761228 (1); ANDA075496 (1); ANDA210712 (1); ANDA215777 (1); NDA208854 (1); ANDA088237 (1); ANDA206997 (1); ANDA087867 (1); ANDA207476 (1); ANDA072854 (1); ANDA090773 (1); NDA019057 (1); NDA020193 (1); NDA210134 (1); ANDA078537 (1); ANDA078134 (1); ANDA215599 (1); ANDA072731 (1); ANDA090269 (1); ANDA210172 (1); ANDA080903 (1); NDA018656 (1); ANDA214058 (1); NDA050785 (1); ANDA217308 (1); ANDA088024 (1); ANDA203838 (1); ANDA210302 (1); ANDA089033 (1); ANDA078282 (1); ANDA091053 (1); NDA019667 (1); NDA009866 (1); ANDA215661 (1); ANDA216582 (1); ANDA077802 (1); ANDA091341 (1); ANDA089472 (1); ANDA086369 (1); ANDA091102 (1); NDA021156 (1); ANDA206531 (1); NDA019353 (1); ANDA203738 (1); ANDA080025 (1); ANDA206233 (1); BLA019717 (1); NDA017741 (1); ANDA074963 (1); BLA761059 (1); ANDA090613 (1); ANDA074784 (1); ANDA212355 (1); NDA219709 (1); ANDA074625 (1); ANDA071098 (1); ANDA205007 (1); ANDA040864 (1); NDA018237 (1); ANDA081203 (1); ANDA089152 (1); NDA050632 (1); ANDA214616 (1); ANDA074817 (1); ANDA074926 (1); ANDA207633 (1); ANDA215998 (1); ANDA064165 (1); ANDA080236 (1); ANDA063038 (1); ANDA060099 (1); NDA006213 (1); ANDA084991 (1); ANDA210658 (1); NDA021399 (1); BLA021884 (1); ANDA079232 (1); ANDA061613 (1); NDA014349 (1); ANDA207320 (1); NDA201023 (1); ANDA077975 (1); ANDA074250 (1); ANDA214369 (1); ANDA203898 (1); NDA021853 (1); ANDA201402 (1); ANDA077525 (1); NDA017685 (1); ANDA206701 (1); ANDA085020 (1); BLA103949 (1); ANDA088675 (1); NDA018580 (1); ANDA212128 (1); ANDA077901 (1); ANDA074914 (1); ANDA210194 (1); NDA019152 (1); NDA215413 (1); ANDA206805 (1); NDA007320 (1); NDA018249 (1); ANDA090867 (1); ANDA077205 (1); ANDA207209 (1); ANDA075243 (1); ANDA217272 (1); ANDA074414 (1); ANDA088257 (1); ANDA085691 (1); ANDA089179 (1); NDA020340 (1); ANDA040240 (1); BLA125085 (1); NDA020828 (1); ANDA083134 (1); ANDA062107 (1); ANDA085339 (1); NDA018026 (1); BLA761346 (1); ANDA218779 (1); NDA021341 (1); NDA016211 (1); ANDA077567 (1); NDA018358 (1); ANDA074349 (1); ANDA070585 (1); ANDA070185 (1); BLA761313 (1); ANDA089170 (1); NDA018588 (1); ANDA070041 (1); ANDA090468 (1); ANDA218437 (1); ANDA206687 (1); NDA017710 (1); NDA020808 (1); ANDA076810 (1); ANDA214569 (1); ANDA205031 (1); ANDA089590 (1); BLA761082 (1); ANDA078894 (1); ANDA211796 (1); ANDA087567 (1); ANDA071524 (1); ANDA212256 (1); ANDA086562 (1); ANDA088530 (1); ANDA209468 (1); NDA016809 (1); NDA216632 (1); ANDA070122 (1); ANDA089249 (1); ANDA085868 (1); ANDA210915 (1); ANDA071265 (1); ANDA075563 (1); ANDA073000 (1); ANDA076663 (1); ANDA062447 (1); ANDA217796 (1); ANDA064148 (1); ANDA080522 (1); ANDA062781 (1); ANDA088242 (1); NDA016696 (1); ANDA207411 (1); ANDA063161 (1); ANDA060404 (1); ANDA086551 (1); ANDA078131 (1); ANDA204782 (1); ANDA090521 (1); NDA022541 (1); ANDA062751 (1); ANDA071523 (1); ANDA073495 (1); ANDA075650 (1); NDA019626 (1); ANDA076544 (1); ANDA203650 (1); ANDA217126 (1); ANDA075764 (1); NDA019527 (1); ANDA076961 (1); ANDA084394 (1); ANDA076968 (1); ANDA074815 (1); ANDA084910 (1); ANDA212765 (1); NDA212045 (1); ANDA084294 (1); ANDA077345 (1); ANDA218253 (1); ANDA071250 (1); ANDA073144 (1); BLA021081 (1); ANDA070307 (1); NDA050587 (1); ANDA076103 (1); ANDA212185 (1); ANDA217061 (1); ANDA209493 (1); NDA016708 (1); NDA020453 (1); ANDA209065 (1); ANDA217810 (1); NDA006325 (1); ANDA086985 (1); ANDA201967 (1); ANDA070329 (1); ANDA089772 (1); ANDA212199 (1); ANDA088063 (1); ANDA076390 (1); ANDA210080 (1); ANDA217151 (1); ANDA070873 (1); ANDA091199 (1); ANDA080961 (1); NDA022106 (1); ANDA216021 (1); ANDA216151 (1); ANDA077337 (1); NDA050212 (1); ANDA074018 (1); ANDA200104 (1); ANDA070345 (1); ANDA204668 (1); ANDA075129 (1); ANDA074156 (1); ANDA087185 (1); ANDA089447 (1); ANDA091498 (1); ANDA217205 (1); ANDA078845 (1); NDA016680 (1); ANDA208005 (1); ANDA040171 (1); ANDA083215 (1); NDA018132 (1); ANDA080572 (1); ANDA077728 (1); ANDA077542 (1); NDA050273 (1); ANDA085543 (1); ANDA091599 (1); ANDA087239 (1); NDA208026 (1); ANDA061212 (1); ANDA215620 (1); NDA005691 (1); NDA021909 (1); NDA007504 (1); ANDA213210 (1); ANDA075499 (1); ANDA088136 (1); NDA021991 (1); ANDA078908 (1); ANDA215598 (1); ANDA202632 (1); ANDA077289 (1); ANDA209520 (1); ANDA091018 (1); ANDA089032 (1); ANDA077499 (1); NDA212295 (1); ANDA206020 (1); ANDA062901 (1); ANDA075058 (1); ANDA207872 (1); ANDA074824 (1); NDA208855 (1); NDA203585 (1); ANDA076361 (1); ANDA201501 (1); BLA761184 (1); ANDA214307 (1); ANDA207386 (1); ANDA209133 (1); ANDA213293 (1); ANDA209811 (1); NDA022331 (1); ANDA211227 (1); ANDA091513 (1); ANDA077211 (1); BLA125422 (1); ANDA084727 (1); BLA017881 (1); NDA017902 (1); ANDA076534 (1); ANDA214721 (1); ANDA202887 (1); ANDA080395 (1); BLA103946 (1); ANDA088767 (1); ANDA214727 (1); ANDA091432 (1); ANDA206781 (1); ANDA065403 (1); ANDA064064 (1); ANDA212198 (1); ANDA211819 (1); ANDA216334 (1); ANDA073515 (1); ANDA073686 (1); ANDA207731 (1); ANDA204754 (1); ANDA214525 (1); ANDA203245 (1); ANDA088166 (1); ANDA202674 (1); ANDA208865 (1); ANDA217919 (1); ANDA083821 (1); ANDA091387 (1); ANDA214131 (1); ANDA202362 (1); NDA012421 (1); NDA208419 (1); ANDA208535 (1); ANDA203192 (1); ANDA213879 (1); NDA214056 (1); ANDA080562 (1); ANDA088198 (1); ANDA206091 (1); ANDA090099 (1); ANDA077693 (1); NDA202331 (1); ANDA212104 (1); ANDA209990 (1); NDA214439 (1); ANDA200180 (1); ANDA083965 (1); ANDA087634 (1); ANDA090780 (1); ANDA060647 (1); ANDA087799 (1); ANDA084988 (1); NDA010402 (1); ANDA073651 (1); ANDA205588 (1); ANDA076865 (1); ANDA209708 (1); ANDA209051 (1); ANDA084927 (1); ANDA202835 (1); ANDA078055 (1); ANDA207206 (1); ANDA040462 (1); NDA210807 (1); ANDA073532 (1); ANDA213519 (1); ANDA209019 (1); ANDA204463 (1); ANDA084603 (1); NDA020636 (1); ANDA075920 (1); NDA020818 (1); ANDA085521 (1); ANDA207868 (1); ANDA076436 (1); ANDA213911 (1); ANDA203054 (1); ANDA216902 (1); ANDA088918 (1); NDA020152 (1); ANDA213445 (1); ANDA080256 (1); ANDA215750 (1); ANDA216244 (1); ANDA204773 (1); ANDA218987 (1); ANDA070009 (1); ANDA214422 (1); ANDA077569 (1); ANDA211204 (1); NDA020706 (1); NDA019710 (1); ANDA060734 (1); ANDA070242 (1); ANDA201689 (1); ANDA211024 (1); NDA012575 (1); NDA018599 (1); ANDA070072 (1); ANDA081190 (1); ANDA217348 (1); ANDA087551 (1); ANDA207967 (1); ANDA075133 (1); ANDA083184 (1); ANDA211552 (1); ANDA217078 (1); ANDA210515 (1); ANDA077297 (1); ANDA078345 (1); ANDA086586 (1); ANDA071713 (1); ANDA091365 (1); NDA017565 (1); ANDA076420 (1); ANDA205689 (1); ANDA072061 (1); ANDA080757 (1); ANDA070524 (1); NDA050517 (1); ANDA071787 (1); ANDA087963 (1); ANDA089312 (1); ANDA202312 (1); ANDA077204 (1); ANDA076432 (1); ANDA088449 (1); ANDA084125 (1); ANDA216035 (1); BLA761163 (1); ANDA089997 (1); NDA018289 (1); ANDA076667 (1); NDA020421 (1); NDA017658 (1); ANDA040098 (1); ANDA202901 (1); NDA213674 (1); ANDA085311 (1); ANDA218817 (1); NDA007336 (1); ANDA087043 (1); ANDA205292 (1); NDA018461 (1); ANDA213055 (1); ANDA087978 (1); ANDA085458 (1); ANDA088643 (1); ANDA079010 (1); ANDA202226 (1); ANDA206373 (1); NDA020068 (1); ANDA208616 (1); NDA009489 (1); NDA215559 (1); ANDA091343 (1); ANDA074207 (1); ANDA084160 (1); ANDA209499 (1); ANDA209181 (1); NDA020155 (1); BLA761419 (1); NDA021275 (1); ANDA206447 (1); ANDA201989 (1); ANDA216607 (1); ANDA216039 (1); ANDA091593 (1); NDA019508 (1); BLA761154 (1); NDA050813 (1); NDA020683 (1); ANDA074972 (1); ANDA209795 (1); NDA019183 (1); ANDA213383 (1); ANDA088177 (1); ANDA040745 (1); NDA022574 (1); ANDA089688 (1); ANDA208789 (1); ANDA073101 (1); ANDA079199 (1); NDA019992 (1); ANDA215510 (1); NDA020007 (1); ANDA205107 (1); NDA210923 (1); NDA203284 (1); NDA212477 (1); ANDA217322 (1); NDA205786 (1); ANDA202573 (1); ANDA213247 (1); ANDA208591 (1); ANDA040454 (1); ANDA083526 (1); ANDA085061 (1); ANDA075997 (1); ANDA078751 (1); ANDA087277 (1); ANDA089368 (1); ANDA091141 (1); NDA016885 (1); NDA020482 (1); ANDA091516 (1); ANDA062926 (1); NDA210796 (1); ANDA217995 (1); ANDA076832 (1); ANDA207417 (1); ANDA216815 (1); NDA210607 (1); NDA018238 (1); ANDA083767 (1); ANDA207141 (1); ANDA210680 (1); NDA018786 (1); ANDA208621 (1); NDA016092 (1); ANDA214235 (1); ANDA090973 (1); NDA203634 (1); ANDA062439 (1); ANDA089698 (1); ANDA085597 (1); ANDA074370 (1); ANDA083898 (1); ANDA065234 (1); ANDA065266 (1); ANDA071980 (1); ANDA208454 (1); ANDA040303 (1); ANDA203246 (1); NDA019802 (1); NDA021428 (1); ANDA077757 (1); ANDA077176 (1); ANDA078460 (1); NDA211875 (1); ANDA217155 (1); ANDA208011 (1); ANDA216732 (1); ANDA214646 (1); ANDA215949 (1); ANDA089424 (1); ANDA210670 (1); ANDA210902 (1); ANDA212964 (1); ANDA087107 (1); NDA008943 (1); ANDA071867 (1); NDA021151 (1); ANDA206666 (1); ANDA085195 (1); ANDA214580 (1); ANDA088724 (1); NDA215187 (1); ANDA071095 (1); ANDA062755 (1); NDA022004 (1); ANDA064204 (1); ANDA090747 (1); ANDA203976 (1); ANDA062562 (1); ANDA076163 (1); ANDA207719 (1); ANDA076583 (1); ANDA076019 (1); ANDA075115 (1); ANDA218745 (1); ANDA077553 (1); ANDA088388 (1); ANDA070858 (1); ANDA061502 (1); ANDA085804 (1); ANDA062827 (1); NDA018709 (1); ANDA089446 (1); ANDA204059 (1); ANDA202252 (1); ANDA206686 (1); NDA022437 (1); NDA004041 (1); ANDA207416 (1); ANDA074521 (1); ANDA061639 (1); NDA009088 (1); ANDA202706 (1); NDA017385 (1); ANDA076280 (1); ANDA062973 (1); ANDA214117 (1); ANDA075240 (1); ANDA084141 (1); ANDA077449 (1); ANDA211336 (1); ANDA075113 (1); NDA078405 (1); NDA009078 (1); ANDA087866 (1); ANDA076541 (1); ANDA086765 (1); ANDA075871 (1); ANDA040455 (1); ANDA070167 (1); ANDA211930 (1); NDA021036 (1); ANDA209757 (1); ANDA209838 (1); ANDA204134 (1); ANDA212243 (1); ANDA071655 (1); ANDA060700 (1); ANDA062334 (1); ANDA210587 (1); ANDA078057 (1); ANDA206901 (1); ANDA077342 (1); ANDA210556 (1); NDA021486 (1); ANDA076607 (1); ANDA084878 (1); NDA020225 (1); ANDA087208 (1); NDA050627 (1); ANDA078169 (1); ANDA087629 (1); ANDA215709 (1); ANDA072494 (1); ANDA071842 (1); ANDA070246 (1); ANDA072574 (1); NDA018268 (1); ANDA083288 (1); ANDA213363 (1); ANDA203636 (1); ANDA083243 (1); ANDA200489 (1); ANDA209852 (1); ANDA212457 (1); ANDA090343 (1); NDA220050 (1); ANDA213126 (1); ANDA206201 (1); ANDA062453 (1); NDA013056 (1); NDA011000 (1); NDA016909 (1); ANDA206802 (1); ANDA073580 (1); ANDA203656 (1); ANDA208880 (1); ANDA211405 (1); ANDA077368 (1); ANDA211051 (1); NDA021936 (1); ANDA212919 (1); ANDA218111 (1); ANDA062505 (1); ANDA214277 (1); NDA019845 (1); ANDA075979 (1); NDA021968 (1); ANDA091664 (1); ANDA071175 (1); ANDA079025 (1); ANDA207094 (1); ANDA085553 (1); ANDA208801 (1); ANDA076128 (1); NDA019036 (1); ANDA087126 (1); ANDA074764 (1); ANDA090054 (1); ANDA076957 (1); ANDA074658 (1); NDA216387 (1); NDA208255 (1); ANDA087880 (1); ANDA065385 (1); ANDA212984 (1); ANDA074663 (1); ANDA074450 (1); ANDA214528 (1); ANDA205128 (1); ANDA078930 (1); NDA021498 (1); ANDA079072 (1); ANDA076243 (1); ANDA088715 (1); ANDA087438 (1); ANDA075213 (1); ANDA211069 (1); ANDA086901 (1); ANDA040688 (1); NDA203159 (1); NDA011685 (1); ANDA071696 (1); ANDA210610 (1); ANDA079012 (1); NDA206316 (1); ANDA090686 (1); NDA019835 (1); ANDA073696 (1); ANDA202853 (1); ANDA213853 (1); NDA050176 (1); ANDA070147 (1); ANDA203822 (1); NDA021605 (1); NDA018689 (1); ANDA065004 (1); ANDA078919 (1); ANDA202023 (1); NDA202129 (1); ANDA083676 (1); NDA209203 (1); ANDA087517 (1); NDA005657 (1); NDA215809 (1); ANDA070168 (1); ANDA088034 (1); ANDA078297 (1); ANDA073481 (1); ANDA089477 (1); ANDA091417 (1); ANDA071502 (1); ANDA212890 (1); ANDA073636 (1); ANDA070804 (1); ANDA084095 (1); ANDA090316 (1); ANDA201518 (1); ANDA060006 (1); NDA213978 (1); ANDA207104 (1); ANDA076347 (1); ANDA208931 (1); NDA020694 (1); ANDA211221 (1); ANDA071573 (1); ANDA076781 (1); NDA019308 (1); ANDA211065 (1); ANDA201150 (1); ANDA077702 (1); NDA050593 (1); NDA217388 (1); NDA014691 (1); ANDA086156 (1); ANDA206935 (1); ANDA085917 (1); ANDA084326 (1); ANDA209999 (1); ANDA070464 (1); NDA017818 (1); ANDA060272 (1); NDA021441 (1); ANDA080728 (1); ANDA078968 (1); NDA021963 (1); ANDA087644 (1); NDA018186 (1); ANDA210052 (1); NDA011958 (1); ANDA211653 (1); ANDA062690 (1); ANDA216463 (1); ANDA086549 (1); ANDA217198 (1); ANDA206410 (1); ANDA206383 (1); ANDA080963 (1); ANDA078800 (1); ANDA062870 (1); ANDA088694 (1); ANDA040657 (1); ANDA083830 (1); ANDA087791 (1); ANDA077714 (1); ANDA074300 (1); ANDA083186 (1); ANDA204239 (1); ANDA040667 (1); ANDA209108 (1); NDA022421 (1); ANDA071144 (1); ANDA211859 (1); ANDA040145 (1); ANDA208272 (1); ANDA071687 (1); NDA011284 (1); ANDA205663 (1); ANDA207847 (1); NDA021048 (1); ANDA212112 (1); NDA208056 (1); ANDA218554 (1); ANDA070733 (1); NDA016913 (1); ANDA083130 (1); ANDA076068 (1); ANDA070035 (1); ANDA088581 (1); ANDA040041 (1); ANDA071709 (1); ANDA085766 (1); ANDA215384 (1); ANDA072695 (1); ANDA077636 (1); ANDA074700 (1); ANDA213680 (1); NDA018152 (1); NDA009052 (1); ANDA088987 (1); ANDA202063 (1); NDA016144 (1); ANDA078854 (1); BLA761071 (1); ANDA062394 (1); ANDA061651 (1); ANDA070937 (1); NDA017374 (1); ANDA212277 (1); ANDA085140 (1); ANDA211560 (1); ANDA070098 (1); ANDA215011 (1); ANDA085373 (1); ANDA085513 (1); ANDA204597 (1); ANDA077334 (1); ANDA075078 (1); ANDA200250 (1); NDA020385 (1); ANDA216848 (1); NDA013402 (1); ANDA209973 (1); ANDA217768 (1); ANDA071256 (1); ANDA088880 (1); ANDA207110 (1); ANDA203700 (1); NDA022288 (1); ANDA218426 (1); ANDA065139 (1); ANDA215363 (1); ANDA212682 (1); ANDA215290 (1); ANDA217341 (1); ANDA071143 (1); NDA209091 (1); NDA217722 (1); BLA761365 (1); NDA050286 (1); ANDA065006 (1); ANDA212996 (1); NDA011522 (1); ANDA088507 (1); NDA018370 (1); ANDA071753 (1); ANDA216937 (1); ANDA087590 (1); ANDA201422 (1); ANDA206581 (1); NDA050614 (1); ANDA070745 (1); ANDA215414 (1); ANDA208435 (1); ANDA213652 (1); ANDA214737 (1); NDA020449 (1); ANDA085525 (1); ANDA065499 (1); ANDA072649 (1); ANDA083922 (1); NDA009509 (1); NDA020088 (1); ANDA070655 (1); ANDA065010 (1); ANDA087092 (1); ANDA202941 (1); NDA012731 (1); ANDA213265 (1); ANDA085926 (1); ANDA086223 (1); ANDA071920 (1); ANDA202692 (1); ANDA090268 (1); ANDA065470 (1); NDA021393 (1); NDA022177 (1); ANDA070792 (1); ANDA213514 (1); NDA050564 (1); ANDA203643 (1); ANDA205143 (1); ANDA071434 (1); ANDA208292 (1); ANDA083557 (1); ANDA076979 (1); NDA214511 (1); ANDA090687 (1); ANDA076774 (1); ANDA208423 (1); ANDA084811 (1); NDA218038 (1); ANDA089321 (1); ANDA089983 (1); ANDA207276 (1); ANDA075249 (1); ANDA076550 (1); ANDA078230 (1); ANDA202060 (1); ANDA078195 (1); ANDA210683 (1); ANDA075520 (1); ANDA084342 (1); ANDA202991 (1); ANDA065088 (1); ANDA083464 (1); ANDA211544 (1); ANDA070007 (1); ANDA216920 (1); ANDA077665 (1); ANDA078759 (1); NDA205625 (1); ANDA077611 (1); ANDA085108 (1); ANDA087361 (1); NDA022262 (1); ANDA080457 (1); ANDA214194 (1); ANDA087473 (1); ANDA217784 (1); BLA761379 (1); ANDA085488 (1); ANDA091532 (1); NDA018067 (1); ANDA083764 (1); ANDA085054 (1); ANDA211087 (1); ANDA088704 (1); ANDA088607 (1); NDA022555 (1); NDA012715 (1); ANDA070636 (1); ANDA205356 (1); ANDA083742 (1); ANDA078886 (1); NDA021641 (1); ANDA087395 (1); ANDA076404 (1); ANDA086389 (1); NDA213793 (1); ANDA074497 (1); BLA208157 (1); BLA125338 (1); ANDA200245 (1); ANDA062674 (1); ANDA065175 (1); NDA020782 (1); ANDA086263 (1); ANDA085732 (1); ANDA085144 (1); BLA125554 (1); NDA020000 (1); NDA050571 (1); ANDA207314 (1); ANDA212632 (1); ANDA089501 (1); ANDA084863 (1); ANDA091393 (1); ANDA201190 (1); NDA020687 (1); ANDA211483 (1); ANDA076618 (1); ANDA062326 (1); ANDA062654 (1); ANDA074339 (1); ANDA202838 (1); ANDA070305 (1); ANDA212668 (1); ANDA090317 (1); ANDA210015 (1); ANDA087077 (1); ANDA215370 (1); ANDA204990 (1); ANDA208332 (1); ANDA209969 (1); ANDA070176 (1); ANDA211622 (1); ANDA212434 (1); ANDA208519 (1); NDA214018 (1); ANDA090809 (1); ANDA075237 (1); ANDA204060 (1); NDA218647 (1); ANDA070360 (1); NDA213536 (1); ANDA210440 (1); ANDA076894 (1); NDA022045 (1); ANDA210407 (1); ANDA071436 (1); NDA206814 (1); ANDA085979 (1); ANDA040785 (1); ANDA075396 (1); ANDA214350 (1); ANDA075501 (1); ANDA205927 (1); ANDA065293 (1); ANDA205483 (1); ANDA060781 (1); ANDA201067 (1); ANDA204599 (1); ANDA091358 (1); ANDA205151 (1); ANDA203770 (1); ANDA065366 (1); ANDA040391 (1); ANDA076202 (1); ANDA213510 (1); ANDA089512 (1); ANDA074833 (1); ANDA209045 (1); ANDA213186 (1); ANDA207367 (1); ANDA209170 (1); NDA020638 (1); ANDA206515 (1); ANDA211100 (1); ANDA040532 (1); ANDA062225 (1); ANDA209699 (1); ANDA088568 (1); ANDA206465 (1); ANDA075934 (1); NDA008814 (1); ANDA072151 (1); ANDA214293 (1); NDA016517 (1); ANDA070629 (1); ANDA088285 (1); ANDA209396 (1); ANDA077113 (1); NDA018241 (1); ANDA062438 (1); ANDA204843 (1); NDA018276 (1); ANDA078115 (1); ANDA204829 (1); ANDA071639 (1); ANDA216211 (1); ANDA205209 (1); ANDA080204 (1); ANDA217160 (1); ANDA204333 (1); ANDA074796 (1); ANDA076661 (1); ANDA216623 (1); ANDA087842 (1); ANDA079197 (1); ANDA077831 (1); ANDA201678 (1); ANDA217863 (1); NDA007750 (1); ANDA211007 (1); ANDA087846 (1); ANDA091348 (1); NDA018460 (1); ANDA090652 (1); ANDA089771 (1); ANDA211546 (1); ANDA208785 (1); ANDA205867 (1); ANDA078106 (1); ANDA078251 (1); ANDA214179 (1); ANDA072267 (1); ANDA091624 (1); ANDA089282 (1); BLA021538 (1); ANDA214322 (1); NDA021345 (1); ANDA073343 (1); ANDA088360 (1); ANDA072068 (1); ANDA073462 (1); ANDA208427 (1); ANDA083114 (1); ANDA060575 (1); ANDA210700 (1); ANDA200812 (1); NDA012285 (1); ANDA208539 (1); ANDA211443 (1); NDA050821 (1); ANDA072736 (1); ANDA085032 (1); NDA014169 (1); ANDA071030 (1); ANDA201509 (1); ANDA062175 (1); ANDA206375 (1); ANDA090064 (1); ANDA064026 (1); ANDA040074 (1); NDA019962 (1); ANDA090607 (1); ANDA079099 (1); ANDA208433 (1); ANDA208306 (1); ANDA212464 (1); ANDA209223 (1); ANDA085805 (1); ANDA203608 (1); NDA020227 (1); ANDA084875 (1); NDA022141 (1); NDA021969 (1); ANDA212411 (1); NDA218771 (1); ANDA218531 (1); ANDA211865 (1); NDA012126 (1); ANDA040855 (1); ANDA200143 (1); ANDA070357 (1); NDA009659 (1); ANDA210775 (1); NDA208715 (1); NDA019028 (1); ANDA212127 (1); NDA009729 (1); ANDA065098 (1); ANDA208037 (1); ANDA089782 (1); ANDA203291 (1); ANDA088344 (1); NDA021976 (1); ANDA078368 (1); ANDA212957 (1); ANDA074304 (1); ANDA085584 (1); NDA021794 (1); ANDA078224 (1); ANDA074367 (1); ANDA211414 (1); ANDA076987 (1); NDA018605 (1); ANDA075849 (1); ANDA065356 (1); ANDA215880 (1); ANDA205026 (1); ANDA084886 (1); ANDA213669 (1); BLA021211 (1); ANDA088167 (1); ANDA205517 (1); ANDA088682 (1); ANDA217579 (1); ANDA203640 (1); ANDA078362 (1); ANDA211202 (1); BLA125527 (1); NDA017369 (1); ANDA090517 (1); ANDA200183 (1); ANDA206793 (1); ANDA072224 (1); ANDA074340 (1); ANDA091307 (1); ANDA212475 (1); ANDA205749 (1); NDA021023 (1); NDA017521 (1); NDA016979 (1); NDA020036 (1); ANDA203175 (1); ANDA040302 (1); ANDA203664 (1); ANDA213366 (1); ANDA207193 (1); ANDA207630 (1); NDA050689 (1); ANDA077544 (1); ANDA200826 (1); ANDA085867 (1); ANDA210217 (1); ANDA218177 (1); ANDA089239 (1); ANDA070950 (1); NDA016832 (1); ANDA071478 (1); NDA020065 (1); ANDA040474 (1); ANDA087790 (1); ANDA091234 (1); ANDA208817 (1); ANDA080505 (1); ANDA074930 (1); NDA021983 (1); ANDA071213 (1); ANDA204707 (1); NDA018741 (1); ANDA040287 (1); ANDA210626 (1); ANDA218457 (1); ANDA217648 (1); ANDA081043 (1); ANDA074314 (1); ANDA204352 (1); NDA207923 (1); ANDA074432 (1); ANDA075961 (1); ANDA205620 (1); ANDA079002 (1); NDA202992 (1); ANDA206098 (1); ANDA070456 (1); ANDA207058 (1); ANDA078510 (1); ANDA070726 (1); ANDA088949 (1); ANDA213264 (1); ANDA084533 (1); ANDA213847 (1); ANDA202990 (1); ANDA209288 (1); ANDA090095 (1); ANDA063083 (1); ANDA078688 (1); NDA011559 (1); ANDA202313 (1); ANDA201573 (1); ANDA076364 (1); ANDA078144 (1); ANDA207524 (1); ANDA204713 (1); ANDA077871 (1); ANDA078522 (1); ANDA087542 (1); ANDA210137 (1); ANDA211521 (1); ANDA072609 (1); ANDA213125 (1); NDA017952 (1); ANDA206448 (1); NDA018969 (1); NDA050416 (1); ANDA212443 (1); ANDA213929 (1); ANDA040616 (1); ANDA073552 (1); ANDA086619 (1); ANDA205675 (1); ANDA070548 (1); ANDA078989 (1); NDA208437 (1); ANDA210176 (1); ANDA077956 (1); NDA022549 (1); NDA021667 (1); ANDA090778 (1); ANDA210947 (1); ANDA080860 (1); ANDA086262 (1); ANDA091630 (1); ANDA085785 (1); NDA207154 (1); ANDA209692 (1); NDA202450 (1); ANDA215592 (1); ANDA065011 (1); ANDA076921 (1); NDA216158 (1); ANDA040457 (1); NDA021700 (1); NDA216774 (1); ANDA076851 (1); NDA050091 (1); ANDA203874 (1); NDA008697 (1); ANDA040079 (1); ANDA062325 (1); ANDA202929 (1); ANDA201995 (1); ANDA072053 (1); ANDA075588 (1); ANDA201580 (1); ANDA214477 (1); ANDA072857 (1); NDA021606 (1); NDA021710 (1); ANDA073433 (1); ANDA215658 (1); ANDA074966 (1); ANDA083459 (1); ANDA212449 (1); ANDA074790 (1); ANDA086271 (1); ANDA075414 (1); NDA020487 (1); ANDA077099 (1); ANDA089298 (1); ANDA214199 (1); ANDA087460 (1); ANDA213956 (1); ANDA087668 (1); NDA020163 (1); ANDA212201 (1); ANDA075644 (1); ANDA213594 (1); ANDA205972 (1); NDA021894 (1); ANDA087698 (1); ANDA208028 (1); ANDA218227 (1); ANDA077411 (1); NDA206289 (1); NDA211868 (1); ANDA078458 (1); ANDA214395 (1); ANDA076377 (1); ANDA076701 (1); ANDA060365 (1); ANDA215312 (1); ANDA217793 (1); ANDA072510 (1); NDA018744 (1); ANDA073044 (1); ANDA207400 (1); ANDA215891 (1); NDA017638 (1); ANDA085865 (1); NDA021359 (1); ANDA077833 (1); ANDA208320 (1); ANDA085372 (1); ANDA086382 (1); ANDA204595 (1); ANDA214328 (1); ANDA064101 (1); ANDA215357 (1); NDA050580 (1); ANDA075392 (1); ANDA076760 (1); ANDA207371 (1); ANDA078536 (1); ANDA204213 (1); ANDA210954 (1); ANDA216321 (1); ANDA080473 (1); ANDA090044 (1); ANDA203942 (1); ANDA070945 (1); ANDA206490 (1); ANDA216897 (1); ANDA091677 (1); NDA018760 (1); ANDA215328 (1); ANDA088194 (1); ANDA203939 (1); ANDA075300 (1); ANDA084426 (1); ANDA080044 (1); ANDA204323 (1); ANDA216304 (1); ANDA211657 (1); ANDA203779 (1); NDA009829 (1); NDA017955 (1); ANDA091407 (1); ANDA210492 (1); ANDA215444 (1); ANDA075565 (1); ANDA085564 (1); NDA018413 (1); ANDA214896 (1); ANDA090482 (1); NDA019489 (1); ANDA207686 (1); ANDA205974 (1); ANDA073272 (1); ANDA086507 (1); ANDA065217 (1); NDA021436 (1); NDA021806 (1); ANDA216554 (1); ANDA206220 (1); ANDA078940 (1); ANDA078023 (1); ANDA209095 (1); ANDA209021 (1); ANDA040323 (1); ANDA072165 (1); ANDA063206 (1); NDA050527 (1); ANDA074091 (1); ANDA077144 (1); ANDA214719 (1); NDA016683 (1); ANDA205930 (1); ANDA075569 (1); ANDA208100 (1); ANDA090190 (1); NDA017989 (1); NDA022152 (1); ANDA089530 (1); NDA019358 (1); ANDA217828 (1); NDA214876 (1); ANDA219527 (1); ANDA075289 (1); NDA021956 (1); ANDA090161 (1); ANDA208305 (1); BLA761355 (1); ANDA087600 (1); ANDA091065 (1); NDA019389 (1); ANDA202127 (1); ANDA091158 (1); ANDA078949 (1); ANDA075333 (1); ANDA214816 (1); ANDA217337 (1); ANDA088046 (1); ANDA086020 (1); NDA018871 (1); ANDA070528 (1); ANDA206661 (1); ANDA209876 (1); ANDA076713 (1); ANDA088355 (1); ANDA070980 (1); ANDA215398 (1); ANDA073683 (1); NDA018497 (1); ANDA077878 (1); NDA212526 (1); ANDA210401 (1); ANDA071029 (1); ANDA087820 (1); ANDA070685 (1); ANDA086445 (1); ANDA086267 (1); ANDA086189 (1); NDA020011 (1); ANDA074376 (1); ANDA070816 (1); ANDA077494 (1); ANDA085178 (1); ANDA062170 (1); ANDA204923 (1); ANDA072134 (1); ANDA070890 (1); ANDA211355 (1); ANDA077146 (1); ANDA218055 (1); ANDA202903 (1); ANDA202357 (1); ANDA088270 (1); ANDA088350 (1); ANDA085441 (1); NDA009668 (1); NDA021318 (1); ANDA075199 (1); ANDA090999 (1); ANDA205784 (1); ANDA217839 (1); ANDA206454 (1); ANDA210091 (1); ANDA211798 (1); ANDA070259 (1); ANDA213926 (1); ANDA087857 (1); ANDA085409 (1); ANDA076805 (1); NDA021626 (1); NDA205845 (1); ANDA213273 (1); ANDA077200 (1); ANDA215215 (1); ANDA084667 (1); ANDA216131 (1); ANDA084468 (1); ANDA060618 (1); ANDA075217 (1); ANDA090220 (1); ANDA214251 (1); ANDA205126 (1); ANDA072270 (1); NDA209806 (1); NDA019858 (1); ANDA210959 (1); ANDA064126 (1); ANDA214333 (1); ANDA213410 (1); ANDA216295 (1); ANDA071548 (1); NDA018485 (1); ANDA201379 (1); NDA022568 (1); NDA016191 (1); ANDA090055 (1); ANDA040620 (1); ANDA040362 (1); ANDA060521 (1); ANDA211320 (1); NDA022268 (1); NDA021386 (1); ANDA062850 (1); NDA022033 (1); ANDA088109 (1); NDA206628 (1); ANDA201407 (1); ANDA209556 (1); ANDA207712 (1); ANDA217617 (1); ANDA077420 (1); ANDA203458 (1); BLA761166 (1); NDA216117 (1); ANDA070067 (1); BLA761123 (1); NDA019261 (1); NDA018586 (1); ANDA203451 (1); NDA020830 (1); ANDA214113 (1); ANDA077285 (1); ANDA084422 (1); ANDA070291 (1); ANDA201679 (1); ANDA075874 (1); ANDA074536 (1); ANDA213078 (1); ANDA090384 (1); ANDA205366 (1); ANDA211085 (1); ANDA209464 (1); ANDA072924 (1); ANDA218242 (1); ANDA040280 (1); ANDA071769 (1); NDA019828 (1); NDA205598 (1); BLA761430 (1); ANDA091459 (1); ANDA211699 (1); BLA761092 (1); ANDA070692 (1); ANDA086911 (1); ANDA060517 (1); NDA018901 (1); NDA012125 (1); ANDA203345 (1); ANDA078922 (1); ANDA075353 (1); ANDA217776 (1); ANDA070204 (1); NDA208399 (1); ANDA065404 (1); NDA020418 (1); NDA012142 (1); NDA022088 (1); ANDA213083 (1); ANDA208177 (1); ANDA209437 (1); ANDA071774 (1); ANDA208781 (1); ANDA091554 (1); ANDA216091 (1); ANDA062366 (1); ANDA208363 (1); ANDA085411 (1); ANDA040633 (1); ANDA213255 (1); ANDA077548 (1); NDA021065 (1); NDA208294 (1); ANDA073520 (1); ANDA213547 (1); ANDA205241 (1); ANDA207678 (1); ANDA070492 (1); ANDA208150 (1); ANDA201050 (1); ANDA088023 (1); ANDA072129 (1); NDA018369 (1); ANDA088377 (1); NDA050092 (1); ANDA088665 (1); ANDA084361 (1); ANDA078620 (1); ANDA207490 (1); ANDA077666 (1); ANDA213928 (1); ANDA216727 (1); ANDA076387 (1); ANDA074603 (1); ANDA077314 (1); NDA019257 (1); ANDA078635 (1); ANDA070064 (1); NDA018818 (1); ANDA077936 (1); ANDA200173 (1); ANDA202079 (1); NDA020452 (1); ANDA075012 (1); ANDA074740 (1); NDA210132 (1); ANDA207729 (1); ANDA074255 (1); ANDA087512 (1); ANDA216413 (1); ANDA202551 (1); ANDA215155 (1); ANDA072741 (1); ANDA205279 (1); NDA008381 (1); ANDA088986 (1); ANDA087804 (1); ANDA211077 (1); ANDA200923 (1); NDA020177 (1); NDA021379 (1); ANDA212582 (1); NDA202543 (1); BLA761336 (1); ANDA203256 (1); ANDA072825 (1); ANDA218770 (1); ANDA070128 (1); ANDA074623 (1); NDA206026 (1); NDA019476 (1); ANDA204497 (1); ANDA075124 (1); ANDA091202 (1); ANDA202603 (1); ANDA213912 (1); ANDA078033 (1); NDA018802 (1); ANDA040246 (1); ANDA204880 (1); NDA207988 (1); ANDA070144 (1); ANDA083239 (1); ANDA089248 (1); ANDA206106 (1); ANDA074894 (1); NDA205838 (1); ANDA210395 (1); ANDA207414 (1); ANDA079186 (1); ANDA083554 (1); ANDA089566 (1); ANDA074874 (1); BLA761169 (1); ANDA087355 (1); ANDA205591 (1); ANDA071039 (1); ANDA084150 (1); ANDA090733 (1); ANDA211943 (1); NDA204516 (1); ANDA074103 (1); ANDA070458 (1); ANDA207042 (1); ANDA215610 (1); ANDA070461 (1); ANDA089579 (1); ANDA071598 (1); NDA201277 (1); NDA020965 (1); ANDA077767 (1); NDA050541 (1); NDA019950 (1); ANDA076426 (1); ANDA065351 (1); ANDA214291 (1); ANDA211207 (1); ANDA206603 (1); ANDA040901 (1); ANDA215591 (1); ANDA202731 (1); ANDA202561 (1); ANDA206421 (1); ANDA203859 (1); ANDA078364 (1); ANDA213088 (1); ANDA090411 (1); ANDA088227 (1); ANDA210087 (1); ANDA071069 (1); ANDA076132 (1); NDA019821 (1); ANDA218027 (1); NDA020101 (1); ANDA083625 (1); BLA761142 (1); ANDA090100 (1); ANDA083607 (1); NDA018864 (1); ANDA214685 (1); ANDA090749 (1); ANDA206002 (1); ANDA087014 (1); NDA200063 (1); NDA021995 (1); NDA013264 (1); ANDA202083 (1); ANDA216683 (1); ANDA089163 (1); ANDA091340 (1); ANDA202496 (1); ANDA215091 (1); ANDA075402 (1); ANDA217455 (1); ANDA203240 (1); ANDA207321 (1); NDA019599 (1); ANDA064191 (1); ANDA076188 (1); NDA021492 (1); ANDA201889 (1); ANDA208937 (1); NDA018309 (1); ANDA064163 (1); BLA761146 (1); ANDA211417 (1); ANDA204530 (1); ANDA075895 (1); NDA021730 (1); ANDA214689 (1); ANDA070094 (1); ANDA061965 (1); NDA020049 (1); ANDA075585 (1); ANDA062818 (1); ANDA075293 (1); ANDA076980 (1); ANDA207813 (1); NDA019773 (1); ANDA076870 (1); ANDA077820 (1); ANDA088522 (1); ANDA201504 (1); ANDA214686 (1); ANDA084706 (1); NDA213170 (1); ANDA072164 (1); NDA021412 (1); ANDA085370 (1); ANDA089976 (1); ANDA213329 (1); ANDA075339 (1); ANDA088873 (1); ANDA070514 (1); ANDA061214 (1); ANDA216145 (1); ANDA205950 (1); NDA207916 (1); ANDA074620 (1); ANDA070635 (1); NDA022344 (1); ANDA090210 (1); ANDA213830 (1); ANDA080937 (1); ANDA076062 (1); NDA018029 (1); NDA019758 (1); ANDA203412 (1); NDA209115 (1); ANDA075860 (1); ANDA083789 (1); ANDA088532 (1); ANDA077283 (1); ANDA207625 (1); ANDA216212 (1); ANDA070358 (1); ANDA079185 (1); ANDA208136 (1); ANDA040199 (1); ANDA090861 (1); ANDA215976 (1); NDA020799 (1); ANDA087959 (1); ANDA090669 (1); ANDA209685 (1); ANDA077516 (1); ANDA074868 (1); ANDA214815 (1); NDA010554 (1); NDA020816 (1); ANDA070472 (1); ANDA077648 (1); ANDA201108 (1); ANDA217693 (1); ANDA079094 (1); NDA021415 (1); ANDA065390 (1); ANDA200383 (1); ANDA065089 (1); ANDA088611 (1); BLA761133 (1); ANDA202148 (1); NDA017060 (1); ANDA091283 (1); ANDA214688 (1); NDA013420 (1); ANDA076605 (1); ANDA077432 (1); ANDA206962 (1); NDA018296 (1); NDA016929 (1); ANDA083391 (1); NDA218328 (1); ANDA209933 (1); ANDA214181 (1); ANDA078010 (1); NDA019931 (1); ANDA076178 (1); ANDA204722 (1); NDA017864 (1); ANDA040735 (1); ANDA089948 (1); ANDA062506 (1); ANDA208302 (1); ANDA209684 (1); NDA209575 (1); ANDA075851 (1); NDA020272 (1); ANDA078880 (1); NDA020478 (1); ANDA211718 (1); ANDA065081 (1); ANDA075731 (1); ANDA086002 (1); NDA204153 (1); ANDA063315 (1); ANDA211470 (1); ANDA091424 (1); NDA020781 (1); ANDA070127 (1); ANDA084623 (1); ANDA203280 (1); ANDA213313 (1); ANDA201539 (1); ANDA217197 (1); NDA022148 (1); ANDA074779 (1); ANDA075530 (1); ANDA071015 (1); ANDA078422 (1); ANDA203604 (1); ANDA040875 (1); NDA020803 (1); ANDA212566 (1); ANDA088576 (1); NDA011324 (1); ANDA211094 (1); NDA050467 (1); ANDA206547 (1); ANDA207880 (1); ANDA202458 (1); ANDA218163 (1); ANDA071215 (1); ANDA217354 (1); ANDA084156 (1); ANDA090957 (1); ANDA215266 (1); ANDA090313 (1); ANDA206801 (1); ANDA078649 (1); ANDA202160 (1); ANDA214571 (1); ANDA208181 (1); ANDA209667 (1); ANDA040475 (1); ANDA201406 (1); ANDA215566 (1); ANDA040898 (1); ANDA062590 (1); NDA018307 (1); ANDA216452 (1); ANDA075561 (1); ANDA202538 (1); ANDA214895 (1); ANDA083187 (1); ANDA211289 (1); ANDA087246 (1); ANDA040045 (1); NDA020902 (1); NDA021670 (1); ANDA070171 (1); ANDA090797 (1); ANDA202001 (1); ANDA076465 (1); ANDA070589 (1); ANDA080521 (1); ANDA202019 (1); NDA022303 (1); ANDA060385 (1); ANDA076194 (1); ANDA217692 (1); ANDA062381 (1); ANDA217655 (1); ANDA208818 (1); BLA125274 (1); ANDA089537 (1); ANDA209748 (1); ANDA215609 (1); ANDA085877 (1); NDA017423 (1); BLA761112 (1); ANDA071266 (1); ANDA213485 (1); ANDA089605 (1); ANDA209713 (1); ANDA212202 (1); ANDA078119 (1); NDA018239 (1); ANDA076959 (1); ANDA210644 (1); ANDA088718 (1); ANDA070327 (1); ANDA213349 (1); ANDA217996 (1); ANDA209097 (1); ANDA088535 (1); ANDA072354 (1); ANDA202580 (1); ANDA078222 (1); BLA761045 (1); ANDA071233 (1); ANDA076000 (1); ANDA088799 (1); ANDA090476 (1); ANDA089645 (1); ANDA070322 (1); NDA018737 (1); ANDA075982 (1); ANDA216168 (1); NDA218230 (1); ANDA070693 (1); ANDA202386 (1); NDA017579 (1); NDA003158 (1); ANDA079218 (1); ANDA074918 (1); ANDA090128 (1); ANDA077933 (1); ANDA090876 (1); ANDA086577 (1); ANDA080493 (1); ANDA212117 (1); ANDA083151 (1); NDA018991 (1); ANDA214319 (1); ANDA203187 (1); ANDA078348 (1); ANDA075111 (1); ANDA090582 (1); NDA018740 (1); ANDA083320 (1); ANDA089785 (1); ANDA209578 (1); ANDA089135 (1); NDA007984 (1); NDA019862 (1); ANDA091128 (1); BLA761118 (1); ANDA089407 (1); ANDA091181 (1); ANDA200541 (1); ANDA208468 (1); ANDA087935 (1); ANDA062055 (1); ANDA209912 (1); ANDA211049 (1); NDA020831 (1); NDA008032 (1); ANDA072137 (1); NDA212121 (1); ANDA040881 (1); ANDA088866 (1); ANDA205119 (1); ANDA078511 (1); ANDA210000 (1); ANDA089599 (1); ANDA214384 (1); ANDA209356 (1); NDA021014 (1); ANDA083147 (1); ANDA063180 (1); ANDA070697 (1); ANDA209207 (1); ANDA080445 (1); NDA010927 (1); ANDA090081 (1); ANDA091671 (1); ANDA071894 (1); ANDA075040 (1); ANDA089815 (1); ANDA088819 (1); ANDA062042 (1); ANDA209600 (1); NDA019841 (1); ANDA210789 (1); ANDA204222 (1); NDA021248 (1); ANDA216399 (1); ANDA216890 (1); ANDA213948 (1); NDA213507 (1); ANDA074566 (1); ANDA074738 (1); NDA074973 (1); ANDA090329 (1); ANDA073666 (1); ANDA085567 (1); ANDA218793 (1); ANDA083538 (1); ANDA213207 (1); ANDA074816 (1); ANDA201662 (1); ANDA088791 (1); NDA213586 (1); NDA021897 (1); ANDA208475 (1); ANDA205153 (1); ANDA208112 (1); NDA019414 (1); ANDA091369 (1); ANDA080692 (1); ANDA080339 (1); NDA206088 (1); ANDA072691 (1); ANDA085744 (1); ANDA202884 (1); ANDA218462 (1); ANDA212287 (1); ANDA211043 (1); NDA022561 (1); ANDA218002 (1); ANDA203631 (1); ANDA215848 (1); ANDA090912 (1); ANDA040195 (1); ANDA214242 (1); ANDA091493 (1); ANDA040909 (1); ANDA087553 (1); ANDA212114 (1); ANDA070540 (1); ANDA084041 (1); NDA018763 (1); ANDA087405 (1); BLA103846 (1); ANDA213987 (1); ANDA089617 (1); NDA018484 (1); NDA012649 (1); ANDA206594 (1); NDA203469 (1); NDA015500 (1); ANDA213501 (1); ANDA065446 (1); ANDA213056 (1); ANDA076887 (1); ANDA207783 (1); NDA219132 (1); ANDA085177 (1); ANDA076063 (1); NDA022117 (1); ANDA070150 (1); NDA201517 (1); ANDA217412 (1); ANDA081236 (1); NDA013319 (1); NDA020402 (1); ANDA087233 (1); NDA020544 (1); ANDA202554 (1); ANDA087967 (1); ANDA205723 (1); NDA022271 (1); ANDA090615 (1); ANDA085119 (1); NDA018520 (1); ANDA208213 (1); ANDA089330 (1); ANDA215243 (1); ANDA040515 (1); ANDA091154 (1); ANDA072410 (1); ANDA090923 (1); NDA018660 (1); ANDA076883 (1); ANDA212884 (1); ANDA071943 (1); ANDA211740 (1); ANDA086034 (1); ANDA085201 (1); ANDA203594 (1); ANDA209623 (1); NDA022037 (1); NDA009166 (1); NDA217569 (1); NDA206709 (1); NDA050756 (1); ANDA072522 (1); ANDA077397 (1); ANDA204934 (1); NDA021360 (1); NDA208627 (1); ANDA206061 (1); ANDA040823 (1); ANDA211524 (1); ANDA204368 (1); ANDA076846 (1); NDA205422 (1); ANDA078827 (1); ANDA088739 (1); ANDA218684 (1); ANDA070340 (1); ANDA065187 (1); ANDA065176 (1); ANDA206005 (1); NDA020872 (1); ANDA080932 (1); ANDA070625 (1); ANDA213159 (1); NDA213645 (1); ANDA089026 (1); NDA018662 (1); ANDA078709 (1); ANDA070676 (1); ANDA091226 (1); NDA020686 (1); ANDA207228 (1); ANDA208579 (1); ANDA072163 (1); ANDA089425 (1); ANDA071635 (1); ANDA202542 (1); NDA011950 (1); ANDA074578 (1); NDA206321 (1); ANDA084604 (1); ANDA206524 (1); NDA018313 (1); ANDA200461 (1); ANDA201720 (1); ANDA202510 (1); NDA206276 (1); NDA011665 (1); BLA761145 (1); ANDA209337 (1); ANDA203368 (1); ANDA083462 (1); ANDA076056 (1); ANDA071199 (1); ANDA208948 (1); ANDA201000 (1); BLA761069 (1); ANDA074757 (1); NDA018714 (1); ANDA217713 (1); ANDA207619 (1); NDA050801 (1); ANDA202436 (1); ANDA078005 (1); NDA009410 (1); ANDA090485 (1); ANDA078947 (1); ANDA073654 (1); ANDA201585 (1); ANDA211948 (1); ANDA075824 (1); ANDA070896 (1); ANDA080523 (1); ANDA207771 (1); ANDA062779 (1); ANDA206752 (1); ANDA215892 (1); ANDA216427 (1); ANDA071076 (1); ANDA214775 (1); NDA019886 (1); ANDA077024 (1); NDA021770 (1); ANDA076508 (1); ANDA206726 (1); ANDA206924 (1); ANDA203609 (1); ANDA077323 (1); ANDA075480 (1); ANDA206032 (1); ANDA040103 (1); ANDA040910 (1); ANDA201999 (1); ANDA204954 (1); ANDA209786 (1); ANDA079245 (1); NDA016769 (1); ANDA087743 (1); NDA018801 (1); ANDA211182 (1); ANDA216940 (1); ANDA204336 (1); ANDA206006 (1); ANDA210574 (1); ANDA210200 (1); ANDA071246 (1); ANDA085677 (1); NDA007959 (1); BLA103362 (1); ANDA070759 (1); ANDA213146 (1); ANDA062327 (1); ANDA206787 (1); ANDA204397 (1); BLA020032 (1); ANDA212573 (1); ANDA089007 (1); ANDA086114 (1); ANDA073507 (1); ANDA071854 (1); NDA019565 (1); NDA205029 (1); ANDA073476 (1); ANDA072070 (1); ANDA075523 (1); ANDA090583 (1); ANDA210897 (1); NDA022155 (1); NDA019323 (1); NDA050309 (1); ANDA065094 (1); ANDA071285 (1); ANDA074184 (1); NDA017412 (1); ANDA200181 (1); ANDA089297 (1); ANDA071940 (1); ANDA087564 (1); ANDA214779 (1); ANDA213985 (1); ANDA076882 (1); ANDA077606 (1); NDA018272 (1); ANDA206382 (1); ANDA075950 (1); ANDA074615 (1); ANDA087081 (1); ANDA064096 (1); ANDA040186 (1); ANDA207219 (1); ANDA084776 (1); ANDA040203 (1); ANDA086809 (1); NDA200582 (1); NDA020759 (1); ANDA212993 (1); ANDA073009 (1); ANDA203592 (1); ANDA207302 (1); ANDA074302 (1); NDA019853 (1); BLA761054 (1); NDA020584 (1); ANDA201467 (1); NDA205552 (1); NDA214187 (1); NDA022223 (1); NDA011340 (1); ANDA216275 (1); NDA015868 (1); ANDA065297 (1); ANDA205568 (1); ANDA203058 (1); NDA206256 (1); ANDA076499 (1); ANDA088988 (1); ANDA076239 (1); ANDA074947 (1); ANDA207349 (1); ANDA077266 (1); ANDA217904 (1); ANDA089341 (1); ANDA060059 (1); ANDA090111 (1); ANDA065117 (1); ANDA204827 (1); ANDA072138 (1); ANDA074852 (1); ANDA073038 (1); ANDA070805 (1); ANDA202647 (1); ANDA087519 (1); ANDA083022 (1); NDA216354 (1); ANDA040798 (1); ANDA063147 (1); ANDA209182 (1); ANDA071541 (1); ANDA074567 (1); ANDA090625 (1); ANDA085528 (1); ANDA209026 (1); ANDA078734 (1); NDA205382 (1); ANDA063017 (1); ANDA083338 (1); ANDA201823 (1); ANDA073373 (1); NDA204311 (1); NDA214518 (1); ANDA214654 (1); ANDA211857 (1); ANDA200979 (1); ANDA077620 (1); ANDA210279 (1); ANDA214871 (1); ANDA091041 (1); ANDA070306 (1); ANDA216303 (1); ANDA209158 (1); ANDA204041 (1); ANDA218092 (1); ANDA076351 (1); NDA009330 (1); ANDA080706 (1); ANDA078180 (1); ANDA214567 (1); ANDA071923 (1); ANDA077123 (1); ANDA213469 (1); ANDA200839 (1); ANDA060610 (1); ANDA077213 (1); ANDA206555 (1); ANDA212975 (1); BLA761051 (1); NDA018184 (1); ANDA084072 (1); NDA012041 (1); ANDA089895 (1); ANDA210601 (1); ANDA089495 (1); ANDA077361 (1); ANDA074014 (1); ANDA212168 (1); ANDA077126 (1); ANDA078316 (1); NDA019532 (1); ANDA211372 (1); ANDA091201 (1); NDA020949 (1); NDA019759 (1); ANDA085818 (1); ANDA075429 (1); ANDA210629 (1); ANDA080310 (1); ANDA085698 (1); ANDA090291 (1); NDA019961 (1); NDA020813 (1); ANDA205894 (1); ANDA219258 (1); ANDA078808 (1); ANDA205429 (1); ANDA091661 (1); ANDA088017 (1); NDA016093 (1); ANDA076379 (1); ANDA202802 (1); BLA761064 (1); ANDA083604 (1); NDA010375 (1); ANDA083513 (1); NDA012359 (1); ANDA090930 (1); NDA207534 (1); NDA019046 (1); ANDA075062 (1); ANDA212466 (1); ANDA089273 (1); ANDA208878 (1); ANDA216030 (1); NDA020165 (1); ANDA071977 (1); ANDA088385 (1); NDA019972 (1); ANDA080483 (1); ANDA206644 (1); ANDA205217 (1); ANDA203417 (1); ANDA205012 (1); NDA217806 (1); ANDA077868 (1); ANDA207128 (1); ANDA072168 (1); ANDA204366 (1); ANDA211838 (1); ANDA209766 (1); ANDA073045 (1); ANDA088330 (1); NDA008857 (1); ANDA075196 (1); ANDA201787 (1); NDA016267 (1); ANDA206309 (1); ANDA084642 (1); ANDA065428 (1); NDA022272 (1); ANDA075051 (1); NDA020849 (1); ANDA087937 (1); ANDA070562 (1); ANDA208696 (1); ANDA211729 (1); ANDA040373 (1); ANDA091377 (1); ANDA205994 (1); ANDA213425 (1); ANDA215730 (1); ANDA071054 (1); NDA018513 (1); ANDA077521 (1); ANDA062609 (1); NDA018509 (1); ANDA078445 (1); ANDA211345 (1); ANDA078815 (1); ANDA076522 (1); ANDA076791 (1); ANDA060096 (1); ANDA065382 (1); ANDA070069 (1); NDA022281 (1); ANDA205782 (1); ANDA204304 (1); NDA210913 (1); ANDA204165 (1); ANDA075020 (1); NDA020507 (1); ANDA076789 (1); BLA125289 (1); ANDA077641 (1); ANDA070057 (1); ANDA040863 (1); NDA203551 (1); ANDA211589 (1); NDA019174 (1); NDA205395 (1); ANDA072555 (1); ANDA208230 (1); ANDA205015 (1); ANDA078648 (1); ANDA200431 (1); ANDA040540 (1); BLA125349 (1); ANDA083116 (1); NDA017789 (1); ANDA081226 (1); ANDA078619 (1); ANDA040319 (1); ANDA071614 (1); ANDA202301 (1); ANDA076779 (1); ANDA218663 (1); ANDA084676 (1); BLA761086 (1); ANDA071644 (1); ANDA216836 (1); ANDA085911 (1); ANDA205220 (1); NDA050804 (1); ANDA207040 (1); ANDA084467 (1); ANDA214050 (1); ANDA202334 (1); NDA050518 (1); ANDA076830 (1); NDA020764 (1); ANDA083154 (1); BLA125319 (1); BLA017067 (1); NDA006095 (1); ANDA218119 (1); NDA017810 (1); NDA016694 (1); ANDA202467 (1); NDA008855 (1); ANDA074320 (1); ANDA090331 (1); ANDA214845 (1); NDA020801 (1); ANDA078040 (1); ANDA080153 (1); ANDA080770 (1); NDA021178 (1); NDA018652 (1); ANDA218012 (1); ANDA091117 (1); ANDA212494 (1); ANDA202546 (1); ANDA202494 (1); BLA020168 (1); NDA208090 (1); NDA017481 (1); ANDA210265 (1); ANDA219050 (1); NDA018182 (1); ANDA216796 (1); NDA215151 (1); ANDA208890 (1); ANDA207441 (1); ANDA209031 (1); BLA125166 (1); ANDA089383 (1); ANDA075416 (1); ANDA212924 (1); ANDA086055 (1); ANDA087999 (1); ANDA213413 (1); ANDA203726 (1); ANDA207939 (1); ANDA071554 (1); ANDA078992 (1); ANDA210125 (1); ANDA211632 (1); ANDA090335 (1); ANDA071600 (1); ANDA072422 (1); ANDA087532 (1); ANDA076752 (1); NDA208943 (1); ANDA073680 (1); ANDA074230 (1); ANDA060626 (1); ANDA216076 (1); ANDA064160 (1); NDA017530 (1); ANDA202152 (1); ANDA208767 (1); ANDA207405 (1); ANDA078110 (1); ANDA085670 (1); NDA214662 (1); ANDA080043 (1); ANDA076457 (1); NDA207924 (1); ANDA084075 (1); ANDA084840 (1); ANDA070631 (1); ANDA062240 (1); ANDA213486 (1); NDA017701 (1); NDA017807 (1); ANDA077736 (1); NDA200655 (1); ANDA076740 (1); NDA216974 (1); ANDA088000 (1); ANDA077652 (1); BLA021106 (1); ANDA087658 (1); ANDA062547 (1); ANDA091313 (1); NDA022501 (1); NDA020533 (1); ANDA061827 (1); BLA761210 (1); ANDA075475 (1); ANDA078502 (1); ANDA085610 (1); ANDA070613 (1); ANDA214731 (1); NDA208374 (1); ANDA214768 (1); ANDA209494 (1); NDA020623 (1); ANDA085270 (1); ANDA210053 (1); ANDA206657 (1); ANDA207794 (1); ANDA076155 (1); ANDA062719 (1); NDA018118 (1); NDA019798 (1); ANDA201014 (1); ANDA217271 (1); ANDA078979 (1); ANDA080839 (1); ANDA207455 (1); ANDA085799 (1); ANDA088883 (1); ANDA065044 (1); ANDA206136 (1); ANDA040212 (1); NDA017340 (1); ANDA201845 (1); ANDA071510 (1); ANDA090962 (1); ANDA062777 (1); ANDA215246 (1); NDA019933 (1); ANDA091363 (1); NDA022085 (1); ANDA091281 (1); ANDA214376 (1); ANDA211816 (1); ANDA216350 (1); ANDA090359 (1); ANDA088594 (1); ANDA091449 (1); ANDA215659 (1); ANDA208473 (1); ANDA085248 (1); ANDA210708 (1); ANDA089820 (1); ANDA070047 (1); ANDA075712 (1); ANDA077095 (1); ANDA209221 (1); ANDA065167 (1); ANDA086386 (1); ANDA088061 (1); NDA013625 (1); NDA208694 (1); ANDA211897 (1); NDA210455 (1); ANDA209517 (1); NDA021823 (1); NDA018664 (1); ANDA207526 (1); ANDA201157 (1); NDA019864 (1); ANDA078642 (1); ANDA202931 (1); ANDA074382 (1); ANDA208615 (1); NDA214985 (1); ANDA087369 (1); ANDA203046 (1); ANDA075885 (1); ANDA086165 (1); ANDA078116 (1); NDA210540 (1); ANDA209724 (1); ANDA090454 (1); ANDA086598 (1); ANDA062826 (1); ANDA060869 (1); NDA020312 (1); NDA018031 (1); NDA022124 (1); ANDA089316 (1); ANDA208989 (1); ANDA203008 (1); ANDA040285 (1); ANDA086535 (1); ANDA210038 (1); ANDA078626 (1); NDA211172 (1); ANDA087211 (1); ANDA060343 (1); ANDA213394 (1); ANDA208445 (1); ANDA203048 (1); ANDA208413 (1); BLA103950 (1); ANDA088653 (1); NDA217630 (1); ANDA206047 (1); ANDA071594 (1); ANDA215583 (1); ANDA202545 (1); ANDA075812 (1); ANDA078976 (1); ANDA080658 (1); ANDA077630 (1); NDA022556 (1); ANDA078857 (1); ANDA210778 (1); ANDA061334 (1); ANDA083618 (1); ANDA210616 (1); ANDA214823 (1); NDA018899 (1); NDA022233 (1); ANDA205332 (1); ANDA083262 (1); ANDA075527 (1); ANDA065447 (1); NDA020486 (1); ANDA209285 (1); NDA014713 (1); ANDA201442 (1); ANDA210171 (1); ANDA091279 (1); ANDA206378 (1); NDA020911 (1); ANDA214559 (1); ANDA062149 (1); ANDA080509 (1); ANDA074776 (1); NDA021704 (1); ANDA207650 (1); NDA010533 (1); ANDA205005 (1); ANDA070115 (1); ANDA213552 (1); NDA020990 (1); ANDA073392 (1); ANDA080198 (1); ANDA075769 (1); ANDA071221 (1); ANDA091285 (1); ANDA084243 (1); ANDA204378 (1); BLA020378 (1); ANDA086743 (1); ANDA078617 (1); ANDA090051 (1); ANDA090538 (1); ANDA202250 (1); ANDA203946 (1); ANDA077301 (1); ANDA202891 (1); NDA020479 (1); NDA021396 (1); ANDA078050 (1); ANDA213438 (1); ANDA201187 (1); ANDA085959 (1); NDA017628 (1); ANDA211499 (1); ANDA077151 (1); NDA020740 (1); ANDA077794 (1); ANDA211623 (1); ANDA214757 (1); ANDA076355 (1); ANDA071937 (1); ANDA209577 (1); ANDA060133 (1); ANDA089041 (1); ANDA062512 (1); ANDA214683 (1); ANDA201049 (1); ANDA088504 (1); ANDA203495 (1); BLA761231 (1); ANDA087518 (1); ANDA208909 (1); BLA761364 (1); ANDA086943 (1); ANDA074812 (1); NDA214697 (1); ANDA206885 (1); ANDA207549 (1); NDA204326 (1); ANDA064031 (1); ANDA204101 (1); ANDA206852 (1); ANDA065510 (1); NDA215344 (1); NDA208743 (1); ANDA203872 (1); ANDA217509 (1); NDA016854 (1); ANDA063067 (1); ANDA202498 (1); ANDA088232 (1); ANDA071136 (1); ANDA203413 (1); NDA018932 (1); ANDA085975 (1); ANDA060516 (1); NDA017371 (1); ANDA076665 (1); ANDA091206 (1); ANDA078287 (1); ANDA209278 (1); ANDA076071 (1); ANDA071985 (1); ANDA207626 (1); ANDA212570 (1); ANDA090464 (1); ANDA085767 (1); NDA018016 (1); NDA021008 (1); ANDA211346 (1); ANDA075846 (1); ANDA062507 (1); ANDA207427 (1); ANDA071828 (1); ANDA074026 (1); ANDA086889 (1); ANDA203966 (1); NDA208223 (1); ANDA083337 (1); ANDA070664 (1); ANDA078129 (1); ANDA065511 (1); ANDA217519 (1); ANDA087744 (1); ANDA071666 (1); ANDA060462 (1); ANDA074358 (1); ANDA215796 (1); ANDA212425 (1); ANDA074840 (1); ANDA215056 (1); ANDA216886 (1); ANDA091413 (1); ANDA085191 (1); ANDA040786 (1); ANDA089598 (1); ANDA076900 (1); NDA021996 (1); ANDA212459 (1); ANDA072300 (1); ANDA088260 (1); ANDA078076 (1); ANDA214699 (1); NDA020497 (1); NDA011657 (1); ANDA062502 (1); NDA018746 (1); NDA022479 (1); ANDA072539 (1); NDA006632 (1); ANDA078695 (1); ANDA075820 (1); NDA050459 (1); ANDA073187 (1); NDA022221 (1); ANDA214514 (1); ANDA204854 (1); NDA022581 (1); ANDA074287 (1); ANDA211323 (1); ANDA202353 (1); ANDA204800 (1); NDA019869 (1); ANDA215561 (1); ANDA074517 (1); ANDA208815 (1); ANDA212056 (1); NDA019678 (1); ANDA087074 (1); ANDA071279 (1); ANDA217870 (1); ANDA206904 (1); ANDA213728 (1); ANDA211194 (1); ANDA215083 (1); ANDA208328 (1); NDA202529 (1); ANDA085076 (1); ANDA214238 (1); NDA019967 (1); ANDA074727 (1); ANDA087613 (1); ANDA075843 (1); ANDA074792 (1); ANDA084803 (1); BLA761278 (1); ANDA203375 (1); ANDA201071 (1); ANDA040728 (1); ANDA089018 (1); ANDA083456 (1); ANDA205258 (1); NDA017560 (1); NDA050739 (1); ANDA071610 (1); ANDA218565 (1); ANDA063265 (1); ANDA203753 (1); ANDA208840 (1); ANDA214512 (1); ANDA204206 (1); ANDA204233 (1); ANDA078488 (1); ANDA076201 (1); ANDA091312 (1); ANDA062440 (1); ANDA071362 (1); ANDA200670 (1); ANDA212050 (1); ANDA062131 (1); NDA208215 (1); ANDA218830 (1); ANDA216625 (1); ANDA207809 (1); ANDA075309 (1); NDA020006 (1); ANDA213344 (1); ANDA209674 (1); ANDA218257 (1); ANDA071500 (1); ANDA070966 (1); ANDA065320 (1); ANDA086513 (1); ANDA065200 (1); ANDA065185 (1); ANDA040751 (1); ANDA076196 (1); ANDA077919 (1); ANDA078092 (1); ANDA072537 (1); ANDA201275 (1); ANDA087389 (1); ANDA091621 (1); ANDA090946 (1); ANDA088342 (1); ANDA077051 (1); ANDA087147 (1); ANDA204994 (1); NDA205985 (1); ANDA213316 (1); ANDA075898 (1); NDA008708 (1); ANDA206534 (1); ANDA206880 (1); ANDA071848 (1); ANDA219075 (1); ANDA063207 (1); NDA016803 (1); NDA021015 (1); ANDA091579 (1); ANDA076110 (1); ANDA085903 (1); ANDA040249 (1); ANDA205897 (1); NDA019500 (1); ANDA087920 (1); ANDA078835 (1); ANDA076876 (1); ANDA200161 (1); ANDA075815 (1); ANDA064062 (1); ANDA203584 (1); BLA208751 (1); ANDA077030 (1); ANDA086157 (1); NDA022517 (1); NDA018868 (1); ANDA070872 (1); ANDA078861 (1); ANDA215522 (1); ANDA077574 (1); ANDA214443 (1); ANDA077327 (1); ANDA085798 (1); ANDA216615 (1); ANDA071383 (1); ANDA208098 (1); ANDA209453 (1); ANDA209594 (1); NDA016704 (1); NDA020083 (1); ANDA204147 (1); NDA021179 (1); NDA016649 (1); ANDA070587 (1); NDA020671 (1); ANDA080258 (1); ANDA213032 (1); ANDA090480 (1); ANDA070475 (1); ANDA080456 (1); ANDA207170 (1); ANDA213725 (1); ANDA074063 (1); ANDA072449 (1); ANDA208727 (1); ANDA201833 (1); NDA017489 (1); ANDA070519 (1); ANDA207985 (1); NDA021862 (1); ANDA071863 (1); ANDA208386 (1); ANDA214781 (1); BLA761315 (1); ANDA061206 (1); ANDA090215 (1); ANDA062588 (1); NDA011265 (1); ANDA077864 (1); ANDA085099 (1); ANDA087689 (1); NDA017694 (1); ANDA084992 (1); ANDA089894 (1); ANDA065412 (1); NDA020458 (1); ANDA209048 (1); ANDA213719 (1); ANDA040465 (1); ANDA070615 (1); ANDA085203 (1); ANDA218514 (1); NDA021946 (1); NDA019125 (1); ANDA212969 (1); ANDA200343 (1); ANDA202893 (1); ANDA204379 (1); ANDA071725 (1); ANDA077462 (1); NDA016729 (1); ANDA208954 (1); ANDA219230 (1); ANDA062414 (1); NDA018160 (1); ANDA072333 (1); ANDA204801 (1); ANDA209955 (1); ANDA215147 (1); NDA016647 (1); ANDA077646 (1); ANDA089503 (1); ANDA212062 (1); ANDA088917 (1); ANDA211143 (1); NDA200795 (1); NDA012787 (1); BLA103158 (1); ANDA204678 (1); NDA018487 (1); NDA022041 (1); ANDA075708 (1); ANDA210215 (1); NDA050549 (1); ANDA209397 (1); NDA019641 (1); NDA020791 (1); NDA205829 (1); NDA207589 (1); ANDA070219 (1); NDA021468 (1); ANDA075091 (1); ANDA085200 (1); NDA019018 (1); ANDA205373 (1); ANDA084363 (1); ANDA210356 (1); ANDA215220 (1); NDA213150 (1); ANDA070487 (1); ANDA210705 (1); ANDA209785 (1); ANDA062286 (1); ANDA040085 (1); ANDA086543 (1); ANDA217334 (1); NDA019383 (1); ANDA088488 (1); ANDA070993 (1); ANDA080767 (1); NDA204592 (1); ANDA087563 (1); NDA203826 (1); ANDA077472 (1); ANDA218411 (1); ANDA081223 (1); ANDA212418 (1); ANDA207487 (1); ANDA073528 (1); ANDA070311 (1); ANDA065375 (1); ANDA201047 (1); ANDA091576 (1); ANDA088631 (1); ANDA078749 (1); ANDA071545 (1); ANDA071921 (1); ANDA210347 (1); ANDA076398 (1); ANDA079242 (1); ANDA077272 (1); NDA018796 (1); ANDA070084 (1); ANDA091244 (1); NDA017806 (1); ANDA075574 (1); ANDA060101 (1); ANDA206710 (1); NDA009645 (1); NDA020263 (1); NDA213312 (1); ANDA061471 (1); NDA205837 (1); ANDA087661 (1); ANDA081050 (1); ANDA084547 (1); ANDA211148 (1); ANDA077903 (1); ANDA212460 (1); NDA021487 (1); ANDA090850 (1); ANDA088407 (1); ANDA071516 (1); BLA125409 (1); ANDA065324 (1); ANDA064048 (1); NDA050317 (1); NDA022011 (1); NDA210493 (1); ANDA077752 (1); ANDA214297 (1); ANDA076536 (1); ANDA065271 (1); NDA050646 (1); ANDA076448 (1); ANDA201949 (1); ANDA202015 (1); ANDA090514 (1); ANDA091123 (1); ANDA070847 (1); ANDA202238 (1); ANDA085820 (1); ANDA078643 (1); NDA213895 (1); ANDA071173 (1); ANDA085509 (1); ANDA207211 (1); ANDA089528 (1); ANDA072551 (1); ANDA202566 (1); ANDA076255 (1); NDA218201 (1); NDA219616 (1); NDA018985 (1); ANDA091182 (1); NDA020231 (1); ANDA083682 (1); ANDA205070 (1); ANDA080474 (1); ANDA085834 (1); ANDA040658 (1); ANDA040795 (1); ANDA077659 (1); ANDA089043 (1); NDA007757 (1); NDA019437 (1); NDA050347 (1); ANDA204879 (1); ANDA203042 (1); ANDA089145 (1); ANDA203079 (1); ANDA074664 (1); NDA204767 (1); ANDA078589 (1); ANDA212545 (1); ANDA065353 (1); ANDA085762 (1); ANDA089526 (1); ANDA087234 (1); NDA020267 (1); ANDA071117 (1); ANDA065443 (1); ANDA087032 (1); ANDA217521 (1); ANDA202662 (1); ANDA071333 (1); BLA761128 (1); ANDA204519 (1); ANDA065506 (1); ANDA215004 (1); NDA019814 (1); ANDA070766 (1); ANDA210726 (1); NDA013621 (1); ANDA078974 (1); ANDA205570 (1); ANDA213903 (1); NDA022572 (1); ANDA062581 (1); ANDA091011 (1); ANDA204755 (1); ANDA061791 (1); ANDA079171 (1); ANDA083064 (1); ANDA090813 (1); NDA012936 (1); ANDA088757 (1); ANDA200294 (1); ANDA084225 (1); ANDA075581 (1); ANDA084479 (1); ANDA084978 (1); NDA020529 (1); ANDA215053 (1); ANDA078477 (1); ANDA080807 (1); ANDA084438 (1); NDA020720 (1); ANDA073529 (1); ANDA073475 (1); ANDA202671 (1); ANDA071369 (1); ANDA204661 (1); ANDA084499 (1); ANDA088322 (1); ANDA089996 (1); ANDA212407 (1); ANDA209560 (1); ANDA062270 (1); ANDA086054 (1); ANDA040460 (1); ANDA211129 (1); ANDA089120 (1); ANDA083317 (1); ANDA074597 (1); ANDA072277 (1); ANDA204319 (1); ANDA078390 (1); ANDA211715 (1); ANDA090397 (1); NDA009112 (1); ANDA077538 (1); ANDA080385 (1); ANDA089513 (1); ANDA203936 (1); NDA002918 (1); ANDA065196 (1); ANDA216807 (1); NDA021227 (1); ANDA090092 (1); ANDA088027 (1); NDA022012 (1); ANDA040318 (1); ANDA217536 (1); ANDA071846 (1); ANDA207000 (1); ANDA075766 (1); ANDA060571 (1); ANDA088599 (1); NDA206769 (1); ANDA040517 (1); ANDA062591 (1); NDA016320 (1); ANDA083163 (1); ANDA078300 (1); ANDA040403 (1); ANDA210962 (1); ANDA040013 (1); ANDA076340 (1); ANDA210260 (1); ANDA217116 (1); NDA017247 (1); ANDA217800 (1); ANDA078956 (1); BLA761161 (1); ANDA209664 (1); ANDA087082 (1); ANDA078943 (1); ANDA065257 (1); ANDA085692 (1); ANDA076422 (1); ANDA074031 (1); NDA219208 (1); ANDA062867 (1); ANDA202936 (1); ANDA203027 (1); ANDA202626 (1); ANDA072768 (1); ANDA207507 (1); BLA761165 (1); ANDA065261 (1); ANDA218067 (1); NDA022207 (1); NDA020542 (1); ANDA083706 (1); ANDA085138 (1); NDA209359 (1); ANDA206392 (1); ANDA089602 (1); NDA213702 (1); ANDA201944 (1); ANDA040144 (1); ANDA065137 (1); ANDA209014 (1); ANDA070960 (1); ANDA084382 (1); ANDA209932 (1); ANDA086366 (1); ANDA063014 (1); ANDA203374 (1); ANDA204842 (1); ANDA061659 (1); ANDA072575 (1); BLA761151 (1); NDA016366 (1); NDA050742 (1); ANDA085418 (1); ANDA070853 (1); ANDA086119 (1); ANDA088073 (1); ANDA079227 (1); ANDA079029 (1); ANDA209393 (1); ANDA086179 (1); NDA206143 (1); ANDA217181 (1); NDA016948 (1); ANDA089907 (1); ANDA040911 (1); ANDA040496 (1); ANDA091431 (1); NDA022247 (1); ANDA208448 (1); ANDA075668 (1); ANDA076794 (1); ANDA040124 (1); ANDA074644 (1); ANDA074756 (1); ANDA087285 (1); NDA019682 (1); ANDA206942 (1); NDA012768 (1); ANDA071782 (1); ANDA208708 (1); ANDA213944 (1); NDA018602 (1); ANDA073141 (1); ANDA079058 (1); ANDA210971 (1); ANDA209402 (1); ANDA212571 (1); NDA205777 (1); ANDA072705 (1); ANDA062981 (1); ANDA089582 (1); ANDA204846 (1); ANDA076528 (1); ANDA083702 (1); ANDA078707 (1); ANDA087759 (1); NDA010996 (1); ANDA086459 (1); ANDA040253 (1); ANDA217987 (1); ANDA079115 (1); ANDA076302 (1); ANDA085364 (1); NDA016297 (1); ANDA084708 (1); NDA006931 (1); NDA016851 (1); ANDA212362 (1); ANDA087458 (1); ANDA208541 (1); ANDA085075 (1); NDA012892 (1); ANDA212557 (1); ANDA217279 (1); ANDA080694 (1); ANDA071288 (1); ANDA200881 (1); ANDA203574 (1); ANDA086026 (1); NDA019129 (1); NDA021368 (1); ANDA089068 (1); ANDA086597 (1); ANDA207266 (1); ANDA086795 (1); ANDA077094 (1); ANDA088770 (1); ANDA209632 (1); ANDA215669 (1); ANDA218606 (1); NDA210296 (1); ANDA085794 (1); ANDA209348 (1); ANDA076057 (1); ANDA202446 (1); ANDA073099 (1); ANDA217071 (1); ANDA090083 (1); ANDA208908 (1); ANDA088948 (1); ANDA084030 (1); ANDA090413 (1); NDA021575 (1); NDA016151 (1); ANDA075458 (1); ANDA072420 (1); NDA020933 (1); NDA018862 (1); NDA021191 (1); NDA021676 (1); NDA015193 (1); NDA212854 (1); NDA202343 (1); NDA050478 (1); ANDA075614 (1); NDA020184 (1); ANDA070621 (1); ANDA208125 (1); ANDA206401 (1); NDA007085 (1); ANDA087225 (1); ANDA080354 (1); ANDA213513 (1); ANDA206884 (1); ANDA077381 (1); ANDA061839 (1); NDA019891 (1); NDA208261 (1); NDA020256 (1); ANDA208782 (1); ANDA215527 (1); NDA200740 (1); NDA050316 (1); ANDA073393 (1); ANDA040613 (1); ANDA087981 (1); ANDA076193 (1); ANDA076409 (1); NDA213422 (1); NDA212268 (1); ANDA084535 (1); NDA018206 (1); ANDA084369 (1); ANDA073364 (1); ANDA209204 (1); NDA050789 (1); NDA203696 (1); ANDA074952 (1); NDA015539 (1); ANDA202683 (1); ANDA062993 (1); ANDA206513 (1); ANDA075728 (1); ANDA075074 (1); ANDA214271 (1); ANDA070293 (1); NDA017047 (1); NDA203952 (1); NDA020699 (1); ANDA210911 (1); NDA022320 (1); ANDA074512 (1); BLA208583 (1); NDA207921 (1); ANDA210698 (1); ANDA206759 (1); NDA203085 (1); ANDA203040 (1); ANDA211724 (1); NDA211882 (1); ANDA086331 (1); ANDA204550 (1); ANDA206876 (1); ANDA202075 (1); ANDA087665 (1); ANDA070710 (1); ANDA204756 (1); NDA017823 (1); NDA206977 (1); ANDA211992 (1); ANDA070184 (1); ANDA219562 (1); NDA019116 (1); ANDA076985 (1); ANDA076558 (1); ANDA088534 (1); ANDA090598 (1); NDA017441 (1); ANDA088280 (1); ANDA073281 (1); ANDA210048 (1); ANDA209599 (1); NDA013294 (1); ANDA075147 (1); ANDA064030 (1); ANDA211301 (1); ANDA065213 (1); ANDA216068 (1); ANDA217178 (1); NDA215310 (1); NDA020631 (1); ANDA202657 (1); ANDA205904 (1); NDA021518 (1); ANDA065439 (1); ANDA077383 (1); ANDA202923 (1); ANDA089124 (1); ANDA040590 (1); ANDA213079 (1); NDA214566 (1); ANDA212103 (1); ANDA084503 (1); ANDA203492 (1); ANDA071267 (1); ANDA071428 (1); ANDA216081 (1); ANDA078020 (1); ANDA210316 (1); ANDA207152 (1); ANDA070777 (1); NDA216352 (1); BLA018263 (1); ANDA088786 (1); ANDA080142 (1); ANDA211917 (1); ANDA208392 (1); BLA020304 (1); ANDA078336 (1); ANDA065274 (1); ANDA076932 (1); ANDA040647 (1); ANDA074997 (1); ANDA085502 (1); NDA007953 (1); NDA021150 (1); ANDA081079 (1); ANDA201687 (1); ANDA201781 (1); ANDA091510 (1); ANDA077535 (1); ANDA091045 (1); ANDA087711 (1); ANDA070368 (1); NDA010971 (1); ANDA207398 (1); ANDA075742 (1); ANDA083136 (1); ANDA217753 (1); NDA021135 (1); ANDA063092 (1); ANDA083128 (1); ANDA075042 (1); ANDA074317 (1); ANDA070365 (1); ANDA075884 (1); ANDA070590 (1); ANDA084950 (1); ANDA202288 (1); ANDA210031 (1); NDA018923 (1); ANDA075656 (1); NDA019334 (1); ANDA203912 (1); NDA020380 (1); ANDA211832 (1); ANDA202902 (1); ANDA213397 (1); ANDA073444 (1); ANDA211004 (1); ANDA070172 (1); ANDA213038 (1); ANDA202651 (1); NDA021689 (1); ANDA072087 (1); NDA022377 (1); ANDA070652 (1); ANDA080985 (1); ANDA084166 (1); ANDA089707 (1); ANDA070696 (1); NDA021381 (1); ANDA204852 (1); ANDA202190 (1); ANDA062155 (1); ANDA040486 (1); ANDA211541 (1); ANDA215808 (1); ANDA214656 (1); ANDA211965 (1); NDA016766 (1); ANDA085598 (1); ANDA216420 (1); NDA020130 (1); ANDA210927 (1); ANDA203687 (1); ANDA206080 (1); ANDA084383 (1); ANDA219248 (1); NDA207987 (1); ANDA206798 (1); ANDA209742 (1); ANDA040379 (1); ANDA215404 (1); NDA018173 (1); ANDA088307 (1); ANDA202102 (1); ANDA073673 (1); ANDA088150 (1); NDA009435 (1); ANDA077751 (1); ANDA078113 (1); ANDA207216 (1); ANDA075761 (1); ANDA212338 (1); ANDA213603 (1); ANDA080731 (1); ANDA087066 (1); ANDA084085 (1); ANDA216120 (1); ANDA205137 (1); NDA021430 (1); ANDA084577 (1); ANDA040760 (1); ANDA209028 (1); ANDA085777 (1); ANDA077351 (1); ANDA209264 (1); ANDA201448 (1); NDA205436 (1); ANDA086213 (1); NDA010251 (1); NDA011446 (1); ANDA202294 (1); ANDA065000 (1); NDA018185 (1); ANDA078470 (1); NDA022499 (1); ANDA075296 (1); NDA018397 (1); ANDA076157 (1); ANDA084343 (1); ANDA074702 (1); ANDA202769 (1); ANDA210162 (1); ANDA210704 (1); NDA216109 (1); ANDA210696 (1); BLA761104 (1); NDA012845 (1); NDA018956 (1); ANDA077310 (1); ANDA210069 (1); ANDA072409 (1); NDA016813 (1); ANDA204002 (1); ANDA204660 (1); ANDA078447 (1); ANDA061888 (1); ANDA204667 (1); ANDA040551 (1); ANDA089351 (1); NDA017020 (1); NDA212516 (1); ANDA211423 (1); ANDA218085 (1); NDA021257 (1); ANDA089635 (1); ANDA208589 (1); ANDA090529 (1); ANDA216323 (1); NDA022048 (1); ANDA071103 (1); ANDA208769 (1); ANDA072759 (1); ANDA076184 (1); ANDA087903 (1); ANDA204469 (1); ANDA090899 (1); ANDA085895 (1); NDA017781 (1); ANDA213158 (1); NDA020474 (1); ANDA206306 (1); ANDA070101 (1); NDA020863 (1); ANDA087819 (1); ANDA218962 (1); ANDA075107 (1); ANDA091286 (1); ANDA076654 (1); NDA212937 (1); ANDA061741 (1); ANDA206568 (1); ANDA089831 (1); ANDA215026 (1); ANDA077661 (1); NDA018069 (1); NDA021549 (1); ANDA204203 (1); ANDA210756 (1); ANDA075975 (1); ANDA076401 (1); ANDA201466 (1); ANDA204980 (1); NDA018735 (1); NDA210115 (1); NDA213491 (1); ANDA088085 (1); NDA021540 (1); ANDA061443 (1); ANDA084244 (1); ANDA213768 (1); NDA019955 (1); ANDA075290 (1); NDA022055 (1); ANDA206197 (1); ANDA070413 (1); NDA204096 (1); ANDA211035 (1); ANDA075825 (1); BLA761235 (1); ANDA080618 (1); ANDA218533 (1); NDA014696 (1); ANDA040169 (1); ANDA070240 (1); ANDA217410 (1); ANDA209442 (1); ANDA071472 (1); ANDA077212 (1); ANDA078791 (1); ANDA088764 (1); ANDA072786 (1); ANDA075750 (1); ANDA089540 (1); ANDA203323 (1); ANDA212567 (1); ANDA214987 (1); ANDA087973 (1); ANDA089361 (1); ANDA078016 (1); ANDA214837 (1); ANDA085150 (1); ANDA085320 (1); ANDA203366 (1); ANDA062460 (1); ANDA212866 (1); ANDA204522 (1); ANDA208721 (1); ANDA205390 (1); ANDA065189 (1); NDA205435 (1); ANDA080884 (1); ANDA070017 (1); ANDA077298 (1); ANDA212456 (1); ANDA090177 (1); ANDA218699 (1); NDA022287 (1); ANDA085146 (1); ANDA040715 (1); NDA200244 (1); ANDA085896 (1); ANDA213854 (1); ANDA088297 (1); ANDA213517 (1); ANDA204476 (1); ANDA204293 (1); ANDA074540 (1); ANDA088758 (1); ANDA207984 (1); ANDA208961 (1); NDA009789 (1); ANDA216916 (1); ANDA203665 (1); NDA013483 (1); ANDA075264 (1); ANDA203468 (1); ANDA205545 (1); NDA016472 (1); NDA018482 (1); ANDA076554 (1); ANDA077605 (1); ANDA091072 (1); ANDA071128 (1); ANDA210921 (1); ANDA201783 (1); ANDA207347 (1); ANDA219055 (1); BLA125104 (1); ANDA207093 (1); NDA009561 (1); ANDA089628 (1); NDA209875 (1); ANDA078920 (1); ANDA089371 (1); ANDA072982 (1); ANDA085506 (1); NDA020169 (1); BLA761052 (1); NDA021162 (1); ANDA083923 (1); NDA204417 (1); ANDA091120 (1); ANDA213927 (1); ANDA200889 (1); ANDA207457 (1); ANDA061606 (1); ANDA211120 (1); NDA050741 (1); ANDA200044 (1); ANDA072838 (1); ANDA203560 (1); ANDA203917 (1); ANDA063169 (1); NDA017087 (1); ANDA084287 (1); ANDA087341 (1); ANDA087313 (1); ANDA217022 (1); ANDA087005 (1); ANDA071860 (1); ANDA210859 (1); ANDA219160 (1); ANDA210445 (1); NDA213681 (1); ANDA075862 (1); ANDA205328 (1); ANDA073590 (1); ANDA217075 (1); NDA018086 (1); ANDA075718 (1); ANDA209056 (1); ANDA070039 (1); ANDA076298 (1); NDA019530 (1); ANDA206116 (1); ANDA071572 (1); ANDA207767 (1); ANDA204606 (1); ANDA204949 (1); ANDA071202 (1); ANDA071146 (1); ANDA090589 (1); ANDA040828 (1); ANDA202938 (1); ANDA207882 (1); ANDA076763 (1); ANDA213404 (1); ANDA090511 (1); ANDA060624 (1); ANDA040731 (1); ANDA203663 (1); NDA020608 (1); ANDA211166 (1); ANDA200626 (1); NDA020974 (1); ANDA207139 (1); ANDA085028 (1); NDA050475 (1); NDA021107 (1); ANDA216511 (1); ANDA216509 (1); ANDA080017 (1); ANDA062949 (1); ANDA070049 (1); ANDA075188 (1); ANDA087392 (1); NDA018959 (1); NDA020593 (1); ANDA089485 (1); ANDA210157 (1); ANDA211894 (1); ANDA040105 (1); ANDA215042 (1); NDA020675 (1); ANDA084689 (1); ANDA062533 (1); ANDA089146 (1); ANDA074726 (1); ANDA208353 (1); NDA205383 (1); ANDA208966 (1); ANDA089081 (1); ANDA070296 (1); ANDA074654 (1); ANDA208544 (1); ANDA091299 (1); NDA020135 (1); ANDA072066 (1); NDA019849 (1); ANDA207137 (1); ANDA203818 (1); ANDA074277 (1); ANDA218412 (1); NDA022267 (1); ANDA212821 (1); ANDA202524 (1); ANDA208764 (1); ANDA086242 (1); ANDA204232 (1); ANDA091048 (1); ANDA200739 (1); ANDA080270 (1); ANDA076569 (1); ANDA086096 (1); ANDA071102 (1); ANDA203293 (1); ANDA212053 (1); ANDA205629 (1); NDA050615 (1); ANDA076594 (1); NDA016807 (1); ANDA064169 (1); ANDA200481 (1); ANDA076346 (1); ANDA089263 (1); ANDA210849 (1); ANDA040673 (1); ANDA085627 (1); NDA019977 (1); ANDA080271 (1); ANDA208198 (1); ANDA070141 (1); ANDA087431 (1); ANDA076973 (1); ANDA078467 (1); ANDA074818 (1); ANDA210208 (1); ANDA078150 (1); NDA008848 (1); ANDA201094 (1); ANDA206483 (1); NDA017892 (1); NDA214047 (1); ANDA206137 (1); ANDA040026 (1); ANDA074119 (1); NDA018004 (1); NDA021624 (1); ANDA040166 (1); NDA016932 (1); ANDA075434 (1); NDA012151 (1); NDA204200 (1); ANDA077194 (1); ANDA070085 (1); ANDA090783 (1); ANDA070233 (1); NDA008719 (1); ANDA212512 (1); ANDA218471 (1); ANDA072344 (1); ANDA087968 (1); NDA012250 (1); ANDA202778 (1); ANDA062885 (1); ANDA078323 (1); ANDA083981 (1); ANDA201914 (1); ANDA209509 (1); ANDA216961 (1); NDA021560 (1); ANDA201336 (1); NDA021592 (1); ANDA076095 (1); ANDA065055 (1); ANDA088676 (1); ANDA062168 (1); NDA016785 (1); ANDA088712 (1); ANDA089220 (1); ANDA207325 (1); ANDA071447 (1); ANDA090049 (1); NDA021797 (1); ANDA075684 (1); ANDA070623 (1); NDA207946 (1); ANDA087646 (1); NDA021845 (1); ANDA088959 (1); ANDA208481 (1); ANDA090073 (1); NDA201688 (1); ANDA084946 (1); ANDA090695 (1); ANDA075560 (1); ANDA208660 (1); NDA014764 (1); ANDA074139 (1); ANDA090938 (1); ANDA217458 (1); ANDA208757 (1); ANDA206218 (1); NDA021083 (1); ANDA074227 (1); ANDA205683 (1); ANDA216418 (1); ANDA062472 (1); NDA201923 (1); NDA050783 (1); ANDA087568 (1); NDA050706 (1); ANDA078898 (1); ANDA209851 (1); ANDA075072 (1); ANDA210240 (1); ANDA065220 (1); ANDA090941 (1); ANDA211189 (1); ANDA202743 (1); ANDA206489 (1); ANDA211063 (1); ANDA201107 (1); ANDA061904 (1); NDA022070 (1); ANDA075844 (1); ANDA091575 (1); ANDA077998 (1); NDA018670 (1); NDA020738 (1); ANDA091091 (1); ANDA087833 (1); ANDA215113 (1); ANDA077090 (1); ANDA212865 (1); ANDA204883 (1); ANDA062166 (1); ANDA076042 (1); ANDA085701 (1); ANDA217215 (1); ANDA077264 (1); ANDA212504 (1); NDA011366 (1); ANDA078261 (1); NDA019683 (1); ANDA076354 (1); ANDA074513 (1); ANDA085641 (1); ANDA074667 (1); ANDA072760 (1); ANDA078558 (1); BLA208471 (1); ANDA209965 (1); ANDA205304 (1); ANDA060851 (1); NDA011228 (1); ANDA070784 (1); ANDA209526 (1); NDA202057 (1); ANDA215575 (1); ANDA065317 (1); ANDA217098 (1); ANDA203067 (1); ANDA062693 (1); NDA018200 (1); ANDA215677 (1); ANDA205487 (1); ANDA202289 (1); ANDA200122 (1); NDA217225 (1); ANDA203186 (1); ANDA074631 (1); ANDA091487 (1); NDA206192 (1); ANDA091488 (1); ANDA202900 (1); NDA011602 (1); ANDA074561 (1); ANDA200022 (1); NDA012524 (1); ANDA071139 (1); ANDA087906 (1); NDA019726 (1); ANDA202652 (1); ANDA077267 (1); ANDA076910 (1); NDA020236 (1); ANDA071816 (1); NDA217933 (1); NDA020207 (1); ANDA077474 (1); ANDA071142 (1); ANDA088121 (1); ANDA076092 (1); ANDA200302 (1); ANDA214256 (1); ANDA088273 (1); ANDA078421 (1); ANDA088290 (1); ANDA203378 (1); ANDA218278 (1); ANDA086842 (1); ANDA207261 (1); NDA021029 (1); ANDA204394 (1); ANDA084384 (1); NDA020491 (1); ANDA076906 (1); ANDA080336 (1); ANDA081008 (1); NDA209355 (1); ANDA077244 (1); ANDA085175 (1); ANDA208806 (1); ANDA212078 (1); ANDA040736 (1); ANDA204759 (1); NDA019264 (1); ANDA077173 (1); ANDA212958 (1); ANDA070442 (1); ANDA203601 (1); ANDA207676 (1); ANDA211979 (1); ANDA088614 (1); NDA020975 (1); ANDA204467 (1); ANDA080159 (1); ANDA073318 (1); NDA022118 (1); NDA020472 (1); ANDA090459 (1); NDA020981 (1); ANDA073591 (1); NDA019753 (1); ANDA213951 (1); ANDA201970 (1); ANDA075432 (1); NDA202515 (1); ANDA074575 (1); ANDA040777 (1); ANDA218252 (1); ANDA210678 (1); NDA050308 (1); ANDA060076 (1); ANDA217845 (1); ANDA078411 (1); ANDA070520 (1); ANDA091137 (1); ANDA203480 (1); ANDA080078 (1); ANDA088222 (1); ANDA070864 (1); ANDA088551 (1); ANDA074910 (1); ANDA060060 (1); ANDA212129 (1); NDA020627 (1); ANDA075451 (1); ANDA040081 (1); ANDA206857 (1); ANDA204413 (1); NDA210656 (1); NDA210166 (1); NDA017830 (1); ANDA205222 (1); ANDA213120 (1); ANDA065059 (1); NDA021903 (1); ANDA205237 (1); ANDA076235 (1); ANDA204950 (1); ANDA204439 (1); ANDA040713 (1); NDA020353 (1); ANDA204674 (1); ANDA085737 (1); ANDA077624 (1); ANDA213588 (1); ANDA065391 (1); NDA019797 (1); ANDA214068 (1); NDA018342 (1); ANDA071611 (1); ANDA208667 (1); NDA205909 (1); ANDA077637 (1); ANDA074633 (1); ANDA076885 (1); NDA214952 (1); ANDA204741 (1); ANDA207384 (1); ANDA075102 (1); ANDA202036 (1); NDA017771 (1); ANDA089783 (1); ANDA077699 (1); ANDA085365 (1); NDA020519 (1); NDA018080 (1); ANDA086552 (1); NDA019863 (1); ANDA202620 (1); NDA020771 (1); NDA021286 (1); NDA060014 (1); NDA020866 (1); NDA011964 (1); ANDA070044 (1); ANDA088780 (1); NDA018598 (1); NDA212849 (1); ANDA065035 (1); ANDA076582 (1); NDA203567 (1); ANDA073459 (1); ANDA077171 (1); ANDA063329 (1); BLA761177 (1); ANDA209538 (1); ANDA072431 (1); ANDA207076 (1); ANDA091269 (1); ANDA216130 (1); ANDA075882 (1); ANDA065343 (1); NDA214581 (1); ANDA070011 (1); ANDA090519 (1); NDA022396 (1); ANDA062464 (1); ANDA065184 (1); ANDA214046 (1); NDA022519 (1); ANDA060073 (1); ANDA075969 (1); ANDA215705 (1); ANDA083754 (1); NDA202211 (1); ANDA215057 (1); ANDA078640 (1); NDA019957 (1); NDA203388 (1); ANDA073592 (1); ANDA212606 (1); NDA212155 (1); ANDA203164 (1); NDA207986 (1); ANDA208972 (1); ANDA089030 (1); ANDA076051 (1); ANDA076570 (1); ANDA212806 (1); ANDA213740 (1); ANDA219535 (1); ANDA085817 (1); ANDA085461 (1); NDA020756 (1); ANDA207181 (1); ANDA071429 (1); ANDA216999 (1); ANDA072219 (1); ANDA085347 (1); NDA017408 (1); ANDA204057 (1); ANDA070138 (1); ANDA083364 (1); ANDA074953 (1); ANDA071077 (1); ANDA210124 (1); ANDA063116 (1); NDA011552 (1); ANDA078355 (1); ANDA063022 (1); ANDA061016 (1); ANDA062932 (1); ANDA086917 (1); ANDA209162 (1); ANDA080403 (1); NDA021124 (1); ANDA070566 (1); ANDA090948 (1); ANDA203619 (1); ANDA071405 (1); ANDA077287 (1); ANDA040432 (1); ANDA075193 (1); ANDA211291 (1); ANDA202285 (1); ANDA065223 (1); ANDA086926 (1); ANDA206698 (1); ANDA201505 (1); ANDA206879 (1); NDA018582 (1); ANDA076644 (1); ANDA062421 (1); ANDA071012 (1); ANDA071113 (1); ANDA070956 (1); ANDA072122 (1); ANDA207189 (1); ANDA213195 (1); ANDA062067 (1); ANDA209030 (1); ANDA061037 (1); ANDA071660 (1); ANDA076766 (1); NDA007073 (1); ANDA218169 (1); NDA021977 (1); ANDA216604 (1); ANDA205654 (1); ANDA071209 (1); NDA019498 (1); ANDA218314 (1); ANDA205722 (1); ANDA214283 (1); ANDA216545 (1); ANDA205634 (1); ANDA211433 (1); ANDA211563 (1); ANDA062772 (1); ANDA087111 (1); ANDA208970 (1); NDA022325 (1); ANDA201212 (1); ANDA078955 (1); ANDA090715 (1); ANDA212485 (1); ANDA090145 (1); ANDA203521 (1); ANDA206735 (1); ANDA080491 (1); ANDA072919 (1); ANDA203019 (1); ANDA090911 (1); ANDA089200 (1); ANDA078329 (1); ANDA087068 (1); NDA020114 (1); ANDA065235 (1); NDA050006 (1); ANDA202440 (1); ANDA088680 (1); ANDA090433 (1); ANDA076939 (1); ANDA070169 (1); ANDA071011 (1); ANDA213233 (1); ANDA083571 (1); ANDA071756 (1); ANDA070762 (1); ANDA210527 (1); ANDA080563 (1); ANDA062241 (1); ANDA076709 (1); ANDA074267 (1); ANDA209781 (1); ANDA073543 (1); ANDA075256 (1); ANDA060577 (1); ANDA211364 (1); ANDA064211 (1); ANDA075374 (1); ANDA077114 (1); ANDA070920 (1); ANDA040104 (1); ANDA072637 (1); ANDA074351 (1); ANDA085303 (1); NDA020411 (1); ANDA208942 (1); ANDA089784 (1); ANDA203203 (1); ANDA071082 (1); BLA125513 (1); ANDA202279 (1); ANDA205539 (1); NDA209299 (1); ANDA040192 (1); NDA015923 (1); ANDA073055 (1); ANDA070775 (1); ANDA208973 (1); NDA020372 (1); NDA019190 (1); ANDA078785 (1); ANDA088348 (1); ANDA211846 (1); ANDA040390 (1); NDA050591 (1); BLA761322 (1); ANDA065151 (1); ANDA076488 (1); ANDA086028 (1); ANDA071778 (1); ANDA212769 (1); ANDA077937 (1); NDA016793 (1); ANDA202368 (1); NDA218550 (1); ANDA204866 (1); ANDA074582 (1); ANDA075818 (1); ANDA064056 (1); NDA218623 (1); ANDA084290 (1); NDA018508 (1); ANDA203037 (1); ANDA091497 (1); ANDA040654 (1); ANDA200482 (1); NDA021308 (1); ANDA088893 (1); ANDA077091 (1); NDA017244 (1); ANDA205794 (1); NDA018017 (1); ANDA217375 (1); ANDA216282 (1); ANDA077425 (1); ANDA205030 (1); NDA205488 (1); ANDA211505 (1); NDA019217 (1); ANDA204268 (1); ANDA211523 (1); ANDA076439 (1); ANDA074229 (1); ANDA210935 (1); NDA020864 (1); ANDA074007 (1); ANDA210153 (1); ANDA211893 (1); ANDA214236 (1); NDA209939 (1); NDA211270 (1); ANDA207934 (1); ANDA218129 (1); ANDA212542 (1); ANDA211827 (1); ANDA071809 (1); ANDA216674 (1); ANDA071645 (1); ANDA201851 (1); ANDA211029 (1); ANDA207243 (1); ANDA062036 (1); ANDA203132 (1); NDA209830 (1); NDA050219 (1); ANDA065060 (1); NDA021980 (1); ANDA091345 (1); ANDA210753 (1); BLA761042 (1); ANDA205404 (1); NDA021114 (1); ANDA080556 (1); ANDA089066 (1); ANDA078322 (1); ANDA088811 (1); ANDA204278 (1); ANDA072509 (1); NDA018897 (1); ANDA088510 (1); ANDA078829 (1); ANDA215364 (1); ANDA204243 (1); BLA021273 (1); ANDA213219 (1); ANDA217992 (1); ANDA070135 (1); NDA050551 (1); ANDA071208 (1); ANDA089158 (1); ANDA208405 (1); ANDA207138 (1); NDA016678 (1); ANDA207304 (1); NDA204915 (1); ANDA040702 (1); ANDA085025 (1); ANDA061954 (1); ANDA210118 (1); NDA020123 (1); ANDA075631 (1); ANDA205075 (1); NDA215211 (1); ANDA090273 (1); ANDA217086 (1); ANDA076612 (1); ANDA206036 (1); ANDA072086 (1); ANDA213915 (1); ANDA070087 (1); NDA018117 (1); ANDA083583 (1); ANDA215316 (1); ANDA080421 (1); ANDA087192 (1); NDA050523 (1); ANDA206760 (1); ANDA077237 (1); ANDA091558 (1); ANDA088929 (1); ANDA086166 (1); ANDA070216 (1); ANDA202723 (1); ANDA088316 (1); NDA020578 (1); NDA006920 (1); ANDA090794 (1); ANDA080727 (1); ANDA202572 (1); NDA020178 (1); ANDA078233 (1); ANDA084176 (1); ANDA085603 (1); ANDA088318 (1); NDA022180 (1); ANDA071926 (1); ANDA207639 (1); ANDA208428 (1); ANDA207101 (1); ANDA072076 (1); ANDA084549 (1); ANDA210154 (1); ANDA200164 (1); ANDA206616 (1); BLA761425 (1); ANDA216637 (1); ANDA088149 (1); ANDA073398 (1); ANDA202321 (1); ANDA090486 (1); ANDA088186 (1); NDA213535 (1); NDA020310 (1); NDA018927 (1); NDA205849 (1); ANDA209659 (1); ANDA072765 (1); ANDA087011 (1); NDA019204 (1); ANDA074105 (1); ANDA207515 (1); ANDA214822 (1); ANDA086813 (1); ANDA206856 (1); NDA050581 (1); ANDA210126 (1); BLA761201 (1); NDA021504 (1); ANDA210081 (1); ANDA085233 (1); ANDA077147 (1); ANDA215086 (1); ANDA061605 (1); ANDA206286 (1); NDA050183 (1); ANDA077966 (1); ANDA089325 (1); ANDA075205 (1); NDA010895 (1); ANDA071214 (1); ANDA218135 (1); NDA208612 (1); ANDA060687 (1); ANDA074449 (1); ANDA216368 (1); ANDA202164 (1); ANDA070428 (1); ANDA090816 (1); ANDA062504 (1); NDA214012 (1); ANDA074120 (1); NDA018613 (1); ANDA081002 (1); ANDA077404 (1); ANDA085141 (1); NDA017484 (1); ANDA211478 (1); ANDA040307 (1); ANDA072204 (1); ANDA070756 (1); ANDA207381 (1); NDA020811 (1); ANDA077130 (1); ANDA078803 (1); NDA019329 (1); ANDA076093 (1); ANDA203082 (1); ANDA040102 (1); ANDA211852 (1); NDA021753 (1); ANDA080442 (1); NDA021673 (1); ANDA040048 (1); ANDA212952 (1); ANDA072966 (1); ANDA088143 (1); ANDA040119 (1); ANDA203573 (1); ANDA070254 (1); ANDA070453 (1); ANDA083740 (1); ANDA200406 (1); ANDA210596 (1); ANDA083855 (1); ANDA071111 (1); NDA022282 (1); NDA012093 (1); NDA018107 (1); NDA205843 (1); NDA212839 (1); ANDA063107 (1); ANDA211066 (1); ANDA207535 (1); ANDA211834 (1); ANDA215787 (1); ANDA215067 (1); ANDA075008 (1); NDA207960 (1); ANDA211096 (1); NDA210583 (1); ANDA205933 (1); ANDA085484 (1); ANDA063112 (1); ANDA215365 (1); NDA006917 (1); ANDA040137 (1); ANDA090188 (1); ANDA206969 (1); ANDA070439 (1); ANDA204315 (1); ANDA215550 (1); ANDA084457 (1); ANDA077558 (1); ANDA090121 (1); ANDA210163 (1); ANDA212706 (1); ANDA211232 (1); ANDA075185 (1); ANDA210066 (1); NDA021526 (1); ANDA216063 (1); ANDA207463 (1); ANDA075553 (1); ANDA212857 (1); BLA761058 (1); ANDA209535 (1); NDA012265 (1); ANDA075411 (1); NDA019010 (1); NDA206111 (1); ANDA214442 (1); ANDA088308 (1); ANDA080100 (1); ANDA090146 (1); ANDA206055 (1); ANDA216229 (1); ANDA210892 (1); NDA201803 (1); ANDA040675 (1); ANDA090237 (1); ANDA087368 (1); NDA209260 (1); ANDA077357 (1); ANDA215828 (1); ANDA216552 (1); ANDA210384 (1); ANDA080366 (1); ANDA206956 (1); NDA018682 (1); ANDA203072 (1); ANDA075165 (1); ANDA077684 (1); ANDA204746 (1); ANDA210307 (1); ANDA070222 (1); ANDA083937 (1); NDA212501 (1); ANDA086544 (1); NDA019462 (1); NDA020926 (1); NDA210884 (1); NDA018553 (1); ANDA200477 (1); NDA021222 (1); NDA021994 (1); ANDA076603 (1); ANDA202350 (1); NDA021812 (1); NDA050589 (1); ANDA089234 (1); NDA204655 (1); ANDA212788 (1); NDA018841 (1); ANDA089988 (1); ANDA076842 (1); NDA050093 (1); ANDA074613 (1); ANDA212328 (1); ANDA211775 (1); NDA019574 (1); ANDA090037 (1); ANDA065143 (1); ANDA040757 (1); ANDA087367 (1); ANDA087508 (1); NDA010753 (1); ANDA071315 (1); ANDA075567 (1); ANDA072418 (1); ANDA213708 (1); NDA050664 (1); ANDA202047 (1); ANDA210900 (1); ANDA073085 (1); ANDA078950 (1); ANDA203762 (1); ANDA077483 (1); NDA208276 (1); ANDA080414 (1); ANDA211420 (1); NDA214032 (1); ANDA214379 (1); ANDA076291 (1); ANDA040466 (1); ANDA210249 (1); ANDA083903 (1); ANDA074594 (1); ANDA205479 (1); ANDA203708 (1); ANDA064140 (1); ANDA075593 (1); NDA021604 (1); ANDA214735 (1); ANDA062342 (1); ANDA083892 (1); ANDA210160 (1); ANDA204778 (1); ANDA071238 (1); ANDA040527 (1); ANDA077102 (1); ANDA076640 (1); NDA203684 (1); ANDA077780 (1); NDA020220 (1); ANDA219194 (1); NDA020780 (1); ANDA089464 (1); NDA018027 (1); BLA761171 (1); NDA019425 (1); ANDA077502 (1); ANDA084443 (1); ANDA076684 (1); ANDA206982 (1); ANDA070518 (1); ANDA064159 (1); ANDA217988 (1); ANDA071994 (1); ANDA080756 (1); ANDA090682 (1); NDA014103 (1); NDA021746 (1); ANDA213291 (1); ANDA201893 (1); NDA050558 (1); ANDA084378 (1); ANDA065290 (1); ANDA215584 (1); ANDA205672 (1); ANDA209611 (1); ANDA205348 (1); NDA009344 (1); ANDA214897 (1); ANDA088610 (1); ANDA204015 (1); ANDA075479 (1); NDA050194 (1); ANDA201993 (1); ANDA077839 (1); NDA021201 (1); ANDA074356 (1); NDA018872 (1); ANDA083179 (1); ANDA088191 (1); ANDA070377 (1); ANDA087278 (1); ANDA207989 (1); ANDA207044 (1); ANDA088231 (1); ANDA080819 (1); ANDA075571 (1); ANDA202583 (1); NDA021145 (1); NDA217865 (1); ANDA208824 (1); ANDA211318 (1); ANDA091216 (1); NDA205712 (1); ANDA080341 (1); ANDA217303 (1); ANDA074322 (1); ANDA088633 (1); ANDA070445 (1); NDA018686 (1); ANDA040537 (1); NDA021920 (1); ANDA083061 (1); ANDA206468 (1); ANDA211788 (1); ANDA201749 (1); NDA021282 (1); ANDA077547 (1); NDA019014 (1); NDA017098 (1); ANDA076872 (1); NDA216578 (1); ANDA080625 (1); ANDA208635 (1); ANDA218306 (1); ANDA087557 (1); ANDA076500 (1); NDA017079 (1); ANDA202337 (1); ANDA075522 (1); ANDA075393 (1); ANDA061717 (1); ANDA075899 (1); NDA205494 (1); ANDA071671 (1); ANDA216003 (1); ANDA078654 (1); ANDA040608 (1); ANDA206588 (1); NDA010515 (1); ANDA072711 (1); ANDA075916 (1); ANDA204591 (1); ANDA087131 (1); ANDA203030 (1); NDA020091 (1); ANDA212694 (1); ANDA076664 (1); NDA210303 (1); ANDA070400 (1); BLA761232 (1); ANDA078865 (1); ANDA206408 (1); ANDA213585 (1); ANDA205257 (1); ANDA070992 (1); BLA761388 (1); ANDA062881 (1); NDA019432 (1); ANDA070444 (1); ANDA213532 (1); ANDA080492 (1); ANDA204849 (1); ANDA202269 (1); ANDA213709 (1); NDA021392 (1); NDA022395 (1); ANDA212977 (1); ANDA216055 (1); ANDA070338 (1); NDA050406 (1); ANDA040542 (1); ANDA210968 (1); ANDA077491 (1); ANDA079162 (1); ANDA040746 (1); ANDA072319 (1); NDA018156 (1); ANDA040126 (1); ANDA209239 (1); NDA019855 (1); ANDA040516 (1); NDA202429 (1); ANDA206203 (1); ANDA217411 (1); ANDA083899 (1); ANDA070724 (1); ANDA074166 (1); ANDA074366 (1); ANDA074060 (1); ANDA201952 (1); ANDA204964 (1); ANDA076359 (1); ANDA040366 (1); ANDA062565 (1); NDA022257 (1); ANDA077784 (1); NDA021902 (1); NDA211964 (1); ANDA090014 (1); NDA018963 (1); BLA761275 (1); ANDA075703 (1); BLA761078 (1); ANDA088941 (1); NDA018376 (1); NDA018507 (1); BLA018663 (1); ANDA201382 (1); ANDA218204 (1); NDA019518 (1); ANDA072162 (1); ANDA215971 (1); NDA021265 (1); ANDA078715 (1); NDA017584 (1); ANDA085958 (1); NDA207937 (1); ANDA085374 (1); ANDA071767 (1); ANDA207116 (1); ANDA061454 (1); ANDA212762 (1); NDA018462 (1); ANDA074311 (1); ANDA072928 (1); ANDA088848 (1); ANDA090900 (1); ANDA212196 (1); NDA217684 (1); ANDA207552 (1); ANDA040120 (1); ANDA209947 (1); ANDA076775 (1); ANDA083013 (1); ANDA087878 (1); ANDA209485 (1); NDA214375 (1); ANDA216912 (1); NDA201373 (1); NDA216483 (1); ANDA075331 (1); NDA211580 (1); ANDA072922 (1); ANDA071133 (1); ANDA040618 (1); ANDA070266 (1); NDA021762 (1); ANDA089754 (1); ANDA070356 (1); ANDA216103 (1); ANDA078012 (1); ANDA088989 (1); ANDA212002 (1); NDA019649 (1); ANDA207099 (1); ANDA088254 (1); ANDA088399 (1); ANDA202705 (1); NDA017716 (1); ANDA077473 (1); ANDA211476 (1); ANDA205574 (1); ANDA212808 (1); NDA214408 (1); ANDA040050 (1); ANDA078052 (1); NDA017471 (1); NDA205579 (1); ANDA040236 (1); ANDA203023 (1); ANDA213145 (1); ANDA075238 (1); ANDA087750 (1); ANDA087154 (1); ANDA061187 (1); ANDA206606 (1); ANDA207370 (1); ANDA072371 (1); ANDA208819 (1); ANDA083951 (1); ANDA088679 (1); ANDA209507 (1); ANDA077723 (1); BLA761179 (1); ANDA089426 (1); NDA214410 (1); ANDA078433 (1); NDA017388 (1); ANDA088815 (1); ANDA088595 (1); NDA213400 (1); ANDA219142 (1); ANDA212688 (1); ANDA071748 (1); ANDA213453 (1); ANDA089457 (1); NDA021146 (1); NDA014685 (1); ANDA203503 (1); ANDA085299 (1); ANDA208236 (1); ANDA088649 (1); ANDA205622 (1); ANDA076903 (1); ANDA210931 (1); ANDA071935 (1); ANDA211295 (1); ANDA070546 (1); ANDA078602 (1); ANDA080280 (1); NDA022485 (1); ANDA212357 (1); ANDA085402 (1); ANDA207479 (1); ANDA206608 (1); ANDA077013 (1); ANDA090762 (1); ANDA072020 (1); ANDA205790 (1); ANDA216891 (1); NDA018785 (1); ANDA062446 (1); ANDA078443 (1); ANDA080530 (1); ANDA212077 (1); ANDA214129 (1); ANDA202985 (1); ANDA070091 (1); ANDA085222 (1); ANDA078247 (1); ANDA200298 (1); ANDA213115 (1); ANDA088721 (1); ANDA065420 (1); ANDA201538 (1); ANDA216324 (1); ANDA040581 (1); NDA017656 (1); ANDA084639 (1); ANDA207580 (1); NDA009000 (1); ANDA074220 (1); ANDA084735 (1); ANDA088171 (1); ANDA209543 (1); ANDA217489 (1); ANDA063186 (1); ANDA078203 (1); NDA021311 (1); ANDA089743 (1); NDA007413 (1); ANDA201533 (1); ANDA088588 (1); ANDA202375 (1); ANDA072429 (1); ANDA060429 (1); ANDA200196 (1); NDA012209 (1); ANDA215907 (1); NDA216820 (1); ANDA213237 (1); ANDA085455 (1); ANDA205905 (1); ANDA202772 (1); ANDA077048 (1); ANDA080997 (1); ANDA075607 (1); ANDA074534 (1); ANDA207383 (1); NDA020692 (1); ANDA213209 (1); ANDA061528 (1); ANDA070275 (1); ANDA208228 (1); ANDA215636 (1); ANDA085388 (1); ANDA208643 (1); ANDA090623 (1); ANDA211135 (1); ANDA090688 (1); ANDA070051 (1); BLA761175 (1); ANDA071936 (1); ANDA078591 (1); ANDA085231 (1); ANDA212748 (1); ANDA080409 (1); ANDA210717 (1); NDA019865 (1); ANDA202017 (1); ANDA040789 (1); ANDA088134 (1); NDA021388 (1); ANDA084756 (1); NDA209964 (1); ANDA090493 (1); ANDA091687 (1); ANDA083329 (1); ANDA206569 (1); ANDA208596 (1); ANDA070431 (1); ANDA075763 (1); ANDA086148 (1); ANDA075557 (1); ANDA078545 (1); ANDA065283 (1); ANDA203685 (1); NDA018063 (1); NDA021046 (1); ANDA075642 (1); ANDA202490 (1); ANDA075270 (1); ANDA211050 (1); ANDA078645 (1); ANDA204197 (1); BLA125370 (1); ANDA040314 (1); ANDA205823 (1); NDA020468 (1); NDA208944 (1); ANDA064192 (1); NDA206302 (1); ANDA089489 (1); ANDA207467 (1); ANDA201170 (1); ANDA040821 (1); ANDA084268 (1); ANDA202754 (1); NDA022401 (1); ANDA070547 (1); ANDA084031 (1); NDA050445 (1); ANDA076737 (1); ANDA210092 (1); NDA003402 (1); ANDA083363 (1); ANDA203107 (1); ANDA077139 (1); NDA208945 (1); NDA020520 (1); ANDA087479 (1); ANDA088973 (1); ANDA065370 (1); ANDA077812 (1); ANDA089454 (1); ANDA071413 (1); ANDA061086 (1); ANDA204637 (1); ANDA091113 (1); ANDA074900 (1); ANDA074149 (1); ANDA075014 (1); ANDA201886 (1); NDA209112 (1); ANDA216906 (1); NDA021720 (1); ANDA080313 (1); NDA006905 (1); ANDA087639 (1); ANDA207673 (1); ANDA086358 (1); ANDA209532 (1); ANDA216941 (1); ANDA215936 (1); NDA020882 (1); ANDA091399 (1); ANDA087591 (1); NDA011467 (1); ANDA217153 (1); ANDA211277 (1); NDA021519 (1); NDA020118 (1); ANDA210544 (1); ANDA088518 (1); NDA020622 (1); NDA208264 (1); ANDA207957 (1); ANDA216537 (1); ANDA087940 (1); NDA213072 (1); ANDA078378 (1); ANDA215762 (1); ANDA204170 (1); NDA020634 (1); ANDA212744 (1); NDA020080 (1); ANDA070940 (1); NDA212161 (1); ANDA091588 (1); NDA212642 (1); ANDA209255 (1); ANDA072973 (1); ANDA213278 (1); ANDA086417 (1); ANDA215542 (1); ANDA077703 (1); ANDA065109 (1); ANDA061984 (1); ANDA074893 (1); ANDA091151 (1); ANDA062087 (1); ANDA075180 (1); NDA021217 (1); ANDA204771 (1); ANDA210719 (1); ANDA087547 (1); ANDA200888 (1); ANDA088934 (1); NDA206162 (1); ANDA089517 (1); ANDA205006 (1); ANDA211298 (1); ANDA077424 (1); ANDA088139 (1); ANDA204025 (1); ANDA202419 (1); NDA020601 (1); ANDA091409 (1); ANDA089532 (1); ANDA214366 (1); ANDA086145 (1); ANDA210963 (1); ANDA215478 (1); ANDA205426 (1); NDA209819 (1); ANDA078503 (1); ANDA215629 (1); ANDA216232 (1); NDA209988 (1); ANDA080415 (1); NDA021287 (1); ANDA070486 (1); ANDA074712 (1); NDA050675 (1); ANDA040543 (1); ANDA085606 (1); ANDA205017 (1); ANDA087318 (1); ANDA091490 (1); ANDA072485 (1); ANDA204180 (1); NDA050612 (1); NDA203255 (1); ANDA078399 (1); ANDA062876 (1); ANDA213406 (1); ANDA206342 (1); NDA018655 (1); NDA019718 (1); NDA209176 (1); ANDA212440 (1); ANDA205139 (1); ANDA062921 (1); ANDA070142 (1); ANDA202828 (1); NDA018353 (1); ANDA208600 (1); ANDA211575 (1); ANDA079046 (1); ANDA089897 (1); ANDA207498 (1); ANDA074720 (1); ANDA086810 (1); ANDA213917 (1); NDA018340 (1); ANDA210667 (1); NDA020962 (1); ANDA071063 (1); NDA219209 (1); NDA019696 (1); ANDA203349 (1); ANDA202859 (1); ANDA203478 (1); ANDA210454 (1); ANDA208920 (1); ANDA070154 (1); ANDA080693 (1); ANDA090231 (1); NDA213581 (1); NDA020776 (1); ANDA083536 (1); ANDA207935 (1); ANDA091695 (1); ANDA080907 (1); NDA016763 (1); ANDA065362 (1); ANDA074076 (1); ANDA200218 (1); ANDA204603 (1); ANDA086410 (1); ANDA090526 (1); ANDA074136 (1); NDA021039 (1); NDA208552 (1); NDA013092 (1); ANDA074884 (1); ANDA071292 (1); ANDA089373 (1); ANDA081224 (1); ANDA087908 (1); NDA019281 (1); ANDA071537 (1); ANDA091055 (1); ANDA208997 (1); ANDA202103 (1); ANDA211312 (1); ANDA064084 (1); ANDA062831 (1); ANDA211259 (1); ANDA200148 (1); ANDA074650 (1); ANDA209731 (1); ANDA216164 (1); ANDA070411 (1); NDA050521 (1); NDA022235 (1); NDA020516 (1); NDA020528 (1); ANDA204120 (1); NDA022279 (1); ANDA091152 (1); ANDA074395 (1); ANDA073308 (1); ANDA215979 (1); ANDA205887 (1); ANDA089264 (1); ANDA210097 (1); ANDA077622 (1); ANDA206100 (1); BLA761263 (1); ANDA206771 (1); ANDA210354 (1); ANDA065329 (1); ANDA090135 (1); ANDA085014 (1); NDA018037 (1); ANDA212990 (1); ANDA212143 (1); ANDA070813 (1); ANDA073058 (1); ANDA086107 (1); ANDA202132 (1); NDA012026 (1); ANDA209419 (1); ANDA078277 (1); NDA021494 (1); ANDA087765 (1); ANDA205363 (1); NDA017031 (1); ANDA201762 (1); ANDA203384 (1); NDA020845 (1); ANDA207875 (1); ANDA088462 (1); ANDA200856 (1); NDA008372 (1); NDA020723 (1); ANDA214890 (1); ANDA061894 (1); ANDA087556 (1); ANDA073524 (1); ANDA088311 (1); ANDA071480 (1); NDA021726 (1); ANDA210083 (1); NDA017556 (1); ANDA088885 (1); NDA019081 (1); ANDA084272 (1); ANDA075494 (1); ANDA065122 (1); ANDA206198 (1); NDA019713 (1); ANDA077440 (1); ANDA087854 (1); ANDA065513 (1); ANDA204106 (1); ANDA207194 (1); NDA020788 (1); ANDA070152 (1); ANDA071457 (1); NDA021669 (1); NDA021086 (1); ANDA077055 (1); ANDA214529 (1); NDA018592 (1); ANDA078087 (1); ANDA078885 (1); NDA013601 (1); ANDA075138 (1); NDA020769 (1); ANDA202329 (1); ANDA208202 (1); ANDA210663 (1); ANDA076368 (1); NDA211651 (1); ANDA075740 (1); ANDA088638 (1); ANDA206721 (1); NDA018504 (1); ANDA088361 (1); NDA020936 (1); NDA010210 (1); ANDA062216 (1); ANDA205975 (1); ANDA078406 (1); ANDA090491 (1); NDA011276 (1); ANDA072135 (1); ANDA206741 (1); ANDA062797 (1); ANDA074679 (1); NDA016741 (1); ANDA203063 (1); ANDA074977 (1); ANDA077969 (1); ANDA202740 (1); NDA021732 (1); ANDA216252 (1); ANDA212638 (1); NDA021435 (1); ANDA206881 (1); ANDA205055 (1); NDA019822 (1); ANDA212514 (1); ANDA211757 (1); ANDA070602 (1); ANDA062612 (1); ANDA074635 (1); NDA020142 (1); NDA022311 (1); ANDA071364 (1); ANDA072332 (1); ANDA086013 (1); ANDA208581 (1); ANDA212364 (1); NDA022150 (1); NDA209394 (1); NDA020213 (1); ANDA218045 (1); ANDA211088 (1); ANDA208252 (1); ANDA088829 (1); NDA205865 (1); ANDA091688 (1); ANDA211908 (1); ANDA211347 (1); ANDA091475 (1); ANDA040151 (1); ANDA078577 (1); ANDA078730 (1); ANDA206214 (1); ANDA065050 (1); ANDA203694 (1); ANDA204560 (1); ANDA208967 (1); ANDA209860 (1); ANDA202605 (1); NDA019438 (1); ANDA070221 (1); ANDA084204 (1); NDA205827 (1); ANDA084662 (1); NDA021775 (1); ANDA076242 (1); ANDA080973 (1); ANDA088229 (1); ANDA089786 (1); ANDA091108 (1); NDA213224 (1); NDA021231 (1); ANDA078872 (1); ANDA201831 (1); ANDA079112 (1); ANDA072253 (1); ANDA217725 (1); ANDA088693 (1); ANDA077971 (1); ANDA086405 (1); ANDA040822 (1); ANDA213508 (1); BLA761183 (1); ANDA078027 (1); NDA016097 (1); ANDA085910 (1); ANDA078531 (1); ANDA077662 (1); ANDA074552 (1); NDA208609 (1); ANDA071755 (1); ANDA204461 (1); NDA215814 (1); ANDA084846 (1); NDA203214 (1); ANDA211571 (1); NDA201153 (1); NDA017557 (1); ANDA210315 (1); ANDA204468 (1); ANDA086123 (1); NDA020258 (1); ANDA078302 (1); ANDA202338 (1); ANDA071486 (1); ANDA215587 (1); ANDA212137 (1); ANDA075797 (1); ANDA208955 (1); ANDA077660 (1); NDA018138 (1); ANDA090187 (1); ANDA216004 (1); ANDA084696 (1); NDA018654 (1); ANDA089267 (1); ANDA201675 (1); ANDA216899 (1); NDA004039 (1); ANDA062247 (1); ANDA215058 (1); ANDA209750 (1); ANDA202624 (1); ANDA078711 (1); ANDA087128 (1); ANDA040258 (1); ANDA077063 (1); ANDA076538 (1); NDA020757 (1); NDA021131 (1); NDA021425 (1); ANDA065243 (1); ANDA076653 (1); ANDA087045 (1); ANDA077999 (1); ANDA087400 (1); ANDA218231 (1); ANDA209739 (1); ANDA076938 (1); ANDA076721 (1); ANDA216067 (1); ANDA075218 (1); ANDA201846 (1); ANDA090661 (1); ANDA074979 (1); ANDA071293 (1); ANDA203260 (1); ANDA083058 (1); ANDA070300 (1); ANDA087050 (1); ANDA213335 (1); ANDA206670 (1); ANDA213465 (1); ANDA090831 (1); ANDA210482 (1); ANDA201068 (1); ANDA074086 (1); ANDA213867 (1); NDA020766 (1); ANDA202741 (1); ANDA071723 (1); NDA208791 (1); NDA019882 (1); ANDA065310 (1); ANDA087336 (1); NDA005010 (1); ANDA205744 (1); ANDA214766 (1); ANDA209341 (1); ANDA205619 (1); ANDA205707 (1); NDA018828 (1); ANDA209836 (1); NDA018191 (1); ANDA076922 (1); ANDA074841 (1); ANDA213705 (1); ANDA062682 (1); NDA019127 (1); ANDA065282 (1); BLA761202 (1); ANDA078825 (1); ANDA063117 (1); ANDA087193 (1); ANDA078501 (1); ANDA090114 (1); NDA022362 (1); ANDA205020 (1); ANDA201806 (1); ANDA215765 (1); ANDA072139 (1); ANDA212568 (1); ANDA076574 (1); ANDA203263 (1); ANDA078637 (1); ANDA203906 (1); ANDA218014 (1); ANDA078756 (1); ANDA206049 (1); ANDA083283 (1); ANDA074195 (1); ANDA080842 (1); ANDA202648 (1); ANDA075943 (1); ANDA065292 (1); ANDA077753 (1); ANDA062758 (1); ANDA205935 (1); ANDA078981 (1); ANDA088467 (1); ANDA200158 (1); ANDA204491 (1); ANDA040152 (1); ANDA085529 (1); ANDA212081 (1); NDA206317 (1); NDA208547 (1); ANDA074258 (1); NDA050298 (1); ANDA084282 (1); ANDA083517 (1); NDA020002 (1); ANDA213427 (1); ANDA072468 (1); ANDA080285 (1); ANDA080481 (1); NDA017993 (1); ANDA040775 (1); ANDA089674 (1); ANDA209050 (1); ANDA086519 (1); ANDA062338 (1); ANDA210375 (1); ANDA214364 (1); ANDA216521 (1); ANDA086167 (1); ANDA206387 (1); ANDA200834 (1); ANDA076649 (1); ANDA211555 (1); ANDA070505 (1); ANDA065427 (1); BLA761338 (1); ANDA077676 (1); NDA017446 (1); ANDA091118 (1); ANDA203234 (1); ANDA062427 (1); ANDA065018 (1); ANDA074079 (1); ANDA211655 (1); ANDA203484 (1); ANDA083570 (1); ANDA090812 (1); ANDA206854 (1); ANDA203321 (1); NDA022065 (1); ANDA212959 (1); ANDA040268 (1); NDA209512 (1); ANDA087297 (1); ANDA205801 (1); ANDA084306 (1); NDA016402 (1); ANDA206105 (1); ANDA077578 (1); ANDA211422 (1); NDA214993 (1); ANDA070042 (1); NDA209552 (1); ANDA078519 (1); ANDA213473 (1); BLA761126 (1); ANDA071291 (1); ANDA087977 (1); ANDA204776 (1); ANDA207831 (1); ANDA206263 (1); ANDA077073 (1); ANDA202501 (1); ANDA206046 (1); NDA205493 (1); BLA125268 (1); ANDA203022 (1); ANDA077453 (1); ANDA217252 (1); ANDA078576 (1); ANDA078551 (1); ANDA201836 (1); ANDA086080 (1); ANDA206776 (1); ANDA214811 (1); ANDA202318 (1); ANDA211081 (1); ANDA040252 (1); NDA020741 (1); ANDA086024 (1); NDA202379 (1); ANDA087421 (1); ANDA072040 (1); NDA016659 (1); NDA021336 (1); ANDA216373 (1); ANDA040562 (1); BLA125320 (1); ANDA203161 (1); NDA021923 (1); BLA761297 (1); ANDA077475 (1); ANDA074565 (1); ANDA087760 (1); NDA020337 (1); ANDA216075 (1); ANDA215699 (1); ANDA200892 (1); ANDA214074 (1); ANDA063216 (1); ANDA088382 (1); ANDA210071 (1); ANDA089828 (1); ANDA040889 (1); ANDA072071 (1); ANDA213435 (1); ANDA075428 (1); ANDA209775 (1); ANDA075390 (1); ANDA205731 (1); NDA208610 (1); ANDA214347 (1); ANDA205566 (1); ANDA207566 (1); ANDA076510 (1); ANDA201168 (1); ANDA083693 (1); ANDA040770 (1); ANDA209729 (1); ANDA076609 (1); ANDA076726 (1); ANDA211255 (1); ANDA065503 (1); NDA020232 (1); ANDA040156 (1); ANDA084801 (1); ANDA077849 (1); ANDA213040 (1); ANDA212214 (1); ANDA084264 (1); ANDA208949 (1); ANDA076824 (1); ANDA080085 (1); ANDA090693 (1); ANDA065197 (1); NDA016812 (1); NDA050320 (1); ANDA205039 (1); ANDA073054 (1); ANDA086385 (1); ANDA091322 (1); ANDA206747 (1); ANDA072199 (1); ANDA077697 (1); ANDA040494 (1); ANDA206144 (1); ANDA063024 (1); ANDA078657 (1); ANDA214352 (1); NDA022038 (1); ANDA089560 (1); ANDA209953 (1); NDA202971 (1); ANDA083278 (1); ANDA084922 (1); ANDA072011 (1); ANDA087522 (1); ANDA065156 (1); ANDA090509 (1); ANDA076897 (1); ANDA202220 (1); BLA021289 (1); ANDA205660 (1); NDA020518 (1); NDA021747 (1); ANDA088894 (1); NDA021372 (1); ANDA078039 (1); NDA020712 (1); ANDA065238 (1); ANDA087948 (1); ANDA203723 (1); ANDA087306 (1); ANDA203153 (1); ANDA208075 (1); ANDA215237 (1); ANDA076698 (1); NDA214759 (1); NDA020823 (1); ANDA210021 (1); ANDA090887 (1); ANDA204912 (1); NDA022052 (1); NDA050339 (1); ANDA200221 (1); NDA009987 (1); ANDA074216 (1); ANDA074741 (1); ANDA205762 (1); ANDA203184 (1); ANDA078612 (1); ANDA091452 (1); ANDA211156 (1); ANDA076349 (1); ANDA075960 (1); NDA019680 (1); ANDA206211 (1); NDA012616 (1); ANDA211822 (1); ANDA089256 (1); NDA017829 (1); ANDA212438 (1); ANDA064131 (1); ANDA078340 (1); ANDA076881 (1); ANDA062606 (1); ANDA070077 (1); ANDA209910 (1); ANDA212678 (1); ANDA216639 (1); ANDA075757 (1); ANDA084948 (1); BLA125559 (1); NDA011178 (1); ANDA202397 (1); ANDA090392 (1); ANDA204548 (1); NDA009667 (1); ANDA088911 (1); ANDA077138 (1); ANDA208963 (1); NDA009698 (1); ANDA080134 (1); ANDA217400 (1); NDA019899 (1); ANDA090354 (1); ANDA204857 (1); ANDA218537 (1); ANDA077906 (1); ANDA090184 (1); ANDA062600 (1); ANDA070905 (1); ANDA062288 (1); NDA017959 (1); ANDA209430 (1); ANDA062436 (1); ANDA080393 (1); ANDA089443 (1); ANDA205152 (1); ANDA090567 (1); ANDA204733 (1); ANDA085797 (1); NDA203479 (1); ANDA212928 (1); ANDA090886 (1); ANDA080120 (1); ANDA213724 (1); NDA018501 (1); ANDA075089 (1); ANDA201802 (1); NDA021611 (1); ANDA074525 (1); NDA008506 (1); ANDA061529 (1); ANDA206344 (1); ANDA065438 (1); ANDA212756 (1); ANDA079238 (1); ANDA202284 (1); NDA050532 (1); ANDA076463 (1); ANDA214374 (1); ANDA072557 (1); ANDA040260 (1); ANDA213205 (1); ANDA202773 (1); NDA206353 (1); ANDA077560 (1); ANDA075219 (1); ANDA208994 (1); ANDA207005 (1); ANDA071159 (1); ANDA040351 (1); ANDA080389 (1); NDA020526 (1); ANDA070333 (1); ANDA202348 (1); ANDA072525 (1); BLA125388 (1); ANDA090606 (1); ANDA212376 (1); NDA020229 (1); NDA210875 (1); ANDA201582 (1); ANDA216171 (1); ANDA087795 (1); ANDA087672 (1); NDA050723 (1); ANDA200486 (1); ANDA217248 (1); ANDA090884 (1); ANDA075413 (1); ANDA088935 (1); ANDA076020 (1); ANDA088740 (1); ANDA205087 (1); ANDA085784 (1); ANDA077219 (1); ANDA201618 (1); ANDA203575 (1); NDA022165 (1); ANDA201022 (1); ANDA216199 (1); ANDA078826 (1); NDA019681 (1); ANDA085017 (1); ANDA211624 (1); ANDA078729 (1); ANDA217592 (1); NDA021152 (1); ANDA084325 (1); ANDA090961 (1); ANDA203390 (1); ANDA209227 (1); NDA208259 (1); ANDA072036 (1); ANDA215071 (1); NDA021703 (1); ANDA088772 (1); ANDA087007 (1); NDA021209 (1); ANDA202300 (1); ANDA076705 (1); ANDA206481 (1); ANDA065040 (1); ANDA091609 (1); ANDA210225 (1); ANDA089025 (1); NDA018030 (1); NDA020200 (1); ANDA076616 (1); ANDA081069 (1); ANDA202586 (1); NDA021546 (1); BLA761044 (1); NDA021205 (1); NDA050763 (1); ANDA211542 (1); ANDA084657 (1); ANDA091673 (1); NDA019368 (1); ANDA083141 (1); ANDA076578 (1); ANDA086557 (1); NDA208169 (1); NDA201917 (1); ANDA084555 (1); NDA022115 (1); ANDA211078 (1); ANDA040824 (1); ANDA075526 (1); ANDA205278 (1); ANDA086827 (1); ANDA085659 (1); ANDA040453 (1); ANDA084080 (1); ANDA078466 (1); NDA022388 (1); ANDA087958 (1); ANDA204372 (1); ANDA212945 (1); ANDA209859 (1); ANDA210615 (1); ANDA212066 (1); NDA020499 (1); ANDA065380 (1); ANDA204393 (1); ANDA217229 (1); ANDA088928 (1); ANDA202560 (1); ANDA076033 (1); ANDA076015 (1); ANDA202221 (1); ANDA214649 (1); ANDA217066 (1); NDA017407 (1); BLA761109 (1); ANDA074883 (1); ANDA083488 (1); ANDA200503 (1); ANDA090435 (1); ANDA217813 (1); ANDA084880 (1); ANDA074125 (1); ANDA211756 (1); NDA018234 (1); ANDA215570 (1); ANDA076257 (1); ANDA209882 (1); ANDA214099 (1); ANDA077250 (1); ANDA214090 (1); ANDA071750 (1); NDA050802 (1); ANDA070379 (1); ANDA208039 (1); NDA019006 (1); NDA217766 (1); ANDA211610 (1); ANDA077387 (1); ANDA040231 (1); NDA020862 (1); ANDA213271 (1); ANDA213104 (1); ANDA085960 (1); NDA018678 (1); ANDA213300 (1); ANDA217634 (1); NDA020637 (1); ANDA217299 (1); ANDA215917 (1); ANDA084804 (1); ANDA215984 (1); ANDA070533 (1); ANDA070827 (1); ANDA210736 (1); NDA016765 (1); NDA208870 (1); ANDA090841 (1); ANDA090473 (1); ANDA071847 (1); ANDA075292 (1); ANDA209465 (1); NDA050456 (1); ANDA077988 (1); ANDA085891 (1); NDA022009 (1); NDA022160 (1); ANDA218083 (1); ANDA071140 (1); ANDA076657 (1); ANDA208038 (1); ANDA214959 (1); ANDA080273 (1); ANDA074601 (1); ANDA079117 (1); ANDA209314 (1); ANDA213672 (1); NDA022225 (1); ANDA065134 (1); ANDA072374 (1); ANDA211383 (1); ANDA212639 (1); ANDA077038 (1); ANDA077625 (1); ANDA213949 (1); ANDA063322 (1); ANDA040597 (1); NDA017015 (1); NDA203312 (1); ANDA040533 (1); ANDA214574 (1); NDA202276 (1); ANDA040218 (1); ANDA215972 (1); ANDA201887 (1); ANDA040365 (1); ANDA212795 (1); NDA050579 (1); NDA208744 (1); ANDA091188 (1); ANDA091302 (1); ANDA071284 (1); ANDA076624 (1); ANDA077492 (1); NDA211962 (1); ANDA087586 (1); NDA050736 (1); ANDA074879 (1); ANDA084428 (1); ANDA206641 (1); ANDA071148 (1); ANDA080397 (1); NDA016033 (1); ANDA088374 (1); ANDA089013 (1); ANDA080596 (1); ANDA075800 (1); NDA008917 (1); ANDA078381 (1); ANDA076723 (1); NDA019912 (1); ANDA211689 (1); ANDA208257 (1); ANDA073617 (1); ANDA207884 (1); ANDA078450 (1); ANDA040841 (1); ANDA210381 (1); ANDA075209 (1); ANDA211374 (1); NDA021479 (1); NDA210797 (1); ANDA201784 (1); ANDA090636 (1); NDA011679 (1); NDA021175 (1); ANDA088892 (1); ANDA075604 (1); ANDA085718 (1); NDA022580 (1); NDA202535 (1); ANDA075696 (1); NDA020212 (1); ANDA206206 (1); ANDA217471 (1); ANDA073661 (1); ANDA208485 (1); ANDA088185 (1); ANDA070802 (1); ANDA217324 (1); NDA020179 (1); NDA016084 (1); ANDA040078 (1); ANDA218743 (1); ANDA065180 (1); ANDA070738 (1); ANDA204518 (1); ANDA214102 (1); ANDA209246 (1); ANDA212847 (1); NDA018144 (1); NDA021252 (1); BLA103471 (1); ANDA218596 (1); NDA017863 (1); ANDA073588 (1); ANDA217675 (1); ANDA204652 (1); ANDA200894 (1); ANDA075387 (1); ANDA084561 (1); ANDA209161 (1); ANDA213220 (1); NDA022504 (1); ANDA206528 (1); ANDA080320 (1); ANDA076173 (1); ANDA065203 (1); ANDA078722 (1); ANDA207226 (1); ANDA090610 (1); ANDA091129 (1); ANDA215925 (1); ANDA090964 (1); ANDA040904 (1); NDA017316 (1); ANDA040065 (1); NDA021525 (1); ANDA076501 (1); NDA213388 (1); ANDA079121 (1); ANDA201191 (1); ANDA072080 (1); ANDA213922 (1); ANDA065277 (1); ANDA076283 (1); BLA103172 (1); ANDA073527 (1); ANDA089121 (1); NDA208069 (1); ANDA203306 (1); ANDA208836 (1); ANDA216596 (1); ANDA205811 (1); ANDA083198 (1); NDA022138 (1); ANDA206430 (1); ANDA078753 (1); ANDA061763 (1); NDA021262 (1); NDA022383 (1); ANDA217764 (1); ANDA087091 (1); ANDA070771 (1); ANDA091024 (1); NDA010012 (1); NDA208434 (1); ANDA074222 (1); ANDA201677 (1); ANDA075254 (1); ANDA090663 (1); NDA205474 (1); ANDA210133 (1); ANDA084414 (1); NDA205821 (1); ANDA205469 (1); NDA021006 (1); NDA204736 (1); ANDA078686 (1); ANDA089990 (1); ANDA077519 (1); NDA020289 (1); ANDA211914 (1); ANDA065521 (1); NDA020715 (1); ANDA090385 (1); ANDA071656 (1); ANDA076464 (1); ANDA203047 (1); NDA205060 (1); ANDA091567 (1); ANDA211393 (1); ANDA203311 (1); ANDA062121 (1); ANDA208706 (1); ANDA214407 (1); ANDA208592 (1); ANDA216859 (1); ANDA085594 (1); ANDA075734 (1); ANDA207896 (1); ANDA201807 (1); NDA219019 (1); ANDA078515 (1); ANDA203448 (1); BLA020898 (1); NDA020379 (1); ANDA085479 (1); ANDA206918 (1); ANDA078737 (1); NDA018336 (1); ANDA074570 (1); ANDA206740 (1); ANDA077651 (1); BLA761065 (1); ANDA207375 (1); ANDA076977 (1); ANDA201946 (1); ANDA078731 (1); ANDA203339 (1); ANDA205267 (1); ANDA076208 (1); ANDA080514 (1); ANDA219400 (1); ANDA070791 (1); ANDA213371 (1); ANDA084541 (1); ANDA216461 (1); ANDA088375 (1); ANDA062351 (1); ANDA207730 (1); NDA018839 (1); ANDA040355 (1); ANDA077897 (1); ANDA203507 (1); ANDA071560 (1); BLA761180 (1); ANDA208807 (1); BLA021172 (1); NDA211349 (1); ANDA088896 (1); NDA019316 (1); ANDA212197 (1); NDA019915 (1); BLA022458 (1); ANDA210985 (1); ANDA079153 (1); ANDA086553 (1); NDA016792 (1); ANDA075592 (1); ANDA084944 (1); ANDA087921 (1); NDA205816 (1); ANDA074899 (1); ANDA207255 (1); ANDA040387 (1); ANDA062757 (1); ANDA083247 (1); ANDA201006 (1); ANDA210967 (1); ANDA211173 (1); ANDA088672 (1); ANDA065108 (1); ANDA040632 (1); ANDA077180 (1); ANDA203884 (1); NDA018861 (1); ANDA087073 (1); ANDA089459 (1); ANDA208960 (1); ANDA075672 (1); BLA761215 (1); ANDA202472 (1); ANDA062480 (1); NDA011860 (1); NDA208246 (1); ANDA217422 (1); ANDA061532 (1); NDA050128 (1); BLA761285 (1); ANDA062501 (1); ANDA084652 (1); ANDA074083 (1); ANDA206159 (1); ANDA062200 (1); ANDA207842 (1); NDA010686 (1); ANDA216782 (1); NDA215596 (1); ANDA062957 (1); ANDA088414 (1); NDA021136 (1); ANDA202315 (1); ANDA040514 (1); ANDA090508 (1); ANDA074794 (1); ANDA062944 (1); ANDA215037 (1); NDA020541 (1); ANDA090270 (1); ANDA071969 (1); ANDA090368 (1); BLA761103 (1); ANDA076013 (1); NDA050794 (1); ANDA207144 (1); NDA021411 (1); ANDA088503 (1); ANDA070177 (1); ANDA074964 (1); ANDA070628 (1); NDA022314 (1); ANDA213527 (1); ANDA062336 (1); ANDA040488 (1); NDA009818 (1); NDA017116 (1); ANDA065192 (1); ANDA073586 (1); ANDA062656 (1); ANDA083206 (1); NDA050584 (1); ANDA215555 (1); ANDA213950 (1); ANDA077162 (1); ANDA079093 (1); ANDA073465 (1); ANDA208324 (1); NDA020572 (1); ANDA206245 (1); ANDA074750 (1); NDA011418 (1); ANDA091437 (1); ANDA209622 (1); ANDA203576 (1); NDA021416 (1); NDA020392 (1); ANDA085849 (1); ANDA215837 (1); ANDA065236 (1); ANDA076403 (1); ANDA070889 (1); ANDA202949 (1); ANDA084936 (1); ANDA071087 (1); ANDA204946 (1); NDA018800 (1); ANDA087918 (1); BLA020280 (1); ANDA079113 (1); NDA017618 (1); ANDA077389 (1); NDA019117 (1); ANDA206033 (1); ANDA078552 (1); NDA020978 (1); NDA211230 (1); ANDA206576 (1); ANDA207446 (1); NDA017553 (1); NDA018614 (1); ANDA087677 (1); ANDA210722 (1); NDA011891 (1); ANDA070124 (1); ANDA216682 (1); ANDA209642 (1); NDA006536 (1); ANDA065399 (1); ANDA087562 (1); ANDA077455 (1); ANDA040459 (1); ANDA072024 (1); NDA007245 (1); ANDA077074 (1); ANDA075637 (1); ANDA065498 (1); ANDA062807 (1); ANDA062471 (1); NDA016776 (1); ANDA040666 (1); ANDA084939 (1); NDA050306 (1); NDA021754 (1); ANDA216814 (1); ANDA075845 (1); ANDA040039 (1); NDA021168 (1); NDA008822 (1); ANDA089100 (1); ANDA211687 (1); NDA022193 (1); NDA017972 (1); ANDA206774 (1); ANDA071081 (1); ANDA088218 (1); ANDA202376 (1); ANDA214124 (1); NDA018960 (1); ANDA087875 (1); ANDA091344 (1); ANDA216524 (1); ANDA062337 (1); NDA018579 (1); ANDA088888 (1); NDA012594 (1); ANDA087771 (1); NDA011642 (1); ANDA214306 (1); ANDA087726 (1); ANDA062527 (1); ANDA072995 (1); ANDA088429 (1); ANDA071654 (1); ANDA215183 (1); ANDA213864 (1); NDA007883 (1); ANDA075647 (1); ANDA078183 (1); ANDA071345 (1); ANDA207536 (1); ANDA090581 (1); ANDA202689 (1); ANDA212781 (1); ANDA083576 (1); ANDA075450 (1); ANDA071700 (1); ANDA078714 (1); NDA022461 (1); ANDA065377 (1); ANDA216635 (1); NDA212728 (1); ANDA212358 (1); ANDA071738 (1); NDA011601 (1); ANDA087772 (1); ANDA080172 (1); ANDA072694 (1); ANDA072062 (1); ANDA086202 (1); ANDA075941 (1); ANDA084732 (1); ANDA203080 (1); ANDA087716 (1); ANDA070765 (1); NDA211710 (1); NDA215025 (1); ANDA211267 (1); ANDA065130 (1); ANDA216799 (1); ANDA077857 (1); ANDA075440 (1); ANDA202540 (1); ANDA083714 (1); ANDA215332 (1); NDA022107 (1); ANDA075045 (1); NDA022305 (1); ANDA076371 (1); ANDA202239 (1); NDA019856 (1); NDA016943 (1); ANDA208741 (1); ANDA065048 (1); ANDA202016 (1); ANDA213980 (1); ANDA202433 (1); ANDA073199 (1); ANDA202389 (1); ANDA211285 (1); NDA206756 (1); ANDA074835 (1); ANDA075448 (1); BLA761194 (1); ANDA077329 (1); ANDA078699 (1); ANDA214880 (1); ANDA073010 (1); ANDA206183 (1); ANDA212390 (1); ANDA084999 (1); ANDA203973 (1); ANDA074681 (1); ANDA205682 (1); ANDA207061 (1); ANDA211395 (1); ANDA064184 (1); ANDA077717 (1); ANDA202865 (1); ANDA083158 (1); ANDA216976 (1); ANDA076041 (1); ANDA215048 (1); ANDA218070 (1); ANDA204823 (1); ANDA077655 (1); ANDA088432 (1); ANDA208703 (1); NDA208470 (1); ANDA070471 (1); ANDA061740 (1); ANDA065028 (1); ANDA212016 (1); ANDA202684 (1); NDA212527 (1); ANDA204402 (1); ANDA072577 (1); ANDA089913 (1); ANDA217936 (1); NDA016721 (1); NDA019964 (1); ANDA076370 (1); ANDA078274 (1); ANDA089818 (1); ANDA084539 (1); ANDA214340 (1); NDA218591 (1); ANDA209352 (1); ANDA213106 (1); NDA205580 (1); ANDA210079 (1); ANDA200169 (1); ANDA215235 (1); ANDA088499 (1); ANDA208795 (1); ANDA207537 (1); ANDA085434 (1); ANDA217137 (1); ANDA090490 (1); ANDA203873 (1); NDA212157 (1); ANDA203653 (1); ANDA075425 (1); ANDA090425 (1); ANDA083897 (1); NDA021539 (1); ANDA081145 (1); NDA017011 (1); ANDA200674 (1); ANDA205019 (1); ANDA076096 (1); ANDA215343 (1); ANDA209946 (1); ANDA200654 (1); ANDA089508 (1); ANDA091643 (1); ANDA084720 (1); ANDA087725 (1); NDA022418 (1); ANDA208066 (1); ANDA215178 (1); BLA103353 (1); ANDA090134 (1); NDA050440 (1); ANDA210686 (1); ANDA207322 (1); ANDA210855 (1); ANDA062945 (1); ANDA204832 (1); ANDA202553 (1); NDA021476 (1); ANDA208628 (1); ANDA088076 (1); ANDA206029 (1); ANDA040410 (1); ANDA077763 (1); ANDA075985 (1); ANDA083786 (1); ANDA208478 (1); NDA020261 (1); ANDA206470 (1); ANDA211618 (1); ANDA084685 (1); ANDA091314 (1); ANDA212178 (1); ANDA090422 (1); NDA215721 (1); ANDA079172 (1); ANDA089293 (1); ANDA206739 (1); NDA019537 (1); ANDA085633 (1); ANDA062801 (1); ANDA208851 (1); ANDA040110 (1); ANDA218221 (1); ANDA065111 (1); NDA018668 (1); ANDA086403 (1); ANDA213788 (1); ANDA077667 (1); ANDA077477 (1); ANDA072395 (1); ANDA209911 (1); ANDA071710 (1); ANDA040282 (1); NDA021687 (1); ANDA062041 (1); ANDA070399 (1); ANDA091240 (1); BLA761291 (1); NDA204824 (1); ANDA090869 (1); ANDA205756 (1); NDA208647 (1); NDA019651 (1); NDA019805 (1); ANDA080931 (1); ANDA087550 (1); NDA018543 (1); NDA209305 (1); NDA021925 (1); ANDA040882 (1); ANDA084669 (1); NDA206976 (1); ANDA087657 (1); NDA021374 (1); ANDA075888 (1); ANDA076688 (1); ANDA077575 (1); ANDA208778 (1); ANDA089381 (1); ANDA207204 (1); ANDA076873 (1); NDA018679 (1); ANDA071795 (1); ANDA201109 (1); NDA208623 (1); ANDA062186 (1); ANDA200831 (1); ANDA214076 (1); ANDA202800 (1); ANDA202286 (1); NDA006904 (1); NDA050522 (1); ANDA210965 (1); ANDA218059 (1); ANDA084774 (1); NDA006668 (1); NDA013025 (1); ANDA080955 (1); ANDA089591 (1); ANDA070232 (1); NDA022299 (1); BLA761350 (1); ANDA040174 (1); ANDA074928 (1); ANDA203377 (1); ANDA079110 (1); NDA020281 (1); ANDA215630 (1); NDA019219 (1); ANDA208776 (1); ANDA076309 (1); NDA018753 (1); ANDA072214 (1); NDA008720 (1); ANDA210758 (1); NDA017535 (1); ANDA206734 (1); ANDA040317 (1); ANDA087191 (1); ANDA076529 (1); ANDA065332 (1); ANDA202786 (1); ANDA074830 (1); ANDA208661 (1); ANDA213107 (1); ANDA207825 (1); ANDA203800 (1); ANDA085095 (1); ANDA215886 (1); ANDA089399 (1); ANDA213248 (1); ANDA216448 (1); ANDA077460 (1); ANDA090032 (1); ANDA071633 (1); ANDA078944 (1); ANDA206156 (1); NDA021527 (1); NDA020063 (1); NDA213137 (1); ANDA088067 (1); ANDA211748 (1); ANDA212017 (1); ANDA088578 (1); ANDA215334 (1); ANDA209222 (1); NDA016682 (1); ANDA090063 (1); NDA018854 (1); NDA214094 (1); ANDA076447 (1); ANDA065046 (1); NDA021373 (1); NDA019763 (1); ANDA211055 (1); BLA761178 (1); ANDA071439 (1); NDA021035 (1); ANDA089704 (1); ANDA089184 (1); ANDA040668 (1); ANDA065166 (1); ANDA209640 (1); NDA217202 (1); ANDA060134 (1); NDA019463 (1); ANDA070078 (1); ANDA213152 (1); ANDA086596 (1); NDA020045 (1); ANDA080972 (1); ANDA215861 (1); NDA005292 (1); ANDA086890 (1); ANDA085545 (1); ANDA204607 (1); NDA018452 (1); NDA019451 (1); ANDA213500 (1); ANDA061802 (1); ANDA070298 (1); ANDA083867 (1); ANDA072918 (1); ANDA078817 (1); ANDA088602 (1); NDA019806 (1); ANDA071591 (1); ANDA201270 (1); ANDA070361 (1); ANDA215940 (1); ANDA203730 (1); NDA016693 (1); ANDA208191 (1); ANDA074257 (1); ANDA202984 (1); ANDA205921 (1); ANDA071779 (1); ANDA078599 (1); ANDA078786 (1); ANDA078652 (1); ANDA208599 (1); ANDA207586 (1); ANDA072375 (1); ANDA072483 (1); ANDA089521 (1); NDA012184 (1); ANDA091667 (1); ANDA088670 (1); ANDA218746 (1); NDA019099 (1); NDA021317 (1); ANDA215821 (1); ANDA216842 (1); ANDA218157 (1); ANDA204159 (1); ANDA211963 (1); ANDA214302 (1); ANDA207271 (1); ANDA070705 (1); ANDA073314 (1); ANDA212627 (1); ANDA090979 (1); ANDA075430 (1); ANDA075338 (1); ANDA062494 (1); ANDA086161 (1); NDA008392 (1); ANDA210838 (1); ANDA209146 (1); ANDA201692 (1); NDA022198 (1); ANDA079054 (1); ANDA074641 (1); ANDA072952 (1); ANDA090681 (1); NDA019830 (1); ANDA077582 (1); ANDA070489 (1); NDA021319 (1); ANDA087362 (1); ANDA061325 (1); ANDA070231 (1); NDA009170 (1); ANDA087687 (1); ANDA076801 (1); NDA018181 (1); ANDA070996 (1); NDA020571 (1); NDA217512 (1); NDA211616 (1); ANDA070746 (1); ANDA090785 (1); NDA021184 (1); NDA011188 (1); NDA212905 (1); ANDA078738 (1); ANDA088759 (1); NDA022497 (1); ANDA062884 (1); ANDA089764 (1); ANDA075635 (1); NDA021232 (1); ANDA064021 (1); ANDA062231 (1); ANDA217631 (1); ANDA206851 (1); NDA050346 (1); NDA021210 (1); ANDA091153 (1); NDA218820 (1); ANDA201581 (1); ANDA085994 (1); ANDA210234 (1); NDA216165 (1); ANDA063106 (1); ANDA200959 (1); ANDA075984 (1); ANDA062799 (1); ANDA077590 (1); ANDA084937 (1); ANDA202530 (1); ANDA074746 (1); ANDA086364 (1); NDA218709 (1); ANDA213475 (1); ANDA074292 (1); ANDA203062 (1); ANDA203553 (1); ANDA205657 (1); NDA019367 (1); ANDA065461 (1); ANDA076429 (1); ANDA206615 (1); ANDA217073 (1); ANDA071790 (1); ANDA065339 (1); NDA017450 (1); ANDA087990 (1); ANDA209555 (1); ANDA089673 (1); ANDA089362 (1); ANDA213434 (1); NDA017875 (1); ANDA090352 (1); NDA021515 (1); ANDA060611 (1); ANDA080857 (1); ANDA087189 (1); ANDA040644 (1); NDA012365 (1); ANDA071073 (1); ANDA080873 (1); ANDA063018 (1); ANDA062775 (1); ANDA071334 (1); ANDA070080 (1); ANDA216766 (1); NDA010791 (1); ANDA070102 (1); ANDA075910 (1); ANDA206914 (1); ANDA087164 (1); NDA020111 (1); NDA010423 (1); ANDA072079 (1); ANDA087121 (1); NDA017522 (1); ANDA076834 (1); ANDA202508 (1); ANDA077712 (1); ANDA215689 (1); ANDA075893 (1); NDA017661 (1); ANDA089971 (1); ANDA074201 (1); NDA202292 (1); ANDA070423 (1); ANDA090750 (1); ANDA211467 (1); ANDA077498 (1); ANDA218947 (1); ANDA065106 (1); ANDA089098 (1); ANDA208841 (1); BLA125561 (1); NDA204553 (1); ANDA206919 (1); NDA205858 (1); NDA214657 (1); ANDA209107 (1); ANDA205066 (1); ANDA078547 (1); ANDA212569 (1); ANDA077550 (1); ANDA060403 (1); ANDA202934 (1); ANDA076038 (1); ANDA214365 (1); ANDA077993 (1); NDA022203 (1); ANDA213409 (1); ANDA204929 (1); ANDA084763 (1); NDA017979 (1); ANDA209780 (1); ANDA206431 (1); NDA011878 (1); ANDA076417 (1); ANDA075993 (1); ANDA062208 (1); ANDA210403 (1); ANDA076855 (1); ANDA203559 (1); ANDA206763 (1); ANDA207294 (1); ANDA204528 (1); ANDA217399 (1); NDA021647 (1); ANDA214127 (1); ANDA204848 (1); ANDA217903 (1); ANDA206630 (1); NDA020680 (1); ANDA071359 (1); NDA020305 (1); ANDA215802 (1); ANDA215323 (1); ANDA075951 (1); ANDA086050 (1); ANDA076513 (1); ANDA089294 (1); ANDA074515 (1); ANDA209413 (1); ANDA217413 (1); NDA065430 (1); ANDA086468 (1); ANDA201171 (1); ANDA078299 (1); ANDA202074 (1); ANDA200744 (1); ANDA210227 (1); ANDA211325 (1); ANDA089484 (1); ANDA201156 (1); ANDA214478 (1); ANDA204100 (1); ANDA207308 (1); ANDA204074 (1); ANDA061739 (1); NDA011977 (1); ANDA072394 (1); NDA021660 (1); ANDA075693 (1); ANDA074496 (1); ANDA065007 (1); ANDA078690 (1); ANDA211142 (1); ANDA072489 (1); ANDA202170 (1); ANDA207554 (1); ANDA077854 (1); ANDA202319 (1); ANDA077268 (1); NDA016996 (1); ANDA040047 (1); ANDA090856 (1); ANDA211625 (1); ANDA207364 (1); NDA022526 (1); ANDA080928 (1); ANDA075048 (1); ANDA211937 (1); ANDA201511 (1); BLA761039 (1); ANDA087422 (1); ANDA204766 (1); ANDA064136 (1); BLA020725 (1); ANDA087905 (1); ANDA040659 (1); ANDA209590 (1); ANDA216243 (1); ANDA063214 (1); ANDA077756 (1); ANDA087881 (1); NDA020333 (1); ANDA040555 (1); ANDA209106 (1); ANDA091625 (1); ANDA091644 (1); ANDA206125 (1); ANDA087300 (1); ANDA040656 (1); ANDA208822 (1); ANDA077938 (1); ANDA076611 (1); ANDA211926 (1); ANDA086170 (1); ANDA200750 (1); ANDA210228 (1); NDA016110 (1); ANDA088956 (1); ANDA088364 (1); ANDA212061 (1); NDA206024 (1); ANDA212604 (1); ANDA070592 (1); ANDA089626 (1); ANDA084629 (1); ANDA078669 (1); ANDA214425 (1); ANDA078932 (1); ANDA215745 (1); ANDA215931 (1); ANDA075555 (1); ANDA071792 (1); ANDA077587 (1); ANDA075409 (1); ANDA208560 (1); ANDA210257 (1); ANDA211439 (1); ANDA212191 (1); ANDA083284 (1); ANDA080883 (1); ANDA211390 (1); ANDA091211 (1); ANDA081142 (1); ANDA077518 (1); ANDA216198 (1); ANDA208154 (1); ANDA090460 (1); ANDA062760 (1); ANDA077633 (1); BLA125288 (1); ANDA090252 (1); ANDA202210 (1); ANDA204739 (1); NDA020098 (1); ANDA214209 (1); ANDA205136 (1); ANDA214134 (1); NDA214958 (1); ANDA209831 (1); ANDA064065 (1); ANDA209672 (1); ANDA077512 (1); ANDA216872 (1); NDA016717 (1); ANDA076783 (1); ANDA084292 (1); ANDA078778 (1); ANDA091589 (1); ANDA208158 (1); ANDA213127 (1); ANDA072191 (1); ANDA077687 (1); ANDA040660 (1); ANDA078250 (1); ANDA078542 (1); ANDA207855 (1); ANDA087602 (1); NDA020222 (1); ANDA214810 (1); NDA021642 (1); ANDA212826 (1); NDA017703 (1); NDA050056 (1); NDA208835 (1); NDA007390 (1); NDA018354 (1); ANDA062838 (1); ANDA065280 (1); ANDA074610 (1); ANDA201355 (1); NDA021543 (1); ANDA077536 (1); ANDA078249 (1); ANDA065517 (1); ANDA075994 (1); ANDA080848 (1); ANDA060711 (1); ANDA077829 (1); ANDA090738 (1); ANDA202682 (1); ANDA087608 (1); ANDA207252 (1); ANDA088549 (1); NDA019079 (1); NDA021856 (1); NDA211530 (1); ANDA076444 (1); NDA019904 (1); ANDA090178 (1); ANDA088422 (1); ANDA075389 (1); ANDA200560 (1); NDA021012 (1); ANDA216041 (1); NDA022008 (1); ANDA212034 (1); ANDA215228 (1); ANDA074172 (1); ANDA091616 (1); ANDA209440 (1); ANDA208637 (1); ANDA213395 (1); ANDA219033 (1); NDA202324 (1); NDA017354 (1); ANDA217397 (1); NDA213378 (1); ANDA085770 (1); ANDA204963 (1); NDA019661 (1); ANDA060731 (1); ANDA074905 (1); ANDA206078 (1); ANDA040326 (1); ANDA216549 (1); ANDA060136 (1); NDA209377 (1); ANDA077236 (1); NDA214133 (1); ANDA213216 (1); ANDA089480 (1); ANDA200897 (1); ANDA211498 (1); ANDA071796 (1); ANDA077039 (1); ANDA203767 (1); ANDA078801 (1); ANDA207497 (1); ANDA219494 (1); ANDA065100 (1); ANDA216328 (1); ANDA061596 (1); ANDA076043 (1); NDA212018 (1); ANDA074626 (1); ANDA207769 (1); ANDA215509 (1); ANDA062822 (1); ANDA084267 (1); ANDA071335 (1); ANDA075517 (1); ANDA085639 (1); ANDA204405 (1); ANDA213001 (1); ANDA077754 (1); ANDA205050 (1); NDA203050 (1); ANDA040067 (1); ANDA078480 (1); ANDA213914 (1); ANDA091364 (1); ANDA078122 (1); NDA020944 (1); ANDA209550 (1); NDA019615 (1); ANDA091179 (1); ANDA209825 (1); BLA210605 (1); ANDA071517 (1); ANDA075312 (1); ANDA078539 (1); ANDA206097 (1); ANDA211885 (1); NDA017588 (1); ANDA073508 (1); ANDA065076 (1); NDA013378 (1); ANDA061645 (1); ANDA204779 (1); ANDA074106 (1); ANDA090362 (1); ANDA079116 (1); ANDA205895 (1); NDA016768 (1); ANDA206792 (1); ANDA076777 (1); ANDA203972 (1); ANDA071123 (1); ANDA216123 (1); ANDA070994 (1); ANDA086120 (1); ANDA071495 (1); NDA215602 (1); ANDA209173 (1); ANDA090151 (1); ANDA078548 (1); ANDA218603 (1); ANDA078592 (1); ANDA071404 (1); ANDA202789 (1); NDA021854 (1); NDA206406 (1); ANDA091239 (1); ANDA061905 (1); NDA019479 (1); ANDA070201 (1); ANDA089959 (1); ANDA074413 (1); ANDA204452 (1); ANDA071884 (1); ANDA071249 (1); ANDA084901 (1); ANDA217054 (1); ANDA202955 (1); ANDA090162 (1); ANDA081189 (1); NDA014715 (1); ANDA084915 (1); ANDA214499 (1); ANDA216990 (1); BLA020580 (1); NDA020667 (1); ANDA213966 (1); NDA018644 (1); ANDA070267 (1); NDA018733 (1); ANDA210738 (1); ANDA075203 (1); ANDA215615 (1); ANDA074642 (1); NDA011721 (1); ANDA203955 (1); ANDA078967 (1); NDA207318 (1); NDA020648 (1); ANDA074800 (1); ANDA089448 (1); ANDA083891 (1); ANDA090279 (1); NDA210598 (1); ANDA078349 (1); ANDA214588 (1); ANDA204195 (1); ANDA202882 (1); NDA215352 (1); ANDA210677 (1); NDA018680 (1); ANDA070700 (1); ANDA090761 (1); ANDA206314 (1); ANDA076011 (1); ANDA076588 (1); ANDA205459 (1); ANDA072262 (1); ANDA071899 (1); ANDA203783 (1); ANDA072437 (1); ANDA088689 (1); NDA008732 (1); NDA020409 (1); ANDA070200 (1); ANDA216364 (1); ANDA208105 (1); ANDA074027 (1); ANDA203172 (1); ANDA203081 (1); ANDA089244 (1); NDA011600 (1); NDA215813 (1); ANDA088788 (1); ANDA062479 (1); ANDA080941 (1); ANDA078739 (1); ANDA083871 (1); NDA022200 (1); ANDA091633 (1); ANDA204711 (1); ANDA203928 (1); ANDA065216 (1); ANDA203300 (1); ANDA216375 (1); ANDA076231 (1); ANDA212130 (1); ANDA212179 (1); ANDA084463 (1); ANDA078892 (1); ANDA087504 (1); ANDA211954 (1); ANDA091022 (1); ANDA078293 (1); ANDA075944 (1); ANDA077259 (1); ANDA076308 (1); NDA017914 (1); ANDA205685 (1); ANDA074761 (1); ANDA205082 (1); ANDA076412 (1); ANDA080531 (1); ANDA217119 (1); ANDA209878 (1); ANDA216811 (1); ANDA218628 (1); ANDA078149 (1); NDA011795 (1); NDA021108 (1); ANDA077256 (1); ANDA212786 (1); ANDA205571 (1); BLA761034 (1); ANDA214105 (1); NDA021852 (1); ANDA212687 (1); ANDA074848 (1); ANDA211934 (1); NDA060613 (1); NDA050233 (1); ANDA207333 (1); NDA021371 (1); ANDA090858 (1); ANDA070935 (1); ANDA078746 (1); BLA021765 (1); ANDA090407 (1); ANDA077551 (1); ANDA080747 (1); ANDA209598 (1); ANDA211310 (1); NDA209353 (1); ANDA204472 (1); ANDA070478 (1); ANDA202656 (1); ANDA210022 (1); ANDA211240 (1); ANDA040227 (1); ANDA074488 (1); ANDA205379 (1); ANDA072721 (1); ANDA215962 (1); ANDA085667 (1); ANDA088129 (1); ANDA210383 (1); ANDA206877 (1); ANDA202711 (1); ANDA040827 (1); ANDA090370 (1); ANDA203059 (1); ANDA070607 (1); NDA214373 (1); NDA021019 (1); ANDA077141 (1); ANDA206811 (1); ANDA213267 (1); ANDA075524 (1); ANDA091277 (1); ANDA078181 (1); ANDA074962 (1); ANDA211840 (1); NDA013553 (1); ANDA217094 (1); ANDA074234 (1); ANDA080203 (1); ANDA087679 (1); ANDA088678 (1); NDA020652 (1); ANDA088845 (1); ANDA202691 (1); NDA019691 (1); ANDA215922 (1); ANDA209920 (1); NDA012737 (1); ANDA090502 (1); ANDA204795 (1); NDA050023 (1); ANDA077513 (1); ANDA073098 (1); NDA209531 (1); ANDA077295 (1); ANDA076643 (1); ANDA074346 (1); ANDA206846 (1); NDA017648 (1); ANDA070618 (1); ANDA085112 (1); ANDA206498 (1); ANDA087863 (1); NDA217417 (1); ANDA204130 (1); ANDA091008 (1); ANDA215520 (1); ANDA088235 (1); NDA050779 (1); ANDA203771 (1); ANDA091404 (1); ANDA084728 (1); ANDA071951 (1); ANDA079128 (1); ANDA090697 (1); ANDA040070 (1); ANDA211565 (1); NDA209899 (1); ANDA075341 (1); ANDA073352 (1); ANDA075161 (1); ANDA080947 (1); ANDA062737 (1); ANDA086333 (1); ANDA085791 (1); ANDA040397 (1); ANDA088357 (1); ANDA208678 (1); ANDA216440 (1); ANDA203823 (1); ANDA078921 (1); ANDA088738 (1); ANDA075643 (1); ANDA212802 (1); NDA018025 (1); ANDA064150 (1); ANDA062065 (1); ANDA211639 (1); ANDA202230 (1); ANDA077559 (1); ANDA083858 (1); ANDA204382 (1); ANDA202758 (1); ANDA078127 (1); ANDA203347 (1); ANDA080189 (1); NDA022064 (1); ANDA211236 (1); NDA219249 (1); ANDA084003 (1); ANDA210300 (1); ANDA218912 (1); ANDA207108 (1); ANDA085031 (1); ANDA078687 (1); ANDA083005 (1); ANDA074101 (1); ANDA216345 (1); NDA017735 (1); ANDA070506 (1); ANDA088761 (1); NDA009215 (1); ANDA080630 (1); ANDA076652 (1); ANDA062558 (1); ANDA079230 (1); NDA201635 (1); ANDA211397 (1); ANDA211519 (1); ANDA078148 (1); ANDA203386 (1); ANDA062085 (1); ANDA209323 (1); ANDA210460 (1); NDA021302 (1); ANDA217427 (1); NDA205525 (1); NDA209381 (1); NDA018420 (1); ANDA206189 (1); ANDA207735 (1); ANDA207610 (1); NDA019672 (1); ANDA078587 (1); ANDA210425 (1); ANDA079088 (1); ANDA087085 (1); ANDA215560 (1); NDA020334 (1); NDA214120 (1); ANDA061579 (1); ANDA070987 (1); ANDA091087 (1); ANDA205062 (1); ANDA071547 (1); ANDA206261 (1); NDA020802 (1); ANDA205046 (1); ANDA076878 (1); ANDA213252 (1); ANDA210123 (1); ANDA215945 (1); ANDA215647 (1); ANDA080742 (1); ANDA040392 (1); NDA019638 (1); NDA022483 (1); NDA021417 (1); NDA022134 (1); ANDA078712 (1); ANDA213000 (1); NDA017318 (1); ANDA212404 (1); ANDA214717 (1); ANDA074847 (1); ANDA088331 (1); ANDA062139 (1); ANDA075901 (1); ANDA072271 (1); ANDA212506 (1); NDA021132 (1); NDA209241 (1); NDA019824 (1); NDA208658 (1); ANDA202277 (1); ANDA091366 (1); ANDA205274 (1); ANDA074941 (1); ANDA215109 (1); ANDA087785 (1); NDA212782 (1); ANDA210955 (1); ANDA204310 (1); NDA020412 (1); ANDA071200 (1); NDA022516 (1); ANDA087223 (1); ANDA062391 (1); ANDA079209 (1); ANDA216788 (1); ANDA085963 (1); ANDA085485 (1); ANDA074739 (1); ANDA061151 (1); ANDA083458 (1); ANDA089097 (1); NDA209210 (1); ANDA086480 (1); ANDA040168 (1); ANDA088010 (1); ANDA080086 (1); ANDA211596 (1); ANDA071258 (1); ANDA076853 (1); ANDA211303 (1); ANDA079069 (1); ANDA070581 (1); ANDA071171 (1); ANDA203404 (1); NDA050315 (1); ANDA087798 (1); ANDA075905 (1); NDA211280 (1); ANDA071550 (1); ANDA215061 (1); ANDA210060 (1); ANDA205991 (1); ANDA087997 (1); ANDA088292 (1); NDA018933 (1); ANDA065112 (1); ANDA085375 (1); ANDA089106 (1); ANDA077531 (1); ANDA087453 (1); ANDA202090 (1); ANDA203171 (1); ANDA078184 (1); NDA215650 (1); ANDA078904 (1); ANDA086899 (1); ANDA201828 (1); ANDA065194 (1); ANDA085622 (1); ANDA065225 (1); ANDA206873 (1); BLA761359 (1); ANDA209404 (1); ANDA084331 (1); BLA020328 (1); ANDA209549 (1); ANDA202519 (1); ANDA070674 (1); ANDA203447 (1); ANDA204814 (1); ANDA086306 (1); ANDA202917 (1); ANDA071220 (1); ANDA070045 (1); NDA209195 (1); ANDA077352 (1); ANDA090263 (1); ANDA074793 (1); ANDA202163 (1); ANDA218308 (1); ANDA214790 (1); NDA005963 (1); ANDA216874 (1); NDA007392 (1); NDA019618 (1); ANDA062302 (1); NDA202153 (1); ANDA212296 (1); ANDA071768 (1); ANDA201311 (1); ANDA217695 (1); ANDA071727 (1); ANDA088004 (1); ANDA088007 (1); NDA022042 (1); ANDA040148 (1); ANDA212453 (1); ANDA062642 (1); ANDA090002 (1); ANDA203649 (1); ANDA084472 (1); ANDA083655 (1); NDA018314 (1); ANDA065392 (1); ANDA062773 (1); ANDA089744 (1); NDA021158 (1); ANDA209832 (1); ANDA062098 (1)
Marketing_authorisation_holder,granule,65,GRANULES (65)
Marketing_authorisation_holder,granule INDIA,4,GRANULES INDIA (4)
Non-clinical_abridged,MISSING,28288,yes (22103); no (6185)
Pharmaceutical_form,tablet,1606,"TABLET, EXTENDED RELEASE (1117); TABLET, DELAYED RELEASE (205); TABLET, ORALLY DISINTEGRATING (148); TABLET, CHEWABLE (116); TABLET, ORALLY DISINTEGRATING, DELAYED RELEASE (10); TABLET, EFFERVESCENT (3); TABLET, EXTENDED RELEASE, CHEWABLE (2); Tablet, Extended Release (2); Tablet, Delayed Release (1); TABLET, CHEWABLE, TABLET (1); TABLET, COATED PARTICLES (1)"
Pharmaceutical_form,injectable,20,"INJECTABLE, LIPOSOMAL (17); INJECTABLE, LIPID COMPLEX (2); INJECTION (1)"
Pharmaceutical_form,aerosol,73,"AEROSOL, METERED (73)"
Pharmaceutical_form,suspension; drops,86,SUSPENSION/DROPS (86)
Pharmaceutical_form,film,72,"FILM, EXTENDED RELEASE (69); Film, Extended Release (3)"
Pharmaceutical_form,cream,13,"CREAM, SUPPOSITORY (7); CREAM, AUGMENTED (6)"
Pharmaceutical_form,capsule,500,"CAPSULE, EXTENDED RELEASE (415); CAPSULE, DELAYED RELEASE (84); CAPSULE, COATED PELLETS (1)"
Pharmaceutical_form,solution,198,"FOR SOLUTION (181); SOLUTION, METERED (10); SOLUTION, EXTENDED RELEASE (3); FOR SOLUTION; SOLUTION (2); SOLUTION, SOLUTION (1); SOLUTION FOR SLUSH (1)"
Pharmaceutical_form,solution; drops,597,"SOLUTION/DROPS (590); SOLUTION, GEL FORMING/DROPS (7)"
Pharmaceutical_form,capsule; pellet,124,"CAPSULE, DELAYED REL PELLETS (121); CAPSULE, PELLETS (2); CAPSULE, PELLET (1)"
Pharmaceutical_form,suspension,374,"FOR SUSPENSION (307); SUSPENSION, EXTENDED RELEASE (30); FOR SUSPENSION, DELAYED RELEASE (20); FOR SUSPENSION, EXTENDED RELEASE (17)"
Pharmaceutical_form,spray,139,"SPRAY, METERED (139)"
Pharmaceutical_form,aerosol; foam,43,"AEROSOL, FOAM (43)"
Pharmaceutical_form,gel,18,"GEL, METERED (16); GEL, AUGMENTED (2)"
Pharmaceutical_form,insert,6,"INSERT, EXTENDED RELEASE (6)"
Pharmaceutical_form,oil; drops,8,OIL/DROPS (8)
Pharmaceutical_form,lotion,5,"LOTION, AUGMENTED (5)"
Pharmaceutical_form,CAPSULE; pellet,1,"CAPSULE; CAPSULE, PELLETS (1)"
Pharmaceutical_form,aerosol; SOLUTION,1,"AEROSOL, METERED; SOLUTION (1)"
Pharmaceutical_form,granule,6,"GRANULES (3); GRANULE, DELAYED RELEASE (2); GRANULE, EFFERVESCENT (1)"
Pharmaceutical_form,capsule; pellet; tablet,1,"CAPSULE, DELAYED REL PELLETS, TABLET (1)"
Pharmaceutical_form,TABLET; tablet,5,"TABLET; TABLET, EXTENDED RELEASE (2); TABLET; TABLET, ORALLY DISINTEGRATING (2); TABLET; TABLET, CHEWABLE (1)"
Pharmaceutical_form,cream; gel,1,"CREAM, AUGMENTED; GEL, AUGMENTED (1)"
Pharmaceutical_form,powder,5,"POWDER, METERED (5)"
Pharmaceutical_form,tablet; suspension,48,"TABLET, FOR SUSPENSION (48)"
Pharmaceutical_form,SOLUTION,8,INJECTION (7); SOLUTION; ORAL AND TABLET; DELAYED RELEASE (1)
Pharmaceutical_form,pellet,9,PELLETS (9)
Pharmaceutical_form,ointment,7,"OINTMENT, AUGMENTED (7)"
Pharmaceutical_form,TABLET; tablet; suspension,2,"TABLET; TABLET, FOR SUSPENSION (2)"
Pharmaceutical_form,INJECTABLE,1,INJECTABLE; VIAL (1)
Pharmaceutical_form,CREAM; cream; insert,1,"CREAM; CREAM, INSERT (1)"
Pharmaceutical_form,capsule; ELIXIR; TABLET,1,"CAPSULE, EXTENDED RELEASE; ELIXIR; TABLET (1)"
Pharmaceutical_form,film; film,2,"FILM, EXTENDED RELEASE; Film, Extended Release (2)"
Pharmaceutical_form,CAPSULE; TABLET; pellet,4,"CAPSULE, TABLET, CAPSULE, DELAYED REL PELLETS (4)"
Pharmaceutical_form,OIL; oil; drops,1,OIL; OIL/DROPS (1)
Pharmaceutical_form,GEL; gel,8,"GEL; GEL, METERED (8)"
Pharmaceutical_form,SOLUTION; SYRUP; tablet,1,"SOLUTION; SYRUP; TABLET, DELAYED RELEASE (1)"
Pharmaceutical_form,film; PATCH,1,"FILM, EXTENDED RELEASE; PATCH (1)"
Pharmaceutical_form,TABLET; suspension,7,"TABLET, FOR SUSPENSION (4); TABLET; TABLET, FOR SUSPENSION (2); TABLET, CHEWABLE; TABLET, FOR SUSPENSION (1)"
Pharmaceutical_form,capsule; SYRUP; TABLET,1,"CAPSULE, EXTENDED RELEASE; SYRUP; TABLET (1)"
Pharmaceutical_form,TABLET,7,"TABLET, ORALLY DISINTEGRATING, EXTENDED RELEASE (4); TABLET, ORALLY DISINTEGRATING, DELAYED RELEASE (1); TABLET; TABLET:FILM COATED (1); TABLET; TABLET, DELAYED RELEASE (1)"
Pharmaceutical_form,lotion; shampoo,7,LOTION/SHAMPOO (7)
Pharmaceutical_form,SUSPENSION; DROPS,10,SUSPENSION/DROPS (9); SUSPENSION; SUSPENSION/DROPS (1)
Pharmaceutical_form,SUSPENSION; TABLET,2,"FOR SUSPENSION, TABLET (1); FOR SUSPENSION; SUSPENSION; TABLET (1)"
Pharmaceutical_form,N/A,4,UNKNOWN (4)
Pharmaceutical_form,solution; concentrate,1,INJECTION (1)
Pharmaceutical_form,film; SYSTEM,1,"Film, Extended Release; SYSTEM (1)"
Pharmaceutical_form,AEROSOL; spray,1,"AEROSOL; SPRAY, METERED (1)"
Pharmaceutical_form,CAPSULE; TABLET,2,"CAPSULE; TABLET; TABLET, FOR SUSPENSION (1); CAPSULE, TABLET, TABLET (1)"
Pharmaceutical_form,INJECTABLE; SUPPOSITORY; TABLET; tablet,1,"INJECTABLE; SUPPOSITORY; TABLET; TABLET, DELAYED RELEASE (1)"
Pharmaceutical_form,granule; tablet,1,"GRANULE, EFFERVESCENT; TABLET, EFFERVESCENT (1)"
Pharmaceutical_form,solution; elixir,2,"SOLUTION, ELIXIR (2)"
Pharmaceutical_form,capsule; TABLET,1,"CAPSULE, EXTENDED RELEASE; TABLET, EXTENDED RELEASE (1)"
Pharmaceutical_form,fiber,1,"FIBER, EXTENDED RELEASE (1)"
Pharmaceutical_form,tablet; capsule,2,"TABLET, CHEWABLE, TABLET, CAPSULE (2)"
Pharmaceutical_form,GRANULE; SUSPENSION; DROPS,1,GRANULE; SUSPENSION/DROPS (1)
Pharmaceutical_form,SUSPENSION,4,"INJECTABLE (2); SUSPENSION, LIPOSOMAL (1); INJECTION (1)"
Pharmaceutical_form,injectable; SOLUTION,1,INJECTION; SOLUTION (1)
Pharmaceutical_form,solution; INJECTABLE,2,FOR SOLUTION; INJECTABLE; SOLUTION (1); FOR SOLUTION; INJECTABLE (1)
Pharmaceutical_form,tablet; tablet,2,"TABLET, DISPERSIBLE; TABLET, EFFERVESCENT (1); TABLET, EXTENDED RELEASE; Tablet, Extended Release (1)"
Pharmaceutical_form,solution; tablet,2,"FOR SOLUTION, TABLET, DELAYED RELEASE (2)"
Pharmaceutical_form,CAPSULE; tablet,1,"CAPSULE, TABLET, CAPSULE, DELAYED RELEASE (1)"
Pharmaceutical_form,POWDER,2,"POWDER, FOR SOLUTION (1); POWDER, EXTENDED RELEASE (1)"
Pharmaceutical_form,LYOPHILIZED POWDER,2,"POWDER, FOR INJECTION SOLUTION, LYOPHILIZED POWDER (2)"
Pharmaceutical_form,capsule; tablet,2,"CAPSULE, TABLET (2)"
Pharmaceutical_form,SOLUTION; DROPS,1,"SOLUTION, GEL FORMING/DROPS (1)"
Pharmaceutical_form,SYSTEM,1,"SYSTEM, EXTENDED RELEASE (1)"
Pharmaceutical_form,Powder,1,INJECTABLE; INJECTION (1)
Pharmaceutical_form,SOLUTION; drops,1,SOLUTION (1)
Pharmaceutical_form,SOLUTION; TABLET,1,"FOR SOLUTION, TABLET, FOR SOLUTION (1)"
Pharmaceutical_form,CAPSULE,1,"CAPSULE, DELAYED RELEASE (1)"
Pharmaceutical_form,SOLUTION; spray,1,"SOLUTION; SPRAY, METERED (1)"
Pharmaceutical_form,cream; tablet,3,"CREAM, TABLET (3)"
Pharmaceutical_form,Granule,1,"GRANULES, EXTENDED RELEASE (1)"
Pharmaceutical_form,SYRUP; TABLET; tablet,1,"SYRUP; TABLET; TABLET, CHEWABLE (1)"
Pharmaceutical_form,injectable; tablet,1,"INJECTABLE, TABLET (1)"
Pharmaceutical_form,injectable; suspension,1,"INJECTABLE, SUSPENSION (1)"
Pharmaceutical_form,cream; insert,1,"CREAM, INSERT (1)"
Pharmaceutical_form,SYRUP; tablet; capsule,1,"SYRUP; TABLET, CHEWABLE, TABLET, CAPSULE (1)"
Pharmaceutical_form,OINTMENT; suspension; drops,1,OINTMENT; SUSPENSION/DROPS (1)
Pharmaceutical_form,injectable; emulsion,1,"INJECTION, EMULSION (1)"
Pharmaceutical_form,OINTMENT; solution; drops,1,OINTMENT; SOLUTION/DROPS (1)
