drug,from_agency,to_agency,lag_days,lag_months,from_date,to_date,agency_pair
abevmy,TGA,HealthCanada,179,5.88042049934297,2021-05-10,2021-11-05,TGA -> HealthCanada
abilify,FDA,HealthCanada,2428,79.7634691195795,2002-11-15,2009-07-09,FDA -> HealthCanada
abilify asimtufii,FDA,HealthCanada,631,20.729303547963205,2023-04-27,2025-01-17,FDA -> HealthCanada
abilify maintena,EMA,HealthCanada,144,4.730617608409987,2013-09-19,2014-02-10,EMA -> HealthCanada
abilify maintena,HealthCanada,TGA,162,5.321944809461235,2014-02-10,2014-07-22,HealthCanada -> TGA
abraxane,FDA,EMA,1099,36.10381077529566,2005-01-07,2008-01-11,FDA -> EMA
abraxane,EMA,TGA,2034,66.81997371879106,2008-01-11,2013-08-06,EMA -> TGA
abraxane,TGA,PMDA,2192,72.01051248357425,2013-08-06,2019-08-07,TGA -> PMDA
abrilada,FDA,HealthCanada,426,13.994743758212877,2019-11-15,2021-01-14,FDA -> HealthCanada
abrilada,HealthCanada,TGA,25,0.8212877792378449,2021-01-14,2021-02-08,HealthCanada -> TGA
abrysvo,EMA,HealthCanada,154,5.059132720105125,2023-07-20,2023-12-21,EMA -> HealthCanada
abrysvo,HealthCanada,TGA,90,2.9566360052562417,2023-12-21,2024-03-20,HealthCanada -> TGA
abrysvo,TGA,Swissmedic,156,5.124835742444152,2024-03-20,2024-08-23,TGA -> Swissmedic
absorica ld,FDA,HealthCanada,1325,43.52825229960578,2019-11-05,2023-06-22,FDA -> HealthCanada
abstral,FDA,TGA,948,31.143232588699078,2011-01-07,2013-08-12,FDA -> TGA
acarizax,TGA,HealthCanada,287,9.42838370565046,2016-07-21,2017-05-04,TGA -> HealthCanada
accrufer,FDA,HealthCanada,1854,60.906701708278575,2019-07-25,2024-08-21,FDA -> HealthCanada
actemra,PMDA,FDA,709,23.291721419185283,2008-01-30,2010-01-08,PMDA -> FDA
actemra,FDA,HealthCanada,112,3.679369250985545,2010-01-08,2010-04-30,FDA -> HealthCanada
actemra,HealthCanada,TGA,258,8.47568988173456,2010-04-30,2011-01-13,HealthCanada -> TGA
actonel,FDA,HealthCanada,1718,56.4388961892247,1998-03-27,2002-12-09,FDA -> HealthCanada
acular ls,FDA,HealthCanada,227,7.457293035479632,2003-05-30,2004-01-12,FDA -> HealthCanada
acuvail,FDA,HealthCanada,693,22.766097240473062,2009-07-22,2011-06-15,FDA -> HealthCanada
aczone,FDA,HealthCanada,343,11.268068331143231,2005-07-07,2006-06-15,FDA -> HealthCanada
aczone,HealthCanada,TGA,3856,126.6754270696452,2006-06-15,2017-01-04,HealthCanada -> TGA
adacel,HealthCanada,TGA,7299,239.7831800262812,1999-05-20,2019-05-14,HealthCanada -> TGA
adakveo,FDA,EMA,251,8.245729303547963,2019-11-15,2020-07-23,FDA -> EMA
adakveo,EMA,TGA,257,8.442838370565045,2020-07-23,2021-04-06,EMA -> TGA
adasuve,EMA,FDA,8,0.2628120893561104,2012-12-13,2012-12-21,EMA -> FDA
adcetris,FDA,EMA,335,11.005256241787121,2011-08-19,2012-07-19,FDA -> EMA
adcetris,EMA,HealthCanada,197,6.471747700394218,2012-07-19,2013-02-01,EMA -> HealthCanada
adcetris,HealthCanada,PMDA,290,9.526938239159001,2013-02-01,2013-11-18,HealthCanada -> PMDA
adcetris,PMDA,TGA,31,1.0183968462549278,2013-11-18,2013-12-19,PMDA -> TGA
adcirca,FDA,HealthCanada,187,6.14323258869908,2009-05-22,2009-11-25,FDA -> HealthCanada
adcirca,HealthCanada,TGA,618,20.302233902759525,2009-11-25,2011-08-05,HealthCanada -> TGA
addyi,FDA,HealthCanada,924,30.354796320630747,2015-08-18,2018-02-27,FDA -> HealthCanada
adempas,HealthCanada,FDA,19,0.6241787122207622,2013-09-19,2013-10-08,HealthCanada -> FDA
adempas,FDA,PMDA,52,1.7082785808147174,2013-10-08,2013-11-29,FDA -> PMDA
adempas,PMDA,EMA,55,1.8068331143232588,2013-11-29,2014-01-23,PMDA -> EMA
adempas,EMA,TGA,74,2.431011826544021,2014-01-23,2014-04-07,EMA -> TGA
adenuric,EMA,TGA,2309,75.85413929040736,2008-02-21,2014-06-18,EMA -> TGA
adlumiz,EMA,PMDA,1184,38.89618922470434,2017-09-14,2020-12-11,EMA -> PMDA
adreview,FDA,HealthCanada,1322,43.42969776609724,2008-09-19,2012-05-03,FDA -> HealthCanada
adtralza,EMA,HealthCanada,174,5.716162943495401,2021-04-22,2021-10-13,EMA -> HealthCanada
adtralza,HealthCanada,Swissmedic,134,4.402102496714849,2021-10-13,2022-02-24,HealthCanada -> Swissmedic
aduhelm,FDA,EMA,192,6.307490144546649,2021-06-07,2021-12-16,FDA -> EMA
adynovate,PMDA,HealthCanada,265,8.705650459921156,2016-02-26,2016-11-17,PMDA -> HealthCanada
adzynma,PMDA,EMA,91,2.9894875164257555,2024-02-29,2024-05-30,PMDA -> EMA
afinitor,FDA,EMA,60,1.9710906701708277,2009-03-30,2009-05-29,FDA -> EMA
afinitor,EMA,HealthCanada,199,6.5374507227332455,2009-05-29,2009-12-14,EMA -> HealthCanada
afinitor,HealthCanada,TGA,939,30.847568988173453,2009-12-14,2012-07-10,HealthCanada -> TGA
afinitor disperz,FDA,HealthCanada,639,20.992115637319316,2012-08-29,2014-05-30,FDA -> HealthCanada
afstyla,EMA,TGA,139,4.566360052562418,2016-11-10,2017-03-29,EMA -> TGA
afstyla,TGA,PMDA,163,5.354796320630749,2017-03-29,2017-09-08,TGA -> PMDA
agamree,EMA,FDA,14,0.45992115637319314,2023-10-12,2023-10-26,EMA -> FDA
aggrastat,FDA,HealthCanada,462,15.177398160315374,1998-05-14,1999-08-19,FDA -> HealthCanada
ahzantive,FDA,EMA,139,4.566360052562418,2024-06-28,2024-11-14,FDA -> EMA
aimovig,FDA,EMA,14,0.45992115637319314,2018-05-17,2018-05-31,FDA -> EMA
aimovig,EMA,TGA,28,0.9198423127463863,2018-05-31,2018-06-28,EMA -> TGA
aimovig,TGA,HealthCanada,34,1.1169513797634691,2018-06-28,2018-08-01,TGA -> HealthCanada
ajovy,FDA,EMA,139,4.566360052562418,2018-09-14,2019-01-31,FDA -> EMA
ajovy,EMA,TGA,229,7.522996057818659,2019-01-31,2019-09-17,EMA -> TGA
ajovy,TGA,HealthCanada,205,6.734559789750328,2019-09-17,2020-04-09,TGA -> HealthCanada
akeega,EMA,HealthCanada,109,3.5808147174770038,2023-02-23,2023-06-12,EMA -> HealthCanada
akeega,HealthCanada,FDA,60,1.9710906701708277,2023-06-12,2023-08-11,HealthCanada -> FDA
aklief,FDA,HealthCanada,52,1.7082785808147174,2019-10-04,2019-11-25,FDA -> HealthCanada
aklief,HealthCanada,Swissmedic,387,12.713534822601838,2019-11-25,2020-12-16,HealthCanada -> Swissmedic
aklief,Swissmedic,TGA,26,0.8541392904073587,2020-12-16,2021-01-11,Swissmedic -> TGA
akynzeo,FDA,EMA,167,5.486202365308804,2014-10-10,2015-03-26,FDA -> EMA
akynzeo,EMA,TGA,39,1.281208935611038,2015-03-26,2015-05-04,EMA -> TGA
akynzeo,TGA,HealthCanada,878,28.843626806833115,2015-05-04,2017-09-28,TGA -> HealthCanada
aldurazyme,FDA,HealthCanada,397,13.042049934296976,2003-04-30,2004-05-31,FDA -> HealthCanada
alecensa,PMDA,FDA,564,18.528252299605782,2014-05-26,2015-12-11,PMDA -> FDA
alecensa,FDA,EMA,370,12.155059132720105,2015-12-11,2016-12-15,FDA -> EMA
alecensa,EMA,TGA,85,2.7923784494086727,2016-12-15,2017-03-10,EMA -> TGA
alhemo,TGA,PMDA,28,0.9198423127463863,2023-07-03,2023-07-31,TGA -> PMDA
alhemo,PMDA,Swissmedic,8,0.2628120893561104,2023-07-31,2023-08-08,PMDA -> Swissmedic
alhemo,Swissmedic,EMA,436,14.323258869908015,2023-08-08,2024-10-17,Swissmedic -> EMA
alhemo,EMA,FDA,64,2.102496714848883,2024-10-17,2024-12-20,EMA -> FDA
alimta,FDA,EMA,229,7.522996057818659,2004-02-04,2004-09-20,FDA -> EMA
alimta,EMA,HealthCanada,1270,41.72141918528252,2004-09-20,2008-03-13,EMA -> HealthCanada
aliqopa,FDA,EMA,1491,48.98160315374507,2017-09-14,2021-10-14,FDA -> EMA
aloxi,FDA,EMA,606,19.90801576872536,2003-07-25,2005-03-22,FDA -> EMA
aloxi,EMA,HealthCanada,2549,83.73850197109067,2005-03-22,2012-03-14,EMA -> HealthCanada
aloxi,HealthCanada,TGA,524,17.21419185282523,2012-03-14,2013-08-20,HealthCanada -> TGA
alphagan,FDA,HealthCanada,444,14.586070959264125,1996-09-06,1997-11-24,FDA -> HealthCanada
alphagan p,FDA,HealthCanada,963,31.636005256241784,2001-03-16,2003-11-04,FDA -> HealthCanada
alprolix,HealthCanada,TGA,30,0.9855453350854139,2014-03-18,2014-04-17,HealthCanada -> TGA
alprolix,TGA,EMA,679,22.306176084099867,2014-04-17,2016-02-25,TGA -> EMA
alrex,FDA,HealthCanada,3942,129.50065703022338,1998-03-09,2008-12-23,FDA -> HealthCanada
altace,HealthCanada,FDA,3919,128.74507227332458,1996-06-05,2007-02-27,HealthCanada -> FDA
altuvoct,EMA,Swissmedic,130,4.270696452036794,2024-04-25,2024-09-02,EMA -> Swissmedic
alunbrig,FDA,HealthCanada,454,14.914586070959263,2017-04-28,2018-07-26,FDA -> HealthCanada
alunbrig,HealthCanada,EMA,56,1.8396846254927726,2018-07-26,2018-09-20,HealthCanada -> EMA
alunbrig,EMA,TGA,165,5.4204993429697765,2018-09-20,2019-03-04,EMA -> TGA
alunbrig,TGA,Swissmedic,792,26.018396846254927,2019-03-04,2021-05-04,TGA -> Swissmedic
alvesco,HealthCanada,FDA,486,15.965834428383705,2006-09-11,2008-01-10,HealthCanada -> FDA
ambisome,FDA,HealthCanada,919,30.190538764783177,1997-08-11,2000-02-16,FDA -> HealthCanada
ameluz,EMA,FDA,1664,54.66491458607096,2011-10-20,2016-05-10,EMA -> FDA
amgevita,EMA,TGA,265,8.705650459921156,2017-01-26,2017-10-18,EMA -> TGA
amgevita,TGA,HealthCanada,1113,36.563731931668855,2017-10-18,2020-11-04,TGA -> HealthCanada
amoxicillin,FDA,HealthCanada,5252,172.53613666228645,1996-01-29,2010-06-16,FDA -> HealthCanada
amvuttra,FDA,EMA,38,1.2483574244415243,2022-06-13,2022-07-21,FDA -> EMA
amvuttra,EMA,Swissmedic,337,11.070959264126149,2022-07-21,2023-06-23,EMA -> Swissmedic
amvuttra,Swissmedic,HealthCanada,117,3.843626806833114,2023-06-23,2023-10-18,Swissmedic -> HealthCanada
amvuttra,HealthCanada,TGA,244,8.015768725361367,2023-10-18,2024-06-18,HealthCanada -> TGA
amyvid,FDA,EMA,195,6.40604467805519,2012-04-06,2012-10-18,FDA -> EMA
anastrozole,FDA,HealthCanada,2008,65.9658344283837,2007-05-25,2012-11-22,FDA -> HealthCanada
andembry,EMA,TGA,28,0.9198423127463863,2024-12-12,2025-01-09,EMA -> TGA
androgel,FDA,HealthCanada,709,23.291721419185283,2000-02-28,2002-02-06,FDA -> HealthCanada
angeliq,HealthCanada,FDA,82,2.6938239159001314,2005-07-08,2005-09-28,HealthCanada -> FDA
angiomax,FDA,HealthCanada,663,21.780551905387647,2000-12-15,2002-10-09,FDA -> HealthCanada
anoro ellipta,FDA,HealthCanada,5,0.164257555847569,2013-12-18,2013-12-23,FDA -> HealthCanada
anoro ellipta,HealthCanada,PMDA,128,4.204993429697766,2013-12-23,2014-04-30,HealthCanada -> PMDA
anoro ellipta,PMDA,TGA,64,2.102496714848883,2014-04-30,2014-07-03,PMDA -> TGA
antizol,FDA,HealthCanada,1092,35.873850197109064,1997-12-04,2000-11-30,FDA -> HealthCanada
antizol,HealthCanada,TGA,5839,191.81997371879106,2000-11-30,2016-11-25,HealthCanada -> TGA
apixaban,FDA,HealthCanada,1306,42.90407358738502,2019-02-22,2022-09-20,FDA -> HealthCanada
apretude,FDA,TGA,231,7.588699080157687,2021-12-20,2022-08-08,FDA -> TGA
apretude,TGA,EMA,346,11.366622864651774,2022-08-08,2023-07-20,TGA -> EMA
apretude,EMA,HealthCanada,295,9.69119579500657,2023-07-20,2024-05-10,EMA -> HealthCanada
aptiom,FDA,HealthCanada,242,7.9500657030223385,2013-11-08,2014-07-08,FDA -> HealthCanada
aptivus,FDA,HealthCanada,152,4.993429697766097,2005-06-22,2005-11-21,FDA -> HealthCanada
aquipta,EMA,TGA,145,4.763469119579501,2023-06-22,2023-11-14,EMA -> TGA
aquipta,TGA,Swissmedic,113,3.712220762155059,2023-11-14,2024-03-06,TGA -> Swissmedic
aranesp,EMA,FDA,26,0.8541392904073587,2001-08-22,2001-09-17,EMA -> FDA
aranesp,FDA,HealthCanada,4025,132.22733245729302,2001-09-17,2012-09-24,FDA -> HealthCanada
arava,FDA,HealthCanada,553,18.166885676741128,1998-09-10,2000-03-16,FDA -> HealthCanada
arazlo,FDA,HealthCanada,568,18.659658344283837,2019-12-18,2021-07-08,FDA -> HealthCanada
arcalyst,FDA,EMA,512,16.819973718791065,2008-02-27,2009-07-23,FDA -> EMA
arepanrix h5n1,TGA,HealthCanada,737,24.21156373193167,2011-02-01,2013-02-07,TGA -> HealthCanada
arexvy,EMA,HealthCanada,100,3.2851511169513796,2023-04-26,2023-08-04,EMA -> HealthCanada
arexvy,HealthCanada,TGA,157,5.157687253613666,2023-08-04,2024-01-08,HealthCanada -> TGA
arexvy,TGA,Swissmedic,115,3.7779237844940865,2024-01-08,2024-05-02,TGA -> Swissmedic
argatroban,FDA,HealthCanada,8764,287.9106438896189,2000-06-30,2024-06-28,FDA -> HealthCanada
aricept,FDA,HealthCanada,260,8.541392904073588,1996-11-25,1997-08-12,FDA -> HealthCanada
arimidex,FDA,HealthCanada,247,8.114323258869907,1995-12-27,1996-08-30,FDA -> HealthCanada
aripiprazole,FDA,HealthCanada,2392,78.580814717477,2012-10-12,2019-05-01,FDA -> HealthCanada
arixtra,FDA,HealthCanada,188,6.176084099868594,2001-12-07,2002-06-13,FDA -> HealthCanada
arixtra,HealthCanada,TGA,6125,201.215505913272,2002-06-13,2019-03-21,HealthCanada -> TGA
arnuity ellipta,FDA,HealthCanada,397,13.042049934296976,2014-08-20,2015-09-21,FDA -> HealthCanada
aromasin,FDA,HealthCanada,301,9.888304862023652,1999-10-21,2000-08-17,FDA -> HealthCanada
artiss,HealthCanada,TGA,449,14.750328515111695,2009-05-11,2010-08-03,HealthCanada -> TGA
arzerra,EMA,TGA,329,10.808147174770038,2010-01-20,2010-12-15,EMA -> TGA
asmanex twisthaler,HealthCanada,FDA,1489,48.91590013140604,2001-03-02,2005-03-30,HealthCanada -> FDA
asparlas,FDA,HealthCanada,1784,58.60709592641261,2018-12-20,2023-11-08,FDA -> HealthCanada
aspaveli,EMA,Swissmedic,525,17.24704336399474,2021-10-14,2023-03-23,EMA -> Swissmedic
atacand,FDA,HealthCanada,169,5.551905387647832,1998-06-04,1998-11-20,FDA -> HealthCanada
atectura breezhaler,EMA,HealthCanada,34,1.1169513797634691,2020-04-02,2020-05-06,EMA -> HealthCanada
atectura breezhaler,HealthCanada,TGA,71,2.3324572930354797,2020-05-06,2020-07-16,HealthCanada -> TGA
atenolol,FDA,HealthCanada,1253,41.16294349540079,1995-01-18,1998-06-24,FDA -> HealthCanada
atriance,EMA,HealthCanada,31,1.0183968462549278,2007-08-22,2007-09-22,EMA -> HealthCanada
atrovent hfa,HealthCanada,FDA,504,16.557161629434955,2003-07-02,2004-11-17,HealthCanada -> FDA
aubagio,FDA,EMA,288,9.461235216819974,2012-09-12,2013-06-27,FDA -> EMA
augtyro,FDA,EMA,365,11.990801576872535,2023-11-15,2024-11-14,FDA -> EMA
austedo,FDA,TGA,1514,49.73718791064389,2017-04-03,2021-05-26,FDA -> TGA
avalide,FDA,HealthCanada,882,28.97503285151117,1997-09-30,2000-02-29,FDA -> HealthCanada
avapro,FDA,HealthCanada,244,8.015768725361367,1997-09-30,1998-06-01,FDA -> HealthCanada
avastin,FDA,EMA,321,10.545335085413928,2004-02-26,2005-01-12,FDA -> EMA
avastin,EMA,HealthCanada,240,7.884362680683311,2005-01-12,2005-09-09,EMA -> HealthCanada
avastin,HealthCanada,PMDA,531,17.444152431011826,2005-09-09,2007-02-22,HealthCanada -> PMDA
avastin,PMDA,TGA,1084,35.611038107752954,2007-02-22,2010-02-10,PMDA -> TGA
avodart,FDA,HealthCanada,609,20.006570302233904,2001-11-20,2003-07-22,FDA -> HealthCanada
avodart,HealthCanada,TGA,2619,86.03810775295663,2003-07-22,2010-09-22,HealthCanada -> TGA
avonex,FDA,EMA,187,6.14323258869908,1996-05-17,1996-11-20,FDA -> EMA
avonex,EMA,HealthCanada,3162,103.87647831800263,1996-11-20,2005-07-18,EMA -> HealthCanada
avsola,FDA,HealthCanada,97,3.1865965834428382,2019-12-06,2020-03-12,FDA -> HealthCanada
avtozma,EMA,FDA,43,1.4126149802890933,2024-12-12,2025-01-24,EMA -> FDA
awiqli,HealthCanada,EMA,9,0.2956636005256242,2024-03-12,2024-03-21,HealthCanada -> EMA
awiqli,EMA,PMDA,71,2.3324572930354797,2024-03-21,2024-05-31,EMA -> PMDA
axumin,FDA,EMA,300,9.85545335085414,2016-05-27,2017-03-23,FDA -> EMA
aybintio,EMA,HealthCanada,523,17.181340341655716,2020-06-25,2021-11-30,EMA -> HealthCanada
ayvakyt,EMA,Swissmedic,1078,35.41392904073587,2020-07-23,2023-07-06,EMA -> Swissmedic
ayvakyt,Swissmedic,HealthCanada,440,14.45466491458607,2023-07-06,2024-09-18,Swissmedic -> HealthCanada
azarga,EMA,HealthCanada,322,10.578186596583443,2008-09-25,2009-08-13,EMA -> HealthCanada
azarga,HealthCanada,TGA,132,4.336399474375821,2009-08-13,2009-12-23,HealthCanada -> TGA
azilect,FDA,HealthCanada,93,3.055190538764783,2006-05-16,2006-08-17,FDA -> HealthCanada
azilect,HealthCanada,TGA,1852,60.84099868593955,2006-08-17,2011-09-12,HealthCanada -> TGA
azithromycin,FDA,HealthCanada,1423,46.747700394218136,2005-11-14,2009-10-07,FDA -> HealthCanada
azopt,FDA,HealthCanada,205,6.734559789750328,1998-04-01,1998-10-23,FDA -> HealthCanada
azopt,HealthCanada,EMA,740,24.31011826544021,1998-10-23,2000-11-01,HealthCanada -> EMA
baclofen,FDA,HealthCanada,3718,122.14191852825229,1996-08-19,2006-10-24,FDA -> HealthCanada
balversa,FDA,HealthCanada,196,6.438896189224704,2019-04-12,2019-10-25,FDA -> HealthCanada
balversa,HealthCanada,EMA,1707,56.07752956636005,2019-10-25,2024-06-27,HealthCanada -> EMA
banzel,FDA,HealthCanada,950,31.208935611038108,2008-11-14,2011-06-22,FDA -> HealthCanada
baqsimi,FDA,HealthCanada,63,2.0696452036793693,2019-07-24,2019-09-25,FDA -> HealthCanada
baqsimi,HealthCanada,EMA,22,0.7227332457293035,2019-09-25,2019-10-17,HealthCanada -> EMA
baraclude,EMA,FDA,0,0.0,2005-03-29,2005-03-29,EMA -> FDA
baraclude,FDA,HealthCanada,444,14.586070959264125,2005-03-29,2006-06-16,FDA -> HealthCanada
basaglar,HealthCanada,FDA,106,3.4822601839684624,2015-09-01,2015-12-16,HealthCanada -> FDA
bavencio,FDA,EMA,119,3.9093298291721417,2017-03-23,2017-07-20,FDA -> EMA
bavencio,EMA,PMDA,50,1.6425755584756898,2017-07-20,2017-09-08,EMA -> PMDA
bavencio,PMDA,HealthCanada,101,3.3180026281208934,2017-09-08,2017-12-18,PMDA -> HealthCanada
bavencio,HealthCanada,TGA,15,0.49277266754270693,2017-12-18,2018-01-02,HealthCanada -> TGA
belkyra,HealthCanada,TGA,362,11.892247043363994,2015-07-23,2016-07-19,HealthCanada -> TGA
belsomra,FDA,TGA,23,0.7555847568988173,2014-08-13,2014-09-05,FDA -> TGA
benefix,EMA,HealthCanada,3075,101.01839684625493,1998-11-11,2007-04-13,EMA -> HealthCanada
benlysta,FDA,EMA,71,2.3324572930354797,2011-03-09,2011-05-19,FDA -> EMA
benlysta,EMA,HealthCanada,48,1.5768725361366622,2011-05-19,2011-07-06,EMA -> HealthCanada
benlysta,HealthCanada,TGA,366,12.02365308804205,2011-07-06,2012-07-06,HealthCanada -> TGA
benlysta,TGA,PMDA,1890,62.089356110381075,2012-07-06,2017-09-08,TGA -> PMDA
benzaclin,FDA,HealthCanada,1096,36.00525624178712,2000-12-21,2003-12-22,FDA -> HealthCanada
beovu,FDA,EMA,66,2.1681997371879107,2019-10-07,2019-12-12,FDA -> EMA
beovu,EMA,TGA,34,1.1169513797634691,2019-12-12,2020-01-15,EMA -> TGA
beovu,TGA,Swissmedic,1,0.0328515111695138,2020-01-15,2020-01-16,TGA -> Swissmedic
beovu,Swissmedic,HealthCanada,56,1.8396846254927726,2020-01-16,2020-03-12,Swissmedic -> HealthCanada
bepreve,FDA,HealthCanada,2514,82.58869908015768,2009-09-08,2016-07-27,FDA -> HealthCanada
besivance,FDA,HealthCanada,148,4.862023653088042,2009-05-28,2009-10-23,FDA -> HealthCanada
besivance,HealthCanada,TGA,1467,48.19316688567674,2009-10-23,2013-10-29,HealthCanada -> TGA
besponsa,EMA,FDA,118,3.876478318002628,2017-04-21,2017-08-17,EMA -> FDA
besponsa,FDA,HealthCanada,210,6.898817345597897,2017-08-17,2018-03-15,FDA -> HealthCanada
besponsa,HealthCanada,TGA,57,1.8725361366622864,2018-03-15,2018-05-11,HealthCanada -> TGA
besponsa,TGA,PMDA,2113,69.41524310118265,2018-05-11,2024-02-22,TGA -> PMDA
besremi,EMA,Swissmedic,566,18.593955321944808,2018-12-13,2020-07-01,EMA -> Swissmedic
besremi,Swissmedic,FDA,499,16.392904073587385,2020-07-01,2021-11-12,Swissmedic -> FDA
betmiga,EMA,TGA,343,11.268068331143231,2012-10-18,2013-09-26,EMA -> TGA
bevespi aerosphere,FDA,EMA,906,29.7634691195795,2016-04-25,2018-10-18,FDA -> EMA
bevespi aerosphere,EMA,PMDA,224,7.35873850197109,2018-10-18,2019-05-30,EMA -> PMDA
bexsero,EMA,TGA,267,8.771353482260183,2012-11-15,2013-08-09,EMA -> TGA
bexsero,TGA,HealthCanada,119,3.9093298291721417,2013-08-09,2013-12-06,TGA -> HealthCanada
beyfortus,EMA,HealthCanada,216,7.09592641261498,2022-09-15,2023-04-19,EMA -> HealthCanada
beyfortus,HealthCanada,FDA,89,2.923784494086728,2023-04-19,2023-07-17,HealthCanada -> FDA
beyfortus,FDA,TGA,128,4.204993429697766,2023-07-17,2023-11-22,FDA -> TGA
beyfortus,TGA,Swissmedic,30,0.9855453350854139,2023-11-22,2023-12-22,TGA -> Swissmedic
bicalutamide,FDA,HealthCanada,4426,145.40078843626807,2009-07-06,2021-08-18,FDA -> HealthCanada
bijuva,FDA,HealthCanada,690,22.667542706964518,2018-10-28,2020-09-17,FDA -> HealthCanada
biktarvy,FDA,EMA,78,2.562417871222076,2018-02-07,2018-04-26,FDA -> EMA
biktarvy,EMA,HealthCanada,75,2.463863337713535,2018-04-26,2018-07-10,EMA -> HealthCanada
biktarvy,HealthCanada,TGA,0,0.0,2018-07-10,2018-07-10,HealthCanada -> TGA
biktarvy,TGA,PMDA,227,7.457293035479632,2018-07-10,2019-02-22,TGA -> PMDA
bimzelx,EMA,HealthCanada,235,7.720105124835742,2021-06-24,2022-02-14,EMA -> HealthCanada
bimzelx,HealthCanada,TGA,31,1.0183968462549278,2022-02-14,2022-03-17,HealthCanada -> TGA
bimzelx,TGA,Swissmedic,224,7.35873850197109,2022-03-17,2022-10-27,TGA -> Swissmedic
bimzelx,Swissmedic,FDA,355,11.662286465177397,2022-10-27,2023-10-17,Swissmedic -> FDA
blenrep,EMA,Swissmedic,697,22.897503285151117,2020-07-23,2022-06-20,EMA -> Swissmedic
blincyto,FDA,EMA,295,9.69119579500657,2014-12-03,2015-09-24,FDA -> EMA
blincyto,EMA,TGA,36,1.1826544021024967,2015-09-24,2015-10-30,EMA -> TGA
blincyto,TGA,HealthCanada,53,1.7411300919842312,2015-10-30,2015-12-22,TGA -> HealthCanada
bortezomib,HealthCanada,FDA,113,3.712220762155059,2016-06-29,2016-10-20,HealthCanada -> FDA
bosulif,FDA,EMA,135,4.434954007884363,2012-09-04,2013-01-17,FDA -> EMA
bosulif,EMA,HealthCanada,414,13.600525624178712,2013-01-17,2014-03-07,EMA -> HealthCanada
botox,TGA,PMDA,1543,50.68988173455979,2011-03-15,2015-06-05,TGA -> PMDA
botox,PMDA,HealthCanada,2677,87.94349540078844,2015-06-05,2022-10-03,PMDA -> HealthCanada
braftovi,FDA,EMA,29,0.9526938239159001,2018-06-27,2018-07-26,FDA -> EMA
braftovi,EMA,PMDA,126,4.139290407358739,2018-07-26,2018-11-29,EMA -> PMDA
braftovi,PMDA,HealthCanada,824,27.069645203679368,2018-11-29,2021-03-02,PMDA -> HealthCanada
brenzys,TGA,HealthCanada,47,1.5440210249671484,2016-07-15,2016-08-31,TGA -> HealthCanada
breo ellipta,FDA,HealthCanada,54,1.773981603153745,2013-05-10,2013-07-03,FDA -> HealthCanada
breo ellipta,HealthCanada,TGA,261,8.5742444152431,2013-07-03,2014-03-21,HealthCanada -> TGA
bretaris genuair,EMA,TGA,663,21.780551905387647,2012-05-24,2014-03-18,EMA -> TGA
breyanzi,EMA,Swissmedic,60,1.9710906701708277,2022-01-27,2022-03-28,EMA -> Swissmedic
breyanzi,Swissmedic,HealthCanada,39,1.281208935611038,2022-03-28,2022-05-06,Swissmedic -> HealthCanada
breztri aerosphere,PMDA,FDA,420,13.797634691195794,2019-05-30,2020-07-23,PMDA -> FDA
breztri aerosphere,FDA,HealthCanada,357,11.727989487516425,2020-07-23,2021-07-15,FDA -> HealthCanada
breztri aerosphere,HealthCanada,TGA,1,0.0328515111695138,2021-07-15,2021-07-16,HealthCanada -> TGA
bridion,EMA,PMDA,453,14.88173455978975,2008-07-25,2009-10-21,EMA -> PMDA
bridion,PMDA,FDA,2246,73.78449408672799,2009-10-21,2015-12-15,PMDA -> FDA
bridion,FDA,HealthCanada,52,1.7082785808147174,2015-12-15,2016-02-05,FDA -> HealthCanada
brilinta,HealthCanada,TGA,10,0.328515111695138,2011-05-30,2011-06-09,HealthCanada -> TGA
brilinta,TGA,FDA,41,1.3469119579500657,2011-06-09,2011-07-20,TGA -> FDA
brinavess,EMA,TGA,558,18.331143232588698,2010-06-24,2012-01-03,EMA -> TGA
brinavess,TGA,HealthCanada,1896,62.286465177398156,2012-01-03,2017-03-13,TGA -> HealthCanada
brineura,EMA,FDA,6,0.19710906701708278,2017-04-21,2017-04-27,EMA -> FDA
brineura,FDA,HealthCanada,601,19.743758212877793,2017-04-27,2018-12-19,FDA -> HealthCanada
brintellix,EMA,TGA,146,4.7963206307490145,2013-10-24,2014-03-19,EMA -> TGA
briumvi,FDA,EMA,92,3.0223390275952693,2022-12-28,2023-03-30,FDA -> EMA
briviact,EMA,FDA,91,2.9894875164257555,2015-11-19,2016-02-18,EMA -> FDA
briviact,FDA,TGA,166,5.45335085413929,2016-02-18,2016-08-02,FDA -> TGA
bronchitol,TGA,EMA,374,12.28646517739816,2011-02-07,2012-02-16,TGA -> EMA
bronchitol,EMA,FDA,3179,104.43495400788436,2012-02-16,2020-10-30,EMA -> FDA
brukinsa,FDA,HealthCanada,473,15.538764783180026,2019-11-14,2021-03-01,FDA -> HealthCanada
brukinsa,HealthCanada,EMA,199,6.5374507227332455,2021-03-01,2021-09-16,HealthCanada -> EMA
brukinsa,EMA,TGA,21,0.6898817345597897,2021-09-16,2021-10-07,EMA -> TGA
brukinsa,TGA,Swissmedic,124,4.073587385019711,2021-10-07,2022-02-08,TGA -> Swissmedic
bryhali,FDA,HealthCanada,702,23.061760840998684,2018-11-06,2020-10-08,FDA -> HealthCanada
buvidal,EMA,TGA,63,2.0696452036793693,2018-09-20,2018-11-22,EMA -> TGA
byetta,FDA,TGA,2689,88.3377135348226,2005-04-28,2012-09-07,FDA -> TGA
byfavo,FDA,EMA,210,6.898817345597897,2020-07-02,2021-01-28,FDA -> EMA
bylvay,EMA,FDA,61,2.0039421813403417,2021-05-20,2021-07-20,EMA -> FDA
bylvay,FDA,HealthCanada,832,27.33245729303548,2021-07-20,2023-10-30,FDA -> HealthCanada
byooviz,EMA,FDA,85,2.7923784494086727,2021-06-24,2021-09-17,EMA -> FDA
byooviz,FDA,HealthCanada,172,5.650459921156373,2021-09-17,2022-03-08,FDA -> HealthCanada
byooviz,HealthCanada,TGA,161,5.289093298291721,2022-03-08,2022-08-16,HealthCanada -> TGA
bystolic,FDA,HealthCanada,1831,60.15111695137976,2007-12-17,2012-12-21,FDA -> HealthCanada
cablivi,EMA,FDA,223,7.3258869908015765,2018-06-28,2019-02-06,EMA -> FDA
cablivi,FDA,Swissmedic,237,7.7858081471747695,2019-02-06,2019-10-01,FDA -> Swissmedic
cablivi,Swissmedic,TGA,121,3.9750328515111693,2019-10-01,2020-01-30,Swissmedic -> TGA
cablivi,TGA,PMDA,938,30.814717477003942,2020-01-30,2022-08-25,TGA -> PMDA
cabometyx,FDA,EMA,87,2.8580814717477003,2016-04-25,2016-07-21,FDA -> EMA
cabometyx,EMA,TGA,546,17.936925098554532,2016-07-21,2018-01-18,EMA -> TGA
cabometyx,TGA,HealthCanada,239,7.851511169513797,2018-01-18,2018-09-14,TGA -> HealthCanada
cabtreo,FDA,HealthCanada,299,9.822601839684625,2023-10-20,2024-08-14,FDA -> HealthCanada
caduet,FDA,HealthCanada,657,21.583442838370566,2004-01-30,2005-11-17,FDA -> HealthCanada
caldolor,FDA,TGA,992,32.58869908015769,2009-06-11,2012-02-28,FDA -> TGA
calquence,FDA,HealthCanada,661,21.71484888304862,2017-10-31,2019-08-23,FDA -> HealthCanada
calquence,HealthCanada,TGA,90,2.9566360052562417,2019-08-23,2019-11-21,HealthCanada -> TGA
calquence,TGA,EMA,245,8.04862023653088,2019-11-21,2020-07-23,TGA -> EMA
calquence,EMA,Swissmedic,224,7.35873850197109,2020-07-23,2021-03-04,EMA -> Swissmedic
cambia,FDA,HealthCanada,1001,32.88436268068331,2009-06-17,2012-03-14,FDA -> HealthCanada
campral,FDA,HealthCanada,960,31.537450722733244,2004-07-29,2007-03-16,FDA -> HealthCanada
camzyos,FDA,TGA,140,4.599211563731932,2022-04-28,2022-09-15,FDA -> TGA
camzyos,TGA,HealthCanada,54,1.773981603153745,2022-09-15,2022-11-08,TGA -> HealthCanada
camzyos,HealthCanada,Swissmedic,168,5.519053876478318,2022-11-08,2023-04-25,HealthCanada -> Swissmedic
camzyos,Swissmedic,EMA,1,0.0328515111695138,2023-04-25,2023-04-26,Swissmedic -> EMA
cancidas,FDA,HealthCanada,174,5.716162943495401,2001-01-26,2001-07-19,FDA -> HealthCanada
capecitabine,FDA,HealthCanada,2767,90.90013140604468,2013-09-16,2021-04-14,FDA -> HealthCanada
caprelsa,FDA,EMA,225,7.391590013140604,2011-04-06,2011-11-17,FDA -> EMA
caprelsa,EMA,HealthCanada,56,1.8396846254927726,2011-11-17,2012-01-12,EMA -> HealthCanada
caprelsa,HealthCanada,TGA,369,12.12220762155059,2012-01-12,2013-01-15,HealthCanada -> TGA
capvaxive,HealthCanada,EMA,199,6.5374507227332455,2024-07-15,2025-01-30,HealthCanada -> EMA
carbaglu,FDA,TGA,1779,58.44283837056504,2010-03-18,2015-01-30,FDA -> TGA
carbaglu,TGA,HealthCanada,70,2.299605781865966,2015-01-30,2015-04-10,TGA -> HealthCanada
carbaglu,HealthCanada,Swissmedic,1936,63.60052562417871,2015-04-10,2020-07-28,HealthCanada -> Swissmedic
carvedilol,HealthCanada,FDA,1281,42.08278580814717,2004-03-03,2007-09-05,HealthCanada -> FDA
carvykti,EMA,Swissmedic,137,4.50065703022339,2022-03-24,2022-08-08,EMA -> Swissmedic
casgevy,EMA,Swissmedic,267,8.771353482260183,2023-12-14,2024-09-06,EMA -> Swissmedic
cayston,EMA,HealthCanada,78,2.562417871222076,2009-06-25,2009-09-11,EMA -> HealthCanada
cayston,HealthCanada,TGA,144,4.730617608409987,2009-09-11,2010-02-02,HealthCanada -> TGA
cayston,TGA,FDA,20,0.657030223390276,2010-02-02,2010-02-22,TGA -> FDA
celebrex,FDA,HealthCanada,104,3.416557161629435,1998-12-31,1999-04-14,FDA -> HealthCanada
celebrex,HealthCanada,TGA,4088,134.2969776609724,1999-04-14,2010-06-23,HealthCanada -> TGA
celecoxib,FDA,HealthCanada,171,5.617608409986859,2014-05-30,2014-11-17,FDA -> HealthCanada
cellcept,FDA,HealthCanada,196,6.438896189224704,1995-05-03,1995-11-15,FDA -> HealthCanada
cellcept,HealthCanada,EMA,91,2.9894875164257555,1995-11-15,1996-02-14,HealthCanada -> EMA
celsentri,EMA,HealthCanada,6,0.19710906701708278,2007-09-15,2007-09-21,EMA -> HealthCanada
celsentri,HealthCanada,TGA,1797,59.03416557161629,2007-09-21,2012-08-22,HealthCanada -> TGA
cephalexin,FDA,HealthCanada,7427,243.98817345597897,1999-09-16,2020-01-16,FDA -> HealthCanada
cequa,FDA,TGA,532,17.47700394218134,2018-08-14,2020-01-28,FDA -> TGA
cequa,TGA,HealthCanada,385,12.64783180026281,2020-01-28,2021-02-16,TGA -> HealthCanada
cerdelga,FDA,EMA,93,3.055190538764783,2014-08-19,2014-11-20,FDA -> EMA
cerdelga,EMA,PMDA,92,3.0223390275952693,2014-11-20,2015-02-20,EMA -> PMDA
cerdelga,PMDA,HealthCanada,791,25.985545335085412,2015-02-20,2017-04-21,PMDA -> HealthCanada
cerebyx,FDA,HealthCanada,227,7.457293035479632,1996-08-05,1997-03-20,FDA -> HealthCanada
cervarix,PMDA,HealthCanada,156,5.124835742444152,2009-08-31,2010-02-03,PMDA -> HealthCanada
cervarix,HealthCanada,TGA,413,13.567674113009199,2010-02-03,2011-03-23,HealthCanada -> TGA
cervidil,FDA,HealthCanada,739,24.277266754270695,1995-03-30,1997-04-07,FDA -> HealthCanada
cetrotide,FDA,HealthCanada,1097,36.038107752956634,2000-08-11,2003-08-13,FDA -> HealthCanada
children's motrin,FDA,HealthCanada,1824,59.92115637319316,1995-06-16,2000-06-13,FDA -> HealthCanada
cialis,HealthCanada,FDA,65,2.135348226018397,2003-09-17,2003-11-21,HealthCanada -> FDA
cialis,FDA,TGA,3464,113.7976346911958,2003-11-21,2013-05-16,FDA -> TGA
cibinqo,PMDA,EMA,38,1.2483574244415243,2021-09-06,2021-10-14,PMDA -> EMA
cibinqo,EMA,FDA,92,3.0223390275952693,2021-10-14,2022-01-14,EMA -> FDA
cibinqo,FDA,Swissmedic,81,2.6609724047306176,2022-01-14,2022-04-05,FDA -> Swissmedic
cibinqo,Swissmedic,HealthCanada,85,2.7923784494086727,2022-04-05,2022-06-29,Swissmedic -> HealthCanada
cibinqo,HealthCanada,TGA,756,24.83574244415243,2022-06-29,2024-07-24,HealthCanada -> TGA
ciloxan,FDA,HealthCanada,191,6.274638633377135,1998-03-30,1998-10-07,FDA -> HealthCanada
cimzia,FDA,EMA,429,14.09329829172142,2008-04-22,2009-06-25,FDA -> EMA
cimzia,EMA,HealthCanada,48,1.5768725361366622,2009-06-25,2009-08-12,EMA -> HealthCanada
cimzia,HealthCanada,TGA,132,4.336399474375821,2009-08-12,2009-12-22,HealthCanada -> TGA
cinqair,FDA,HealthCanada,119,3.9093298291721417,2016-03-23,2016-07-20,FDA -> HealthCanada
cinryze,EMA,TGA,368,12.089356110381077,2011-03-17,2012-03-19,EMA -> TGA
ciprodex,FDA,HealthCanada,297,9.756898817345597,2003-07-18,2004-05-10,FDA -> HealthCanada
ciprofloxacin,FDA,HealthCanada,2815,92.47700394218134,2004-09-23,2012-06-08,FDA -> HealthCanada
clarithromycin,FDA,HealthCanada,1851,60.808147174770035,2004-05-25,2009-06-19,FDA -> HealthCanada
cleviprex,FDA,TGA,619,20.33508541392904,2008-08-01,2010-04-12,FDA -> TGA
cleviprex,TGA,HealthCanada,350,11.498028909329829,2010-04-12,2011-03-28,TGA -> HealthCanada
clobex,FDA,TGA,3485,114.48751642575559,2003-07-24,2013-02-06,FDA -> TGA
clolar,FDA,HealthCanada,1661,54.566360052562416,2004-12-28,2009-07-16,FDA -> HealthCanada
clonidine,FDA,HealthCanada,5035,165.40735873850196,2009-08-18,2023-06-01,FDA -> HealthCanada
clorotekal,FDA,HealthCanada,2522,82.8515111695138,2017-09-26,2024-08-22,FDA -> HealthCanada
clozaril,PMDA,HealthCanada,3801,124.86859395532194,2009-02-27,2019-07-26,PMDA -> HealthCanada
columvi,HealthCanada,EMA,33,1.0840998685939554,2023-03-24,2023-04-26,HealthCanada -> EMA
columvi,EMA,FDA,50,1.6425755584756898,2023-04-26,2023-06-15,EMA -> FDA
columvi,FDA,TGA,49,1.609724047306176,2023-06-15,2023-08-03,FDA -> TGA
columvi,TGA,Swissmedic,96,3.1537450722733245,2023-08-03,2023-11-07,TGA -> Swissmedic
combigan,HealthCanada,FDA,1421,46.681997371879106,2003-12-09,2007-10-30,HealthCanada -> FDA
combivent respimat,FDA,HealthCanada,826,27.135348226018397,2011-10-07,2014-01-10,FDA -> HealthCanada
combogesic,HealthCanada,FDA,1392,45.729303547963205,2019-05-09,2023-03-01,HealthCanada -> FDA
combogesic iv,FDA,HealthCanada,108,3.54796320630749,2023-10-17,2024-02-02,FDA -> HealthCanada
cometriq,FDA,EMA,385,12.64783180026281,2012-11-29,2013-12-19,FDA -> EMA
comirnaty,Swissmedic,EMA,2,0.0657030223390276,2020-12-19,2020-12-21,Swissmedic -> EMA
comirnaty,EMA,TGA,34,1.1169513797634691,2020-12-21,2021-01-24,EMA -> TGA
comirnaty,TGA,PMDA,19,0.6241787122207622,2021-01-24,2021-02-12,TGA -> PMDA
comirnaty,PMDA,HealthCanada,958,31.471747700394218,2021-02-12,2023-09-28,PMDA -> HealthCanada
complera,FDA,HealthCanada,44,1.445466491458607,2011-08-10,2011-09-23,FDA -> HealthCanada
concerta,FDA,HealthCanada,1059,34.78975032851511,2000-08-01,2003-06-26,FDA -> HealthCanada
constella,EMA,HealthCanada,438,14.388961892247043,2012-09-20,2013-12-02,EMA -> HealthCanada
contrave,FDA,HealthCanada,1252,41.13009198423127,2014-09-10,2018-02-13,FDA -> HealthCanada
copaxone,FDA,HealthCanada,1916,62.943495400788436,1996-12-20,2002-03-20,FDA -> HealthCanada
copegus,FDA,PMDA,4475,147.01051248357425,2002-12-03,2015-03-05,FDA -> PMDA
copiktra,FDA,EMA,913,29.993429697766096,2018-09-24,2021-03-25,FDA -> EMA
cortiment,TGA,HealthCanada,298,9.789750328515112,2015-08-27,2016-06-20,TGA -> HealthCanada
corvert,FDA,HealthCanada,1660,54.533508541392905,1995-12-28,2000-07-14,FDA -> HealthCanada
cosentyx,EMA,PMDA,8,0.2628120893561104,2014-11-20,2014-11-28,EMA -> PMDA
cosentyx,PMDA,FDA,54,1.773981603153745,2014-11-28,2015-01-21,PMDA -> FDA
cosentyx,FDA,HealthCanada,37,1.2155059132720105,2015-01-21,2015-02-27,FDA -> HealthCanada
cosentyx,HealthCanada,TGA,2022,66.4257555847569,2015-02-27,2020-09-10,HealthCanada -> TGA
cosopt,FDA,HealthCanada,398,13.074901445466491,1998-04-07,1999-05-10,FDA -> HealthCanada
cotellic,EMA,FDA,47,1.5440210249671484,2015-09-24,2015-11-10,EMA -> FDA
cotellic,FDA,HealthCanada,104,3.416557161629435,2015-11-10,2016-02-22,FDA -> HealthCanada
covid-19 vaccine astrazeneca,EMA,TGA,17,0.5584756898817346,2021-01-29,2021-02-15,EMA -> TGA
covid-19 vaccine janssen,EMA,Swissmedic,11,0.36136662286465177,2021-03-11,2021-03-22,EMA -> Swissmedic
covid-19 vaccine janssen,Swissmedic,TGA,95,3.1208935611038107,2021-03-22,2021-06-25,Swissmedic -> TGA
covid-19 vaccine moderna,EMA,PMDA,134,4.402102496714849,2021-01-06,2021-05-20,EMA -> PMDA
cozaar,FDA,HealthCanada,261,8.5742444152431,1995-04-14,1995-12-31,FDA -> HealthCanada
cresemba,FDA,EMA,139,4.566360052562418,2015-03-06,2015-07-23,FDA -> EMA
cresemba,EMA,HealthCanada,1245,40.90013140604468,2015-07-23,2018-12-19,EMA -> HealthCanada
cresemba,HealthCanada,TGA,147,4.829172141918528,2018-12-19,2019-05-15,HealthCanada -> TGA
crinone,FDA,HealthCanada,891,29.27069645203679,1997-05-13,1999-10-21,FDA -> HealthCanada
crysvita,EMA,FDA,124,4.073587385019711,2017-12-14,2018-04-17,EMA -> FDA
crysvita,FDA,HealthCanada,232,7.621550591327201,2018-04-17,2018-12-05,FDA -> HealthCanada
crysvita,HealthCanada,PMDA,267,8.771353482260183,2018-12-05,2019-08-29,HealthCanada -> PMDA
crysvita,PMDA,TGA,736,24.178712220762154,2019-08-29,2021-09-03,PMDA -> TGA
cubicin,EMA,TGA,4748,155.9789750328515,2006-01-19,2019-01-19,EMA -> TGA
cuprior,EMA,TGA,1546,50.78843626806833,2017-04-21,2021-07-15,EMA -> TGA
curosurf,FDA,HealthCanada,55,1.8068331143232588,1999-11-18,2000-01-12,FDA -> HealthCanada
cuvposa,FDA,HealthCanada,2651,87.08935611038108,2010-07-28,2017-10-30,FDA -> HealthCanada
cyanokit,FDA,HealthCanada,1789,58.77135348226018,2006-12-15,2011-11-08,FDA -> HealthCanada
cyltezo,FDA,EMA,20,0.657030223390276,2017-08-25,2017-09-14,FDA -> EMA
cymbalta,FDA,TGA,2695,88.53482260183968,2004-08-03,2011-12-20,FDA -> TGA
cymbalta,TGA,PMDA,1802,59.19842312746386,2011-12-20,2016-11-25,TGA -> PMDA
cyramza,FDA,EMA,157,5.157687253613666,2014-04-21,2014-09-25,FDA -> EMA
cyramza,EMA,PMDA,161,5.289093298291721,2014-09-25,2015-03-05,EMA -> PMDA
cyramza,PMDA,HealthCanada,133,4.369250985545335,2015-03-05,2015-07-16,PMDA -> HealthCanada
cystadane,FDA,HealthCanada,643,21.12352168199737,1996-10-25,1998-07-30,FDA -> HealthCanada
cystadrops,EMA,HealthCanada,851,27.95663600525624,2016-10-13,2019-02-11,EMA -> HealthCanada
cystadrops,HealthCanada,FDA,555,18.232588699080157,2019-02-11,2020-08-19,HealthCanada -> FDA
dacogen,FDA,EMA,2270,74.57293035479631,2006-05-02,2012-07-19,FDA -> EMA
daklinza,EMA,PMDA,0,0.0,2014-06-26,2014-06-26,EMA -> PMDA
daklinza,PMDA,TGA,361,11.85939553219448,2014-06-26,2015-06-22,PMDA -> TGA
daklinza,TGA,FDA,32,1.0512483574244416,2015-06-22,2015-07-24,TGA -> FDA
daliresp,EMA,FDA,74,2.431011826544021,2010-12-16,2011-02-28,EMA -> FDA
darunavir,FDA,HealthCanada,1677,55.09198423127464,2017-03-16,2021-10-18,FDA -> HealthCanada
darzalex,FDA,EMA,137,4.50065703022339,2015-11-16,2016-04-01,FDA -> EMA
darzalex,EMA,HealthCanada,89,2.923784494086728,2016-04-01,2016-06-29,EMA -> HealthCanada
darzalex,HealthCanada,PMDA,436,14.323258869908015,2016-06-29,2017-09-08,HealthCanada -> PMDA
darzalex sc,HealthCanada,TGA,434,14.257555847568987,2020-07-29,2021-10-06,HealthCanada -> TGA
datroway,FDA,EMA,13,0.42706964520367935,2025-01-17,2025-01-30,FDA -> EMA
datscan,FDA,HealthCanada,2523,82.88436268068331,2011-01-14,2017-12-11,FDA -> HealthCanada
daurismo,FDA,HealthCanada,524,17.21419185282523,2018-11-21,2020-04-28,FDA -> HealthCanada
daurismo,HealthCanada,EMA,2,0.0657030223390276,2020-04-28,2020-04-30,HealthCanada -> EMA
daurismo,EMA,Swissmedic,145,4.763469119579501,2020-04-30,2020-09-22,EMA -> Swissmedic
daxas,EMA,HealthCanada,215,7.063074901445466,2010-04-22,2010-11-23,EMA -> HealthCanada
daybue,FDA,HealthCanada,581,19.086727989487514,2023-03-10,2024-10-11,FDA -> HealthCanada
dayvigo,PMDA,FDA,21,0.6898817345597897,2019-11-29,2019-12-20,PMDA -> FDA
dayvigo,FDA,HealthCanada,320,10.512483574244415,2019-12-20,2020-11-04,FDA -> HealthCanada
dayvigo,HealthCanada,TGA,253,8.31143232588699,2020-11-04,2021-07-15,HealthCanada -> TGA
decapeptyl,HealthCanada,TGA,966,31.734559789750328,2012-07-05,2015-02-26,HealthCanada -> TGA
defitelio,EMA,FDA,979,32.16162943495401,2013-07-25,2016-03-30,EMA -> FDA
defitelio,FDA,HealthCanada,467,15.341655716162943,2016-03-30,2017-07-10,FDA -> HealthCanada
defitelio,HealthCanada,Swissmedic,1169,38.40341655716163,2017-07-10,2020-09-21,HealthCanada -> Swissmedic
delstrigo,FDA,EMA,21,0.6898817345597897,2018-08-30,2018-09-20,FDA -> EMA
delstrigo,EMA,HealthCanada,50,1.6425755584756898,2018-09-20,2018-11-09,EMA -> HealthCanada
deltyba,EMA,PMDA,160,5.256241787122208,2013-11-21,2014-04-30,EMA -> PMDA
dengvaxia,TGA,EMA,462,15.177398160315374,2017-07-13,2018-10-18,TGA -> EMA
descovy,EMA,FDA,39,1.281208935611038,2016-02-25,2016-04-04,EMA -> FDA
descovy,FDA,HealthCanada,25,0.8212877792378449,2016-04-04,2016-04-29,FDA -> HealthCanada
descovy,HealthCanada,TGA,60,1.9710906701708277,2016-04-29,2016-06-28,HealthCanada -> TGA
desloratadine,FDA,HealthCanada,5309,174.40867279894874,2009-08-24,2024-03-07,FDA -> HealthCanada
desvenlafaxine,FDA,HealthCanada,3626,119.11957950065703,2013-03-04,2023-02-06,FDA -> HealthCanada
detrol,FDA,HealthCanada,240,7.884362680683311,1998-03-25,1998-11-20,FDA -> HealthCanada
detrol la,FDA,HealthCanada,305,10.019710906701707,2000-12-22,2001-10-23,FDA -> HealthCanada
dexilant,FDA,HealthCanada,538,17.67411300919842,2009-01-30,2010-07-22,FDA -> HealthCanada
diacomit,HealthCanada,FDA,2068,67.93692509855452,2012-12-21,2018-08-20,HealthCanada -> FDA
diacomit,FDA,TGA,387,12.713534822601838,2018-08-20,2019-09-11,FDA -> TGA
diclofenac,FDA,HealthCanada,508,16.68856767411301,2016-12-02,2018-04-24,FDA -> HealthCanada
differin,HealthCanada,FDA,493,16.1957950065703,1995-01-24,1996-05-31,HealthCanada -> FDA
dificid,FDA,HealthCanada,377,12.3850197109067,2011-05-27,2012-06-07,FDA -> HealthCanada
dificid,HealthCanada,TGA,315,10.348226018396845,2012-06-07,2013-04-18,HealthCanada -> TGA
digifab,HealthCanada,TGA,1023,33.60709592641261,2011-04-26,2014-02-12,HealthCanada -> TGA
diovan,FDA,HealthCanada,3174,104.27069645203679,1996-12-23,2005-09-01,FDA -> HealthCanada
divigel,FDA,HealthCanada,2443,80.2562417871222,2007-06-04,2014-02-10,FDA -> HealthCanada
dojolvi,FDA,HealthCanada,230,7.555847568988173,2020-06-30,2021-02-15,FDA -> HealthCanada
doptelet,FDA,EMA,340,11.169513797634691,2018-05-21,2019-04-26,FDA -> EMA
doptelet,EMA,Swissmedic,942,30.946123521681997,2019-04-26,2021-11-23,EMA -> Swissmedic
doptelet,Swissmedic,TGA,416,13.66622864651774,2021-11-23,2023-01-13,Swissmedic -> TGA
doptelet,TGA,HealthCanada,294,9.658344283837057,2023-01-13,2023-11-03,TGA -> HealthCanada
doribax,FDA,EMA,287,9.42838370565046,2007-10-12,2008-07-25,FDA -> EMA
dostinex,FDA,HealthCanada,1285,42.21419185282523,1996-12-23,2000-06-30,FDA -> HealthCanada
dotarem,FDA,HealthCanada,1346,44.21813403416557,2013-03-20,2016-11-25,FDA -> HealthCanada
dovato,FDA,EMA,18,0.5913272010512484,2019-04-08,2019-04-26,FDA -> EMA
dovato,EMA,HealthCanada,118,3.876478318002628,2019-04-26,2019-08-22,EMA -> HealthCanada
dovato,HealthCanada,TGA,20,0.657030223390276,2019-08-22,2019-09-11,HealthCanada -> TGA
drax exametazime,FDA,HealthCanada,889,29.204993429697765,2017-08-17,2020-01-23,FDA -> HealthCanada
drovelis,EMA,Swissmedic,406,13.337713534822601,2021-03-25,2022-05-05,EMA -> Swissmedic
duac,FDA,PMDA,4531,148.850197109067,2002-08-26,2015-01-21,FDA -> PMDA
duaklir genuair,EMA,HealthCanada,188,6.176084099868594,2014-09-25,2015-04-01,EMA -> HealthCanada
duavive,EMA,HealthCanada,0,0.0,2014-10-23,2014-10-23,EMA -> HealthCanada
duavive,HealthCanada,TGA,781,25.657030223390276,2014-10-23,2016-12-12,HealthCanada -> TGA
duobrii,FDA,HealthCanada,411,13.501971090670171,2019-04-25,2020-06-09,FDA -> HealthCanada
dupixent,FDA,EMA,114,3.7450722733245727,2017-03-28,2017-07-20,FDA -> EMA
dupixent,EMA,PMDA,109,3.5808147174770038,2017-07-20,2017-11-06,EMA -> PMDA
dupixent,PMDA,HealthCanada,24,0.7884362680683311,2017-11-06,2017-11-30,PMDA -> HealthCanada
dupixent,HealthCanada,TGA,53,1.7411300919842312,2017-11-30,2018-01-22,HealthCanada -> TGA
duratocin,TGA,HealthCanada,710,23.324572930354794,2018-03-16,2020-02-24,TGA -> HealthCanada
durezol,FDA,HealthCanada,1960,64.38896189224704,2008-06-23,2013-11-04,FDA -> HealthCanada
dutasteride,FDA,HealthCanada,1305,42.8712220762155,2010-12-21,2014-07-18,FDA -> HealthCanada
dutrebis,EMA,FDA,15,0.49277266754270693,2015-01-22,2015-02-06,EMA -> FDA
duzallo,FDA,EMA,314,10.315374507227332,2017-08-18,2018-06-28,FDA -> EMA
dymista,FDA,HealthCanada,905,29.730617608409986,2012-05-01,2014-10-23,FDA -> HealthCanada
dysport,FDA,TGA,4094,134.49408672798947,2009-04-29,2020-07-14,FDA -> TGA
ebglyss,EMA,PMDA,74,2.431011826544021,2023-09-14,2023-11-27,EMA -> PMDA
ebglyss,PMDA,TGA,171,5.617608409986859,2023-11-27,2024-05-16,PMDA -> TGA
ebglyss,TGA,HealthCanada,39,1.281208935611038,2024-05-16,2024-06-24,TGA -> HealthCanada
ebglyss,HealthCanada,FDA,81,2.6609724047306176,2024-06-24,2024-09-13,HealthCanada -> FDA
ebvallo,EMA,Swissmedic,568,18.659658344283837,2022-10-13,2024-05-03,EMA -> Swissmedic
edarbi,FDA,EMA,209,6.865965834428383,2011-02-25,2011-09-22,FDA -> EMA
edarbi,EMA,HealthCanada,168,5.519053876478318,2011-09-22,2012-03-08,EMA -> HealthCanada
edarbyclor,FDA,HealthCanada,349,11.465177398160314,2011-12-20,2012-12-03,FDA -> HealthCanada
edurant,FDA,HealthCanada,62,2.0367936925098555,2011-05-20,2011-07-21,FDA -> HealthCanada
edurant,HealthCanada,EMA,63,2.0696452036793693,2011-07-21,2011-09-22,HealthCanada -> EMA
edurant,EMA,TGA,89,2.923784494086728,2011-09-22,2011-12-20,EMA -> TGA
effexor xr,FDA,HealthCanada,119,3.9093298291721417,1997-10-20,1998-02-16,FDA -> HealthCanada
efient,EMA,PMDA,1825,59.95400788436268,2009-02-25,2014-02-24,EMA -> PMDA
egrifta,FDA,EMA,695,22.831800262812088,2010-11-10,2012-10-05,FDA -> EMA
eladynos,EMA,TGA,755,24.802890932982915,2022-10-13,2024-11-06,EMA -> TGA
elahere,FDA,EMA,675,22.174770039421812,2022-11-14,2024-09-19,FDA -> EMA
elaprase,FDA,HealthCanada,324,10.64388961892247,2006-07-24,2007-06-13,FDA -> HealthCanada
elelyso,FDA,EMA,51,1.6754270696452036,2012-05-01,2012-06-21,FDA -> EMA
elelyso,EMA,HealthCanada,707,23.226018396846253,2012-06-21,2014-05-29,EMA -> HealthCanada
elfabrio,EMA,FDA,75,2.463863337713535,2023-02-23,2023-05-09,EMA -> FDA
elfabrio,FDA,Swissmedic,125,4.106438896189225,2023-05-09,2023-09-11,FDA -> Swissmedic
elidel,FDA,HealthCanada,461,15.14454664914586,2001-12-13,2003-03-19,FDA -> HealthCanada
eligard,HealthCanada,TGA,5083,166.98423127463863,2003-11-06,2017-10-06,HealthCanada -> TGA
eliquis,EMA,TGA,119,3.9093298291721417,2011-03-17,2011-07-14,EMA -> TGA
eliquis,TGA,HealthCanada,155,5.091984231274639,2011-07-14,2011-12-16,TGA -> HealthCanada
eliquis,HealthCanada,PMDA,350,11.498028909329829,2011-12-16,2012-11-30,HealthCanada -> PMDA
eliquis,PMDA,FDA,28,0.9198423127463863,2012-11-30,2012-12-28,PMDA -> FDA
ella,FDA,HealthCanada,1613,52.989487516425754,2010-08-13,2015-01-12,FDA -> HealthCanada
ellaone,EMA,TGA,2169,71.25492772667542,2009-03-19,2015-02-25,EMA -> TGA
elmiron,FDA,EMA,7483,245.82785808147173,1996-09-26,2017-03-23,FDA -> EMA
eloctate,TGA,HealthCanada,65,2.135348226018397,2014-06-18,2014-08-22,TGA -> HealthCanada
elonva,EMA,TGA,244,8.015768725361367,2009-11-19,2010-07-21,EMA -> TGA
elrexfio,FDA,Swissmedic,22,0.7227332457293035,2023-08-14,2023-09-05,FDA -> Swissmedic
elrexfio,Swissmedic,EMA,37,1.2155059132720105,2023-09-05,2023-10-12,Swissmedic -> EMA
elrexfio,EMA,HealthCanada,55,1.8068331143232588,2023-10-12,2023-12-06,EMA -> HealthCanada
elrexfio,HealthCanada,TGA,203,6.668856767411301,2023-12-06,2024-06-26,HealthCanada -> TGA
elucirem,FDA,EMA,386,12.680683311432325,2022-09-21,2023-10-12,FDA -> EMA
elucirem,EMA,Swissmedic,70,2.299605781865966,2023-10-12,2023-12-21,EMA -> Swissmedic
elzonris,FDA,EMA,692,22.733245729303547,2018-12-21,2020-11-12,FDA -> EMA
elzonris,EMA,Swissmedic,813,26.708278580814717,2020-11-12,2023-02-03,EMA -> Swissmedic
emblaveo,EMA,FDA,323,10.611038107752956,2024-03-21,2025-02-07,EMA -> FDA
emend,FDA,HealthCanada,1612,52.95663600525624,2003-03-26,2007-08-24,FDA -> HealthCanada
emend,HealthCanada,TGA,1736,57.03022339027595,2007-08-24,2012-05-25,HealthCanada -> TGA
emgality,EMA,FDA,7,0.22996057818659657,2018-09-20,2018-09-27,EMA -> FDA
emgality,FDA,TGA,237,7.7858081471747695,2018-09-27,2019-05-22,FDA -> TGA
emgality,TGA,HealthCanada,69,2.266754270696452,2019-05-22,2019-07-30,TGA -> HealthCanada
emgality,HealthCanada,PMDA,491,16.130091984231274,2019-07-30,2020-12-02,HealthCanada -> PMDA
empaveli,FDA,TGA,259,8.508541392904073,2021-05-14,2022-01-28,FDA -> TGA
empaveli,TGA,HealthCanada,314,10.315374507227332,2022-01-28,2022-12-08,TGA -> HealthCanada
empliciti,FDA,PMDA,284,9.329829172141919,2015-11-30,2016-09-09,FDA -> PMDA
empliciti,PMDA,TGA,3,0.09855453350854139,2016-09-09,2016-09-12,PMDA -> TGA
emtriva,FDA,TGA,3934,129.23784494086726,2003-07-02,2014-04-09,FDA -> TGA
enablex,FDA,HealthCanada,327,10.74244415243101,2004-12-22,2005-11-14,FDA -> HealthCanada
enbrel,FDA,HealthCanada,2605,85.57818659658344,1998-11-02,2005-12-20,FDA -> HealthCanada
enbrel,HealthCanada,TGA,1519,49.90144546649146,2005-12-20,2010-02-16,HealthCanada -> TGA
endometrin,FDA,HealthCanada,834,27.398160315374508,2007-06-21,2009-10-02,FDA -> HealthCanada
enerzair breezhaler,EMA,HealthCanada,63,2.0696452036793693,2020-04-30,2020-07-02,EMA -> HealthCanada
enerzair breezhaler,HealthCanada,TGA,99,3.252299605781866,2020-07-02,2020-10-09,HealthCanada -> TGA
enhertu,FDA,PMDA,68,2.2339027595269383,2019-12-20,2020-02-26,FDA -> PMDA
enhertu,PMDA,EMA,288,9.461235216819974,2020-02-26,2020-12-10,PMDA -> EMA
enhertu,EMA,HealthCanada,126,4.139290407358739,2020-12-10,2021-04-15,EMA -> HealthCanada
enhertu,HealthCanada,TGA,173,5.683311432325887,2021-04-15,2021-10-05,HealthCanada -> TGA
enhertu,TGA,Swissmedic,55,1.8068331143232588,2021-10-05,2021-11-29,TGA -> Swissmedic
enjaymo,FDA,EMA,223,7.3258869908015765,2022-02-04,2022-09-15,FDA -> EMA
enrylaze,EMA,Swissmedic,273,8.968462549277266,2023-07-20,2024-04-18,EMA -> Swissmedic
enspryng,PMDA,HealthCanada,3,0.09855453350854139,2020-05-29,2020-06-01,PMDA -> HealthCanada
enspryng,HealthCanada,Swissmedic,42,1.3797634691195795,2020-06-01,2020-07-13,HealthCanada -> Swissmedic
enspryng,Swissmedic,FDA,32,1.0512483574244416,2020-07-13,2020-08-14,Swissmedic -> FDA
enspryng,FDA,TGA,91,2.9894875164257555,2020-08-14,2020-11-13,FDA -> TGA
enspryng,TGA,EMA,160,5.256241787122208,2020-11-13,2021-04-22,TGA -> EMA
enstilar,FDA,HealthCanada,333,10.939553219448094,2015-10-16,2016-09-13,FDA -> HealthCanada
entecavir,FDA,HealthCanada,2810,92.31274638633377,2014-08-26,2022-05-06,FDA -> HealthCanada
entresto,FDA,EMA,78,2.562417871222076,2015-07-07,2015-09-23,FDA -> EMA
entresto,EMA,HealthCanada,9,0.2956636005256242,2015-09-23,2015-10-02,EMA -> HealthCanada
entyvio,EMA,FDA,61,2.0039421813403417,2014-03-20,2014-05-20,EMA -> FDA
entyvio,FDA,HealthCanada,254,8.344283837056505,2014-05-20,2015-01-29,FDA -> HealthCanada
epclusa,EMA,FDA,33,1.0840998685939554,2016-05-26,2016-06-28,EMA -> FDA
epclusa,FDA,HealthCanada,13,0.42706964520367935,2016-06-28,2016-07-11,FDA -> HealthCanada
epclusa,HealthCanada,TGA,1733,56.93166885676741,2016-07-11,2021-04-09,HealthCanada -> TGA
epidiolex,FDA,HealthCanada,1969,64.68462549277267,2018-06-25,2023-11-15,FDA -> HealthCanada
epidyolex,EMA,TGA,421,13.830486202365309,2019-07-25,2020-09-18,EMA -> TGA
epidyolex,TGA,Swissmedic,145,4.763469119579501,2020-09-18,2021-02-10,TGA -> Swissmedic
epivir,FDA,EMA,153,5.026281208935611,1995-11-17,1996-04-18,FDA -> EMA
epkinly,FDA,HealthCanada,147,4.829172141918528,2023-05-19,2023-10-13,FDA -> HealthCanada
epysqli,EMA,FDA,477,15.670170827858081,2023-03-30,2024-07-19,EMA -> FDA
eraxis,FDA,HealthCanada,1257,41.29434954007884,2006-02-17,2009-07-28,FDA -> HealthCanada
erbitux,FDA,HealthCanada,575,18.889618922470433,2004-02-12,2005-09-09,FDA -> HealthCanada
erbitux,HealthCanada,TGA,1579,51.87253613666228,2005-09-09,2010-01-05,HealthCanada -> TGA
erelzi,FDA,HealthCanada,219,7.194480946123521,2016-08-30,2017-04-06,FDA -> HealthCanada
erelzi,HealthCanada,EMA,15,0.49277266754270693,2017-04-06,2017-04-21,HealthCanada -> EMA
erelzi,EMA,TGA,180,5.913272010512483,2017-04-21,2017-10-18,EMA -> TGA
erivedge,FDA,EMA,451,14.816031537450723,2012-01-30,2013-04-25,FDA -> EMA
erivedge,EMA,TGA,11,0.36136662286465177,2013-04-25,2013-05-06,EMA -> TGA
erivedge,TGA,HealthCanada,67,2.2010512483574245,2013-05-06,2013-07-12,TGA -> HealthCanada
erleada,FDA,HealthCanada,139,4.566360052562418,2018-02-14,2018-07-03,FDA -> HealthCanada
erleada,HealthCanada,EMA,135,4.434954007884363,2018-07-03,2018-11-15,HealthCanada -> EMA
erleada,EMA,PMDA,76,2.4967148488830486,2018-11-15,2019-01-30,EMA -> PMDA
ervebo,EMA,Swissmedic,755,24.802890932982915,2019-10-17,2021-11-10,EMA -> Swissmedic
erythromycin,FDA,HealthCanada,435,14.290407358738502,1996-07-03,1997-09-11,FDA -> HealthCanada
esbriet,EMA,FDA,1399,45.959264126149804,2010-12-16,2014-10-15,EMA -> FDA
esbriet,FDA,TGA,478,15.703022339027594,2014-10-15,2016-02-05,FDA -> TGA
esbriet,TGA,HealthCanada,483,15.867279894875164,2016-02-05,2017-06-02,TGA -> HealthCanada
escitalopram,FDA,HealthCanada,3024,99.34296977660972,2006-05-31,2014-09-10,FDA -> HealthCanada
esmya,EMA,TGA,1609,52.858081471747695,2011-12-15,2016-05-11,EMA -> TGA
esperoct,EMA,HealthCanada,69,2.266754270696452,2019-04-26,2019-07-04,EMA -> HealthCanada
esperoct,HealthCanada,TGA,1427,46.87910643889619,2019-07-04,2023-05-31,HealthCanada -> TGA
estring,HealthCanada,FDA,117,3.843626806833114,1995-12-31,1996-04-26,HealthCanada -> FDA
estrogel,HealthCanada,FDA,1973,64.81603153745073,1998-09-15,2004-02-09,HealthCanada -> FDA
ethacrynate sodium,FDA,HealthCanada,590,19.38239159001314,2015-07-29,2017-03-10,FDA -> HealthCanada
eucrisa,FDA,HealthCanada,540,17.73981603153745,2016-12-14,2018-06-07,FDA -> HealthCanada
evenity,PMDA,FDA,127,4.1721419185282524,2018-12-03,2019-04-09,PMDA -> FDA
evenity,FDA,HealthCanada,69,2.266754270696452,2019-04-09,2019-06-17,FDA -> HealthCanada
evenity,HealthCanada,TGA,4,0.1314060446780552,2019-06-17,2019-06-21,HealthCanada -> TGA
evenity,TGA,EMA,118,3.876478318002628,2019-06-21,2019-10-17,TGA -> EMA
evicel,EMA,TGA,1539,50.55847568988173,2008-07-24,2012-10-10,EMA -> TGA
eviplera,EMA,TGA,123,4.040735873850197,2011-09-22,2012-01-23,EMA -> TGA
evista,FDA,HealthCanada,332,10.90670170827858,1997-12-09,1998-11-06,FDA -> HealthCanada
evista,HealthCanada,EMA,1658,54.467805519053876,1998-11-06,2003-05-22,HealthCanada -> EMA
evkeeza,FDA,HealthCanada,953,31.307490144546648,2021-02-11,2023-09-22,FDA -> HealthCanada
evotaz,FDA,EMA,112,3.679369250985545,2015-01-29,2015-05-21,FDA -> EMA
evra,EMA,HealthCanada,538,17.67411300919842,2002-05-30,2003-11-19,EMA -> HealthCanada
evrenzo,PMDA,EMA,665,21.846254927726676,2019-08-29,2021-06-24,PMDA -> EMA
evrysdi,FDA,EMA,202,6.636005256241787,2020-08-07,2021-02-25,FDA -> EMA
evrysdi,EMA,HealthCanada,48,1.5768725361366622,2021-02-25,2021-04-14,EMA -> HealthCanada
evrysdi,HealthCanada,Swissmedic,22,0.7227332457293035,2021-04-14,2021-05-06,HealthCanada -> Swissmedic
evrysdi,Swissmedic,TGA,27,0.8869908015768725,2021-05-06,2021-06-02,Swissmedic -> TGA
evusheld,TGA,EMA,28,0.9198423127463863,2022-02-24,2022-03-24,TGA -> EMA
evusheld,EMA,PMDA,158,5.19053876478318,2022-03-24,2022-08-29,EMA -> PMDA
evusheld,PMDA,Swissmedic,11,0.36136662286465177,2022-08-29,2022-09-09,PMDA -> Swissmedic
exblifep,EMA,FDA,28,0.9198423127463863,2024-01-25,2024-02-22,EMA -> FDA
exelon,HealthCanada,FDA,8,0.2628120893561104,2000-04-13,2000-04-21,HealthCanada -> FDA
exforge hct,FDA,EMA,84,2.759526938239159,2009-04-30,2009-07-23,FDA -> EMA
exjade,EMA,FDA,0,0.0,2005-11-02,2005-11-02,EMA -> FDA
exjade,FDA,HealthCanada,350,11.498028909329829,2005-11-02,2006-10-18,FDA -> HealthCanada
exjade,HealthCanada,TGA,2928,96.1892247043364,2006-10-18,2014-10-24,HealthCanada -> TGA
exkivity,FDA,Swissmedic,259,8.508541392904073,2021-09-15,2022-06-01,FDA -> Swissmedic
exkivity,Swissmedic,TGA,43,1.4126149802890933,2022-06-01,2022-07-14,Swissmedic -> TGA
extraneal,HealthCanada,FDA,1190,39.09329829172142,1999-09-17,2002-12-20,HealthCanada -> FDA
eylea,FDA,TGA,91,2.9894875164257555,2011-11-18,2012-02-17,FDA -> TGA
eylea,TGA,EMA,216,7.09592641261498,2012-02-17,2012-09-20,TGA -> EMA
eylea,EMA,HealthCanada,414,13.600525624178712,2012-09-20,2013-11-08,EMA -> HealthCanada
eylea,HealthCanada,PMDA,553,18.166885676741128,2013-11-08,2015-05-15,HealthCanada -> PMDA
eylea hd,FDA,HealthCanada,168,5.519053876478318,2023-08-18,2024-02-02,FDA -> HealthCanada
ezetimibe,HealthCanada,FDA,284,9.329829172141919,2014-09-15,2015-06-26,HealthCanada -> FDA
ezetrol,HealthCanada,TGA,3363,110.4796320630749,2003-05-12,2012-07-26,HealthCanada -> TGA
fabhalta,FDA,EMA,107,3.515111695137976,2023-12-05,2024-03-21,FDA -> EMA
fabhalta,EMA,PMDA,71,2.3324572930354797,2024-03-21,2024-05-31,EMA -> PMDA
fabhalta,PMDA,Swissmedic,90,2.9566360052562417,2024-05-31,2024-08-29,PMDA -> Swissmedic
fabhalta,Swissmedic,HealthCanada,130,4.270696452036794,2024-08-29,2025-01-06,Swissmedic -> HealthCanada
fabrazyme,FDA,HealthCanada,274,9.00131406044678,2003-04-24,2004-01-23,FDA -> HealthCanada
factive,FDA,EMA,2176,71.48488830486203,2003-04-04,2009-03-19,FDA -> EMA
famotidine,FDA,HealthCanada,4205,138.1406044678055,1998-11-20,2010-05-26,FDA -> HealthCanada
fampyra,TGA,EMA,6,0.19710906701708278,2011-05-13,2011-05-19,TGA -> EMA
fampyra,EMA,HealthCanada,267,8.771353482260183,2011-05-19,2012-02-10,EMA -> HealthCanada
fanapt,FDA,TGA,958,31.471747700394218,2009-05-06,2011-12-20,FDA -> TGA
farydak,FDA,PMDA,94,3.088042049934297,2015-02-23,2015-05-28,FDA -> PMDA
farydak,PMDA,EMA,36,1.1826544021024967,2015-05-28,2015-07-03,PMDA -> EMA
farydak,EMA,TGA,264,8.672798948751643,2015-07-03,2016-03-23,EMA -> TGA
fasenra,EMA,FDA,5,0.164257555847569,2017-11-09,2017-11-14,EMA -> FDA
fasenra,FDA,PMDA,10,0.328515111695138,2017-11-14,2017-11-24,FDA -> PMDA
fasenra,PMDA,HealthCanada,90,2.9566360052562417,2017-11-24,2018-02-22,PMDA -> HealthCanada
fasenra,HealthCanada,TGA,35,1.149802890932983,2018-02-22,2018-03-29,HealthCanada -> TGA
faslodex,FDA,HealthCanada,663,21.780551905387647,2002-04-25,2004-02-17,FDA -> HealthCanada
febuxostat,FDA,HealthCanada,1663,54.632063074901446,2018-12-31,2023-07-21,FDA -> HealthCanada
femara,HealthCanada,FDA,65,2.135348226018397,1997-05-21,1997-07-25,HealthCanada -> FDA
fentora,FDA,HealthCanada,2451,80.51905387647831,2006-09-25,2013-06-11,FDA -> HealthCanada
fentora,HealthCanada,TGA,604,19.842312746386334,2013-06-11,2015-02-05,HealthCanada -> TGA
feraheme,FDA,EMA,4825,158.50854139290408,2009-06-30,2022-09-15,FDA -> EMA
ferinject,TGA,HealthCanada,4724,155.19053876478318,2011-04-05,2024-03-11,TGA -> HealthCanada
ferriprox,TGA,FDA,60,1.9710906701708277,2011-08-15,2011-10-14,TGA -> FDA
ferriprox,FDA,HealthCanada,1218,40.01314060446781,2011-10-14,2015-02-13,FDA -> HealthCanada
ferrlecit,FDA,HealthCanada,712,23.390275952693823,1999-02-18,2001-01-30,FDA -> HealthCanada
fetzima,FDA,HealthCanada,652,21.419185282522996,2013-07-25,2015-05-08,FDA -> HealthCanada
fetzima,HealthCanada,TGA,425,13.961892247043364,2015-05-08,2016-07-06,HealthCanada -> TGA
fiasp,EMA,HealthCanada,57,1.8725361366622864,2016-11-10,2017-01-06,EMA -> HealthCanada
filspari,FDA,EMA,370,12.155059132720105,2023-02-17,2024-02-22,FDA -> EMA
filspari,EMA,Swissmedic,235,7.720105124835742,2024-02-22,2024-10-14,EMA -> Swissmedic
filsuvez,EMA,FDA,605,19.87516425755585,2022-04-22,2023-12-18,EMA -> FDA
finacea,FDA,HealthCanada,983,32.29303547963206,2002-12-24,2005-09-02,FDA -> HealthCanada
finasteride,FDA,HealthCanada,1410,46.320630749014455,2006-06-19,2010-04-29,FDA -> HealthCanada
fintepla,FDA,EMA,112,3.679369250985545,2020-06-25,2020-10-15,FDA -> EMA
firazyr,EMA,TGA,696,22.864651773981603,2008-07-11,2010-06-07,EMA -> TGA
firazyr,TGA,FDA,444,14.586070959264125,2010-06-07,2011-08-25,TGA -> FDA
firazyr,FDA,HealthCanada,1014,33.31143232588699,2011-08-25,2014-06-04,FDA -> HealthCanada
firdapse,FDA,HealthCanada,611,20.07227332457293,2018-11-28,2020-07-31,FDA -> HealthCanada
firmagon,EMA,FDA,6,0.19710906701708278,2008-12-18,2008-12-24,EMA -> FDA
firmagon,FDA,HealthCanada,327,10.74244415243101,2008-12-24,2009-11-16,FDA -> HealthCanada
firmagon,HealthCanada,TGA,92,3.0223390275952693,2009-11-16,2010-02-16,HealthCanada -> TGA
flolan,FDA,HealthCanada,533,17.509855453350852,1995-09-20,1997-03-06,FDA -> HealthCanada
flonase allergy relief,HealthCanada,FDA,3939,129.40210249671483,2003-10-10,2014-07-23,HealthCanada -> FDA
flovent hfa,HealthCanada,FDA,1031,33.86990801576872,2001-07-18,2004-05-14,HealthCanada -> FDA
fluad,HealthCanada,EMA,5012,164.65177398160316,2011-01-27,2024-10-17,HealthCanada -> EMA
flucelvax quad,HealthCanada,TGA,266,8.73850197109067,2019-11-22,2020-08-14,HealthCanada -> TGA
fluconazole,FDA,HealthCanada,6654,218.5939553219448,2003-04-10,2021-06-28,FDA -> HealthCanada
fluenz tetra,EMA,Swissmedic,3156,103.67936925098554,2013-09-19,2022-05-11,EMA -> Swissmedic
flumist quadrivalent,HealthCanada,TGA,845,27.75952693823916,2014-06-20,2016-10-12,HealthCanada -> TGA
fluoxetine,FDA,HealthCanada,1707,56.07752956636005,2002-01-29,2006-10-02,FDA -> HealthCanada
flutamide,HealthCanada,FDA,1077,35.38107752956636,1998-10-07,2001-09-18,HealthCanada -> FDA
fluzone high-dose quadrivalent,HealthCanada,TGA,44,1.445466491458607,2020-06-16,2020-07-30,HealthCanada -> TGA
folotyn,FDA,EMA,938,30.814717477003942,2009-09-24,2012-04-19,FDA -> EMA
folotyn,EMA,TGA,1043,34.26412614980289,2012-04-19,2015-02-26,EMA -> TGA
folotyn,TGA,HealthCanada,1338,43.95532194480946,2015-02-26,2018-10-26,TGA -> HealthCanada
forteo,FDA,HealthCanada,555,18.232588699080157,2002-11-26,2004-06-03,FDA -> HealthCanada
forteo,HealthCanada,PMDA,2150,70.63074901445466,2004-06-03,2010-04-23,HealthCanada -> PMDA
forteo,PMDA,TGA,137,4.50065703022339,2010-04-23,2010-09-07,PMDA -> TGA
forxiga,EMA,PMDA,493,16.1957950065703,2012-09-18,2014-01-24,EMA -> PMDA
forxiga,PMDA,HealthCanada,322,10.578186596583443,2014-01-24,2014-12-12,PMDA -> HealthCanada
forxiga,HealthCanada,TGA,2154,70.76215505913272,2014-12-12,2020-11-04,HealthCanada -> TGA
fosamax,FDA,HealthCanada,2320,76.21550591327201,1995-09-29,2002-02-04,FDA -> HealthCanada
fosrenol,FDA,TGA,2599,85.38107752956635,2004-10-26,2011-12-08,FDA -> TGA
fotivda,EMA,FDA,1357,44.57950065703022,2017-06-22,2021-03-10,EMA -> FDA
fragmin,HealthCanada,TGA,5205,170.9921156373193,1995-12-31,2010-04-01,HealthCanada -> TGA
frova,FDA,HealthCanada,1030,33.83705650459921,2001-11-08,2004-09-03,FDA -> HealthCanada
fruzaqla,FDA,EMA,169,5.551905387647832,2023-11-08,2024-04-25,FDA -> EMA
fruzaqla,EMA,Swissmedic,124,4.073587385019711,2024-04-25,2024-08-27,EMA -> Swissmedic
fruzaqla,Swissmedic,HealthCanada,14,0.45992115637319314,2024-08-27,2024-09-10,Swissmedic -> HealthCanada
fulphila,EMA,FDA,599,19.678055190538764,2016-10-13,2018-06-04,EMA -> FDA
fulphila,FDA,TGA,63,2.0696452036793693,2018-06-04,2018-08-06,FDA -> TGA
fulphila,TGA,HealthCanada,137,4.50065703022339,2018-08-06,2018-12-21,TGA -> HealthCanada
furosemide,FDA,HealthCanada,4016,131.9316688567674,1999-05-28,2010-05-26,FDA -> HealthCanada
fycompa,EMA,FDA,151,4.9605781865965834,2012-05-24,2012-10-22,EMA -> FDA
fycompa,FDA,HealthCanada,164,5.387647831800263,2012-10-22,2013-04-04,FDA -> HealthCanada
fycompa,HealthCanada,TGA,407,13.370565045992116,2013-04-04,2014-05-16,HealthCanada -> TGA
gabapentin,HealthCanada,FDA,409,13.436268068331144,2002-07-30,2003-09-12,HealthCanada -> FDA
gadovist 1.0,HealthCanada,TGA,6079,199.70433639947436,1999-11-08,2016-06-30,HealthCanada -> TGA
galafold,EMA,TGA,495,16.26149802890933,2016-04-01,2017-08-09,EMA -> TGA
galafold,TGA,HealthCanada,27,0.8869908015768725,2017-08-09,2017-09-05,TGA -> HealthCanada
galafold,HealthCanada,PMDA,177,5.814717477003942,2017-09-05,2018-03-01,HealthCanada -> PMDA
galafold,PMDA,FDA,162,5.321944809461235,2018-03-01,2018-08-10,PMDA -> FDA
galliapharm,HealthCanada,EMA,1380,45.335085413929036,2020-08-19,2024-05-30,HealthCanada -> EMA
gamifant,FDA,EMA,723,23.751642575558474,2018-11-20,2020-11-12,FDA -> EMA
gamunex,HealthCanada,TGA,2989,98.19316688567673,2003-08-11,2011-10-17,HealthCanada -> TGA
gardasil 9,HealthCanada,EMA,49,1.609724047306176,2015-02-05,2015-03-26,HealthCanada -> EMA
gardasil 9,EMA,TGA,88,2.890932982917214,2015-03-26,2015-06-22,EMA -> TGA
gavreto,FDA,Swissmedic,342,11.235216819973719,2020-09-04,2021-08-12,FDA -> Swissmedic
gavreto,Swissmedic,EMA,35,1.149802890932983,2021-08-12,2021-09-16,Swissmedic -> EMA
gavreto,EMA,TGA,559,18.363994743758212,2021-09-16,2023-03-29,EMA -> TGA
gazyva,FDA,TGA,187,6.14323258869908,2013-11-01,2014-05-07,FDA -> TGA
gazyva,TGA,HealthCanada,202,6.636005256241787,2014-05-07,2014-11-25,TGA -> HealthCanada
genotropin,TGA,HealthCanada,1145,37.614980289093296,2009-12-19,2013-02-06,TGA -> HealthCanada
genvoya,EMA,FDA,42,1.3797634691195795,2015-09-24,2015-11-05,EMA -> FDA
genvoya,FDA,HealthCanada,22,0.7227332457293035,2015-11-05,2015-11-27,FDA -> HealthCanada
genvoya,HealthCanada,TGA,46,1.5111695137976346,2015-11-27,2016-01-12,HealthCanada -> TGA
genvoya,TGA,PMDA,139,4.566360052562418,2016-01-12,2016-05-30,TGA -> PMDA
giapreza,FDA,EMA,553,18.166885676741128,2017-12-21,2019-06-27,FDA -> EMA
gilenya,FDA,EMA,121,3.9750328515111693,2010-09-21,2011-01-20,FDA -> EMA
gilenya,EMA,HealthCanada,48,1.5768725361366622,2011-01-20,2011-03-09,EMA -> HealthCanada
giotrif,EMA,HealthCanada,99,3.252299605781866,2013-07-25,2013-11-01,EMA -> HealthCanada
giotrif,HealthCanada,TGA,0,0.0,2013-11-01,2013-11-01,HealthCanada -> TGA
giotrif,TGA,PMDA,17,0.5584756898817346,2013-11-01,2013-11-18,TGA -> PMDA
givlaari,FDA,EMA,71,2.3324572930354797,2019-11-20,2020-01-30,FDA -> EMA
givlaari,EMA,HealthCanada,253,8.31143232588699,2020-01-30,2020-10-09,EMA -> HealthCanada
givlaari,HealthCanada,Swissmedic,171,5.617608409986859,2020-10-09,2021-03-29,HealthCanada -> Swissmedic
givlaari,Swissmedic,TGA,962,31.603153745072273,2021-03-29,2023-11-16,Swissmedic -> TGA
gleevec,FDA,HealthCanada,1119,36.760840998685936,2001-05-10,2004-06-02,FDA -> HealthCanada
gleolan,FDA,HealthCanada,1191,39.12614980289093,2017-06-06,2020-09-09,FDA -> HealthCanada
glivec,EMA,TGA,4010,131.73455978975034,2001-11-07,2012-10-30,EMA -> TGA
glucophage,FDA,HealthCanada,303,9.95400788436268,1995-03-03,1995-12-31,FDA -> HealthCanada
glumetza,HealthCanada,FDA,3,0.09855453350854139,2005-05-31,2005-06-03,HealthCanada -> FDA
glyburide,FDA,HealthCanada,5357,175.98554533508542,1995-08-29,2010-04-29,FDA -> HealthCanada
glyxambi,FDA,EMA,594,19.513797634691194,2015-01-30,2016-09-15,FDA -> EMA
gonal-f,FDA,HealthCanada,2181,71.6491458607096,1997-09-29,2003-09-19,FDA -> HealthCanada
grastofil,EMA,HealthCanada,865,28.416557161629434,2013-07-25,2015-12-07,EMA -> HealthCanada
hadlima,TGA,HealthCanada,110,3.6136662286465175,2018-01-18,2018-05-08,TGA -> HealthCanada
hadlima,HealthCanada,FDA,441,14.487516425755585,2018-05-08,2019-07-23,HealthCanada -> FDA
halaven,FDA,EMA,66,2.1681997371879107,2010-11-15,2011-01-20,FDA -> EMA
halaven,EMA,PMDA,0,0.0,2011-01-20,2011-01-20,EMA -> PMDA
halaven,PMDA,HealthCanada,328,10.775295663600525,2011-01-20,2011-12-14,PMDA -> HealthCanada
halaven,HealthCanada,TGA,260,8.541392904073588,2011-12-14,2012-08-30,HealthCanada -> TGA
haloette,HealthCanada,FDA,331,10.873850197109066,2021-09-08,2022-08-05,HealthCanada -> FDA
harvoni,EMA,FDA,15,0.49277266754270693,2014-09-25,2014-10-10,EMA -> FDA
harvoni,FDA,HealthCanada,5,0.164257555847569,2014-10-10,2014-10-15,FDA -> HealthCanada
harvoni,HealthCanada,TGA,205,6.734559789750328,2014-10-15,2015-05-08,HealthCanada -> TGA
harvoni,TGA,PMDA,20,0.657030223390276,2015-05-08,2015-05-28,TGA -> PMDA
hemangiol,EMA,TGA,483,15.867279894875164,2014-02-20,2015-06-18,EMA -> TGA
hemangiol,TGA,PMDA,344,11.300919842312746,2015-06-18,2016-05-27,TGA -> PMDA
hemangiol,PMDA,HealthCanada,119,3.9093298291721417,2016-05-27,2016-09-23,PMDA -> HealthCanada
hemgenix,EMA,Swissmedic,357,11.727989487516425,2022-12-15,2023-12-07,EMA -> Swissmedic
hemgenix,Swissmedic,TGA,99,3.252299605781866,2023-12-07,2024-03-15,Swissmedic -> TGA
hemlibra,FDA,EMA,70,2.299605781865966,2017-11-16,2018-01-25,FDA -> EMA
hemlibra,EMA,PMDA,36,1.1826544021024967,2018-01-25,2018-03-02,EMA -> PMDA
hemlibra,PMDA,HealthCanada,153,5.026281208935611,2018-03-02,2018-08-02,PMDA -> HealthCanada
hepcludex,EMA,Swissmedic,1348,44.283837056504595,2020-05-28,2024-02-05,EMA -> Swissmedic
hepsera,FDA,TGA,2778,91.26149802890933,2002-09-20,2010-04-29,FDA -> TGA
herceptin,FDA,HealthCanada,322,10.578186596583443,1998-09-25,1999-08-13,FDA -> HealthCanada
herceptin,HealthCanada,TGA,4053,133.1471747700394,1999-08-13,2010-09-17,HealthCanada -> TGA
herceptin,TGA,PMDA,4163,136.76084099868592,2010-09-17,2022-02-09,TGA -> PMDA
herzuma,EMA,FDA,365,11.990801576872535,2017-12-14,2018-12-14,EMA -> FDA
herzuma,FDA,HealthCanada,263,8.639947437582128,2018-12-14,2019-09-03,FDA -> HealthCanada
hetlioz,FDA,EMA,447,14.684625492772668,2014-01-31,2015-04-23,FDA -> EMA
hizentra,EMA,HealthCanada,146,4.7963206307490145,2011-02-17,2011-07-13,EMA -> HealthCanada
hizentra,HealthCanada,TGA,1008,33.11432325886991,2011-07-13,2014-04-16,HealthCanada -> TGA
hulio,EMA,FDA,711,23.35742444152431,2018-07-26,2020-07-06,EMA -> FDA
hulio,FDA,HealthCanada,141,4.6320630749014455,2020-07-06,2020-11-24,FDA -> HealthCanada
hulio,HealthCanada,TGA,134,4.402102496714849,2020-11-24,2021-04-07,HealthCanada -> TGA
humatrope,HealthCanada,TGA,4859,159.62549277266754,1999-03-04,2012-06-22,HealthCanada -> TGA
humira,FDA,HealthCanada,633,20.795006570302235,2002-12-31,2004-09-24,FDA -> HealthCanada
humira,HealthCanada,TGA,3217,105.68331143232588,2004-09-24,2013-07-16,HealthCanada -> TGA
humira,TGA,PMDA,1151,37.81208935611038,2013-07-16,2016-09-09,TGA -> PMDA
hydrochlorothiazide,FDA,HealthCanada,4029,132.3587385019711,2000-01-28,2011-02-08,FDA -> HealthCanada
hyftor,FDA,EMA,338,11.103810775295663,2022-03-22,2023-02-23,FDA -> EMA
hympavzi,EMA,FDA,22,0.7227332457293035,2024-09-19,2024-10-11,EMA -> FDA
hyqvia,EMA,HealthCanada,3221,105.81471747700394,2013-03-21,2022-01-14,EMA -> HealthCanada
hyrimoz,EMA,FDA,152,4.993429697766097,2018-05-31,2018-10-30,EMA -> FDA
hyrimoz,FDA,HealthCanada,736,24.178712220762154,2018-10-30,2020-11-04,FDA -> HealthCanada
hyzaar,FDA,HealthCanada,574,18.85676741130092,1995-04-28,1996-11-22,FDA -> HealthCanada
ibrance,FDA,EMA,590,19.38239159001314,2015-02-03,2016-09-15,FDA -> EMA
ibrance,EMA,TGA,225,7.391590013140604,2016-09-15,2017-04-28,EMA -> TGA
ibrance,TGA,HealthCanada,916,30.091984231274637,2017-04-28,2019-10-31,TGA -> HealthCanada
ibsrela,FDA,HealthCanada,216,7.09592641261498,2019-09-12,2020-04-15,FDA -> HealthCanada
ibuprofen,FDA,HealthCanada,7053,231.7017082785808,1995-12-15,2015-04-07,FDA -> HealthCanada
iclusig,FDA,EMA,97,3.1865965834428382,2012-12-14,2013-03-21,FDA -> EMA
iclusig,EMA,TGA,608,19.97371879106439,2013-03-21,2014-11-19,EMA -> TGA
iclusig,TGA,HealthCanada,84,2.759526938239159,2014-11-19,2015-02-11,TGA -> HealthCanada
idacio,EMA,TGA,501,16.45860709592641,2019-01-31,2020-06-15,EMA -> TGA
idacio,TGA,HealthCanada,137,4.50065703022339,2020-06-15,2020-10-30,TGA -> HealthCanada
idacio,HealthCanada,FDA,1162,38.17345597897503,2020-10-30,2024-01-05,HealthCanada -> FDA
idefirix,EMA,Swissmedic,662,21.747700394218132,2020-07-13,2022-05-06,EMA -> Swissmedic
idefirix,Swissmedic,TGA,427,14.027595269382392,2022-05-06,2023-07-07,Swissmedic -> TGA
idelvion,EMA,PMDA,197,6.471747700394218,2016-02-25,2016-09-09,EMA -> PMDA
idelvion,PMDA,TGA,5,0.164257555847569,2016-09-09,2016-09-14,PMDA -> TGA
idhifa,FDA,EMA,779,25.591327201051246,2017-08-01,2019-09-19,FDA -> EMA
idhifa,EMA,TGA,118,3.876478318002628,2019-09-19,2020-01-15,EMA -> TGA
ikervis,EMA,TGA,2142,70.36793692509855,2015-01-22,2020-12-03,EMA -> TGA
ilaris,FDA,EMA,36,1.1826544021024967,2009-06-17,2009-07-23,FDA -> EMA
ilaris,EMA,TGA,1841,60.4796320630749,2009-07-23,2014-08-07,EMA -> TGA
ilaris,TGA,PMDA,840,27.59526938239159,2014-08-07,2016-11-24,TGA -> PMDA
ilaris,PMDA,HealthCanada,43,1.4126149802890933,2016-11-24,2017-01-06,PMDA -> HealthCanada
ilevro,FDA,HealthCanada,310,10.183968462549277,2012-10-16,2013-08-22,FDA -> HealthCanada
ilevro,HealthCanada,TGA,803,26.379763469119577,2013-08-22,2015-11-03,HealthCanada -> TGA
illuccix,TGA,FDA,46,1.5111695137976346,2021-11-01,2021-12-17,TGA -> FDA
illuccix,FDA,HealthCanada,300,9.85545335085414,2021-12-17,2022-10-13,FDA -> HealthCanada
ilumya,FDA,TGA,169,5.551905387647832,2018-03-20,2018-09-05,FDA -> TGA
ilumya,TGA,HealthCanada,987,32.42444152431012,2018-09-05,2021-05-19,TGA -> HealthCanada
imbruvica,FDA,EMA,253,8.31143232588699,2013-11-13,2014-07-24,FDA -> EMA
imbruvica,EMA,HealthCanada,116,3.8107752956636003,2014-07-24,2014-11-17,EMA -> HealthCanada
imbruvica,HealthCanada,PMDA,2984,98.02890932982916,2014-11-17,2023-01-18,HealthCanada -> PMDA
imcivree,FDA,EMA,176,5.781865965834428,2020-11-25,2021-05-20,FDA -> EMA
imcivree,EMA,HealthCanada,715,23.488830486202364,2021-05-20,2023-05-05,EMA -> HealthCanada
imdelltra,FDA,HealthCanada,118,3.876478318002628,2024-05-16,2024-09-11,FDA -> HealthCanada
imfinzi,FDA,HealthCanada,186,6.110381077529566,2017-05-01,2017-11-03,FDA -> HealthCanada
imfinzi,HealthCanada,PMDA,173,5.683311432325887,2017-11-03,2018-04-25,HealthCanada -> PMDA
imfinzi,PMDA,EMA,92,3.0223390275952693,2018-04-25,2018-07-26,PMDA -> EMA
imfinzi,EMA,TGA,848,27.8580814717477,2018-07-26,2020-11-20,EMA -> TGA
imitrex,FDA,HealthCanada,629,20.66360052562418,1995-06-01,1997-02-19,FDA -> HealthCanada
imjudo,FDA,EMA,55,1.8068331143232588,2022-10-21,2022-12-15,FDA -> EMA
imjudo,EMA,TGA,186,6.110381077529566,2022-12-15,2023-06-19,EMA -> TGA
imjudo,TGA,HealthCanada,73,2.3981603153745072,2023-06-19,2023-08-31,TGA -> HealthCanada
imjudo,HealthCanada,Swissmedic,13,0.42706964520367935,2023-08-31,2023-09-13,HealthCanada -> Swissmedic
imlygic,EMA,TGA,57,1.8725361366622864,2015-10-22,2015-12-18,EMA -> TGA
imuldosa,FDA,EMA,7,0.22996057818659657,2024-10-10,2024-10-17,FDA -> EMA
imvexxy,FDA,HealthCanada,811,26.642575558475688,2018-05-29,2020-08-17,FDA -> HealthCanada
inbrija,FDA,EMA,216,7.09592641261498,2018-12-21,2019-07-25,FDA -> EMA
incivo,EMA,TGA,218,7.1616294349540075,2011-07-21,2012-02-24,EMA -> TGA
increlex,FDA,TGA,5194,170.63074901445466,2005-08-30,2019-11-19,FDA -> TGA
increlex,TGA,HealthCanada,394,12.943495400788436,2019-11-19,2020-12-17,TGA -> HealthCanada
incruse ellipta,HealthCanada,FDA,14,0.45992115637319314,2014-04-16,2014-04-30,HealthCanada -> FDA
incruse ellipta,FDA,TGA,63,2.0696452036793693,2014-04-30,2014-07-02,FDA -> TGA
inflectra,EMA,FDA,1013,33.27858081471748,2013-06-27,2016-04-05,EMA -> FDA
influvac tetra,TGA,HealthCanada,485,15.932982917214192,2017-11-01,2019-03-01,TGA -> HealthCanada
inlyta,FDA,EMA,118,3.876478318002628,2012-01-27,2012-05-24,FDA -> EMA
inlyta,EMA,HealthCanada,49,1.609724047306176,2012-05-24,2012-07-12,EMA -> HealthCanada
inlyta,HealthCanada,TGA,7,0.22996057818659657,2012-07-12,2012-07-19,HealthCanada -> TGA
innohep,HealthCanada,FDA,1878,61.695137976346906,1995-05-24,2000-07-14,HealthCanada -> FDA
inomax,FDA,HealthCanada,2101,69.02102496714849,1999-12-23,2005-09-23,FDA -> HealthCanada
inomax,HealthCanada,TGA,3594,118.06833114323258,2005-09-23,2015-07-27,HealthCanada -> TGA
inqovi,FDA,HealthCanada,0,0.0,2020-07-07,2020-07-07,FDA -> HealthCanada
inrebic,FDA,HealthCanada,346,11.366622864651774,2019-08-16,2020-07-27,FDA -> HealthCanada
inrebic,HealthCanada,EMA,136,4.467805519053877,2020-07-27,2020-12-10,HealthCanada -> EMA
inrebic,EMA,Swissmedic,203,6.668856767411301,2020-12-10,2021-07-01,EMA -> Swissmedic
inspra,FDA,HealthCanada,2344,77.00394218134034,2002-09-27,2009-02-26,FDA -> HealthCanada
inspra,HealthCanada,TGA,1547,50.82128777923784,2009-02-26,2013-05-23,HealthCanada -> TGA
instanyl,EMA,TGA,1414,46.45203679369251,2009-07-20,2013-06-03,EMA -> TGA
intelence,FDA,HealthCanada,69,2.266754270696452,2008-01-18,2008-03-27,FDA -> HealthCanada
intelence,HealthCanada,EMA,91,2.9894875164257555,2008-03-27,2008-06-26,HealthCanada -> EMA
intralipid 20%,HealthCanada,FDA,220,7.227332457293035,1995-12-31,1996-08-07,HealthCanada -> FDA
intrarosa,FDA,EMA,358,11.76084099868594,2016-11-16,2017-11-09,FDA -> EMA
intrarosa,EMA,HealthCanada,722,23.71879106438896,2017-11-09,2019-11-01,EMA -> HealthCanada
intrarosa,HealthCanada,TGA,1322,43.42969776609724,2019-11-01,2023-06-15,HealthCanada -> TGA
intuniv,FDA,EMA,2150,70.63074901445466,2009-09-02,2015-07-23,FDA -> EMA
intuniv,EMA,TGA,761,25.0,2015-07-23,2017-08-22,EMA -> TGA
intuniv,TGA,PMDA,644,21.156373193166885,2017-08-22,2019-05-28,TGA -> PMDA
invanz,FDA,HealthCanada,537,17.641261498028907,2001-11-21,2003-05-12,FDA -> HealthCanada
invega,FDA,HealthCanada,281,9.231274638633376,2006-12-19,2007-09-26,FDA -> HealthCanada
invega,HealthCanada,TGA,810,26.609724047306177,2007-09-26,2009-12-14,HealthCanada -> TGA
invega sustenna,FDA,HealthCanada,334,10.972404730617608,2009-07-31,2010-06-30,FDA -> HealthCanada
invega sustenna,HealthCanada,TGA,20,0.657030223390276,2010-06-30,2010-07-20,HealthCanada -> TGA
invokamet,FDA,HealthCanada,663,21.780551905387647,2014-08-08,2016-06-01,FDA -> HealthCanada
invokana,FDA,EMA,174,5.716162943495401,2013-03-29,2013-09-19,FDA -> EMA
invokana,EMA,HealthCanada,246,8.081471747700395,2013-09-19,2014-05-23,EMA -> HealthCanada
ionsys,FDA,EMA,3412,112.08935611038108,2006-05-22,2015-09-24,FDA -> EMA
iplex,FDA,EMA,556,18.265440210249672,2005-12-12,2007-06-21,FDA -> EMA
iqirvo,FDA,EMA,45,1.4783180026281209,2024-06-10,2024-07-25,FDA -> EMA
iqirvo,EMA,HealthCanada,274,9.00131406044678,2024-07-25,2025-04-25,EMA -> HealthCanada
irbesartan,HealthCanada,FDA,333,10.939553219448094,2011-05-02,2012-03-30,HealthCanada -> FDA
iressa,FDA,HealthCanada,226,7.424441524310118,2003-05-05,2003-12-17,FDA -> HealthCanada
iressa,HealthCanada,EMA,1954,64.19185282522996,2003-12-17,2009-04-23,HealthCanada -> EMA
iressa,EMA,TGA,432,14.19185282522996,2009-04-23,2010-06-29,EMA -> TGA
isentress,EMA,HealthCanada,141,4.6320630749014455,2007-07-09,2007-11-27,EMA -> HealthCanada
isentress,HealthCanada,PMDA,155,5.091984231274639,2007-11-27,2008-04-30,HealthCanada -> PMDA
isentress,PMDA,FDA,1330,43.69250985545335,2008-04-30,2011-12-21,PMDA -> FDA
isentress,FDA,TGA,407,13.370565045992116,2011-12-21,2013-01-31,FDA -> TGA
istodax,FDA,EMA,1106,36.333771353482256,2009-11-05,2012-11-15,FDA -> EMA
istodax,EMA,TGA,257,8.442838370565045,2012-11-15,2013-07-30,EMA -> TGA
istodax,TGA,HealthCanada,78,2.562417871222076,2013-07-30,2013-10-16,TGA -> HealthCanada
istodax,HealthCanada,PMDA,1322,43.42969776609724,2013-10-16,2017-05-30,HealthCanada -> PMDA
isturisa,EMA,FDA,113,3.712220762155059,2019-11-14,2020-03-06,EMA -> FDA
isturisa,FDA,TGA,791,25.985545335085412,2020-03-06,2022-05-06,FDA -> TGA
itovebi,FDA,HealthCanada,127,4.1721419185282524,2024-10-10,2025-02-14,FDA -> HealthCanada
ixchiq,EMA,HealthCanada,21,0.6898817345597897,2024-05-30,2024-06-20,EMA -> HealthCanada
ixiaro,EMA,HealthCanada,315,10.348226018396845,2008-12-18,2009-10-29,EMA -> HealthCanada
ixifi,FDA,HealthCanada,1469,48.25886990801577,2017-12-13,2021-12-21,FDA -> HealthCanada
izba,EMA,FDA,147,4.829172141918528,2013-12-19,2014-05-15,EMA -> FDA
izba,FDA,HealthCanada,862,28.318002628120894,2014-05-15,2016-09-23,FDA -> HealthCanada
jadenu,FDA,HealthCanada,331,10.873850197109066,2015-03-30,2016-02-24,FDA -> HealthCanada
jakavi,EMA,HealthCanada,61,2.0039421813403417,2012-04-19,2012-06-19,EMA -> HealthCanada
jakavi,HealthCanada,TGA,374,12.28646517739816,2012-06-19,2013-06-28,HealthCanada -> TGA
jalyn,FDA,HealthCanada,427,14.027595269382392,2010-06-14,2011-08-15,FDA -> HealthCanada
janumet,FDA,EMA,474,15.571616294349539,2007-03-30,2008-07-16,FDA -> EMA
janumet,EMA,HealthCanada,435,14.290407358738502,2008-07-16,2009-09-24,EMA -> HealthCanada
janumet,HealthCanada,TGA,1085,35.64388961892247,2009-09-24,2012-09-13,HealthCanada -> TGA
janumet xr,FDA,HealthCanada,678,22.273324572930353,2012-02-02,2013-12-11,FDA -> HealthCanada
januvia,FDA,HealthCanada,424,13.92904073587385,2006-10-16,2007-12-14,FDA -> HealthCanada
januvia,HealthCanada,PMDA,588,19.316688567674113,2007-12-14,2009-07-24,HealthCanada -> PMDA
januvia,PMDA,TGA,1147,37.680683311432325,2009-07-24,2012-09-13,PMDA -> TGA
jardiance,EMA,TGA,28,0.9198423127463863,2014-03-20,2014-04-17,EMA -> TGA
jardiance,TGA,FDA,106,3.4822601839684624,2014-04-17,2014-08-01,TGA -> FDA
jardiance,FDA,HealthCanada,356,11.695137976346912,2014-08-01,2015-07-23,FDA -> HealthCanada
javlor,EMA,TGA,592,19.44809461235217,2009-06-25,2011-02-07,EMA -> TGA
jaypirca,FDA,EMA,89,2.923784494086728,2023-01-27,2023-04-26,FDA -> EMA
jaypirca,EMA,Swissmedic,218,7.1616294349540075,2023-04-26,2023-11-30,EMA -> Swissmedic
jaypirca,Swissmedic,PMDA,161,5.289093298291721,2023-11-30,2024-05-09,Swissmedic -> PMDA
jemperli,EMA,FDA,56,1.8396846254927726,2021-02-25,2021-04-22,EMA -> FDA
jemperli,FDA,HealthCanada,245,8.04862023653088,2021-04-22,2021-12-23,FDA -> HealthCanada
jemperli,HealthCanada,TGA,54,1.773981603153745,2021-12-23,2022-02-15,HealthCanada -> TGA
jemperli,TGA,Swissmedic,2,0.0657030223390276,2022-02-15,2022-02-17,TGA -> Swissmedic
jencycla,FDA,HealthCanada,778,25.558475689881732,2013-03-28,2015-05-15,FDA -> HealthCanada
jentadueto,FDA,EMA,115,3.7779237844940865,2012-01-30,2012-05-24,FDA -> EMA
jentadueto,EMA,HealthCanada,287,9.42838370565046,2012-05-24,2013-03-07,EMA -> HealthCanada
jesduvroq,FDA,EMA,141,4.6320630749014455,2023-02-01,2023-06-22,FDA -> EMA
jetrea,FDA,EMA,92,3.0223390275952693,2012-10-17,2013-01-17,FDA -> EMA
jetrea,EMA,TGA,624,20.49934296977661,2013-01-17,2014-10-03,EMA -> TGA
jevtana,EMA,TGA,319,10.4796320630749,2011-01-20,2011-12-05,EMA -> TGA
jinarc,HealthCanada,EMA,10,0.328515111695138,2015-02-16,2015-02-26,HealthCanada -> EMA
jinarc,EMA,TGA,743,24.40867279894875,2015-02-26,2017-03-10,EMA -> TGA
jivi,PMDA,EMA,22,0.7227332457293035,2018-08-29,2018-09-20,PMDA -> EMA
jivi,EMA,HealthCanada,28,0.9198423127463863,2018-09-20,2018-10-18,EMA -> HealthCanada
jivi,HealthCanada,TGA,1615,53.05519053876478,2018-10-18,2023-03-21,HealthCanada -> TGA
jorveza,EMA,HealthCanada,727,23.88304862023653,2017-11-09,2019-11-06,EMA -> HealthCanada
jubbonti,HealthCanada,EMA,34,1.1169513797634691,2024-02-16,2024-03-21,HealthCanada -> EMA
jublia,HealthCanada,FDA,247,8.114323258869907,2013-10-02,2014-06-06,HealthCanada -> FDA
juluca,FDA,EMA,121,3.9750328515111693,2017-11-21,2018-03-22,FDA -> EMA
juluca,EMA,HealthCanada,57,1.8725361366622864,2018-03-22,2018-05-18,EMA -> HealthCanada
junior strength advil,FDA,HealthCanada,2134,70.10512483574244,1996-12-13,2002-10-17,FDA -> HealthCanada
juxtapid,FDA,HealthCanada,410,13.469119579500656,2012-12-21,2014-02-04,FDA -> HealthCanada
jylamvo,EMA,FDA,2133,70.07227332457293,2017-01-26,2022-11-29,EMA -> FDA
jyseleca,EMA,PMDA,43,1.4126149802890933,2020-07-23,2020-09-04,EMA -> PMDA
kadcyla,FDA,PMDA,185,6.077529566360052,2013-02-22,2013-08-26,FDA -> PMDA
kadcyla,PMDA,TGA,0,0.0,2013-08-26,2013-08-26,PMDA -> TGA
kadcyla,TGA,HealthCanada,16,0.5256241787122208,2013-08-26,2013-09-11,TGA -> HealthCanada
kadcyla,HealthCanada,EMA,8,0.2628120893561104,2013-09-11,2013-09-19,HealthCanada -> EMA
kadian,FDA,HealthCanada,112,3.679369250985545,1996-07-03,1996-10-23,FDA -> HealthCanada
kalbitor,FDA,EMA,569,18.69250985545335,2009-12-01,2011-06-23,FDA -> EMA
kaletra,FDA,HealthCanada,175,5.7490144546649145,2000-09-15,2001-03-09,FDA -> HealthCanada
kalydeco,FDA,EMA,114,3.7450722733245727,2012-01-31,2012-05-24,FDA -> EMA
kalydeco,EMA,HealthCanada,186,6.110381077529566,2012-05-24,2012-11-26,EMA -> HealthCanada
kalydeco,HealthCanada,TGA,217,7.128777923784494,2012-11-26,2013-07-01,HealthCanada -> TGA
kamrab,HealthCanada,TGA,1008,33.11432325886991,2018-11-07,2021-08-11,HealthCanada -> TGA
kanjinti,EMA,FDA,448,14.71747700394218,2018-03-22,2019-06-13,EMA -> FDA
kanjinti,FDA,HealthCanada,259,8.508541392904073,2019-06-13,2020-02-27,FDA -> HealthCanada
kanuma,EMA,FDA,166,5.45335085413929,2015-06-25,2015-12-08,EMA -> FDA
kanuma,FDA,PMDA,78,2.562417871222076,2015-12-08,2016-02-24,FDA -> PMDA
kanuma,PMDA,TGA,448,14.71747700394218,2016-02-24,2017-05-17,PMDA -> TGA
kanuma,TGA,HealthCanada,212,6.964520367936925,2017-05-17,2017-12-15,TGA -> HealthCanada
kapruvia,EMA,Swissmedic,173,5.683311432325887,2022-02-24,2022-08-16,EMA -> Swissmedic
kazano,FDA,HealthCanada,306,10.052562417871222,2013-01-25,2013-11-27,FDA -> HealthCanada
kengrexal,EMA,HealthCanada,2920,95.92641261498028,2015-01-22,2023-01-20,EMA -> HealthCanada
keppra,FDA,HealthCanada,1192,39.15900131406045,1999-11-30,2003-03-06,FDA -> HealthCanada
kerendia,FDA,TGA,132,4.336399474375821,2021-07-09,2021-11-18,FDA -> TGA
kerendia,TGA,Swissmedic,8,0.2628120893561104,2021-11-18,2021-11-26,TGA -> Swissmedic
kerendia,Swissmedic,EMA,20,0.657030223390276,2021-11-26,2021-12-16,Swissmedic -> EMA
kerendia,EMA,PMDA,71,2.3324572930354797,2021-12-16,2022-02-25,EMA -> PMDA
kerendia,PMDA,HealthCanada,231,7.588699080157687,2022-02-25,2022-10-14,PMDA -> HealthCanada
kesimpta,HealthCanada,EMA,6,0.19710906701708278,2021-01-22,2021-01-28,HealthCanada -> EMA
kesimpta,EMA,TGA,34,1.1169513797634691,2021-01-28,2021-03-03,EMA -> TGA
kevzara,HealthCanada,EMA,99,3.252299605781866,2017-01-12,2017-04-21,HealthCanada -> EMA
kevzara,EMA,FDA,31,1.0183968462549278,2017-04-21,2017-05-22,EMA -> FDA
kevzara,FDA,PMDA,66,2.1681997371879107,2017-05-22,2017-07-27,FDA -> PMDA
kevzara,PMDA,TGA,412,13.534822601839684,2017-07-27,2018-09-12,PMDA -> TGA
keytruda,FDA,TGA,223,7.3258869908015765,2014-09-04,2015-04-15,FDA -> TGA
keytruda,TGA,EMA,36,1.1826544021024967,2015-04-15,2015-05-21,TGA -> EMA
keytruda,EMA,HealthCanada,446,14.651773981603153,2015-05-21,2016-08-09,EMA -> HealthCanada
keytruda,HealthCanada,PMDA,31,1.0183968462549278,2016-08-09,2016-09-09,HealthCanada -> PMDA
kimmtrak,FDA,EMA,30,0.9855453350854139,2022-01-25,2022-02-24,FDA -> EMA
kimmtrak,EMA,TGA,92,3.0223390275952693,2022-02-24,2022-05-27,EMA -> TGA
kimmtrak,TGA,HealthCanada,11,0.36136662286465177,2022-05-27,2022-06-07,TGA -> HealthCanada
kimmtrak,HealthCanada,Swissmedic,336,11.038107752956636,2022-06-07,2023-05-09,HealthCanada -> Swissmedic
kineret,FDA,HealthCanada,191,6.274638633377135,2001-11-14,2002-05-24,FDA -> HealthCanada
kineret,HealthCanada,TGA,4676,153.6136662286465,2002-05-24,2015-03-13,HealthCanada -> TGA
kisqali,FDA,EMA,101,3.3180026281208934,2017-03-13,2017-06-22,FDA -> EMA
kisqali,EMA,TGA,120,3.9421813403416555,2017-06-22,2017-10-20,EMA -> TGA
kisqali,TGA,HealthCanada,133,4.369250985545335,2017-10-20,2018-03-02,TGA -> HealthCanada
kisunla,FDA,PMDA,30,0.9855453350854139,2024-07-02,2024-08-01,FDA -> PMDA
kisunla,PMDA,TGA,291,9.559789750328514,2024-08-01,2025-05-19,PMDA -> TGA
klisyri,FDA,EMA,157,5.157687253613666,2020-12-14,2021-05-20,FDA -> EMA
klisyri,EMA,Swissmedic,259,8.508541392904073,2021-05-20,2022-02-03,EMA -> Swissmedic
komboglyze,EMA,HealthCanada,582,19.11957950065703,2011-09-22,2013-04-26,EMA -> HealthCanada
korsuva,FDA,HealthCanada,358,11.76084099868594,2021-08-23,2022-08-16,FDA -> HealthCanada
korsuva,HealthCanada,TGA,85,2.7923784494086727,2022-08-16,2022-11-09,HealthCanada -> TGA
koselugo,FDA,EMA,377,12.3850197109067,2020-04-10,2021-04-22,FDA -> EMA
koselugo,EMA,Swissmedic,463,15.210249671484888,2021-04-22,2022-07-29,EMA -> Swissmedic
koselugo,Swissmedic,HealthCanada,33,1.0840998685939554,2022-07-29,2022-08-31,Swissmedic -> HealthCanada
koselugo,HealthCanada,TGA,706,23.19316688567674,2022-08-31,2024-08-06,HealthCanada -> TGA
kostaive,PMDA,EMA,381,12.516425755584756,2023-11-27,2024-12-12,PMDA -> EMA
kovaltry,EMA,HealthCanada,41,1.3469119579500657,2015-12-17,2016-01-27,EMA -> HealthCanada
krazati,FDA,EMA,332,10.90670170827858,2022-12-12,2023-11-09,FDA -> EMA
krystexxa,FDA,EMA,765,25.131406044678055,2010-09-14,2012-10-18,FDA -> EMA
kuvan,FDA,EMA,355,11.662286465177397,2007-12-13,2008-12-02,FDA -> EMA
kuvan,EMA,HealthCanada,514,16.88567674113009,2008-12-02,2010-04-30,EMA -> HealthCanada
kuvan,HealthCanada,TGA,174,5.716162943495401,2010-04-30,2010-10-21,HealthCanada -> TGA
kyleena,FDA,HealthCanada,89,2.923784494086728,2016-09-16,2016-12-14,FDA -> HealthCanada
kyleena,HealthCanada,TGA,26,0.8541392904073587,2016-12-14,2017-01-09,HealthCanada -> TGA
kymriah,EMA,HealthCanada,69,2.266754270696452,2018-06-28,2018-09-05,EMA -> HealthCanada
kynamro,FDA,EMA,51,1.6754270696452036,2013-01-29,2013-03-21,FDA -> EMA
kyprolis,FDA,EMA,1161,38.14060446780552,2012-07-20,2015-09-24,FDA -> EMA
kyprolis,EMA,HealthCanada,113,3.712220762155059,2015-09-24,2016-01-15,EMA -> HealthCanada
kyprolis,HealthCanada,PMDA,101,3.3180026281208934,2016-01-15,2016-04-25,HealthCanada -> PMDA
kyprolis,PMDA,TGA,2489,81.76741130091983,2016-04-25,2023-02-17,PMDA -> TGA
lacosamide,FDA,HealthCanada,1806,59.32982917214191,2016-03-17,2021-02-25,FDA -> HealthCanada
lactulose,FDA,HealthCanada,6673,219.21813403416556,1995-07-03,2013-10-09,FDA -> HealthCanada
lagevrio,PMDA,TGA,25,0.8212877792378449,2021-12-24,2022-01-18,PMDA -> TGA
lagevrio,TGA,EMA,401,13.173455978975033,2022-01-18,2023-02-23,TGA -> EMA
lamisil,FDA,HealthCanada,858,28.18659658344284,1996-05-10,1998-09-15,FDA -> HealthCanada
lamotrigine,FDA,HealthCanada,1325,43.52825229960578,2006-06-21,2010-02-05,FDA -> HealthCanada
lamzede,EMA,Swissmedic,1674,54.993429697766096,2018-01-25,2022-08-26,EMA -> Swissmedic
lamzede,Swissmedic,FDA,174,5.716162943495401,2022-08-26,2023-02-16,Swissmedic -> FDA
lansoprazole,FDA,HealthCanada,370,12.155059132720105,2009-11-10,2010-11-15,FDA -> HealthCanada
lartruvo,EMA,FDA,34,1.1169513797634691,2016-09-15,2016-10-19,EMA -> FDA
latisse,FDA,HealthCanada,497,16.327201051248355,2008-12-24,2010-05-05,FDA -> HealthCanada
latisse,HealthCanada,TGA,1980,65.04599211563732,2010-05-05,2015-10-06,HealthCanada -> TGA
latuda,FDA,HealthCanada,594,19.513797634691194,2010-10-28,2012-06-13,FDA -> HealthCanada
latuda,HealthCanada,EMA,589,19.349540078843624,2012-06-13,2014-01-23,HealthCanada -> EMA
latuda,EMA,TGA,55,1.8068331143232588,2014-01-23,2014-03-19,EMA -> TGA
lazcluze,FDA,EMA,87,2.8580814717477003,2024-08-19,2024-11-14,FDA -> EMA
lazcluze,EMA,HealthCanada,112,3.679369250985545,2024-11-14,2025-03-06,EMA -> HealthCanada
ledaga,EMA,HealthCanada,1636,53.745072273324574,2016-12-15,2021-06-08,EMA -> HealthCanada
ledaga,HealthCanada,TGA,0,0.0,2021-06-08,2021-06-08,HealthCanada -> TGA
leflunomide,FDA,HealthCanada,1716,56.37319316688568,2005-09-13,2010-05-26,FDA -> HealthCanada
lemtrada,EMA,HealthCanada,168,5.519053876478318,2013-06-27,2013-12-12,EMA -> HealthCanada
lenvima,PMDA,FDA,23,0.7555847568988173,2015-01-21,2015-02-13,PMDA -> FDA
lenvima,FDA,EMA,41,1.3469119579500657,2015-02-13,2015-03-26,FDA -> EMA
lenvima,EMA,HealthCanada,271,8.902759526938238,2015-03-26,2015-12-22,EMA -> HealthCanada
lenvima,HealthCanada,TGA,1365,44.842312746386334,2015-12-22,2019-09-17,HealthCanada -> TGA
leqembi,FDA,PMDA,227,7.457293035479632,2023-01-06,2023-08-21,FDA -> PMDA
leqembi,PMDA,TGA,407,13.370565045992116,2023-08-21,2024-10-01,PMDA -> TGA
leqembi,TGA,EMA,44,1.445466491458607,2024-10-01,2024-11-14,TGA -> EMA
leqvio,EMA,HealthCanada,284,9.329829172141919,2020-10-15,2021-07-26,EMA -> HealthCanada
leqvio,HealthCanada,Swissmedic,45,1.4783180026281209,2021-07-26,2021-09-09,HealthCanada -> Swissmedic
leqvio,Swissmedic,TGA,5,0.164257555847569,2021-09-09,2021-09-14,Swissmedic -> TGA
leqvio,TGA,FDA,99,3.252299605781866,2021-09-14,2021-12-22,TGA -> FDA
letrozole,FDA,HealthCanada,1513,49.70433639947437,2008-12-24,2013-02-14,FDA -> HealthCanada
letybo,HealthCanada,TGA,162,5.321944809461235,2022-06-14,2022-11-23,HealthCanada -> TGA
letybo,TGA,Swissmedic,323,10.611038107752956,2022-11-23,2023-10-12,TGA -> Swissmedic
letybo,Swissmedic,FDA,140,4.599211563731932,2023-10-12,2024-02-29,Swissmedic -> FDA
levemir,FDA,TGA,2919,95.89356110381077,2005-10-19,2013-10-16,FDA -> TGA
levetiracetam,FDA,HealthCanada,589,19.349540078843624,2008-11-04,2010-06-16,FDA -> HealthCanada
levitra,FDA,TGA,2703,88.7976346911958,2003-08-19,2011-01-12,FDA -> TGA
levofloxacin,FDA,HealthCanada,3081,101.21550591327201,2005-06-20,2013-11-26,FDA -> HealthCanada
libmeldy,EMA,Swissmedic,1148,37.71353482260184,2020-10-15,2023-12-07,EMA -> Swissmedic
libtayo,FDA,HealthCanada,194,6.3731931668856765,2018-09-28,2019-04-10,FDA -> HealthCanada
libtayo,HealthCanada,EMA,16,0.5256241787122208,2019-04-10,2019-04-26,HealthCanada -> EMA
libtayo,EMA,TGA,433,14.224704336399475,2019-04-26,2020-07-02,EMA -> TGA
libtayo,TGA,PMDA,879,28.876478318002626,2020-07-02,2022-11-28,TGA -> PMDA
lidocaine,FDA,HealthCanada,2809,92.27989487516426,2011-05-23,2019-01-30,FDA -> HealthCanada
lipitor,FDA,HealthCanada,64,2.102496714848883,1996-12-17,1997-02-19,FDA -> HealthCanada
lisinopril,FDA,HealthCanada,3630,119.25098554533508,2002-07-01,2012-06-08,FDA -> HealthCanada
litfulo,PMDA,FDA,25,0.8212877792378449,2023-05-29,2023-06-23,PMDA -> FDA
litfulo,FDA,EMA,27,0.8869908015768725,2023-06-23,2023-07-20,FDA -> EMA
litfulo,EMA,HealthCanada,132,4.336399474375821,2023-07-20,2023-11-29,EMA -> HealthCanada
litfulo,HealthCanada,TGA,210,6.898817345597897,2023-11-29,2024-06-26,HealthCanada -> TGA
livalo,FDA,TGA,844,27.726675427069644,2009-08-03,2011-11-25,FDA -> TGA
livalo,TGA,PMDA,1288,42.31274638633377,2011-11-25,2015-06-05,TGA -> PMDA
livmarli,FDA,EMA,379,12.450722733245728,2021-09-29,2022-10-13,FDA -> EMA
livmarli,EMA,HealthCanada,281,9.231274638633376,2022-10-13,2023-07-21,EMA -> HealthCanada
livmarli,HealthCanada,Swissmedic,363,11.925098554533507,2023-07-21,2024-07-18,HealthCanada -> Swissmedic
livtencity,FDA,EMA,296,9.724047306176084,2021-11-23,2022-09-15,FDA -> EMA
livtencity,EMA,HealthCanada,0,0.0,2022-09-15,2022-09-15,EMA -> HealthCanada
livtencity,HealthCanada,TGA,12,0.39421813403416556,2022-09-15,2022-09-27,HealthCanada -> TGA
livtencity,TGA,Swissmedic,295,9.69119579500657,2022-09-27,2023-07-19,TGA -> Swissmedic
lixiana,PMDA,EMA,1522,50.0,2011-02-21,2015-04-23,PMDA -> EMA
lixiana,EMA,HealthCanada,561,18.429697766097238,2015-04-23,2016-11-04,EMA -> HealthCanada
locametz,FDA,EMA,204,6.701708278580814,2022-03-23,2022-10-13,FDA -> EMA
locametz,EMA,Swissmedic,141,4.6320630749014455,2022-10-13,2023-03-03,EMA -> Swissmedic
locametz,Swissmedic,HealthCanada,33,1.0840998685939554,2023-03-03,2023-04-05,Swissmedic -> HealthCanada
lokelma,TGA,EMA,287,9.42838370565046,2017-04-13,2018-01-25,TGA -> EMA
lokelma,EMA,FDA,113,3.712220762155059,2018-01-25,2018-05-18,EMA -> FDA
lokelma,FDA,HealthCanada,433,14.224704336399475,2018-05-18,2019-07-25,FDA -> HealthCanada
lokelma,HealthCanada,Swissmedic,631,20.729303547963205,2019-07-25,2021-04-16,HealthCanada -> Swissmedic
lonquex,EMA,TGA,882,28.97503285151117,2013-05-30,2015-10-29,EMA -> TGA
lonsurf,PMDA,FDA,596,19.579500657030223,2014-02-03,2015-09-22,PMDA -> FDA
lonsurf,FDA,EMA,156,5.124835742444152,2015-09-22,2016-02-25,FDA -> EMA
lonsurf,EMA,HealthCanada,700,22.996057818659658,2016-02-25,2018-01-25,EMA -> HealthCanada
loprox,HealthCanada,FDA,2278,74.83574244415243,1996-12-03,2003-02-28,HealthCanada -> FDA
loqtorzi,FDA,EMA,272,8.935611038107753,2023-10-27,2024-07-25,FDA -> EMA
loratadine,FDA,HealthCanada,3017,99.11300919842313,2003-01-21,2011-04-26,FDA -> HealthCanada
lorbrena,PMDA,FDA,65,2.135348226018397,2018-08-29,2018-11-02,PMDA -> FDA
lorbrena,FDA,HealthCanada,112,3.679369250985545,2018-11-02,2019-02-22,FDA -> HealthCanada
lorviqua,EMA,TGA,256,8.409986859395532,2019-02-28,2019-11-11,EMA -> TGA
lotemax,FDA,HealthCanada,3970,130.42049934296978,1998-03-09,2009-01-20,FDA -> HealthCanada
lotemax,HealthCanada,TGA,1819,59.75689881734559,2009-01-20,2014-01-13,HealthCanada -> TGA
lovastatin,HealthCanada,FDA,1727,56.73455978975033,1997-03-26,2001-12-17,HealthCanada -> FDA
lovenox,HealthCanada,FDA,3458,113.6005256241787,1997-11-26,2007-05-16,HealthCanada -> FDA
lucentis,FDA,EMA,206,6.767411300919842,2006-06-30,2007-01-22,FDA -> EMA
lucentis,EMA,HealthCanada,155,5.091984231274639,2007-01-22,2007-06-26,EMA -> HealthCanada
lucentis,HealthCanada,TGA,1568,51.51116951379763,2007-06-26,2011-10-11,HealthCanada -> TGA
lumakras,FDA,HealthCanada,105,3.4494086727989486,2021-05-28,2021-09-10,FDA -> HealthCanada
lumakras,HealthCanada,TGA,199,6.5374507227332455,2021-09-10,2022-03-28,HealthCanada -> TGA
lumify,FDA,HealthCanada,1609,52.858081471747695,2017-12-22,2022-05-19,FDA -> HealthCanada
lumoxiti,FDA,EMA,819,26.905387647831798,2018-09-13,2020-12-10,FDA -> EMA
lumykras,EMA,Swissmedic,35,1.149802890932983,2021-11-11,2021-12-16,EMA -> Swissmedic
lunesta,FDA,HealthCanada,4110,135.0197109067017,2004-12-15,2016-03-17,FDA -> HealthCanada
lunsumio,EMA,FDA,244,8.015768725361367,2022-04-22,2022-12-22,EMA -> FDA
lunsumio,FDA,Swissmedic,49,1.609724047306176,2022-12-22,2023-02-09,FDA -> Swissmedic
lupkynis,FDA,EMA,545,17.904073587385017,2021-01-22,2022-07-21,FDA -> EMA
lupkynis,EMA,Swissmedic,277,9.099868593955321,2022-07-21,2023-04-24,EMA -> Swissmedic
lupron depot,FDA,HealthCanada,624,20.49934296977661,1995-03-30,1996-12-13,FDA -> HealthCanada
lutathera,EMA,FDA,190,6.241787122207621,2017-07-20,2018-01-26,EMA -> FDA
lutathera,FDA,HealthCanada,348,11.432325886990801,2018-01-26,2019-01-09,FDA -> HealthCanada
luveris,EMA,HealthCanada,1793,58.90275952693823,2000-07-27,2005-06-24,EMA -> HealthCanada
luxturna,EMA,Swissmedic,512,16.819973718791065,2018-09-20,2020-02-14,EMA -> Swissmedic
luxturna,Swissmedic,TGA,172,5.650459921156373,2020-02-14,2020-08-04,Swissmedic -> TGA
luxturna,TGA,HealthCanada,70,2.299605781865966,2020-08-04,2020-10-13,TGA -> HealthCanada
lyfnua,PMDA,Swissmedic,173,5.683311432325887,2021-12-02,2022-05-24,PMDA -> Swissmedic
lyfnua,Swissmedic,EMA,422,13.863337713534822,2022-05-24,2023-07-20,Swissmedic -> EMA
lynparza,EMA,FDA,57,1.8725361366622864,2014-10-23,2014-12-19,EMA -> FDA
lynparza,FDA,TGA,369,12.12220762155059,2014-12-19,2015-12-23,FDA -> TGA
lynparza,TGA,HealthCanada,863,28.350854139290405,2015-12-23,2018-05-04,TGA -> HealthCanada
lynparza,HealthCanada,PMDA,1888,62.023653088042046,2018-05-04,2023-07-05,HealthCanada -> PMDA
lyrica,FDA,HealthCanada,155,5.091984231274639,2004-12-30,2005-06-03,FDA -> HealthCanada
lytgobi,FDA,EMA,208,6.83311432325887,2022-09-30,2023-04-26,FDA -> EMA
lytgobi,EMA,PMDA,33,1.0840998685939554,2023-04-26,2023-05-29,EMA -> PMDA
lytgobi,PMDA,Swissmedic,498,16.36005256241787,2023-05-29,2024-10-08,PMDA -> Swissmedic
lyxumia,EMA,TGA,112,3.679369250985545,2012-11-28,2013-03-20,EMA -> TGA
lyxumia,TGA,PMDA,65,2.135348226018397,2013-03-20,2013-05-24,TGA -> PMDA
mabthera,EMA,TGA,3004,98.68593955321944,2001-10-18,2010-01-08,EMA -> TGA
macugen,FDA,PMDA,1316,43.232588699080154,2004-09-17,2008-04-25,FDA -> PMDA
mavenclad,EMA,HealthCanada,161,5.289093298291721,2017-06-22,2017-11-30,EMA -> HealthCanada
mavenclad,HealthCanada,TGA,5,0.164257555847569,2017-11-30,2017-12-05,HealthCanada -> TGA
mavenclad,TGA,FDA,479,15.735873850197109,2017-12-05,2019-03-29,TGA -> FDA
mavik,FDA,HealthCanada,411,13.501971090670171,1996-04-26,1997-06-11,FDA -> HealthCanada
maviret,EMA,HealthCanada,55,1.8068331143232588,2017-06-22,2017-08-16,EMA -> HealthCanada
maviret,HealthCanada,PMDA,23,0.7555847568988173,2017-08-16,2017-09-08,HealthCanada -> PMDA
maviret,PMDA,TGA,104,3.416557161629435,2017-09-08,2017-12-21,PMDA -> TGA
maxalt,FDA,HealthCanada,382,12.54927726675427,1998-06-29,1999-07-16,FDA -> HealthCanada
mayzent,FDA,TGA,213,6.9973718791064385,2019-03-26,2019-10-25,FDA -> TGA
mayzent,TGA,EMA,20,0.657030223390276,2019-10-25,2019-11-14,TGA -> EMA
mayzent,EMA,HealthCanada,98,3.219448094612352,2019-11-14,2020-02-20,EMA -> HealthCanada
mayzent,HealthCanada,PMDA,91,2.9894875164257555,2020-02-20,2020-05-21,HealthCanada -> PMDA
mekinist,FDA,HealthCanada,50,1.6425755584756898,2013-05-29,2013-07-18,FDA -> HealthCanada
mekinist,HealthCanada,TGA,208,6.83311432325887,2013-07-18,2014-02-11,HealthCanada -> TGA
mekinist,TGA,EMA,73,2.3981603153745072,2014-02-11,2014-04-25,TGA -> EMA
mekinist,EMA,PMDA,647,21.254927726675426,2014-04-25,2016-02-01,EMA -> PMDA
mektovi,EMA,FDA,230,7.555847568988173,2017-11-09,2018-06-27,EMA -> FDA
mektovi,FDA,PMDA,155,5.091984231274639,2018-06-27,2018-11-29,FDA -> PMDA
mektovi,PMDA,HealthCanada,824,27.069645203679368,2018-11-29,2021-03-02,PMDA -> HealthCanada
meloxicam,FDA,HealthCanada,2208,72.53613666228647,2004-06-01,2010-06-18,FDA -> HealthCanada
menactra,HealthCanada,TGA,1903,62.516425755584756,2006-05-03,2011-07-19,HealthCanada -> TGA
menopur,FDA,HealthCanada,616,20.2365308804205,2004-10-29,2006-07-07,FDA -> HealthCanada
menopur,HealthCanada,TGA,1844,60.57818659658344,2006-07-07,2011-07-25,HealthCanada -> TGA
menquadfi,EMA,TGA,40,1.314060446780552,2020-09-17,2020-10-27,EMA -> TGA
menquadfi,TGA,HealthCanada,2,0.0657030223390276,2020-10-27,2020-10-29,TGA -> HealthCanada
menquadfi,HealthCanada,Swissmedic,706,23.19316688567674,2020-10-29,2022-10-05,HealthCanada -> Swissmedic
menveo,EMA,TGA,154,5.059132720105125,2009-12-17,2010-05-20,EMA -> TGA
menveo,TGA,HealthCanada,1,0.0328515111695138,2010-05-20,2010-05-21,TGA -> HealthCanada
mepron,FDA,HealthCanada,580,19.053876478318003,1995-02-08,1996-09-10,FDA -> HealthCanada
mepsevii,FDA,EMA,225,7.391590013140604,2017-11-15,2018-06-28,FDA -> EMA
methazolamide,FDA,HealthCanada,2099,68.95532194480946,1996-08-28,2002-05-28,FDA -> HealthCanada
metronidazole,FDA,HealthCanada,6628,217.73981603153743,2003-06-25,2021-08-17,FDA -> HealthCanada
miebo,FDA,HealthCanada,475,15.604467805519054,2023-05-18,2024-09-04,FDA -> HealthCanada
minjuvi,EMA,HealthCanada,56,1.8396846254927726,2021-06-24,2021-08-19,EMA -> HealthCanada
minjuvi,HealthCanada,Swissmedic,215,7.063074901445466,2021-08-19,2022-03-22,HealthCanada -> Swissmedic
minjuvi,Swissmedic,TGA,454,14.914586070959263,2022-03-22,2023-06-19,Swissmedic -> TGA
miplyffa,EMA,FDA,1009,33.14717477003942,2021-12-16,2024-09-20,EMA -> FDA
mirapex,FDA,HealthCanada,212,6.964520367936925,1997-07-01,1998-01-29,FDA -> HealthCanada
mirena,HealthCanada,FDA,12,0.39421813403416556,2000-11-24,2000-12-06,HealthCanada -> FDA
mirtazapine,FDA,HealthCanada,3162,103.87647831800263,2003-01-24,2011-09-21,FDA -> HealthCanada
mirvaso,FDA,EMA,118,3.876478318002628,2013-08-23,2013-12-19,FDA -> EMA
mirvaso,EMA,TGA,225,7.391590013140604,2013-12-19,2014-08-01,EMA -> TGA
misoprostol,HealthCanada,FDA,394,12.943495400788436,2001-06-11,2002-07-10,HealthCanada -> FDA
modafinil,FDA,HealthCanada,6810,223.71879106438897,2004-01-07,2022-08-30,FDA -> HealthCanada
monoferric,HealthCanada,FDA,573,18.823915900131404,2018-06-22,2020-01-16,HealthCanada -> FDA
monurol,FDA,HealthCanada,902,29.632063074901446,1996-12-19,1999-06-09,FDA -> HealthCanada
monurol,HealthCanada,TGA,6658,218.72536136662285,1999-06-09,2017-08-31,HealthCanada -> TGA
mounjaro,EMA,Swissmedic,104,3.416557161629435,2022-07-21,2022-11-02,EMA -> Swissmedic
mounjaro,Swissmedic,TGA,50,1.6425755584756898,2022-11-02,2022-12-22,Swissmedic -> TGA
mounjaro,TGA,HealthCanada,252,8.278580814717477,2022-12-22,2023-08-31,TGA -> HealthCanada
movantik,FDA,HealthCanada,259,8.508541392904073,2014-09-16,2015-06-02,FDA -> HealthCanada
movantik,HealthCanada,TGA,217,7.128777923784494,2015-06-02,2016-01-05,HealthCanada -> TGA
moviprep,FDA,HealthCanada,1569,51.544021024967144,2006-08-02,2010-11-18,FDA -> HealthCanada
mozobil,FDA,EMA,165,5.4204993429697765,2008-12-15,2009-05-29,FDA -> EMA
mozobil,EMA,TGA,354,11.629434954007884,2009-05-29,2010-05-18,EMA -> TGA
mozobil,TGA,HealthCanada,569,18.69250985545335,2010-05-18,2011-12-08,TGA -> HealthCanada
mresvia,EMA,TGA,274,9.00131406044678,2024-06-27,2025-03-28,EMA -> TGA
mulpleta,PMDA,FDA,1068,35.08541392904073,2015-08-28,2018-07-31,PMDA -> FDA
multaq,FDA,HealthCanada,41,1.3469119579500657,2009-07-01,2009-08-11,FDA -> HealthCanada
multaq,HealthCanada,EMA,44,1.445466491458607,2009-08-11,2009-09-24,HealthCanada -> EMA
multaq,EMA,TGA,298,9.789750328515112,2009-09-24,2010-07-19,EMA -> TGA
multihance,HealthCanada,FDA,237,7.7858081471747695,2004-03-31,2004-11-23,HealthCanada -> FDA
mvasi,FDA,HealthCanada,228,7.490144546649145,2017-09-14,2018-04-30,FDA -> HealthCanada
mvasi,HealthCanada,TGA,261,8.5742444152431,2018-04-30,2019-01-16,HealthCanada -> TGA
myalepta,EMA,HealthCanada,2057,67.57555847568987,2018-05-31,2024-01-17,EMA -> HealthCanada
mycamine,FDA,HealthCanada,797,26.182654402102497,2005-03-16,2007-05-22,FDA -> HealthCanada
mycamine,HealthCanada,EMA,275,9.034165571616294,2007-05-22,2008-02-21,HealthCanada -> EMA
mycamine,EMA,TGA,1897,62.319316688567675,2008-02-21,2013-05-02,EMA -> TGA
mycapssa,FDA,EMA,811,26.642575558475688,2020-06-26,2022-09-15,FDA -> EMA
mycophenolate mofetil,FDA,HealthCanada,2955,97.07621550591327,2008-07-29,2016-08-31,FDA -> HealthCanada
myfembree,FDA,HealthCanada,849,27.890932982917214,2021-05-26,2023-09-22,FDA -> HealthCanada
myfortic,FDA,HealthCanada,343,11.268068331143231,2004-02-27,2005-02-04,FDA -> HealthCanada
myfortic,HealthCanada,TGA,2772,91.06438896189225,2005-02-04,2012-09-07,HealthCanada -> TGA
mylotarg,FDA,EMA,174,5.716162943495401,2017-09-01,2018-02-22,FDA -> EMA
mylotarg,EMA,HealthCanada,644,21.156373193166885,2018-02-22,2019-11-28,EMA -> HealthCanada
mylotarg,HealthCanada,TGA,132,4.336399474375821,2019-11-28,2020-04-08,HealthCanada -> TGA
myozyme,FDA,HealthCanada,108,3.54796320630749,2006-04-28,2006-08-14,FDA -> HealthCanada
myozyme,HealthCanada,PMDA,170,5.5847568988173455,2006-08-14,2007-01-31,HealthCanada -> PMDA
myrbetriq,FDA,HealthCanada,251,8.245729303547963,2012-06-28,2013-03-06,FDA -> HealthCanada
myxredlin,FDA,HealthCanada,1140,37.450722733245726,2019-06-20,2022-08-03,FDA -> HealthCanada
nabumetone,HealthCanada,FDA,644,21.156373193166885,1998-08-21,2000-05-26,HealthCanada -> FDA
naglazyme,FDA,HealthCanada,3030,99.5400788436268,2005-05-31,2013-09-16,FDA -> HealthCanada
naproxen,FDA,HealthCanada,5844,191.98423127463863,1995-02-10,2011-02-10,FDA -> HealthCanada
naropin,FDA,HealthCanada,218,7.1616294349540075,1996-09-24,1997-04-30,FDA -> HealthCanada
naropin,HealthCanada,TGA,4689,154.0407358738502,1997-04-30,2010-03-02,HealthCanada -> TGA
nasonex,FDA,HealthCanada,294,9.658344283837057,1997-10-01,1998-07-22,FDA -> HealthCanada
natesto,FDA,HealthCanada,587,19.2838370565046,2014-05-28,2016-01-05,FDA -> HealthCanada
neffy,EMA,FDA,1233,40.50591327201051,2021-03-25,2024-08-09,EMA -> FDA
nemluvio,FDA,EMA,122,4.0078843626806835,2024-08-12,2024-12-12,FDA -> EMA
neoral,FDA,HealthCanada,170,5.5847568988173455,1995-07-14,1995-12-31,FDA -> HealthCanada
nerlynx,FDA,EMA,346,11.366622864651774,2017-07-17,2018-06-28,FDA -> EMA
nerlynx,EMA,HealthCanada,383,12.582128777923783,2018-06-28,2019-07-16,EMA -> HealthCanada
nesina,FDA,HealthCanada,306,10.052562417871222,2013-01-25,2013-11-27,FDA -> HealthCanada
netspot,FDA,HealthCanada,1127,37.023653088042046,2016-06-01,2019-07-03,FDA -> HealthCanada
neulasta,FDA,HealthCanada,771,25.328515111695136,2002-01-31,2004-03-12,FDA -> HealthCanada
neupro,FDA,TGA,1248,40.99868593955322,2007-05-09,2010-10-08,FDA -> TGA
neupro,TGA,HealthCanada,895,29.402102496714846,2010-10-08,2013-03-21,TGA -> HealthCanada
neuraceq,EMA,FDA,90,2.9566360052562417,2013-12-19,2014-03-19,EMA -> FDA
neuraceq,FDA,HealthCanada,1071,35.183968462549274,2014-03-19,2017-02-22,FDA -> HealthCanada
neurontin,FDA,HealthCanada,139,4.566360052562418,1998-10-09,1999-02-25,FDA -> HealthCanada
nevanac,FDA,HealthCanada,972,31.93166885676741,2005-08-19,2008-04-17,FDA -> HealthCanada
nexavar,FDA,EMA,230,7.555847568988173,2005-12-01,2006-07-19,FDA -> EMA
nexavar,EMA,HealthCanada,9,0.2956636005256242,2006-07-19,2006-07-28,EMA -> HealthCanada
nexavar,HealthCanada,TGA,2825,92.80551905387648,2006-07-28,2014-04-22,HealthCanada -> TGA
nexium,FDA,HealthCanada,2414,79.3035479632063,2001-02-20,2007-10-01,FDA -> HealthCanada
nexium 24hr,FDA,HealthCanada,860,28.252299605781864,2014-03-28,2016-08-04,FDA -> HealthCanada
nexobrid,EMA,Swissmedic,3500,114.98028909329828,2012-09-20,2022-04-21,EMA -> Swissmedic
nexobrid,Swissmedic,FDA,251,8.245729303547963,2022-04-21,2022-12-28,Swissmedic -> FDA
nextstellis,HealthCanada,FDA,41,1.3469119579500657,2021-03-05,2021-04-15,HealthCanada -> FDA
nextstellis,FDA,TGA,209,6.865965834428383,2021-04-15,2021-11-10,FDA -> TGA
nexviadyme,EMA,Swissmedic,6,0.19710906701708278,2021-11-11,2021-11-17,EMA -> Swissmedic
nexviazyme,FDA,PMDA,24,0.7884362680683311,2021-08-06,2021-08-30,FDA -> PMDA
nexviazyme,PMDA,HealthCanada,74,2.431011826544021,2021-08-30,2021-11-12,PMDA -> HealthCanada
nexviazyme,HealthCanada,TGA,3,0.09855453350854139,2021-11-12,2021-11-15,HealthCanada -> TGA
ngenla,HealthCanada,TGA,28,0.9198423127463863,2021-10-26,2021-11-23,HealthCanada -> TGA
ngenla,TGA,EMA,23,0.7555847568988173,2021-11-23,2021-12-16,TGA -> EMA
ngenla,EMA,Swissmedic,267,8.771353482260183,2021-12-16,2022-09-09,EMA -> Swissmedic
ngenla,Swissmedic,FDA,291,9.559789750328514,2022-09-09,2023-06-27,Swissmedic -> FDA
nilemdo,EMA,Swissmedic,319,10.4796320630749,2020-01-30,2020-12-14,EMA -> Swissmedic
nimenrix,EMA,HealthCanada,383,12.582128777923783,2012-02-16,2013-03-05,EMA -> HealthCanada
nimenrix,HealthCanada,TGA,170,5.5847568988173455,2013-03-05,2013-08-22,HealthCanada -> TGA
ninlaro,FDA,HealthCanada,258,8.47568988173456,2015-11-20,2016-08-04,FDA -> HealthCanada
ninlaro,HealthCanada,EMA,42,1.3797634691195795,2016-08-04,2016-09-15,HealthCanada -> EMA
ninlaro,EMA,TGA,56,1.8396846254927726,2016-09-15,2016-11-10,EMA -> TGA
ninlaro,TGA,PMDA,113,3.712220762155059,2016-11-10,2017-03-03,TGA -> PMDA
nityr,FDA,EMA,309,10.151116951379763,2017-07-26,2018-05-31,FDA -> EMA
nityr,EMA,Swissmedic,1334,43.823915900131404,2018-05-31,2022-01-24,EMA -> Swissmedic
nivestim,EMA,TGA,179,5.88042049934297,2010-03-18,2010-09-13,EMA -> TGA
nivestym,FDA,HealthCanada,636,20.893561103810775,2018-07-20,2020-04-16,FDA -> HealthCanada
nocdurna,TGA,FDA,568,18.659658344283837,2016-11-30,2018-06-21,TGA -> FDA
nordimet,EMA,HealthCanada,2833,93.06833114323258,2016-06-23,2024-03-26,EMA -> HealthCanada
noritate,HealthCanada,FDA,635,20.86070959264126,1995-12-31,1997-09-26,HealthCanada -> FDA
norvir,FDA,HealthCanada,5323,174.86859395532193,1996-03-01,2010-09-27,FDA -> HealthCanada
novoeight,EMA,PMDA,60,1.9710906701708277,2013-09-19,2013-11-18,EMA -> PMDA
novoeight,PMDA,TGA,51,1.6754270696452036,2013-11-18,2014-01-08,PMDA -> TGA
novothirteen,EMA,TGA,529,17.378449408672797,2012-05-24,2013-11-04,EMA -> TGA
novothirteen,TGA,PMDA,486,15.965834428383705,2013-11-04,2015-03-05,TGA -> PMDA
nplate,FDA,EMA,90,2.9566360052562417,2008-08-22,2008-11-20,FDA -> EMA
nplate,EMA,HealthCanada,91,2.9894875164257555,2008-11-20,2009-02-19,EMA -> HealthCanada
nubeqa,FDA,PMDA,118,3.876478318002628,2019-07-30,2019-11-25,FDA -> PMDA
nubeqa,PMDA,EMA,66,2.1681997371879107,2019-11-25,2020-01-30,PMDA -> EMA
nubeqa,EMA,HealthCanada,21,0.6898817345597897,2020-01-30,2020-02-20,EMA -> HealthCanada
nubeqa,HealthCanada,TGA,0,0.0,2020-02-20,2020-02-20,HealthCanada -> TGA
nubeqa,TGA,Swissmedic,120,3.9421813403416555,2020-02-20,2020-06-19,TGA -> Swissmedic
nucala,EMA,FDA,41,1.3469119579500657,2015-09-24,2015-11-04,EMA -> FDA
nucala,FDA,TGA,82,2.6938239159001314,2015-11-04,2016-01-25,FDA -> TGA
nucala,TGA,PMDA,32,1.0512483574244416,2016-01-25,2016-02-26,TGA -> PMDA
nucala,PMDA,HealthCanada,1320,43.36399474375821,2016-02-26,2019-10-08,PMDA -> HealthCanada
nuceiva,HealthCanada,EMA,343,11.268068331143231,2018-08-16,2019-07-25,HealthCanada -> EMA
nuceiva,EMA,TGA,1268,41.65571616294349,2019-07-25,2023-01-13,EMA -> TGA
nuceiva,TGA,Swissmedic,307,10.085413929040735,2023-01-13,2023-11-16,TGA -> Swissmedic
nuedexta,FDA,EMA,909,29.86202365308804,2010-10-29,2013-04-25,FDA -> EMA
nulibry,FDA,EMA,510,16.754270696452036,2021-02-26,2022-07-21,FDA -> EMA
nulojix,EMA,FDA,62,2.0367936925098555,2011-04-14,2011-06-15,EMA -> FDA
nulojix,FDA,TGA,257,8.442838370565045,2011-06-15,2012-02-27,FDA -> TGA
nurtec odt,FDA,TGA,1236,40.60446780551905,2020-02-27,2023-07-17,FDA -> TGA
nurtec odt,TGA,HealthCanada,137,4.50065703022339,2023-07-17,2023-12-01,TGA -> HealthCanada
nuvaring,FDA,HealthCanada,951,31.24178712220762,2001-10-03,2004-05-11,FDA -> HealthCanada
nuvaxovid,EMA,TGA,15,0.49277266754270693,2022-01-04,2022-01-19,EMA -> TGA
nuvaxovid,TGA,Swissmedic,83,2.726675427069645,2022-01-19,2022-04-12,TGA -> Swissmedic
nuvaxovid,Swissmedic,PMDA,6,0.19710906701708278,2022-04-12,2022-04-18,Swissmedic -> PMDA
nuvaxovid,PMDA,HealthCanada,596,19.579500657030223,2022-04-18,2023-12-05,PMDA -> HealthCanada
nuvigil,FDA,TGA,3084,101.31406044678054,2007-06-15,2015-11-24,FDA -> TGA
nuwiq,EMA,TGA,167,5.486202365308804,2014-05-22,2014-11-05,EMA -> TGA
nuzyra,FDA,EMA,381,12.516425755584756,2018-10-02,2019-10-18,FDA -> EMA
nypozi,HealthCanada,FDA,994,32.65440210249671,2021-10-08,2024-06-28,HealthCanada -> FDA
nyvepria,FDA,EMA,99,3.252299605781866,2020-06-10,2020-09-17,FDA -> EMA
nyvepria,EMA,HealthCanada,41,1.3469119579500657,2020-09-17,2020-10-28,EMA -> HealthCanada
obizur,EMA,HealthCanada,83,2.726675427069645,2015-07-23,2015-10-14,EMA -> HealthCanada
ocaliva,FDA,EMA,139,4.566360052562418,2016-05-27,2016-10-13,FDA -> EMA
ocaliva,EMA,HealthCanada,223,7.3258869908015765,2016-10-13,2017-05-24,EMA -> HealthCanada
ocrevus,FDA,TGA,97,3.1865965834428382,2017-03-28,2017-07-03,FDA -> TGA
ocrevus,TGA,HealthCanada,42,1.3797634691195795,2017-07-03,2017-08-14,TGA -> HealthCanada
ocrevus,HealthCanada,EMA,87,2.8580814717477003,2017-08-14,2017-11-09,HealthCanada -> EMA
odefsey,FDA,EMA,58,1.9053876478318001,2016-03-01,2016-04-28,FDA -> EMA
odefsey,EMA,TGA,110,3.6136662286465175,2016-04-28,2016-08-16,EMA -> TGA
odefsey,TGA,HealthCanada,178,5.847568988173456,2016-08-16,2017-02-10,TGA -> HealthCanada
odomzo,EMA,FDA,29,0.9526938239159001,2015-06-25,2015-07-24,EMA -> FDA
odomzo,FDA,TGA,13,0.42706964520367935,2015-07-24,2015-08-06,FDA -> TGA
odomzo,TGA,HealthCanada,1772,58.21287779237845,2015-08-06,2020-06-12,TGA -> HealthCanada
ofev,FDA,EMA,36,1.1826544021024967,2014-10-15,2014-11-20,FDA -> EMA
ofev,EMA,PMDA,189,6.2089356110381075,2014-11-20,2015-05-28,EMA -> PMDA
ofev,PMDA,HealthCanada,28,0.9198423127463863,2015-05-28,2015-06-25,PMDA -> HealthCanada
ogivri,FDA,EMA,321,10.545335085413928,2017-12-01,2018-10-18,FDA -> EMA
ogivri,EMA,TGA,48,1.5768725361366622,2018-10-18,2018-12-05,EMA -> TGA
ogivri,TGA,HealthCanada,149,4.894875164257556,2018-12-05,2019-05-03,TGA -> HealthCanada
ojjaara,FDA,HealthCanada,420,13.797634691195794,2023-09-15,2024-11-08,FDA -> HealthCanada
olanzapine,FDA,HealthCanada,1218,40.01314060446781,2006-09-29,2010-01-29,FDA -> HealthCanada
olmetec,HealthCanada,TGA,1410,46.320630749014455,2008-10-28,2012-09-07,HealthCanada -> TGA
olumiant,EMA,PMDA,166,5.45335085413929,2016-12-15,2017-05-30,EMA -> PMDA
olumiant,PMDA,TGA,234,7.687253613666228,2017-05-30,2018-01-19,PMDA -> TGA
olumiant,TGA,FDA,132,4.336399474375821,2018-01-19,2018-05-31,TGA -> FDA
olumiant,FDA,HealthCanada,78,2.562417871222076,2018-05-31,2018-08-17,FDA -> HealthCanada
olysio,FDA,EMA,118,3.876478318002628,2013-11-22,2014-03-20,FDA -> EMA
omacor,FDA,TGA,1142,37.516425755584756,2007-06-12,2010-07-28,FDA -> TGA
omeprazole,FDA,HealthCanada,2653,87.1550591327201,2002-11-01,2010-02-05,FDA -> HealthCanada
omidria,FDA,EMA,356,11.695137976346912,2014-05-30,2015-05-21,FDA -> EMA
omjjara,EMA,TGA,404,13.272010512483574,2023-11-09,2024-12-17,EMA -> TGA
omlyclo,EMA,HealthCanada,260,8.541392904073588,2024-03-21,2024-12-06,EMA -> HealthCanada
omlyclo,HealthCanada,FDA,91,2.9894875164257555,2024-12-06,2025-03-07,HealthCanada -> FDA
omnaris,FDA,HealthCanada,416,13.66622864651774,2006-10-20,2007-12-10,FDA -> HealthCanada
omnaris,HealthCanada,TGA,1449,47.60183968462549,2007-12-10,2011-11-28,HealthCanada -> TGA
omniscan,HealthCanada,FDA,3816,125.36136662286465,1997-03-25,2007-09-05,HealthCanada -> FDA
omnitrope,FDA,HealthCanada,1056,34.69119579500657,2006-05-30,2009-04-20,FDA -> HealthCanada
omvoh,PMDA,EMA,27,0.8869908015768725,2023-03-03,2023-03-30,PMDA -> EMA
omvoh,EMA,HealthCanada,112,3.679369250985545,2023-03-30,2023-07-20,EMA -> HealthCanada
omvoh,HealthCanada,TGA,68,2.2339027595269383,2023-07-20,2023-09-26,HealthCanada -> TGA
omvoh,TGA,FDA,30,0.9855453350854139,2023-09-26,2023-10-26,TGA -> FDA
omvoh,FDA,Swissmedic,35,1.149802890932983,2023-10-26,2023-11-30,FDA -> Swissmedic
oncaspar,EMA,HealthCanada,456,14.98028909329829,2015-11-26,2017-02-24,EMA -> HealthCanada
oncaspar,HealthCanada,TGA,237,7.7858081471747695,2017-02-24,2017-10-19,HealthCanada -> TGA
ondansetron,FDA,HealthCanada,910,29.894875164257556,2006-12-26,2009-06-23,FDA -> HealthCanada
ondexxya,EMA,Swissmedic,643,21.12352168199737,2019-02-28,2020-12-02,EMA -> Swissmedic
ondexxya,Swissmedic,HealthCanada,926,30.420499342969777,2020-12-02,2023-06-16,Swissmedic -> HealthCanada
ongentys,EMA,FDA,1457,47.8646517739816,2016-04-28,2020-04-24,EMA -> FDA
ongentys,FDA,PMDA,35,1.149802890932983,2020-04-24,2020-05-29,FDA -> PMDA
ongentys,PMDA,TGA,113,3.712220762155059,2020-05-29,2020-09-19,PMDA -> TGA
onglyza,EMA,FDA,36,1.1826544021024967,2009-06-25,2009-07-31,EMA -> FDA
onglyza,FDA,HealthCanada,45,1.4783180026281209,2009-07-31,2009-09-14,FDA -> HealthCanada
onglyza,HealthCanada,TGA,539,17.706964520367936,2009-09-14,2011-03-07,HealthCanada -> TGA
onivyde,FDA,EMA,273,8.968462549277266,2015-10-22,2016-07-21,FDA -> EMA
onivyde,EMA,TGA,145,4.763469119579501,2016-07-21,2016-12-13,EMA -> TGA
onivyde,TGA,HealthCanada,239,7.851511169513797,2016-12-13,2017-08-09,TGA -> HealthCanada
onpattro,EMA,FDA,15,0.49277266754270693,2018-07-26,2018-08-10,EMA -> FDA
onpattro,FDA,HealthCanada,301,9.888304862023652,2018-08-10,2019-06-07,FDA -> HealthCanada
onpattro,HealthCanada,Swissmedic,108,3.54796320630749,2019-06-07,2019-09-23,HealthCanada -> Swissmedic
onpattro,Swissmedic,TGA,1152,37.844940867279895,2019-09-23,2022-11-18,Swissmedic -> TGA
ontozry,EMA,Swissmedic,476,15.637319316688567,2021-01-28,2022-05-19,EMA -> Swissmedic
ontruzant,EMA,FDA,491,16.130091984231274,2017-09-14,2019-01-18,EMA -> FDA
ontruzant,FDA,HealthCanada,1106,36.333771353482256,2019-01-18,2022-01-28,FDA -> HealthCanada
onureg,FDA,HealthCanada,126,4.139290407358739,2020-09-01,2021-01-05,FDA -> HealthCanada
onureg,HealthCanada,EMA,107,3.515111695137976,2021-01-05,2021-04-22,HealthCanada -> EMA
opdivo,PMDA,FDA,179,5.88042049934297,2014-06-26,2014-12-22,PMDA -> FDA
opdivo,FDA,EMA,122,4.0078843626806835,2014-12-22,2015-04-23,FDA -> EMA
opdivo,EMA,HealthCanada,155,5.091984231274639,2015-04-23,2015-09-25,EMA -> HealthCanada
opdivo,HealthCanada,TGA,104,3.416557161629435,2015-09-25,2016-01-07,HealthCanada -> TGA
opdualag,FDA,EMA,125,4.106438896189225,2022-03-18,2022-07-21,FDA -> EMA
opdualag,EMA,TGA,76,2.4967148488830486,2022-07-21,2022-10-05,EMA -> TGA
opdualag,TGA,Swissmedic,79,2.59526938239159,2022-10-05,2022-12-23,TGA -> Swissmedic
opdualag,Swissmedic,HealthCanada,264,8.672798948751643,2022-12-23,2023-09-13,Swissmedic -> HealthCanada
opfolda,EMA,FDA,155,5.091984231274639,2023-04-26,2023-09-28,EMA -> FDA
opsumit,FDA,EMA,6,0.19710906701708278,2013-10-18,2013-10-24,FDA -> EMA
opsumit,EMA,HealthCanada,13,0.42706964520367935,2013-10-24,2013-11-06,EMA -> HealthCanada
opsumit,HealthCanada,TGA,86,2.8252299605781865,2013-11-06,2014-01-31,HealthCanada -> TGA
opsynvi,HealthCanada,FDA,890,29.23784494086728,2021-10-14,2024-03-22,HealthCanada -> FDA
opsynvi,FDA,TGA,173,5.683311432325887,2024-03-22,2024-09-11,FDA -> TGA
opuviz,FDA,EMA,122,4.0078843626806835,2024-05-20,2024-09-19,FDA -> EMA
opzelura,FDA,EMA,520,17.082785808147175,2021-09-21,2023-02-23,FDA -> EMA
opzelura,EMA,HealthCanada,596,19.579500657030223,2023-02-23,2024-10-11,EMA -> HealthCanada
oracea,FDA,TGA,2176,71.48488830486203,2006-05-26,2012-05-10,FDA -> TGA
oraqix,FDA,HealthCanada,1960,64.38896189224704,2003-12-19,2009-05-01,FDA -> HealthCanada
oraverse,FDA,HealthCanada,2119,69.61235216819973,2008-05-09,2014-02-26,FDA -> HealthCanada
orbactiv,FDA,EMA,169,5.551905387647832,2014-08-06,2015-01-22,FDA -> EMA
orencia,FDA,HealthCanada,188,6.176084099868594,2005-12-23,2006-06-29,FDA -> HealthCanada
orencia,HealthCanada,TGA,1344,44.15243101182654,2006-06-29,2010-03-04,HealthCanada -> TGA
orencia,TGA,PMDA,50,1.6425755584756898,2010-03-04,2010-04-23,TGA -> PMDA
orfadin,FDA,TGA,3192,104.86202365308804,2002-01-18,2010-10-15,FDA -> TGA
orfadin,TGA,PMDA,1475,48.45597897503285,2010-10-15,2014-10-29,TGA -> PMDA
orfadin,PMDA,HealthCanada,776,25.492772667542706,2014-10-29,2016-12-13,PMDA -> HealthCanada
orgaran,HealthCanada,FDA,359,11.793692509855452,1995-12-31,1996-12-24,HealthCanada -> FDA
orgovyx,FDA,EMA,433,14.224704336399475,2020-12-18,2022-02-24,FDA -> EMA
orgovyx,EMA,HealthCanada,593,19.48094612352168,2022-02-24,2023-10-10,EMA -> HealthCanada
orilissa,FDA,HealthCanada,74,2.431011826544021,2018-07-23,2018-10-05,FDA -> HealthCanada
orkambi,FDA,EMA,84,2.759526938239159,2015-07-02,2015-09-24,FDA -> EMA
orkambi,EMA,HealthCanada,124,4.073587385019711,2015-09-24,2016-01-26,EMA -> HealthCanada
orladeyo,PMDA,FDA,34,1.1169513797634691,2020-10-30,2020-12-03,PMDA -> FDA
orladeyo,FDA,EMA,84,2.759526938239159,2020-12-03,2021-02-25,FDA -> EMA
orladeyo,EMA,HealthCanada,462,15.177398160315374,2021-02-25,2022-06-02,EMA -> HealthCanada
orladeyo,HealthCanada,Swissmedic,5,0.164257555847569,2022-06-02,2022-06-07,HealthCanada -> Swissmedic
orserdu,FDA,EMA,174,5.716162943495401,2023-01-27,2023-07-20,FDA -> EMA
orserdu,EMA,Swissmedic,320,10.512483574244415,2023-07-20,2024-06-04,EMA -> Swissmedic
osphena,FDA,HealthCanada,3062,100.59132720105124,2013-02-26,2021-07-16,FDA -> HealthCanada
otezla,FDA,HealthCanada,236,7.752956636005256,2014-03-21,2014-11-12,FDA -> HealthCanada
otezla,HealthCanada,EMA,8,0.2628120893561104,2014-11-12,2014-11-20,HealthCanada -> EMA
otezla,EMA,TGA,112,3.679369250985545,2014-11-20,2015-03-12,EMA -> TGA
otezla,TGA,PMDA,623,20.466491458607095,2015-03-12,2016-11-24,TGA -> PMDA
otulfi,EMA,HealthCanada,158,5.19053876478318,2024-07-25,2024-12-30,EMA -> HealthCanada
otulfi,HealthCanada,FDA,121,3.9750328515111693,2024-12-30,2025-04-30,HealthCanada -> FDA
ovaleap,EMA,TGA,2778,91.26149802890933,2013-07-31,2021-03-09,EMA -> TGA
ovidrel,FDA,HealthCanada,1548,50.85413929040735,2000-09-20,2004-12-16,FDA -> HealthCanada
oxaliplatin,FDA,HealthCanada,2322,76.28120893561103,2009-08-07,2015-12-16,FDA -> HealthCanada
oxbryta,FDA,EMA,752,24.704336399474375,2019-11-25,2021-12-16,FDA -> EMA
oxervate,EMA,FDA,461,15.14454664914586,2017-05-18,2018-08-22,EMA -> FDA
oxervate,FDA,TGA,390,12.81208935611038,2018-08-22,2019-09-16,FDA -> TGA
oxlumo,EMA,FDA,39,1.281208935611038,2020-10-15,2020-11-23,EMA -> FDA
oxlumo,FDA,Swissmedic,373,12.253613666228645,2020-11-23,2021-12-01,FDA -> Swissmedic
oxlumo,Swissmedic,HealthCanada,96,3.1537450722733245,2021-12-01,2022-03-07,Swissmedic -> HealthCanada
oxlumo,HealthCanada,TGA,836,27.463863337713533,2022-03-07,2024-06-20,HealthCanada -> TGA
oxybutynin,HealthCanada,FDA,1405,46.156373193166885,2010-04-29,2014-03-04,HealthCanada -> FDA
ozempic,FDA,EMA,9,0.2956636005256242,2017-12-05,2017-12-14,FDA -> EMA
ozempic,EMA,HealthCanada,21,0.6898817345597897,2017-12-14,2018-01-04,EMA -> HealthCanada
ozurdex,FDA,EMA,337,11.070959264126149,2009-06-17,2010-05-20,FDA -> EMA
ozurdex,EMA,HealthCanada,266,8.73850197109067,2010-05-20,2011-02-10,EMA -> HealthCanada
ozurdex,HealthCanada,TGA,152,4.993429697766097,2011-02-10,2011-07-12,HealthCanada -> TGA
padcev,FDA,HealthCanada,681,22.371879106438897,2019-12-18,2021-10-29,FDA -> HealthCanada
padcev,HealthCanada,EMA,118,3.876478318002628,2021-10-29,2022-02-24,HealthCanada -> EMA
padcev,EMA,Swissmedic,936,30.749014454664913,2022-02-24,2024-09-17,EMA -> Swissmedic
palforzia,EMA,Swissmedic,201,6.603153745072273,2020-10-15,2021-05-04,EMA -> Swissmedic
palynziq,FDA,EMA,280,9.198423127463863,2018-05-24,2019-02-28,FDA -> EMA
palynziq,EMA,TGA,859,28.21944809461235,2019-02-28,2021-07-06,EMA -> TGA
palynziq,TGA,HealthCanada,267,8.771353482260183,2021-07-06,2022-03-30,TGA -> HealthCanada
pandemic influenza vaccine h5n1 baxter,EMA,TGA,396,13.009198423127463,2009-07-23,2010-08-23,EMA -> TGA
paroxetine,HealthCanada,FDA,3045,100.03285151116951,2006-06-30,2014-10-31,HealthCanada -> FDA
parsabiv,EMA,PMDA,46,1.5111695137976346,2016-09-15,2016-10-31,EMA -> PMDA
parsabiv,PMDA,FDA,99,3.252299605781866,2016-10-31,2017-02-07,PMDA -> FDA
pavblu,FDA,EMA,160,5.256241787122208,2024-08-23,2025-01-30,FDA -> EMA
paxil cr,FDA,HealthCanada,1745,57.32588699080157,1999-02-16,2003-11-27,FDA -> HealthCanada
paxlovid,HealthCanada,TGA,1,0.0328515111695138,2022-01-17,2022-01-18,HealthCanada -> TGA
paxlovid,TGA,EMA,9,0.2956636005256242,2022-01-18,2022-01-27,TGA -> EMA
paxlovid,EMA,PMDA,14,0.45992115637319314,2022-01-27,2022-02-10,EMA -> PMDA
paxlovid,PMDA,Swissmedic,125,4.106438896189225,2022-02-10,2022-06-15,PMDA -> Swissmedic
pecfent,EMA,TGA,768,25.229960578186596,2010-06-24,2012-07-31,EMA -> TGA
pegasys,FDA,HealthCanada,301,9.888304862023652,2002-10-16,2003-08-13,FDA -> HealthCanada
pegasys,HealthCanada,EMA,560,18.396846254927727,2003-08-13,2005-02-23,HealthCanada -> EMA
pemazyre,FDA,EMA,314,10.315374507227332,2020-04-17,2021-02-25,FDA -> EMA
pemazyre,EMA,Swissmedic,138,4.533508541392904,2021-02-25,2021-07-13,EMA -> Swissmedic
pemazyre,Swissmedic,HealthCanada,66,2.1681997371879107,2021-07-13,2021-09-17,Swissmedic -> HealthCanada
pemazyre,HealthCanada,TGA,360,11.826544021024967,2021-09-17,2022-09-12,HealthCanada -> TGA
pemetrexed for injection,FDA,HealthCanada,350,11.498028909329829,2020-05-14,2021-04-29,FDA -> HealthCanada
pennsaid,HealthCanada,FDA,2413,79.27069645203679,2003-03-28,2009-11-04,HealthCanada -> FDA
pepcid ac,FDA,HealthCanada,452,14.848883048620236,1995-04-28,1996-07-23,FDA -> HealthCanada
pepcid complete,FDA,HealthCanada,64,2.102496714848883,2000-10-16,2000-12-19,FDA -> HealthCanada
pergoveris,TGA,HealthCanada,2955,97.07621550591327,2009-11-10,2017-12-13,TGA -> HealthCanada
perindopril erbumine,FDA,HealthCanada,3188,104.73061760840999,2009-11-10,2018-08-03,FDA -> HealthCanada
perjeta,FDA,EMA,188,6.176084099868594,2012-06-08,2012-12-13,FDA -> EMA
perjeta,EMA,HealthCanada,120,3.9421813403416555,2012-12-13,2013-04-12,EMA -> HealthCanada
perjeta,HealthCanada,PMDA,13,0.42706964520367935,2013-04-12,2013-04-25,HealthCanada -> PMDA
perjeta,PMDA,TGA,7,0.22996057818659657,2013-04-25,2013-05-02,PMDA -> TGA
pheburane,EMA,HealthCanada,704,23.127463863337713,2013-02-21,2015-01-26,EMA -> HealthCanada
pheburane,HealthCanada,TGA,844,27.726675427069644,2015-01-26,2017-05-19,HealthCanada -> TGA
pheburane,TGA,Swissmedic,1167,38.3377135348226,2017-05-19,2020-07-29,TGA -> Swissmedic
pheburane,Swissmedic,FDA,688,22.601839684625492,2020-07-29,2022-06-17,Swissmedic -> FDA
phenytoin sodium,FDA,HealthCanada,3788,124.44152431011825,2006-09-13,2017-01-26,FDA -> HealthCanada
phesgo,FDA,EMA,136,4.467805519053877,2020-06-29,2020-11-12,FDA -> EMA
phesgo,EMA,HealthCanada,109,3.5808147174770038,2020-11-12,2021-03-01,EMA -> HealthCanada
piasky,PMDA,FDA,112,3.679369250985545,2024-02-29,2024-06-20,PMDA -> FDA
piasky,FDA,EMA,7,0.22996057818659657,2024-06-20,2024-06-27,FDA -> EMA
picato,FDA,EMA,241,7.917214191852825,2012-01-23,2012-09-20,FDA -> EMA
pifeltro,FDA,EMA,21,0.6898817345597897,2018-08-30,2018-09-20,FDA -> EMA
pifeltro,EMA,HealthCanada,22,0.7227332457293035,2018-09-20,2018-10-12,EMA -> HealthCanada
pimozide,HealthCanada,FDA,4969,163.23915900131405,2002-02-19,2015-09-28,HealthCanada -> FDA
piqray,FDA,HealthCanada,292,9.592641261498029,2019-05-24,2020-03-11,FDA -> HealthCanada
piqray,HealthCanada,TGA,8,0.2628120893561104,2020-03-11,2020-03-19,HealthCanada -> TGA
piqray,TGA,Swissmedic,5,0.164257555847569,2020-03-19,2020-03-24,TGA -> Swissmedic
piqray,Swissmedic,EMA,65,2.135348226018397,2020-03-24,2020-05-28,Swissmedic -> EMA
plan b,FDA,HealthCanada,2815,92.47700394218134,1999-07-28,2007-04-12,FDA -> HealthCanada
plavix,FDA,EMA,128,4.204993429697766,1997-11-17,1998-03-25,FDA -> EMA
plavix,EMA,HealthCanada,196,6.438896189224704,1998-03-25,1998-10-07,EMA -> HealthCanada
plegridy,EMA,FDA,85,2.7923784494086727,2014-05-22,2014-08-15,EMA -> FDA
plegridy,FDA,TGA,75,2.463863337713535,2014-08-15,2014-10-29,FDA -> TGA
plegridy,TGA,HealthCanada,285,9.362680683311432,2014-10-29,2015-08-10,TGA -> HealthCanada
pliaglis,FDA,HealthCanada,2350,77.20105124835742,2006-06-29,2012-12-04,FDA -> HealthCanada
pluvicto,FDA,HealthCanada,155,5.091984231274639,2022-03-23,2022-08-25,FDA -> HealthCanada
pluvicto,HealthCanada,EMA,49,1.609724047306176,2022-08-25,2022-10-13,HealthCanada -> EMA
polivy,FDA,TGA,130,4.270696452036794,2019-06-10,2019-10-18,FDA -> TGA
polivy,TGA,EMA,27,0.8869908015768725,2019-10-18,2019-11-14,TGA -> EMA
polivy,EMA,HealthCanada,238,7.818659658344283,2019-11-14,2020-07-09,EMA -> HealthCanada
polivy,HealthCanada,Swissmedic,341,11.202365308804204,2020-07-09,2021-06-15,HealthCanada -> Swissmedic
pomalyst,FDA,HealthCanada,346,11.366622864651774,2013-02-08,2014-01-20,FDA -> HealthCanada
pomalyst,HealthCanada,TGA,158,5.19053876478318,2014-01-20,2014-06-27,HealthCanada -> TGA
pomalyst,TGA,PMDA,244,8.015768725361367,2014-06-27,2015-02-26,TGA -> PMDA
pombiliti,EMA,FDA,287,9.42838370565046,2022-12-15,2023-09-28,EMA -> FDA
pombiliti,FDA,Swissmedic,280,9.198423127463863,2023-09-28,2024-07-04,FDA -> Swissmedic
pombiliti,Swissmedic,TGA,221,7.260183968462549,2024-07-04,2025-02-10,Swissmedic -> TGA
ponvory,FDA,EMA,7,0.22996057818659657,2021-03-18,2021-03-25,FDA -> EMA
ponvory,EMA,HealthCanada,34,1.1169513797634691,2021-03-25,2021-04-28,EMA -> HealthCanada
ponvory,HealthCanada,Swissmedic,202,6.636005256241787,2021-04-28,2021-11-16,HealthCanada -> Swissmedic
ponvory,Swissmedic,TGA,111,3.6465177398160313,2021-11-16,2022-03-07,Swissmedic -> TGA
portrazza,FDA,EMA,23,0.7555847568988173,2015-11-24,2015-12-17,FDA -> EMA
poteligeo,PMDA,FDA,2380,78.18659658344284,2012-02-01,2018-08-08,PMDA -> FDA
poteligeo,FDA,EMA,43,1.4126149802890933,2018-08-08,2018-09-20,FDA -> EMA
poteligeo,EMA,TGA,839,27.562417871222074,2018-09-20,2021-01-06,EMA -> TGA
poteligeo,TGA,Swissmedic,238,7.818659658344283,2021-01-06,2021-09-01,TGA -> Swissmedic
poteligeo,Swissmedic,HealthCanada,274,9.00131406044678,2021-09-01,2022-06-02,Swissmedic -> HealthCanada
pradaxa,EMA,HealthCanada,84,2.759526938239159,2008-03-18,2008-06-10,EMA -> HealthCanada
pradaxa,HealthCanada,FDA,861,28.28515111695138,2008-06-10,2010-10-19,HealthCanada -> FDA
pradaxa,FDA,PMDA,36,1.1826544021024967,2010-10-19,2010-11-24,FDA -> PMDA
pradaxa,PMDA,TGA,156,5.124835742444152,2010-11-24,2011-04-29,PMDA -> TGA
praluent,EMA,FDA,1,0.0328515111695138,2015-07-23,2015-07-24,EMA -> FDA
praluent,FDA,HealthCanada,262,8.607095926412615,2015-07-24,2016-04-11,FDA -> HealthCanada
praluent,HealthCanada,TGA,32,1.0512483574244416,2016-04-11,2016-05-13,HealthCanada -> TGA
praluent,TGA,PMDA,14,0.45992115637319314,2016-05-13,2016-05-27,TGA -> PMDA
praxbind,EMA,FDA,22,0.7227332457293035,2015-09-24,2015-10-16,EMA -> FDA
praxbind,FDA,HealthCanada,196,6.438896189224704,2015-10-16,2016-04-29,FDA -> HealthCanada
praxbind,HealthCanada,TGA,11,0.36136662286465177,2016-04-29,2016-05-10,HealthCanada -> TGA
precedex,FDA,HealthCanada,3645,119.7437582128778,1999-12-17,2009-12-09,FDA -> HealthCanada
precedex,HealthCanada,PMDA,4797,157.58869908015768,2009-12-09,2023-01-27,HealthCanada -> PMDA
pregabalin,FDA,HealthCanada,45,1.4783180026281209,2012-12-31,2013-02-14,FDA -> HealthCanada
premarin,FDA,HealthCanada,3747,123.0946123521682,2003-07-16,2013-10-18,FDA -> HealthCanada
prepandrix,EMA,TGA,2751,90.37450722733246,2008-02-21,2015-09-03,EMA -> TGA
prevacid,FDA,HealthCanada,2,0.0657030223390276,1995-05-10,1995-05-12,FDA -> HealthCanada
prevenar 13,EMA,TGA,173,5.683311432325887,2009-09-24,2010-03-16,EMA -> TGA
prevenar 20,TGA,Swissmedic,482,15.83442838370565,2022-11-30,2024-03-26,TGA -> Swissmedic
prevymis,HealthCanada,FDA,7,0.22996057818659657,2017-11-01,2017-11-08,HealthCanada -> FDA
prevymis,FDA,EMA,1,0.0328515111695138,2017-11-08,2017-11-09,FDA -> EMA
prevymis,EMA,PMDA,113,3.712220762155059,2017-11-09,2018-03-02,EMA -> PMDA
prezcobix,HealthCanada,FDA,224,7.35873850197109,2014-06-19,2015-01-29,HealthCanada -> FDA
pristiq,FDA,HealthCanada,341,11.202365308804204,2008-02-29,2009-02-04,FDA -> HealthCanada
privigen,HealthCanada,EMA,106,3.4822601839684624,2008-01-10,2008-04-25,HealthCanada -> EMA
procysbi,FDA,EMA,58,1.9053876478318001,2013-04-30,2013-06-27,FDA -> EMA
procysbi,EMA,HealthCanada,1447,47.53613666228647,2013-06-27,2017-06-13,EMA -> HealthCanada
progesterone,FDA,HealthCanada,7337,241.0315374507227,2001-04-25,2021-05-27,FDA -> HealthCanada
prograf,HealthCanada,FDA,7953,261.26806833114324,1996-08-14,2018-05-24,HealthCanada -> FDA
prolastin-c,HealthCanada,TGA,7277,239.0604467805519,1996-11-11,2016-10-14,HealthCanada -> TGA
prolensa,FDA,HealthCanada,719,23.62023653088042,2013-04-05,2015-03-25,FDA -> HealthCanada
prolia,EMA,HealthCanada,141,4.6320630749014455,2010-03-18,2010-08-06,EMA -> HealthCanada
prolia,HealthCanada,TGA,81,2.6609724047306176,2010-08-06,2010-10-26,HealthCanada -> TGA
prometrium,HealthCanada,FDA,865,28.416557161629434,1995-12-31,1998-05-14,HealthCanada -> FDA
propecia,FDA,HealthCanada,189,6.2089356110381075,1997-12-19,1998-06-26,FDA -> HealthCanada
protopic,FDA,HealthCanada,199,6.5374507227332455,2000-12-08,2001-06-25,FDA -> HealthCanada
pyrukynd,FDA,EMA,210,6.898817345597897,2022-02-17,2022-09-15,FDA -> EMA
pyzchiva,EMA,FDA,127,4.1721419185282524,2024-02-22,2024-06-28,EMA -> FDA
qalsody,FDA,EMA,303,9.95400788436268,2023-04-25,2024-02-22,FDA -> EMA
qalsody,EMA,HealthCanada,372,12.220762155059132,2024-02-22,2025-02-28,EMA -> HealthCanada
qarziba,TGA,Swissmedic,1493,49.0473061760841,2020-03-17,2024-04-18,TGA -> Swissmedic
qdenga,EMA,Swissmedic,655,21.517739816031536,2022-10-13,2024-07-29,EMA -> Swissmedic
qinlock,FDA,HealthCanada,35,1.149802890932983,2020-05-15,2020-06-19,FDA -> HealthCanada
qinlock,HealthCanada,TGA,21,0.6898817345597897,2020-06-19,2020-07-10,HealthCanada -> TGA
qinlock,TGA,EMA,433,14.224704336399475,2020-07-10,2021-09-16,TGA -> EMA
qinlock,EMA,Swissmedic,21,0.6898817345597897,2021-09-16,2021-10-07,EMA -> Swissmedic
qtern,EMA,TGA,148,4.862023653088042,2016-05-26,2016-10-21,EMA -> TGA
qtern,TGA,FDA,129,4.23784494086728,2016-10-21,2017-02-27,TGA -> FDA
quinsair,EMA,HealthCanada,173,5.683311432325887,2014-12-18,2015-06-09,EMA -> HealthCanada
qulipta,FDA,HealthCanada,450,14.783180026281208,2021-09-28,2022-12-22,FDA -> HealthCanada
qutenza,EMA,FDA,242,7.9500657030223385,2009-03-19,2009-11-16,EMA -> FDA
quviviq,FDA,EMA,48,1.5768725361366622,2022-01-07,2022-02-24,FDA -> EMA
quviviq,EMA,Swissmedic,280,9.198423127463863,2022-02-24,2022-12-01,EMA -> Swissmedic
quviviq,Swissmedic,HealthCanada,148,4.862023653088042,2022-12-01,2023-04-28,Swissmedic -> HealthCanada
radicava,FDA,EMA,749,24.605781865965834,2017-05-05,2019-05-24,FDA -> EMA
radicava,EMA,HealthCanada,1264,41.52431011826544,2019-05-24,2022-11-08,EMA -> HealthCanada
radicava,HealthCanada,TGA,70,2.299605781865966,2022-11-08,2023-01-17,HealthCanada -> TGA
ramelteon,EMA,FDA,1883,61.859395532194476,2008-05-30,2013-07-26,EMA -> FDA
ramipril,FDA,HealthCanada,872,28.64651773981603,2005-10-24,2008-03-14,FDA -> HealthCanada
ranexa,FDA,TGA,3758,123.45597897503285,2006-01-27,2016-05-12,FDA -> TGA
rapamune,FDA,HealthCanada,478,15.703022339027594,1999-09-15,2001-01-05,FDA -> HealthCanada
rapivab,FDA,TGA,1183,38.86333771353482,2014-12-19,2018-03-16,FDA -> TGA
rasilamlo,EMA,TGA,113,3.712220762155059,2011-02-17,2011-06-10,EMA -> TGA
ravicti,FDA,EMA,965,31.701708278580814,2013-02-01,2015-09-24,FDA -> EMA
ravicti,EMA,HealthCanada,176,5.781865965834428,2015-09-24,2016-03-18,EMA -> HealthCanada
raxone,EMA,TGA,1153,37.877792378449406,2015-06-25,2018-08-21,EMA -> TGA
raxone,TGA,Swissmedic,2019,66.32720105124835,2018-08-21,2024-03-01,TGA -> Swissmedic
reagila,EMA,TGA,1274,41.85282522996058,2017-05-18,2020-11-12,EMA -> TGA
rebetol,FDA,EMA,463,15.210249671484888,1998-06-03,1999-09-09,FDA -> EMA
rebetol,EMA,PMDA,6210,204.00788436268067,1999-09-09,2016-09-09,EMA -> PMDA
rebif,HealthCanada,FDA,1491,48.98160315374507,1998-02-05,2002-03-07,HealthCanada -> FDA
rebif,FDA,TGA,4087,134.26412614980288,2002-03-07,2013-05-15,FDA -> TGA
reblozyl,FDA,EMA,174,5.716162943495401,2019-11-08,2020-04-30,FDA -> EMA
reblozyl,EMA,HealthCanada,148,4.862023653088042,2020-04-30,2020-09-25,EMA -> HealthCanada
reblozyl,HealthCanada,TGA,336,11.038107752956636,2020-09-25,2021-08-27,HealthCanada -> TGA
recarbrio,FDA,EMA,149,4.894875164257556,2019-07-16,2019-12-12,FDA -> EMA
refixia,EMA,PMDA,426,13.994743758212877,2017-03-23,2018-05-23,EMA -> PMDA
refixia,PMDA,TGA,467,15.341655716162943,2018-05-23,2019-09-02,PMDA -> TGA
regkirona,EMA,TGA,25,0.8212877792378449,2021-11-11,2021-12-06,EMA -> TGA
regkirona,TGA,Swissmedic,37,1.2155059132720105,2021-12-06,2022-01-12,TGA -> Swissmedic
rekovelle,EMA,TGA,162,5.321944809461235,2016-10-13,2017-03-24,EMA -> TGA
rekovelle,TGA,HealthCanada,755,24.802890932982915,2017-03-24,2019-04-18,TGA -> HealthCanada
relenza,FDA,HealthCanada,99,3.252299605781866,1999-07-26,1999-11-02,FDA -> HealthCanada
relistor,HealthCanada,EMA,27,0.8869908015768725,2008-03-28,2008-04-24,HealthCanada -> EMA
relistor,EMA,FDA,0,0.0,2008-04-24,2008-04-24,EMA -> FDA
relpax,FDA,HealthCanada,588,19.316688567674113,2002-12-26,2004-08-05,FDA -> HealthCanada
remeron,FDA,HealthCanada,1799,59.09986859395532,1996-06-14,2001-05-18,FDA -> HealthCanada
remicade,FDA,HealthCanada,1017,33.40998685939553,1998-08-24,2001-06-06,FDA -> HealthCanada
remicade,HealthCanada,TGA,3988,131.01182654402103,2001-06-06,2012-05-07,HealthCanada -> TGA
remicade,TGA,PMDA,1183,38.86333771353482,2012-05-07,2015-08-03,TGA -> PMDA
remodulin,FDA,HealthCanada,136,4.467805519053877,2002-05-21,2002-10-04,FDA -> HealthCanada
removab,EMA,TGA,985,32.35873850197109,2009-02-19,2011-11-01,EMA -> TGA
renagel,FDA,EMA,326,10.709592641261498,1998-10-30,1999-09-21,FDA -> EMA
renagel,EMA,HealthCanada,710,23.324572930354794,1999-09-21,2001-08-31,EMA -> HealthCanada
renflexis,TGA,FDA,154,5.059132720105125,2016-11-18,2017-04-21,TGA -> FDA
renflexis,FDA,HealthCanada,224,7.35873850197109,2017-04-21,2017-12-01,FDA -> HealthCanada
renvela,FDA,EMA,517,16.98423127463863,2007-10-19,2009-03-19,FDA -> EMA
renvela,EMA,HealthCanada,475,15.604467805519054,2009-03-19,2010-07-07,EMA -> HealthCanada
repaglinide,FDA,HealthCanada,138,4.533508541392904,2013-07-11,2013-11-26,FDA -> HealthCanada
repatha,EMA,HealthCanada,112,3.679369250985545,2015-05-21,2015-09-10,EMA -> HealthCanada
repatha,HealthCanada,PMDA,78,2.562417871222076,2015-09-10,2015-11-27,HealthCanada -> PMDA
repatha,PMDA,TGA,979,32.16162943495401,2015-11-27,2018-08-02,PMDA -> TGA
repatha,TGA,FDA,939,30.847568988173453,2018-08-02,2021-02-26,TGA -> FDA
replagal,HealthCanada,TGA,2282,74.96714848883049,2004-02-06,2010-05-07,HealthCanada -> TGA
restasis,FDA,HealthCanada,2505,82.29303547963205,2003-10-10,2010-08-19,FDA -> HealthCanada
restasis,HealthCanada,TGA,424,13.92904073587385,2010-08-19,2011-10-17,HealthCanada -> TGA
retevmo,FDA,HealthCanada,403,13.23915900131406,2020-05-08,2021-06-15,FDA -> HealthCanada
retevmo,HealthCanada,TGA,742,24.375821287779235,2021-06-15,2023-06-27,HealthCanada -> TGA
retsevmo,EMA,Swissmedic,60,1.9710906701708277,2020-12-10,2021-02-08,EMA -> Swissmedic
revatio,FDA,HealthCanada,357,11.727989487516425,2005-06-03,2006-05-26,FDA -> HealthCanada
revatio,HealthCanada,TGA,1903,62.516425755584756,2006-05-26,2011-08-11,HealthCanada -> TGA
revcovi,FDA,PMDA,139,4.566360052562418,2018-10-05,2019-02-21,FDA -> PMDA
revestive,EMA,HealthCanada,1170,38.43626806833114,2012-06-21,2015-09-04,EMA -> HealthCanada
revestive,HealthCanada,TGA,621,20.40078843626807,2015-09-04,2017-05-17,HealthCanada -> TGA
revlimid,FDA,HealthCanada,751,24.67148488830486,2005-12-27,2008-01-17,FDA -> HealthCanada
revlimid,HealthCanada,TGA,2849,93.5939553219448,2008-01-17,2015-11-05,HealthCanada -> TGA
revlimid,TGA,PMDA,456,14.98028909329829,2015-11-05,2017-02-03,TGA -> PMDA
revolade,EMA,TGA,113,3.712220762155059,2010-03-11,2010-07-02,EMA -> TGA
revolade,TGA,PMDA,55,1.8068331143232588,2010-07-02,2010-08-26,TGA -> PMDA
revolade,PMDA,HealthCanada,139,4.566360052562418,2010-08-26,2011-01-12,PMDA -> HealthCanada
rexulti,FDA,HealthCanada,587,19.2838370565046,2015-07-10,2017-02-16,FDA -> HealthCanada
rexulti,HealthCanada,TGA,90,2.9566360052562417,2017-02-16,2017-05-17,HealthCanada -> TGA
rexulti,TGA,PMDA,2396,78.71222076215506,2017-05-17,2023-12-08,TGA -> PMDA
reyataz,FDA,HealthCanada,168,5.519053876478318,2003-06-20,2003-12-05,FDA -> HealthCanada
rezurock,FDA,HealthCanada,250,8.21287779237845,2021-07-16,2022-03-23,FDA -> HealthCanada
rezzayo,FDA,EMA,204,6.701708278580814,2023-03-22,2023-10-12,FDA -> EMA
rilutek,FDA,EMA,64,2.102496714848883,1995-12-12,1996-02-14,FDA -> EMA
rilutek,EMA,HealthCanada,1659,54.50065703022339,1996-02-14,2000-08-30,EMA -> HealthCanada
rinvoq,FDA,EMA,62,2.0367936925098555,2019-08-16,2019-10-17,FDA -> EMA
rinvoq,EMA,HealthCanada,67,2.2010512483574245,2019-10-17,2019-12-23,EMA -> HealthCanada
rinvoq,HealthCanada,TGA,25,0.8212877792378449,2019-12-23,2020-01-17,HealthCanada -> TGA
rinvoq,TGA,Swissmedic,3,0.09855453350854139,2020-01-17,2020-01-20,TGA -> Swissmedic
rinvoq,Swissmedic,PMDA,557,18.298291721419183,2020-01-20,2021-07-30,Swissmedic -> PMDA
risperdal,FDA,PMDA,7179,235.84099868593955,1996-06-10,2016-02-05,FDA -> PMDA
risperdal consta,FDA,HealthCanada,261,8.5742444152431,2003-10-29,2004-07-16,FDA -> HealthCanada
risperdal consta,HealthCanada,TGA,2071,68.03547963206307,2004-07-16,2010-03-18,HealthCanada -> TGA
risperidone,FDA,HealthCanada,1510,49.60578186596583,2006-08-03,2010-09-21,FDA -> HealthCanada
rituxan,FDA,HealthCanada,842,27.660972404730618,1997-11-26,2000-03-17,FDA -> HealthCanada
rituxan,HealthCanada,PMDA,5250,172.47043363994743,2000-03-17,2014-08-01,HealthCanada -> PMDA
rivaroxaban,FDA,HealthCanada,492,16.16294349540079,2022-06-27,2023-11-01,FDA -> HealthCanada
rivastigmine,FDA,HealthCanada,2905,95.43363994743758,2005-12-21,2013-12-04,FDA -> HealthCanada
riximyo,EMA,TGA,214,7.030223390275952,2017-04-21,2017-11-21,EMA -> TGA
riximyo,TGA,HealthCanada,889,29.204993429697765,2017-11-21,2020-04-28,TGA -> HealthCanada
rixubis,TGA,HealthCanada,243,7.982917214191852,2014-01-30,2014-09-30,TGA -> HealthCanada
rixubis,HealthCanada,EMA,23,0.7555847568988173,2014-09-30,2014-10-23,HealthCanada -> EMA
roclanda,EMA,Swissmedic,1055,34.65834428383705,2020-11-12,2023-10-03,EMA -> Swissmedic
ronapreve,PMDA,TGA,88,2.890932982917214,2021-07-19,2021-10-15,PMDA -> TGA
ronapreve,TGA,EMA,27,0.8869908015768725,2021-10-15,2021-11-11,TGA -> EMA
ronapreve,EMA,Swissmedic,42,1.3797634691195795,2021-11-11,2021-12-23,EMA -> Swissmedic
rosiglitazone,FDA,HealthCanada,2227,73.16031537450722,2007-01-31,2013-03-07,FDA -> HealthCanada
rozerem,FDA,PMDA,1652,54.270696452036795,2005-07-22,2010-01-29,FDA -> PMDA
rozlytrek,PMDA,FDA,77,2.5295663600525624,2019-05-30,2019-08-15,PMDA -> FDA
rozlytrek,FDA,HealthCanada,179,5.88042049934297,2019-08-15,2020-02-10,FDA -> HealthCanada
rozlytrek,HealthCanada,TGA,94,3.088042049934297,2020-02-10,2020-05-14,HealthCanada -> TGA
rozlytrek,TGA,EMA,14,0.45992115637319314,2020-05-14,2020-05-28,TGA -> EMA
rozlytrek,EMA,Swissmedic,161,5.289093298291721,2020-05-28,2020-11-05,EMA -> Swissmedic
rubraca,FDA,EMA,458,15.045992115637318,2016-12-19,2018-03-22,FDA -> EMA
rubraca,EMA,Swissmedic,980,32.19448094612352,2018-03-22,2020-11-26,EMA -> Swissmedic
ruby-fill,HealthCanada,FDA,1837,60.34822601839684,2011-09-20,2016-09-30,HealthCanada -> FDA
rukobia,FDA,EMA,161,5.289093298291721,2020-07-02,2020-12-10,FDA -> EMA
rukobia,EMA,TGA,211,6.931668856767411,2020-12-10,2021-07-09,EMA -> TGA
rukobia,TGA,Swissmedic,81,2.6609724047306176,2021-07-09,2021-09-28,TGA -> Swissmedic
rukobia,Swissmedic,HealthCanada,3,0.09855453350854139,2021-09-28,2021-10-01,Swissmedic -> HealthCanada
ruxience,FDA,EMA,191,6.274638633377135,2019-07-23,2020-01-30,FDA -> EMA
ruxience,EMA,HealthCanada,95,3.1208935611038107,2020-01-30,2020-05-04,EMA -> HealthCanada
ruxience,HealthCanada,TGA,298,9.789750328515112,2020-05-04,2021-02-26,HealthCanada -> TGA
ruzurgi,HealthCanada,TGA,396,13.009198423127463,2020-08-10,2021-09-10,HealthCanada -> TGA
ruzurgi,TGA,FDA,144,4.730617608409987,2021-09-10,2022-02-01,TGA -> FDA
ryaltris,FDA,TGA,15,0.49277266754270693,2022-01-13,2022-01-28,FDA -> TGA
ryaltris,TGA,HealthCanada,236,7.752956636005256,2022-01-28,2022-09-21,TGA -> HealthCanada
rybelsus,FDA,EMA,132,4.336399474375821,2019-09-20,2020-01-30,FDA -> EMA
rybelsus,EMA,Swissmedic,54,1.773981603153745,2020-01-30,2020-03-24,EMA -> Swissmedic
rybelsus,Swissmedic,HealthCanada,6,0.19710906701708278,2020-03-24,2020-03-30,Swissmedic -> HealthCanada
rybelsus,HealthCanada,TGA,676,22.207621550591327,2020-03-30,2022-02-04,HealthCanada -> TGA
rybrevant,FDA,EMA,146,4.7963206307490145,2021-05-21,2021-10-14,FDA -> EMA
rybrevant,EMA,Swissmedic,98,3.219448094612352,2021-10-14,2022-01-20,EMA -> Swissmedic
rybrevant,Swissmedic,HealthCanada,69,2.266754270696452,2022-01-20,2022-03-30,Swissmedic -> HealthCanada
rybrevant,HealthCanada,TGA,243,7.982917214191852,2022-03-30,2022-11-28,HealthCanada -> TGA
rydapt,FDA,EMA,83,2.726675427069645,2017-04-28,2017-07-20,FDA -> EMA
rydapt,EMA,HealthCanada,1,0.0328515111695138,2017-07-20,2017-07-21,EMA -> HealthCanada
rydapt,HealthCanada,TGA,290,9.526938239159001,2017-07-21,2018-05-07,HealthCanada -> TGA
ryeqo,EMA,Swissmedic,623,20.466491458607095,2021-05-20,2023-02-02,EMA -> Swissmedic
rylaze,FDA,HealthCanada,429,14.09329829172142,2021-06-30,2022-09-02,FDA -> HealthCanada
rystiggo,FDA,EMA,136,4.467805519053877,2023-06-26,2023-11-09,FDA -> EMA
rytelo,FDA,EMA,189,6.2089356110381075,2024-06-06,2024-12-12,FDA -> EMA
ryzneuta,FDA,EMA,70,2.299605781865966,2023-11-16,2024-01-25,FDA -> EMA
ryzodeg,EMA,PMDA,43,1.4126149802890933,2012-10-18,2012-11-30,EMA -> PMDA
sabril,HealthCanada,FDA,4384,144.0210249671485,1997-08-20,2009-08-21,HealthCanada -> FDA
saizen,FDA,HealthCanada,582,19.11957950065703,1996-10-08,1998-05-13,FDA -> HealthCanada
samsca,FDA,EMA,9,0.2956636005256242,2009-05-19,2009-05-28,FDA -> EMA
samsca,EMA,HealthCanada,788,25.88699080157687,2009-05-28,2011-07-25,EMA -> HealthCanada
samsca,HealthCanada,TGA,234,7.687253613666228,2011-07-25,2012-03-15,HealthCanada -> TGA
samsca,TGA,PMDA,711,23.35742444152431,2012-03-15,2014-02-24,TGA -> PMDA
sancuso,FDA,TGA,901,29.59921156373193,2008-09-12,2011-03-02,FDA -> TGA
sancuso,TGA,EMA,351,11.530880420499342,2011-03-02,2012-02-16,TGA -> EMA
sandostatin lar,FDA,HealthCanada,28,0.9198423127463863,1998-11-25,1998-12-23,FDA -> HealthCanada
sandostatin lar,HealthCanada,TGA,4740,155.7161629434954,1998-12-23,2011-12-15,HealthCanada -> TGA
saphnelo,FDA,HealthCanada,123,4.040735873850197,2021-07-30,2021-11-30,FDA -> HealthCanada
saphnelo,HealthCanada,EMA,16,0.5256241787122208,2021-11-30,2021-12-16,HealthCanada -> EMA
saphnelo,EMA,TGA,98,3.219448094612352,2021-12-16,2022-03-24,EMA -> TGA
saphnelo,TGA,Swissmedic,160,5.256241787122208,2022-03-24,2022-08-31,TGA -> Swissmedic
saphris,FDA,TGA,571,18.758212877792378,2009-08-13,2011-03-07,FDA -> TGA
saphris,TGA,HealthCanada,214,7.030223390275952,2011-03-07,2011-10-07,TGA -> HealthCanada
sarclisa,FDA,Swissmedic,16,0.5256241787122208,2020-03-02,2020-03-18,FDA -> Swissmedic
sarclisa,Swissmedic,EMA,8,0.2628120893561104,2020-03-18,2020-03-26,Swissmedic -> EMA
sarclisa,EMA,HealthCanada,34,1.1169513797634691,2020-03-26,2020-04-29,EMA -> HealthCanada
sarclisa,HealthCanada,TGA,0,0.0,2020-04-29,2020-04-29,HealthCanada -> TGA
sarclisa,TGA,PMDA,29,0.9526938239159001,2020-04-29,2020-05-28,TGA -> PMDA
sativex,HealthCanada,TGA,2782,91.39290407358737,2005-04-15,2012-11-26,HealthCanada -> TGA
saxenda,FDA,EMA,50,1.6425755584756898,2014-12-23,2015-02-11,FDA -> EMA
saxenda,EMA,HealthCanada,13,0.42706964520367935,2015-02-11,2015-02-24,EMA -> HealthCanada
saxenda,HealthCanada,TGA,302,9.921156373193167,2015-02-24,2015-12-23,HealthCanada -> TGA
scemblix,FDA,Swissmedic,223,7.3258869908015765,2021-10-29,2022-06-09,FDA -> Swissmedic
scemblix,Swissmedic,HealthCanada,13,0.42706964520367935,2022-06-09,2022-06-22,Swissmedic -> HealthCanada
scemblix,HealthCanada,EMA,1,0.0328515111695138,2022-06-22,2022-06-23,HealthCanada -> EMA
scemblix,EMA,TGA,21,0.6898817345597897,2022-06-23,2022-07-14,EMA -> TGA
scenesse,EMA,FDA,1811,59.49408672798948,2014-10-23,2019-10-08,EMA -> FDA
scenesse,FDA,TGA,380,12.483574244415243,2019-10-08,2020-10-22,FDA -> TGA
seasonale,FDA,HealthCanada,1398,45.926412614980286,2003-09-05,2007-07-04,FDA -> HealthCanada
seasonique,FDA,HealthCanada,1405,46.156373193166885,2006-05-25,2010-03-30,FDA -> HealthCanada
seasonique,HealthCanada,TGA,2246,73.78449408672799,2010-03-30,2016-05-23,HealthCanada -> TGA
secreflo,FDA,EMA,3759,123.48883048620236,2002-04-04,2012-07-19,FDA -> EMA
seebri,PMDA,FDA,1148,37.71353482260184,2012-09-06,2015-10-29,PMDA -> FDA
seebri breezhaler,EMA,HealthCanada,117,3.843626806833114,2012-06-21,2012-10-16,EMA -> HealthCanada
segluromet,FDA,EMA,37,1.2155059132720105,2017-12-19,2018-01-25,FDA -> EMA
selincro,EMA,TGA,903,29.664914586070957,2012-12-13,2015-06-04,EMA -> TGA
semglee,EMA,FDA,868,28.515111695137975,2018-01-25,2020-06-11,EMA -> FDA
semglee,FDA,HealthCanada,666,21.879106438896187,2020-06-11,2022-04-08,FDA -> HealthCanada
seroquel,FDA,HealthCanada,67,2.2010512483574245,1997-09-26,1997-12-02,FDA -> HealthCanada
seroquel xr,FDA,HealthCanada,133,4.369250985545335,2007-05-17,2007-09-27,FDA -> HealthCanada
sevoflurane,FDA,HealthCanada,987,32.42444152431012,2002-07-02,2005-03-15,FDA -> HealthCanada
shingrix,HealthCanada,EMA,104,3.416557161629435,2017-10-13,2018-01-25,HealthCanada -> EMA
shingrix,EMA,PMDA,36,1.1826544021024967,2018-01-25,2018-03-02,EMA -> PMDA
shingrix,PMDA,TGA,117,3.843626806833114,2018-03-02,2018-06-27,PMDA -> TGA
shingrix,TGA,Swissmedic,1198,39.35611038107753,2018-06-27,2021-10-07,TGA -> Swissmedic
signifor,EMA,FDA,330,10.840998685939553,2012-01-19,2012-12-14,EMA -> FDA
signifor,FDA,HealthCanada,283,9.296977660972404,2012-12-14,2013-09-23,FDA -> HealthCanada
signifor,HealthCanada,TGA,35,1.149802890932983,2013-09-23,2013-10-28,HealthCanada -> TGA
signifor,TGA,PMDA,1585,52.069645203679364,2013-10-28,2018-03-01,TGA -> PMDA
silenor,FDA,HealthCanada,1002,32.91721419185282,2010-03-17,2012-12-13,FDA -> HealthCanada
siliq,FDA,HealthCanada,384,12.614980289093298,2017-02-15,2018-03-06,FDA -> HealthCanada
simbrinza,FDA,EMA,398,13.074901445466491,2013-04-19,2014-05-22,FDA -> EMA
simbrinza,EMA,HealthCanada,203,6.668856767411301,2014-05-22,2014-12-11,EMA -> HealthCanada
simlandi,HealthCanada,FDA,779,25.591327201051246,2022-01-05,2024-02-23,HealthCanada -> FDA
simponi,HealthCanada,FDA,17,0.5584756898817346,2009-04-07,2009-04-24,HealthCanada -> FDA
simponi,FDA,EMA,62,2.0367936925098555,2009-04-24,2009-06-25,FDA -> EMA
simponi,EMA,TGA,172,5.650459921156373,2009-06-25,2009-12-14,EMA -> TGA
simulect,FDA,HealthCanada,843,27.69382391590013,1998-05-12,2000-09-01,FDA -> HealthCanada
simvastatin,FDA,HealthCanada,230,7.555847568988173,2005-12-30,2006-08-17,FDA -> HealthCanada
singulair,FDA,HealthCanada,117,3.843626806833114,1998-02-20,1998-06-17,FDA -> HealthCanada
sirturo,FDA,EMA,356,11.695137976346912,2012-12-28,2013-12-19,FDA -> EMA
sitagliptin,HealthCanada,FDA,362,11.892247043363994,2023-01-05,2024-01-02,HealthCanada -> FDA
sivextro,FDA,EMA,216,7.09592641261498,2014-06-20,2015-01-22,FDA -> EMA
skyclarys,FDA,EMA,289,9.494086727989487,2023-02-28,2023-12-14,FDA -> EMA
skyclarys,EMA,Swissmedic,285,9.362680683311432,2023-12-14,2024-09-24,EMA -> Swissmedic
skyrizi,PMDA,EMA,6,0.19710906701708278,2019-02-22,2019-02-28,PMDA -> EMA
skyrizi,EMA,FDA,54,1.773981603153745,2019-02-28,2019-04-23,EMA -> FDA
skyrizi,FDA,TGA,83,2.726675427069645,2019-04-23,2019-07-15,FDA -> TGA
skyrizi,TGA,HealthCanada,766,25.164257555847566,2019-07-15,2021-08-19,TGA -> HealthCanada
slenyto,EMA,TGA,664,21.81340341655716,2018-07-26,2020-05-20,EMA -> TGA
slynd,FDA,HealthCanada,922,30.28909329829172,2019-05-23,2021-11-30,FDA -> HealthCanada
smoflipid 20%,HealthCanada,FDA,1331,43.72536136662286,2012-11-20,2016-07-13,HealthCanada -> FDA
sogroya,FDA,EMA,153,5.026281208935611,2020-08-28,2021-01-28,FDA -> EMA
sogroya,EMA,TGA,382,12.54927726675427,2021-01-28,2022-02-14,EMA -> TGA
sogroya,TGA,HealthCanada,527,17.31274638633377,2022-02-14,2023-07-26,TGA -> HealthCanada
sohonos,HealthCanada,EMA,370,12.155059132720105,2022-01-21,2023-01-26,HealthCanada -> EMA
sohonos,EMA,FDA,202,6.636005256241787,2023-01-26,2023-08-16,EMA -> FDA
sohonos,FDA,TGA,103,3.383705650459921,2023-08-16,2023-11-27,FDA -> TGA
soliris,FDA,HealthCanada,684,22.470433639947437,2007-03-16,2009-01-28,FDA -> HealthCanada
soliris,HealthCanada,PMDA,394,12.943495400788436,2009-01-28,2010-02-26,HealthCanada -> PMDA
soliris,PMDA,TGA,3773,123.94875164257556,2010-02-26,2020-06-26,PMDA -> TGA
somavert,FDA,HealthCanada,937,30.781865965834427,2003-03-25,2005-10-17,FDA -> HealthCanada
sotyktu,FDA,HealthCanada,76,2.4967148488830486,2022-09-09,2022-11-24,FDA -> HealthCanada
sotyktu,HealthCanada,TGA,5,0.164257555847569,2022-11-24,2022-11-29,HealthCanada -> TGA
sotyktu,TGA,EMA,58,1.9053876478318001,2022-11-29,2023-01-26,TGA -> EMA
sovaldi,EMA,FDA,15,0.49277266754270693,2013-11-21,2013-12-06,EMA -> FDA
sovaldi,FDA,HealthCanada,7,0.22996057818659657,2013-12-06,2013-12-13,FDA -> HealthCanada
sovaldi,HealthCanada,TGA,199,6.5374507227332455,2013-12-13,2014-06-30,HealthCanada -> TGA
sovaldi,TGA,PMDA,248,8.147174770039422,2014-06-30,2015-03-05,TGA -> PMDA
spedra,EMA,TGA,929,30.519053876478317,2013-04-25,2015-11-10,EMA -> TGA
spevigo,FDA,EMA,42,1.3797634691195795,2022-09-01,2022-10-13,FDA -> EMA
spevigo,EMA,HealthCanada,160,5.256241787122208,2022-10-13,2023-03-22,EMA -> HealthCanada
spevigo,HealthCanada,Swissmedic,140,4.599211563731932,2023-03-22,2023-08-09,HealthCanada -> Swissmedic
spevigo,Swissmedic,TGA,27,0.8869908015768725,2023-08-09,2023-09-05,Swissmedic -> TGA
spikevax,Swissmedic,TGA,209,6.865965834428383,2021-01-12,2021-08-09,Swissmedic -> TGA
spikevax,TGA,PMDA,393,12.910643889618921,2021-08-09,2022-09-06,TGA -> PMDA
spikevax,PMDA,HealthCanada,371,12.187910643889618,2022-09-06,2023-09-12,PMDA -> HealthCanada
spinraza,FDA,EMA,119,3.9093298291721417,2016-12-23,2017-04-21,FDA -> EMA
spinraza,EMA,PMDA,49,1.609724047306176,2017-04-21,2017-06-09,EMA -> PMDA
spinraza,PMDA,HealthCanada,20,0.657030223390276,2017-06-09,2017-06-29,PMDA -> HealthCanada
spinraza,HealthCanada,TGA,126,4.139290407358739,2017-06-29,2017-11-02,HealthCanada -> TGA
spiriva,HealthCanada,FDA,436,14.323258869908015,2002-11-20,2004-01-30,HealthCanada -> FDA
spiriva respimat,FDA,HealthCanada,84,2.759526938239159,2014-09-24,2014-12-17,FDA -> HealthCanada
spravato,FDA,EMA,261,8.5742444152431,2019-03-05,2019-11-21,FDA -> EMA
spravato,EMA,Swissmedic,96,3.1537450722733245,2019-11-21,2020-02-25,EMA -> Swissmedic
spravato,Swissmedic,HealthCanada,85,2.7923784494086727,2020-02-25,2020-05-20,Swissmedic -> HealthCanada
spravato,HealthCanada,TGA,289,9.494086727989487,2020-05-20,2021-03-05,HealthCanada -> TGA
sprycel,FDA,HealthCanada,271,8.902759526938238,2006-06-28,2007-03-26,FDA -> HealthCanada
sprycel,HealthCanada,TGA,1494,49.08015768725361,2007-03-26,2011-04-28,HealthCanada -> TGA
spy agent green,HealthCanada,TGA,1902,62.48357424441524,2018-12-05,2024-02-19,HealthCanada -> TGA
staquis,TGA,EMA,349,11.465177398160314,2019-02-15,2020-01-30,TGA -> EMA
steglatro,FDA,EMA,37,1.2155059132720105,2017-12-19,2018-01-25,FDA -> EMA
steglujan,FDA,EMA,37,1.2155059132720105,2017-12-19,2018-01-25,FDA -> EMA
stelara,EMA,HealthCanada,22,0.7227332457293035,2008-11-20,2008-12-12,EMA -> HealthCanada
stelara,HealthCanada,FDA,287,9.42838370565046,2008-12-12,2009-09-25,HealthCanada -> FDA
stelara,FDA,PMDA,430,14.126149802890932,2009-09-25,2010-11-29,FDA -> PMDA
stelara,PMDA,TGA,1533,50.36136662286465,2010-11-29,2015-02-09,PMDA -> TGA
steqeyma,EMA,HealthCanada,33,1.0840998685939554,2024-06-27,2024-07-30,EMA -> HealthCanada
steqeyma,HealthCanada,FDA,140,4.599211563731932,2024-07-30,2024-12-17,HealthCanada -> FDA
stimufend,EMA,FDA,217,7.128777923784494,2022-01-27,2022-09-01,EMA -> FDA
stivarga,FDA,HealthCanada,165,5.4204993429697765,2012-09-27,2013-03-11,FDA -> HealthCanada
stivarga,HealthCanada,PMDA,2,0.0657030223390276,2013-03-11,2013-03-13,HealthCanada -> PMDA
stivarga,PMDA,EMA,106,3.4822601839684624,2013-03-13,2013-06-27,PMDA -> EMA
stivarga,EMA,TGA,152,4.993429697766097,2013-06-27,2013-11-26,EMA -> TGA
strensiq,PMDA,EMA,20,0.657030223390276,2015-06-05,2015-06-25,PMDA -> EMA
strensiq,EMA,HealthCanada,50,1.6425755584756898,2015-06-25,2015-08-14,EMA -> HealthCanada
strensiq,HealthCanada,FDA,70,2.299605781865966,2015-08-14,2015-10-23,HealthCanada -> FDA
strensiq,FDA,TGA,81,2.6609724047306176,2015-10-23,2016-01-12,FDA -> TGA
stribild,FDA,HealthCanada,91,2.9894875164257555,2012-08-27,2012-11-26,FDA -> HealthCanada
stribild,HealthCanada,TGA,73,2.3981603153745072,2012-11-26,2013-02-07,HealthCanada -> TGA
stribild,TGA,PMDA,34,1.1169513797634691,2013-02-07,2013-03-13,TGA -> PMDA
stribild,PMDA,EMA,8,0.2628120893561104,2013-03-13,2013-03-21,PMDA -> EMA
striverdi respimat,TGA,FDA,261,8.5742444152431,2013-11-12,2014-07-31,TGA -> FDA
stromectol,FDA,TGA,6079,199.70433639947436,1996-11-22,2013-07-15,FDA -> TGA
stromectol,TGA,HealthCanada,1878,61.695137976346906,2013-07-15,2018-09-05,TGA -> HealthCanada
sublocade,FDA,HealthCanada,356,11.695137976346912,2017-11-30,2018-11-21,FDA -> HealthCanada
suboxone,FDA,HealthCanada,1683,55.28909329829172,2002-10-08,2007-05-18,FDA -> HealthCanada
sumatriptan,HealthCanada,FDA,3427,112.58212877792378,2006-10-02,2016-02-19,HealthCanada -> FDA
sunlenca,EMA,HealthCanada,132,4.336399474375821,2022-06-23,2022-11-02,EMA -> HealthCanada
sunlenca,HealthCanada,FDA,50,1.6425755584756898,2022-11-02,2022-12-22,HealthCanada -> FDA
sunlenca,FDA,Swissmedic,197,6.471747700394218,2022-12-22,2023-07-07,FDA -> Swissmedic
sunosi,FDA,EMA,239,7.851511169513797,2019-03-20,2019-11-14,FDA -> EMA
sunosi,EMA,HealthCanada,546,17.936925098554532,2019-11-14,2021-05-13,EMA -> HealthCanada
sunosi,HealthCanada,Swissmedic,313,10.282522996057818,2021-05-13,2022-03-22,HealthCanada -> Swissmedic
sunvepra,PMDA,TGA,329,10.808147174770038,2014-06-26,2015-05-21,PMDA -> TGA
supemtek,EMA,Swissmedic,406,13.337713534822601,2020-09-17,2021-10-28,EMA -> Swissmedic
surfaxin,EMA,FDA,2050,67.34559789750328,2006-07-26,2012-03-06,EMA -> FDA
sutent,FDA,HealthCanada,120,3.9421813403416555,2006-01-26,2006-05-26,FDA -> HealthCanada
sutent,HealthCanada,TGA,1735,56.99737187910644,2006-05-26,2011-02-24,HealthCanada -> TGA
sylvant,EMA,FDA,34,1.1169513797634691,2014-03-20,2014-04-23,EMA -> FDA
sylvant,FDA,HealthCanada,224,7.35873850197109,2014-04-23,2014-12-03,FDA -> HealthCanada
symdeko,HealthCanada,TGA,247,8.114323258869907,2018-06-27,2019-03-01,HealthCanada -> TGA
symproic,PMDA,FDA,42,1.3797634691195795,2017-02-09,2017-03-23,PMDA -> FDA
symtuza,EMA,HealthCanada,231,7.588699080157687,2017-07-20,2018-03-08,EMA -> HealthCanada
symtuza,HealthCanada,FDA,131,4.303547963206308,2018-03-08,2018-07-17,HealthCanada -> FDA
synagis,FDA,HealthCanada,6103,200.4927726675427,1998-06-19,2015-03-05,FDA -> HealthCanada
synflorix,HealthCanada,EMA,42,1.3797634691195795,2008-12-11,2009-01-22,HealthCanada -> EMA
synflorix,EMA,TGA,1146,37.64783180026281,2009-01-22,2012-03-13,EMA -> TGA
synflorix,TGA,PMDA,1087,35.709592641261494,2012-03-13,2015-03-05,TGA -> PMDA
synjardy,EMA,FDA,153,5.026281208935611,2015-03-26,2015-08-26,EMA -> FDA
synjardy,FDA,HealthCanada,338,11.103810775295663,2015-08-26,2016-07-29,FDA -> HealthCanada
synthroid,HealthCanada,FDA,2031,66.72141918528251,1996-12-31,2002-07-24,HealthCanada -> FDA
tabrecta,FDA,PMDA,22,0.7227332457293035,2020-05-06,2020-05-28,FDA -> PMDA
tabrecta,PMDA,Swissmedic,333,10.939553219448094,2020-05-28,2021-04-26,PMDA -> Swissmedic
tabrecta,Swissmedic,EMA,361,11.85939553219448,2021-04-26,2022-04-22,Swissmedic -> EMA
tabrecta,EMA,HealthCanada,34,1.1169513797634691,2022-04-22,2022-05-26,EMA -> HealthCanada
tadalafil,HealthCanada,FDA,669,21.97766097240473,2016-07-22,2018-05-22,HealthCanada -> FDA
tafinlar,FDA,EMA,29,0.9526938239159001,2013-05-29,2013-06-27,FDA -> EMA
tafinlar,EMA,HealthCanada,19,0.6241787122207622,2013-06-27,2013-07-16,EMA -> HealthCanada
tafinlar,HealthCanada,TGA,36,1.1826544021024967,2013-07-16,2013-08-21,HealthCanada -> TGA
tafinlar,TGA,PMDA,894,29.369250985545335,2013-08-21,2016-02-01,TGA -> PMDA
tagrisso,FDA,EMA,34,1.1169513797634691,2015-11-13,2015-12-17,FDA -> EMA
tagrisso,EMA,PMDA,71,2.3324572930354797,2015-12-17,2016-02-26,EMA -> PMDA
tagrisso,PMDA,HealthCanada,130,4.270696452036794,2016-02-26,2016-07-05,PMDA -> HealthCanada
tagrisso,HealthCanada,TGA,728,23.915900131406044,2016-07-05,2018-07-03,HealthCanada -> TGA
takhzyro,FDA,HealthCanada,27,0.8869908015768725,2018-08-23,2018-09-19,FDA -> HealthCanada
takhzyro,HealthCanada,EMA,29,0.9526938239159001,2018-09-19,2018-10-18,HealthCanada -> EMA
takhzyro,EMA,TGA,98,3.219448094612352,2018-10-18,2019-01-24,EMA -> TGA
taltz,EMA,FDA,26,0.8541392904073587,2016-02-25,2016-03-22,EMA -> FDA
taltz,FDA,HealthCanada,64,2.102496714848883,2016-03-22,2016-05-25,FDA -> HealthCanada
taltz,HealthCanada,PMDA,5,0.164257555847569,2016-05-25,2016-05-30,HealthCanada -> PMDA
taltz,PMDA,TGA,94,3.088042049934297,2016-05-30,2016-09-01,PMDA -> TGA
talvey,EMA,FDA,20,0.657030223390276,2023-07-20,2023-08-09,EMA -> FDA
talvey,FDA,Swissmedic,82,2.6938239159001314,2023-08-09,2023-10-30,FDA -> Swissmedic
talvey,Swissmedic,HealthCanada,183,6.011826544021025,2023-10-30,2024-04-30,Swissmedic -> HealthCanada
talzenna,FDA,EMA,192,6.307490144546649,2018-10-16,2019-04-26,FDA -> EMA
talzenna,EMA,HealthCanada,133,4.369250985545335,2019-04-26,2019-09-06,EMA -> HealthCanada
talzenna,HealthCanada,TGA,70,2.299605781865966,2019-09-06,2019-11-15,HealthCanada -> TGA
talzenna,TGA,PMDA,1473,48.39027595269382,2019-11-15,2023-11-27,TGA -> PMDA
tamiflu,FDA,HealthCanada,57,1.8725361366622864,1999-10-27,1999-12-23,FDA -> HealthCanada
tamiflu,HealthCanada,TGA,4110,135.0197109067017,1999-12-23,2011-03-25,HealthCanada -> TGA
tapazole,FDA,HealthCanada,2621,86.10381077529566,2000-03-31,2007-06-04,FDA -> HealthCanada
tarceva,FDA,TGA,1975,64.88173455978975,2004-11-18,2010-04-16,FDA -> TGA
targin,HealthCanada,TGA,79,2.59526938239159,2009-12-16,2010-03-05,HealthCanada -> TGA
tasigna,FDA,HealthCanada,316,10.38107752956636,2007-10-29,2008-09-09,FDA -> HealthCanada
tasigna,HealthCanada,TGA,1081,35.51248357424441,2008-09-09,2011-08-26,HealthCanada -> TGA
tasmar,EMA,FDA,155,5.091984231274639,1997-08-27,1998-01-29,EMA -> FDA
tauvid,FDA,EMA,1491,48.98160315374507,2020-05-28,2024-06-27,FDA -> EMA
tavalisse,FDA,HealthCanada,947,31.110381077529563,2018-04-17,2020-11-19,FDA -> HealthCanada
tavneos,PMDA,FDA,31,1.0183968462549278,2021-09-06,2021-10-07,PMDA -> FDA
tavneos,FDA,EMA,35,1.149802890932983,2021-10-07,2021-11-11,FDA -> EMA
tavneos,EMA,HealthCanada,154,5.059132720105125,2021-11-11,2022-04-14,EMA -> HealthCanada
tavneos,HealthCanada,Swissmedic,158,5.19053876478318,2022-04-14,2022-09-19,HealthCanada -> Swissmedic
tavneos,Swissmedic,TGA,120,3.9421813403416555,2022-09-19,2023-01-17,Swissmedic -> TGA
tazverik,FDA,PMDA,491,16.130091984231274,2020-01-23,2021-05-28,FDA -> PMDA
tecartus,EMA,HealthCanada,236,7.752956636005256,2020-10-15,2021-06-08,EMA -> HealthCanada
tecartus,HealthCanada,Swissmedic,78,2.562417871222076,2021-06-08,2021-08-25,HealthCanada -> Swissmedic
tecentriq,FDA,HealthCanada,329,10.808147174770038,2016-05-18,2017-04-12,FDA -> HealthCanada
tecentriq,HealthCanada,EMA,99,3.252299605781866,2017-04-12,2017-07-20,HealthCanada -> EMA
tecentriq,EMA,TGA,6,0.19710906701708278,2017-07-20,2017-07-26,EMA -> TGA
tecentriq,TGA,PMDA,103,3.383705650459921,2017-07-26,2017-11-06,TGA -> PMDA
tecfidera,EMA,FDA,6,0.19710906701708278,2013-03-21,2013-03-27,EMA -> FDA
tecfidera,FDA,HealthCanada,7,0.22996057818659657,2013-03-27,2013-04-03,FDA -> HealthCanada
tecfidera,HealthCanada,TGA,91,2.9894875164257555,2013-04-03,2013-07-03,HealthCanada -> TGA
technivie,FDA,TGA,482,15.83442838370565,2015-07-24,2016-11-17,FDA -> TGA
tecvayli,EMA,FDA,96,3.1537450722733245,2022-07-21,2022-10-25,EMA -> FDA
tecvayli,FDA,Swissmedic,58,1.9053876478318001,2022-10-25,2022-12-22,FDA -> Swissmedic
tecvayli,Swissmedic,TGA,162,5.321944809461235,2022-12-22,2023-06-02,Swissmedic -> TGA
tecvayli,TGA,HealthCanada,54,1.773981603153745,2023-06-02,2023-07-26,TGA -> HealthCanada
tegsedi,EMA,FDA,127,4.1721419185282524,2018-05-31,2018-10-05,EMA -> FDA
telmisartan,HealthCanada,FDA,539,17.706964520367936,2012-07-18,2014-01-08,HealthCanada -> FDA
tepadina,EMA,HealthCanada,2659,87.35216819973718,2009-12-17,2017-03-29,EMA -> HealthCanada
tepkinly,EMA,Swissmedic,210,6.898817345597897,2023-07-20,2024-02-15,EMA -> Swissmedic
tepmetko,PMDA,FDA,343,11.268068331143231,2020-02-26,2021-02-03,PMDA -> FDA
tepmetko,FDA,HealthCanada,113,3.712220762155059,2021-02-03,2021-05-27,FDA -> HealthCanada
tepmetko,HealthCanada,Swissmedic,26,0.8541392904073587,2021-05-27,2021-06-22,HealthCanada -> Swissmedic
tepmetko,Swissmedic,EMA,177,5.814717477003942,2021-06-22,2021-12-16,Swissmedic -> EMA
tepmetko,EMA,TGA,26,0.8541392904073587,2021-12-16,2022-01-11,EMA -> TGA
terrosa,EMA,TGA,1475,48.45597897503285,2016-11-10,2020-11-24,EMA -> TGA
tevagrastim,EMA,TGA,1118,36.727989487516425,2008-07-24,2011-08-16,EMA -> TGA
tevimbra,EMA,FDA,237,7.7858081471747695,2023-07-20,2024-03-13,EMA -> FDA
tevimbra,FDA,Swissmedic,29,0.9526938239159001,2024-03-13,2024-04-11,FDA -> Swissmedic
tevimbra,Swissmedic,TGA,43,1.4126149802890933,2024-04-11,2024-05-24,Swissmedic -> TGA
tezspire,FDA,Swissmedic,178,5.847568988173456,2021-12-17,2022-06-13,FDA -> Swissmedic
tezspire,Swissmedic,EMA,38,1.2483574244415243,2022-06-13,2022-07-21,Swissmedic -> EMA
tezspire,EMA,HealthCanada,7,0.22996057818659657,2022-07-21,2022-07-28,EMA -> HealthCanada
thalomid,FDA,HealthCanada,4402,144.61235216819972,1998-07-16,2010-08-04,FDA -> HealthCanada
thyrogen,FDA,HealthCanada,1278,41.98423127463863,1998-11-30,2002-05-31,FDA -> HealthCanada
tiazac,FDA,HealthCanada,582,19.11957950065703,1995-09-11,1997-04-15,FDA -> HealthCanada
tibsovo,FDA,EMA,1679,55.157687253613666,2018-07-20,2023-02-23,FDA -> EMA
tibsovo,EMA,TGA,40,1.314060446780552,2023-02-23,2023-04-04,EMA -> TGA
tibsovo,TGA,Swissmedic,436,14.323258869908015,2023-04-04,2024-06-13,TGA -> Swissmedic
tibsovo,Swissmedic,HealthCanada,36,1.1826544021024967,2024-06-13,2024-07-19,Swissmedic -> HealthCanada
tigecycline,HealthCanada,FDA,254,8.344283837056505,2014-09-15,2015-05-27,HealthCanada -> FDA
tissueblue,FDA,HealthCanada,392,12.877792378449408,2019-12-20,2021-01-15,FDA -> HealthCanada
tivdak,FDA,EMA,1228,40.34165571616294,2021-09-20,2025-01-30,FDA -> EMA
tivicay,FDA,HealthCanada,80,2.628120893561104,2013-08-12,2013-10-31,FDA -> HealthCanada
tivicay,HealthCanada,EMA,21,0.6898817345597897,2013-10-31,2013-11-21,HealthCanada -> EMA
tivicay,EMA,TGA,57,1.8725361366622864,2013-11-21,2014-01-17,EMA -> TGA
tivicay,TGA,PMDA,42,1.3797634691195795,2014-01-17,2014-02-28,TGA -> PMDA
tnkase,FDA,HealthCanada,502,16.491458607095925,2000-06-02,2001-10-17,FDA -> HealthCanada
tobi,FDA,HealthCanada,421,13.830486202365309,1997-12-22,1999-02-16,FDA -> HealthCanada
tobi podhaler,HealthCanada,TGA,332,10.90670170827858,2011-04-01,2012-02-27,HealthCanada -> TGA
tobi podhaler,TGA,FDA,389,12.779237844940866,2012-02-27,2013-03-22,TGA -> FDA
tofidence,FDA,EMA,209,6.865965834428383,2023-09-29,2024-04-25,FDA -> EMA
tolak,FDA,HealthCanada,1232,40.473061760841,2015-09-18,2019-02-01,FDA -> HealthCanada
topamax,FDA,HealthCanada,877,28.8107752956636,1996-12-24,1999-05-20,FDA -> HealthCanada
topicort,FDA,HealthCanada,153,5.026281208935611,1996-06-07,1996-11-07,FDA -> HealthCanada
topiramate,FDA,HealthCanada,2585,84.92115637319316,2003-09-08,2010-10-06,FDA -> HealthCanada
torisel,FDA,HealthCanada,205,6.734559789750328,2007-05-30,2007-12-21,FDA -> HealthCanada
toviaz,FDA,HealthCanada,1196,39.2904073587385,2008-10-31,2012-02-09,FDA -> HealthCanada
tracleer,FDA,HealthCanada,10,0.328515111695138,2001-11-20,2001-11-30,FDA -> HealthCanada
tracleer,HealthCanada,TGA,3673,120.66360052562418,2001-11-30,2011-12-21,HealthCanada -> TGA
tracleer,TGA,PMDA,1346,44.21813403416557,2011-12-21,2015-08-28,TGA -> PMDA
trajenta,EMA,HealthCanada,35,1.149802890932983,2011-06-23,2011-07-28,EMA -> HealthCanada
trajenta,HealthCanada,TGA,85,2.7923784494086727,2011-07-28,2011-10-21,HealthCanada -> TGA
trandolapril,FDA,HealthCanada,4544,149.2772667542707,2006-12-12,2019-05-22,FDA -> HealthCanada
tranexamic acid,FDA,HealthCanada,3661,120.26938239159001,2011-08-10,2021-08-18,FDA -> HealthCanada
travatan z,FDA,HealthCanada,749,24.605781865965834,2006-09-21,2008-10-09,FDA -> HealthCanada
trazimera,EMA,FDA,284,9.329829172141919,2018-05-31,2019-03-11,EMA -> FDA
trazimera,FDA,HealthCanada,157,5.157687253613666,2019-03-11,2019-08-15,FDA -> HealthCanada
treanda,FDA,HealthCanada,1618,53.153745072273324,2008-03-20,2012-08-24,FDA -> HealthCanada
trecondi,EMA,Swissmedic,606,19.90801576872536,2018-12-13,2020-08-10,EMA -> Swissmedic
trelegy ellipta,EMA,FDA,4,0.1314060446780552,2017-09-14,2017-09-18,EMA -> FDA
trelegy ellipta,FDA,HealthCanada,198,6.504599211563732,2017-09-18,2018-04-04,FDA -> HealthCanada
trelegy ellipta,HealthCanada,TGA,1128,37.056504599211564,2018-04-04,2021-05-06,HealthCanada -> TGA
trelstar,HealthCanada,FDA,406,13.337713534822601,1999-05-06,2000-06-15,HealthCanada -> FDA
tremfya,FDA,EMA,63,2.0696452036793693,2017-07-13,2017-09-14,FDA -> EMA
tremfya,EMA,HealthCanada,57,1.8725361366622864,2017-09-14,2017-11-10,EMA -> HealthCanada
tremfya,HealthCanada,PMDA,112,3.679369250985545,2017-11-10,2018-03-02,HealthCanada -> PMDA
tremfya,PMDA,TGA,1056,34.69119579500657,2018-03-02,2021-01-21,PMDA -> TGA
tresiba,PMDA,EMA,48,1.5768725361366622,2012-08-31,2012-10-18,PMDA -> EMA
tresiba,EMA,FDA,1072,35.21681997371879,2012-10-18,2015-09-25,EMA -> FDA
tresiba,FDA,HealthCanada,700,22.996057818659658,2015-09-25,2017-08-25,FDA -> HealthCanada
triesence,FDA,HealthCanada,1293,42.47700394218134,2007-11-29,2011-06-14,FDA -> HealthCanada
trikafta,Swissmedic,HealthCanada,190,6.241787122207621,2020-12-10,2021-06-18,Swissmedic -> HealthCanada
trimbow,EMA,TGA,1127,37.023653088042046,2017-05-18,2020-06-18,EMA -> TGA
trintellix,FDA,HealthCanada,387,12.713534822601838,2013-09-30,2014-10-22,FDA -> HealthCanada
triumeq,EMA,FDA,57,1.8725361366622864,2014-06-26,2014-08-22,EMA -> FDA
triumeq,FDA,HealthCanada,48,1.5768725361366622,2014-08-22,2014-10-09,FDA -> HealthCanada
triumeq,HealthCanada,TGA,91,2.9894875164257555,2014-10-09,2015-01-08,HealthCanada -> TGA
trobalt,EMA,TGA,889,29.204993429697765,2011-01-20,2013-06-27,EMA -> TGA
trodelvy,FDA,TGA,499,16.392904073587385,2020-04-22,2021-09-03,FDA -> TGA
trodelvy,TGA,Swissmedic,6,0.19710906701708278,2021-09-03,2021-09-09,TGA -> Swissmedic
trodelvy,Swissmedic,HealthCanada,15,0.49277266754270693,2021-09-09,2021-09-24,Swissmedic -> HealthCanada
trodelvy,HealthCanada,EMA,20,0.657030223390276,2021-09-24,2021-10-14,HealthCanada -> EMA
trogarzo,FDA,EMA,506,16.62286465177398,2018-03-06,2019-07-25,FDA -> EMA
trulance,FDA,HealthCanada,994,32.65440210249671,2017-01-19,2019-10-10,FDA -> HealthCanada
trulicity,FDA,EMA,7,0.22996057818659657,2014-09-18,2014-09-25,FDA -> EMA
trulicity,EMA,TGA,88,2.890932982917214,2014-09-25,2014-12-22,EMA -> TGA
trulicity,TGA,HealthCanada,323,10.611038107752956,2014-12-22,2015-11-10,TGA -> HealthCanada
trumenba,EMA,HealthCanada,196,6.438896189224704,2017-03-23,2017-10-05,EMA -> HealthCanada
truqap,FDA,HealthCanada,71,2.3324572930354797,2023-11-16,2024-01-26,FDA -> HealthCanada
truqap,HealthCanada,Swissmedic,53,1.7411300919842312,2024-01-26,2024-03-19,HealthCanada -> Swissmedic
truqap,Swissmedic,EMA,37,1.2155059132720105,2024-03-19,2024-04-25,Swissmedic -> EMA
truqap,EMA,TGA,12,0.39421813403416556,2024-04-25,2024-05-07,EMA -> TGA
truseltiq,FDA,TGA,158,5.19053876478318,2021-05-28,2021-11-02,FDA -> TGA
truvada,FDA,HealthCanada,522,17.1484888304862,2004-08-02,2006-01-06,FDA -> HealthCanada
truvada,HealthCanada,TGA,3769,123.8173455978975,2006-01-06,2016-05-02,HealthCanada -> TGA
truxima,EMA,FDA,713,23.423127463863338,2016-12-15,2018-11-28,EMA -> FDA
truxima,FDA,HealthCanada,127,4.1721419185282524,2018-11-28,2019-04-04,FDA -> HealthCanada
tukysa,FDA,Swissmedic,20,0.657030223390276,2020-04-17,2020-05-07,FDA -> Swissmedic
tukysa,Swissmedic,HealthCanada,29,0.9526938239159001,2020-05-07,2020-06-05,Swissmedic -> HealthCanada
tukysa,HealthCanada,TGA,66,2.1681997371879107,2020-06-05,2020-08-10,HealthCanada -> TGA
tukysa,TGA,EMA,122,4.0078843626806835,2020-08-10,2020-12-10,TGA -> EMA
turalio,FDA,EMA,328,10.775295663600525,2019-08-02,2020-06-25,FDA -> EMA
twynsta,FDA,EMA,279,9.165571616294349,2009-10-16,2010-07-22,FDA -> EMA
twynsta,EMA,TGA,207,6.800262812089356,2010-07-22,2011-02-14,EMA -> TGA
twynsta,TGA,HealthCanada,170,5.5847568988173455,2011-02-14,2011-08-03,TGA -> HealthCanada
tybost,EMA,TGA,82,2.6938239159001314,2013-07-25,2013-10-15,EMA -> TGA
tybost,TGA,FDA,344,11.300919842312746,2013-10-15,2014-09-24,TGA -> FDA
tyenne,EMA,FDA,229,7.522996057818659,2023-07-20,2024-03-05,EMA -> FDA
tyenne,FDA,HealthCanada,220,7.227332457293035,2024-03-05,2024-10-11,FDA -> HealthCanada
tygacil,FDA,HealthCanada,456,14.98028909329829,2005-06-15,2006-09-14,FDA -> HealthCanada
tykerb,FDA,HealthCanada,794,26.084099868593952,2007-03-13,2009-05-15,FDA -> HealthCanada
tykerb,HealthCanada,TGA,376,12.352168199737187,2009-05-15,2010-05-26,HealthCanada -> TGA
tymlos,FDA,Swissmedic,2505,82.29303547963205,2017-04-28,2024-03-07,FDA -> Swissmedic
tyruko,EMA,FDA,35,1.149802890932983,2023-07-20,2023-08-24,EMA -> FDA
tysabri,FDA,EMA,581,19.086727989487514,2004-11-23,2006-06-27,FDA -> EMA
tysabri,EMA,HealthCanada,93,3.055190538764783,2006-06-27,2006-09-28,EMA -> HealthCanada
tyvaso,FDA,EMA,112,3.679369250985545,2009-07-30,2009-11-19,FDA -> EMA
ubrelvy,FDA,HealthCanada,1053,34.59264126149803,2019-12-23,2022-11-10,FDA -> HealthCanada
uceris,FDA,HealthCanada,2648,86.99080157687253,2013-01-14,2020-04-15,FDA -> HealthCanada
udenyca,EMA,FDA,99,3.252299605781866,2018-07-26,2018-11-02,EMA -> FDA
ultibro breezhaler,EMA,HealthCanada,151,4.9605781865965834,2013-07-25,2013-12-23,EMA -> HealthCanada
ultibro breezhaler,HealthCanada,TGA,81,2.6609724047306176,2013-12-23,2014-03-14,HealthCanada -> TGA
ultiva,FDA,TGA,5779,189.84888304862022,1996-07-12,2012-05-08,FDA -> TGA
ultomiris,FDA,EMA,126,4.139290407358739,2018-12-21,2019-04-26,FDA -> EMA
ultomiris,EMA,HealthCanada,124,4.073587385019711,2019-04-26,2019-08-28,EMA -> HealthCanada
ultomiris,HealthCanada,TGA,41,1.3469119579500657,2019-08-28,2019-10-08,HealthCanada -> TGA
ultomiris,TGA,Swissmedic,104,3.416557161629435,2019-10-08,2020-01-20,TGA -> Swissmedic
unituxin,FDA,EMA,72,2.3653088042049935,2015-03-10,2015-05-21,FDA -> EMA
unituxin,EMA,HealthCanada,1287,42.27989487516425,2015-05-21,2018-11-28,EMA -> HealthCanada
uplizna,FDA,EMA,518,17.017082785808146,2020-06-11,2021-11-11,FDA -> EMA
uplizna,EMA,HealthCanada,764,25.09855453350854,2021-11-11,2023-12-15,EMA -> HealthCanada
uplizna,HealthCanada,Swissmedic,80,2.628120893561104,2023-12-15,2024-03-04,HealthCanada -> Swissmedic
uptravi,FDA,HealthCanada,30,0.9855453350854139,2015-12-21,2016-01-20,FDA -> HealthCanada
uptravi,HealthCanada,TGA,58,1.9053876478318001,2016-01-20,2016-03-18,HealthCanada -> TGA
uptravi,TGA,EMA,14,0.45992115637319314,2016-03-18,2016-04-01,TGA -> EMA
uptravi,EMA,PMDA,159,5.223390275952694,2016-04-01,2016-09-07,EMA -> PMDA
urorec,EMA,TGA,2737,89.91458607095926,2009-11-19,2017-05-18,EMA -> TGA
uvadex,FDA,HealthCanada,5187,170.40078843626807,1999-02-25,2013-05-09,FDA -> HealthCanada
uvadex,HealthCanada,TGA,2318,76.14980289093297,2013-05-09,2019-09-13,HealthCanada -> TGA
vabomere,FDA,EMA,387,12.713534822601838,2017-08-29,2018-09-20,FDA -> EMA
vabysmo,FDA,Swissmedic,117,3.843626806833114,2022-01-28,2022-05-25,FDA -> Swissmedic
vabysmo,Swissmedic,HealthCanada,2,0.0657030223390276,2022-05-25,2022-05-27,Swissmedic -> HealthCanada
vabysmo,HealthCanada,EMA,55,1.8068331143232588,2022-05-27,2022-07-21,HealthCanada -> EMA
vabysmo,EMA,TGA,14,0.45992115637319314,2022-07-21,2022-08-04,EMA -> TGA
vafseo,PMDA,EMA,1000,32.8515111695138,2020-05-29,2023-02-23,PMDA -> EMA
vafseo,EMA,Swissmedic,116,3.8107752956636003,2023-02-23,2023-06-19,EMA -> Swissmedic
vafseo,Swissmedic,TGA,98,3.219448094612352,2023-06-19,2023-09-25,Swissmedic -> TGA
vafseo,TGA,FDA,184,6.044678055190539,2023-09-25,2024-03-27,TGA -> FDA
valcyte,FDA,HealthCanada,400,13.140604467805518,2001-03-29,2002-05-03,FDA -> HealthCanada
valcyte,HealthCanada,TGA,4876,160.18396846254927,2002-05-03,2015-09-08,HealthCanada -> TGA
valdoxan,EMA,TGA,623,20.466491458607095,2008-11-20,2010-08-05,EMA -> TGA
valsartan,HealthCanada,FDA,1142,37.516425755584756,2011-05-11,2014-06-26,HealthCanada -> FDA
valtrex,FDA,HealthCanada,557,18.298291721419183,1995-06-23,1996-12-31,FDA -> HealthCanada
vanflyta,PMDA,FDA,1512,49.67148488830486,2019-05-30,2023-07-20,PMDA -> FDA
vanflyta,FDA,EMA,56,1.8396846254927726,2023-07-20,2023-09-14,FDA -> EMA
vaniqa,FDA,HealthCanada,287,9.42838370565046,2000-07-27,2001-05-10,FDA -> HealthCanada
vascepa,FDA,HealthCanada,2713,89.12614980289094,2012-07-26,2019-12-30,FDA -> HealthCanada
vaxchora,EMA,HealthCanada,1205,39.58607095926413,2020-01-30,2023-05-19,EMA -> HealthCanada
vaxchora,HealthCanada,TGA,108,3.54796320630749,2023-05-19,2023-09-04,HealthCanada -> TGA
vaxelis,EMA,TGA,2287,75.13140604467806,2015-12-17,2022-03-22,EMA -> TGA
vaxneuvance,EMA,HealthCanada,33,1.0840998685939554,2021-10-14,2021-11-16,EMA -> HealthCanada
vaxneuvance,HealthCanada,TGA,57,1.8725361366622864,2021-11-16,2022-01-12,HealthCanada -> TGA
vaxneuvance,TGA,Swissmedic,398,13.074901445466491,2022-01-12,2023-02-14,TGA -> Swissmedic
vaxzevria,PMDA,TGA,264,8.672798948751643,2021-05-20,2022-02-08,PMDA -> TGA
vazkepa,EMA,TGA,643,21.12352168199737,2021-01-28,2022-11-02,EMA -> TGA
vazkepa,TGA,Swissmedic,20,0.657030223390276,2022-11-02,2022-11-22,TGA -> Swissmedic
vectibix,FDA,HealthCanada,551,18.101182654402102,2006-09-27,2008-03-31,FDA -> HealthCanada
vectibix,HealthCanada,TGA,1360,44.678055190538764,2008-03-31,2011-12-21,HealthCanada -> TGA
vegzelma,FDA,HealthCanada,98,3.219448094612352,2022-09-27,2023-01-03,FDA -> HealthCanada
vegzelma,HealthCanada,TGA,239,7.851511169513797,2023-01-03,2023-08-30,HealthCanada -> TGA
veklury,PMDA,EMA,49,1.609724047306176,2020-05-07,2020-06-25,PMDA -> EMA
veklury,EMA,TGA,15,0.49277266754270693,2020-06-25,2020-07-10,EMA -> TGA
veklury,TGA,HealthCanada,17,0.5584756898817346,2020-07-10,2020-07-27,TGA -> HealthCanada
veklury,HealthCanada,FDA,87,2.8580814717477003,2020-07-27,2020-10-22,HealthCanada -> FDA
veklury,FDA,Swissmedic,34,1.1169513797634691,2020-10-22,2020-11-25,FDA -> Swissmedic
velcade,FDA,EMA,349,11.465177398160314,2003-05-13,2004-04-26,FDA -> EMA
velcade,EMA,HealthCanada,276,9.067017082785808,2004-04-26,2005-01-27,EMA -> HealthCanada
velcade,HealthCanada,TGA,2464,80.946123521682,2005-01-27,2011-10-27,HealthCanada -> TGA
velphoro,FDA,EMA,211,6.931668856767411,2013-11-27,2014-06-26,FDA -> EMA
velphoro,EMA,TGA,145,4.763469119579501,2014-06-26,2014-11-18,EMA -> TGA
velphoro,TGA,HealthCanada,1144,37.582128777923785,2014-11-18,2018-01-05,TGA -> HealthCanada
velsipity,FDA,EMA,63,2.0696452036793693,2023-10-12,2023-12-14,FDA -> EMA
velsipity,EMA,HealthCanada,48,1.5768725361366622,2023-12-14,2024-01-31,EMA -> HealthCanada
velsipity,HealthCanada,TGA,107,3.515111695137976,2024-01-31,2024-05-17,HealthCanada -> TGA
velsipity,TGA,Swissmedic,116,3.8107752956636003,2024-05-17,2024-09-10,TGA -> Swissmedic
veltassa,FDA,EMA,575,18.889618922470433,2015-10-21,2017-05-18,FDA -> EMA
veltassa,EMA,TGA,201,6.603153745072273,2017-05-18,2017-12-05,EMA -> TGA
veltassa,TGA,HealthCanada,302,9.921156373193167,2017-12-05,2018-10-03,TGA -> HealthCanada
vemlidy,EMA,FDA,0,0.0,2016-11-10,2016-11-10,EMA -> FDA
vemlidy,FDA,PMDA,1,0.0328515111695138,2016-11-10,2016-11-11,FDA -> PMDA
vemlidy,PMDA,HealthCanada,187,6.14323258869908,2016-11-11,2017-05-17,PMDA -> HealthCanada
venclexta,FDA,HealthCanada,172,5.650459921156373,2016-04-11,2016-09-30,FDA -> HealthCanada
venclexta,HealthCanada,TGA,76,2.4967148488830486,2016-09-30,2016-12-15,HealthCanada -> TGA
venofer,FDA,HealthCanada,162,5.321944809461235,2000-11-06,2001-04-17,FDA -> HealthCanada
ventolin hfa,HealthCanada,FDA,456,14.98028909329829,2000-01-19,2001-04-19,HealthCanada -> FDA
veoza,EMA,TGA,133,4.369250985545335,2023-10-12,2024-02-22,EMA -> TGA
veozah,FDA,HealthCanada,571,18.758212877792378,2023-05-12,2024-12-03,FDA -> HealthCanada
veraseal,EMA,TGA,1506,49.47437582128778,2017-09-14,2021-10-29,EMA -> TGA
verdye,Swissmedic,TGA,303,9.95400788436268,2023-04-24,2024-02-21,Swissmedic -> TGA
veregen,FDA,HealthCanada,2501,82.16162943495401,2006-10-31,2013-09-05,FDA -> HealthCanada
verkazia,EMA,HealthCanada,522,17.1484888304862,2017-07-20,2018-12-24,EMA -> HealthCanada
verkazia,HealthCanada,FDA,912,29.96057818659658,2018-12-24,2021-06-23,HealthCanada -> FDA
verquvo,FDA,PMDA,99,3.252299605781866,2021-01-19,2021-04-28,FDA -> PMDA
verquvo,PMDA,EMA,22,0.7227332457293035,2021-04-28,2021-05-20,PMDA -> EMA
verquvo,EMA,Swissmedic,125,4.106438896189225,2021-05-20,2021-09-22,EMA -> Swissmedic
verquvo,Swissmedic,TGA,49,1.609724047306176,2021-09-22,2021-11-10,Swissmedic -> TGA
verquvo,TGA,HealthCanada,534,17.542706964520367,2021-11-10,2023-04-28,TGA -> HealthCanada
verzenio,FDA,HealthCanada,554,18.199737187910642,2017-09-28,2019-04-05,FDA -> HealthCanada
verzenio,HealthCanada,TGA,1146,37.64783180026281,2019-04-05,2022-05-25,HealthCanada -> TGA
vesanoid,FDA,HealthCanada,39,1.281208935611038,1995-11-22,1995-12-31,FDA -> HealthCanada
vesicare,FDA,HealthCanada,458,15.045992115637318,2004-11-19,2006-02-20,FDA -> HealthCanada
veyvondi,EMA,TGA,657,21.583442838370566,2018-06-28,2020-04-15,EMA -> TGA
vfend,FDA,HealthCanada,819,26.905387647831798,2002-05-24,2004-08-20,FDA -> HealthCanada
vfend,HealthCanada,TGA,2700,88.69908015768725,2004-08-20,2012-01-11,HealthCanada -> TGA
viagra,FDA,HealthCanada,346,11.366622864651774,1998-03-27,1999-03-08,FDA -> HealthCanada
vibativ,FDA,EMA,615,20.203679369250985,2009-09-11,2011-05-19,FDA -> EMA
viberzi,FDA,HealthCanada,610,20.039421813403415,2015-05-27,2017-01-26,FDA -> HealthCanada
viberzi,HealthCanada,TGA,302,9.921156373193167,2017-01-26,2017-11-24,HealthCanada -> TGA
victoza,EMA,PMDA,218,7.1616294349540075,2009-04-23,2009-11-27,EMA -> PMDA
victoza,PMDA,FDA,59,1.938239159001314,2009-11-27,2010-01-25,PMDA -> FDA
victoza,FDA,HealthCanada,116,3.8107752956636003,2010-01-25,2010-05-21,FDA -> HealthCanada
victoza,HealthCanada,TGA,89,2.923784494086728,2010-05-21,2010-08-18,HealthCanada -> TGA
victrelis,FDA,EMA,6,0.19710906701708278,2011-05-13,2011-05-19,FDA -> EMA
victrelis,EMA,TGA,217,7.128777923784494,2011-05-19,2011-12-22,EMA -> TGA
vidaza,FDA,EMA,1673,54.96057818659658,2004-05-19,2008-12-17,FDA -> EMA
vidaza,EMA,HealthCanada,310,10.183968462549277,2008-12-17,2009-10-23,EMA -> HealthCanada
vidaza,HealthCanada,TGA,1266,41.59001314060447,2009-10-23,2013-04-11,HealthCanada -> TGA
viekirax,EMA,PMDA,284,9.329829172141919,2014-11-20,2015-08-31,EMA -> PMDA
vigamox,FDA,HealthCanada,392,12.877792378449408,2003-04-15,2004-05-11,FDA -> HealthCanada
viibryd,FDA,HealthCanada,1637,53.777923784494085,2011-01-21,2015-07-16,FDA -> HealthCanada
vijoice,FDA,EMA,359,11.793692509855452,2022-04-05,2023-03-30,FDA -> EMA
viltepso,PMDA,FDA,166,5.45335085413929,2020-02-28,2020-08-12,PMDA -> FDA
vimizim,FDA,EMA,6,0.19710906701708278,2014-02-14,2014-02-20,FDA -> EMA
vimizim,EMA,HealthCanada,132,4.336399474375821,2014-02-20,2014-07-02,EMA -> HealthCanada
vimizim,HealthCanada,TGA,153,5.026281208935611,2014-07-02,2014-12-02,HealthCanada -> TGA
vimovo,FDA,HealthCanada,258,8.47568988173456,2010-04-30,2011-01-13,FDA -> HealthCanada
vimovo,HealthCanada,TGA,278,9.132720105124836,2011-01-13,2011-10-18,HealthCanada -> TGA
vimpat,EMA,FDA,124,4.073587385019711,2008-06-26,2008-10-28,EMA -> FDA
vimpat,FDA,HealthCanada,702,23.061760840998684,2008-10-28,2010-09-30,FDA -> HealthCanada
vimpat,HealthCanada,TGA,2854,93.75821287779237,2010-09-30,2018-07-24,HealthCanada -> TGA
viokace,HealthCanada,FDA,5516,181.2089356110381,1997-01-23,2012-03-01,HealthCanada -> FDA
viramune,FDA,EMA,488,16.031537450722734,1996-06-21,1997-10-22,FDA -> EMA
viramune xr,FDA,TGA,269,8.83705650459921,2011-03-25,2011-12-19,FDA -> TGA
viread,FDA,HealthCanada,508,16.68856767411301,2001-10-26,2003-03-18,FDA -> HealthCanada
viread,HealthCanada,TGA,3836,126.01839684625492,2003-03-18,2013-09-17,HealthCanada -> TGA
visanne,TGA,HealthCanada,505,16.590013140604466,2010-05-25,2011-10-12,TGA -> HealthCanada
visionblue,FDA,HealthCanada,629,20.66360052562418,2004-12-16,2006-09-06,FDA -> HealthCanada
visudyne,FDA,HealthCanada,49,1.609724047306176,2000-04-12,2000-05-31,FDA -> HealthCanada
vitekta,EMA,TGA,26,0.8541392904073587,2013-09-19,2013-10-15,EMA -> TGA
vitekta,TGA,FDA,344,11.300919842312746,2013-10-15,2014-09-24,TGA -> FDA
vitrakvi,FDA,HealthCanada,226,7.424441524310118,2018-11-26,2019-07-10,FDA -> HealthCanada
vitrakvi,HealthCanada,EMA,15,0.49277266754270693,2019-07-10,2019-07-25,HealthCanada -> EMA
vitrakvi,EMA,TGA,399,13.107752956636006,2019-07-25,2020-08-27,EMA -> TGA
vivjoa,FDA,EMA,394,12.943495400788436,2022-04-26,2023-05-25,FDA -> EMA
vizamyl,FDA,EMA,244,8.015768725361367,2013-10-25,2014-06-26,FDA -> EMA
vizimpro,FDA,PMDA,63,2.0696452036793693,2018-09-27,2018-11-29,FDA -> PMDA
vizimpro,PMDA,EMA,63,2.0696452036793693,2018-11-29,2019-01-31,PMDA -> EMA
vocabria,HealthCanada,EMA,211,6.931668856767411,2020-03-18,2020-10-15,HealthCanada -> EMA
vocabria,EMA,FDA,98,3.219448094612352,2020-10-15,2021-01-21,EMA -> FDA
vocabria,FDA,Swissmedic,260,8.541392904073588,2021-01-21,2021-10-08,FDA -> Swissmedic
volibris,HealthCanada,EMA,32,1.0512483574244416,2008-03-20,2008-04-21,HealthCanada -> EMA
volibris,EMA,TGA,2850,93.62680683311432,2008-04-21,2016-02-09,EMA -> TGA
volibris,TGA,PMDA,1843,60.545335085413925,2016-02-09,2021-02-25,TGA -> PMDA
voranigo,FDA,HealthCanada,21,0.6898817345597897,2024-08-06,2024-08-27,FDA -> HealthCanada
voranigo,HealthCanada,TGA,14,0.45992115637319314,2024-08-27,2024-09-10,HealthCanada -> TGA
voraxaze,FDA,EMA,3586,117.80551905387647,2012-01-17,2021-11-11,FDA -> EMA
vosevi,EMA,FDA,26,0.8541392904073587,2017-06-22,2017-07-18,EMA -> FDA
vosevi,FDA,HealthCanada,29,0.9526938239159001,2017-07-18,2017-08-16,FDA -> HealthCanada
vosevi,HealthCanada,TGA,209,6.865965834428383,2017-08-16,2018-03-13,HealthCanada -> TGA
votrient,FDA,EMA,185,6.077529566360052,2009-10-19,2010-04-22,FDA -> EMA
votrient,EMA,HealthCanada,35,1.149802890932983,2010-04-22,2010-05-27,EMA -> HealthCanada
votrient,HealthCanada,TGA,26,0.8541392904073587,2010-05-27,2010-06-22,HealthCanada -> TGA
votrient,TGA,PMDA,807,26.511169513797633,2010-06-22,2012-09-06,TGA -> PMDA
voxzogo,EMA,FDA,148,4.862023653088042,2021-06-24,2021-11-19,EMA -> FDA
voxzogo,FDA,TGA,222,7.293035479632063,2021-11-19,2022-06-29,FDA -> TGA
voydeya,PMDA,EMA,76,2.4967148488830486,2023-12-08,2024-02-22,PMDA -> EMA
voydeya,EMA,FDA,36,1.1826544021024967,2024-02-22,2024-03-29,EMA -> FDA
voydeya,FDA,Swissmedic,32,1.0512483574244416,2024-03-29,2024-04-30,FDA -> Swissmedic
voydeya,Swissmedic,HealthCanada,80,2.628120893561104,2024-04-30,2024-07-19,Swissmedic -> HealthCanada
vpriv,FDA,EMA,118,3.876478318002628,2010-02-26,2010-06-24,FDA -> EMA
vpriv,EMA,HealthCanada,99,3.252299605781866,2010-06-24,2010-10-01,EMA -> HealthCanada
vpriv,HealthCanada,TGA,510,16.754270696452036,2010-10-01,2012-02-23,HealthCanada -> TGA
vraylar,FDA,HealthCanada,2409,79.13929040735873,2015-09-17,2022-04-22,FDA -> HealthCanada
vumerity,FDA,EMA,688,22.601839684625492,2019-10-29,2021-09-16,FDA -> EMA
vumerity,EMA,TGA,183,6.011826544021025,2021-09-16,2022-03-18,EMA -> TGA
vyalev,HealthCanada,TGA,303,9.95400788436268,2023-05-03,2024-03-01,HealthCanada -> TGA
vyalev,TGA,FDA,229,7.522996057818659,2024-03-01,2024-10-16,TGA -> FDA
vydura,EMA,Swissmedic,601,19.743758212877793,2022-02-24,2023-10-18,EMA -> Swissmedic
vyepti,FDA,HealthCanada,325,10.676741130091983,2020-02-21,2021-01-11,FDA -> HealthCanada
vyepti,HealthCanada,TGA,149,4.894875164257556,2021-01-11,2021-06-09,HealthCanada -> TGA
vyepti,TGA,Swissmedic,124,4.073587385019711,2021-06-09,2021-10-11,TGA -> Swissmedic
vyepti,Swissmedic,EMA,31,1.0183968462549278,2021-10-11,2021-11-11,Swissmedic -> EMA
vyloy,PMDA,EMA,143,4.697766097240473,2024-03-04,2024-07-25,PMDA -> EMA
vyloy,EMA,FDA,85,2.7923784494086727,2024-07-25,2024-10-18,EMA -> FDA
vyloy,FDA,HealthCanada,56,1.8396846254927726,2024-10-18,2024-12-13,FDA -> HealthCanada
vyndamax,FDA,HealthCanada,798,26.21550591327201,2019-05-03,2021-07-09,FDA -> HealthCanada
vyndaqel,EMA,PMDA,763,25.065703022339026,2011-07-21,2013-08-22,EMA -> PMDA
vyndaqel,PMDA,FDA,2080,68.3311432325887,2013-08-22,2019-05-03,PMDA -> FDA
vyndaqel,FDA,HealthCanada,262,8.607095926412615,2019-05-03,2020-01-20,FDA -> HealthCanada
vyndaqel,HealthCanada,Swissmedic,45,1.4783180026281209,2020-01-20,2020-03-05,HealthCanada -> Swissmedic
vytorin,FDA,TGA,2926,96.12352168199737,2004-07-23,2012-07-27,FDA -> TGA
vyvanse,FDA,HealthCanada,727,23.88304862023653,2007-02-23,2009-02-19,FDA -> HealthCanada
vyvanse,HealthCanada,TGA,1607,52.79237844940867,2009-02-19,2013-07-15,HealthCanada -> TGA
vyvgart,PMDA,FDA,21,0.6898817345597897,2021-11-26,2021-12-17,PMDA -> FDA
vyvgart,FDA,EMA,188,6.176084099868594,2021-12-17,2022-06-23,FDA -> EMA
vyvgart,EMA,HealthCanada,453,14.88173455978975,2022-06-23,2023-09-19,EMA -> HealthCanada
vyvgart,HealthCanada,Swissmedic,380,12.483574244415243,2023-09-19,2024-10-03,HealthCanada -> Swissmedic
vyxeos,FDA,EMA,329,10.808147174770038,2017-08-03,2018-06-28,FDA -> EMA
vyxeos,EMA,HealthCanada,1036,34.03416557161629,2018-06-28,2021-04-29,EMA -> HealthCanada
vyxeos,HealthCanada,TGA,393,12.910643889618921,2021-04-29,2022-05-27,HealthCanada -> TGA
vyzulta,FDA,HealthCanada,420,13.797634691195794,2017-11-02,2018-12-27,FDA -> HealthCanada
wakix,EMA,FDA,1790,58.80420499342969,2015-11-19,2020-10-13,EMA -> FDA
wakix,FDA,HealthCanada,224,7.35873850197109,2020-10-13,2021-05-25,FDA -> HealthCanada
wegovy,FDA,EMA,160,5.256241787122208,2021-06-04,2021-11-11,FDA -> EMA
wegovy,EMA,TGA,134,4.402102496714849,2021-11-11,2022-03-25,EMA -> TGA
wegovy,TGA,HealthCanada,97,3.1865965834428382,2022-03-25,2022-06-30,TGA -> HealthCanada
wegovy,HealthCanada,PMDA,211,6.931668856767411,2022-06-30,2023-01-27,HealthCanada -> PMDA
welireg,FDA,HealthCanada,332,10.90670170827858,2021-08-13,2022-07-11,FDA -> HealthCanada
welireg,HealthCanada,TGA,162,5.321944809461235,2022-07-11,2022-12-20,HealthCanada -> TGA
welireg,TGA,Swissmedic,457,15.013140604467806,2022-12-20,2024-03-21,TGA -> Swissmedic
welireg,Swissmedic,EMA,266,8.73850197109067,2024-03-21,2024-12-12,Swissmedic -> EMA
wellbutrin xl,FDA,HealthCanada,872,28.64651773981603,2003-08-28,2006-01-16,FDA -> HealthCanada
wezlana,FDA,HealthCanada,57,1.8725361366622864,2023-10-31,2023-12-27,FDA -> HealthCanada
wezlana,HealthCanada,TGA,22,0.7227332457293035,2023-12-27,2024-01-18,HealthCanada -> TGA
winlevi,FDA,HealthCanada,1023,33.60709592641261,2020-08-26,2023-06-15,FDA -> HealthCanada
winlevi,HealthCanada,TGA,267,8.771353482260183,2023-06-15,2024-03-08,HealthCanada -> TGA
winrevair,FDA,EMA,93,3.055190538764783,2024-03-26,2024-06-27,FDA -> EMA
winrevair,EMA,HealthCanada,62,2.0367936925098555,2024-06-27,2024-08-28,EMA -> HealthCanada
winrevair,HealthCanada,Swissmedic,16,0.5256241787122208,2024-08-28,2024-09-13,HealthCanada -> Swissmedic
wixela inhub,FDA,HealthCanada,357,11.727989487516425,2019-01-30,2020-01-22,FDA -> HealthCanada
wyost,HealthCanada,EMA,20,0.657030223390276,2024-03-01,2024-03-21,HealthCanada -> EMA
xadago,EMA,FDA,824,27.069645203679368,2014-12-18,2017-03-21,EMA -> FDA
xadago,FDA,TGA,588,19.316688567674113,2017-03-21,2018-10-30,FDA -> TGA
xalatan,FDA,HealthCanada,376,12.352168199737187,1996-06-05,1997-06-16,FDA -> HealthCanada
xalkori,FDA,PMDA,187,6.14323258869908,2011-08-26,2012-02-29,FDA -> PMDA
xalkori,PMDA,HealthCanada,56,1.8396846254927726,2012-02-29,2012-04-25,PMDA -> HealthCanada
xalkori,HealthCanada,EMA,85,2.7923784494086727,2012-04-25,2012-07-19,HealthCanada -> EMA
xalkori,EMA,TGA,432,14.19185282522996,2012-07-19,2013-09-24,EMA -> TGA
xarelto,HealthCanada,EMA,15,0.49277266754270693,2008-09-15,2008-09-30,HealthCanada -> EMA
xarelto,EMA,FDA,1004,32.98291721419185,2008-09-30,2011-07-01,EMA -> FDA
xarelto,FDA,TGA,277,9.099868593955321,2011-07-01,2012-04-03,FDA -> TGA
xarelto,TGA,PMDA,3165,103.97503285151116,2012-04-03,2020-12-02,TGA -> PMDA
xcopri,FDA,HealthCanada,1299,42.67411300919842,2019-11-21,2023-06-12,FDA -> HealthCanada
xeljanz,FDA,PMDA,127,4.1721419185282524,2012-11-06,2013-03-13,FDA -> PMDA
xeljanz,PMDA,HealthCanada,400,13.140604467805518,2013-03-13,2014-04-17,PMDA -> HealthCanada
xeljanz,HealthCanada,TGA,271,8.902759526938238,2014-04-17,2015-01-13,HealthCanada -> TGA
xeljanz,TGA,EMA,744,24.441524310118265,2015-01-13,2017-01-26,TGA -> EMA
xeljanz xr,FDA,HealthCanada,658,21.616294349540077,2016-02-23,2017-12-12,FDA -> HealthCanada
xeloda,FDA,EMA,1009,33.14717477003942,1998-04-30,2001-02-02,FDA -> EMA
xenical,FDA,HealthCanada,41,1.3469119579500657,1999-04-23,1999-06-03,FDA -> HealthCanada
xenical,HealthCanada,EMA,1484,48.75164257555847,1999-06-03,2003-06-26,HealthCanada -> EMA
xenleta,FDA,EMA,283,9.296977660972404,2019-08-19,2020-05-28,FDA -> EMA
xenpozyme,PMDA,EMA,83,2.726675427069645,2022-02-25,2022-05-19,PMDA -> EMA
xenpozyme,EMA,FDA,104,3.416557161629435,2022-05-19,2022-08-31,EMA -> FDA
xenpozyme,FDA,TGA,355,11.662286465177397,2022-08-31,2023-08-21,FDA -> TGA
xenpozyme,TGA,Swissmedic,120,3.9421813403416555,2023-08-21,2023-12-19,TGA -> Swissmedic
xenpozyme,Swissmedic,HealthCanada,71,2.3324572930354797,2023-12-19,2024-02-28,Swissmedic -> HealthCanada
xeomin,HealthCanada,FDA,504,16.557161629434955,2009-03-13,2010-07-30,HealthCanada -> FDA
xeomin,FDA,TGA,1326,43.56110381077529,2010-07-30,2014-03-17,FDA -> TGA
xerava,EMA,FDA,32,1.0512483574244416,2018-07-26,2018-08-27,EMA -> FDA
xerese,FDA,HealthCanada,1334,43.823915900131404,2009-07-31,2013-03-26,FDA -> HealthCanada
xermelo,FDA,EMA,142,4.664914586070959,2017-02-28,2017-07-20,FDA -> EMA
xermelo,EMA,HealthCanada,447,14.684625492772668,2017-07-20,2018-10-10,EMA -> HealthCanada
xevudy,TGA,PMDA,38,1.2483574244415243,2021-08-20,2021-09-27,TGA -> PMDA
xevudy,PMDA,EMA,80,2.628120893561104,2021-09-27,2021-12-16,PMDA -> EMA
xevudy,EMA,Swissmedic,29,0.9526938239159001,2021-12-16,2022-01-14,EMA -> Swissmedic
xgeva,HealthCanada,EMA,9,0.2956636005256242,2011-05-10,2011-05-19,HealthCanada -> EMA
xgeva,EMA,TGA,102,3.350854139290407,2011-05-19,2011-08-29,EMA -> TGA
xiaflex,FDA,TGA,1274,41.85282522996058,2010-02-02,2013-07-30,FDA -> TGA
xiaflex,TGA,PMDA,675,22.174770039421812,2013-07-30,2015-06-05,TGA -> PMDA
xifaxan,FDA,TGA,2901,95.30223390275953,2004-05-25,2012-05-04,FDA -> TGA
xigduo,EMA,HealthCanada,749,24.605781865965834,2013-11-21,2015-12-10,EMA -> HealthCanada
xigduo xr,TGA,FDA,110,3.6136662286465175,2014-07-11,2014-10-29,TGA -> FDA
xiidra,FDA,HealthCanada,529,17.378449408672797,2016-07-11,2017-12-22,FDA -> HealthCanada
xiidra,HealthCanada,TGA,392,12.877792378449408,2017-12-22,2019-01-18,HealthCanada -> TGA
xofigo,FDA,EMA,127,4.1721419185282524,2013-05-15,2013-09-19,FDA -> EMA
xofigo,EMA,HealthCanada,84,2.759526938239159,2013-09-19,2013-12-12,EMA -> HealthCanada
xofigo,HealthCanada,TGA,152,4.993429697766097,2013-12-12,2014-05-13,HealthCanada -> TGA
xofluza,PMDA,FDA,264,8.672798948751643,2018-02-02,2018-10-24,PMDA -> FDA
xofluza,FDA,Swissmedic,483,15.867279894875164,2018-10-24,2020-02-19,FDA -> Swissmedic
xofluza,Swissmedic,TGA,2,0.0657030223390276,2020-02-19,2020-02-21,Swissmedic -> TGA
xofluza,TGA,EMA,265,8.705650459921156,2020-02-21,2020-11-12,TGA -> EMA
xofluza,EMA,HealthCanada,427,14.027595269382392,2020-11-12,2022-01-13,EMA -> HealthCanada
xolair,FDA,HealthCanada,517,16.98423127463863,2003-06-20,2004-11-18,FDA -> HealthCanada
xolair,HealthCanada,PMDA,1439,47.273324572930356,2004-11-18,2008-10-27,HealthCanada -> PMDA
xolair,PMDA,TGA,2201,72.30617608409986,2008-10-27,2014-11-06,PMDA -> TGA
xospata,PMDA,FDA,91,2.9894875164257555,2018-08-29,2018-11-28,PMDA -> FDA
xospata,FDA,EMA,295,9.69119579500657,2018-11-28,2019-09-19,FDA -> EMA
xospata,EMA,HealthCanada,95,3.1208935611038107,2019-09-19,2019-12-23,EMA -> HealthCanada
xospata,HealthCanada,TGA,94,3.088042049934297,2019-12-23,2020-03-26,HealthCanada -> TGA
xospata,TGA,Swissmedic,182,5.978975032851511,2020-03-26,2020-09-24,TGA -> Swissmedic
xpovio,FDA,TGA,974,31.99737187910644,2019-07-03,2022-03-03,FDA -> TGA
xpovio,TGA,HealthCanada,89,2.923784494086728,2022-03-03,2022-05-31,TGA -> HealthCanada
xromi,EMA,FDA,1805,59.2969776609724,2019-04-26,2024-04-04,EMA -> FDA
xtandi,FDA,EMA,237,7.7858081471747695,2012-08-31,2013-04-25,FDA -> EMA
xtandi,EMA,HealthCanada,34,1.1169513797634691,2013-04-25,2013-05-29,EMA -> HealthCanada
xtandi,HealthCanada,TGA,393,12.910643889618921,2013-05-29,2014-06-26,HealthCanada -> TGA
xultophy,EMA,HealthCanada,1357,44.57950065703022,2014-07-24,2018-04-11,EMA -> HealthCanada
xultophy,HealthCanada,TGA,981,32.22733245729303,2018-04-11,2020-12-17,HealthCanada -> TGA
xydalba,EMA,HealthCanada,1356,44.546649145860705,2014-12-18,2018-09-04,EMA -> HealthCanada
xyrem,FDA,HealthCanada,1115,36.629434954007884,2002-07-17,2005-08-05,FDA -> HealthCanada
xywav,FDA,HealthCanada,1038,34.09986859395532,2020-07-21,2023-05-25,FDA -> HealthCanada
yargesa,EMA,FDA,1288,42.31274638633377,2017-01-26,2020-08-06,EMA -> FDA
yaz,FDA,HealthCanada,1013,33.27858081471748,2006-03-16,2008-12-23,FDA -> HealthCanada
yervoy,FDA,EMA,55,1.8068331143232588,2011-03-25,2011-05-19,FDA -> EMA
yervoy,EMA,HealthCanada,258,8.47568988173456,2011-05-19,2012-02-01,EMA -> HealthCanada
yervoy,HealthCanada,PMDA,1212,39.81603153745072,2012-02-01,2015-05-28,HealthCanada -> PMDA
yesafili,EMA,FDA,305,10.019710906701707,2023-07-20,2024-05-20,EMA -> FDA
yescarta,EMA,HealthCanada,236,7.752956636005256,2018-06-22,2019-02-13,EMA -> HealthCanada
yesintek,FDA,EMA,13,0.42706964520367935,2024-11-29,2024-12-12,FDA -> EMA
yondelis,HealthCanada,TGA,42,1.3797634691195795,2010-05-13,2010-06-24,HealthCanada -> TGA
yondelis,TGA,PMDA,1894,62.22076215505913,2010-06-24,2015-08-31,TGA -> PMDA
yondelis,PMDA,FDA,53,1.7411300919842312,2015-08-31,2015-10-23,PMDA -> FDA
yorvipath,EMA,FDA,330,10.840998685939553,2023-09-14,2024-08-09,EMA -> FDA
yuflyma,EMA,HealthCanada,379,12.450722733245728,2020-12-10,2021-12-24,EMA -> HealthCanada
yuflyma,HealthCanada,TGA,66,2.1681997371879107,2021-12-24,2022-02-28,HealthCanada -> TGA
yuflyma,TGA,FDA,449,14.750328515111695,2022-02-28,2023-05-23,TGA -> FDA
zaditor,FDA,HealthCanada,332,10.90670170827858,1999-07-02,2000-05-29,FDA -> HealthCanada
zaltrap,FDA,EMA,104,3.416557161629435,2012-08-03,2012-11-15,FDA -> EMA
zarzio,EMA,TGA,1624,53.350854139290405,2008-11-20,2013-05-02,EMA -> TGA
zavesca,FDA,HealthCanada,244,8.015768725361367,2003-07-31,2004-03-31,FDA -> HealthCanada
zavesca,HealthCanada,TGA,2135,70.13797634691196,2004-03-31,2010-02-03,HealthCanada -> TGA
zavicefta,EMA,TGA,1029,33.8042049934297,2016-04-28,2019-02-21,EMA -> TGA
zebinix,EMA,TGA,4463,146.61629434954008,2009-02-19,2021-05-10,EMA -> TGA
zejula,FDA,EMA,171,5.617608409986859,2017-03-27,2017-09-14,FDA -> EMA
zejula,EMA,TGA,652,21.419185282522996,2017-09-14,2019-06-28,EMA -> TGA
zejula,TGA,PMDA,434,14.257555847568987,2019-06-28,2020-09-04,TGA -> PMDA
zejula,PMDA,HealthCanada,719,23.62023653088042,2020-09-04,2022-08-24,PMDA -> HealthCanada
zelboraf,FDA,EMA,120,3.9421813403416555,2011-08-17,2011-12-15,FDA -> EMA
zelboraf,EMA,HealthCanada,62,2.0367936925098555,2011-12-15,2012-02-15,EMA -> HealthCanada
zelnorm,FDA,EMA,1338,43.95532194480946,2002-07-24,2006-03-23,FDA -> EMA
zepatier,FDA,EMA,119,3.9093298291721417,2016-01-28,2016-05-26,FDA -> EMA
zepatier,EMA,TGA,91,2.9894875164257555,2016-05-26,2016-08-25,EMA -> TGA
zeposia,FDA,EMA,1,0.0328515111695138,2020-03-25,2020-03-26,FDA -> EMA
zeposia,EMA,TGA,112,3.679369250985545,2020-03-26,2020-07-16,EMA -> TGA
zeposia,TGA,Swissmedic,26,0.8541392904073587,2020-07-16,2020-08-11,TGA -> Swissmedic
zeposia,Swissmedic,HealthCanada,52,1.7082785808147174,2020-08-11,2020-10-02,Swissmedic -> HealthCanada
zepzelca,FDA,TGA,452,14.848883048620236,2020-06-15,2021-09-10,FDA -> TGA
zepzelca,TGA,HealthCanada,19,0.6241787122207622,2021-09-10,2021-09-29,TGA -> HealthCanada
zepzelca,HealthCanada,Swissmedic,524,17.21419185282523,2021-09-29,2023-03-07,HealthCanada -> Swissmedic
zerbaxa,FDA,EMA,216,7.09592641261498,2014-12-19,2015-07-23,FDA -> EMA
zerbaxa,EMA,HealthCanada,69,2.266754270696452,2015-07-23,2015-09-30,EMA -> HealthCanada
zerbaxa,HealthCanada,TGA,29,0.9526938239159001,2015-09-30,2015-10-29,HealthCanada -> TGA
zetia,FDA,PMDA,1559,51.21550591327201,2002-10-25,2007-01-31,FDA -> PMDA
zevtera,HealthCanada,TGA,39,1.281208935611038,2015-09-24,2015-11-02,HealthCanada -> TGA
zevtera,TGA,FDA,3075,101.01839684625493,2015-11-02,2024-04-03,TGA -> FDA
ziagen,FDA,HealthCanada,169,5.551905387647832,1998-12-17,1999-06-04,FDA -> HealthCanada
ziextenzo,EMA,TGA,292,9.592641261498029,2018-09-20,2019-07-09,EMA -> TGA
ziextenzo,TGA,FDA,118,3.876478318002628,2019-07-09,2019-11-04,TGA -> FDA
ziextenzo,FDA,HealthCanada,169,5.551905387647832,2019-11-04,2020-04-21,FDA -> HealthCanada
zilbrysq,PMDA,EMA,24,0.7884362680683311,2023-08-21,2023-09-14,PMDA -> EMA
zilbrysq,EMA,FDA,33,1.0840998685939554,2023-09-14,2023-10-17,EMA -> FDA
zilbrysq,FDA,HealthCanada,268,8.804204993429698,2023-10-17,2024-07-11,FDA -> HealthCanada
zinbryta,EMA,FDA,29,0.9526938239159001,2016-04-28,2016-05-27,EMA -> FDA
zinbryta,FDA,TGA,116,3.8107752956636003,2016-05-27,2016-09-20,FDA -> TGA
zinecard,FDA,HealthCanada,219,7.194480946123521,1995-05-26,1995-12-31,FDA -> HealthCanada
zinforo,EMA,TGA,231,7.588699080157687,2012-06-21,2013-02-07,EMA -> TGA
zinplava,FDA,EMA,32,1.0512483574244416,2016-10-21,2016-11-22,FDA -> EMA
zinplava,EMA,TGA,351,11.530880420499342,2016-11-22,2017-11-08,EMA -> TGA
zirabev,EMA,HealthCanada,183,6.011826544021025,2018-12-13,2019-06-14,EMA -> HealthCanada
zirabev,HealthCanada,FDA,13,0.42706964520367935,2019-06-14,2019-06-27,HealthCanada -> FDA
zirabev,FDA,TGA,123,4.040735873850197,2019-06-27,2019-10-28,FDA -> TGA
zithromax,FDA,HealthCanada,249,8.180026281208935,1995-10-19,1996-06-24,FDA -> HealthCanada
zoely,EMA,TGA,141,4.6320630749014455,2011-03-22,2011-08-10,EMA -> TGA
zokinvy,FDA,EMA,545,17.904073587385017,2020-11-20,2022-05-19,FDA -> EMA
zolgensma,EMA,HealthCanada,264,8.672798948751643,2020-03-26,2020-12-15,EMA -> HealthCanada
zolgensma,HealthCanada,TGA,71,2.3324572930354797,2020-12-15,2021-02-24,HealthCanada -> TGA
zolgensma,TGA,Swissmedic,124,4.073587385019711,2021-02-24,2021-06-28,TGA -> Swissmedic
zolinza,FDA,HealthCanada,979,32.16162943495401,2006-10-06,2009-06-11,FDA -> HealthCanada
zolmitriptan,FDA,HealthCanada,808,26.544021024967147,2013-05-14,2015-07-31,FDA -> HealthCanada
zoloft,HealthCanada,FDA,1437,47.20762155059133,1995-12-31,1999-12-07,HealthCanada -> FDA
zometa,EMA,FDA,153,5.026281208935611,2001-03-20,2001-08-20,EMA -> FDA
zomig,FDA,HealthCanada,272,8.935611038107753,1997-11-25,1998-08-24,FDA -> HealthCanada
zonegran,FDA,TGA,4756,156.24178712220763,2000-03-27,2013-04-04,FDA -> TGA
zontivity,FDA,EMA,196,6.438896189224704,2014-05-08,2014-11-20,FDA -> EMA
zoryve,FDA,HealthCanada,273,8.968462549277266,2022-07-29,2023-04-28,FDA -> HealthCanada
ztalmy,FDA,EMA,433,14.224704336399475,2022-03-18,2023-05-25,FDA -> EMA
zubsolv,FDA,EMA,1534,50.39421813403416,2013-07-03,2017-09-14,FDA -> EMA
zurampic,EMA,FDA,5,0.164257555847569,2015-12-17,2015-12-22,EMA -> FDA
zyban,FDA,HealthCanada,442,14.520367936925098,1997-05-14,1998-07-30,FDA -> HealthCanada
zyclara,HealthCanada,FDA,84,2.759526938239159,2009-12-31,2010-03-25,HealthCanada -> FDA
zyclara,FDA,EMA,819,26.905387647831798,2010-03-25,2012-06-21,FDA -> EMA
zydelig,FDA,EMA,1,0.0328515111695138,2014-07-23,2014-07-24,FDA -> EMA
zydelig,EMA,TGA,190,6.241787122207621,2014-07-24,2015-01-30,EMA -> TGA
zydelig,TGA,HealthCanada,56,1.8396846254927726,2015-01-30,2015-03-27,TGA -> HealthCanada
zykadia,FDA,EMA,303,9.95400788436268,2014-04-29,2015-02-26,FDA -> EMA
zykadia,EMA,HealthCanada,29,0.9526938239159001,2015-02-26,2015-03-27,EMA -> HealthCanada
zykadia,HealthCanada,PMDA,336,11.038107752956636,2015-03-27,2016-02-26,HealthCanada -> PMDA
zykadia,PMDA,TGA,32,1.0512483574244416,2016-02-26,2016-03-29,PMDA -> TGA
zymar,FDA,HealthCanada,521,17.115637319316686,2003-03-28,2004-08-30,FDA -> HealthCanada
zynlonta,FDA,EMA,510,16.754270696452036,2021-04-23,2022-09-15,FDA -> EMA
zynyz,FDA,EMA,337,11.070959264126149,2023-03-22,2024-02-22,FDA -> EMA
zyprexa,FDA,HealthCanada,28,0.9198423127463863,1996-09-30,1996-10-28,FDA -> HealthCanada
zyprexa,HealthCanada,PMDA,7529,247.33902759526939,1996-10-28,2017-06-09,HealthCanada -> PMDA
zyprexa zydis,FDA,HealthCanada,239,7.851511169513797,2000-04-06,2000-12-01,FDA -> HealthCanada
zytiga,FDA,EMA,84,2.759526938239159,2011-04-28,2011-07-21,FDA -> EMA
zytiga,EMA,HealthCanada,6,0.19710906701708278,2011-07-21,2011-07-27,EMA -> HealthCanada
zytiga,HealthCanada,TGA,215,7.063074901445466,2011-07-27,2012-02-27,HealthCanada -> TGA
