Administration_route,Application_date,Application_year,Current_status,Dataset,Decision,Decision_date,Decision_year,Disease_class(es),Document_name,Drug_class,Drug_name,Indication_approved,Disease_name(s),Indication_extended,Indication_requested,Indication_requested_extracted,Marketing_authorisation_holder,Marketing_authorisation_holder_extracted,Marketing_authorisation_number,Non_proprietary_name,Nonclinical_abridged,Orphan_drug_status,Pharmaceutical_form,Procedure_number,Referral_body
oral,22.07.2021,2021,authorised,SWISSMEDIC,approved,07.06.2022,2022,Diseases of the blood and blood-forming organs,swisspar_orladeyo.pdf,Small molecule,Orladeyo,Routine prevention of recurrent attacks of hereditary angioedema (HAE) in adult and adolescent patients aged 12 years and older.,"<Angioedema, Hereditary>",no,Routine prevention of recurrent attacks of hereditary angioedema (HAE) in adult and adolescent patients aged 12 years and older.,"<Angioedema, Hereditary>",BioCryst Schweiz GmbH,BioCryst,68464,berotralstat,yes,yes,capsule,EMEA/H/C/005138/0000,European Medicines Agency (EMA)
oral,20.05.2019,2019,authorised (under additional monitoring),SWISSMEDIC,approved,05.11.2020,2020,Neoplasms; Diseases of the respiratory system,swisspar_rozlytrek_final.pdf,Small molecule,ROZLYTREK,Solid tumours with NTRK fusion-positive and ROS1-positive advanced non-small cell lung cancer (NSCLC),<Solid Tumors>; <Lung Neoplasms>,no,Solid tumours with NTRK fusion-positive and ROS1-positive advanced non-small cell lung cancer (NSCLC),<Solid Tumors>; <Lung Neoplasms>,Roche Pharma (Schweiz) AG,Roche,67280,entrectinib,no,yes,capsule,Not reported,NA
subcutaneous,12.12.2022,2022,authorised,SWISSMEDIC,approved,07.03.2024,2024,Diseases of the musculoskeletal system and connective tissue,swisspar_tymlos.pdf,Peptides and proteins,Tymlos,Treatment of osteoporosis in postmenopausal women at high risk of fracture.,<Osteoporosis>,no,Treatment of osteoporosis in postmenopausal women at increased risk of fracture.,<Osteoporosis>,Labatec Pharma SA,Labatec,69246,abaloparatide,yes,no,solution,Not reported,EMA
subcutaneous,14.08.2023,2023,authorised (under additional monitoring),SWISSMEDIC,approved,29.07.2024,2024,Diseases of the musculoskeletal system and connective tissue,swisspar_bimzelx_ie_axial_spondyloarthritis.pdf,Biologics,Bimzelx,"Axial spondyloarthritis; Non-radiographic axial spondyloarthritis (nr-axSpA); Ankylosing spondylitis (AS, radiographic axial spondyloarthritis)",<Axial Spondyloarthritis>; <Ankylosing Spondylitis>,yes,"Axial spondyloarthritis; Non-radiographic axial spondyloarthritis (nr-axSpA); Ankylosing spondylitis (AS, radiographic axial spondyloarthritis)",<Axial Spondyloarthritis>; <Ankylosing Spondylitis>,UCB-Pharma SA,UCB,68548,bimekizumab,no,no,solution,Not reported,NA
intravenous; subcutaneous,05.03.2021,2021,authorised,SWISSMEDIC,approved,23.12.2021,2021,Infectious and parasitic diseases,swisspar_ronapreve_final.pdf,Biologics,Ronapreve,Treatment of confirmed COVID-19 in adults and adolescents (12 years of age and older and weighing at least 40 kg) who do not require supplemental oxygen or hospitalisation for COVID-19 and who are at high risk of developing severe COVID-19. Prevention of COVID-19 in adults and adolescents (12 years of age and older and weighing at least 40 kg) who cannot produce an adequate immune response to the SARS-CoV-2 vaccination.,<COVID-19>,no,Treatment of confirmed COVID-19 infection in patients aged 12 years and older and weighing at least 40 kg that do not require supplemental oxygen for COVID-19 and who are at high risk of progressing to severe COVID-19. Prevention of COVID-19 in individuals aged 12 years and older and weighing at least 40 kg who meet certain criteria.,<COVID-19>,Roche Pharma (Schweiz) AG,Roche,68329,"casirivimab, imdevimab",no,no,solution,Not reported,NA
oral,28.02.2023,2023,authorised (under additional monitoring),SWISSMEDIC,approved,13.06.2024,2024,"Diseases of the respiratory system; Endocrine, nutritional, and metabolic diseases",swisspar_trikafta_ie.pd.pdf,Small molecule,Trikafta,Trikafta is indicated for the treatment of cystic fibrosis (CF) in patients aged 2 years and older who have at least one F508del mutation in the cystic fibrosis transmembrane conductance regulator (CFTR) gene,<Cystic Fibrosis>,yes,Trikafta is indicated for the treatment of cystic fibrosis (CF) in patients aged 2 years and older who have at least one F508del mutation in the cystic fibrosis transmembrane conductance regulator (CFTR) gene,<Cystic Fibrosis>,Vertex Pharmaceuticals (CH) GmbH,Vertex,69212,"elexacaftor, ivacaftor, tezacaftor",no,yes,granules,Not reported,NA
subcutaneous,23.12.2022,2022,authorised (under additional monitoring),SWISSMEDIC,approved,01.03.2024,2024,Infectious and parasitic diseases,swisspar_jynneos_final.pdf,Vaccine,JYNNEOS,"Active immunisation against disease caused by smallpox, monkeypox, and vaccinia viruses in adults 18 years of age and older",<Smallpox>; <Monkeypox>,no,"Active immunisation against disease caused by smallpox, monkeypox, and vaccinia virus in adults",<Smallpox>; <Monkeypox>,Bavarian Nordic Switzerland AG,Bavarian Nordic,69173,"modified vaccinia Ankara virus, live attenuated",yes,no,suspension,Not reported,EMA
oral,30.04.2019,2019,authorised,SWISSMEDIC,approved,19.02.2020,2020,Infectious and parasitic diseases,swisspar_xofluza_final.pdf,Small molecule,Xofluza,treatment of uncomplicated influenza in patients aged 12 years and older who have been symptomatic for no more than 48 hours and who are otherwise healthy or at high risk of developing influenza-related complications,<Influenza>,no,treatment of influenza in patients aged 12 years and older who have been symptomatic for no more than 48 hours and who are at high risk of developing influenza-related complications,<Influenza>,Roche Pharma (Schweiz) AG,Roche,67426,baloxavir marboxil,no,no,tablet,Not reported,NA
oral,01.10.2020,2020,authorised (under additional monitoring),SWISSMEDIC,conditional marketing authorisation,29.07.2022,2022,Neoplasms; Other,swisspar_koselugo.pdf,Small molecule,Koselugo,"Koselugo is indicated for the treatment of children and adolescent patients aged 3 years and above with neurofibromatosis type 1 (NF1) and symptomatic, inoperable plexiform neurofibromas (PN).",<Neurofibromatosis 1>,no,"Koselugo is indicated for the treatment of children and adolescents aged 3 years and above with neurofibromatosis type 1 (NF1) and symptomatic, inoperable plexiform neurofibromas (PN).",<Neurofibromatosis 1>,AstraZeneca AG,AstraZeneca,67410,selumetinib,yes,yes,capsule,Not reported,FDA
intramuscular,20.02.2023,2023,authorised (under additional monitoring),SWISSMEDIC,approved,09.01.2024,2024,Infectious and parasitic diseases; Diseases of the respiratory system,swisspar_vaxneuvance_ie.pdf,Vaccine,Vaxneuvance,"Active immunisation for the prevention of invasive disease, pneumonia, and acute otitis media caused by Streptococcus pneumoniae in infants and children from 6 weeks to 5 years of age.",<Streptococcal Infections>; <Pneumonia>; <Otitis Media>,yes,"Active immunisation for the prevention of invasive disease, pneumonia, and acute otitis media caused by Streptococcus pneumoniae in infants, children, and adolescents from 6 weeks to less than 18 years of age.",<Invasive Pneumococcal Disease>; <Pneumonia>; <Otitis Media>,MSD Merck Sharp & Dohme AG,Merck Sharp & Dohme,68752,Streptococcus pneumoniae serotypes 1 / 3 / 4 / 5 / 6A / 6B / 7F / 9V / 14 / 18C / 19A / 19F / 22F / 23F / 33F polysaccharide conjugated to Corynebacterium diphtheriae CRM 197 protein,yes,no,suspension,Not reported,EMA
oral,01.07.2020,2020,authorised,SWISSMEDIC,approved,19.11.2021,2021,Infectious and parasitic diseases; Diseases of the respiratory system,swisspar_xofluza.pdf,Small molecule,Xofluza,Post-exposure prophylaxis of influenza in individuals aged 12 years and above,<Influenza>,yes,Prophylaxis of influenza,<Influenza>,Roche Pharma (Schweiz) AG,Roche,67426,baloxavirum marboxilum,no,no,tablet,Not reported,NA
oral,16.07.2020,2020,authorised (under additional monitoring),SWISSMEDIC,approved,26.04.2021,2021,Neoplasms; Diseases of the respiratory system,swisspar_tabrecta.pdf,Small molecule,Tabrecta,Tabrecta is indicated for the treatment of adult patients with metastatic non-small cell lung cancer (NSCLC) with a MET exon 14 skipping mutation.,<Non-Small Cell Lung Carcinoma>,no,Tabrecta is indicated for the treatment of patients with locally advanced or metastatic non-small cell lung cancer (NSCLC) with a MET-Exon-14-skipping mutation.,<Non-Small Cell Lung Cancer>,Novartis Pharma Schweiz AG,Novartis,67648,capmatinib,yes,yes,tablet,Not reported,FDA
oral,29.11.2019,2019,authorised (under additional monitoring),SWISSMEDIC,approved,01.07.2021,2021,Neoplasms; Diseases of the blood and blood-forming organs,swisspar_inrebic-1.pdf,Small molecule,INREBIC,"Inrebic is indicated for the treatment of splenomegaly or disease-associated symptoms in intermediate or high risk patients who have failed to respond, or are intolerant, to ruxolitinib.",<Not Reported>,no,Inrebic is a kinase inhibitor indicated for the treatment of adult patients with intermediate-2 or high-risk primary or secondary (post-polycythaemia vera or post-essential thrombocythaemia) myelofibrosis (MF).,<Myelofibrosis>,Celgene GmbH,Celgene,67792,fedratinib as fedratinib dihydrochloride monohydrate,yes,yes,capsule,Not reported,FDA
intranasal,01.04.2021,2021,authorised,SWISSMEDIC,approved,11.05.2022,2022,Infectious and parasitic diseases; Diseases of the respiratory system,swisspar_fluenz_tetra_final.pdf,Vaccine,FLUENZ TETRA,Active immunisation in children and adolescents from 24 months to 18 years of age. For prophylaxis of influenza caused by the two influenza A virus subtypes and the two influenza B virus subtypes contained in the vaccine.,<Influenza>,no,Prophylaxis of influenza in children and adolescents from 24 months to 18 years of age.,<Influenza>,AstraZeneca AG,AstraZeneca,68462,"reassortant live attenuated influenza virus strains of types A/H1N1, A/H3N2, B/Yamagata and B/Victoria",yes,no,suspension,Not reported,EMA
intravenous,08.12.2021,2021,authorised (under additional monitoring),SWISSMEDIC,conditional marketing authorisation,26.08.2022,2022,"Endocrine, nutritional, and metabolic diseases",swisspar_lamzede.pdf,Biologics,Lamzede,Enzyme replacement therapy for the treatment of non-neurological manifestations in patients with mild to moderate alpha-mannosidosis.,<Alpha-Mannosidosis>,no,Enzyme replacement therapy for non-neurological manifestations in patients with mild to moderate alpha-mannosidosis.,<Alpha-Mannosidosis>,Chiesi SA,Chiesi,68591,velmanasum alfa,no,yes,powder,Not reported,NA
oral,08.05.2019,2019,authorised,SWISSMEDIC,approved,11.08.2020,2020,Diseases of the nervous system,swisspar_zeposia.pdf,Small molecule,Zeposia,Zeposia is indicated for the treatment of adult patients with relapsing remitting multiple sclerosis (MS).,"<Multiple Sclerosis, Relapsing-Remitting>",no,Zeposia is indicated for the treatment of adults with relapsing multiple sclerosis (RMS).,"<Multiple Sclerosis, Relapsing-Remitting>",Celgene GmbH,Celgene,67046,ozanimod,no,no,capsule,Not reported,NA
ocular,22.07.2022,2022,authorised,SWISSMEDIC,approved,03.10.2023,2023,Diseases of the eye and adnexa,swisspar_roclanda.pdf,Small molecule,Roclanda,Reduction of elevated intraocular pressure (IOP) in adult patients with primary open-angle glaucoma or ocular hypertension for whom monotherapy with a prostaglandin provides insufficient IOP reduction.,"<Glaucoma, Open-Angle>; <Ocular Hypertension>",no,Reduction of elevated intraocular pressure (IOP) in adult patients with primary open-angle glaucoma or ocular hypertension for whom monotherapy with a prostaglandin or netarsudil provides insufficient IOP reduction.,"<Glaucoma, Open-Angle>; <Ocular Hypertension>",Santen SA,Santen,69043,"latanoprost, netarsudil",yes,no,solution,Not reported,CHMP
intravenous,25.11.2019,2019,authorised,SWISSMEDIC,approved,20.12.2021,2021,Diseases of the circulatory system,swisspar_heparin_sintetica.pdf,Biologics,Heparin Sintetica,"Treatment of thromboembolic disease of all causes and at any site, and relay treatment following thrombolytic therapy; in the event of myocardial infarction; inhibition of coagulation in the event of extracorporeal circulation and haemodialysis.",<Thromboembolism>; <Myocardial Infarction>,no,"Treatment of thromboembolic disease of all causes and at any site, and relay treatment following thrombolytic therapy; in the event of myocardial infarction; inhibition of coagulation in the event of extracorporeal circulation and haemodialysis.",<Thromboembolism>; <Myocardial Infarction>,Sintetica SA,Sintetica,67780,heparin sodium,yes,no,solution,Not reported,NA
intravenous,23.11.2021,2021,authorised,SWISSMEDIC,approved,03.03.2023,2023,Neoplasms,swisspar_locametz.pdf,Peptides and proteins,Locametz,Radiodiagnostic for identification of PSMA-positive lesions in prostate cancer,<Prostatic Neoplasms>,no,Radiodiagnostic for identification of PSMA-positive lesions in prostate cancer,<Prostatic Neoplasms>,ADVANCED ACCELERATOR,Advanced Accelerator,68685,gozetotide,yes,no,kit for radiopharmaceutical preparation,Not reported,NA
intramuscular,09.02.2022,2022,authorised (under additional monitoring),SWISSMEDIC,conditional marketing authorisation,09.09.2022,2022,Infectious and parasitic diseases,swisspar_evusheld-1.pdf,Biologics,Evusheld,pre-exposure prophylaxis of COVID-19 in adults and adolescents (12 years of age and older weighing at least 40 kg) unable to produce an adequate immune response to the SARS-CoV-2 vaccine and who are not currently infected with SARS-CoV-2 and who have not had recent contact with a person infected with SARS-CoV-2,<COVID-19>,no,prophylaxis of COVID-19 in adults and paediatric individuals (12 years of age and older weighing at least 40 kg),<COVID-19>,AstraZeneca AG,AstraZeneca,68704,cilgavimab / tixagevimab,yes,no,solution,Not reported,EMA
oral,12.04.2021,2021,authorised (under additional monitoring),SWISSMEDIC,approved,12.08.2021,2021,"Neoplasms; Diseases of the respiratory system; endocrine, nutritional, and metabolic diseases",swisspar_gavreto-1.pdf,Small molecule,Gavreto,RET Fusion-Positive Non-Small Cell Lung Cancer; RET-Mutant Medullary Thyroid Cancer; RET Fusion-Positive Thyroid Cancer,<Non-Small Cell Lung Cancer>; <Medullary Thyroid Cancer>; <Thyroid Cancer>,no,GAVRETO is indicated for the treatment of adult patients with metastatic RET fusion-positive non-small cell lung cancer (NSCLC) and who have experienced progression after previous treatment. GAVRETO is indicated for the treatment of adult and paediatric patients 12 years of age and older with advanced or metastatic RET-mutant medullary thyroid cancer (MTC) who require systemic therapy and who have experienced progression after previous treatment. GAVRETO is indicated for the treatment of adult and paediatric patients 12 years of age and older with advanced or metastatic RET fusion-positive thyroid cancer who require systemic therapy and who have experienced progression after previous treatment including radioactive iodine.,"<Non-Small Cell Lung Carcinoma>; <Thyroid Neoplasms>; <Medullary Carcinoma, Thyroid>",Roche Pharma (Schweiz) AG,Roche,68182,pralsetinib,yes,yes,capsule,Not reported,US-FDA
oral,11.01.2019,2019,authorised,SWISSMEDIC,approved,20.01.2020,2020,Diseases of the musculoskeletal system and connective tissue,swisspar_rinvoq_final.pdf,Small molecule,Rinvoq,"RINVOQ is indicated for the treatment of adults with moderately to severely active rheumatoid arthritis, who had an inadequate response or are intolerant to a treatment with one or more conventional synthetic disease-modifying anti-rheumatic drugs (csDMARD).",<Rheumatoid Arthritis>,no,RINVOQ is indicated for the treatment of adults with moderately to severely active rheumatoid arthritis.,<Rheumatoid Arthritis>,AbbVie AG,AbbVie,67257,"upadacitinib, upadacitinib hemihydrate",no,no,tablet,Not reported,NA
oral,15.05.2019,2019,authorised,SWISSMEDIC,approved,24.03.2020,2020,"Endocrine, nutritional, and metabolic diseases; Diseases of the circulatory system",swisspar_rybelsus_final.pdf,Peptides and proteins,Rybelsus,Rybelsus is used in addition to diet and exercise to treat adults with inadequately controlled type 2 diabetes mellitus: as monotherapy in case of contraindication or intolerance of metformin; in combination with other blood glucose-lowering medicines.,<Type 2 Diabetes Mellitus>,no,Rybelsus is indicated for the treatment of adults with insufficiently controlled type 2 diabetes mellitus as an adjunct to diet and exercise. Rybelsus is indicated to reduce the risk of serious undesirable cardiovascular events in adult patients with type 2 diabetes mellitus and established cardiovascular risk and/or chronic renal disease.,<Type 2 Diabetes Mellitus>; <Cardiovascular Diseases>; <Chronic Kidney Diseases>,Novo Nordisk Pharma AG,Novo Nordisk,67446,semaglutide,no,no,tablet,Not reported,NA
intravenous,22.04.2022,2022,authorised,SWISSMEDIC,approved,13.09.2023,2023,Neoplasms; Diseases of the digestive system,swisspar_imjudo_na_nas.pdf,Biologics,Imjudo,Hepatocellular Carcinoma (HCC) IMJUDO in combination with durvalumab is indicated for the treatment of patients with unresectable hepatocellular carcinoma (uHCC) who have not received prior systemic therapy.,<Hepatocellular Carcinoma>,no,Tremelimumab (TRADENAME) in combination with durvalumab is indicated for the treatment of patients with unresectable hepatocellular carcinoma (uHCC).,<Hepatocellular Carcinoma>,AstraZeneca AG,AstraZeneca,68706,tremelimumab,no,yes,concentrate,Not reported,NA
intravenous,02.06.2023,2023,authorised (under additional monitoring),SWISSMEDIC,approved,04.03.2024,2024,Diseases of the nervous system,swisspar_uplizna_na_nas.pdf,Biologics,Uplizna,Uplizna is indicated as monotherapy for the treatment of adult patients with neuromyelitis optica spectrum disorders (NMOSD) who are anti-aquaporin-4 immunoglobulin G (AQP4-IgG) seropositive,<Neuromyelitis Optica>,no,Uplizna is indicated as monotherapy for the treatment of adult patients with neuromyelitis optica spectrum disorders (NMOSD) who are anti-aquaporin-4 immunoglobulin G (AQP4-IgG) seropositive,<Neuromyelitis Optica>,Horizon Therapeutics,Horizon,69322,inebilizumab,yes,yes,concentrate,Not reported,EMA
oral,21.04.2023,2023,authorised (under additional monitoring),SWISSMEDIC,approved,18.07.2024,2024,diseases of the digestive system; Diseases of the skin,swisspar_livmarli.pdf,Small molecule,Livmarli,treatment of cholestatic pruritus in patients with Alagille syndrome (ALGS) 3 months of age and older,<Alagille Syndrome>,no,treatment of cholestatic pruritus in patients with Alagille syndrome (ALGS) 3 months of age and older,<Cholestasis>; <Alagille Syndrome>,Mirum Pharmaceuticals AG,Mirum,69201,maralixibat chloride,yes,yes,solution,Not reported,FDA
subcutaneous,06.07.2023,2023,authorised (under additional monitoring),SWISSMEDIC,conditional marketing authorisation,15.02.2024,2024,Neoplasms; Diseases of the blood and blood-forming organs,swisspar_tepkinly_na_nas.pdf,Biologics,Tepkinly,"Monotherapy for the treatment of adult patients with relapsed or refractory diffuse large B-cell lymphoma (DLBCL), after 2 or more lines of systemic therapy, including a CD20 antibody, where patient is unable to receive, or has previously received, anti-CD19-targeted CAR-T cell therapy.",<Diffuse Large B-Cell Lymphoma>,no,"Treatment of adult patients with relapsed or refractory diffuse large B-cell lymphoma (DLBCL) after 2 or more lines of systemic therapy, where patient is unable to receive, or has previously received, CAR-T cell therapy.",<Diffuse Large B-Cell Lymphoma>,AbbVie AG,AbbVie,69161,epcoritamab,yes,yes,concentrate,Not reported,CHMP
intravenous,19.10.2022,2022,authorised (under additional monitoring),SWISSMEDIC,approved,29.08.2023,2023,Diseases of the nervous system,swisspar_ultomiris_final.pdf,Biologics,Ultomiris,Neuromyelitis optica spectrum disorder (NMOSD),<Neuromyelitis Optica>,yes,Neuromyelitis optica spectrum disorder (NMOSD),<Neuromyelitis Optica>,Alexion Pharma GmbH,Alexion,67278,ravulizumab,yes,yes,concentrate,Not reported,NA
oral,08.03.2021,2021,authorised,SWISSMEDIC,approved,30.01.2023,2023,Diseases of the digestive system,swisspar_spaverin.pdf,Small molecule,Spaverin,"Symptomatic treatment of gastrointestinal complaints (pain, cramps) in the context of functional disorders of the gastrointestinal tract.",<Functional Gastrointestinal Disorders>,no,"Smooth muscle spasms in diseases of the hepato-biliary system: cholecystolithiasis, cholangiolithiasis, cholecystitis, pericholecystitis, cholangitis, papillitis. Smooth muscle spasms of the urogenital system: nephrolithiasis, ureterolithiasis, pyelitis, cystitis, tenesmus of urinary bladder. As adjuvant: Smooth muscle spasm of the gastrointestinal system: ventricular and duodenal ulcer, gastritis, spasm of the pylorus or cardia, enteritis, colitis, irritable colon syndrome predominantly with constipation or with abdominal distension. Tension-type headache. Gynaecological disease: dysmenorrhoea.",<Cholecystolithiasis>; <Cholangiolithiasis>; <Cholecystitis>; <Pericholecystitis>; <Cholangitis>; <Papillitis>; <Nephrolithiasis>; <Ureterolithiasis>; <Pyelitis>; <Cystitis>; <Tenesmus>; <Peptic Ulcer>; <Gastritis>; <Pyloric Stenosis>; <Cardia Stenosis>; <Enteritis>; <Colitis>; <Irritable Bowel Syndrome>; <Tension-Type Headache>; <Dysmenorrhea>,Target BioScience AG,Target BioScience,68410,drotaverine hydrochloride,yes,no,tablet,Not reported,Hungary
oral,22.04.2021,2021,withdrawn,SWISSMEDIC,approved,16.12.2021,2021,Neoplasms; Diseases of the respiratory system,swisspar_lumykras_final_mit_fi.pdf,Small molecule,Lumykras,LUMYKRAS is indicated as monotherapy for the treatment of adult patients with KRAS G12C-mutated locally advanced or metastatic non-squamous non-small cell lung cancer (NSCLC) who have experienced progression after prior treatment with platinum-based chemotherapy and/or anti-PD-1/PD-L1 immunotherapy.,<Non-Small Cell Lung Carcinoma>,no,LUMYKRAS is indicated as monotherapy for the treatment of adult patients with previously treated KRAS G12C-mutated locally advanced or metastatic non-small cell lung cancer (NSCLC).,<Non-Small Cell Lung Cancer>,Amgen Switzerland AG,Amgen,67693,sotorasib,no,yes,tablet,Not reported,NA
oral,17.03.2022,2022,authorised (under additional monitoring),SWISSMEDIC,approved,19.06.2023,2023,Diseases of the blood and blood-forming organs; Diseases of the genitourinary system,swisspar_vafseo_final.pdf,Small molecule,Vafseo,treatment of symptomatic anaemia associated with chronic kidney disease (CKD) in adults on chronic maintenance dialysis,<Anemia>; <Chronic Kidney Disease>,no,treatment of anaemia associated with chronic kidney disease (CKD) in adults,<Anaemia>; <Chronic Kidney Disease>,Voisin Consulting CH Sàrl,Voisin,68862,vadadustat,no,no,tablet,Not reported,NA
intravitreal,22.06.2021,2021,authorised,SWISSMEDIC,approved,25.05.2022,2022,"Diseases of the eye and adnexa; Endocrine, nutritional, and metabolic diseases",swisspar_vabysmo_final.pdf,Biologics,VABYSMO,neovascular (wet) age-related macular degeneration (nAMD); diabetic macular oedema (DME),<Macular Degeneration>; <Diabetic Retinopathy>,no,neovascular (wet) age-related macular degeneration (nAMD); diabetic macular oedema (DME),<Macular Degeneration>; <Diabetic Macular Edema>,Roche Pharma (Schweiz) AG,Roche,68395,faricimab,yes,no,solution,Not reported,Not reported
subcutaneous,15.07.2021,2021,authorised (under additional monitoring),SWISSMEDIC,approved,13.06.2022,2022,Diseases of the respiratory system,swisspar_tezspire_final.pdf,Biologics,TEZSPIRE,in addition to inhaled maintenance therapy in adults with severe asthma with inadequate asthma control and at least one severe exacerbation in the past 12 months despite concomitant treatment with inhaled corticosteroids and long-acting bronchodilators,<Asthma>,no,adjunct to maintenance therapy in adults with severe asthma,<Asthma>,AstraZeneca AG,AstraZeneca,68454,tezepelumab,no,no,solution,Not reported,NA
oral,02.09.2021,2021,authorised (under additional monitoring),SWISSMEDIC,approved,30.08.2022,2022,Diseases of the nervous system; Congenital malformations and chromosomal abnormalities,swisspar_epidyolex_ie-1.pdf,Small molecule,Epidyolex,adjunctive therapy of tuberous sclerosis complex (TSC) in patients 2 years of age and older,<Tuberous Sclerosis>,yes,adjunctive therapy of seizures associated with tuberous sclerosis complex (TSC) for patients 1 year of age and older,<Seizures>; <Tuberous Sclerosis>,DRAC AG,DRAC,67590,cannabidiol,yes,no,solution,Not reported,EMA
intravenous,11.05.2023,2023,authorised (under additional monitoring),SWISSMEDIC,approved,18.04.2024,2024,Neoplasms; Diseases of the nervous system,swisspar_qarziba.pdf,Biologics,Qarziba,"Qarziba is used in combination with isotretinoin for the treatment of high-risk neuroblastoma in paediatric patients aged 12 months and above, who have previously received induction chemotherapy and achieved at least a partial response, followed by myeloablative therapy and stem cell transplantation.",<Neuroblastoma>,no,"Qarziba is indicated for the treatment of high-risk neuroblastoma in patients aged 12 months and above, who have previously received induction chemotherapy and achieved at least a partial response, followed by myeloablative therapy and stem cell transplantation, as well as patients with a history of relapsed or refractory neuroblastoma, with or without residual disease.",<Neuroblastoma>,Medius AG,Medius,67463,dinutuximab beta,yes,yes,concentrate,Not reported,EMA
oral,12.04.2019,2019,authorised,SWISSMEDIC,approved,19.06.2020,2020,Neoplasms,swisspar_nubeqa_final.pdf,Small molecule,NUBEQA,"NUBEQA, in combination with androgen deprivation therapy (ADT), is indicated for the treatment of adult patients with non-metastatic castration-resistant prostate cancer (nmCRPC) who are at high risk of developing metastatic disease (in particular PSADT ≤10 months; see “Clinical efficacy”).",<Prostatic Neoplasms>,no,"NUBEQA, in combination with androgen deprivation therapy (ADT), is indicated for the treatment of adult patients with non-metastatic, castration-resistant prostate cancer (nmCRPC) who are at high risk of developing metastases (in particular, PSADT ≤10 months).",<Prostatic Neoplasms>,Bayer (Schweiz) AG,Bayer,67521,darolutamidum,no,no,tablet,Not reported,NA
subcutaneous,26.08.2022,2022,authorised (under additional monitoring),SWISSMEDIC,approved,08.08.2023,2023,Diseases of the blood and blood-forming organs,swisspar_alhemol.pdf,Biologics,Alhemo,Concizumab is indicated for the treatment of adolescent and adult patients (12 years of age or older) with haemophilia B (congenital factor IX [FIX] deficiency) who have FIX inhibitors and require routine prophylaxis to prevent or reduce the frequency of bleeding episodes.,<Hemophilia B>,no,Routine prophylaxis to prevent or reduce the frequency of bleeding episodes in patients from 12 years with haemophilia B (congenital factor IX [FIX] deficiency) with FIX inhibitors.,<Hemophilia B>,Novo Nordisk Pharma AG,Novo Nordisk,68844,concizumab,no,yes,solution,Not reported,NA
oral,03.11.2020,2020,authorised,SWISSMEDIC,approved,05.04.2022,2022,Diseases of the skin,swisspar_cibinqo_final.pdf,Small molecule,CIBINQO,treatment of moderate to severe atopic dermatitis in adults when therapy with topical medications does not provide adequate disease control or cannot be used,"<Dermatitis, Atopic>",no,moderate to severe atopic dermatitis in adults and patients 12 years of age and older who are candidates for systemic therapy,"<Dermatitis, Atopic>",Pfizer AG,Pfizer,68174,abrocitinib,yes,no,tablet,Not reported,Not reported
oral,01.09.2020,2020,authorised (under additional monitoring),SWISSMEDIC,approved,22.03.2022,2022,Diseases of the nervous system; Diseases of the respiratory system,swisspar_sunosi.pdf,Small molecule,Sunosi,Sunosi is indicated to improve wakefulness and reduce excessive daytime sleepiness (EDS) in adult patients with obstructive sleep apnoea (OSA) whose EDS has not been satisfactorily treated by primary OSA therapy. Sunosi is indicated to improve wakefulness and reduce excessive sleepiness in adult patients with narcolepsy.,<Obstructive Sleep Apnea>; <Narcolepsy>,no,Sunosi is indicated to improve wakefulness and reduce excessive daytime sleepiness in adult patients with narcolepsy or obstructive sleep apnoea (OSA).,"<Narcolepsy>; <Sleep Apnea, Obstructive>",Clinipace AG,Clinipace,68177,solriamfetol,yes,no,tablet,Not reported,European Medicines Agency
oral,01.11.2022,2022,authorised,SWISSMEDIC,approved,07.06.2024,2024,Diseases of the digestive system,swisspar_rinvoq_morbus_crohn.pdf,Small molecule,Rinvoq,"treatment of adult patients with moderately to severely active Crohn’s disease who have had an inadequate response, lost response, or were intolerant to at least 1 biologic agent, or for whom such a therapy is contraindicated.",<Crohn Disease>,yes,"treatment of adult patients with moderately to severely active Crohn's disease who have responded inadequately to, no longer respond to, or are intolerant of conventional therapy or a biologic, or for whom such therapies are inadvisable.",<Crohn Disease>,AbbVie AG,AbbVie,67257,upadacitinib as upadacitinib hemihydrate,yes,no,tablet,Not reported,NA
subcutaneous,02.03.2021,2021,authorised,SWISSMEDIC,approved,09.09.2022,2022,"Endocrine, nutritional, and metabolic diseases",swisspar_ngenla.pdf,Biologics,Ngenla,Growth disorders in children and adolescents aged 3 years and above in cases of proven growth hormone deficiency,<Growth Disorders>,no,long-term treatment of paediatric patients with growth disturbance due to insufficient secretion of growth hormone,<Growth Disorders>,Pfizer AG,Pfizer,68265,somatrogon,no,yes,solution,Not reported,NA
oral,07.07.2022,2022,authorised (under additional monitoring),SWISSMEDIC,conditional marketing authorisation,21.03.2024,2024,Neoplasms; Diseases of the nervous system; Diseases of the digestive system,swisspar_welireg.pdf,Small molecule,Welireg,"Welireg as monotherapy is indicated for the treatment of adult patients with von Hippel-Lindau (VHL) disease who require therapy for VHL-associated renal cell carcinoma (RCC), central nervous system (CNS) haemangioblastomas, or pancreatic neuroendocrine tumours (pNET), not requiring immediate surgery.",<von Hippel-Lindau Disease>; <Renal Cell Carcinoma>; <Central Nervous System Hemangioblastoma>; <Pancreatic Neuroendocrine Tumors>,no,"Welireg as monotherapy is indicated for the treatment of adult patients with von Hippel-Lindau (VHL) disease who require therapy for VHL-associated renal cell carcinoma (RCC), central nervous system (CNS) haemangioblastomas, or pancreatic neuroendocrine tumours (pNET), not requiring immediate surgery.",<Von Hippel-Lindau Disease>; <Renal Cell Carcinoma>; <Central Nervous System Hemangioblastoma>; <Pancreatic Neuroendocrine Tumors>,MSD Merck Sharp & Dohme AG,Merck Sharp & Dohme,68531,belzutifan,yes,yes,tablet,Not reported,MHRA
oral,29.01.2021,2021,authorised (under additional monitoring),SWISSMEDIC,approved,14.09.2021,2021,"Endocrine, nutritional, and metabolic diseases",swisspar_trikafta_ie.pdf,Small molecule,Trikafta,Trikafta is indicated for the treatment of cystic fibrosis (CF) in patients aged 12 years and older who have at least one F508del mutation in the cystic fibrosis transmembrane conductance regulator (CFTR) gene,<Cystic Fibrosis>,yes,Trikafta is indicated for the treatment of cystic fibrosis (CF) in patients aged 12 years and older who have at least one F508del mutation in the cystic fibrosis transmembrane conductance regulator (CFTR) gene,<Cystic Fibrosis>,Vertex Pharmaceuticals (CH) GmbH,Vertex,67773,"elexacaftor, ivacaftor, tezacaftor",yes,yes,tablet,Not reported,NA
subcutaneous,16.06.2021,2021,authorised (under additional monitoring),SWISSMEDIC,approved,27.10.2022,2022,Diseases of the skin,swisspar_bimzelx_final.pdf,Biologics,Bimzelx,treatment of moderate to severe plaque psoriasis in adult patients who are candidates for systemic therapy,<Plaque Psoriasis>,no,treatment of moderate to severe plaque psoriasis in adults who are candidates for systemic therapy or phototherapy,<Plaque Psoriasis>,UCB-Pharma SA,UCB,68548,bimekizumab,yes,no,solution,Not reported,EMA
intravenous,20.04.2023,2023,authorised (under additional monitoring),SWISSMEDIC,approved,22.12.2023,2023,Neoplasms,swisspar_jemperli.pdf,Biologics,Jemperli,Jemperli is indicated in combination with therapy containing carboplatin and paclitaxel for the treatment of adult patients with primary recurrent or advanced endometrial cancer (EC) with deficient DNA mismatch repair (dMMR) / high microsatellite instability (MSI-H) with a high risk of recurrence.,<Endometrial Neoplasms>,yes,Jemperli is indicated in combination with platinum-containing chemotherapy for the treatment of adult patients with primary advanced or recurrent endometrial cancer (EC) with deficient DNA mismatch repair (dMMR) / high microsatellite instability (MSI-H) who are candidates for systemic therapy.,<Endometrial Neoplasms>,GlaxoSmithKline AG,GlaxoSmithKline,68023,dostarlimab,yes,no,concentrate,Not reported,NA
intravenous,02.12.2020,2020,authorised (under additional monitoring),SWISSMEDIC,approved,24.08.2021,2021,Diseases of the blood and blood-forming organs; Diseases of the genitourinary system,swisspar_ultomiris_ie.pdf,Biologics,Ultomiris,"Ultomiris is used in the treatment of patients weighing 10 kg and over with atypical haemolytic uraemic syndrome (aHUS) who have not previously been treated with complement inhibitors (complement inhibitor-naïve patients) or have received eculizumab for at least 3 months, with evidence of a response to eculizumab.",<Atypical Hemolytic Uremic Syndrome>,yes,Ultomiris is used in the treatment of patients with a body weight of 10 kg and over with atypical haemolytic uremic syndrome (aHUS) who are complement inhibitor treatment-naïve or have received eculizumab for at least 3 months and have evidence of response to eculizumab,<Atypical Hemolytic Uremic Syndrome>,Alexion Pharma GmbH,Alexion,67278,ravulizumab,yes,yes,concentrate,Not reported,European Medicines Agency EMA
oral,28.04.2021,2021,authorised (under additional monitoring),SWISSMEDIC,approved,22.11.2022,2022,Diseases of the circulatory system,swisspar_vazkepa_final.pdf,Small molecule,VAZKEPA,"Vazkepa is indicated to reduce the risk of cardiovascular events in adult statin-treated patients at high cardiovascular risk with elevated triglycerides (≥ 150 mg/dL [≥ 1.7 mmol/L]) and established cardiovascular disease, or diabetes, and at least one other cardiovascular risk factor.",<Diabetes Mellitus>,no,Vazkepa is used to reduce the risk of cardiovascular events in statin-treated adult patients at high cardiovascular risk with elevated triglyceride levels (≥ 150 mg/dL) as well as: established cardiovascular disease or diabetes and at least one other cardiovascular risk factor.,<Diabetes Mellitus>,Amarin Switzerland GmbH,Amarin,68354,icosapent ethyl,yes,no,capsule,Not reported,EMA CHMP
intravitreal,24.08.2023,2023,authorised (under additional monitoring),SWISSMEDIC,approved,11.07.2024,2024,Diseases of the eye and adnexa,swisspar_vabysmo_g102701735.pdf,Biologics,Vabysmo,Treatment of macular oedema secondary to retinal vein occlusion (branch retinal vein occlusion (BRVO) and central retinal vein occlusion (CRVO)).,<Macular Edema>; <Retinal Vein Occlusion>,yes,Treatment of macular oedema due to retinal vein occlusion (branch retinal vein occlusion (BRVO) and central retinal vein occlusion (CRVO)).,<Macular Edema>; <Retinal Vein Occlusion>,Roche Pharma (Schweiz) AG,Roche,68395,faricimab,yes,no,solution,Not reported,NA
intravenous,14.08.2020,2020,authorised (under additional monitoring),SWISSMEDIC,approved,29.11.2021,2021,Neoplasms,swisspar_enhertu_g102637736.pdf,Biologics,Enhertu,"Enhertu as monotherapy is indicated for the treatment of adult patients with unresectable or metastatic HER2-positive breast cancer who have received two or more prior anti-HER2-based regimens, including trastuzumab, and have had disease progression on trastuzumab emtansine (T-DM1).",<Breast Neoplasms>,no,Trastuzumab deruxtecan is indicated for the treatment of adult patients with unresectable or metastatic HER2-positive breast cancer who have received two or more prior anti-HER2-based regimens.,<Breast Neoplasms>,Daiichi Sankyo (Schweiz) AG,Daiichi Sankyo,67967,trastuzumab deruxtecan,yes,no,powder,Not reported,FDA
intravenous,22.01.2024,2024,authorised (under additional monitoring),SWISSMEDIC,approved,17.09.2024,2024,Neoplasms; Diseases of the genitourinary system,swisspar_padcev.pdf,Biologics,Padcev,"Padcev, in combination with pembrolizumab, is indicated for the first-line treatment of adult patients with unresectable or metastatic urothelial cancer (mUC).",<Urothelial Cancer>,yes,Padcev in combination with pembrolizumab is indicated for the treatment of adult patients with locally advanced or metastatic urothelial carcinoma.,<Urothelial Carcinoma>,Astellas Pharma AG,Astellas,68291,enfortumab vedotin,no,no,powder,Not reported,NA
oral,25.04.2024,2024,authorised (under additional monitoring),SWISSMEDIC,conditional marketing authorisation,08.10.2024,2024,Neoplasms; Diseases of the digestive system,swisspar_lytgobi.pdf,Small molecule,Lytgobi,Lytgobi monotherapy is indicated for the treatment of adult patients with locally advanced or metastatic cholangiocarcinoma with a fibroblast growth factor receptor 2 (FGFR2) fusion or rearrangement that have progressed after at least one prior line of systemic therapy.,<Cholangiocarcinoma>,no,Lytgobi monotherapy is indicated for the treatment of adult patients with locally advanced or metastatic cholangiocarcinoma with a fibroblast growth factor receptor 2 (FGFR2) fusion or rearrangement that have progressed after at least one prior line of systemic therapy.,<Cholangiocarcinoma>,Taiho Oncology Europe GmbH,Taiho,69714,futibatinib,yes,yes,tablet,EMEA/H/C/005627/0000,European Medicines Agency (EMA)
intravenous,10.05.2022,2022,authorised (under additional monitoring),SWISSMEDIC,conditional marketing authorisation,09.02.2023,2023,Neoplasms; Diseases of the blood and blood-forming organs,swisspar_lunsumio.pdf,Biologics,Lunsumio,"Lunsumio is indicated as a monotherapy for the treatment of adult patients with relapsed or refractory follicular lymphoma (FL) who have received at least two prior systemic lines of therapy, including a monoclonal anti-CD20 antibody and an alkylating agent.",<Follicular Lymphoma>,no,Mosunetuzumab as monotherapy is indicated for the treatment of adult patients with relapsed or refractory follicular lymphoma (FL) who have received at least two prior systemic therapies.,<Follicular Lymphoma>,Roche Pharma (Schweiz) AG,Roche,68314,mosunetuzumab,yes,yes,concentrate,Not reported,EMA
intravenous,03.04.2023,2023,authorised,SWISSMEDIC,approved,19.12.2023,2023,"Endocrine, nutritional, and metabolic diseases",xenpozyme_assessment_report_swisspar_nach_uebersetzung.pdf,Biologics,Xenpozyme,Xenpozyme is indicated as an enzyme replacement therapy for the treatment of non-central nervous system manifestations of acid sphingomyelinase deficiency (ASMD) of type A/B or type B in paediatric and adult patients.,<Acid Sphingomyelinase Deficiency>,no,Xenpozyme is indicated as an enzyme replacement therapy for the treatment of non-central nervous system (CNS) manifestations of acid sphingomyelinase deficiency (ASMD) in paediatric and adult patients.,<Acid Sphingomyelinase Deficiency>,Sanofi-Aventis (Suisse) SA,Sanofi-Aventis,67287,olipudase alfa,yes,yes,powder,Not reported,EMA
intravenous,25.01.2021,2021,authorised,SWISSMEDIC,approved,09.09.2021,2021,Neoplasms,assessment_report_swisspar_trodelvy_g102639433.pdf,Biologics,Trodelvy,"TRODELVY is indicated for the treatment of adult patients with unresectable locally advanced or metastatic triple-negative breast cancer (mTNBC) who have received at least two prior therapies, at least one of them for metastatic disease.",<Breast Neoplasms>,no,TRODELVY is indicated for the treatment of adult patients with unresectable locally advanced or metastatic triple-negative breast cancer (mTNBC) who have received at least two prior therapies.,<Breast Neoplasms>,Gilead Sciences Switzerland Sàrl,Gilead,68179,sacituzumab govitecan,yes,no,powder,Not reported,FDA
intravenous,20.05.2022,2022,authorised (under additional monitoring),SWISSMEDIC,approved,09.05.2023,2023,Neoplasms; Diseases of the eye and adnexa,swisspar_kimmtrak_final.pdf,Biologics,KIMMTRAK,KIMMTRAK is indicated as monotherapy for the treatment of human leukocyte antigen (HLA)-A*02:01-positive adult patients with unresectable or metastatic uveal melanoma.,<Uveal Melanoma>,no,KIMMTRAK is indicated as monotherapy for the treatment of human leukocyte antigen HLA-A*02:01-positive adult patients with unresectable or metastatic uveal melanoma.,<Uveal Melanoma>,Immunocore GmbH,Immunocore,68846,tebentafusp,yes,yes,concentrate,Not reported,EMA
intramuscular,29.04.2020,2020,authorised,SWISSMEDIC,approved,07.10.2021,2021,Infectious and parasitic diseases,swisspar_shingrix.pdf,Vaccine,Shingrix,prevention of herpes zoster (HZ) in adults aged 50 years or older and in adults aged 18 years or older at increased risk of HZ,<Herpes Zoster>,no,prevention of herpes zoster in adults aged 50 years or older and in adults aged 18 years or older with increased risk for HZ,<Herpes Zoster>,GlaxoSmithKline AG,GlaxoSmithKline,67987,Varicella zoster virus glycoprotein E antigen,yes,no,powder; suspension,Not reported,EMA
intramuscular,25.08.2022,2022,authorised (under additional monitoring),SWISSMEDIC,approved,18.04.2024,2024,Neoplasms; Diseases of the blood and blood-forming organs,swisspar_enrylaze.pdf,Biologics,Enrylaze,Enrylaze is indicated as a component of a multi-agent chemotherapeutic regimen for the treatment of acute lymphoblastic leukaemia (ALL) and lymphoblastic lymphoma (LBL) in adult and paediatric patients who developed hypersensitivity to E. coli-derived asparaginase.,<Precursor Cell Lymphoblastic Leukemia-Lymphoma>,no,Enrylaze is a component of a chemotherapeutic combination therapy for the treatment of acute lymphoblastic leukaemia (ALL) and lymphoblastic lymphoma (LBL) in adult and paediatric patients who have developed hypersensitivity or silent inactivation to E. coli-derived asparaginase.,<Precursor Cell Lymphoblastic Leukemia-Lymphoma>,Jazz Pharmaceuticals,Jazz,69073,crisantaspase,yes,yes,solution,Not reported,FDA
intravenous,25.01.2021,2021,authorised (under additional monitoring),SWISSMEDIC,conditional marketing authorisation,17.02.2022,2022,Neoplasms; Diseases of the genitourinary system,swisspar_jemperli_final.pdf,Biologics,Jemperli,Jemperli is indicated as monotherapy for the treatment of adult patients with recurrent or advanced endometrial cancer (EC) with deficient DNA mismatch repair (dMMR) / high levels of microsatellite instability (MSI-H) that has progressed during or after prior treatment with a platinum-based treatment regimen.,<Endometrial Neoplasms>,no,Dostarlimab is indicated as monotherapy for the treatment of adult patients with recurrent or advanced mismatch repair-deficient (dMMR) / microsatellite instability-high (MSI-H) endometrial cancer that has progressed on or following prior treatment with a platinum-containing regimen.,<Endometrial Neoplasms>,GlaxoSmithKline AG,GlaxoSmithKline,68023,dostarlimab,yes,Not reported,concentrate,Not reported,EMA CHMP
oral,01.09.2020,2020,authorised,SWISSMEDIC,approved,24.01.2022,2022,"Endocrine, nutritional, and metabolic diseases",swisspar_nityr_final.pdf,Small molecule,Nityr,"Nityr is used in addition to appropriate dietary measures, including restriction of tyrosine and phenylalanine intake, in children, adolescents, and adults with hereditary tyrosinemia type 1 (HT-1).",<Hereditary Tyrosinemia Type 1>,no,Treatment of adult and paediatric (in any age range) patients with confirmed diagnosis of hereditary tyrosinemia type 1 (HT-1) in combination with dietary restriction of tyrosine and phenylalanine.,<Hereditary Tyrosinemias>,Curatis AG,Curatis,67970,nitisinone,yes,yes,tablet,Not reported,EMA
subcutaneous,06.01.2022,2022,authorised (under additional monitoring),SWISSMEDIC,approved,23.03.2023,2023,Diseases of the blood and blood-forming organs,swisspar_aspaveli.pdf,Peptides and proteins,Aspaveli,"Aspaveli is indicated for the treatment of adult patients with paroxysmal nocturnal haemoglobinuria (PNH), who have an inadequate response to treatment with a C5 inhibitor.",<Paroxysmal Nocturnal Hemoglobinuria>,yes,Aspaveli is indicated for the treatment of adult patients with paroxysmal nocturnal haemoglobinuria (PNH) previously treated with standard therapy.,<Paroxysmal Nocturnal Hemoglobinuria>,Swedish Orphan Biovitrum AG,Swedish Orphan Biovitrum,68674,pegcetacoplan,yes,yes,solution,Not reported,EMA
intramuscular,08.09.2022,2022,authorised (under additional monitoring),SWISSMEDIC,approved,16.11.2023,2023,Other,swisspar_nuceiva.pdf,Biologics,Nuceiva,"Temporary improvement in the appearance of moderate to severe vertical lines between the eyebrows seen at maximum frown (glabellar lines), when the severity of the above facial lines has an important psychological impact in adults below 65 years of age.",<Not Reported>,no,"Temporary improvement in the appearance of moderate to severe vertical lines between the eyebrows seen at maximum frown (glabellar lines), when the severity of the above facial lines has an important psychological impact in adults below 65 years of age.",<Not Reported>,PharmaCons GmbH,PharmaCons,69120,botulinum toxin type A (strain KCDC),yes,no,powder,Not reported,EMA
intravenous,31.03.2023,2023,authorised (under additional monitoring),SWISSMEDIC,conditional marketing authorisation,08.05.2024,2024,Neoplasms; Diseases of the digestive system,swisspar_enhertu_ie-1.pdf,Biologics,Enhertu,Enhertu as monotherapy is indicated for the treatment of adult patients with locally advanced or metastatic HER2-positive gastric or gastroesophageal junction (GEJ) adenocarcinoma who have disease progression on or after a first-line regimen with trastuzumab and chemotherapy.,<Gastric Adenocarcinoma>; <Gastroesophageal Junction Adenocarcinoma>,yes,Enhertu as monotherapy is indicated for the treatment of adult patients with locally advanced or metastatic HER2-positive gastric or gastroesophageal junction (GEJ) adenocarcinoma who have received a prior trastuzumab-based regimen.,<Gastric Adenocarcinoma>; <Gastroesophageal Junction Adenocarcinoma>,Daiichi Sankyo (Schweiz) AG,Daiichi Sankyo,67967,trastuzumab deruxtecan,yes,no,powder,Not reported,NA
topical,22.12.2020,2020,authorised (under additional monitoring),SWISSMEDIC,approved,03.02.2022,2022,Diseases of the skin,swisspar_klisyri.pdf,Small molecule,Klisyri,"Klisyri is indicated for the topical field treatment of non-hyperkeratotic, non-hypertrophic actinic keratosis of the face or scalp in adults.",<Actinic Keratosis>,no,"Klisyri is indicated for the field treatment of non-hyperkeratotic, non-hypertrophic actinic keratosis of the face or scalp in adults.",<Actinic Keratosis>,Almirall AG,Almirall,68322,tirbanibulin,yes,no,ointment,Not reported,FDA
subcutaneous,01.04.2022,2022,authorised,SWISSMEDIC,approved,07.07.2023,2023,Infectious and parasitic diseases,swisspar_sunlenca.pdf,Small molecule,Sunlenca,"Sunlenca, in combination with optimised background antiretroviral therapy, is indicated for the treatment of human immunodeficiency virus type 1 (HIV-1) infection in heavily treatment-experienced adults with multidrug-resistant HIV-1 infection failing their current antiretroviral regimen due to resistance, intolerance, or safety considerations.",<Acquired Immunodeficiency Syndrome>,no,"Sunlenca, in combination with other antiretrovirals, is indicated for the treatment of human immunodeficiency virus type 1 (HIV-1) infection in adults with multidrug-resistant HIV-1 infection failing their current antiretroviral regimen due to resistance, intolerance, or safety considerations.",<Human Immunodeficiency Virus>,Gilead Sciences Switzerland Sàrl,Gilead,68385,lenacapavir,no,no,solution,Not reported,NA
oral,18.10.2021,2021,authorised (under additional monitoring),SWISSMEDIC,approved,01.03.2024,2024,"Diseases of the eye and adnexa; Endocrine, nutritional, and metabolic diseases",swisspar_raxone.pdf,Small molecule,Raxone,Raxone is indicated for the treatment of visual impairment in adolescent patients from 12 years of age and adult patients with Leber’s Hereditary Optic Neuropathy (LHON).,<Leber Hereditary Optic Neuropathy>,no,Raxone is indicated for the treatment of visual impairment in adolescent and adult patients with Leber’s Hereditary Optic Neuropathy (LHON).,<Leber Hereditary Optic Neuropathy>,Chiesi SA,Chiesi,68063,idebenone,yes,yes,tablet,EMEA/H/C/003834,EMA
oral,15.03.2023,2023,authorised (under additional monitoring),SWISSMEDIC,approved,01.02.2024,2024,Neoplasms; Diseases of the blood and blood-forming organs,swisspar_brukinsa-1.pdf,Small molecule,Brukinsa,"Brukinsa in combination with obinutuzumab is indicated for the treatment of adult patients with refractory or relapsed grade 1-3a follicular lymphoma (FL) who have received at least two prior lines of therapy, including anti-CD20 antibody therapy.",<Follicular Lymphoma>,yes,Brukinsa in combination with obinutuzumab is indicated for the treatment of adult patients with refractory or remitted follicular lymphoma (FL) who have received at least two prior systemic therapies.,<Follicular Lymphoma>,BeiGene Switzerland GmbH,BeiGene,67998,zanubrutinib,yes,no,capsule,Not reported,Not reported
oral,30.09.2022,2022,authorised (under additional monitoring),SWISSMEDIC,approved,04.10.2023,2023,Infectious and parasitic diseases,swisspar_xofluza_new_indication_final.pdf,Small molecule,Xofluza,Treatment of influenza; Influenza post-exposure prophylaxis,<Influenza>,yes,Treatment of influenza; Influenza post-exposure prophylaxis,<Influenza>,Roche Pharma (Schweiz) AG,Roche,67426,baloxavir marboxil,yes,no,tablet,Not reported,NA
intravenous,28.05.2020,2020,authorised (under additional monitoring),SWISSMEDIC,approved,28.06.2021,2021,Diseases of the nervous system; Congenital malformations and chromosomal abnormalities,2024-10-09_swisspar_zolgensma_final_fi_engl.pdf,Cell and gene therapy,Zolgensma,"patients with 5q spinal muscular atrophy (SMA) with a bi-allelic mutation in the SMN1 gene and a clinical diagnosis of SMA type 1, or patients with 5q SMA with a bi-allelic mutation in the SMN1 gene and up to 3 copies of the SMN2 gene.",<Spinal Muscular Atrophy>,no,"patients with 5q spinal muscular atrophy (SMA) with a bi-allelic mutation in the SMN1 gene and a clinical diagnosis of SMA Type 1, or patients with 5q SMA with a bi-allelic mutation in the SMN1 gene and up to 3 copies of the SMN2 gene.",<Spinal Muscular Atrophy>,Novartis Pharma Schweiz AG,Novartis,67529,onasemnogene abeparvovec,no,yes,solution,Not reported,NA
topical,23.12.2020,2020,authorised,SWISSMEDIC,approved,21.04.2022,2022,"Injury, poisoning and certain other consequences of external causes",swisspar_nexobrid.pdf,Other,NexoBrid,removal of eschar in adults with deep partial and full-thickness thermal burns,<Thermal Burns>,no,treatment of eschar in adults with deep partial and full-thickness thermal burns,<Eschar>,Triskel Integrated Services SA,Triskel,68012,concentrate of proteolytic enzymes enriched in bromelain,yes,yes,powder; gel,Not reported,EMA CHMP
oral,01.06.2023,2023,authorised (under additional monitoring),SWISSMEDIC,approved,10.09.2024,2024,Diseases of the digestive system,swisspar_velsipity.pdf,Small molecule,Velsipity,"Treatment of adult patients with moderately to severely active ulcerative colitis (UC) who have had an inadequate response with, lost response to, or were intolerant to either conventional therapy or a biologic.",<Ulcerative Colitis>,no,"Treatment of adult patients with moderately to severely active ulcerative colitis (UC) who have had an inadequate response, lost response, or were intolerant to either conventional therapy or an advanced treatment.",<Ulcerative Colitis>,Pfizer AG,Pfizer,69377,etrasimod,no,no,tablet,Not reported,NA
Intramuscular,03.12.2020,2020,withdrawn,SWISSMEDIC,approved,22.03.2021,2021,Infectious and parasitic diseases,swisspar_covid-19_vaccine_janssen_.pdf,Vaccine,COVID-19 Vaccine Janssen,Active immunisation to prevent COVID-19 caused by SARS-CoV-2 in individuals 18 years of age and older.,<COVID-19>,no,Active immunization for the prevention of coronavirus disease-2019 (COVID-19) in adults greater than or equal to 18 years of age.,<COVID-19>,Janssen-Cilag AG,Janssen-Cilag,68235,Human adenovirus serotype 26 encoding the SARS-CoV-2 spike glycoprotein (Ad26.COV2-S),no,no,suspension,Not reported,NA
intravenous,28.04.2021,2021,authorised,SWISSMEDIC,approved,24.04.2023,2023,Diseases of the circulatory system; diseases of the digestive system; Diseases of the eye and adnexa,swisspar_verdye.pdf,Small molecule,Verdye,"Diagnostic use only: Cardiac, circulatory, and micro-circulatory diagnostics; Liver function diagnostics; Ophthalmic angiography diagnostics",Not Reported,no,"Diagnostic use only: Cardiac, circulatory, and micro-circulatory diagnostics; Liver function diagnostics; Ophthalmic angiography diagnostics",<Heart Diseases>; <Liver Diseases>,Mediconsult AG,Mediconsult,68489,indocyanine green,yes,no,powder,Not reported,NA
oral,11.03.2021,2021,authorised (under additional monitoring),SWISSMEDIC,approved,24.05.2022,2022,Diseases of the respiratory system,swisspar_lyfnua.pdf,Small molecule,Lyfnua,treatment of refractory chronic cough or unexplained chronic cough in adults,<Chronic Cough>,no,treatment of refractory chronic cough (RCC) and unexplained chronic cough (UCC) in adult patients,<Chronic Cough>,MSD Merck Sharp & Dohme AG,Merck Sharp & Dohme,68065,gefapixant,no,no,tablet,Not reported,NA
oral,21.04.2021,2021,authorised,SWISSMEDIC,approved,01.12.2022,2022,Mental and behavioural disorders,swisspar_quviviq.pdf,Small molecule,QUVIVIQ,"QUVIVIQ is indicated for the treatment of adult patients with insomnia, characterised by symptoms present for at least 3 months and considerable impact on daytime functioning.",<Insomnia>,no,QUVIVIQ is indicated for the treatment of adult patients with insomnia to improve sleep and daytime functioning.,<Insomnia>,Idorsia Pharmaceuticals Ltd,Idorsia,68481,daridorexant,no,no,tablet,Not reported,NA
oral,17.06.2020,2020,authorised (under additional monitoring),SWISSMEDIC,approved,23.03.2021,2021,Diseases of the musculoskeletal system and connective tissue,swisspar_rinvoq_as_final.pdf,Small molecule,Rinvoq,RINVOQ is indicated for the treatment of active ankylosing spondylitis in adult patients who have responded inadequately to non-steroidal anti-inflammatory drugs (NSAIDs).,<Ankylosing Spondylitis>,yes,RINVOQ is used for the treatment of adults with active ankylosing spondylitis who responded inadequately to conventional therapy.,<Ankylosing Spondylitis>,AbbVie AG,AbbVie,67257,upadacitinib,yes,no,tablet,Not reported,NA
intravenous,07.08.2020,2020,authorised (under additional monitoring),SWISSMEDIC,approved,07.04.2022,2022,Infectious and parasitic diseases; Diseases of the skin,swisspar_tenkasi.pdf,Biologics,Tenkasi,Tenkasi is indicated for the treatment of acute bacterial skin and skin structure infections (ABSSSI) in adults if it is established or strongly suspected after microbiological susceptibility testing that the infection is caused by susceptible bacteria.,<Acute Bacterial Skin and Skin Structure Infections>,no,Tenkasi is indicated for the treatment of adult patients with acute bacterial skin and skin structure infections (ABSSSI) if it is established or strongly suspected after microbiological susceptibility testing that the infection is caused by susceptible bacteria.,<Acute Bacterial Skin and Skin Structure Infections>,A. Menarini GmbH,Menarini,68135,oritavancin,no,no,powder,Not reported,NA
oral,12.10.2020,2020,authorised,SWISSMEDIC,approved,05.05.2022,2022,Diseases of the genitourinary system,swisspar_drovelis.pdf,Small molecule,Drovelis,Oral contraception in women aged 18 and over,<Contraception>,no,Oral contraception,<Contraception>,Gedeon Richter (Schweiz) AG,Gedeon Richter,68228,"drospirenone, estetrol monohydrate",no,no,tablet,Not reported,NA
intravenous,21.04.2023,2023,authorised (under additional monitoring),SWISSMEDIC,approved,11.09.2023,2023,"Endocrine, nutritional, and metabolic diseases",swisspar_elfabrio_final.pdf,Biologics,Elfabrio,Elfabrio is indicated for long-term enzyme replacement therapy in adult patients with a confirmed diagnosis of Fabry disease (deficiency of alpha-galactosidase).,<Fabry Disease>,no,Elfabrio is indicated for long-term enzyme replacement therapy in adult patients with a confirmed diagnosis of Fabry disease (deficiency of alpha-galactosidase).,<Fabry Disease>,Chiesi SA,Chiesi,69257,pegunigalsidas e alfa,yes,yes,concentrate,EMEA/H/C/005618/0000,EMA
intramuscular,14.02.2022,2022,authorised (under additional monitoring),SWISSMEDIC,conditional marketing authorisation,12.04.2022,2022,Infectious and parasitic diseases,swisspar_nuvaxovid_final.pdf,Vaccine,Nuvaxovid,Active immunisation to prevent COVID-19 caused by SARS-CoV-2 in individuals 18 years of age and older.,<COVID-19>,no,Active immunisation to prevent COVID-19 caused by SARS-CoV-2 in individuals 18 years of age and older.,<COVID-19>,Future Health Pharma GmbH,Future Health,68473,SARS CoV-2 recombinant spike protein (rS NVX-CoV2373),yes,no,dispersion,Not reported,EMA
intravenous,19.11.2019,2019,authorised,SWISSMEDIC,approved,10.08.2020,2020,Neoplasms; Diseases of the blood and blood-forming organs,swisspar_trecondi_finale_version.pdf,Small molecule,TRECONDI,"TRECONDI in combination with fludarabine is indicated as part of conditioning treatment prior to allogeneic haematopoietic stem cell transplantation (alloHSCT) in adult patients with malignant and non-malignant diseases, and in paediatric patients older than 1 month with malignant diseases.",Not Reported,no,"Treosulfan in combination with fludarabine is indicated as part of conditioning treatment prior to allogeneic haematopoietic stem cell transplantation (alloHSCT) in adult patients with malignant and non-malignant diseases, and in paediatric patients older than one month with malignant diseases.",<Neoplasms>,Opopharma Vertriebs AG,Opopharma,67775,treosulfan,yes,no,powder,Not reported,EMA
oral,20.05.2020,2020,authorised (under additional monitoring),SWISSMEDIC,approved,08.02.2021,2021,"Neoplasms; Diseases of the respiratory system; endocrine, nutritional, and metabolic diseases",swisspar_retsevmo_final_zur_publikation.pdf,Small molecule,RETSEVMO,Retsevmo as monotherapy is indicated for the treatment of adults with metastatic RET fusion-positive non-small cell lung cancer (NSCLC) who require systemic therapy and have progressed following prior treatment; advanced RET fusion-positive thyroid cancer who require systemic therapy and have progressed following prior treatment including radioactive iodine; adults and adolescents 12 years and older with advanced RET-mutant medullary thyroid cancer (MTC) who require systemic therapy and have progressed following prior treatment with tyrosine kinase inhibitors.,"<Non-Small Cell Lung Carcinoma>; <Thyroid Neoplasms>; <Medullary Carcinoma, Thyroid>",no,Retsevmo as monotherapy is indicated for the treatment of adults with advanced RET fusion-positive non-small cell lung cancer (NSCLC) who require systemic therapy and who have progressed following prior treatment; advanced RET fusion-positive thyroid cancer who require systemic therapy and who have progressed following prior treatment; adults and adolescents 12 years and older with advanced RET-mutant medullary thyroid cancer (MTC) who require systemic therapy and who have progressed following prior treatment.,"<Non-Small Cell Lung Carcinoma>; <Thyroid Neoplasms>; <Medullary Carcinoma, Thyroid>",Eli Lilly (Suisse) SA,Eli Lilly,67862,selpercatinib,yes,no,capsule,Not reported,FDA
intravitreal,25.02.2019,2019,authorised (under additional monitoring),SWISSMEDIC,approved,16.01.2020,2020,Diseases of the eye and adnexa,swisspar_–_beovu.pdf,Biologics,Beovu,treatment of neovascular (wet) age-related macular degeneration (AMD),<Macular Degeneration>,no,treatment of neovascular (wet) age-related macular degeneration (AMD),<Macular Degeneration>,Novartis Pharma Schweiz AG,Novartis,67244,brolucizumabum,no,no,solution,Not reported,NA
intravenous,21.08.2019,2019,authorised,SWISSMEDIC,approved,18.03.2020,2020,Neoplasms; Diseases of the blood and blood-forming organs,swisspar_sarclisa_final.pdf,Biologics,Sarclisa,"SARCLISA is indicated, in combination with pomalidomide and dexamethasone, for the treatment of adult patients with relapsed and refractory multiple myeloma (MM) who have received at least two prior lines of therapy including lenalidomide and a proteasome inhibitor (PI) and have demonstrated disease progression on the last therapy",<Multiple Myeloma>,no,"SARCLISA is indicated, in combination with pomalidomide and dexamethasone, for the treatment of patients with multiple myeloma (MM) who have received at least two prior therapies including lenalidomide and a proteasome inhibitor (PI).",<Multiple Myeloma>,Sanofi-Aventis (Suisse) SA,Sanofi-Aventis,67525,isatuximab,yes,yes,concentrate,Not reported,NA
intravenous,30.06.2020,2020,authorised (under additional monitoring),SWISSMEDIC,approved,25.11.2020,2020,Infectious and parasitic diseases; Diseases of the respiratory system,swisspar_veklury.pdf,Small molecule,Veklury,treatment of coronavirus disease 2019 (COVID-19) in adults with pneumonia requiring supplemental oxygen,<Coronavirus Infections>; <Pneumonia>,no,treatment of coronavirus disease 2019 (COVID-19) in adults and adolescents (aged 12 years and older with body weight at least 40 kg) with pneumonia requiring supplemental oxygen,<Coronavirus Infections>,Gilead Sciences Switzerland Sàrl,Gilead,68026,remdesivir,no,no,powder,Not reported,NA
oral,16.02.2021,2021,authorised,SWISSMEDIC,approved,19.05.2022,2022,Diseases of the nervous system,swisspar_ontozry_final.pdf,Small molecule,ONTOZRY,"Ontozry is indicated for the adjunctive treatment of focal-onset seizures with or without secondary generalisation in adult patients with epilepsy, which are not adequately controlled despite prior treatment with at least two anti-epileptic medicinal products.",<Epilepsy>,no,"Ontozry is indicated for the adjunctive treatment of focal-onset seizures with or without secondary generalisation in adult patients with epilepsy, which have not been adequately controlled despite a history of treatment with at least two anti-epileptic medicinal products.",<Epilepsy>,Arvelle Therapeutics International GmbH,Arvelle,68051,cenobamate,yes,no,tablet,EMEA/H/C/005377/0000,EMA/CHMP; US FDA
oral,21.03.2022,2022,authorised (under additional monitoring),SWISSMEDIC,approved,17.01.2023,2023,Neoplasms,swisspar_nubeqa.pdf,Small molecule,Nubeqa,"NUBEQA, in combination with docetaxel and androgen deprivation therapy (ADT), is indicated for the treatment of adult patients with metastatic hormone-sensitive prostate cancer (mHSPC), for whom docetaxel therapy is indicated.",<Prostatic Neoplasms>,yes,Treatment of patients with metastatic hormone-sensitive prostate cancer (mHSPC) in combination with docetaxel.,<Prostatic Neoplasms>,Bayer (Schweiz) AG,Bayer,67521,darolutamid,no,no,tablet,Not reported,NA
intramuscular; subcutaneous,24.03.2020,2020,authorised,SWISSMEDIC,approved,21.07.2021,2021,Infectious and parasitic diseases; Diseases of the respiratory system,swisspar_efluelda_final.pdf,Vaccine,Efluelda,Efluelda is used for active immunisation of adults aged 65 years and older for prophylaxis of influenza caused by the two influenza A virus subtypes and the two influenza B virus subtypes contained in the vaccine.,<Influenza>,no,Efluelda is indicated for active immunisation in adults 65 years of age and older for the prevention of influenza disease,<Influenza>,Sanofi-Aventis (Suisse) SA,Sanofi-Aventis,67704,"haemagglutininum influenzae A (H1N1), haemagglutininum influenzae A (H3N2), haemagglutininum influenzae B (Victoria), haemagglutininum influenzae B (Yamagata)",yes,no,suspension,Not reported,FDA
intravenous,12.06.2023,2023,authorised,SWISSMEDIC,approved,04.07.2024,2024,"Endocrine, nutritional, and metabolic diseases",swisspar_pombiliti.pdf,Biologics,Pombiliti,Pombiliti (cipaglucosidase alfa) is a long-term enzyme replacement therapy used in combination with the enzyme stabiliser miglustat for the treatment of adults with late-onset Pompe disease (acid α-glucosidase [GAA] deficiency).,<Pompe Disease>,no,Pombiliti (cipaglucosidase alfa) is a long-term enzyme replacement therapy used in combination with the enzyme stabiliser miglustat for the treatment of adults with late-onset Pompe disease (acid α-glucosidase [GAA] deficiency) (LOPD).,<Pompe Disease>,Amicus Therapeutics Switzerland GmbH,Amicus,67804,cipaglucosidase alfa,yes,yes,powder,Not reported,EMA
intravenous,02.08.2019,2019,authorised,SWISSMEDIC,approved,21.09.2020,2020,Diseases of the blood and blood-forming organs,swisspar_defitelio-1.pdf,Other,DEFITELIO,"treatment of severe hepatic veno-occlusive disease (VOD) also known as sinusoidal obstruction syndrome (SOS) in haematopoietic stem-cell transplantation (HSCT) therapy in adults and in adolescents, children and infants of 1 month of age and above",<Hepatic Veno-Occlusive Disease>,no,treatment of severe hepatic veno-occlusive disease (VOD) also known as sinusoidal obstruction syndrome (SOS) in haematopoietic stem-cell transplantation (HSCT),<Hepatic Veno-Occlusive Disease>,Clinipace AG,Clinipace,67667,defibrotide,yes,yes,concentrate,Not reported,"Health Canada, FDA and EMA"
oral,17.05.2023,2023,authorised (under additional monitoring),SWISSMEDIC,approved,30.04.2024,2024,Diseases of the blood and blood-forming organs,swisspar_voydeya.pdf,Small molecule,Voydeya,"Voydeya is used as an add-on to ravulizumab or eculizumab for the treatment of clinically relevant extravascular haemolysis (EVH, as defined in current clinical guidelines) after at least 6 months of monotherapy with a C5 inhibitor in adult patients with paroxysmal nocturnal haemoglobinuria (PNH; see “Clinical efficacy”).",<Paroxysmal Nocturnal Hemoglobinuria>,no,Voydeya is indicated as an add-on to ravulizumab or eculizumab for the treatment of signs or symptoms of extravascular haemolysis (EVH) in adult patients with paroxysmal nocturnal haemoglobinuria (PNH).,<Paroxysmal Nocturnal Hemoglobinuria>,Alexion Pharma GmbH,Alexion,69301,danicopan,no,yes,tablet,Not reported,NA
intravenous,01.05.2020,2020,authorised,SWISSMEDIC,approved,11.10.2021,2021,Diseases of the nervous system,swisspar_vyepti.pdf,Biologics,Vyepti,"Prophylactic treatment of migraine in adults, if indicated.",<Migraine Disorders>,no,"Prophylactic treatment of migraine in adults, if indicated.",<Migraine Disorders>,Lundbeck (Schweiz) AG,Lundbeck,67995,eptinezumab,yes,no,concentrate,Not reported,FDA
oral,21.12.2020,2020,authorised,SWISSMEDIC,approved,19.08.2022,2022,Diseases of the digestive system,swisspar_zeposia_g102645659.pdf,Small molecule,Zeposia,"treatment of adult patients with moderately to severely active ulcerative colitis (UC) who have had an inadequate response, lost response, or were intolerant to either conventional therapy or a biologic agent.",<Ulcerative Colitis>,yes,"treatment of adult patients with moderately to severely active ulcerative colitis (UC) who have had an inadequate response, are no longer responding, or are intolerant to conventional therapy or treatment with a biologic agent.",<Ulcerative Colitis>,Bristol-Myers Squibb SA,Bristol-Myers Squibb,67046,ozanimod as ozanimod hydrochloride,no,no,capsule,Not reported,NA
oral,22.01.2019,2019,authorised (under additional monitoring),SWISSMEDIC,approved,28.07.2020,2020,"Endocrine, nutritional, and metabolic diseases",swisspar-carbaglu-final.pdf,Small molecule,Carbaglu,hyperammonaemia due to N-acetylglutamate synthase primary deficiency; hyperammonaemia due to isovaleric acidaemia; hyperammonaemia due to methymalonic acidaemia; hyperammonaemia due to propionic acidaemia,<Hyperammonemia>; <Isovaleric Acidemia>; <Methylmalonic Acidemia>; <Propionic Acidemia>,no,Hyperammonaemia due to a primary deficiency of N-acetylglutamate synthase; Hyperammonaemia due to isovaleric acidaemia; Hyperammonaemia due to methylmalonic acidaemia; Hyperammonaemia due to propionic acidaemia,<Hyperammonemia>; <Isovaleric Acidemia>; <Methylmalonic Acidemia>; <Propionic Acidemia>,RECORDATI AG,Recordati,67376,acidum carglumicum,yes,yes,tablet,Not reported,"EMA, FDA, and TGA"
oral,27.11.2020,2020,authorised (under additional monitoring),SWISSMEDIC,approved,07.10.2021,2021,Neoplasms; Diseases of the digestive system,swisspar-qinlock.pdf,Small molecule,Qinlock,"Treatment of adult patients with advanced gastrointestinal stromal tumor (GIST) who have received prior treatment with 3 or more kinase inhibitors, including imatinib.",<Stromal Tumor>,no,"Treatment of adult patients with advanced gastrointestinal stromal tumors (GIST) who have received prior treatment with 3 or more kinase inhibitors, including imatinib.",<Stromal Tumors>,Deciphera Pharmaceuticals,Deciphera,68199,ripretinib,yes,yes,tablet,Not reported,FDA
oral,19.08.2020,2020,authorised (under additional monitoring),SWISSMEDIC,approved,06.05.2021,2021,Diseases of the nervous system,swisspar_evrysdi.pdf,Small molecule,Evrysdi,Treatment of 5q-associated spinal muscular atrophy (SMA) in patients 2 months of age and older.,<Spinal Muscular Atrophy>,no,Treatment of spinal muscular atrophy (SMA).,<Spinal Muscular Atrophy>,Roche Pharma (Schweiz) AG,Roche,67251,Risdiplam,no,yes,powder,Not reported,NA
oral,02.12.2022,2022,authorised,SWISSMEDIC,approved,13.06.2024,2024,Neoplasms; Diseases of the blood and blood-forming organs,swisspar_tibsovo.pdf,Small molecule,Tibsovo,"Acute myeloid leukaemia: Tibsovo, in combination with azacitidine, is indicated for the treatment of adult patients with newly diagnosed acute myeloid leukaemia (AML) with an isocitrate dehydrogenase-1 (IDH1) R132 mutation who are not eligible to receive intensive induction chemotherapy. Patients with acute promyelocytic leukaemia (APL) are excluded. Cholangiocarcinoma: Tibsovo monotherapy is indicated for the treatment of adult patients with locally advanced or metastatic cholangiocarcinoma with an IDH1 R132 mutation whose disease has progressed after at least one line of systemic therapy.","<Leukemia, Myeloid, Acute>; <Cholangiocarcinoma>",no,"Tibsovo in combination with azacitidine is indicated for the treatment of adult patients with newly diagnosed acute myeloid leukaemia (AML) presenting an isocitrate dehydrogenase-1 (IDH1) R132 mutation, who do not fulfil the conditions to receive intensive induction chemotherapy; Tibsovo as monotherapy is indicated for the treatment of adult patients with locally advanced or metastatic cholangiocarcinoma presenting an IDH1 R132 mutation, who have previously been treated with at least one previous line of systemic treatment.","<Leukemia, Myeloid, Acute>; <Cholangiocarcinoma>",Servier (Suisse) SA,Servier,69077,ivosidenib,yes,yes,tablet,Not reported,CHMP
intravenous,06.05.2021,2021,authorised (under additional monitoring),SWISSMEDIC,conditional marketing authorisation,14.01.2022,2022,Infectious and parasitic diseases,swisspar_xevudy_final.pdf,Biologics,XEVUDY,Xevudy is indicated for the treatment of confirmed coronavirus disease 2019 (COVID-19) in adults and adolescents (from the age of 12 years and with a body weight of at least 40 kg) who do not require oxygen therapy or hospitalisation for COVID-19 and who are at risk of developing a more severe COVID-19 course,<Coronavirus Infections>,no,For the treatment of patients with coronavirus disease 2019 (COVID-19) who do not require oxygen supplementation and who are at risk of progressing to severe COVID-19,<COVID-19>,GlaxoSmithKline AG,GlaxoSmithKline,68471,sotrovimab,yes,no,concentrate,Not reported,Therapeutic Goods Administration of Australia (TGA)
oral,24.05.2023,2023,authorised (under additional monitoring),SWISSMEDIC,conditional marketing authorisation,30.11.2023,2023,Neoplasms; Diseases of the blood and blood-forming organs,swisspar_jaypirca.pdf,Small molecule,Jaypirca,"Jaypirca as monotherapy is indicated for treatment of adult patients with recurrent or refractory mantle cell lymphoma (MCL), who have received at least 2 prior lines of systemic treatment, including an anti-CD20 antibody and a Bruton’s tyrosine kinase (BTK) inhibitor, and if the patients are not suitable for CAR T-cell therapy.",<Mantle Cell Lymphoma>,no,"Jaypirca is a kinase inhibitor indicated for the treatment of adult patients with relapsed or refractory mantle cell lymphoma (MCL) after at least 2 lines of systemic therapy, including a BTK inhibitor, and when CAR T is not a treatment option.",<Mantle Cell Lymphoma>,Eli Lilly (Suisse) SA,Eli Lilly,68733,pirtobrutinib,yes,yes,tablet,Not reported,U.S. Food and Drug Administration (FDA)
oral,15.01.2024,2024,authorised (under additional monitoring),SWISSMEDIC,approved,24.09.2024,2024,Diseases of the nervous system,swisspar_skyclarys.pdf,Small molecule,Skyclarys,Skyclarys is indicated for the treatment of Friedreich's ataxia in adults and adolescents aged 16 years and older.,<Friedreich Ataxia>,no,Skyclarys is indicated for the treatment of Friedreich’s ataxia in adults and adolescents aged 16 years and older.,<Friedreich Ataxia>,Biogen Switzerland AG,Biogen,69610,omaveloxolon,yes,yes,capsule,Not reported,FDA
oral,25.04.2023,2023,authorised (under additional monitoring),SWISSMEDIC,approved,19.03.2024,2024,Neoplasms,swisspar_truqap.pdf,Small molecule,Truqap,"Truqap is indicated in combination with fulvestrant for the treatment of adult female patients with hormone receptor (HR) positive, human epidermal growth factor receptor 2 (HER2) negative locally advanced or metastatic breast cancer with one or more PIK3CA/AKT1/PTEN alterations following recurrence or progression on or after an endocrine-based regimen.",<Breast Neoplasms>,no,Capivasertib is indicated in combination with fulvestrant for the treatment of adult patients with HR-positive HER2-negative locally advanced or metastatic breast cancer following recurrence or progression on or after an endocrine-based regimen.,<Breast Neoplasms>,AstraZeneca AG,AstraZeneca,69300,capivasertib,no,no,tablet,Not reported,NA
subcutaneous,19.01.2023,2023,authorised (under additional monitoring),SWISSMEDIC,conditional marketing authorisation,05.09.2023,2023,Neoplasms; Diseases of the blood and blood-forming organs,swisspar_elrexfio_final-1.pdf,Biologics,Elrexfio,"Elrexfio is indicated as monotherapy for the treatment of relapsed or refractory multiple myeloma in adult patients whose multiple myeloma is refractory to at least one immunomodulatory agent, one proteasome inhibitor, and one anti-CD38 monoclonal antibody, and who have demonstrated disease progression on the last therapy.",<Multiple Myeloma>,no,"Elrexfio is indicated as monotherapy for the treatment of adult patients with relapsed or refractory multiple myeloma, who have received at least three prior therapies, including an immunomodulatory agent, a proteasome inhibitor, and an anti-CD38 monoclonal antibody, and have demonstrated disease progression on the last therapy.",<Multiple Myeloma>,Pfizer AG,Pfizer,68646,elranatamab,yes,yes,solution,Not reported,NA
subcutaneous,27.04.2023,2023,authorised (under additional monitoring),SWISSMEDIC,approved,05.02.2024,2024,Infectious and parasitic diseases; diseases of the digestive system,swisspar_hepcludex.pdf,Peptides and proteins,Hepcludex,Hepcludex is indicated for the treatment of chronic hepatitis delta virus (HDV) infection in adults with compensated liver disease.,<Chronic Hepatitis Delta>; <Liver Diseases>,no,Hepcludex is indicated for the treatment of chronic hepatitis delta virus (HDV) infection in adult patients with compensated liver disease.,<Chronic Hepatitis Delta>,Gilead Sciences Switzerland Sàrl,Gilead,68338,bulevirtide,no,yes,powder,Not reported,NA
oral,22.12.2021,2021,authorised,SWISSMEDIC,approved,12.12.2022,2022,Diseases of the nervous system,swisspar_evrysdi_final.pdf,Small molecule,Evrysdi,treatment of 5q-associated spinal muscular atrophy (SMA) in paediatric and adult patients,<Spinal Muscular Atrophy>,yes,treatment of 5q spinal muscular atrophy (SMA),<Spinal Muscular Atrophies of Childhood>,Roche Pharma (Schweiz) AG,Roche,67251,risdiplam,yes,yes,powder,Not reported,NA
oral,27.05.2019,2019,withdrawn,SWISSMEDIC,refused,22.09.2020,2020,Neoplasms; Diseases of the blood and blood-forming organs,swisspar_daurismo-1.pdf,Small molecule,Daurismo,NA,Not Reported,no,"Daurismo is indicated, in combination with low-dose cytarabine, for the treatment of newly diagnosed de novo or secondary acute myeloid leukaemia (AML) in adult patients who are not candidates for standard induction chemotherapy.","<Leukemia, Myeloid, Acute>",Pfizer AG,Pfizer,67473,glasdegib,yes,yes,tablet,Not reported,FDA
oral,14.10.2019,2019,authorised,SWISSMEDIC,approved,04.05.2021,2021,Other,swisspar_palforzia_final.pdf,Other,PALFORZIA,PALFORZIA can be used to increase the peanut threshold dose tolerated without allergic reactions in patients aged 4 to 17 years with a confirmed diagnosis of clinically significant peanut allergy.,<Peanut Hypersensitivity>,no,Oral immunotherapy for patients with peanut allergy.,<Peanut Hypersensitivity>,Medius AG,Medius,67733,allergens of peanut (Arachis hypogaea),yes,no,powder,Not reported,European Medicines Agency (EMA)
oral,25.01.2019,2019,authorised,SWISSMEDIC,approved,28.05.2020,2020,"Endocrine, nutritional, and metabolic diseases",swisspar_triogen-final.pdf,Small molecule,Triogen,For the treatment of Wilson’s disease in patients intolerant of D-penicillamine therapy,<Wilson Disease>,no,For the treatment of copper storage disease (Wilson’s disease) in patients intolerant of D-penicillamine therapy,<Wilson Disease>,IDEOGEN AG,IDEOGEN,67431,trientini dihydrochloridum,yes,yes,capsule,Not reported,NA
oral,25.01.2021,2021,authorised (under additional monitoring),SWISSMEDIC,approved,13.07.2021,2021,Neoplasms; Diseases of the digestive system,swisspar_pemazyre.pdf,Small molecule,Pemazyre,"PEMAZYRE is indicated as monotherapy for the treatment of adults with locally advanced, unresectable or metastatic cholangiocarcinoma with fibroblast growth factor receptor 2 (FGFR2) fusion or rearrangement, that has progressed after at least one line of systemic therapy.",<Cholangiocarcinoma>,no,PEMAZYRE is indicated as monotherapy for the treatment of adults with locally advanced or metastatic cholangiocarcinoma with a fibroblast growth factor receptor 2 (FGFR2) fusion or rearrangement that is relapsed or refractory after at least one line of systemic therapy.,<Cholangiocarcinoma>,Incyte Biosciences International,Incyte,68143,pemigatinib,yes,yes,tablet,Not reported,CHMP and US FDA
Subcutaneous; Intravenous,27.05.2020,2020,authorised (under additional monitoring),SWISSMEDIC,approved,08.07.2021,2021,Diseases of the blood and blood-forming organs,swisspar_cablivi_indikationserweiterung.pdf,Biologics,Cablivi,"Treatment of adults and adolescents of 12 years and older weighing at least 40 kg suffering from an episode of acquired thrombotic thrombocytopenic purpura (aTTP), in combination with plasmapheresis and immunosuppression.",<Thrombotic Thrombocytopenic Purpura>,yes,"Treatment of adults and adolescents of 12 years and older weighing at least 40 kg suffering from an episode of acquired thrombotic thrombocytopenic purpura (aTTP), in combination with plasmapheresis and immunosuppression.",<Thrombotic Thrombocytopenic Purpura>,Sanofi-Aventis (Suisse) SA,Sanofi-Aventis,66792,caplacizumab,yes,yes,Powder; solvent,Not reported,NA
intravenous,15.05.2019,2019,authorised (under additional monitoring),SWISSMEDIC,approved,20.01.2020,2020,Diseases of the blood and blood-forming organs,swisspar_ultomiris__.pdf,Biologics,Ultomiris,Ultomiris is used in the treatment of adult patients with paroxysmal nocturnal haemoglobinuria (PNH): - in patients with haemolysis with one or more clinical symptom(s) indicative of high disease activity - in patients who are clinically stable after having been treated with eculizumab for at least the past 6 months,<Paroxysmal Nocturnal Hemoglobinuria>,no,Ultomiris is used in the treatment of adult patients with paroxysmal nocturnal haemoglobinuria (PNH): - in patients with haemolysis with one or more clinical symptom(s) indicative of high disease activity - in patients who are clinically stable after having been treated with eculizumab for at least the past 6 months,<Paroxysmal Nocturnal Hemoglobinuria>,Alexion Pharma GmbH,Alexion,67278,ravulizumabum,yes,yes,concentrate,Not reported,European Medicines Agency EMA
oral,03.08.2021,2021,authorised,SWISSMEDIC,approved,02.02.2023,2023,Neoplasms; Diseases of the genitourinary system,swisspar_ryeqo_final.pdf,Small molecule,Ryeqo,Treatment of fibroid-associated hypermenorrhoea in adult women before the onset of menopause.,<Leiomyoma>,no,Treatment of moderate to severe symptoms associated with uterine fibroids in adult women of reproductive age.,<Uterine Fibroids>,Gedeon Richter (Schweiz) AG,Gedeon Richter,68495,"relugolix, estradiol as estradiol hemihydrate, norethisterone acetate",yes,no,tablet,EMEA/H/C/005267/0000,EMA
oral,07.03.2024,2024,authorised (under additional monitoring),SWISSMEDIC,conditional marketing authorisation,14.10.2024,2024,Diseases of the genitourinary system,swisspar_filspari.pdf,Small molecule,Filspari,Filspari is indicated for the treatment of adults with primary immunoglobulin A nephropathy (IgAN) with a urinary protein excretion of ≥1.0 g/day (or a urinary protein/creatinine quotient of ≥0.75 g/g),<Immunoglobulin A Nephropathy>,no,Filspari is indicated for the treatment of adults with primary immunoglobulin A nephropathy (IgAN) with a urinary protein excretion > 1.0 g/day (or a urinary protein-to-creatinine ratio ≥ 0.75 g/g,<Immunoglobulin A Nephropathy>,Vifor (International) Inc.,Vifor,69241,sparsentan,yes,yes,tablet,EMEA/H/C/005783/0000,European Medicines Agency (EMA)
intravenous,11.05.2021,2021,authorised,SWISSMEDIC,approved,31.08.2022,2022,Diseases of the musculoskeletal system and connective tissue,swisspar_saphnelo.pdf,Biologics,Saphnelo,"treatment of adult patients with moderate to severe systemic lupus erythematosus (SLE), in addition to standard therapy",<Systemic Lupus Erythematosus>,no,"treatment of adult patients with moderate to severe systemic lupus erythematosus (SLE), in addition to standard therapy",<Systemic Lupus Erythematosus>,AstraZeneca AG,AstraZeneca,68512,anifrolumab,no,no,concentrate,Not reported,NA
intramuscular,06.02.2023,2023,authorised (under additional monitoring),SWISSMEDIC,approved,02.05.2024,2024,Infectious and parasitic diseases; Diseases of the respiratory system,swisspar_arexvy_final.pdf,Vaccine,Arexvy,Active immunisation for the prevention of lower respiratory tract disease (LRTD) caused by respiratory syncytial virus in adults 60 years of age and older.,<Respiratory Tract Diseases>,no,Active immunisation of adults 60 years of age and older for prevention of lower respiratory tract disease caused by sub-types RSV-A and RSV-B of the RSV.,<Respiratory Tract Diseases>,GlaxoSmithKline AG,GlaxoSmithKline,69310,respiratory syncytial virus (RSV) pre-fusion F protein,yes,no,Powder; suspension,Not reported,NA
intravenous,20.07.2021,2021,authorised,SWISSMEDIC,approved,19.10.2022,2022,Diseases of the circulatory system,swisspar_rapibloc.pdf,Small molecule,Rapibloc,"Supraventricular tachycardia and for the rapid control of ventricular rate in patients with atrial fibrillation or atrial flutter in perioperative, postoperative or other circumstances where short-term control of the ventricular rate with a short-acting agent is desirable; Non-compensatory sinus tachycardia where, in the physician’s judgment, the rapid heart rate requires specific intervention.",<Supraventricular Tachycardia>; <Atrial Fibrillation>; <Atrial Flutter>; <Sinus Tachycardia>,no,"Supraventricular tachycardia and for the rapid control of ventricular rate in patients with atrial fibrillation or atrial flutter in perioperative, postoperative or other circumstances where short-term control of the ventricular rate with a short-acting agent is desirable; Non-compensatory sinus tachycardia where, in the physician’s judgment, the rapid heart rate requires specific intervention.",<Supraventricular Tachycardia>; <Atrial Fibrillation>; <Atrial Flutter>; <Sinus Tachycardia>,OrPha Swiss GmbH,OrPha,68611,landiolol hydrochloride,yes,no,powder,NL/H/3368/001/DC,Decentralised Procedure Final Assessment report
oral,26.07.2019,2019,authorised (under additional monitoring),SWISSMEDIC,approved,26.11.2020,2020,Neoplasms; Diseases of the genitourinary system,swisspar_rubraca.pdf,Small molecule,RUBRACA,"maintenance therapy of adult patients with advanced, platinum-sensitive, relapsed, high-grade serous ovarian, fallopian tube or primary peritoneal cancer, who are in complete or partial remission following a platinum-based chemotherapy",<Ovarian Neoplasms>; <Fallopian Tube Neoplasms>; <Peritoneal Neoplasms>,no,"maintenance treatment of adult patients with recurrent epithelial ovarian, fallopian tube, or primary peritoneal cancer who are in a complete or partial response to platinum-based chemotherapy",<Ovarian Neoplasms>; <Fallopian Tube Neoplasms>; <Peritoneal Neoplasms>,Clovis Oncology Switzerland GmbH,Clovis,67402,rucaparib camsylate,yes,yes,tablet,Not reported,FDA
oral,30.08.2021,2021,authorised (under additional monitoring),SWISSMEDIC,approved,19.07.2023,2023,Infectious and parasitic diseases,swisspar_livtencity_final.pdf,Small molecule,LIVTENCITY,"LIVTENCITY is indicated for the treatment of cytomegalovirus (CMV) infection and/or disease that are refractory (with or without resistance) to one or more prior therapies, including ganciclovir, valganciclovir, cidofovir, or foscarnet in adult patients who have undergone a haematopoietic stem cell transplant (HSCT) or solid organ transplant (SOT).",<Cytomegalovirus Infections>,no,"LIVTENCITY is indicated for the treatment of cytomegalovirus (CMV) infection and/or disease that are refractory (with or without resistance) to one or more prior therapies, including ganciclovir, valganciclovir, cidofovir, or foscarnet in adult patients who have undergone a haematopoietic stem cell transplant (HSCT) or solid organ transplant (SOT).",<Cytomegalovirus Infections>,Takeda Pharma AG,Takeda,68492,maribavir,no,yes,tablet,Not reported,NA
intravenous,19.08.2019,2019,authorised,SWISSMEDIC,approved,22.03.2021,2021,Diseases of the circulatory system; Pregnancy and childbirth,swisspar_nicardipin_labatec_final.pdf,Small molecule,Nicardipin Labatec,"Treatment of acute life-threatening hypertension, particularly in the event of malignant arterial hypertension/hypertensive encephalopathy, aortic dissection, severe pre-eclampsia, and post-operative hypertension.",<Hypertension>; <Malignant Hypertension>; <Hypertensive Encephalopathy>; <Aortic Dissection>; <Pre-Eclampsia>,no,"Treatment of acute life-threatening hypertension, particularly in the event of malignant arterial hypertension/hypertensive encephalopathy, aortic dissection, severe pre-eclampsia, and post-operative hypertension.",<Hypertension>; <Hypertensive Encephalopathy>; <Aortic Dissection>; <Pre-Eclampsia>,Labatec Pharma SA,Labatec,67680,nicardipine hydrochloride,yes,no,solution,Not reported,France
oral,30.04.2021,2021,authorised (under additional monitoring),SWISSMEDIC,approved,05.01.2022,2022,"Endocrine, nutritional, and metabolic diseases",swisspar_trikafta_ie_pädiatrie_final.pdf,Small molecule,TRIKAFTA,Trikafta is indicated for the treatment of cystic fibrosis (CF) in patients aged 6 years and older who have at least one F508del mutation in the cystic fibrosis transmembrane conductance regulator (CFTR) gene,<Cystic Fibrosis>,yes,Trikafta is indicated for the treatment of cystic fibrosis (CF) in patients aged 6 years and older who have at least one F508del mutation in the cystic fibrosis transmembrane conductance regulator (CFTR) gene,<Cystic Fibrosis>,Vertex Pharmaceuticals (CH) GmbH,Vertex,67773,"elexacaftor, ivacaftor, tezacaftor",yes,yes,tablet,Not reported,NA
intramuscular,25.10.2019,2019,authorised,SWISSMEDIC,approved,08.10.2021,2021,Infectious and parasitic diseases,swisspar_vocabria.pdf,Small molecule,Vocabria,Vocabria injections are indicated in combination with rilpivirine injections for treatment of HIV-1 infection in adults who are virologically suppressed (HIV-1 RNA <50 copies/ml) on a stable antiretroviral treatment for at least 6 months prior to the switch to the cabotegravir-rilpivirine combination and have no known or suspected resistance to or no history of virological failure with agents of the NNRTI and INI class.,<HIV Infections>,no,"Vocabria injections are indicated, in combination with rilpivirine injections, for the treatment of Human Immunodeficiency Virus type 1 (HIV-1) infection in adults who are virologically suppressed (HIV-1 RNA <50 copies/mL) and have no known or suspected resistance to either cabotegravir or rilpivirine.",<Human Immunodeficiency Virus>,ViiV Healthcare GmbH,ViiV,67740,cabotegravir,no,no,suspension,Not reported,NA
nasal,03.01.2019,2019,authorised,SWISSMEDIC,approved,25.02.2020,2020,Mental and behavioural disorders,swisspar_spravato.pdf,Small molecule,Spravato,treatment of treatment-resistant episodes of major depression in adults who have not responded to at least two different treatments with antidepressants in the current moderate to severe depressive episode,"<Depressive Disorder, Treatment-Resistant>",no,treatment-resistant depression (Major Depressive Disorder in adults who have not responded to at least two different treatments with antidepressants in the current moderate to severe depressive episode),"<Depressive Disorder, Treatment-Resistant>",Janssen-Cilag AG,Janssen-Cilag,67103,esketamine as esketamine hydrochloride,no,no,solution,Not reported,NA
oral,07.06.2021,2021,authorised (under additional monitoring),SWISSMEDIC,approved,08.02.2022,2022,Neoplasms; Diseases of the blood and blood-forming organs,swisspar_brukinsa.pdf,Small molecule,Brukinsa,Brukinsa (zanubrutinib) is used as monotherapy for the treatment of adult patients with Waldenström’s Macroglobulinaemia (WM) who have received at least one prior therapy or as first-line therapy in adult patients who are not eligible for chemoimmunotherapy.,<Waldenstrom Macroglobulinemia>,no,Brukinsa (zanubrutinib) is indicated for the treatment of patients with Waldenström’s macroglobulinaemia (WM).,<Waldenstrom Macroglobulinemia>,BeiGene Switzerland GmbH,BeiGene,67998,zanubrutinib,yes,yes,capsule,Not reported,Health Canada
intravenous,08.12.2021,2021,authorised (under additional monitoring),SWISSMEDIC,conditional marketing authorisation,09.08.2023,2023,Diseases of the skin,swisspar_spevigo_final.pdf,Biologics,Spevigo,treatment of flares in adult patients with generalised pustular psoriasis,"<Psoriasis, Pustular>",no,treatment of flares in adult patients with generalised pustular psoriasis,"<Psoriasis, Pustular>",Boehringer Ingelheim (Schweiz) GmbH,Boehringer Ingelheim,68625,spesolimab,no,yes,concentrate,Not reported,NA
subcutaneous,27.01.2022,2022,authorised (under additional monitoring),SWISSMEDIC,conditional marketing authorisation,22.12.2022,2022,Neoplasms; Diseases of the blood and blood-forming organs,swisspar_tecvayli.pdf,Biologics,Tecvayli,"TECVAYLI as monotherapy is indicated for the treatment of adult patients with relapsed or refractory multiple myeloma who have received at least three prior lines of therapy, including a proteasome inhibitor, an immunomodulatory agent and an anti-CD38 monoclonal antibody, and have demonstrated disease progression to the last line of therapy.",<Multiple Myeloma>,no,"TECVAYLI as monotherapy is indicated for the treatment of adult patients with relapsed or refractory multiple myeloma who have received at least three prior therapies including a proteasome inhibitor, an immunomodulatory agent and an anti-CD38 monoclonal antibody.",<Multiple Myeloma>,Janssen-Cilag AG,Janssen-Cilag,68747,teclistamab,yes,yes,solution,Not reported,Not reported
oral,31.01.2020,2020,authorised (under additional monitoring),SWISSMEDIC,approved,16.04.2021,2021,"Endocrine, nutritional, and metabolic diseases",swisspar_lokelma.pdf,Other,Lokelma,Lokelma is indicated for the treatment of hyperkalaemia in adult patients.,<Hyperkalemia>,no,Lokelma is indicated for the treatment of hyperkalaemia in adult patients.,<Hyperkalemia>,AstraZeneca AG,AstraZeneca,67851,natrii zirconii cyclosilicas,yes,no,Powder,Not reported,CHMP
intravenous,14.08.2020,2020,authorised (under additional monitoring),SWISSMEDIC,approved,15.06.2021,2021,Neoplasms; Diseases of the blood and blood-forming organs,swisspar_polivy.pdf,Biologics,Polivy,Polivy in combination with bendamustine and rituximab is indicated for the treatment of adult patients with recurrent or refractory diffuse large B-cell lymphoma (DLBCL) who are not eligible for a haematopoietic stem cell transplant.,<Diffuse Large B-Cell Lymphoma>,no,Polatuzumab vedotin in combination with bendamustine and rituximab is indicated for the treatment of previously treated adult patients with diffuse large B-cell lymphoma (DLBCL) who are not candidates for haematopoietic stem cell transplant.,<Diffuse Large B-Cell Lymphoma>,Roche Pharma (Schweiz) AG,Roche,67165,polatuzumab vedotin,no,yes,powder,Not reported,NA
intravenous,19.11.2021,2021,authorised (under additional monitoring),SWISSMEDIC,approved,14.07.2022,2022,Diseases of the blood and blood-forming organs,swisspar_ultomiris_ie_final.pdf,Biologics,ULTOMIRIS,Ultomiris is used in the treatment of adult and paediatric patients with a body weight of 10 kg or above with paroxysmal nocturnal haemoglobinuria (PNH): in patients with haemolysis with one or more clinical symptom(s) indicative of high disease activity; in patients who are clinically stable after having been treated with eculizumab for at least the past 6 months.,<Paroxysmal Nocturnal Hemoglobinuria>,yes,Ultomiris is indicated in the treatment of adult and paediatric patients with a body weight of 10 kg or above with paroxysmal nocturnal haemoglobinuria (PNH): in patients with haemolysis with clinical symptom(s) indicative of high disease activity; in patients who are clinically stable after having been treated with eculizumab for at least the past 6 months.,<Paroxysmal Nocturnal Hemoglobinuria>,Alexion Pharma GmbH,Alexion,67278,ravulizumab,yes,yes,concentrate,Not reported,EMA
intravenous,03.05.2023,2023,authorised (under additional monitoring),SWISSMEDIC,approved,03.10.2024,2024,Diseases of the nervous system,swisspar-vyvgart.pdf,Biologics,Vyvgart,Vyvgart is indicated as an add-on to standard therapy for the treatment of adult patients with generalised Myasthenia Gravis (gMG) who are anti-acetylcholine receptor (AChR) antibody positive.,<Myasthenia Gravis>,no,Vyvgart is indicated as an add-on to standard therapy for the treatment of adult patients with generalised Myasthenia Gravis (gMG) who are anti-acetylcholine receptor (AChR) antibody positive.,<Myasthenia Gravis>,argenx Switzerland SA,argenx,69286,efgartigimod alfa,yes,yes,concentrate,EMEA/H/C/005849/0000,European Medicines Agency (EMA)
oral,04.10.2021,2021,authorised,SWISSMEDIC,approved,24.04.2023,2023,"Diseases of the genitourinary system; Endocrine, nutritional, and metabolic diseases",swisspar_lupkynis_final.pdf,Small molecule,Lupkynis,"Lupkynis is indicated in combination with a background immunosuppressive therapy for the treatment of adult patients with active class III, IV, or V (including mixed classes III/V and IV/V) lupus nephritis.",<Lupus Nephritis>,no,Lupkynis is indicated in combination with background immunosuppressive therapies for the treatment of adult patients with lupus nephritis.,<Lupus Nephritis>,Otsuka Pharmaceutical,Otsuka,68697,voclosporin,yes,yes,capsule,Not reported,FDA
oral,14.10.2022,2022,authorised,SWISSMEDIC,approved,07.06.2024,2024,Diseases of the digestive system,swisspar_rinvoq_ie_colitis_ulerosa.pdf,Small molecule,Rinvoq,"Rinvoq is indicated for the treatment of adult patients with moderately to severely active ulcerative colitis who have had an inadequate response, lost response, or were intolerant to at least 1 biologic agent, or for whom such a therapy is contraindicated.",<Ulcerative Colitis>,yes,"Rinvoq is indicated for the treatment of adult patients with moderately to severely active ulcerative colitis who have had an inadequate response, lost response, or were intolerant to either conventional therapy or a biologic agent.","<Colitis, Ulcerative>",AbbVie AG,AbbVie,67257,upadacitinib,yes,no,tablet,Not reported,NA
intramuscular,15.06.2020,2020,authorised,SWISSMEDIC,approved,28.10.2021,2021,Infectious and parasitic diseases,swisspar_supemtek.pdf,Vaccine,Supemtek,Supemtek is indicated for active immunisation in adults aged 18 years and over for prevention of influenza caused by the two influenza A virus subtypes and the two influenza B virus subtypes contained in the vaccine.,<Influenza>,no,Supemtek is indicated for active immunisation for the prevention of influenza disease in adults 18 years of age and older.,<Influenza>,Sanofi-Aventis (Suisse) SA,Sanofi-Aventis,68003,"haemagglutininum influenzae A (H1N1) (rHA), haemagglutininum influenzae A (H3N2) (rHA), haemagglutininum influenzae B (rHA) (Yamagata lineage) and haemagglutininum influenzae B (rHA) (Victoria lineage)",yes,no,solution,Not reported,EMA
intravenous,16.05.2022,2022,authorised,SWISSMEDIC,approved,21.12.2023,2023,Diseases of the nervous system; Other,swisspar_elucirem-1.pdf,Small molecule,Elucirem,"In adults, ELUCIREM is a gadolinium-based contrast agent indicated in adults for use with magnetic resonance imaging (MRI) to detect and visualise lesions with abnormal vascularity in the CNS area and in other areas of the body.",Not Reported,no,Magnetic resonance imaging (MRI) contrast media for central nervous system (CNS) diagnostics and other body regions.,Not Reported,Guerbet AG,Guerbet,68791,gadopiclenol,no,no,solution,Not reported,NA
autologous; intravenous,20.07.2020,2020,authorised,SWISSMEDIC,approved,25.08.2021,2021,Neoplasms; Diseases of the blood and blood-forming organs,2024-10-08_swisspar_tecartus_initiale_maa_nas_final_fi_engl.pdf,Cell and gene therapy,Tecartus,Treatment of adult patients with relapsed or refractory mantle cell lymphoma (MCL) after 2 or more lines of systemic therapy including a Bruton’s tyrosine kinase (BTK) inhibitor.,<Mantle Cell Lymphoma>,no,Treatment of adult patients with relapsed or refractory mantle cell lymphoma (MCL).,<Mantle Cell Lymphoma>,Gilead Sciences Switzerland Sàrl,Gilead,67884,brexucaptagene autoleucel,yes,yes,dispersion,Not reported,NA
oral,02.11.2020,2020,authorised,SWISSMEDIC,approved,07.04.2022,2022,Diseases of the digestive system,swisspar_colibiogen_oral_final.pdf,Other,Colibiogen Oral,"Colibiogen Oral is used for the supportive, symptomatic treatment of irritable bowel syndrome in adults.",<Irritable Bowel Syndrome>,no,Colibiogen Oral is an intestinal mucosal - and immunotherapeutic and is used to treat irritable bowel syndrome.,<Irritable Bowel Syndrome>,Laves Arzneimittel GmbH,Laves,68052,Escherichia coli lysate (strain Laves),yes,no,solution,Not reported,authority of canton Appenzell Ausserrhoden
intravenous,27.07.2021,2021,withdrawn,SWISSMEDIC,conditional marketing authorisation,12.01.2022,2022,Infectious and parasitic diseases,swisspar_regkirona_final.pdf,Biologics,Regkirona,treatment of adults with proven coronavirus disease 2019 (COVID-19) who do not require supplemental oxygen or hospitalisation for COVID-19 and who are at high risk of progressing to severe COVID-19,<Coronavirus Infections>,no,treatment of confirmed coronavirus disease 2019 (COVID-19) in adult patients who do not require supplemental oxygen for COVID-19 and who are at high risk of progressing to severe COVID-19,<Coronavirus Infections>,IQONE HEALTHCARE SWITZERLAND,IQONE,68356,regdanvimab,no,no,concentrate,Not reported,NA
intravenous,16.06.2021,2021,authorised,SWISSMEDIC,approved,08.08.2022,2022,Neoplasms; Diseases of the blood and blood-forming organs,2024-11-22_final_swisspar_carvykti_nas_fi_engl.pdf,Cell and gene therapy,CARVYKTI,"treatment of adult patients with relapsed and refractory multiple myeloma who have received at least 3 prior therapies, with at least a proteasome inhibitor, an immunomodulatory agent, and an anti-CD38 antibody, and have demonstrated disease progression on the last therapy",<Multiple Myeloma>,no,"treatment of adult patients with relapsed or refractory multiple myeloma who have received at least 3 prior therapies, including a proteasome inhibitor, an immunomodulatory agent, and an anti-CD38 antibody",<Multiple Myeloma>,Janssen-Cilag AG,Janssen-Cilag,67956,ciltacabtagene autoleucel,yes,yes,dispersion,Not reported,NA
intramuscular,31.08.2022,2022,authorised (under additional monitoring),SWISSMEDIC,approved,12.10.2023,2023,Diseases of the skin,swisspar_letybo.pdf,Biologics,Letybo,"Temporary improvement in the appearance of moderate to severe vertical wrinkles between the eyebrows in adults < 75 years old seen at maximum frown (glabellar frown lines), when the severity of the facial wrinkles has an important psychological impact.",Not Reported,no,"Temporary improvement in the appearance of moderate to severe vertical wrinkles between the eyebrows in adults < 75 years old seen at maximum frown (glabellar frown lines), when the severity of the facial wrinkles has an important psychological impact.",<Facial Wrinkles>,Medius AG,Medius,68864,botulinum toxin type A (strain CBFC26),yes,no,powder,Not reported,"EU-Assessment Report (decentralised procedure, DE/H/6379/001/DC)"
vaginal,08.04.2021,2021,authorised,SWISSMEDIC,approved,26.07.2022,2022,Diseases of the genitourinary system,swisspar_softigyn_final.pdf,Other,SOFTIGYN,"Softigyn is used in adult women to restore and maintain the physiological vaginal flora, for example: in the presence of signs of vaginal inflammation (vaginitis), such as itching, burning or vaginal discharge; during and after local or systemic treatment with anti-infectives; as a preventive measure in case of recurrent vaginal mycosis.",<Vaginitis>; <Mycoses>,no,"Local treatment of vaginitis and vulvo-vaginitis in general. Particularly vaginitis associated with ovarian deficiency, hypofollicolinic leucorrhoea, vaginitis in children, senile vaginitis, vulvar pruritus, vaginal dystrophy.",<Vaginitis>; <Vulvovaginitis>; <Ovarian Deficiency>; <Hypofollicolinic Leucorrhoea>; <Senile Vaginitis>; <Vulvar Pruritus>; <Vaginal Dystrophy>,Labatec Pharma SA,Labatec,68467,live lactobacillus plantarum P 17630,yes,no,capsule,Not reported,Not reported
intravenous,21.10.2020,2020,authorised (under additional monitoring),SWISSMEDIC,approved,17.11.2021,2021,"Endocrine, nutritional, and metabolic diseases; Diseases of the musculoskeletal system and connective tissue",swisspar_nexviadyme.pdf,Biologics,Nexviadyme,long-term enzyme replacement therapy for the treatment of patients with late-onset Pompe's disease (LOPD) (acid α-glucosidase deficiency),<Pompe Disease>,no,long-term enzyme replacement therapy for the treatment of patients with late-onset Pompe’s disease (LOPD) (acid α-glucosidase deficiency),<Pompe Disease>,Sanofi-Aventis (Suisse) SA,Sanofi-Aventis,67871,avalglucosidase alfa,no,yes,powder,Not reported,NA
oral,20.03.2020,2020,authorised,SWISSMEDIC,approved,10.12.2020,2020,"Endocrine, nutritional, and metabolic diseases",swisspar_trikafta.pdf,Small molecule,TRIKAFTA,Trikafta is indicated for the treatment of cystic fibrosis (CF) in patients aged 12 years and older who are either homozygous for the F508del mutation in the cystic fibrosis transmembrane conductance regulator (CFTR) gene or heterozygous for the F508del mutation in the CFTR gene with a minimal function (MF) mutation.,<Cystic Fibrosis>,no,Trikafta is indicated for the treatment of cystic fibrosis (CF) in patients aged 12 years and older who have at least one F508del mutation in the cystic fibrosis transmembrane conductance regulator (CFTR) gene.,<Cystic Fibrosis>,Vertex Pharmaceuticals (CH) GmbH,Vertex,67773,"elexacaftor, ivacaftor, tezacaftor",yes,yes,tablet,Not reported,FDA
subcutaneous,22.01.2021,2021,authorised,SWISSMEDIC,approved,24.02.2022,2022,Diseases of the skin,swisspar_adtralza_final.pdf,Biologics,ADTRALZA,treatment of adult patients with moderate-to-severe atopic dermatitis (AD) when therapy with topical prescription medications does not provide adequate disease control or is not recommended,"<Dermatitis, Atopic>",no,treatment of moderate-to-severe atopic dermatitis in adult patients who are candidates for systemic therapy,"<Dermatitis, Atopic>",Leo Pharmaceutical Products Sarath,Leo,68229,tralokinumab,no,no,solution,Not reported,NA
intravenous,24.07.2020,2020,authorised (under additional monitoring),SWISSMEDIC,approved,15.07.2021,2021,Neoplasms; Diseases of the blood and blood-forming organs,swisspar_clofara-final.pdf,Small molecule,Clofara,Treatment of acute lymphoblastic leukaemia (ALL) in paediatric patients who have relapsed or are refractory after receiving at least two prior regimens and where there is no other treatment option anticipated to result in a durable response.,<Precursor Cell Lymphoblastic Leukemia-Lymphoma>,no,Treatment of acute lymphoblastic leukaemia (ALL) in paediatric patients who have relapsed or are refractory after receiving at least two prior regimens and where there is no other treatment option anticipated to result in a durable response.,<Precursor Cell Lymphoblastic Leukemia-Lymphoma>,IDEOGEN AG,IDEOGEN,68107,clofarabine,yes,Not reported,concentrate,Not reported,EMA
oral,31.08.2021,2021,withdrawn,SWISSMEDIC,conditional marketing authorisation,01.06.2022,2022,Neoplasms; Diseases of the respiratory system,swisspar_exkivity.pdf,Small molecule,Exkivity,"Exkivity as monotherapy is indicated for the treatment of adult patients with epidermal growth factor receptor (EGFR) exon 20 insertion mutation-positive unresectable or metastatic non-small cell lung cancer (NSCLC), whose disease has progressed on or after platinum-containing chemotherapy.",<Non-Small Cell Lung Cancer>,no,"Exkivity as monotherapy is indicated for the treatment of adult patients with epidermal growth factor receptor (EGFR) exon 20 insertion mutation-positive locally advanced or metastatic non-small cell lung cancer (NSCLC), who have received prior platinum-based chemotherapy.",<Non-Small Cell Lung Cancer>,Takeda Pharma AG,Takeda,68147,mobocertinib,yes,yes,capsule,Not reported,FDA
subcutaneous,25.07.2023,2023,authorised (under additional monitoring),SWISSMEDIC,approved,29.07.2024,2024,Diseases of the musculoskeletal system and connective tissue; Diseases of the skin,swisspar_bimzelx_ie_psoriatic_arthritis.pdf,Biologics,Bimzelx,"Bimzelx, alone or in combination with methotrexate, is indicated for the treatment of active psoriatic arthritis in adults who have had an inadequate response or who have been intolerant to 1 or more disease-modifying antirheumatic drugs (DMARDs).","<Arthritis, Psoriatic>",yes,"Bimzelx, alone or in combination with methotrexate, is indicated for the treatment of active psoriatic arthritis in adults who have had an inadequate response or who have been intolerant to 1 or more disease-modifying antirheumatic drugs (DMARDs).","<Arthritis, Psoriatic>",UCB-Pharma SA,UCB,68548,bimekizumab,no,no,solution,Not reported,NA
intravenous,16.09.2020,2020,authorised,SWISSMEDIC,approved,01.09.2021,2021,Neoplasms; Diseases of the skin,swisspar_poteligeo.pdf,Biologics,Poteligeo,treatment of adult patients with relapsed or refractory mycosis fungoides (MF) or Sézary syndrome (SS) who have received at least one prior systemic therapy,<Mycosis Fungoides>; <Sézary Syndrome>,no,treatment of adult patients with mycosis fungoides (MF) or Sézary syndrome (SS) who have received at least one prior systemic therapy,<Mycosis Fungoides>; <Sézary Syndrome>,Kyowa Kirin Sàrl,Kyowa Kirin,67444,mogamulizumab,yes,yes,concentrate,EMA/H/C/004232/0000,EMA
oral,12.04.2021,2021,authorised,SWISSMEDIC,approved,19.09.2022,2022,Diseases of the blood and blood-forming organs,swisspar_tavneos.pdf,Small molecule,Tavneos,"Tavneos, as an adjunctive treatment to standard immunosuppressive treatment that includes rituximab or cyclophosphamide with glucocorticoids, is indicated for the treatment of adult patients with severe, active antineutrophil cytoplasmic antibody (ANCA)-associated vasculitis (granulomatosis with polyangiitis (GPA) and microscopic polyangiitis (MPA)).",<Vasculitis>,no,Avacopan is indicated for the treatment of adult patients with anti-neutrophil cytoplasmic autoantibody (ANCA)-associated vasculitis (granulomatosis with polyangiitis (Wegener’s) [GPA] or microscopic polyangiitis [MPA]).,<Vasculitis>,Vifor Fresenius Medical Care,Vifor Fresenius,66772,avacopan,no,yes,capsule,Not reported,NA
intravenous,11.05.2021,2021,authorised (under additional monitoring),SWISSMEDIC,approved,20.01.2022,2022,Neoplasms; Diseases of the respiratory system,swisspar_rybrevant_na_nas.pdf,Biologics,Rybrevant,"Rybrevant is indicated as monotherapy for the treatment of patients with metastatic or unresectable, non-small cell lung cancer (NSCLC) with activating insertion mutations in Exon 20 of the epidermal-growth factor receptor (EGFR) gene whose disease has progressed on or after platinum-containing chemotherapy.",<Non-Small Cell Lung Cancer>,no,Rybrevant is indicated as monotherapy for the treatment of patients with metastatic or unresectable non-small cell lung cancer (NSCLC) with activating epidermal-growth factor receptor (EGFR) Exon 20 insertion mutations whose disease has progressed on or after platinum-containing chemotherapy.,<Non-Small Cell Lung Cancer>,Janssen-Cilag AG,Janssen-Cilag,68380,amivantamab,no,no,concentrate,Not reported,NA
oral,01.05.2023,2023,authorised,SWISSMEDIC,approved,18.07.2024,2024,Diseases of the respiratory system,swisspar_levocalm.pdf,Small molecule,Levocalm,"Symptomatic treatment of non-productive cough in adults, adolescents and children from the age of 2 years.",<Nonproductive Cough>,no,Symptomatic treatment of non-productive cough.,<Nonproductive Cough>,Gebro Pharma AG,Gebro,69413,levodropropizine,yes,no,syrup,Not reported,NA
oral,05.05.2023,2023,authorised (under additional monitoring),SWISSMEDIC,approved,04.06.2024,2024,Neoplasms,swisspar_orserdu.pdf,Small molecule,Orserdu,"Orserdu is used as monotherapy for the treatment of postmenopausal women with estrogen receptor (ER)-positive, HER2-negative, locally advanced or metastatic breast cancer with an activating ESR1 mutation, whose disease has progressed after at least 1 line of endocrine therapy combined with a CDK 4/6 inhibitor.",<Breast Neoplasms>,no,"Orserdu monotherapy is indicated for the treatment of postmenopausal women, and men, with estrogen receptor (ER)-positive, human epidermal growth factor receptor 2 (HER2)-negative, advanced or metastatic breast cancer with an ESR1 mutation who have progressed following at least 1 line of endocrine therapy.",<Breast Neoplasms>,Stemline Therapeutics Switzerland GmbH,Stemline,69417,elacestrant as elacestrant dihydrochloride,yes,no,tablet,Not reported,FDA
intravenous,07.09.2021,2021,authorised,SWISSMEDIC,approved,16.08.2022,2022,Diseases of the skin; Diseases of the genitourinary system,swisspar_kapruvia.pdf,Peptides and proteins,Kapruvia,treatment of moderate to severe pruritus associated with chronic kidney disease in adult patients on haemodialysis,<Pruritus>; <Chronic Kidney Disease>,no,treatment of moderate to severe pruritus associated with chronic kidney disease in adult patients on haemodialysis,<Pruritus>; <Chronic Kidney Disease>,Vifor Fresenius Medical Care,Vifor Fresenius,68653,difelikefalin,no,no,solution,Not reported,NA
oral,16.06.2020,2020,authorised (under additional monitoring),SWISSMEDIC,approved,23.03.2021,2021,Diseases of the musculoskeletal system and connective tissue,swisspar_rinvoq_psor_arthr_final.pdf,Small molecule,Rinvoq,"RINVOQ is indicated for the treatment of active psoriatic arthritis in adult patients who have responded inadequately to, or who are intolerant to one or more DMARDs. RINVOQ may be used as monotherapy or in combination with non-biologic DMARDs.","<Arthritis, Psoriatic>",yes,"RINVOQ is used to treat adults with active psoriatic arthritis who have responded poorly to, or cannot tolerate, treatment with one or more disease-modifying anti-rheumatic drugs (DMARDs). RINVOQ may be used as monotherapy or in combination with non-biological DMARDs. RINVOQ inhibits the progression of structural damage and improves physical functions.","<Arthritis, Psoriatic>",AbbVie AG,AbbVie,67257,upadacitinib,yes,no,tablet,Not reported,NA
oral,19.10.2020,2020,authorised,SWISSMEDIC,approved,26.11.2021,2021,Diseases of the skin,swisspar_rinvoq_ie.pdf,Small molecule,Rinvoq,RINVOQ is indicated for the treatment of moderate to severe atopic dermatitis in adults when conventional topical drug therapy does not provide adequate disease control or cannot be used.,"<Dermatitis, Atopic>",yes,RINVOQ is indicated for the treatment of moderate to severe atopic dermatitis in adults who are candidates for systemic therapy.,"<Dermatitis, Atopic>",AbbVie AG,AbbVie,67257,upadacitinib as upadacitinib hemihydrate,yes,no,tablet,Not reported,NA
oral,11.07.2022,2022,authorised (under additional monitoring),SWISSMEDIC,approved,18.10.2023,2023,Diseases of the nervous system,swisspar_vydura.pdf,Small molecule,Vydura,"Acute treatment of migraine attacks with or without aura in adults; Prophylactic treatment of episodic migraine in adults, if indicated.",<Migraine Disorders>,no,Acute treatment of migraine with or without aura in adults; Preventive treatment of episodic migraine in adults who have at least 4 migraine attacks per month.,<Migraine Disorders>,Pfizer AG,Pfizer,69035,rimegepant,yes,no,lyophilisate,Not reported,European Medicines Agency
subcutaneous,07.07.2023,2023,authorised (under additional monitoring),SWISSMEDIC,approved,09.07.2024,2024,"Endocrine, nutritional, and metabolic diseases",swisspar_mounjaro_ie.pdf,Peptides and proteins,Mounjaro,"Mounjaro is indicated as an adjunct to a reduced-calorie diet and increased physical activity for chronic weight management, including weight loss and weight maintenance, in adults with an initial body mass index (BMI) of ≥30 kg/m2 (obesity) or ≥27 kg/m2 to < 30kg/m2 (overweight) in the presence of at least 1 weight-related comorbid condition (e.g. hypertension, dyslipidaemia, obstructive sleep apnoea, cardiovascular disease, prediabetes, or type 2 diabetes mellitus).","<Obesity>; <Overweight>; <Hypertension>; <Dyslipidemias>; <Sleep Apnea, Obstructive>; <Cardiovascular Diseases>; <Prediabetic State>; <Diabetes Mellitus, Type 2>",yes,"Mounjaro is indicated as an adjunct to a reduced-calorie diet and increased physical activity for chronic weight management, including weight loss and weight maintenance, in adults with an initial body mass index (BMI) of: ≥30 kg/m2 (obesity), or ≥27 kg/m2 to <30 kg/m2 (overweight) and in the presence of at least 1 weight-related comorbidity condition (e.g. hypertension, dyslipidaemia, obstructive sleep apnoea, cardiovascular disease, prediabetes, or type 2 diabetes mellitus.)","<Obesity>; <Overweight>; <Hypertension>; <Dyslipidemias>; <Sleep Apnea, Obstructive>; <Cardiovascular Diseases>; <Prediabetic State>; <Diabetes Mellitus, Type 2>",Eli Lilly (Suisse) SA,Eli Lilly,68726,tirzepatide,no,no,solution,Not reported,NA
intravenous,17.06.2022,2022,authorised (under additional monitoring),SWISSMEDIC,approved,06.03.2023,2023,Neoplasms,swisspar_enhertu_g102673750.pdf,Biologics,Enhertu,HER2-low breast cancer,<Breast Neoplasms>,yes,HER2-low Breast Cancer,<Breast Neoplasms>,Daiichi Sankyo (Schweiz) AG,Daiichi Sankyo,67967,trastuzumab deruxtecan,yes,no,powder,Not reported,Not reported
oral,29.11.2019,2019,authorised,SWISSMEDIC,approved,04.03.2021,2021,Neoplasms; Diseases of the blood and blood-forming organs,swisspar_calquence_final.pdf,Small molecule,Calquence,CALQUENCE monotherapy or in combination with obinutuzumab is indicated for the treatment of adult patients with previously untreated chronic lymphocytic leukaemia (CLL) who are 65 years and older or have comorbidities.,"<Leukemia, Lymphocytic, Chronic, B-Cell>",no,CALQUENCE is indicated for the treatment of patients with chronic lymphocytic leukaemia (CLL) or small lymphocytic lymphoma (SLL).,"<Leukemia, Lymphocytic, Chronic, B-Cell>; <Lymphoma, Small Lymphocytic>",AstraZeneca AG,AstraZeneca,67790,acalabrutinib,yes,yes,capsule,Not reported,FDA and CHMP
oral,29.09.2023,2023,authorised (under additional monitoring),SWISSMEDIC,approved,27.08.2024,2024,Neoplasms; Diseases of the digestive system,swisspar_fruzaqla.pdf,Small molecule,Fruzaqla,"Fruzaqla is used as monotherapy for the treatment of adult patients with metastatic colorectal cancer (mCRC) who have been previously treated with available standard therapies, including fluoropyrimidine-, oxaliplatin-, and irinotecan-based chemotherapy, an anti-VEGF agent, and, in the presence of wild-type RAS, with an anti-EGFR agent, and who have progressed on or are intolerant to treatment with either trifluridine/tipiracil or regorafenib.",<Colorectal Neoplasms>,no,"Treatment of adult patients with metastatic colorectal cancer (mCRC) who have been previously treated with fluoropyrimidine‑, oxaliplatin‑, and irinotecan‑based chemotherapy, an anti‑VEGF therapy, and an anti-EGFR therapy or are not considered candidates for available therapies.",<Colorectal Neoplasms>,Takeda Pharma AG,Takeda,69524,fruquintinib,yes,no,capsule,Not reported,Not reported
oral,15.07.2020,2020,authorised (under additional monitoring),SWISSMEDIC,approved,22.09.2021,2021,Diseases of the circulatory system,swisspar_verquvo.pdf,Small molecule,Verquvo,"treatment of symptomatic, chronic heart failure in adult patients with reduced ejection fraction who have been stabilised after a recent decompensation requiring i.v. therapy",<Heart Failure>,no,Heart failure,<Heart Failure>,Bayer (Schweiz) AG,Bayer,68001,vericiguat,yes,no,tablet,Not reported,Not reported
oral,02.08.2021,2021,authorised,SWISSMEDIC,approved,11.01.2023,2023,Diseases of the musculoskeletal system and connective tissue,swisspar_condrosulf_plus.pdf,Other,Condrosulf Plus,Symptomatic treatment of knee osteoarthritis in adult patients with moderate to severe pain.,"<Osteoarthritis, Knee>",no,Symptomatic treatment of knee osteoarthritis in patients with moderate to severe pain.,"<Osteoarthritis, Knee>",IBSA Institut Biochimique SA,IBSA,68626,"chondroitin sulfate sodium, glucosamine hydrochloride",yes,no,capsule,Not reported,NA
oral,18.02.2019,2019,authorised,SWISSMEDIC,approved,29.07.2020,2020,"Endocrine, nutritional, and metabolic diseases",swisspar_pheburane-final.pdf,Small molecule,Pheburane,"PHEBURANE is indicated as adjunctive therapy in the chronic management of urea cycle disorders, involving deficiencies of carbamylphosphate synthetase, ornithine transcarbamylase or argininosuccinate synthetase. It is indicated in all patients with neonatal-onset presentation (complete enzyme deficiencies, presenting within the first 28 days of life). It is also indicated in patients with late-onset disease (partial enzyme deficiencies, presenting after the first month of life) who have a history of hyperammonaemic encephalopathy.",<Urea Cycle Disorders>,no,"PHEBURANE is indicated as adjunctive therapy in the chronic management of urea cycle disorders, involving deficiencies of carbamylphosphate synthetase, ornithine transcarbamylase or argininosuccinate synthetase. It is indicated in all patients with neonatal-onset presentation (complete enzyme deficiencies, presenting within the first 28 days of life). It is also indicated in patients with late-onset disease (partial enzyme deficiencies, presenting after the first month of life) who have a history of hyperammonaemic encephalopathy.",<Hyperammonemia>,NordMedica SA,NordMedica,67263,natrii phenylbutyras,yes,yes,Granules,Not reported,NA
intravenous,13.12.2021,2021,authorised,SWISSMEDIC,approved,30.06.2022,2022,Neoplasms,swisspar_enhertu_ie_mbc_2l_g102661094.pdf,Biologics,Enhertu,"Enhertu as monotherapy is indicated for the treatment of adult patients with unresectable or metastatic HER2-positive breast cancer who have received one or more prior anti-HER2-based regimens, including trastuzumab and a taxane, and had a progression either in the metastatic setting or within 6 months after finalisation of an adjuvant or neoadjuvant therapy.",<Breast Neoplasms>,yes,Enhertu monotherapy is indicated for the treatment of adult patients with unresectable or metastatic HER2-positive breast cancer who have received a prior anti-HER2-based regimen.,<Breast Neoplasms>,Daiichi Sankyo (Schweiz) AG,Daiichi Sankyo,67967,trastuzumab deruxtecan,yes,no,powder,Not reported,NA
intravenous,01.12.2020,2020,authorised (under additional monitoring),SWISSMEDIC,conditional marketing authorisation,22.03.2022,2022,Neoplasms; Diseases of the blood and blood-forming organs,swisspar_minjuvi_na_nas_mit_fi.pdf,Biologics,Minjuvi,"MINJUVI is indicated in combination with lenalidomide followed by MINJUVI monotherapy for the treatment of adult patients with relapsed or refractory diffuse large B-cell lymphoma (DLBCL) after at least one prior line of systemic therapy including an anti-CD20 antibody, who are not eligible for autologous stem cell transplant (ASCT).",<Diffuse Large B-Cell Lymphoma>,no,"MINJUVI is indicated in combination with lenalidomide, followed by MINJUVI monotherapy, for the treatment of adult patients with relapsed or refractory diffuse large B-cell lymphoma (DLBCL), who are not eligible for, or who refuse, an autologous stem cell transplant (ASCT).",<Diffuse Large B-Cell Lymphoma>,Incyte Biosciences International,Incyte,68083,tafasitamab,yes,yes,powder,Not reported,FDA and EMA/CHMP
intravenous,11.04.2023,2023,authorised (under additional monitoring),SWISSMEDIC,approved,15.11.2023,2023,Infectious and parasitic diseases; Diseases of the skin,swisspar_tenkasi_ie.pdf,Small molecule,Tenkasi,Tenkasi is indicated for the treatment of acute bacterial skin and skin structure infections (ABSSSI) in adults and paediatric patients aged 3 months and older if it is established or strongly suspected after microbiological sensitivity testing that the infection is caused by sensitive bacteria.,<Acute Bacterial Skin and Skin Structure Infections>,yes,Tenkasi is indicated for the treatment of acute bacterial skin and skin structure infections (ABSSSI) in adults and paediatric patients aged 3 months and older if it is established or strongly suspected after microbiological sensitivity testing that the infection is caused by sensitive bacteria.,<Acute Bacterial Skin and Skin Structure Infections>,A. Menarini GmbH,Menarini,68135,oritavancin,yes,no,powder,Not reported,NA
oral,11.06.2019,2019,authorised (under additional monitoring),SWISSMEDIC,approved,10.02.2021,2021,Diseases of the nervous system,swisspar_epidyolex_final_zur_publikation.pdf,Small molecule,Epidyolex,Epidyolex is indicated for the adjunctive therapy of seizures associated with Lennox-Gastaut syndrome (LGS) or Dravet syndrome (DS) in patients 2 years of age and older.,<Seizures>; <Lennox-Gastaut Syndrome>; <Dravet Syndrome>,no,Epidyolex is indicated for the adjunctive therapy of seizures associated with Lennox-Gastaut syndrome or Dravet syndrome in patients 2 years of age and older.,<Seizures>; <Lennox-Gastaut Syndrome>; <Dravet Syndrome>,DRAC AG,DRAC,67590,cannabidiol,yes,yes,solution,Not reported,FDA; EMA
oral,20.05.2020,2020,authorised (under additional monitoring),SWISSMEDIC,approved,23.11.2021,2021,Diseases of the blood and blood-forming organs,swisspar_doptelet.pdf,Small molecule,Doptelet,Doptelet is indicated for the treatment of severe thrombocytopenia in adult patients with chronic liver disease who are scheduled to undergo an invasive procedure. Doptelet is indicated for the treatment of chronic immune thrombocytopenia (ITP) in adult patients who have shown insufficient response to at least one prior treatment.,<Thrombocytopenia>; <Chronic Liver Disease>; <Immune Thrombocytopenia>,no,"Doptelet is indicated for the treatment of severe thrombocytopenia in adult patients with chronic liver disease (CLD) who are scheduled to undergo an invasive procedure. Doptelet is indicated for the treatment of chronic immune thrombocytopenia (ITP) in adult patients who have not responded to other treatments (e.g. corticoids, immunoglobulins).",<Thrombocytopenia>; <Liver Diseases>,Swedish Orphan Biovitrum AG,Swedish Orphan Biovitrum,67893,avatrombopag,yes,no,tablet,Not reported,European Medicines Agency (EMA)
intramuscular,12.11.2021,2021,authorised,SWISSMEDIC,approved,14.02.2023,2023,Infectious and parasitic diseases; Diseases of the respiratory system,swisspar_vaxneuvance_final.pdf,Vaccine,Vaxneuvance,Vaxneuvance is indicated for active immunisation for the prevention of invasive disease and pneumonia caused by Streptococcus pneumoniae in individuals 65 years of age and older.,<Invasive Pneumococcal Disease>; <Pneumonia>,no,Vaxneuvance is indicated for active immunisation for the prevention of invasive disease and pneumonia caused by Streptococcus pneumoniae in individuals 18 years of age and older.,<Invasive Pneumococcal Disease>; <Pneumonia>,MSD Merck Sharp & Dohme AG,Merck Sharp & Dohme,68752,Streptococcus pneumoniae serotypes 1 / 3 / 4 / 5 / 6A / 6B / 7F / 9V / 14 / 18C / 19A / 19F / 22F / 23F / 33F polysaccharide conjugated to Corynebacterium diphtheriae CRM 197 protein,yes,no,suspension,Not reported,EMA
intravenous,29.01.2024,2024,authorised (under additional monitoring),SWISSMEDIC,approved,13.09.2024,2024,Diseases of the circulatory system,swisspar_winrevair.pdf,Biologics,Winrevair,"Winrevair, in combination with standard pulmonary arterial hypertension (PAH) therapy, is indicated for the treatment of PAH in adult patients with WHO functional class (FC) II to III to improve exercise capacity and to delay disease progression.",<Pulmonary Hypertension>,no,"Winrevair is indicated in combination with standard of care therapy for the treatment of pulmonary arterial hypertension (PAH) in adult patients with WHO functional class (FC) II to III to improve exercise capacity, provide clinical improvement, improve WHO FC, and delay disease progression, including to reduce the risk of death and hospitalisation due to PAH.",<Pulmonary Hypertension>,MSD Merck Sharp & Dohme AG,Merck Sharp & Dohme,69129,sotatercept,no,yes,powder,Not reported,NA
intramuscular,15.11.2022,2022,authorised (under additional monitoring),SWISSMEDIC,approved,22.12.2023,2023,Infectious and parasitic diseases; Diseases of the respiratory system,swisspar_beyfortus.pdf,Biologics,Beyfortus,"Prevention of lower respiratory tract disease caused by RSV in neonates, infants, and toddlers up to 24 months.",<Respiratory Tract Infections>,no,Prevention of Respiratory Syncytial Virus (RSV) lower respiratory tract disease.,<Respiratory Tract Infections>,Sanofi-Aventis (Suisse) SA,Sanofi-Aventis,69039,nirsevimab,yes,no,solution,Not reported,European Medicines Agency (EMA)
oral,23.12.2019,2019,authorised,SWISSMEDIC,approved,06.01.2022,2022,Diseases of the respiratory system,swisspar_solmucol_bronchoprotect_final.pdf,Other,Solmucol Bronchoprotect,Prophylaxis of recurrent respiratory tract infections in adults and children from the age of 3 years.,<Respiratory Tract Infections>,no,Prophylaxis of recurrent respiratory tract infections in adults and children from the age of 3 years.,<Respiratory Tract Infections>,IBSA Institut Biochimique SA,IBSA,67822,Not applicable,yes,no,tablet,EMEA/H/A-31/1465,EMA
oral,01.12.2020,2020,authorised (under additional monitoring),SWISSMEDIC,approved,26.11.2021,2021,"Diseases of the genitourinary system; Endocrine, nutritional, and metabolic diseases; Diseases of the circulatory system",swisspar_kerendia-1.pdf,Small molecule,Kerendia,Kerendia is indicated to delay progression of chronic kidney disease in adult patients with type 2 diabetes mellitus.,"<Chronic Kidney Disease>; <Diabetes Mellitus, Type 2>",no,Kerendia is indicated to delay progression of kidney disease and to reduce the risk of cardiovascular mortality and morbidity in adults with chronic kidney disease and type 2 diabetes mellitus.,"<Chronic Kidney Disease>; <Diabetes Mellitus, Type 2>",Bayer (Schweiz) AG,Bayer,68130,finerenone,yes,no,tablet,Not reported,Not reported
oral,26.08.2020,2020,authorised (under additional monitoring),SWISSMEDIC,approved,22.06.2021,2021,Neoplasms; Diseases of the respiratory system,swisspar_tepmetko.pdf,Small molecule,Tepmetko,treatment of adult patients with metastatic non-small cell lung cancer (NSCLC) harbouring a MET tyrosine kinase receptor exon 14 (METex14) skipping mutation,<Non-Small-Cell Lung Carcinoma>,no,treatment of adult patients with advanced non-small cell lung cancer (NSCLC) harbouring MET tyrosine kinase receptor exon 14 (METex14) skipping alterations,<Non-Small-Cell Lung Carcinoma>,Merck (Schweiz) AG,Merck,68113,tepotinib as tepotinib hydrochloride monohydrate,no,yes,tablet,Not reported,NA
Subcutaneous,18.05.2020,2020,authorised,SWISSMEDIC,approved,09.09.2021,2021,"Endocrine, nutritional, and metabolic diseases; Diseases of the circulatory system",2024-09-13_swisspar_leqvio_fi_engl.pdf,Small molecule,LEQVIO,Hypercholesterolaemia and mixed dyslipidaemia,<Hypercholesterolemia>; <Dyslipidemias>,no,"Inclisiran is intended for use in adults with hypercholesterolaemia (including heterozygous familial hypercholesterolaemia) or mixed dyslipidaemia, as an adjunct to diet.",<Hypercholesterolemia>; <Dyslipidemias>,Novartis Pharma Schweiz AG,Novartis,67836,inclisiran,no,no,solution,Not reported,NA
Subretinal,10.05.2019,2019,authorised,SWISSMEDIC,approved,14.02.2020,2020,Diseases of the eye and adnexa,2020-04-15_swisspar_luxturna-final.pdf,Cell and gene therapy,Luxturna,Luxturna is used for the treatment of adult and paediatric patients with vision loss due to inherited retinal dystrophy caused by confirmed biallelic RPE65 mutations and who have sufficient viable retinal cells.,<Retinal Dystrophies>,no,Luxturna is used for the treatment of adult and paediatric patients with vision loss due to inherited retinal dystrophy caused by confirmed biallelic RPE65 mutations and who have sufficient viable retinal cells.,<Retinal Dystrophies>,Novartis Pharma Schweiz AG,Novartis,67371,Voretigene neparvovec,no,yes,Concentrate; solvent,Not reported,NA
subcutaneous,01.11.2022,2022,authorised (under additional monitoring),SWISSMEDIC,approved,23.06.2023,2023,"Endocrine, nutritional, and metabolic diseases; Diseases of the nervous system",2024-04-23_final_assessment_report_swisspar_amvuttra_mit_fi_engl.pdf,Small molecule,Amvuttra,Treatment of hereditary transthyretin-mediated amyloidosis (hATTR amyloidosis) in adult patients with stage 1 or stage 2 polyneuropathy,<Transthyretin Amyloidosis>,no,Treatment of hereditary transthyretin-mediated amyloidosis (hATTR amyloidosis) in adult patients with stage 1 or stage 2 polyneuropathy,<Transthyretin Amyloidosis>,Alnylam Switzerland GmbH,Alnylam,69074,vutrisiran sodium,yes,yes,solution,Not reported,EMA
autologous; intravenous,30.10.2020,2020,authorised,SWISSMEDIC,approved,28.03.2022,2022,Neoplasms; Diseases of the blood and blood-forming organs,2024-07-22_final_swisspar_breyanzi_mit_fi.pdf,Cell and gene therapy,Breyanzi,Treatment of adult patients with relapsed or refractory diffuse large B-cell lymphoma (DLBCL) and primary mediastinal large B-cell lymphoma (PMBCL) after at least 2 prior therapies.,<Diffuse Large B-Cell Lymphoma>; <Primary Mediastinal Large B-Cell Lymphoma>,no,"Treatment of adult patients with relapsed or refractory diffuse large B-cell lymphoma (DLBCL), primary mediastinal large B-cell lymphoma (PMBCL), and follicular lymphoma grade 3B (FL3B) after at least 2 prior therapies.",<Diffuse Large B-Cell Lymphoma>; <Primary Mediastinal Large B-Cell Lymphoma>; <Follicular Lymphoma>,Bristol-Myers Squibb SA,Bristol-Myers Squibb,67469,lisocabtagene maraleucel,no,yes,dispersion,Not reported,NA
intravenous,27.12.2022,2022,authorised,SWISSMEDIC,approved,03.05.2024,2024,Neoplasms; Diseases of the blood and blood-forming organs,2024-07-30_swisspar_und_fi_engl.pdf,Cell and gene therapy,Ebvallo,"Ebvallo is indicated as monotherapy for treatment of adult and paediatric patients 2 years of age and older with relapsed or refractory Epstein-Barr virus positive post-transplant lymphoproliferative disease (EBV+ PTLD) who have received at least one prior therapy. For solid organ transplant patients, prior therapy includes chemotherapy unless chemotherapy is inappropriate.",<Epstein-Barr Virus-Associated Post-Transplant Lymphoproliferative Disorder>,no,"Ebvallo is indicated as monotherapy for treatment of adult and paediatric patients 2 years of age and older with relapsed or refractory Epstein-Barr virus positive post-transplant lymphoproliferative disease (EBV+ PTLD) who have received at least one prior therapy. For solid organ transplant patients, prior therapy includes chemotherapy unless chemotherapy is inappropriate.",<Epstein-Barr Virus-Associated Post-Transplant Lymphoproliferative Disorder>,Pierre Fabre Pharma SA,Pierre Fabre,69052,tabelecleucel,yes,yes,dispersion,EMEA/H/C/004577/0000,EMA
intravenous,27.10.2022,2022,authorised (under additional monitoring),SWISSMEDIC,approved,07.12.2023,2023,Diseases of the nervous system,2024-08-07_final_swisspar_libmeldy_fi_engl.pdf,Cell and gene therapy,Libmeldy,"Libmeldy is indicated for the treatment of metachromatic leukodystrophy (MLD) characterised by biallelic mutations in the arylsulfatase A (ARSA) gene leading to a reduction of the ARSA enzymatic activity: in children with late infantile or early juvenile forms, without clinical manifestations of the disease, in children with the early juvenile form, with early clinical manifestations of the disease, who still have the ability to walk independently, and before the onset of cognitive decline.","<Leukodystrophy, Metachromatic>",no,"Libmeldy is indicated for the treatment of metachromatic leukodystrophy (MLD) characterised by biallelic mutations in the arylsulfatase A (ARSA) gene leading to a reduction of the ARSA enzymatic activity: in children with late infantile or early juvenile forms, without clinical manifestations of the disease, in children with the early juvenile form, with early clinical manifestations of the disease, who still have the ability to walk independently, and before the onset of cognitive decline.","<Leukodystrophy, Metachromatic>",SFL Pharma GmbH,SFL,68236,atidarsagene autotemcel,yes,yes,dispersion,Not reported,EMA
subcutaneous,26.02.2021,2021,authorised (under additional monitoring),SWISSMEDIC,approved,01.12.2021,2021,"Endocrine, nutritional, and metabolic diseases",2024-08-07_final_swisspar_oxlumo_fi_engl.pdf,Small molecule,OXLUMO,Oxlumo is indicated for the treatment of primary hyperoxaluria type 1 (PH1) in all age groups.,<Primary Hyperoxaluria Type 1>,no,Oxlumo is indicated for the treatment of primary hyperoxaluria type 1 (PH1) in all age groups.,<Primary Hyperoxaluria Type 1>,Alnylam Switzerland GmbH,Alnylam,68239,lumasiran,yes,yes,solution,EMEA/H/C/005040/0000,EMA
subcutaneous,02.06.2020,2020,authorised (under additional monitoring),SWISSMEDIC,approved,29.03.2021,2021,"Endocrine, nutritional, and metabolic diseases",2024-09-13_swisspar_givlaari_fi_engl-1.pdf,Small molecule,Givlaari,Treatment of acute hepatic porphyria in adults and adolescents aged 12 years and older.,<Porphyrias>,no,Treatment of acute hepatic porphyria in adults and adolescents aged 12 years and older.,<Porphyrias>,Alnylam Switzerland GmbH,Alnylam,67895,givosiran,yes,yes,solution,Not reported,EMA
intramuscular,21.01.2021,2021,authorised (under additional monitoring),SWISSMEDIC,approved,10.11.2021,2021,Infectious and parasitic diseases,2024-09-16_swisspar_ervebo_fi_engl.pdf,Vaccine,Ervebo,Active immunisation of individuals 18 years of age or older to protect against Ebola Virus Disease (EVD) caused by Zaire Ebola virus.,<Ebola Virus Disease>,no,Active immunisation of individuals 18 years of age or older to protect against Ebola Virus Disease (EVD) caused by Zaire Ebola virus.,<Ebola Virus Disease>,MSD Merck Sharp & Dohme AG,Merck Sharp & Dohme,68358,"Ebola Zaire Vaccine (rVSV ΔG-ZEBOV-GP, live)",yes,no,solution,EMEA/H/C/004554/0000,EMA
autologous; intravenous,03.12.2021,2021,authorised (under additional monitoring),SWISSMEDIC,approved,12.01.2023,2023,Neoplasms; Diseases of the blood and blood-forming organs,2024-09-26_final_swisspar_tecartus_rrall_fi_engl.pdf,Cell and gene therapy,Tecartus,Tecartus is indicated for the treatment of adult patients with relapsed or refractory B-cell precursor acute lymphoblastic leukaemia (ALL) after 2 or more systemic therapies.,<B-Cell Precursor Acute Lymphoblastic Leukemia>,yes,Tecartus is indicated for the treatment of adult patients with relapsed or refractory B-cell precursor acute lymphoblastic leukaemia (ALL).,<B-Cell Precursor Acute Lymphoblastic Leukemia>,Gilead Sciences Switzerland Sàrl,Gilead,67884,brexucaptagene autoleucel,yes,yes,dispersion,Not reported,NA
subcutaneous,14.04.2023,2023,authorised (under additional monitoring),SWISSMEDIC,approved,29.07.2024,2024,Infectious and parasitic diseases,2024-10-08_swisspar_qdenga_art_13_final_fi_engl.pdf,Vaccine,Qdenga,Qdenga is indicated for the prevention of dengue disease in individuals from 4 years of age.,<Dengue>,no,Qdenga is indicated for the prevention of dengue disease in individuals from 4 years of age.,<Arbovirus Infections>,Takeda Pharma AG,Takeda,69403,"live, attenuated Dengue virus serotype 1; live, attenuated Dengue virus serotype 2; live, attenuated Dengue virus serotype 3; live, attenuated Dengue virus serotype 4",yes,no,powder; solvent,EMEA/H/C/005155/0000,EMA
intravenous,20.12.2023,2023,authorised (under additional monitoring),SWISSMEDIC,conditional marketing authorisation,06.09.2024,2024,Diseases of the blood and blood-forming organs,2024-11-22_final_swisspar_casgevy_art_13_fi_engl_corr.pdf,Cell and gene therapy,Casgevy,β-thalassemia; Sickle cell disease,"<Thalassemia>; <Anemia, Sickle Cell>",no,β-thalassemia; Sickle cell disease,"<Thalassemia>; <Anemia, Sickle Cell>",Vertex Pharmaceuticals (CH) GmbH,Vertex,68978,exagamglogene autotemcel,yes,yes,dispersion,EMEA/H/C/005763/0000,EMA
intramuscular,20.11.2023,2023,authorised (under additional monitoring),SWISSMEDIC,approved,29.07.2024,2024,Infectious and parasitic diseases,2024-12-10_final_swisspar_ervebo_ie_kinder_ab_1j_fi_engl.pdf,Vaccine,Ervebo,Ervebo is indicated for active immunisation of individuals 1 year of age or older to protect against Ebola virus disease (EVD) caused by Zaire Ebola virus,<Ebola Virus Disease>,yes,Ervebo is indicated for active immunisation of individuals 1 year of age or older to protect against Ebola virus disease (EVD) caused by Zaire Ebola virus,<Ebola Virus Disease>,MSD Merck Sharp & Dohme AG,Merck Sharp & Dohme,68358,"rVSVdeltaG-ZEBOV-GP, live, attenuated",yes,Not reported,solution,EMEA/H/C/004554/II/0025,EMA
intravenous,15.03.2023,2023,authorised,SWISSMEDIC,approved,07.12.2023,2023,Diseases of the blood and blood-forming organs,2024-12-13_hemgenix_swisspar_final_fi_engl.pdf,Cell and gene therapy,Hemgenix,treatment of male adults with severe/moderately severe Haemophilia B (congenital Factor IX deficiency) with a preexisting neutralising adeno-associated viral vector serotype 5 (AAV5) antibody titre below 1:900 to reduce the frequency of bleeding episodes and the need for Factor IX replacement therapy,<Hemophilia B>,no,treatment of adults with Haemophilia B (congenital Factor IX deficiency) with a preexisting neutralising adeno-associated viral vector serotype 5 (AAV5) antibody titre below 1:900 to reduce the frequency of bleeding episodes and the need for Factor IX replacement therapy,<Hemophilia B>,CSL Behring AG,CSL Behring,68780,etranacogene dezaparvovec,no,yes,concentrate,Not reported,NA
Subcutaneous; Intravenous,03.01.2019,2019,authorised (under additional monitoring),SWISSMEDIC,approved,01.10.2019,2019,Diseases of the blood and blood-forming organs,66792-cablivi-01-swisspar-20191108.pdf,Biologics,Cablivi,"Treatment of adults suffering from an episode of acquired thrombotic thrombocytopenic purpura (aTTP), in combination with plasmapheresis and immunosuppression.",<Thrombotic Thrombocytopenic Purpura>,no,"Treatment of adults suffering from an episode of acquired thrombotic thrombocytopenic purpura (aTTP), in combination with plasmapheresis and immunosuppression.",<Thrombotic Thrombocytopenic Purpura>,Sanofi-Aventis (Suisse) SA,Sanofi-Aventis,66792,caplacizumabum,yes,yes,Powder; solvent,Not reported,European Medicines Agency EMA
Intravenous,03.01.2019,2019,authorised (under additional monitoring),SWISSMEDIC,approved,23.09.2019,2019,"Endocrine, nutritional, and metabolic diseases; Diseases of the nervous system",67304-onpattro-01-swisspar-20191113.pdf,Small molecule,ONPATTRO,Onpattro is indicated for the treatment of hereditary transthyretin-mediated amyloidosis (hATTR amyloidosis) in adult patients with stage 1 or stage 2 polyneuropathy.,<Transthyretin Amyloidosis>,no,Onpattro is indicated for the treatment of hereditary transthyretin-mediated amyloidosis (hATTR amyloidosis) in adult patients with stage 1 or stage 2 polyneuropathy.,<Transthyretin Amyloidosis>,Alnylam Switzerland GmbH,Alnylam,67304,Patisiran,yes,yes,concentrate,Not reported,European Medicines Agency (EMA)
oral,06.01.2020,2020,authorised,SWISSMEDIC,approved,07.05.2020,2020,Neoplasms,20200602_swisspar_tukysa.pdf,Small molecule,Tukysa,"TUKYSA in combination with trastuzumab and capecitabine is indicated for the treatment of patients with metastatic HER2-positive breast cancer, who have previously received 2 or more anti-HER2 regimens in any setting, including trastuzumab, pertuzumab and trastuzumab-emtansine (T–DM1).",<Breast Neoplasms>,no,"Tukysa is indicated in combination with trastuzumab and capecitabine for the treatment of patients with locally advanced unresectable or metastatic HER2-positive breast cancer, including patients with brain metastases, who have received at least 2 prior anti-HER2 treatment regimens.",<Breast Neoplasms>; <Brain Neoplasms>,SFL Regulatory Affairs & Scientific Communication GmbH,SFL,67798,tucatinibum,no,no,tablet,Not reported,NA
subcutaneous,25.10.2019,2019,authorised (under additional monitoring),SWISSMEDIC,approved,13.07.2020,2020,Diseases of the nervous system,20200827_swisspar_enspryng_final.pdf,Biologics,Enspryng,Enspryng is used as a monotherapy or in combination with immunosuppressive therapy (IST) for the treatment of neuromyelitis optica spectrum disorders (NMOSD) in adult and adolescents in whom aquaporin-4 IgG antibodies are detected (i.e. who are AQP4 IgG seropositive).,<Neuromyelitis Optica Spectrum Disorder>,no,Enspryng is indicated as monotherapy or in combination with immunosuppressive therapy (IST) for the treatment of adult and adolescent patients with neuromyelitis optica spectrum disorders (NMOSD).,<Neuromyelitis Optica Spectrum Disorder>,Roche Pharma (Schweiz) AG,Roche,67617,satralizumabum,no,yes,solution,Not reported,NA
intramuscular,16.10.2020,2020,authorised (under additional monitoring),SWISSMEDIC,approved,19.12.2020,2020,Infectious and parasitic diseases,20210430_swisspar_comirnaty.pdf,Vaccine,Comirnaty,"Comirnaty is indicated for active immunisation to prevent COVID-19 caused by SARS-CoV-2 virus, in individuals 16 years of age and older.",<COVID-19>,no,"Active immunisation to prevent COVID-19 disease caused by SARS-CoV-2 virus, in individuals 16 years of age and older.",<COVID-19>,"Pfizer AG, Zurich",Pfizer,68225,tozinameranum,yes,no,concentrate,Not reported,NA
Intramuscular,12.11.2020,2020,authorised,SWISSMEDIC,approved,12.01.2021,2021,Infectious and parasitic diseases,20211203_swisspar-spikevax.pdf,Vaccine,Spikevax,COVID-19 Vaccine Moderna is indicated for active immunisation to prevent coronavirus disease 2019 (COVID-19) caused by the SARS-CoV-2 virus in individuals 18 years of age and older.,<Coronavirus Disease 2019>,no,COVID-19 Vaccine Moderna is indicated for active immunisation to prevent coronavirus disease 2019 (COVID-19) caused by the SARS-CoV-2 virus in individuals 18 years of age and older.,<Coronavirus Disease 2019>,Moderna Switzerland GmbH,Moderna,68267,CX-024414,yes,no,dispersion,Not reported,NA
intramuscular,01.07.2022,2022,authorised (under additional monitoring),SWISSMEDIC,conditional marketing authorisation,02.09.2022,2022,Infectious and parasitic diseases,assessment_report_swisspar_nuvaxovid_g102682544.pdf,Vaccine,Nuvaxovid,Nuvaxovid is indicated for active immunisation to prevent COVID-19 caused by SARS-CoV-2 in individuals 12 years of age and older.,<COVID-19>,yes,Nuvaxovid is indicated for active immunisation to prevent COVID-19 caused by SARS-CoV-2 in individuals 12 years of age and older.,<COVID-19>,Future Health Pharma GmbH,Future Health,68473,SARS CoV-2 recombinant spike protein (rS NVX-CoV2373),yes,no,dispersion,Not reported,NA
intravenous,31.01.2023,2023,authorised (under additional monitoring),SWISSMEDIC,approved,18.08.2023,2023,Neoplasms,swisspar_trodelvy_hr_her2-_brustkrebs.pdf,Biologics,Trodelvy,HR+/HER2- breast cancer,<Breast Neoplasms>,yes,"Trodelvy is indicated for the treatment of adult patients with unresectable locally advanced or metastatic hormone receptor (HR)-positive, human epidermal growth factor receptor 2 (HER2)-negative breast cancer who have received endocrine-based therapy and at least two additional systemic therapies in the metastatic setting.",<Breast Neoplasms>,Gilead Sciences Switzerland Sàrl,Gilead,68179,sacituzumab govitecan,no,no,powder; gel,Not reported,NA
oral,08.04.2019,2019,authorised,SWISSMEDIC,approved,13.08.2020,2020,Diseases of the genitourinary system,assessment_report_swisspar_mictonorm_final.pdf,Small molecule,Mictonorm,Symptomatic treatment of urinary incontinence and/or increased urinary frequency and urgency as may occur in patients with overactive bladder.,<Urinary Incontinence>; <Overactive Bladder>,no,Symptomatic treatment of aconuresis and/or higher frequency of micturition and imperative urge to urinate in patients with overactive bladder.,<Overactive Urinary Bladder>,Labatec Pharma SA,Labatec,67514,"propiverinum, propiverini hydrochloridum",yes,no,capsule,Not reported,NA
nasal,03.07.2020,2020,authorised (under additional monitoring),SWISSMEDIC,approved,27.08.2021,2021,Mental and behavioural disorders,assessment_report_swisspar_spravato_g102620850.pdf,Small molecule,Spravato,Spravato in combination with an oral antidepressant therapy is indicated as acute short-term treatment for the rapid reduction of depressive symptoms in adult patients with a severe episode of major depression (without psychotic symptoms) when the symptoms are classified as a psychiatric emergency according to clinical evaluation.,<Major Depressive Disorder>,yes,"Spravato is indicated, in conjunction with oral antidepressant therapy, for the rapid reduction of depressive symptoms in adult patients with severe Major Depressive Disorder for whom urgent symptom control is necessary.",<Major Depressive Disorder>,Janssen-Cilag AG,Janssen-Cilag,67103,esketamine as esketamine hydrochloride,yes,no,solution,Not reported,NA
intravenous,04.12.2019,2019,authorised,SWISSMEDIC,approved,01.07.2021,2021,Infectious and parasitic diseases,assessment_report_swisspar_vaborem_final.pdf,Small molecule,Vaborem,"Complicated urinary tract infection (cUTI), including pyelonephritis; Complicated intra-abdominal infection (cIAI); Hospital-acquired pneumonia (HAP), including ventilator-associated pneumonia (VAP); Treatment of patients with bacteraemia associated with these infections.","<Urinary Tract Infections>; <Pyelonephritis>; <Intraabdominal Infections>; <Pneumonia, Hospital-Acquired>; <Pneumonia, Ventilator-Associated>; <Bacteremia>",no,"Complicated urinary tract infection (cUTI), including pyelonephritis; Complicated intra-abdominal infection (cIAI); Hospital-acquired pneumonia (HAP), including ventilator-associated pneumonia (VAP); Treatment of patients with bacteraemia associated with these infections; Infections due to aerobic Gram-negative organisms in adults with limited treatment options.","<Urinary Tract Infections>; <Pyelonephritis>; <Intraabdominal Infections>; <Pneumonia, Hospital-Acquired>; <Pneumonia, Ventilator-Associated>; <Bacteremia>",A. Menarini AG,Menarini,67797,"meropenem trihydrate, vaborbactam",yes,no,powder,Not reported,European Medicines Agency (EMA)
oral,04.10.2021,2021,authorised,SWISSMEDIC,approved,06.04.2023,2023,"Endocrine, nutritional, and metabolic diseases; Diseases of the nervous system; Diseases of the circulatory system",swiss_public_assessment_report__milgamma.pdf,Small molecule,milgamma,"Treatment of disorders responding to administration of vitamin B1, such as: treatment and prophylaxis of vitamin B1 deficiency that cannot be corrected by dietary means; treatment of neurological disorders associated with vitamin B1 deficiency, such as alcoholic or diabetic polyneuropathy, which can manifest as sensory disturbances (e.g. pain, tingling, numbness) in the extremities; treatment of cardiovascular disease associated with vitamin B1 deficiency in people with diabetes mellitus.",<Polyneuropathies>; <Cardiovascular Diseases>; <Diabetes Mellitus>,no,"Treatment of conditions that are responsive to vitamin B1 administration, such as treatment and prophylaxis of vitamin B1 deficiency conditions, if they cannot be solved by dietary means. Treatment of neurological disorders associated with vitamin B1 deficiency, such as alcoholic or diabetic polyneuropathy, which can manifest in sensory impairments (e.g. pain, tingling, numbness) in the extremities. Treatment of cardiovascular disorders associated with vitamin B1 deficiency in diabetic patients.",<Polyneuropathies>,Maras AG,Maras,68695,benfotiamine,yes,no,tablet,Not reported,NA
oral,15.04.2019,2019,authorised,SWISSMEDIC,approved,05.03.2020,2020,Diseases of the circulatory system,swisspar_-vyndaqel_-final.pdf,Small molecule,Vyndaqel,treatment of transthyretin amyloidosis in adult patients with wild-type or hereditary cardiomyopathy to reduce all-cause mortality and cardiovascular-related hospitalisation,<Transthyretin Amyloidosis>,no,treatment of transthyretin amyloidosis in adult patients with wild-type or hereditary cardiomyopathy to reduce all-cause mortality and cardiovascular-related hospitalisation,<Transthyretin Amyloidosis>,Pfizer AG,Pfizer,67083,tafamidis,no,yes,capsule,EMEA/H/C/002294,NA
intravitreal,30.08.2021,2021,authorised (under additional monitoring),SWISSMEDIC,approved,02.06.2022,2022,"Diseases of the eye and adnexa; Endocrine, nutritional, and metabolic diseases",swisspar_final.pdf,Biologics,BEOVU,treatment of neovascular (wet) age-related macular degeneration (AMD) and diabetic macular oedema (DME),<Macular Degeneration>; <Diabetic Macular Edema>,yes,treatment of neovascular (wet) age-related macular degeneration (AMD) and diabetic macular oedema (DME),<Macular Degeneration>; <Diabetic Macular Edema>,Novartis Pharma Schweiz AG,Novartis,67244,brolucizumab,yes,no,solution,Not reported,NA
intravenous,17.08.2021,2021,authorised,SWISSMEDIC,approved,23.12.2022,2022,Neoplasms; Diseases of the skin,swisspar_–_opdualag.pdf,Biologics,Opdualag,Opdualag is indicated for the first-line treatment of adults with unresectable or metastatic melanoma with a PD-L1 expression < 1%.,<Melanoma>,no,Opdualag is indicated for the treatment of adult and paediatric patients (12 years and older and with 40 kg minimum body weight) with unresectable or metastatic melanoma.,<Melanoma>,Bristol-Myers Squibb SA,Bristol-Myers Squibb,68609,"relatlimab, nivolumab",no,no,concentrate,Not reported,NA
cutaneous,01.07.2019,2019,authorised (under additional monitoring),SWISSMEDIC,approved,16.12.2020,2020,Diseases of the skin,swisspar_aklief.pdf,Small molecule,Aklief,"Aklief is indicated for the topical treatment of moderate acne vulgaris on the face and/or torso in patients aged 12 and over, if more than half the surface is affected, in the presence of numerous comedones, papules and pustules.",<Acne Vulgaris>,no,"Aklief is indicated for the cutaneous treatment of Acne Vulgaris of the face and/or trunk in patients from 9 years of age and older, when many comedones, papules and pustules are present.",<Acne Vulgaris>,Galderma SA,Galderma,67632,trifarotene,no,no,cream,Not reported,NA
intravenous,16.06.2023,2023,authorised (under additional monitoring),SWISSMEDIC,approved,02.09.2024,2024,Diseases of the blood and blood-forming organs,swisspar_altuvoct.pdf,Biologics,Altuvoct,ALTUVOCT is indicated for the treatment and prophylaxis of bleeding in patients with haemophilia A (congenital factor VIII deficiency). ALTUVOCT can be used for all age groups.,<Hemophilia A>,no,ALTUVOCT is indicated for the treatment and prophylaxis of bleeding in patients with haemophilia A (congenital factor VIII deficiency). ALTUVOCT can be used for all age groups.,<Hemophilia A>,Swedish Orphan Biovitrum AG,Swedish Orphan Biovitrum,69436,efanesoctocog alfa,yes,yes,powder; solvent,Not reported,FDA
oral,16.09.2022,2022,authorised (under additional monitoring),SWISSMEDIC,approved,06.03.2024,2024,Diseases of the nervous system,swisspar_aquipta.pdf,Small molecule,Aquipta,"Prophylactic treatment of migraine in adults, when indicated.",<Migraine Disorders>,no,Aquipta is indicated for the preventive treatment of migraine in adults who have at least 4 migraine attacks per month.,<Migraine Disorders>,AbbVie AG,AbbVie,69128,atogepant,yes,no,tablet,Not reported,FDA; EMA
subcutaneous,14.04.2023,2023,authorised (under additional monitoring),SWISSMEDIC,approved,07.03.2024,2024,"Endocrine, nutritional, and metabolic diseases",swisspar_awiqli.pdf,Peptides and proteins,Awiqli FlexTouch,Treatment of diabetes mellitus in adults.,<Diabetes Mellitus>,no,Treatment of diabetes mellitus in adults.,<Diabetes Mellitus>,Novo Nordisk Pharma AG,Novo Nordisk,69389,insulin icodec,no,no,solution,Not reported,NA
oral,18.11.2021,2021,authorised,SWISSMEDIC,approved,06.07.2023,2023,Neoplasms; Diseases of the blood and blood-forming organs,swisspar_ayvakyt.pdf,Small molecule,Ayvakyt,Gastrointestinal Stromal Tumour (GIST) with PDGFRA D842V mutation; Advanced Systemic Mastocytosis (AdvSM) after at least one previous systemic therapy,"<Gastrointestinal Stromal Tumors>; <Mastocytosis, Systemic>",no,Gastrointestinal Stromal Tumour (GIST) with PDGFRA exon 18 mutation; Advanced Systemic Mastocytosis (AdvSM),"<Gastrointestinal Stromal Tumors>; <Mastocytosis, Systemic>",Blueprint Medicines (Switzerland),Blueprint Medicines,68294,avapritinib,yes,yes,tablet,Not reported,FDA
subcutaneous,22.03.2019,2019,authorised,SWISSMEDIC,approved,01.07.2020,2020,Neoplasms; Diseases of the blood and blood-forming organs,swisspar_besremi.pdf,Biologics,Besremi,Besremi is indicated as monotherapy for the treatment of adult patients with polycythaemia vera without symptomatic splenomegaly and with an indication for cytoreductive therapy.,<Polycythemia Vera>,no,Besremi is indicated as monotherapy in adults for the treatment of polycythaemia vera without symptomatic splenomegaly.,<Polycythemia Vera>,OrPha Swiss GmbH,OrPha,67488,ropeginterferon alfa-2b,yes,yes,solution,Not reported,European Medicines Agency
oral,18.10.2021,2021,authorised (under additional monitoring),SWISSMEDIC,approved,25.04.2023,2023,Diseases of the circulatory system,swisspar_camzyos_mit_fi.pdf,Small molecule,Camzyos,"Camzyos is indicated for the treatment of adult patients with symptomatic (NYHA, class II-III) obstructive hypertrophic cardiomyopathy (oHCM) to improve functional capacity and associated symptoms.",<Hypertrophic Cardiomyopathy>,no,"Treatment of symptomatic (New York Heart Association, NYHA, class II-III) obstructive hypertrophic cardiomyopathy (oHCM) in adult patients.",<Hypertrophic Cardiomyopathy>,Bristol-Myers Squibb SA,Bristol-Myers Squibb,68477,mavacamten,no,yes,capsule,Not reported,NA
intravenous,01.12.2022,2022,authorised (under additional monitoring),SWISSMEDIC,conditional marketing authorisation,07.11.2023,2023,Neoplasms; Diseases of the blood and blood-forming organs,swisspar_columvi_mit_fi.pdf,Biologics,Columvi,"Columvi is indicated for the treatment of adult patients with relapsed or refractory diffuse large B-cell lymphoma (DLBCL) after 2 or more lines of systemic therapy, including an antibody that targets CD20 and an anthracycline. Furthermore, the patients must exhibit progression after prior anti-CD19-targeted CAR T-cell therapy or be ineligible for such treatment.",<Diffuse Large B-Cell Lymphoma>,no,"Glofitamab is indicated for the treatment of adult patients with relapsed or refractory large B-cell lymphoma after 2 or more lines of systemic therapy, including diffuse large B-cell lymphoma (DLBCL) not otherwise specified, DLBCL arising from follicular lymphoma, high-grade B-cell lymphoma (HGBCL), and primary mediastinal B-cell lymphoma (PMBCL).",<Large B-Cell Lymphoma>; <Diffuse Large B-Cell Lymphoma>; <Follicular Lymphoma>; <High-Grade B-Cell Lymphoma>; <Primary Mediastinal B-Cell Lymphoma>,Roche Pharma (Schweiz) AG,Roche,68297,glofitamab,no,yes,concentrate,Not reported,NA
subcutaneous,27.06.2019,2019,withdrawn,SWISSMEDIC,approved,31.05.2021,2021,Diseases of the nervous system,2024-10-08_swisspar_tegsedi_art13_final_fi_engl.pdf,Other,TEGSEDI®,Tegsedi is indicated for the treatment of stage 1 or stage 2 polyneuropathy in adult patients with hereditary transthyretin amyloidosis (hATTR).,<Polyneuropathies>; <Amyloidosis>,no,Tegsedi is indicated for the treatment of stage 1 or stage 2 polyneuropathy in adult patients with hereditary transthyretin amyloidosis (hATTR).,<Polyneuropathies>; <Amyloidosis>,"SFL Pharma GmbH (now Swedish Orphan Biovitrum AG, Basel)",Swedish Orphan Biovitrum,67451,inotersen,yes,yes,solution,Not reported,EMA
intravenous,08.03.2021,2021,withdrawn,SWISSMEDIC,conditional marketing authorisation,20.06.2022,2022,Neoplasms; Diseases of the blood and blood-forming organs,assessment_report_swisspar_blenrep_final_mit_fi.pdf,Biologics,Blenrep,"monotherapy for the treatment of multiple myeloma in adult patients who have already received at least four prior therapy lines and whose disease is refractory to at least one proteasome inhibitor, one immunomodulatory agent and an anti-CD38 monoclonal antibody, and who demonstrated disease progression during the most recent therapy",<Multiple Myeloma>,no,"treatment of patients with relapsed/refractory multiple myeloma who have received at least four prior therapies including an anti-CD38 antibody, a proteasome inhibitor, and an immunomodulatory agent",<Multiple Myeloma>,GlaxoSmithKline AG,GlaxoSmithKline,67741,belantamab mafodotin,no,yes,powder,Not reported,NA
intravenous,02.08.2022,2022,authorised (under additional monitoring),SWISSMEDIC,approved,05.04.2023,2023,Infectious and parasitic diseases,swisspar_veklury_final.pdf,Small molecule,Veklury,treatment of coronavirus disease 2019 (COVID-19) in adults and paediatric patients with pneumonia requiring supplemental oxygen and those at increased risk of developing severe COVID-19,<Coronavirus Infections>,yes,treatment of coronavirus disease 2019 (COVID-19) in adults and paediatric patients with pneumonia requiring supplemental oxygen and those at risk of developing severe COVID-19,<Coronavirus Infections>,Gilead Sciences Switzerland Sàrl,Gilead,68026,remdesivir,no,no,powder,Not reported,NA
intramuscular,01.09.2022,2022,authorised (under additional monitoring),SWISSMEDIC,conditional marketing authorisation,27.04.2023,2023,Infectious and parasitic diseases; Diseases of the respiratory system,swisspar_evusheld-2.pdf,Biologics,EVUSHELD,treatment of mild-to-moderate COVID-19 in adults and adolescents (from 12 years of age with minimum body weight of 40 kg) who do not require supplemental oxygen or hospitalisation due to COVID-19 and who are at risk of progressing to severe COVID-19,<COVID-19>,yes,treatment of COVID-19 in adults and paediatric individuals (12 years of age and older weighing at least 40 kg),<COVID-19>,AstraZeneca AG,AstraZeneca,68704,"tixagevimab, cilgavimab",yes,no,solution,Not reported,NA
oral,25.05.2022,2022,authorised (under additional monitoring),SWISSMEDIC,approved,29.08.2023,2023,Neoplasms; Diseases of the blood and blood-forming organs,swisspar_brukinsa_g102680156.pdf,Small molecule,Brukinsa,BRUKINSA is indicated as monotherapy for the treatment of adult patients with chronic lymphocytic leukaemia (CLL) who have received one or more prior therapies.,"<Leukemia, Lymphocytic, Chronic, B-Cell>",yes,Brukinsa is indicated for the treatment of adult patients with chronic lymphocytic leukaemia (CLL) or small lymphocytic lymphoma (SLL).,"<Leukemia, Lymphocytic, Chronic, B-Cell>; <Lymphoma, Small Lymphocytic>",BeiGene Switzerland GmbH,BeiGene,67998,zanubrutinib,yes,yes,capsule,Not reported,NA
oral,03.03.2020,2020,authorised,SWISSMEDIC,approved,04.05.2021,2021,Neoplasms; Diseases of the respiratory system,swisspar_alunbrig-1.pdf,Small molecule,Alunbrig,Alunbrig is indicated as monotherapy for the treatment of adult patients with anaplastic lymphoma kinase (ALK)-positive locally advanced or metastatic non-small cell lung cancer (NSCLC) previously untreated with an ALK inhibitor. Alunbrig is indicated as monotherapy for the treatment of adult patients with anaplastic lymphoma kinase (ALK)-positive metastatic non-small cell lung cancer (NSCLC) who have progressed on previous treatment with crizotinib.,<Non-Small Cell Lung Cancer>,no,"Alunbrig is indicated as monotherapy for the treatment of adult patients with anaplastic lymphoma kinase (ALK)-positive, advanced, non-small cell lung cancer (NSCLC), who have previously not been treated with an ALK-inhibitor. Alunbrig is indicated as monotherapy for the treatment of adult patients with anaplastic lymphoma kinase (ALK)-positive, advanced, non-small cell lung cancer (NSCLC), who have previously been treated with crizotinib.",<Non-Small-Cell Lung Carcinoma>,Takeda Pharma AG,Takeda,66738,brigatinib,no,yes,tablet,Not reported,NA
intravenous,08.08.2022,2022,authorised (under additional monitoring),SWISSMEDIC,approved,11.04.2024,2024,Neoplasms; Diseases of the digestive system,swisspar_tevimbra.pdf,Biologics,Tevimbra,"Tevimbra is indicated as monotherapy for the second-line treatment of adult patients with advanced or metastatic oesophageal squamous cell carcinoma who have progressed on or after platinum-based systemic therapy, who have not received prior immune checkpoint inhibitor therapy.",<Oesophageal Squamous Cell Carcinoma>,no,"Tevimbra, as monotherapy, is indicated for the treatment of adult patients with unresectable, recurrent, locally advanced or metastatic oesophageal squamous cell carcinoma after prior systemic therapy.",<Oesophageal Squamous Cell Carcinoma>,BeiGene Switzerland GmbH,BeiGene,68960,tislelizumab,no,no,concentrate,Not reported,NA
intravenous,20.06.2022,2022,authorised (under additional monitoring),SWISSMEDIC,conditional marketing authorisation,07.03.2023,2023,Neoplasms; Diseases of the respiratory system,swisspar_zepzelca.pdf,Small molecule,Zepzelca,Zepzelca is indicated for the treatment of adult patients with metastatic small cell lung cancer (SCLC) who have progressed after platinum-containing therapy with a subsequent chemotherapy-free interval (CTFI) ≥30 days and with no central nervous system (CNS) metastases.,<Small Cell Lung Carcinoma>,no,Zepzelca is indicated for the treatment of patients with metastatic small cell lung cancer (SCLC) with disease progression on or after platinum-containing therapy and with no central nervous system (CNS) metastases.,<Small Cell Lung Carcinoma>,PharmaMar AG,PharmaMar,67729,lurbinectedin,yes,yes,lyophilisate,Not reported,US FDA
intramuscular,01.10.2020,2020,authorised,SWISSMEDIC,approved,05.10.2022,2022,Infectious and parasitic diseases,swisspar_menquadfi.pdf,Vaccine,MenQuadfi,"Active immunisation of individuals from the age of 12 months and older against invasive meningococcal disease caused by Neisseria meningitidis serogroups A, C, W and Y.",<Invasive Meningococcal Disease>,no,"Active immunisation of individuals from the age of 12 months and older, against invasive meningococcal disease caused by Neisseria meningitidis serogroups A, C, W and Y.",<Invasive Meningococcal Disease>,Sanofi-Aventis (Suisse) SA,Sanofi-Aventis,68221,"polysaccharida Neisseriae meningitidis (A, C, W-135, Y) conjugatum cum toxoidum tetani",yes,no,solution,Not reported,EMA
subcutaneous,09.01.2023,2023,authorised (under additional monitoring),SWISSMEDIC,conditional marketing authorisation,30.10.2023,2023,Neoplasms; Diseases of the blood and blood-forming organs,swisspar_talvey_g102689436.pdf,Biologics,Talvey,"Monotherapy for treatment of adult patients with relapsed or refractory multiple myeloma who have received at least 3 prior lines of therapy, including a proteasome inhibitor, an immunomodulatory agent, and an anti-CD38 monoclonal antibody, and have demonstrated disease progression on or after their last line of therapy.",<Multiple Myeloma>,no,"Treatment of adult patients with relapsed or refractory multiple myeloma who have received at least 4 prior therapies, including a proteasome inhibitor, an immunomodulatory agent, and an anti-CD38 monoclonal antibody.",<Multiple Myeloma>,Janssen-Cilag AG,Janssen-Cilag,69049,talquetamab,no,yes,solution,Not reported,NA
intravenous,06.07.2021,2021,authorised (under additional monitoring),SWISSMEDIC,conditional marketing authorisation,06.05.2022,2022,Diseases of the genitourinary system,swisspar_idefirix_final.pdf,Biologics,IDEFIRIX,Idefirix can be used before a kidney transplant for rapid and temporary inactivation of immunoglobulin G (IgG) in adult patients with positive crossmatch against an available deceased donor.,<End Stage Renal Disease>,no,Idefirix is indicated for desensitisation treatment of highly sensitised adult kidney transplant patients with positive crossmatch against an available deceased donor.,<End Stage Kidney Disease>,Voisin Consulting CH Sàrl,Voisin,68373,imlifidase,yes,yes,powder,Not reported,EMA
oral,20.06.2023,2023,authorised (under additional monitoring),SWISSMEDIC,approved,29.08.2024,2024,Diseases of the blood and blood-forming organs,swisspar_fabhalta.pdf,Small molecule,Fabhalta,Fabhalta is indicated as monotherapy for the treatment of adult patients with paroxysmal nocturnal haemoglobinuria (PNH) who have had an inadequate response despite at least 6 months of treatment with a C5 inhibitor.,<Paroxysmal Nocturnal Hemoglobinuria>,no,Fabhalta is indicated for the treatment of adult patients with paroxysmal nocturnal haemoglobinuria (PNH).,<Paroxysmal Nocturnal Hemoglobinuria>,Novartis Pharma Schweiz AG,Novartis,68603,iptacopan,no,yes,capsule,Not reported,NA
subcutaneous,30.11.2021,2021,authorised,SWISSMEDIC,approved,02.11.2022,2022,"Endocrine, nutritional, and metabolic diseases",swisspar_mounjaro_final.pdf,Peptides and proteins,MOUNJARO,Mounjaro is indicated for the treatment of adults with insufficiently controlled type 2 diabetes mellitus as an adjunct to diet and exercise - as monotherapy when metformin is contraindicated or not tolerated; - in combination with other drugs that lower blood glucose.,<Type 2 Diabetes Mellitus>,no,Mounjaro is used to treat adults with type 2 diabetes mellitus in addition to diet and exercise.,<Type 2 Diabetes Mellitus>,Eli Lilly (Suisse) SA,Eli Lilly,68726,tirzepatide,no,no,solution,Not reported,NA
oral,27.05.2019,2019,authorised,SWISSMEDIC,approved,14.12.2020,2020,"Endocrine, nutritional, and metabolic diseases; Diseases of the circulatory system",swisspar_nilemdo_final.pdf,Small molecule,Nilemdo,Nilemdo is indicated as an adjunct to diet and in combination with the maximum tolerated dose of a statin with or without other lipid-lowering therapies for the treatment of adults with clinical manifestations of atherosclerotic cardiovascular disease or heterozygous familial hypercholesterolaemia who need additional LDL-C lowering.,<Atherosclerosis>; <Hypercholesterolemia>,no,"Nilemdo is indicated in adults with primary hypercholesterolaemia (heterozygous familial and non-familial) as an adjunct to diet: in combination with a statin or statin with other lipid-lowering therapies in patients unable to reach LDL-C goals with the maximum tolerated dose of a statin or, alone or in combination with other lipid-lowering therapies in patients who are statin-intolerant, or for whom a statin is contraindicated.",<Hypercholesterolemia>,PharmaContext GmbH,PharmaContext,67583,acidum bempedoicum,no,no,tablet,Not reported,NA
oral,06.03.2019,2019,authorised,SWISSMEDIC,approved,24.03.2020,2020,Neoplasms,swisspar_piqray_final.pdf,Small molecule,Piqray,"Piqray is used in combination with fulvestrant for the treatment of postmenopausal women with hormone receptor (HR)-positive, human epidermal growth factor receptor 2 (HER2)-negative, advanced breast cancer with a PIK3CA mutation after disease progression when patients have previously received endocrine therapy including an aromatase inhibitor.",<Breast Neoplasms>,no,"Piqray is indicated for the treatment of postmenopausal women and men with hormone receptor (HR)-positive, human epidermal growth factor receptor 2 (HER2)-negative, advanced breast cancer with a PIK3CA mutation in combination with fulvestrant after disease progression following an endocrine-based therapy.",<Breast Neoplasms>,Novartis Pharma Schweiz AG,Novartis,67359,alpelisib,no,no,tablet,Not reported,NA
intravenous,30.09.2022,2022,authorised (under additional monitoring),SWISSMEDIC,approved,12.06.2023,2023,Neoplasms; Diseases of the blood and blood-forming organs,swisspar_sarclisa_ie_2l_mm.pdf,Biologics,Sarclisa,Sarclisa is indicated in combination with carfilzomib and dexamethasone for the treatment of adult patients with multiple myeloma who have received 1 to 3 prior lines of therapy.,<Multiple Myeloma>,yes,Sarclisa is indicated in combination with carfilzomib and dexamethasone for the treatment of adult patients with multiple myeloma who have received at least one prior line of therapy.,<Multiple Myeloma>,Sanofi-Aventis (Suisse) SA,Sanofi-Aventis,67525,isatuximab,yes,yes,concentrate,Not reported,NA
oral,31.07.2020,2020,authorised,SWISSMEDIC,approved,16.11.2021,2021,Diseases of the nervous system,swisspar_ponvory.pdf,Small molecule,Ponvory,Ponvory is indicated for the treatment of adult patients with relapsing remitting forms of multiple sclerosis (RRMS) with active disease defined by clinical or imaging features,"<Multiple Sclerosis, Relapsing-Remitting>",no,Ponvory is indicated for the treatment of adult patients with relapsing forms of multiple sclerosis (RMS),<Multiple Sclerosis>,Janssen-Cilag AG,Janssen-Cilag,68114,ponesimod,no,no,tablet,Not reported,NA
intravenous,19.04.2022,2022,authorised,SWISSMEDIC,approved,03.02.2023,2023,Neoplasms; Diseases of the blood and blood-forming organs,swisspar_elzonris_final.pdf,Biologics,ELZONRIS,ELZONRIS is indicated for the first-line treatment of adult patients with blastic plasmacytoid dendritic cell neoplasm (BPDCN).,<Blastic Plasmacytoid Dendritic Cell Neoplasm>,no,ELZONRIS is indicated for the treatment of adult patients and in paediatric patients 2 years and older with blastic plasmacytoid dendritic cell neoplasm (BPDCN).,<Blastic Plasmacytoid Dendritic Cell Neoplasm>,Stemline Therapeutics Switzerland GmbH,Stemline,68797,tagraxofusp,no,yes,concentrate,Not reported,NA
oral,30.07.2021,2021,authorised (under additional monitoring),SWISSMEDIC,approved,09.06.2022,2022,Neoplasms; Diseases of the blood and blood-forming organs,swisspar_scemblix_final.pdf,Small molecule,Scemblix,"treatment of adult patients with Philadelphia chromosome-positive chronic myeloid leukaemia (Ph+ CML) in chronic phase (CP), in whom previous administration of two or more tyrosine kinase inhibitors has resulted in treatment failure or intolerance","<Leukemia, Myelogenous, Chronic, BCR-ABL Positive>",no,treatment of adult patients with Philadelphia chromosome-positive chronic myeloid leukaemia in chronic phase (Ph+ CML-CP) previously treated with two or more tyrosine kinase inhibitors,"<Leukemia, Myelogenous, Chronic, BCR-ABL Positive>",Novartis Pharma Schweiz AG,Novartis,68441,asciminib,yes,yes,tablet,Not reported,Not reported
oral,14.01.2022,2022,authorised,SWISSMEDIC,conditional marketing authorisation,15.06.2022,2022,Infectious and parasitic diseases,swisspar_paxlovid_final.pdf,Small molecule,Paxlovid,"treatment of coronavirus disease 2019 (COVID-19) in adults who do not require oxygen therapy or hospitalisation due to COVID-19, and who are at increased risk for progressing to severe COVID-19",<Coronavirus Infections>,no,"treatment of COVID-19 in adults and adolescents aged 12 years and over and weighing at least 40 kg, who do not require supplemental oxygen and who are at increased risk for progressing to severe COVID-19",<COVID-19>,Pfizer AG,Pfizer,68793,"nirmatrelvir, ritonavir",no,no,tablet,Not reported,NA
intravesical,02.12.2020,2020,authorised,SWISSMEDIC,approved,28.07.2022,2022,Neoplasms; Diseases of the genitourinary system,swisspar_bcg_apogepha_final.pdf,Vaccine,BCG APOGEPHA,"Treatment of superficial, epithelial, non-muscle invasive urothelial carcinoma of the urinary bladder (Carcinoma urotheliale Ta, Tis, T1).",<Urothelial Carcinoma>,no,"Treatment of superficial, epithelial, non-muscle-invasive urothelial carcinoma (stages Ta, Tis, T1 bladder carcinoma).",<Urothelial Carcinoma>,Regulix GmbH,Regulix,68286,"bacillus Calmette-Guérin, live attenuated (Moreau)",yes,no,powder; solvent,Not reported,NA
intravenous,19.03.2020,2020,authorised (under additional monitoring),SWISSMEDIC,approved,02.12.2020,2020,Diseases of the blood and blood-forming organs,swisspar_ondexxya.pdf,Biologics,ONDEXXYA,For adult patients treated with a direct factor Xa (FXa) inhibitor (apixaban or rivaroxaban) when reversal of anticoagulation is needed due to life-threatening or uncontrolled bleeding.,Not Reported,no,For adult patients treated with a direct factor Xa (FXa) inhibitor (apixaban or rivaroxaban) when reversal of anticoagulation is needed due to life-threatening or uncontrolled bleeding.,<Life-Threatening Hemorrhage>,Alexion Pharma GmbH,Alexion,67759,andexanet alfa,yes,no,powder,Not reported,EMA; FDA
oral,03.02.2020,2020,authorised,SWISSMEDIC,approved,28.09.2021,2021,Infectious and parasitic diseases,swisspar_rukobia.pdf,Small molecule,Rukobia,Rukobia is indicated in combination with optimised background antiretroviral therapy against human immunodeficiency virus type 1 (HIV-1) infection for the treatment of multidrug-resistant HIV-1 infection in heavily treatment-experienced adults whose current antiviral regimen failed due to resistance and/or cannot be continued due to intolerance or safety reasons.,<Human Immunodeficiency Virus>,no,"Rukobia, in combination with other antiretrovirals, is indicated for the treatment of intensively pretreated adults with multidrug resistant HIV-1 infection for whom it is otherwise not possible to construct a suppressive anti-viral regimen due to resistance, intolerance or safety considerations.",<Acquired Immunodeficiency Syndrome>,ViiV Healthcare GmbH,ViiV,67854,fostemsavir,no,no,tablet,Not reported,NA
intramuscular,30.11.2022,2022,authorised,SWISSMEDIC,approved,26.03.2024,2024,Infectious and parasitic diseases; Diseases of the respiratory system,swisspar_prevenar_20.pdf,Vaccine,Prevenar 20,Active immunisation for the prevention of invasive disease and pneumonia caused by Streptococcus pneumoniae in individuals 65 years of age and older.,<Streptococcal Infections>; <Pneumonia>,yes,Active immunisation for the prevention of invasive disease and pneumonia caused by Streptococcus pneumoniae in individuals 18 years of age and older.,<Streptococcal Infections>; <Pneumonia>,Pfizer AG,Pfizer,69222,Streptococcus pneumoniae serotype 1 / 3 / 4 / 5 / 6A / 6B / 7F / 8 / 9V / 10A / 11A / 12F / 14 / 15B / 18C / 19A / 19F / 22F / 23F / 33F polysaccharide conjugated to Corynebacterium diphtheriae CRM197 protein,yes,no,suspension,Not reported,EMA
intravenous,27.06.2022,2022,authorised (under additional monitoring),SWISSMEDIC,approved,30.11.2023,2023,Diseases of the digestive system,swisspar_omvoh_final.pdf,Biologics,Omvoh,"treatment of adult patients with moderately to severely active ulcerative colitis who have had an inadequate response with, lost response to, or were intolerant to either conventional therapy or a biologic treatment, or have medical contraindications to such therapies.",<Ulcerative Colitis>,no,"treatment of adult patients with moderately to severely active ulcerative colitis who have had an inadequate response with, lost response to, or were intolerant to conventional therapy or a biologic treatment or a Janus kinase (JAK) inhibitor, or have medical contraindications to such therapies.",<Ulcerative Colitis>,Eli Lilly (Suisse) SA,Eli Lilly,68950,mirikizumab,yes,no,concentrate,Not reported,Not reported
oral,23.05.2019,2019,authorised (under additional monitoring),SWISSMEDIC,approved,24.09.2020,2020,Neoplasms; Diseases of the blood and blood-forming organs,swisspar_xospata_finale_version.pdf,Small molecule,XOSPATA,treatment of adult patients who have relapsed or refractory acute myeloid leukaemia (AML) with FMS-like tyrosine kinase 3 (FLT3) mutations,"<Leukemia, Myeloid, Acute>",no,treatment of patients who have relapsed or refractory acute myeloid leukaemia (AML) with FMS-like tyrosine kinase 3 (FLT3) mutations,"<Leukemia, Myeloid, Acute>",Astellas Pharma AG,Astellas,67211,"gilteritinib, gilteritinib hemifumarate",yes,yes,tablet,Not reported,FDA
intramuscular,01.12.2023,2023,authorised (under additional monitoring),SWISSMEDIC,approved,23.08.2024,2024,Infectious and parasitic diseases; Diseases of the respiratory system,swisspar_abrysvo-1.pdf,Vaccine,Abrysvo,Passive protection against lower respiratory tract disease caused by RSV in infants from birth to 6 months of age following immunisation of pregnant individuals at 32 to 36 weeks gestational age; Active immunisation of individuals 60 years of age and older for the prevention of lower respiratory tract disease caused by RSV.,<Respiratory Tract Infections>,no,Passive protection against lower respiratory tract disease caused by RSV in infants from birth to 6 months of age following maternal immunisation during pregnancy; Active immunisation of individuals 60 years of age and older for the prevention of lower respiratory tract disease caused by RSV.,<Respiratory Tract Diseases>,Pfizer AG,Pfizer,69691,"RSV subgroup A stabilised prefusion F antigen, RSV subgroup B stabilised prefusion F antigen",yes,no,powder; solvent,EMEA/H/C/006027/0000,European Medicines Agency (EMA)
