Administration_route,Application_date,Application_year,Current_status,Dataset,Decision,Decision_date,Decision_year,Disease_class(es),Disease_name(s),Document_name,Drug_class,Drug_name,Indication_approved,Indication_extended,Indication_requested,Indication_requested_extracted,Marketing_authorisation_holder,Marketing_authorisation_holder_extracted,Marketing_authorisation_number,Non_proprietary_name,Nonclinical_abridged,Orphan_drug_status,Pharmaceutical_form,Procedure_number,Referral_body,DRUG_CODE
subcutaneous,03.12.2015,2015.0,authorised,EMA,approved,26.01.2017,2017,diseases of the musculoskeletal system and connective tissue; diseases of the skin; diseases of the digestive system; diseases of the eye and adnexa,"<rheumatoid arthritis>; <arthritis, juvenile>; <spondylarthropathies>; <arthritis, psoriatic>; <psoriasis>; <hidradenitis suppurativa>; <crohn disease>; <colitis, ulcerative>; <uveitis>",amgevita-epar-public-assessment-report_en.pdf,biologics,amgevita,rheumatoid arthritis; juvenile idiopathic arthritis; axial spondyloarthritis; psoriatic arthritis; psoriasis; hidradenitis suppurativa; crohn’s disease; ulcerative colitis; uveitis,no,rheumatoid arthritis; juvenile idiopathic arthritis; axial spondyloarthritis; psoriatic arthritis; psoriasis; hidradenitis suppurativa; crohn’s disease; ulcerative colitis; uveitis,"<rheumatoid arthritis>; <arthritis, juvenile>; <spondylarthropathies>; <arthritis, psoriatic>; <psoriasis>; <hidradenitis suppurativa>; <crohn disease>; <colitis, ulcerative>; <uveitis>",amgen europe b.v.,amgen,ema/106922/2017,adalimumab,no,no,solution,emea/h/c/004212/0000,na,
subcutaneous,05.11.2018,2018.0,authorised,EMA,approved,12.12.2019,2019,diseases of the musculoskeletal system and connective tissue; diseases of the skin; diseases of the digestive system; diseases of the eye and adnexa,"<rheumatoid arthritis>; <arthritis, juvenile>; <arthritis>; <spondylarthropathies>; <psoriatic arthritis>; <psoriasis>; <hidradenitis suppurativa>; <crohn disease>; <colitis, ulcerative>; <uveitis>",amsparity-epar-public-assessment-report_en.pdf,biologics,amsparity,rheumatoid arthritis; juvenile idiopathic arthritis; enthesitis-related arthritis; axial spondyloarthritis; psoriatic arthritis; psoriasis; hidradenitis suppurativa; crohn’s disease; ulcerative colitis; uveitis,no,rheumatoid arthritis; juvenile idiopathic arthritis; enthesitis-related arthritis; axial spondyloarthritis; psoriatic arthritis; psoriasis; hidradenitis suppurativa; crohn’s disease; ulcerative colitis; uveitis,"<rheumatoid arthritis>; <arthritis, juvenile>; <spondylarthropathies>; <spondylarthropathies>; <arthritis, psoriatic>; <psoriasis>; <hidradenitis suppurativa>; <crohn disease>; <colitis, ulcerative>; <uveitis>",pfizer europe ma eeig,pfizer,ema/2756/2020,adalimumab,no,no,solution,emea/h/c/004879/0000,na,
subcutaneous,27.10.2016,2016.0,withdrawn,EMA,approved,14.09.2017,2017,diseases of the musculoskeletal system and connective tissue; diseases of the skin; diseases of the digestive system; diseases of the eye and adnexa,"<rheumatoid arthritis>; <arthritis, juvenile>; <spondylarthropathies>; <arthritis, psoriatic>; <psoriasis>; <hidradenitis suppurativa>; <crohn disease>; <ulcerative colitis>; <uveitis>",cyltezo-epar-public-assessment-report_en.pdf,biologics,cyltezo,rheumatoid arthritis; juvenile idiopathic arthritis; axial spondyloarthritis; psoriatic arthritis; psoriasis; paediatric plaque psoriasis; hidradenitis suppurativa; crohn’s disease; paediatric crohn's disease; ulcerative colitis; uveitis,no,rheumatoid arthritis; juvenile idiopathic arthritis; axial spondyloarthritis; psoriatic arthritis; psoriasis; paediatric plaque psoriasis; hidradenitis suppurativa; crohn’s disease; paediatric crohn's disease; ulcerative colitis; uveitis,"<rheumatoid arthritis>; <arthritis, juvenile>; <spondylarthropathies>; <arthritis, psoriatic>; <psoriasis>; <hidradenitis suppurativa>; <crohn disease>; <ulcerative colitis>; <uveitis>",boehringer ingelheim international gmbh,boehringer ingelheim,ema/chmp/750187/2017,adalimumab,no,no,solution,emea/h/c/004319/0000,na,
subcutaneous,23.11.2017,2017.0,withdrawn,EMA,approved,31.05.2018,2018,diseases of the musculoskeletal system and connective tissue; diseases of the skin; diseases of the eye and adnexa,"<rheumatoid arthritis>; <arthritis, juvenile>; <arthritis>; <spondylarthropathies>; <psoriatic arthritis>; <psoriasis>; <hidradenitis suppurativa>; <uveitis>",halimatoz-epar-public-assessment-report_en.pdf,biologics,halimatoz,rheumatoid arthritis; juvenile idiopathic arthritis; enthesitis-related arthritis; axial spondyloarthritis; psoriatic arthritis; psoriasis; paediatric plaque psoriasis; hidradenitis suppurativa; uveitis; paediatric uveitis,no,rheumatoid arthritis; juvenile idiopathic arthritis; enthesitis-related arthritis; axial spondyloarthritis; psoriatic arthritis; psoriasis; paediatric plaque psoriasis; hidradenitis suppurativa; uveitis; paediatric uveitis,"<rheumatoid arthritis>; <arthritis, juvenile>; <spondylarthropathies>; <spondylarthropathies>; <arthritis, psoriatic>; <psoriasis>; <psoriasis>; <hidradenitis suppurativa>; <uveitis>; <uveitis>",sandoz gmbh,sandoz,ema/chmp/519681/2018,adalimumab,no,no,solution,emea/h/c/004866/0000,na,
subcutaneous,23.11.2017,2017.0,authorised,EMA,approved,31.05.2018,2018,diseases of the musculoskeletal system and connective tissue; diseases of the skin; diseases of the eye and adnexa,"<arthritis, juvenile>; <arthritis, juvenile>; <arthritis, juvenile>; <spondylarthropathies>; <spondylitis, ankylosing>; <spondylarthropathies>; <arthritis, psoriatic>; <psoriasis>; <psoriasis>; <hidradenitis suppurativa>; <uveitis>; <uveitis>",hefiya-epar-public-assessment-report_en.pdf,biologics,hefiya,juvenile idiopathic arthritis; polyarticular juvenile idiopathic arthritis; enthesitis-related arthritis; axial spondyloarthritis; ankylosing spondylitis; axial spondyloarthritis without radiographic evidence of as; psoriatic arthritis; psoriasis; paediatric plaque psoriasis; hidradenitis suppurativa; uveitis; paediatric uveitis,no,juvenile idiopathic arthritis; polyarticular juvenile idiopathic arthritis; enthesitis-related arthritis; axial spondyloarthritis; ankylosing spondylitis; axial spondyloarthritis without radiographic evidence of as; psoriatic arthritis; psoriasis; paediatric plaque psoriasis; hidradenitis suppurativa; uveitis; paediatric uveitis,"<arthritis, juvenile>; <arthritis, juvenile>; <arthritis, juvenile>; <spondylarthropathies>; <spondylitis, ankylosing>; <spondylarthropathies>; <arthritis, psoriatic>; <psoriasis>; <psoriasis>; <hidradenitis suppurativa>; <uveitis>; <uveitis>",sandoz gmbh,sandoz,ema/chmp/520007/2018,adalimumab,no,no,solution,emea/h/c/004865/0000,na,
subcutaneous,11.09.2020,2020.0,authorised,EMA,approved,16.09.2021,2021,diseases of the musculoskeletal system and connective tissue; diseases of the skin; diseases of the digestive system; diseases of the eye and adnexa,"<rheumatoid arthritis>; <arthritis, juvenile>; <spondylarthropathies>; <spondylitis, ankylosing>; <arthritis, psoriatic>; <psoriasis>; <hidradenitis suppurativa>; <crohn disease>; <ulcerative colitis>; <uveitis>",hukyndra-epar-public-assessment-report_en.pdf,biologics,hukyndra,rheumatoid arthritis; juvenile idiopathic arthritis; enthesitis-related arthritis; axial spondyloarthritis; psoriatic arthritis; psoriasis; paediatric plaque psoriasis; hidradenitis suppurativa; crohn’s disease; paediatric crohn's disease; ulcerative colitis; paediatric ulcerative colitis; uveitis; paediatric uveitis,no,rheumatoid arthritis; juvenile idiopathic arthritis; enthesitis-related arthritis; axial spondyloarthritis; psoriatic arthritis; psoriasis; paediatric plaque psoriasis; hidradenitis suppurativa; crohn’s disease; paediatric crohn's disease; ulcerative colitis; paediatric ulcerative colitis; uveitis; paediatric uveitis,"<rheumatoid arthritis>; <arthritis, juvenile>; <arthritis, psoriatic>; <spondylarthropathies>; <psoriasis>; <hidradenitis suppurativa>; <crohn disease>; <colitis, ulcerative>; <uveitis>",stada arzneimittel ag,stada,ema/555939/2021,adalimumab,no,no,solution,emea/h/c/005548/0000,na,
subcutaneous,25.04.2017,2017.0,authorised,EMA,approved,26.07.2018,2018,diseases of the musculoskeletal system and connective tissue; diseases of the skin; diseases of the digestive system; diseases of the eye and adnexa,"<rheumatoid arthritis>; <arthritis, juvenile>; <spondylarthropathies>; <arthritis, psoriatic>; <psoriasis>; <hidradenitis suppurativa>; <crohn disease>; <colitis, ulcerative>; <uveitis>",hulio-epar-public-assessment-report_en.pdf,biologics,hulio,rheumatoid arthritis; juvenile idiopathic arthritis; axial spondyloarthritis; psoriatic arthritis; psoriasis; hidradenitis suppurativa; crohn’s disease; ulcerative colitis; uveitis,no,rheumatoid arthritis; juvenile idiopathic arthritis; axial spondyloarthritis; psoriatic arthritis; psoriasis; hidradenitis suppurativa; crohn’s disease; ulcerative colitis; uveitis,"<rheumatoid arthritis>; <arthritis, juvenile>; <spondylarthropathies>; <arthritis, psoriatic>; <psoriasis>; <hidradenitis suppurativa>; <crohn disease>; <colitis, ulcerative>; <uveitis>",mylan s.a.s.,mylan,ema/541826/2018,adalimumab,no,no,solution,emea/h/c/004429/0000,na,
subcutaneous,24.04.2017,2017.0,authorised,EMA,approved,31.05.2018,2018,diseases of the musculoskeletal system and connective tissue; diseases of the skin; diseases of the digestive system; diseases of the eye and adnexa,"<rheumatoid arthritis>; <arthritis, juvenile>; <arthritis>; <ankylosing spondylitis>; <spondylarthropathies>; <psoriatic arthritis>; <psoriasis>; <hidradenitis suppurativa>; <crohn disease>; <ulcerative colitis>; <uveitis>",hyrimoz-epar-public-assessment-report_en.pdf,biologics,hyrimoz,rheumatoid arthritis; juvenile idiopathic arthritis; enthesitis-related arthritis; ankylosing spondylitis; axial spondyloarthritis without radiographic evidence of as; psoriatic arthritis; psoriasis; paediatric plaque psoriasis; hidradenitis suppurativa; crohn’s disease; paediatric crohn's disease; ulcerative colitis; uveitis; paediatric uveitis,no,rheumatoid arthritis; juvenile idiopathic arthritis; enthesitis-related arthritis; ankylosing spondylitis; axial spondyloarthritis without radiographic evidence of as; psoriatic arthritis; psoriasis; paediatric plaque psoriasis; hidradenitis suppurativa; crohn’s disease; paediatric crohn's disease; ulcerative colitis; uveitis; paediatric uveitis,"<rheumatoid arthritis>; <arthritis, juvenile>; <arthritis, psoriatic>; <spondylitis, ankylosing>; <spondyloarthritis>; <psoriasis>; <hidradenitis suppurativa>; <crohn disease>; <colitis, ulcerative>; <uveitis>",sandoz gmbh,sandoz,ema/chmp/404076/2018,adalimumab,no,no,solution,emea/h/c/004320/0000,na,
subcutaneous,25.10.2017,2017.0,authorised,EMA,approved,31.01.2019,2019,diseases of the musculoskeletal system and connective tissue; diseases of the skin; diseases of the digestive system; diseases of the eye and adnexa,"<rheumatoid arthritis>; <arthritis, juvenile>; <spondylarthropathies>; <spondylarthropathies>; <arthritis, psoriatic>; <psoriasis>; <psoriasis>; <hidradenitis suppurativa>; <crohn disease>; <crohn disease>; <colitis, ulcerative>; <uveitis>; <uveitis>",idacio-epar-public-assessment-report_en.pdf,biologics,idacio,rheumatoid arthritis; juvenile idiopathic arthritis; enthesitis-related arthritis; axial spondyloarthritis; psoriatic arthritis; psoriasis; paediatric plaque psoriasis; hidradenitis suppurativa; crohn’s disease; paediatric crohn's disease; ulcerative colitis; uveitis; paediatric uveitis,no,rheumatoid arthritis; juvenile idiopathic arthritis; enthesitis-related arthritis; axial spondyloarthritis; psoriatic arthritis; psoriasis; paediatric plaque psoriasis; hidradenitis suppurativa; crohn’s disease; paediatric crohn's disease; ulcerative colitis; uveitis; paediatric uveitis,"<rheumatoid arthritis>; <arthritis, juvenile>; <spondylarthritis>; <spondylarthritis, ankylosing>; <arthritis, psoriatic>; <psoriasis>; <hidradenitis suppurativa>; <crohn disease>; <colitis, ulcerative>; <uveitis>",fresenius kabi deutschland gmbh,fresenius,ema/124342/2019,adalimumab,no,no,solution,emea/h/c/004475/0000,na,
subcutaneous,21.06.2016,2016.0,authorised,EMA,approved,22.06.2017,2017,diseases of the musculoskeletal system and connective tissue; diseases of the skin; diseases of the digestive system; diseases of the eye and adnexa,"<rheumatoid arthritis>; <arthritis, juvenile>; <arthritis>; <spondylarthropathies>; <psoriatic arthritis>; <psoriasis>; <hidradenitis suppurativa>; <crohn disease>; <colitis, ulcerative>; <uveitis>",imraldi-epar-public-assessment-report_en.pdf,biologics,imraldi,rheumatoid arthritis; juvenile idiopathic arthritis; enthesitis-related arthritis; axial spondyloarthritis; psoriatic arthritis; psoriasis; hidradenitis suppurativa; crohn’s disease; ulcerative colitis; uveitis,no,rheumatoid arthritis; juvenile idiopathic arthritis; enthesitis-related arthritis; axial spondyloarthritis; psoriatic arthritis; psoriasis; hidradenitis suppurativa; crohn’s disease; ulcerative colitis; uveitis,"<rheumatoid arthritis>; <arthritis, juvenile>; <arthritis, psoriatic>; <spondylarthropathies>; <psoriasis>; <hidradenitis suppurativa>; <crohn disease>; <colitis, ulcerative>; <uveitis>",samsung bioepis uk limited,samsung,ema/chmp/559383/2017,adalimumab,no,no,solution,emea/h/c/004279/0000,na,
subcutaneous,25.10.2017,2017.0,withdrawn,EMA,approved,31.01.2019,2019,diseases of the musculoskeletal system and connective tissue; diseases of the skin; diseases of the digestive system; diseases of the eye and adnexa,"<rheumatoid arthritis>; <arthritis, juvenile>; <arthritis, psoriatic>; <spondylitis, ankylosing>; <spondyloarthritis>; <psoriasis>; <crohn disease>; <colitis, ulcerative>; <uveitis>",kromeya-epar-public-assessment-report_en.pdf,biologics,kromeya,rheumatoid arthritis; juvenile idiopathic arthritis; enthesitis-related arthritis; ankylosing spondylitis; axial spondyloarthritis without radiographic evidence of as; psoriatic arthritis; psoriasis; paediatric plaque psoriasis; crohn’s disease; paediatric crohn's disease; ulcerative colitis; uveitis; paediatric uveitis,no,rheumatoid arthritis; juvenile idiopathic arthritis; enthesitis-related arthritis; ankylosing spondylitis; axial spondyloarthritis without radiographic evidence of as; psoriatic arthritis; psoriasis; paediatric plaque psoriasis; crohn’s disease; paediatric crohn's disease; ulcerative colitis; uveitis; paediatric uveitis,"<rheumatoid arthritis>; <arthritis, juvenile>; <arthritis, psoriatic>; <spondylitis, ankylosing>; <spondylarthritis>; <psoriasis>; <crohn disease>; <colitis, ulcerative>; <uveitis>",fresenius kabi deutschland gmbh,fresenius,ema/214726/2019,adalimumab,no,no,solution,emea/h/c/005158/0000,na,
subcutaneous,11.09.2020,2020.0,authorised,EMA,approved,16.09.2021,2021,diseases of the musculoskeletal system and connective tissue; diseases of the skin; diseases of the digestive system; diseases of the eye and adnexa,"<rheumatoid arthritis>; <arthritis, juvenile>; <spondylarthropathies>; <arthritis, psoriatic>; <psoriasis>; <hidradenitis suppurativa>; <crohn disease>; <colitis, ulcerative>; <uveitis>",libmyris-epar-public-assessment-report_en.pdf,biologics,libmyris,rheumatoid arthritis; juvenile idiopathic arthritis; axial spondyloarthritis; psoriatic arthritis; psoriasis; hidradenitis suppurativa; crohn’s disease; ulcerative colitis; uveitis,no,rheumatoid arthritis; juvenile idiopathic arthritis; axial spondyloarthritis; psoriatic arthritis; psoriasis; hidradenitis suppurativa; crohn’s disease; ulcerative colitis; uveitis,"<rheumatoid arthritis>; <arthritis, juvenile>; <spondylarthropathies>; <arthritis, psoriatic>; <psoriasis>; <hidradenitis suppurativa>; <crohn disease>; <colitis, ulcerative>; <uveitis>",stada arzneimittel ag,stada,ema/771818/2021,adalimumab,no,no,solution,emea/h/c/005947/0000,na,
subcutaneous,03.12.2015,2015.0,withdrawn,EMA,approved,26.01.2017,2017,diseases of the musculoskeletal system and connective tissue; diseases of the skin; diseases of the digestive system; diseases of the eye and adnexa,"<rheumatoid arthritis>; <spondylarthropathies>; <psoriatic arthritis>; <psoriasis>; <hidradenitis suppurativa>; <crohn disease>; <colitis, ulcerative>; <uveitis>",solymbic-epar-public-assessment-report_en.pdf,biologics,solymbic,rheumatoid arthritis; axial spondyloarthritis; psoriatic arthritis; psoriasis; hidradenitis suppurativa; crohn’s disease; ulcerative colitis; uveitis,no,rheumatoid arthritis; axial spondyloarthritis; psoriatic arthritis; psoriasis; hidradenitis suppurativa; crohn’s disease; ulcerative colitis; uveitis,"<rheumatoid arthritis>; <spondylarthropathies>; <psoriatic arthritis>; <psoriasis>; <hidradenitis suppurativa>; <crohn disease>; <colitis, ulcerative>; <uveitis>",amgen europe b.v.,amgen,ema/106921/2017,adalimumab,no,no,solution,emea/h/c/004373/0000,na,
subcutaneous,06.03.2020,2020.0,authorised,EMA,approved,10.12.2020,2020,diseases of the musculoskeletal system and connective tissue; diseases of the skin; diseases of the digestive system; diseases of the eye and adnexa,"<rheumatoid arthritis>; <arthritis, juvenile>; <spondylarthropathies>; <spondylarthropathies>; <arthritis, psoriatic>; <psoriasis>; <psoriasis>; <hidradenitis suppurativa>; <crohn disease>; <crohn disease>; <colitis, ulcerative>; <uveitis>; <uveitis>",yuflyma-epar-public-assessment-report_en.pdf,biologics,yuflyma,rheumatoid arthritis; juvenile idiopathic arthritis; enthesitis-related arthritis; axial spondyloarthritis; psoriatic arthritis; psoriasis; paediatric plaque psoriasis; hidradenitis suppurativa; crohn’s disease; paediatric crohn's disease; ulcerative colitis; uveitis; paediatric uveitis,no,rheumatoid arthritis; juvenile idiopathic arthritis; enthesitis-related arthritis; axial spondyloarthritis; psoriatic arthritis; psoriasis; paediatric plaque psoriasis; hidradenitis suppurativa; crohn’s disease; paediatric crohn's disease; ulcerative colitis; uveitis; paediatric uveitis,"<rheumatoid arthritis>; <arthritis, juvenile>; <spondylarthritis>; <spondylarthritis, ankylosing>; <arthritis, psoriatic>; <psoriasis>; <hidradenitis suppurativa>; <crohn disease>; <colitis, ulcerative>; <uveitis>",celltrion healthcare hungary kft.,celltrion,ema/47907/2021,adalimumab,no,no,solution,emea/h/c/005188/0000,na,
subcutaneous,29.10.2015,2015.0,authorised,PMDA,approved,09.09.2016,2016,diseases of the eye and adnexa,<uveitis>,000224547.pdf,biologics,humira,"non-infectious intermediate uveitis, posterior uveitis, or panuveitis",yes,"non-infectious intermediate uveitis, posterior uveitis, or panuveitis",<uveitis>,abbvie gk,abbvie,000224547,adalimumab,yes,no,solution,,,
subcutaneous,,,authorised,TGA,approved,16.07.2013,2013,diseases of the digestive system,<ulcerative colitis>,auspar-adalimumab-131025.pdf,biologics,humira,treatment of moderate to severe ulcerative colitis in adult patients who have had an inadequate response to conventional therapy or who are intolerant to or have medical contraindications for such therapies.,yes,treatment of moderate to severe ulcerative colitis in patients who have had an inadequate response to conventional therapy or who are intolerant to or have medical contraindications for such therapies.,<ulcerative colitis>,abbvie pty ltd,abbvie,"95779, 95780, 127116, 155315, 199410, 199411, 199412",adalimumab,yes,no,solution,pm-2012-01954-3-1,,
subcutaneous,20.05.2013,2013.0,authorised,TGA,approved,02.06.2014,2014,diseases of the digestive system,<crohn disease>,auspar-adalimumab-140805.pdf,biologics,humira,crohn’s disease in adults and children (greater than or equal to 6 years),yes,crohn’s disease in adults and children (greater than or equal to 6 years),<crohn disease>,abbvie pty ltd,abbvie,"216038, 127116, 155315, 199410, 199411, 199412, 95779, 95780",adalimumab,yes,yes,solution,pm-2013-01154-1-1,,
subcutaneous,,,authorised,TGA,approved,07.07.2016,2016,diseases of the musculoskeletal system and connective tissue; diseases of the skin,"<arthritis, juvenile>; <psoriasis>",auspar-adalimumab-170320.pdf,biologics,humira,enthesitis-related arthritis; psoriasis in adults and children,yes,enthesitis-related arthritis; psoriasis in adults and children,"<arthritis, juvenile>; <psoriasis>",abbvie pty ltd,abbvie,"199410, 199411, 199412, 216038, 238700, 95779",adalimumab,yes,no,solution,pm-2015-01149-1-3,,
subcutaneous,03.05.2016,2016.0,authorised,TGA,approved,18.10.2017,2017,diseases of the musculoskeletal system and connective tissue; diseases of the digestive system; diseases of the skin; diseases of the eye and adnexa,"<rheumatoid arthritis>; <arthritis, juvenile>; <arthritis, psoriatic>; <spondylitis, ankylosing>; <crohn disease>; <colitis, ulcerative>; <psoriasis>; <hidradenitis suppurativa>; <uveitis>",auspar-adalimumab-180625.pdf,biologics,amgevita,"rheumatoid arthritis, polyarticular juvenile idiopathic arthritis, psoriatic arthritis, ankylosing spondylitis, crohn’s disease in adults and children (≥6 years), ulcerative colitis, psoriasis, hidradenitis suppurativa, uveitis",no,"rheumatoid arthritis, polyarticular juvenile idiopathic arthritis, psoriatic arthritis, ankylosing spondylitis, crohn’s disease in adults and children (≥6 years), ulcerative colitis, psoriasis, hidradenitis suppurativa, uveitis","<rheumatoid arthritis>; <arthritis, juvenile>; <arthritis, psoriatic>; <spondylitis, ankylosing>; <crohn disease>; <colitis, ulcerative>; <psoriasis>; <hidradenitis suppurativa>; <uveitis>",amgen australia pty ltd,amgen,"273536, 278701, 278702",adalimumab,no,no,pre-filled syringe,pm-2016-00845-1-1,na,
subcutaneous,03.01.2017,2017.0,authorised,TGA,approved,18.01.2018,2018,diseases of the musculoskeletal system and connective tissue,<rheumatoid arthritis>,auspar-adalimumab-190313.pdf,biologics,hadlima,rheumatoid arthritis,no,rheumatoid arthritis,<rheumatoid arthritis>,samsung bioepis au pty ltd,samsung,"284248, 284249",adalimumab,no,no,solution,pm-2016-03547-1-3,na,
subcutaneous,02.09.2019,2019.0,authorised,TGA,approved,15.06.2020,2020,diseases of the musculoskeletal system and connective tissue; diseases of the digestive system; diseases of the skin; diseases of the eye and adnexa,"<rheumatoid arthritis>; <arthritis, juvenile>; <arthritis>; <psoriatic arthritis>; <spondylitis, ankylosing>; <crohn disease>; <colitis, ulcerative>; <psoriasis>; <hidradenitis suppurativa>; <uveitis>",auspar-adalimumab-200917.pdf,biologics,idacio,rheumatoid arthritis; juvenile idiopathic arthritis; enthesitis-related arthritis; psoriatic arthritis; ankylosing spondylitis; crohn’s disease in adults and children (≥ 6 years); ulcerative colitis; psoriasis in adults and children; hidradenitis suppurativa in adults and adolescents (from 12 years of age); uveitis,no,rheumatoid arthritis; juvenile idiopathic arthritis; enthesitis-related arthritis; psoriatic arthritis; ankylosing spondylitis; crohn’s disease in adults and children (≥ 6 years); ulcerative colitis; psoriasis in adults and children; hidradenitis suppurativa in adults and adolescents (from 12 years of age); uveitis,"<rheumatoid arthritis>; <arthritis, juvenile>; <arthritis, psoriatic>; <spondylitis, ankylosing>; <crohn disease>; <colitis, ulcerative>; <psoriasis>; <hidradenitis suppurativa>; <uveitis>",fresenius kabi australia pty ltd,fresenius,"320241, 320242, 320243",adalimumab,no,no,solution,pm-2019-03192-1-1,na,
subcutaneous,02.06.2020,2020.0,authorised,TGA,approved,08.02.2021,2021,diseases of the musculoskeletal system and connective tissue; diseases of the digestive system; diseases of the skin; diseases of the eye and adnexa,"<rheumatoid arthritis>; <arthritis, juvenile>; <arthritis, psoriatic>; <spondylitis, ankylosing>; <crohn disease>; <colitis, ulcerative>; <psoriasis>; <hidradenitis suppurativa>; <uveitis>",auspar-adalimumab-210412.pdf,biologics,abrilada,rheumatoid arthritis; juvenile idiopathic arthritis; enthesitis-related arthritis; psoriatic arthritis; ankylosing spondylitis; crohn's disease; ulcerative colitis; psoriasis; hidradenitis suppurativa; uveitis,no,rheumatoid arthritis; juvenile idiopathic arthritis; enthesitis-related arthritis; psoriatic arthritis; ankylosing spondylitis; crohn's disease; ulcerative colitis; psoriasis; hidradenitis suppurativa; uveitis,"<rheumatoid arthritis>; <arthritis, juvenile>; <arthritis, psoriatic>; <spondylitis, ankylosing>; <crohn disease>; <colitis, ulcerative>; <psoriasis>; <hidradenitis suppurativa>; <uveitis>",pfizer australia pty ltd,pfizer,"334496, 334497, 334498 and 334499",adalimumab,no,no,solution,pm-2020-01818-1-3,na,
subcutaneous,02.06.2020,2020.0,authorised,TGA,approved,07.04.2021,2021,diseases of the musculoskeletal system and connective tissue; diseases of the digestive system; diseases of the skin; diseases of the eye and adnexa,"<rheumatoid arthritis>; <arthritis, juvenile>; <arthritis, psoriatic>; <spondylitis, ankylosing>; <crohn disease>; <colitis, ulcerative>; <psoriasis>; <hidradenitis suppurativa>; <uveitis>",auspar-adalimumab-211122.pdf,biologics,hulio,rheumatoid arthritis; juvenile idiopathic arthritis; enthesitis-related arthritis; psoriatic arthritis; ankylosing spondylitis; crohn’s disease; ulcerative colitis; psoriasis; hidradenitis suppurativa; uveitis,no,rheumatoid arthritis; juvenile idiopathic arthritis; enthesitis-related arthritis; psoriatic arthritis; ankylosing spondylitis; crohn’s disease; ulcerative colitis; psoriasis; hidradenitis suppurativa; uveitis,"<rheumatoid arthritis>; <arthritis, juvenile>; <arthritis, psoriatic>; <spondylitis, ankylosing>; <crohn disease>; <colitis, ulcerative>; <psoriasis>; <hidradenitis suppurativa>; <uveitis>",alphapharm pty ltd,alphapharm,"334800, 334801, 334802",adalimumab,no,no,solution,pm-2020-01807-1-3,na,
subcutaneous,,,authorised,TGA,approved,14.05.2015,2015,diseases of the musculoskeletal system and connective tissue,"<arthritis, juvenile>",auspar-adalimumab-rch-151210.pdf,biologics,humira,polyarticular juvenile idiopathic arthritis in patients aged 2 years and older,yes,polyarticular juvenile idiopathic arthritis in patients aged 2 years and older,"<arthritis, juvenile>",abbvie pty ltd,abbvie,"95779, 95780, 127116, 155315, 199410, 199411, 199412 and 216038",adalimumab,yes,no,solution,pm-2014-01048-1-3,,
subcutaneous,,,authorised,TGA,approved,06.04.2016,2016,diseases of the skin,<hidradenitis suppurativa>,auspar-adalimumab-rch-160712.pdf,biologics,humira,treatment of active moderate to severe hidradenitis suppurativa (acne inversa) in adult patients with an inadequate response to conventional systemic hidradenitis suppurativa therapy.,yes,"treatment of active moderate to severe hidradenitis suppurativa (acne inversa) in adult patients, including treatment of inflammatory lesions and prevention of worsening of abscesses and draining fistulas.",<hidradenitis suppurativa>,abbvie pty ltd,abbvie,"238700, 216038, 199412, 199411, 199410, 95779",adalimumab,yes,no,solution,pm–2014-04326-1-4,,
subcutaneous,31.08.2021,2021.0,authorised,TGA,approved,23.08.2022,2022,diseases of the musculoskeletal system and connective tissue; diseases of the skin; diseases of the digestive system; diseases of the eye and adnexa,"<rheumatoid arthritis>; <arthritis, juvenile>; <arthritis, psoriatic>; <spondylitis, ankylosing>; <crohn disease>; <colitis, ulcerative>; <psoriasis>; <hidradenitis suppurativa>; <uveitis>",auspar-ardalicip-ciptunec-230427_0.pdf,biologics,ardalicip/ciptunec,rheumatoid arthritis; juvenile idiopathic arthritis; enthesitis-related arthritis; psoriatic arthritis; ankylosing spondylitis; crohn’s disease; ulcerative colitis; psoriasis; hidradenitis suppurativa; uveitis,no,rheumatoid arthritis; juvenile idiopathic arthritis; enthesitis-related arthritis; psoriatic arthritis; ankylosing spondylitis; crohn’s disease; ulcerative colitis; psoriasis; hidradenitis suppurativa; uveitis,"<rheumatoid arthritis>; <arthritis, juvenile>; <arthritis, psoriatic>; <spondylitis, ankylosing>; <crohn disease>; <colitis, ulcerative>; <psoriasis>; <hidradenitis suppurativa>; <uveitis>",cipla australia pty ltd,cipla,"373065, 374373, 374374, 374375, 374376, 374377",adalimumab,yes,no,solution,pm-2021-02447-1-3,,
subcutaneous,01.06.2021,2021.0,authorised,TGA,approved,28.02.2022,2022,diseases of the musculoskeletal system and connective tissue; diseases of the digestive system; diseases of the skin; diseases of the eye and adnexa,"<rheumatoid arthritis>; <arthritis, juvenile>; <arthritis, psoriatic>; <spondylitis, ankylosing>; <crohn disease>; <colitis, ulcerative>; <psoriasis>; <hidradenitis suppurativa>; <uveitis>",auspar-yuflyma-20221028.pdf,biologics,yuflyma,rheumatoid arthritis; juvenile idiopathic arthritis; enthesitis-related arthritis; psoriatic arthritis; ankylosing spondylitis; crohn’s disease; ulcerative colitis; psoriasis; hidradenitis suppurativa; uveitis,no,rheumatoid arthritis; juvenile idiopathic arthritis; enthesitis-related arthritis; psoriatic arthritis; ankylosing spondylitis; crohn’s disease; ulcerative colitis; psoriasis; hidradenitis suppurativa; uveitis,"<rheumatoid arthritis>; <arthritis, juvenile>; <arthritis, psoriatic>; <spondylitis, ankylosing>; <crohn disease>; <colitis, ulcerative>; <psoriasis>; <hidradenitis suppurativa>; <uveitis>",celltrion healthcare australia pty ltd,celltrion,"358350, 367770 and 367771",adalimumab,no,no,solution,pm-2021-01170-1-3,na,
intravitreal,23.08.2023,2023.0,authorised,EMA,approved,19.09.2024,2024,diseases of the eye and adnexa,<macular degeneration>; <retinal vein occlusion>; <diabetic macular edema>; <myopia>,afqlir-epar-public-assessment-report_en.pdf,biologics,afqlir,neovascular (wet) age-related macular degeneration (amd); visual impairment due to macular oedema secondary to retinal vein occlusion (branch rvo or central rvo); visual impairment due to diabetic macular oedema (dme); visual impairment due to myopic choroidal neovascularisation (myopic cnv),no,neovascular (wet) age-related macular degeneration (amd); visual impairment due to macular oedema secondary to retinal vein occlusion (branch rvo or central rvo); visual impairment due to diabetic macular oedema (dme); visual impairment due to myopic choroidal neovascularisation (myopic cnv),<macular degeneration>; <retinal vein occlusion>; <diabetic macular edema>; <myopic choroidal neovascularization>,sandoz gmbh,sandoz,ema/466863/2024,aflibercept,no,no,solution,emea/h/c/006150/0000,na,
intravitreal,25.04.2024,2024.0,authorised,EMA,approved,14.11.2024,2024,diseases of the eye and adnexa,<macular degeneration>; <retinal vein occlusion>; <diabetic macular edema>; <myopia>,ahzantive-epar-public-assessment-report_en.pdf,biologics,ahzantive,neovascular (wet) age-related macular degeneration (amd); visual impairment due to macular oedema secondary to retinal vein occlusion (branch rvo or central rvo); visual impairment due to diabetic macular oedema (dme); visual impairment due to myopic choroidal neovascularisation (myopic cnv),no,neovascular (wet) age-related macular degeneration (amd); visual impairment due to macular oedema secondary to retinal vein occlusion (branch rvo or central rvo); visual impairment due to diabetic macular oedema (dme); visual impairment due to myopic choroidal neovascularisation (myopic cnv),<macular degeneration>; <retinal vein occlusion>; <diabetic macular edema>; <myopic choroidal neovascularization>,klinge biopharma gmbh,klinge,ema/565845/2024,aflibercept,no,no,solution,emea/h/c/006607/0000,na,
intravitreal,24.11.2023,2023.0,authorised,EMA,approved,14.11.2024,2024,diseases of the eye and adnexa,<macular degeneration>; <retinal vein occlusion>; <diabetic macular edema>; <myopia>,baiama-epar-public-assessment-report_en.pdf,biologics,baiama,neovascular (wet) age-related macular degeneration (amd); visual impairment due to macular oedema secondary to retinal vein occlusion (branch rvo or central rvo); visual impairment due to diabetic macular oedema (dme); visual impairment due to myopic choroidal neovascularisation (myopic cnv),no,neovascular (wet) age-related macular degeneration (amd); visual impairment due to macular oedema secondary to retinal vein occlusion (branch rvo or central rvo); visual impairment due to diabetic macular oedema (dme); visual impairment due to myopic choroidal neovascularisation (myopic cnv),<macular degeneration>; <retinal vein occlusion>; <diabetic macular edema>; <myopia>,formycon ag,formycon,ema/chmp/564859/2024,aflibercept,no,no,solution,emea/h/c/005980/0000,na,
intravitreal,23.11.2023,2023.0,authorised,EMA,approved,12.12.2024,2024,"diseases of the eye and adnexa; endocrine, nutritional, and metabolic diseases",<macular degeneration>; <retinal vein occlusion>; <diabetic macular edema>; <myopia>,eydenzelt-epar-public-assessment-report_en.pdf,biologics,eydenzelt,neovascular (wet) age-related macular degeneration (amd); visual impairment due to macular oedema secondary to retinal vein occlusion (branch rvo or central rvo); visual impairment due to diabetic macular oedema (dme); visual impairment due to myopic choroidal neovascularisation (myopic cnv),no,neovascular (wet) age-related macular degeneration (amd); visual impairment due to macular oedema secondary to retinal vein occlusion (branch rvo or central rvo); visual impairment due to diabetic macular oedema (dme); visual impairment due to myopic choroidal neovascularisation (myopic cnv),<macular degeneration>; <retinal vein occlusion>; <diabetic macular edema>; <myopia>,celltrion healthcare hungary kft.,celltrion,ema/1268/2025,aflibercept,no,no,solution,emea/h/c/005899/0000,na,
intravitreal,31.05.2011,2011.0,authorised,EMA,approved,20.09.2012,2012,diseases of the eye and adnexa,<macular degeneration>,eylea-epar-public-assessment-report_en.pdf,biologics,eylea,treatment of neovascular (wet) age-related macular degeneration (amd),no,treatment of neovascular (wet) age-related macular degeneration (amd),<macular degeneration>,bayer pharma ag,bayer,ema/646256/2012,aflibercept,no,no,solution,emea/h/c/002392,na,
intravitreal,06.11.2023,2023.0,authorised,EMA,approved,19.09.2024,2024,diseases of the eye and adnexa,<macular degeneration>; <retinal vein occlusion>; <diabetic macular edema>; <choroidal neovascularization>,opuviz-epar-public-assessment-report_en.pdf,biologics,opuviz,opuviz is indicated for adults for the treatment of neovascular (wet) age-related macular degeneration (amd); visual impairment due to macular oedema secondary to retinal vein occlusion (branch rvo or central rvo); visual impairment due to diabetic macular oedema (dme); visual impairment due to myopic choroidal neovascularisation (myopic cnv),no,opuviz is indicated for adults for the treatment of neovascular (wet) age-related macular degeneration (amd); visual impairment due to macular oedema secondary to retinal vein occlusion (branch rvo or central rvo); visual impairment due to diabetic macular oedema (dme); visual impairment due to myopic choroidal neovascularisation (myopic cnv),<macular degeneration>; <retinal vein occlusion>; <diabetic macular edema>; <myopic choroidal neovascularization>,samsung bioepis nl b.v.,samsung,ema/466892/2024,aflibercept,no,no,solution,emea/h/c/006056/0000,na,
intravitreal,08.02.2024,2024.0,authorised,EMA,approved,30.01.2025,2025,diseases of the eye and adnexa,<macular degeneration>; <retinal vein occlusion>; <diabetic macular edema>; <myopia>,pavblu-epar-public-assessment-report_en.pdf,biologics,pavblu,neovascular (wet) age-related macular degeneration (amd); visual impairment due to macular oedema secondary to retinal vein occlusion (branch rvo or central rvo); visual impairment due to diabetic macular oedema (dme); visual impairment due to myopic choroidal neovascularisation (myopic cnv),no,neovascular (wet) age-related macular degeneration (amd); visual impairment due to macular oedema secondary to retinal vein occlusion (branch rvo or central rvo); visual impairment due to diabetic macular oedema (dme); visual impairment due to myopic choroidal neovascularisation (myopic cnv),<macular degeneration>; <retinal vein occlusion>; <diabetic macular edema>; <myopia>,amgen technology (ireland) unlimited company,amgen,ema/90425/2025,aflibercept,no,no,solution,emea/h/c/006339/0000,na,
intravitreal,29.04.2022,2022.0,authorised,EMA,approved,20.07.2023,2023,"diseases of the eye and adnexa; endocrine, nutritional, and metabolic diseases",<macular degeneration>; <retinal vein occlusion>; <diabetic macular edema>; <myopic choroidal neovascularization>,yesafili-epar-public-assessment-report_en.pdf,biologics,yesafili,treatment of neovascular (wet) age-related macular degeneration (amd); visual impairment due to macular oedema secondary to retinal vein occlusion (branch rvo or central rvo); visual impairment due to diabetic macular oedema (dme); visual impairment due to myopic choroidal neovascularisation (myopic cnv),no,treatment of neovascular (wet) age-related macular degeneration (amd); visual impairment due to macular oedema secondary to retinal vein occlusion (branch rvo or central rvo); visual impairment due to diabetic macular oedema (dme); visual impairment due to myopic choroidal neovascularisation (myopic cnv),<macular degeneration>; <retinal vein occlusion>; <diabetic macular edema>; <myopia>,viatris limited,viatris,ema/359132/2023,aflibercept,yes,no,solution,emea/h/c/006022/0000,,
intravenous,24.11.2011,2011.0,authorised,EMA,approved,15.11.2012,2012,neoplasms; diseases of the digestive system,<colorectal neoplasms>,zaltrap-epar-public-assessment-report_en.pdf,biologics,zaltrap,zaltrap in combination with irinotecan/5-fluorouracil/folinic acid (folfiri) chemotherapy is indicated in adults with metastatic colorectal cancer (mcrc) that is resistant to or has progressed after an oxaliplatin-containing regimen.,no,zaltrap in combination with irinotecan-fluoropyrimidine-based chemotherapy is indicated in adults with metastatic colorectal cancer (mcrc) previously treated with an oxaliplatin-containing regimen.,<colorectal neoplasms>,sanofi-aventis groupe,sanofi,ema/755420/2012,aflibercept,no,no,concentrate,emea/h/c/002532,na,
intravitreal,28.08.2014,2014.0,authorised,PMDA,approved,15.05.2015,2015,diseases of the eye and adnexa,<macular degeneration>; <macular edema>; <retinal vein occlusion>; <choroidal neovascularization>; <myopia>; <diabetic macular edema>,000216947.pdf,biologics,eylea,age-related macular degeneration with subfoveal choroidal neovascularization; macular edema secondary to central retinal vein occlusion; choroidal neovascularization in pathologic myopia; diabetic macular edema,yes,age-related macular degeneration with subfoveal choroidal neovascularization; macular edema secondary to central retinal vein occlusion,<macular degeneration>; <macular edema>; <retinal vein occlusion>,"bayer yakuhin, ltd.",bayer,000216947,aflibercept,yes,no,solution,,,
intravitreal,20.10.2021,2021.0,authorised,PMDA,approved,25.08.2022,2022,diseases of the eye and adnexa,"<macular degeneration>; <macular edema>; <retinal vein occlusion>; <myopia, degenerative>; <diabetic macular edema>; <glaucoma, neovascular>; <retinopathy of prematurity>",000264250.pdf,biologics,eylea,age-related macular degeneration with subfoveal choroidal neovascularization; macular edema secondary to retinal vein occlusion; choroidal neovascularization in pathologic myopia; diabetic macular edema; neovascular glaucoma; retinopathy of prematurity,yes,age-related macular degeneration with subfoveal choroidal neovascularization; macular edema secondary to retinal vein occlusion; choroidal neovascularization in pathologic myopia; diabetic macular edema; neovascular glaucoma; retinopathy of prematurity,"<macular degeneration>; <macular edema>; <retinal vein occlusion>; <myopia, degenerative>; <diabetic macular edema>; <glaucoma, neovascular>; <retinopathy of prematurity>","bayer yakuhin, ltd.",bayer,000264250,aflibercept,yes,no,solution,,,
intravitreal,,,authorised,TGA,approved,17.02.2012,2012,diseases of the eye and adnexa,<macular degeneration>,auspar-aflibercept-120730.pdf,biologics,eylea,treatment of neovascular (wet) age-related macular degeneration (amd),no,treatment of neovascular (wet) age-related macular degeneration (amd),<macular degeneration>,bayer australia limited,bayer,aust r 180859 and aust r 180860,aflibercept,no,no,solution,pm-2010-03802-3-5,na,
intravitreal,,,authorised,TGA,approved,02.02.2015,2015,"diseases of the eye and adnexa; endocrine, nutritional, and metabolic diseases",<diabetic macular edema>,auspar-aflibercept-150721.pdf,biologics,eylea,diabetic macular oedema (dme),yes,diabetic macular oedema (dme),<macular edema>,bayer australia ltd,bayer,180859 and 180860,aflibercept,yes,no,solution,pm-2013-04198-1-1,,
intravenous,,,authorised,TGA,approved,05.03.2013,2013,neoplasms; diseases of the digestive system,<colorectal neoplasms>,auspar-aflibercept-rch-130729.pdf,biologics,"zaltrap, aflitiv, lidaveg",zaltrap/alfitiv/lidaveg in combination with irinotecan-fluoropyrimidine-based chemotherapy is indicated in adults with metastatic colorectal cancer previously treated with an oxaliplatin-containing regimen.,no,aflibercept in combination with irinotecan-fluoropyrimidine-based chemotherapy is indicated in adults with metastatic colorectal cancer previously treated with an oxaliplatin-containing regimen.,<colorectal neoplasms>,sanofi-aventis australia pty ltd,sanofi-aventis,"195234, 195939, 195970, 195974,195975, 195976",aflibercept,no,no,concentrate,pm-2011-04301-3-4,na,
intravitreal,,,authorised,TGA,approved,07.11.2013,2013,diseases of the eye and adnexa,<macular edema>; <retinal vein occlusion>,auspar-aflibercept-rch-140804.pdf,biologics,eylea,treatment of visual impairment due to macular oedema secondary to central retinal vein occlusion (crvo),yes,treatment of visual impairment due to macular oedema secondary to central retinal vein occlusion (crvo),<macular edema>; <retinal vein occlusion>,bayer australia ltd,bayer,180859 and 180860,aflibercept,no,no,solution,pm-2012-03146-1-5,na,
intravenous,,,authorised,EMA,approved,12.01.2005,2005,neoplasms; diseases of the digestive system,<colonic neoplasms>; <rectal neoplasms>,avastin-epar-scientific-discussion_en.pdf,biologics,avastin,first-line treatment of patients with metastatic carcinoma of the colon or rectum,no,first-line treatment of patients with metastatic carcinoma of the colon or rectum,<colonic neoplasms>; <rectal neoplasms>,hoffmann-la roche ltd,hoffmann-la roche,ema/000582/2005,bevacizumab,no,no,concentrate,emea/h/c/000582,na,
intravenous,26.06.2019,2019.0,authorised,EMA,approved,25.06.2020,2020,neoplasms; diseases of the respiratory system; diseases of the genitourinary system,<colorectal neoplasms>; <breast neoplasms>; <non-small cell lung carcinoma>; <renal cell carcinoma>; <ovarian neoplasms>; <fallopian tube neoplasms>; <peritoneal neoplasms>; <cervical neoplasms>,aybintio-epar-public-assessment-report_en.pdf,biologics,aybintio,"aybintio in combination with fluoropyrimidine-based chemotherapy is indicated for treatment of adult patients with metastatic carcinoma of the colon or rectum; in combination with paclitaxel for first-line treatment of adult patients with metastatic breast cancer; in combination with capecitabine for first-line treatment of adult patients with metastatic breast cancer in whom treatment with other chemotherapy options including taxanes or anthracyclines is not considered appropriate; in addition to platinum-based chemotherapy for first-line treatment of adult patients with unresectable advanced, metastatic or recurrent non-small cell lung cancer other than predominantly squamous cell histology; in combination with erlotinib for first-line treatment of adult patients with unresectable advanced, metastatic or recurrent non-squamous non-small cell lung cancer with epidermal growth factor receptor (egfr) activating mutations; in combination with interferon alfa-2a for first line treatment of adult patients with advanced and/or metastatic renal cell cancer; in combination with carboplatin and paclitaxel for the front-line treatment of adult patients with advanced epithelial ovarian, fallopian tube, or primary peritoneal cancer; in combination with carboplatin and gemcitabine or in combination with carboplatin and paclitaxel for treatment of adult patients with first recurrence of platinum-sensitive epithelial ovarian, fallopian tube or primary peritoneal cancer; in combination with topotecan, or pegylated liposomal doxorubicin for the treatment of adult patients with platinum-resistant recurrent epithelial ovarian, fallopian tube, or primary peritoneal cancer; in combination with paclitaxel and cisplatin or, alternatively, paclitaxel and topotecan in patients who cannot receive platinum therapy, for the treatment of adult patients with persistent, recurrent, or metastatic carcinoma of the cervix.",no,"aybintio in combination with fluoropyrimidine-based chemotherapy is indicated for treatment of adult patients with metastatic carcinoma of the colon or rectum; in combination with paclitaxel for first-line treatment of adult patients with metastatic breast cancer; in combination with capecitabine for first-line treatment of adult patients with metastatic breast cancer in whom treatment with other chemotherapy options including taxanes or anthracyclines is not considered appropriate; in addition to platinum-based chemotherapy for first-line treatment of adult patients with unresectable advanced, metastatic or recurrent non-small cell lung cancer other than predominantly squamous cell histology; in combination with erlotinib for first-line treatment of adult patients with unresectable advanced, metastatic or recurrent non-squamous non-small cell lung cancer with epidermal growth factor receptor (egfr) activating mutations; in combination with interferon alfa-2a for first line treatment of adult patients with advanced and/or metastatic renal cell cancer; in combination with carboplatin and paclitaxel for the front-line treatment of adult patients with advanced epithelial ovarian, fallopian tube, or primary peritoneal cancer; in combination with carboplatin and gemcitabine or in combination with carboplatin and paclitaxel for treatment of adult patients with first recurrence of platinum-sensitive epithelial ovarian, fallopian tube or primary peritoneal cancer; in combination with topotecan, or pegylated liposomal doxorubicin for the treatment of adult patients with platinum-resistant recurrent epithelial ovarian, fallopian tube, or primary peritoneal cancer; in combination with paclitaxel and cisplatin or, alternatively, paclitaxel and topotecan in patients who cannot receive platinum therapy, for the treatment of adult patients with persistent, recurrent, or metastatic carcinoma of the cervix.",<colorectal neoplasms>; <breast neoplasms>; <non-small cell lung carcinoma>; <renal cell carcinoma>; <ovarian neoplasms>; <fallopian tube neoplasms>; <primary peritoneal carcinoma>; <cervical neoplasms>,samsung bioepis nl b.v.,samsung,ema/380645/2020,bevacizumab,no,no,concentrate,emea/h/c/005106/0000,na,
intravenous,13.09.2019,2019.0,withdrawn,EMA,approved,23.07.2020,2020,neoplasms; diseases of the respiratory system; diseases of the genitourinary system,<colorectal neoplasms>; <breast neoplasms>; <lung neoplasms>; <renal cell carcinoma>; <ovarian neoplasms>; <uterine cervical neoplasms>,equidacent-epar-public-assessment-report_en.pdf,biologics,equidacent,"bevacizumab in combination with chemotherapy for various cancers including metastatic carcinoma of the colon or rectum, metastatic breast cancer, non-small cell lung cancer, renal cell cancer, ovarian cancer, and cervical cancer.",no,"bevacizumab in combination with chemotherapy for various cancers including metastatic carcinoma of the colon or rectum, metastatic breast cancer, non-small cell lung cancer, renal cell cancer, ovarian cancer, and cervical cancer.",<colorectal neoplasms>; <breast neoplasms>; <lung neoplasms>; <renal cell carcinoma>; <ovarian neoplasms>; <uterine cervical neoplasms>,centus biotherapeutics europe limited,centus,ema/427966/2020,bevacizumab,no,no,concentrate,emea/h/c/005181/0000,na,
intravenous,20.02.2020,2020.0,withdrawn,EMA,approved,25.02.2021,2021,neoplasms; diseases of the respiratory system; diseases of the genitourinary system,<colorectal neoplasms>; <breast neoplasms>; <non-small cell lung carcinoma>; <renal cell carcinoma>; <ovarian neoplasms>; <fallopian tube neoplasms>; <peritoneal neoplasms>; <cervical neoplasms>,lextemy-epar-public-assessment-report_en.pdf,biologics,lextemy,"lextemy in combination with fluoropyrimidine-based chemotherapy is indicated for treatment of adult patients with metastatic carcinoma of the colon or rectum. lextemy in combination with paclitaxel is indicated for first-line treatment of adult patients with metastatic breast cancer. lextemy in combination with capecitabine is indicated for first-line treatment of adult patients with metastatic breast cancer in whom treatment with other chemotherapy options including taxanes or anthracyclines is not considered appropriate. lextemy, in addition to platinum-based chemotherapy, is indicated for first-line treatment of adult patients with unresectable advanced, metastatic or recurrent non-small cell lung cancer other than predominantly squamous cell histology. lextemy, in combination with erlotinib, is indicated for first-line treatment of adult patients with unresectable advanced, metastatic or recurrent non-squamous non-small cell lung cancer with epidermal growth factor receptor (egfr) activating mutations. lextemy in combination with interferon alfa-2a is indicated for first line treatment of adult patients with advanced and/or metastatic renal cell cancer. lextemy, in combination with carboplatin and paclitaxel is indicated for the front-line treatment of adult patients with advanced epithelial ovarian, fallopian tube, or primary peritoneal cancer. lextemy, in combination with paclitaxel and cisplatin or, alternatively, paclitaxel and topotecan in patients who cannot receive platinum therapy, is indicated for the treatment of adult patients with persistent, recurrent, or metastatic carcinoma of the cervix.",no,"lextemy in combination with fluoropyrimidine-based chemotherapy is indicated for treatment of adult patients with metastatic carcinoma of the colon or rectum. lextemy in combination with paclitaxel is indicated for first-line treatment of adult patients with metastatic breast cancer. lextemy in combination with capecitabine is indicated for first-line treatment of adult patients with metastatic breast cancer in whom treatment with other chemotherapy options including taxanes or anthracyclines is not considered appropriate. lextemy, in addition to platinum-based chemotherapy, is indicated for first-line treatment of adult patients with unresectable advanced, metastatic or recurrent non-small cell lung cancer other than predominantly squamous cell histology. lextemy, in combination with erlotinib, is indicated for first-line treatment of adult patients with unresectable advanced, metastatic or recurrent non-squamous non-small cell lung cancer with epidermal growth factor receptor (egfr) activating mutations. lextemy in combination with interferon alfa-2a is indicated for first line treatment of adult patients with advanced and/or metastatic renal cell cancer. lextemy, in combination with carboplatin and paclitaxel is indicated for the front-line treatment of adult patients with advanced epithelial ovarian, fallopian tube, or primary peritoneal cancer. lextemy, in combination with paclitaxel and cisplatin or, alternatively, paclitaxel and topotecan in patients who cannot receive platinum therapy, is indicated for the treatment of adult patients with persistent, recurrent, or metastatic carcinoma of the cervix.","<colonic neoplasms>; <rectal neoplasms>; <breast neoplasms>; <lung neoplasms, non-small-cell lung>; <renal cell carcinoma>; <ovarian neoplasms>; <fallopian tube neoplasms>; <peritoneal neoplasms>; <uterine cervical neoplasms>",mylan ire healthcare limited,mylan,ema/680012/2021,bevacizumab,no,no,concentrate,emea/h/c/005611/0000,na,
intravenous,09.01.2020,2020.0,authorised,EMA,approved,28.01.2021,2021,neoplasms; diseases of the respiratory system; diseases of the genitourinary system,"<colorectal neoplasms>; <breast neoplasms>; <lung neoplasms, non-small cell>; <carcinoma, renal cell>; <ovarian neoplasms>; <fallopian tube neoplasms>; <peritoneal neoplasms>; <cervical neoplasms>",oyavas-epar-public-assessment-report_en.pdf,biologics,oyavas,"treatment of various cancers including metastatic carcinoma of the colon or rectum, metastatic breast cancer, non-small cell lung cancer, renal cell cancer, epithelial ovarian, fallopian tube or primary peritoneal cancer, and carcinoma of the cervix.",yes,"treatment of various cancers including metastatic carcinoma of the colon or rectum, metastatic breast cancer, non-small cell lung cancer, renal cell cancer, epithelial ovarian, fallopian tube or primary peritoneal cancer, and carcinoma of the cervix.","<cancer>; <colorectal neoplasms>; <breast neoplasms>; <lung neoplasms>; <carcinoma, renal cell>; <ovarian neoplasms>; <fallopian tube neoplasms>; <peritoneal neoplasms>; <uterine cervical neoplasms>",stada arzneimittel ag,stada,ema/197736/2021,bevacizumab,no,no,concentrate,emea/h/c/005556/0000,na,
intravenous,01.02.2018,2018.0,authorised,EMA,approved,13.12.2018,2018,neoplasms; diseases of the respiratory system,<non-small cell lung carcinoma>,zirabev-epar-public-assessment-report_en.pdf,biologics,zirabev,zirabev in combination with paclitaxel and carboplatin for the first-line treatment of patients with advanced non-squamous non-small cell lung cancer,no,"zirabev in combination with fluoropyrimidine-based chemotherapy is indicated for treatment of adult patients with metastatic carcinoma of the colon or rectum. zirabev in combination with paclitaxel is indicated for first-line treatment of adult patients with metastatic breast cancer. zirabev, in addition to platinum-based chemotherapy, is indicated for first-line treatment of adult patients with unresectable advanced, metastatic or recurrent non-small cell lung cancer other than predominantly squamous cell histology. zirabev in combination with interferon alfa-2a is indicated for first line treatment of adult patients with advanced and/or metastatic renal cell cancer. zirabev in combination with paclitaxel and cisplatin or, alternatively, paclitaxel and topotecan in patients who cannot receive platinum therapy, is indicated for the treatment of adult patients with persistent, recurrent, or metastatic carcinoma of the cervix.","<colorectal neoplasms>; <breast neoplasms>; <non-small cell lung carcinoma>; <carcinoma, renal cell>; <uterine cervical neoplasms>",pfizer europe ma eeig,pfizer,ema/97237/2019,bevacizumab,no,no,concentrate,emea/h/c/004697/0000,na,
intravenous,17.09.2015,2015.0,authorised,PMDA,approved,25.04.2016,2016,neoplasms; diseases of the genitourinary system,<cervical cancer>,000224436.pdf,biologics,avastin,advanced or recurrent cervical cancer,yes,advanced or recurrent cervical cancer,<cervical cancer>,"chugai pharmaceutical co., ltd.",chugai,000224436,bevacizumab,yes,yes,injection,,,
intravenous,21.04.2006,2006.0,authorised,PMDA,approved,22.02.2007,2007,neoplasms; diseases of the digestive system,<colorectal neoplasms>,000224437.pdf,biologics,avastin,unresectable advanced or recurrent colorectal cancer,no,unresectable advanced or recurrent colorectal cancer,<colorectal neoplasms>,"chugai pharmaceutical co., ltd.",chugai,000224437,bevacizumab,no,no,injection,,na,
intravenous,,,authorised,TGA,approved,10.02.2010,2010,neoplasms; diseases of the nervous system,<glioma>,auspar-bevacizumab-091214-01.pdf,biologics,avastin,"as a single agent, for the treatment of patients with grade iv glioma after relapse or disease progression after standard therapy, including chemotherapy",yes,relapsed high grade malignant glioma: avastin as a single agent or in combination with irinotecan is indicated for the treatment of patients with high grade relapsed malignant glioma.,<malignant glioma>,roche products pty ltd,roche,,bevacizumab,yes,yes,solution,pm-2009-00399-4-3,,
intravenous,,,authorised,TGA,approved,24.08.2012,2012,neoplasms,<ovarian neoplasms>; <fallopian tube neoplasms>; <peritoneal neoplasms>,auspar-bevacizumab-130307.pdf,biologics,avastin,"treatment of patients with recurrent, platinum-sensitive, epithelial ovarian, fallopian tube, or primary peritoneal cancer who have not received prior bevacizumab or other vegf-targeted angiogenesis inhibitors.",yes,"treatment of patients with recurrent, platinum-sensitive, epithelial ovarian, fallopian tube, or primary peritoneal cancer.",<ovarian neoplasms>; <fallopian tube neoplasms>; <peritoneal neoplasms>,roche products pty ltd,roche,"99755, 99757",bevacizumab,yes,no,injection,pm-2011-02308-3-4,,
intravenous,,,authorised,TGA,approved,19.11.2014,2014,neoplasms; diseases of the genitourinary system,<ovarian neoplasms>; <fallopian tube neoplasms>; <peritoneal neoplasms>,auspar-bevacizumab-150311.pdf,biologics,avastin,"treatment of patients with recurrent, platinum-resistant epithelial ovarian, fallopian tube, or primary peritoneal cancer who received no more than two prior chemotherapy regimens.",yes,"treatment of patients with recurrent, platinum-resistant epithelial ovarian, fallopian tube, or primary peritoneal cancer who received no more than two prior chemotherapy regimens.",<ovarian neoplasms>; <fallopian tube neoplasms>; <peritoneal neoplasms>,roche products pty ltd,roche,99755 and 99757,bevacizumab,yes,no,solution,pm-2013-03227-1-4,,
intravenous,31.10.2018,2018.0,authorised,TGA,approved,28.10.2019,2019,neoplasms; diseases of the respiratory system; diseases of the genitourinary system,<colorectal neoplasms>; <breast neoplasms>; <non-small cell lung carcinoma>; <renal cell carcinoma>; <glioma>; <ovarian neoplasms>; <fallopian tube neoplasms>; <peritoneal neoplasms>; <cervical neoplasms>,auspar-bevacizumab-200226.pdf,biologics,zirabev,"metastatic colorectal cancer; locally recurrent or metastatic breast cancer; advanced, metastatic or recurrent non-squamous non-small cell lung cancer; advanced and/or metastatic renal cell cancer; grade iv glioma; epithelial ovarian, fallopian tube or primary peritoneal cancer; recurrent epithelial ovarian, fallopian tube or primary peritoneal cancer; cervical cancer",no,"metastatic colorectal cancer; locally recurrent or metastatic breast cancer; advanced, metastatic or recurrent non-squamous non-small cell lung cancer; advanced and/or metastatic renal cell cancer; grade iv glioma; epithelial ovarian, fallopian tube or primary peritoneal cancer; recurrent epithelial ovarian, fallopian tube or primary peritoneal cancer; cervical cancer",<colorectal neoplasms>; <breast neoplasms>; <non-small cell lung carcinoma>; <renal cell carcinoma>; <glioma>; <ovarian neoplasms>; <fallopian tube neoplasms>; <peritoneal neoplasms>; <cervical neoplasms>,pfizer australia pty ltd,pfizer,309320 and 309321,bevacizumab,no,no,solution,pm-2018-03842-1-4,na,
intravenous,01.02.2018,2018.0,authorised,TGA,approved,16.01.2019,2019,neoplasms; diseases of the respiratory system; diseases of the genitourinary system,<colorectal neoplasms>; <breast neoplasms>; <non-small cell lung carcinoma>; <renal cell carcinoma>; <glioma>; <ovarian neoplasms>; <fallopian tube neoplasms>; <peritoneal neoplasms>; <cervical neoplasms>,auspar-bevacizumab-201123.pdf,biologics,mvasi,"metastatic colorectal cancer; locally recurrent or metastatic breast cancer; advanced, metastatic or recurrent non-squamous non-small cell lung cancer; advanced and/or metastatic renal cell cancer; grade iv glioma; epithelial ovarian, fallopian tube or primary peritoneal cancer; recurrent epithelial ovarian, fallopian tube or primary peritoneal cancer; cervical cancer",no,"metastatic colorectal cancer; locally recurrent or metastatic breast cancer; advanced, metastatic or recurrent non-squamous non-small cell lung cancer; advanced and/or metastatic renal cell cancer; grade iv glioma; epithelial ovarian, fallopian tube or primary peritoneal cancer; recurrent epithelial ovarian, fallopian tube or primary peritoneal cancer; cervical cancer",<colorectal neoplasms>; <breast neoplasms>; <non-small cell lung carcinoma>; <renal cell carcinoma>; <glioma>; <ovarian neoplasms>; <fallopian tube neoplasms>; <peritoneal neoplasms>; <cervical neoplasms>,amgen australia pty ltd,amgen,"297455, 297456",bevacizumab,no,no,concentrate,pm-2017-04616-1-4,na,
intravenous,02.06.2020,2020.0,authorised,TGA,approved,10.05.2021,2021,neoplasms; diseases of the respiratory system; diseases of the genitourinary system,<colorectal neoplasms>; <breast neoplasms>; <non-small cell lung carcinoma>; <renal cell carcinoma>; <glioma>; <ovarian neoplasms>; <fallopian tube neoplasms>; <peritoneal neoplasms>; <cervical neoplasms>,auspar-bevacizumab-220202.pdf,biologics,abevmy,"metastatic colorectal cancer; locally recurrent or metastatic breast cancer; advanced, metastatic or recurrent non-squamous non-small cell lung cancer; advanced and/or metastatic renal cell cancer; grade iv glioma; epithelial ovarian, fallopian tube or primary peritoneal cancer; recurrent epithelial ovarian, fallopian tube or primary peritoneal cancer; cervical cancer",no,"metastatic colorectal cancer; locally recurrent or metastatic breast cancer; advanced, metastatic or recurrent non-squamous non-small cell lung cancer; advanced and/or metastatic renal cell cancer; grade iv glioma; epithelial ovarian, fallopian tube or primary peritoneal cancer; recurrent epithelial ovarian, fallopian tube or primary peritoneal cancer; cervical cancer",<colorectal neoplasms>; <breast neoplasms>; <non-small cell lung carcinoma>; <renal cell carcinoma>; <glioma>; <ovarian neoplasms>; <fallopian tube neoplasms>; <peritoneal neoplasms>; <cervical neoplasms>,alphapharm pty ltd,alphapharm,334814 and 334816,bevacizumab,no,no,tablet,pm-2020-01736-1-4,na,
intravenous,30.11.2020,2020.0,authorised,TGA,approved,13.10.2021,2021,neoplasms,<colorectal neoplasms>; <breast neoplasms>; <non-small-cell lung carcinoma>; <renal cell carcinoma>; <glioma>; <ovarian neoplasms>; <fallopian tube neoplasms>; <peritoneal neoplasms>; <cervical neoplasms>,auspar-bevacizumab-220519.pdf,biologics,bevacip/bevaciptin,"metastatic colorectal cancer; locally recurrent or metastatic breast cancer; advanced, metastatic or recurrent non-squamous non-small cell lung cancer (nsclc); advanced and/or metastatic renal cell cancer; grade iv glioma; epithelial ovarian, fallopian tube or primary peritoneal cancer; recurrent epithelial ovarian, fallopian tube or primary peritoneal cancer; cervical cancer",no,"metastatic colorectal cancer; locally recurrent or metastatic breast cancer; advanced, metastatic or recurrent non-squamous non-small cell lung cancer (nsclc); advanced and/or metastatic renal cell cancer; grade iv glioma; epithelial ovarian, fallopian tube or primary peritoneal cancer; recurrent epithelial ovarian, fallopian tube or primary peritoneal cancer; cervical cancer",<colorectal neoplasms>; <breast neoplasms>; <non-small-cell lung carcinoma>; <renal cell carcinoma>; <glioma>; <ovarian neoplasms>; <fallopian tube neoplasms>; <peritoneal neoplasms>; <cervical neoplasms>,cipla australia pty ltd,cipla,"347290, 347291, 347292 and 347293",bevacizumab,no,no,solution,pm-2020-05373-1-4,na,
intravenous,,,authorised,TGA,approved,21.10.2013,2013,neoplasms; diseases of the digestive system,<colorectal neoplasms>,auspar-bevacizumab-injection-140331.pdf,biologics,avastin,treatment of patients with metastatic colorectal cancer in combination with fluoropyrimidine-based chemotherapy,no,second line treatment of metastatic colorectal cancer,<colorectal neoplasms>,roche products pty ltd,roche,99755 and 99757,bevacizumab,yes,no,solution,pm-2012-02716-3-4,,
intravenous,,,authorised,TGA,approved,16.07.2015,2015,neoplasms,<carcinoma of the cervix>,auspar-bevacizumab-rch-170510.pdf,biologics,avastin,"in combination with paclitaxel and cisplatin is indicated for the treatment of persistent, recurrent or metastatic carcinoma of the cervix. in combination with paclitaxel and topotecan is an acceptable alternative where cisplatin is not tolerated or not indicated.",yes,"treatment of persistent, recurrent or stage iv carcinoma of the cervix","<carcinoma, cervical>",roche products pty ltd,roche,99756 and 99757,bevacizumab,yes,yes,concentrate,pm-2014-01871-1-4,,
intravenous,30.11.2021,2021.0,authorised,TGA,approved,09.01.2024,2024,neoplasms; diseases of the respiratory system; diseases of the genitourinary system,"<colorectal neoplasms>; <breast neoplasms>; <lung neoplasms, non-small cell>; <carcinoma, renal cell>; <glioma>; <ovarian neoplasms>; <fallopian tube neoplasms>; <peritoneal neoplasms>; <cervical neoplasms>",auspar-onbevzi-240415.pdf,biologics,onbevzi,"metastatic colorectal cancer; metastatic breast cancer; non-small cell lung cancer; advanced and/or metastatic renal cell cancer; grade iv glioma; epithelial ovarian, fallopian tube, or primary peritoneal cancer; cervical cancer",no,"metastatic colorectal cancer; metastatic breast cancer; non-small cell lung cancer; advanced and/or metastatic renal cell cancer; grade iv glioma; epithelial ovarian, fallopian tube, or primary peritoneal cancer; cervical cancer","<colorectal neoplasms>; <breast neoplasms>; <carcinoma, non-small-cell lung>; <renal cell carcinoma>; <glioma>; <ovarian neoplasms>; <fallopian tube neoplasms>; <primary peritoneal carcinoma>; <uterine cervical neoplasms>",samsung bioepis au pty ltd,samsung,"431837, 431838",bevacizumab,no,no,solution,pm-2021-04826-1-4,na,
intravenous,30.11.2022,2022.0,authorised,TGA,approved,30.08.2023,2023,neoplasms; diseases of the respiratory system; diseases of the genitourinary system,<colorectal neoplasms>; <breast neoplasms>; <non-small cell lung carcinoma>; <renal cell carcinoma>; <glioma>; <ovarian neoplasms>; <fallopian tube neoplasms>; <peritoneal neoplasms>; <cervical neoplasms>,auspar-vegzelma-240222.pdf,biologics,vegzelma,"metastatic colorectal cancer; locally recurrent or metastatic breast cancer; advanced, metastatic or recurrent non-squamous non-small cell lung cancer; advanced and/or metastatic renal cell cancer; grade iv glioma; epithelial ovarian, fallopian tube or primary peritoneal cancer; recurrent epithelial ovarian, fallopian tube or primary peritoneal cancer; cervical cancer",no,"metastatic colorectal cancer; locally recurrent or metastatic breast cancer; advanced, metastatic or recurrent non-squamous non-small cell lung cancer; advanced and/or metastatic renal cell cancer; grade iv glioma; epithelial ovarian, fallopian tube or primary peritoneal cancer; recurrent epithelial ovarian, fallopian tube or primary peritoneal cancer; cervical cancer",<colorectal neoplasms>; <breast neoplasms>; <non-small cell lung carcinoma>; <renal cell carcinoma>; <glioma>; <ovarian neoplasms>; <fallopian tube neoplasms>; <peritoneal neoplasms>; <cervical neoplasms>,celltrion healthcare australia pty ltd,celltrion,398631 and 398632,bevacizumab,no,no,solution,pm-2022-04193-1-4,na,
oral,18.07.2008,2008.0,withdrawn,EMA,approved,28.07.2009,2009,diseases of the circulatory system,<myocardial infarction>; <ischemic stroke>; <peripheral arterial disease>; <acute coronary syndrome>,clopidogrel-1a-pharma-epar-public-assessment-report_en.pdf,small molecule,clopidogrel 1a pharma,"prevention of atherothrombotic events in patients with myocardial infarction, ischaemic stroke, or established peripheral arterial disease; acute coronary syndrome",no,prevention of atherothrombotic events,<arteriosclerosis>,acino pharma gmbh,acino,,clopidogrel,yes,no,tablet,emea/h/c/1054,chmp,
oral,17.04.2009,2009.0,withdrawn,EMA,approved,28.07.2009,2009,diseases of the circulatory system,<myocardial infarction>; <ischemic stroke>; <peripheral arterial disease>; <acute coronary syndrome>,clopidogrel-acino-epar-public-assessment-report_en.pdf,small molecule,clopidogrel acino,"prevention of atherothrombotic events in patients with myocardial infarction, ischaemic stroke, or established peripheral arterial disease; acute coronary syndrome",no,prevention of atherothrombotic events,<arteriosclerosis>,acino pharma gmbh,acino,,clopidogrel,yes,no,tablet,emea/h/c/1166,chmp,
oral,17.04.2009,2009.0,withdrawn,EMA,approved,21.09.2009,2009,diseases of the circulatory system,<myocardial infarction>; <ischemic stroke>; <peripheral arterial disease>,clopidogrel-acino-pharma-epar-public-assessment-report_en.pdf,small molecule,clopidogrel acino pharma,"prevention of atherothrombotic events in patients suffering from myocardial infarction, ischaemic stroke, or established peripheral arterial disease.",yes,"prevention of atherothrombotic events in patients suffering from myocardial infarction, ischaemic stroke, or established peripheral arterial disease.",<myocardial infarction>; <ischemic stroke>; <peripheral arterial disease>,acino pharma gmbh,acino,,clopidogrel,yes,no,tablet,emea/h/c/1172,chmp,
oral,17.04.2009,2009.0,withdrawn,EMA,approved,25.06.2009,2009,diseases of the circulatory system,<myocardial infarction>; <ischemic stroke>; <peripheral arterial disease>,clopidogrel-acino-pharma-gmbh-epar-public-assessment-report_en.pdf,small molecule,clopidogrel acino pharma gmbh,"prevention of atherothrombotic events in patients suffering from myocardial infarction, ischaemic stroke, or established peripheral arterial disease.",no,"prevention of atherothrombotic events in patients suffering from myocardial infarction, ischaemic stroke, or established peripheral arterial disease.",<myocardial infarction>; <ischemic stroke>; <peripheral arterial disease>,acino pharma gmbh,acino,,clopidogrel,yes,no,tablet,emea/h/c/1175,chmp,
oral,20.02.2009,2009.0,authorised,EMA,approved,25.06.2009,2009,diseases of the circulatory system,<arteriosclerosis>,clopidogrel-bgr-previously-zylagren-epar-public-assessment-report_en.pdf,small molecule,zylagren,prevention of atherothrombotic events in adults,no,prevention of atherothrombotic events in adults,<arteriosclerosis>,"krka, d.d., novo mesto",krka,,clopidogrel,yes,no,tablet,emea/h/c/1138,,
,08.01.2008,2008.0,withdrawn,EMA,approved,16.07.2008,2008,diseases of the circulatory system,<arteriosclerosis>,clopidogrel-bms-epar-public-assessment-report_en.pdf,small molecule,clopidogrel bms,prevention of atherothrombotic events in adults,no,prevention of atherothrombotic events in adults,<arteriosclerosis>,bristol-myers squibb pharma eeig,bristol-myers squibb,,clopidogrel,yes,no,,emea/h/c/000974,,
oral,20.02.2009,2009.0,withdrawn,EMA,approved,25.06.2009,2009,diseases of the circulatory system,<myocardial infarction>; <ischemic stroke>; <peripheral arterial disease>,clopidogrel-dura-epar-public-assessment-report_en.pdf,small molecule,clopidogrel dura,"prevention of atherothrombotic events in patients suffering from myocardial infarction, ischaemic stroke, or established peripheral arterial disease.",no,"prevention of atherothrombotic events in patients suffering from myocardial infarction, ischaemic stroke, or established peripheral arterial disease.",<myocardial infarction>; <ischemic stroke>; <peripheral arterial disease>,mylan dura gmbh,mylan,,clopidogrel,no,no,tablet,emea/h/c/001132,na,
oral,20.02.2009,2009.0,withdrawn,EMA,approved,25.06.2009,2009,diseases of the circulatory system,<myocardial infarction>; <ischemic stroke>; <peripheral arterial disease>,clopidogrel-hcs-epar-public-assessment-report_en.pdf,small molecule,clopidogrel hcs,"prevention of atherothrombotic events in patients suffering from myocardial infarction, ischaemic stroke, or established peripheral arterial disease",no,"prevention of atherothrombotic events in patients suffering from myocardial infarction, ischaemic stroke, or established peripheral arterial disease",<myocardial infarction>; <ischemic stroke>; <peripheral arterial disease>,hcs bvba,hcs,,clopidogrel,no,no,tablet,emea/h/c/001133,na,
oral,19.02.2009,2009.0,withdrawn,EMA,approved,28.07.2009,2009,diseases of the circulatory system,<myocardial infarction>; <ischemic stroke>; <peripheral arterial disease>; <acute coronary syndrome>,clopidogrel-hexal-epar-public-assessment-report_en.pdf,small molecule,clopidogrel hexal,"prevention of atherothrombotic events in patients with myocardial infarction, ischaemic stroke, or established peripheral arterial disease; acute coronary syndrome",no,prevention of atherothrombotic events,<arteriosclerosis>,acino pharma gmbh,acino,,clopidogrel,yes,no,tablet,emea/h/c/1039,chmp,
oral,25.07.2008,2008.0,authorised,EMA,approved,25.06.2009,2009,diseases of the circulatory system,<arteriosclerosis>,clopidogrel-krka-epar-public-assessment-report_en.pdf,small molecule,clopidogrel krka,prevention of atherothrombotic events in adults,no,prevention of atherothrombotic events in adults,<arteriosclerosis>,"krka, d.d., novo mesto",krka,,clopidogrel,no,no,tablet,emea/h/c/001056,na,
oral,20.02.2009,2009.0,authorised,EMA,approved,25.06.2009,2009,diseases of the circulatory system,<myocardial infarction>; <ischemic stroke>; <peripheral arterial disease>,clopidogrel-mylan-epar-public-assessment-report_en.pdf,small molecule,clopidogrel mylan,"prevention of atherothrombotic events in patients suffering from myocardial infarction, ischaemic stroke, or established peripheral arterial disease.",no,"prevention of atherothrombotic events in patients suffering from myocardial infarction, ischaemic stroke, or established peripheral arterial disease.",<myocardial infarction>; <ischemic stroke>; <peripheral arterial disease>,mylan s.a.s,mylan,,clopidogrel,no,no,tablet,emea/h/c/001134,na,
oral,20.02.2009,2009.0,withdrawn,EMA,approved,25.06.2009,2009,diseases of the circulatory system,<myocardial infarction>; <ischemic stroke>; <peripheral arterial disease>,clopidogrel-qualimed-epar-public-assessment-report_en.pdf,small molecule,clopidogrel qualimed,"prevention of atherothrombotic events in patients suffering from myocardial infarction, ischaemic stroke, or established peripheral arterial disease.",no,"prevention of atherothrombotic events in patients suffering from myocardial infarction, ischaemic stroke, or established peripheral arterial disease.",<myocardial infarction>; <ischemic stroke>; <peripheral arterial disease>,qualimed,qualimed,,clopidogrel,no,no,tablet,emea/h/c/001135,na,
oral,02.07.2014,2014.0,withdrawn,EMA,approved,18.12.2014,2014,diseases of the circulatory system,<myocardial infarction>; <ischemic stroke>; <peripheral arterial disease>,clopidogrel-ratiopharm-epar-public-assessment-report_en.pdf,small molecule,clopidogrel ratiopharm,"prevention of atherothrombotic events in patients suffering from myocardial infarction, ischaemic stroke, or established peripheral arterial disease.",no,"prevention of atherothrombotic events in patients suffering from myocardial infarction, ischaemic stroke, or established peripheral arterial disease.",<myocardial infarction>; <ischemic stroke>; <peripheral arterial disease>,acino pharma gmbh,acino,,clopidogrel,yes,no,tablet,emea/h/c/1173,chmp,
oral,17.04.2009,2009.0,withdrawn,EMA,approved,28.07.2009,2009,diseases of the circulatory system,<myocardial infarction>; <ischemic stroke>; <peripheral arterial disease>; <acute coronary syndrome>,clopidogrel-ratiopharm-gmbh-epar-public-assessment-report_en.pdf,small molecule,clopidogrel ratiopharm gmbh,"prevention of atherothrombotic events in patients with myocardial infarction, ischaemic stroke, or established peripheral arterial disease; acute coronary syndrome",no,prevention of atherothrombotic events,<arteriosclerosis>,acino pharma gmbh,acino,,clopidogrel,yes,no,tablet,emea/h/c/1165,chmp,
oral,17.04.2009,2009.0,withdrawn,EMA,approved,21.09.2009,2009,diseases of the circulatory system,<myocardial infarction>; <ischemic stroke>; <peripheral arterial disease>,clopidogrel-sandoz-epar-public-assessment-report_en.pdf,small molecule,clopidogrel sandoz,"prevention of atherothrombotic events in adults with myocardial infarction, ischaemic stroke, or established peripheral arterial disease.",no,"prevention of atherothrombotic events in adults with myocardial infarction, ischaemic stroke, or established peripheral arterial disease.",<myocardial infarction>; <ischemic stroke>; <peripheral arterial disease>,acino pharma gmbh,acino,,clopidogrel,yes,no,tablet,emea/h/c/1174,chmp,
oral,20.02.2009,2009.0,authorised,EMA,approved,25.06.2009,2009,diseases of the circulatory system,<myocardial infarction>; <ischemic stroke>; <peripheral arterial disease>,clopidogrel-tad-epar-public-assessment-report_en.pdf,small molecule,clopidogrel tad,"prevention of atherothrombotic events in patients suffering from myocardial infarction, ischaemic stroke, or established peripheral arterial disease.",no,"prevention of atherothrombotic events in patients suffering from myocardial infarction, ischaemic stroke, or established peripheral arterial disease.",<myocardial infarction>; <ischemic stroke>; <peripheral arterial disease>,tad pharma gmbh,tad,,clopidogrel,no,no,tablet,emea/h/c/001136,na,
oral,06.05.2010,2010.0,withdrawn,EMA,approved,22.07.2010,2010,diseases of the circulatory system,<myocardial infarction>; <ischemic stroke>; <peripheral arterial disease>; <acute coronary syndrome>,clopidogrel-teva-generics-bv-epar-public-assessment-report_en.pdf,small molecule,clopidogrel teva generics b.v.,"prevention of atherothrombotic events in patients with myocardial infarction, ischaemic stroke, or established peripheral arterial disease; acute coronary syndrome",no,"prevention of atherothrombotic events in patients with myocardial infarction, ischaemic stroke, or established peripheral arterial disease; acute coronary syndrome",<myocardial infarction>; <ischemic stroke>; <peripheral arterial disease>; <acute coronary syndrome>,teva pharma b.v.,teva,ema/chmp/621360/2010,clopidogrel,yes,no,tablet,,chmp,
oral,15.07.2008,2008.0,authorised,EMA,approved,29.05.2009,2009,diseases of the circulatory system,<arteriosclerosis>,clopidogrel-teva-hydrogen-sulphate-epar-public-assessment-report_en.pdf,small molecule,clopidogrel teva,prevention of atherothrombotic events in adults,no,prevention of atherothrombotic events in adults,<arteriosclerosis>,teva pharma b.v.,teva,,clopidogrel,yes,no,tablet,emea/h/c/001053,,
oral,03.09.2009,2009.0,withdrawn,EMA,approved,22.07.2010,2010,diseases of the circulatory system,<myocardial infarction>; <ischemic stroke>; <peripheral arterial disease>; <acute coronary syndrome>,clopidogrel-teva-pharma-bv-epar-public-assessment-report_en.pdf,small molecule,clopidogrel teva pharma b.v.,"prevention of atherothrombotic events in adults with myocardial infarction, ischaemic stroke, peripheral arterial disease, and acute coronary syndrome",no,"prevention of atherothrombotic events in adults with myocardial infarction, ischaemic stroke, peripheral arterial disease, and acute coronary syndrome",<myocardial infarction>; <ischemic stroke>; <peripheral arterial disease>; <acute coronary syndrome>,teva pharma b.v.,teva,ema/439548/2011,clopidogrel,yes,no,tablet,emea/h/c/001226,chmp,
oral,08.01.2008,2008.0,authorised,EMA,approved,16.07.2008,2008,diseases of the circulatory system,<arteriosclerosis>,clopidogrel-winthrop-epar-public-assessment-report_en.pdf,small molecule,clopidogrel winthrop,prevention of atherothrombotic events in adults,yes,prevention of atherothrombotic events in adults,<arteriosclerosis>,sanofi pharma bristol-myers squibb snc,sanofi bristol-myers squibb,,clopidogrel,yes,no,,emea/h/c/000975,,
oral,31.07.2008,2008.0,authorised,EMA,approved,28.07.2009,2009,diseases of the circulatory system,<myocardial infarction>; <ischemic stroke>; <peripheral arterial disease>,grepid-epar-public-assessment-report_en.pdf,small molecule,grepid,"prevention of atherothrombotic events in adults with myocardial infarction, ischaemic stroke, or established peripheral arterial disease.",no,"prevention of atherothrombotic events in adults with myocardial infarction, ischaemic stroke, or established peripheral arterial disease.",<myocardial infarction>; <ischemic stroke>; <peripheral arterial disease>,pharmathen s.a.,pharmathen,ema/487789/2009,clopidogrel,yes,no,tablet,emea/h/c/001059,chmp,
oral,,,authorised,EMA,approved,25.03.1998,1998,diseases of the circulatory system,<atherosclerosis>,iscover-epar-scientific-discussion_en.pdf,small molecule,iscover,prevention of atherothrombotic events in patients with non-st segment elevation acute coronary syndrome (acs) treated with clopidogrel + asa versus asa alone,yes,prevention of vascular ischaemic events in patients with established atherosclerotic disease,<atherosclerosis>,sanofi chimie and orgamol ltd,sanofi,ema/000309/1998,clopidogrel,no,no,tablet,emea/h/c/000309,na,
oral,,,authorised,EMA,approved,25.03.1998,1998,diseases of the circulatory system,<acute coronary syndrome>,plavix-epar-scientific-discussion_en.pdf,small molecule,plavix,prevention of atherothrombotic events in patients with acute coronary syndrome (acs) without st-segment elevation,yes,prevention of atherothrombotic events in patients with acute coronary syndrome (acs) without st-segment elevation,<acute coronary syndrome>,,not reported,,clopidogrel,no,no,tablet,,na,
oral,20.02.2009,2009.0,authorised,EMA,approved,25.06.2009,2009,diseases of the circulatory system,<myocardial infarction>; <ischemic stroke>; <peripheral arterial disease>,zopya-epar-public-assessment-report_en.pdf,small molecule,zopya,"prevention of atherothrombotic events in adults with myocardial infarction, ischaemic stroke, or established peripheral arterial disease.",no,"prevention of atherothrombotic events in adults with myocardial infarction, ischaemic stroke, or established peripheral arterial disease.",<myocardial infarction>; <ischemic stroke>; <peripheral arterial disease>,norpharm regulatory services ltd,norpharm,,clopidogrel,no,no,tablet,emea/h/c/001137,na,
oral,25.07.2008,2008.0,authorised,EMA,approved,25.06.2009,2009,diseases of the circulatory system,<arteriosclerosis>,zyllt-epar-public-assessment-report_en.pdf,small molecule,zyllt,prevention of atherothrombotic events in adults,no,prevention of atherothrombotic events in adults,<atherosclerosis>,"krka, d.d., novo mesto",krka,,clopidogrel,yes,no,tablet,emea/h/c/1058,,
subcutaneous,25.04.2023,2023.0,authorised,EMA,approved,21.03.2024,2024,diseases of the musculoskeletal system and connective tissue; neoplasms,<osteoporosis>; <prostatic neoplasms>,jubbonti-epar-public-assessment-report_en.pdf,biologics,jubbonti,treatment of osteoporosis in postmenopausal women and in men at increased risk of fractures; treatment of bone loss associated with hormone ablation in men with prostate cancer at increased risk of fractures; treatment of bone loss associated with long-term systemic glucocorticoid therapy in adult patients at increased risk of fracture,no,treatment of osteoporosis in postmenopausal women and in men at increased risk of fractures; treatment of bone loss associated with hormone ablation in men with prostate cancer at increased risk of fractures; treatment of bone loss associated with long-term systemic glucocorticoid therapy in adult patients at increased risk of fracture,<osteoporosis>; <prostatic neoplasms>,sandoz gmbh,sandoz,ema/169039/2024,denosumab,yes,no,solution,emea/h/c/005964/0000,,
subcutaneous,07.03.2024,2024.0,authorised,EMA,approved,14.11.2024,2024,diseases of the musculoskeletal system and connective tissue; neoplasms,<osteoporosis>; <prostatic neoplasms>,obodence-epar-public-assessment-report_en.pdf,biologics,obodence,treatment of osteoporosis in postmenopausal women and in men at increased risk of fractures; treatment of bone loss associated with hormone ablation in men with prostate cancer at increased risk of fractures; treatment of bone loss associated with long-term systemic glucocorticoid therapy in adult patients at increased risk of fracture,no,treatment of osteoporosis in postmenopausal women and in men at increased risk of fractures; treatment of bone loss associated with hormone ablation in men with prostate cancer at increased risk of fractures; treatment of bone loss associated with long-term systemic glucocorticoid therapy in adult patients at increased risk of fracture,<osteoporosis>; <prostatic neoplasms>,samsung bioepis nl b.v.,samsung,ema/560515/2024,denosumab,yes,no,solution,emea/h/c/006424/0000,,
subcutaneous,08.03.2024,2024.0,authorised,EMA,approved,12.12.2024,2024,neoplasms; diseases of the musculoskeletal system and connective tissue,<neoplasms>; <giant cell tumor of bone>,osenvelt-epar-public-assessment-report_en.pdf,biologics,osenvelt,prevention of skeletal related events in adults with advanced malignancies involving bone; treatment of adults and skeletally mature adolescents with giant cell tumour of bone that is unresectable or where surgical resection is likely to result in severe morbidity.,no,prevention of skeletal related events in adults with advanced malignancies involving bone; treatment of adults and skeletally mature adolescents with giant cell tumour of bone that is unresectable or where surgical resection is likely to result in severe morbidity.,<neoplasm metastasis>; <giant cell tumor of bone>,celltrion healthcare hungary kft.,celltrion,ema/51220/2025,denosumab,no,no,solution,emea/h/c/006157/0000,na,
subcutaneous,09.01.2009,2009.0,authorised,EMA,approved,18.03.2010,2010,diseases of the musculoskeletal system and connective tissue; neoplasms,<osteoporosis>; <prostatic neoplasms>,prolia-epar-public-assessment-report_en.pdf,biologics,prolia,treatment of osteoporosis in postmenopausal women at increased risk of fractures. treatment of bone loss associated with hormone ablation in men with prostate cancer at increased risk of fractures.,no,the treatment of osteoporosis in postmenopausal women at increased risk of fractures. the treatment of bone loss associated with hormone ablation in men with prostate cancer and in women with breast cancer at increased risk of fractures.,<osteoporosis>; <prostatic neoplasms>; <breast neoplasms>,amgen europe b.v.,amgen,ema/21672/2010,denosumab,no,no,solution,emea/h/c/001120,na,
subcutaneous,08.03.2024,2024.0,authorised,EMA,approved,12.12.2024,2024,diseases of the musculoskeletal system and connective tissue,<osteoporosis>; <prostatic neoplasms>,stoboclo-epar-public-assessment-report_en.pdf,biologics,stoboclo,treatment of osteoporosis in postmenopausal women and in men at increased risk of fractures; treatment of bone loss associated with hormone ablation in men with prostate cancer at increased risk of fractures; treatment of bone loss associated with long-term systemic glucocorticoid therapy in adult patients at increased risk of fracture,no,treatment of osteoporosis in postmenopausal women and in men at increased risk of fractures; treatment of bone loss associated with hormone ablation in men with prostate cancer at increased risk of fractures; treatment of bone loss associated with long-term systemic glucocorticoid therapy in adult patients at increased risk of fracture,<osteoporosis>; <prostatic neoplasms>,celltrion healthcare hungary kft.,celltrion,ema/51238/2025,denosumab,no,no,solution,emea/h/c/006156/0000,na,
subcutaneous,25.04.2023,2023.0,authorised,EMA,approved,21.03.2024,2024,neoplasms; diseases of the musculoskeletal system and connective tissue,<neoplasms>; <giant cell tumor of bone>,wyost-epar-public-assessment-report_en.pdf,biologics,wyost,prevention of skeletal related events in adults with advanced malignancies involving bone; treatment of adults and skeletally mature adolescents with giant cell tumour of bone that is unresectable or where surgical resection is likely to result in severe morbidity,no,prevention of skeletal related events in adults with advanced malignancies involving bone; treatment of adults and skeletally mature adolescents with giant cell tumour of bone that is unresectable or where surgical resection is likely to result in severe morbidity,<malignant neoplasms>; <giant cell tumor of bone>,sandoz gmbh,sandoz,ema/169040/2024,denosumab,yes,no,solution,emea/h/c/006378/0000,,
subcutaneous,04.06.2010,2010.0,authorised,EMA,approved,19.05.2011,2011,neoplasms; diseases of the musculoskeletal system and connective tissue,<neoplasms>,xgeva-epar-public-assessment-report_en.pdf,biologics,xgeva,prevention of skeletal related events in adults with advanced malignancies involving bone,yes,prevention of skeletal related events in adults with advanced malignancies involving bone,<malignant neoplasms>,amgen europe b.v.,amgen,ema/002173/2011,denosumab,no,no,solution,emea/h/c/002173,na,
subcutaneous,23.09.2016,2016.0,authorised,PMDA,approved,30.05.2017,2017,diseases of the musculoskeletal system and connective tissue,"<osteoporosis>; <arthritis, rheumatoid>",000228530.pdf,biologics,pralia,osteoporosis; inhibition of progression of bone erosion associated with rheumatoid arthritis,yes,osteoporosis; prevention of structural joint damage associated with rheumatoid arthritis,"<osteoporosis>; <arthritis, rheumatoid>","daiichi sankyo co., ltd.",daiichi sankyo,000228530,denosumab,no,no,solution,,na,
subcutaneous,,,authorised,TGA,approved,05.09.2013,2013,diseases of the musculoskeletal system and connective tissue,<osteoporosis>,auspar-denosumab-140128.pdf,biologics,prolia,treatment to increase bone mass in men with osteoporosis at increased risk of fracture.,yes,treatment of osteoporosis in men.,<osteoporosis>,amgen australia pty ltd,amgen,aust r 159322; aust r 159323; aust r 159324,denosumab,yes,no,solution,pm-2012-02302-3-5,,
subcutaneous,,,authorised,TGA,approved,23.12.2013,2013,neoplasms; diseases of the musculoskeletal system and connective tissue,<giant cell tumor of bone>,auspar-denosumab-140417.pdf,biologics,xgeva,"treatment of giant cell tumour of bone in adults or skeletally mature adolescents that is recurrent, or unresectable, or resectable but associated with severe morbidity.",yes,"treatment of giant cell tumour of bone in adults or skeletally mature adolescents that is recurrent, or unresectable, or resectable but associated with severe morbidity.",<giant cell tumor of bone>,amgen australia pty ltd,amgen,175041,denosumab,yes,no,solution,pm-2012-04329-1-4,,
subcutaneous,01.06.2017,2017.0,authorised,TGA,approved,15.06.2018,2018,diseases of the musculoskeletal system and connective tissue,"<fractures, bone>",auspar-denosumab-190213.pdf,biologics,prolia,treatment to increase bone mass in women and men at increased risk of fracture due to long-term systemic glucocorticoid therapy.,yes,treatment of osteoporosis associated with sustained systemic glucocorticoid therapy in women and men at increased risk of fracture.,<osteoporosis>,amgen australia pty ltd,amgen,"159322, 159323",denosumab,yes,no,solution,pm-2017-01353-1-5,,
subcutaneous,03.10.2023,2023.0,authorised,TGA,approved,07.08.2024,2024,diseases of the musculoskeletal system and connective tissue; neoplasms; diseases of the blood and blood-forming organs,<osteoporosis>; <multiple myeloma>; <bone neoplasms>; <giant cell tumor of bone>; <hypercalcemia>,auspar-jubbonti-wyost-241010.pdf,biologics,jubbonti/wyost,treatment of osteoporosis in postmenopausal women; prevention of skeletal related events in patients with multiple myeloma and in patients with bone metastases from solid tumours; treatment of giant cell tumour of bone; treatment of hypercalcaemia of malignancy,no,treatment of osteoporosis in postmenopausal women; prevention of skeletal related events in patients with multiple myeloma and in patients with bone metastases from solid tumours; treatment of giant cell tumour of bone; treatment of hypercalcaemia of malignancy,<osteoporosis>; <multiple myeloma>; <bone neoplasms>; <giant cell tumor of bone>; <hypercalcemia>,sandoz pty ltd,sandoz,418514; 418515,denosumab,yes,no,injection,pm-2023-03741-1-5,,
subcutaneous,,,authorised,TGA,approved,26.10.2010,2010,"endocrine, nutritional, and metabolic diseases",<osteoporosis>,auspar-prolia.pdf,biologics,prolia,the treatment of osteoporosis in postmenopausal women,no,treatment of osteoporosis in postmenopausal women; treatment of bone loss associated with hormone ablation in men with prostate cancer,<osteoporosis>; <prostatic neoplasms>,amgen australia pty ltd,amgen,"159322, 159323, 159324",denosumab,no,no,solution,pm-2009-00390-3-5,na,
subcutaneous,,,authorised,TGA,approved,29.08.2011,2011,neoplasms; diseases of the musculoskeletal system and connective tissue,<neoplasm metastasis>,auspar-xgeva.pdf,biologics,xgeva,prevention of skeletal related events in patients with bone metastases from solid tumours,yes,prevention of skeletal related events in adults with advanced malignancies involving bone,<neoplasms>,amgen australia pty ltd,amgen,175041,denosumab,no,no,solution,pm-2010-02051-3-4,na,
subcutaneous,03.12.2014,2014.0,authorised,EMA,approved,19.11.2015,2015,diseases of the musculoskeletal system and connective tissue; diseases of the skin,"<rheumatoid arthritis>; <arthritis, psoriatic>; <spondylitis, ankylosing>; <spondyloarthritis>; <psoriasis>",benepali-epar-public-assessment-report_en.pdf,biologics,benepali,rheumatoid arthritis; psoriatic arthritis; ankylosing spondylitis; non-radiographic axial spondyloarthritis; plaque psoriasis,no,rheumatoid arthritis; psoriatic arthritis; ankylosing spondylitis; non-radiographic axial spondyloarthritis; plaque psoriasis,"<rheumatoid arthritis>; <arthritis, psoriatic>; <spondylitis, ankylosing>; <spondyloarthritis>; <psoriasis>",samsung bioepis uk limited,samsung,ema/chmp/819219/2015,etanercept,no,no,solution,emea/h/c/004007/0000,na,
subcutaneous,11.11.2015,2015.0,authorised,EMA,approved,21.04.2017,2017,diseases of the musculoskeletal system and connective tissue; diseases of the skin,"<rheumatoid arthritis>; <arthritis, juvenile>; <arthritis, psoriatic>; <spondylarthropathies>; <psoriasis>",erelzi-epar-public-assessment-report_en.pdf,biologics,erelzi,rheumatoid arthritis; juvenile idiopathic arthritis; psoriatic arthritis; axial spondyloarthritis; plaque psoriasis; paediatric plaque psoriasis,no,rheumatoid arthritis; juvenile idiopathic arthritis; psoriatic arthritis; axial spondyloarthritis; plaque psoriasis; paediatric plaque psoriasis,"<rheumatoid arthritis>; <arthritis, juvenile>; <arthritis, psoriatic>; <spondylarthropathies>; <psoriasis>; <psoriasis>",sandoz gmbh,sandoz,ema/chmp/302222/2017,etanercept,no,no,solution,emea/h/c/004192/0000,na,
subcutaneous,21.07.2016,2016.0,withdrawn,EMA,approved,15.12.2016,2016,diseases of the musculoskeletal system and connective tissue; diseases of the skin,"<rheumatoid arthritis>; <arthritis, juvenile>; <arthritis, psoriatic>; <spondylitis, ankylosing>; <psoriasis>; <psoriasis>",lifmior-epar-public-assessment-report_en.pdf,biologics,lifmior,rheumatoid arthritis; juvenile idiopathic arthritis; psoriatic arthritis; ankylosing spondylitis; plaque psoriasis; paediatric plaque psoriasis,no,rheumatoid arthritis; juvenile idiopathic arthritis; psoriatic arthritis; ankylosing spondylitis; plaque psoriasis; paediatric plaque psoriasis,"<rheumatoid arthritis>; <arthritis, juvenile>; <arthritis, psoriatic>; <spondylitis, ankylosing>; <psoriasis>; <psoriasis>",pfizer limited,pfizer,ema/114647/2016,etanercept,yes,no,solution,emea/h/c/004167/0000,na,
subcutaneous,30.04.2018,2018.0,authorised,EMA,approved,26.03.2020,2020,diseases of the musculoskeletal system and connective tissue; diseases of the skin,"<rheumatoid arthritis>; <arthritis, juvenile>; <arthritis, psoriatic>; <spondylarthropathies>; <psoriasis>",nepexto-epar-public-assessment-report_en.pdf,biologics,nepexto,rheumatoid arthritis; juvenile idiopathic arthritis; psoriatic arthritis; axial spondyloarthritis; plaque psoriasis; paediatric plaque psoriasis,no,rheumatoid arthritis; juvenile idiopathic arthritis; psoriatic arthritis; axial spondyloarthritis; plaque psoriasis; paediatric plaque psoriasis,"<rheumatoid arthritis>; <arthritis, juvenile>; <arthritis, psoriatic>; <spondylarthropathies>; <psoriasis>",mylan ire healthcare limited,mylan,ema/212524/2020,etanercept,no,no,solution,emea/h/c/004711/0000,na,
subcutaneous,,,authorised,TGA,approved,16.02.2010,2010,diseases of the skin,<psoriasis>,auspar-enbrel.pdf,biologics,enbrel,"treatment of adult patients with moderate to severe chronic plaque psoriasis, who are candidates for phototherapy or systemic therapy",yes,"treatment of adult patients with moderate to severe chronic plaque psoriasis, who are candidates for phototherapy or systemic therapy",<psoriasis>,wyeth australia pty ltd,wyeth,,etanercept,yes,no,powder; diluent; solution,pm-2008-03723-3-4,,
subcutaneous,,,authorised,TGA,approved,22.12.2011,2011,diseases of the skin,<plaque psoriasis>,auspar-etanercept-120319.pdf,biologics,enbrel,"treatment of chronic, severe plaque psoriasis in children and adolescents from age 4 to 17 years, who are inadequately controlled by, or are intolerant to, other systemic therapies or phototherapies. duration of therapy to be no longer than 24 weeks and treatment to be ceased after 12 weeks if a significant pasi response is not achieved.",yes,"treatment of chronic, moderate to severe plaque psoriasis in children and adolescents from the age of 6 years who are inadequately controlled by, or are intolerant to, other systemic therapies or phototherapies",<psoriasis>,pfizer australia pty ltd,pfizer,"90456, 107316, 124421, 124422, 157622",etanercept,yes,no,powder; solution,pm-2010-03845-3-4,,
injection,06.02.2013,2013.0,authorised,TGA,approved,12.02.2014,2014,diseases of the musculoskeletal system and connective tissue,"<arthritis, juvenile>",auspar-etanercept-140424.pdf,biologics,enbrel,juvenile idiopathic arthritis,yes,juvenile idiopathic arthritis,"<arthritis, juvenile>",pfizer australia pty ltd,pfizer,"90456, 107316, 124421, 124422, 157627",etanercept,yes,no,powder; diluent; solution,pm-2012-04135-1-3,,
subcutaneous,,,authorised,TGA,approved,17.04.2015,2015,diseases of the musculoskeletal system and connective tissue,"<arthritis, spondylarthritis>",auspar-etanercept-150923.pdf,biologics,enbrel,treatment of adults with active non-radiographic axial spondyloarthritis with objective signs of inflammation as indicated by elevated c-reactive protein (crp) and/or mri change who have had an inadequate response to nsaids.,yes,treatment of adults with active non-radiographic axial spondyloarthritis who have had an inadequate response to conventional therapy.,"<arthritis, spondylarthritis>",pfizer australia pty ltd,pfizer,"107361, 124421, 157622, 90456 and 124422",etanercept,yes,no,solution,pm-2013-04552-1-3,,
subcutaneous,30.11.2016,2016.0,authorised,TGA,approved,18.10.2017,2017,diseases of the musculoskeletal system and connective tissue; diseases of the skin,"<rheumatoid arthritis>; <arthritis, psoriatic>; <psoriasis>; <spondylitis, ankylosing>; <spondylarthropathies>; <arthritis, juvenile>; <psoriasis>",auspar-etanercept-180907.pdf,biologics,erelzi,rheumatoid arthritis; psoriatic arthritis; plaque psoriasis; ankylosing spondylitis; non-radiographic axial spondyloarthritis; polyarticular juvenile idiopathic arthritis; paediatric plaque psoriasis,no,rheumatoid arthritis; psoriatic arthritis; plaque psoriasis; ankylosing spondylitis; non-radiographic axial spondyloarthritis; polyarticular juvenile idiopathic arthritis; paediatric plaque psoriasis,"<rheumatoid arthritis>; <arthritis, psoriatic>; <psoriasis>; <spondylitis, ankylosing>; <spondylarthritis>; <arthritis, juvenile>; <psoriasis>",novartis pharmaceuticals australia pty ltd,novartis,"281780, 281783, 281784",etanercept,yes,no,solution,pm-2016-03159-1-1,,
subcutaneous,31.10.2018,2018.0,authorised,TGA,approved,28.01.2020,2020,diseases of the musculoskeletal system and connective tissue; diseases of the skin; diseases of the blood and blood-forming organs,"<rheumatoid arthritis>; <arthritis, psoriatic>; <psoriasis>; <spondylitis, ankylosing>; <spondylarthritis>; <arthritis, juvenile>; <psoriasis>",auspar-etanercept-210224.pdf,biologics,rymti/etera,"rheumatoid arthritis, psoriatic arthritis, plaque psoriasis, ankylosing spondylitis, non-radiographic axial spondyloarthritis, juvenile idiopathic arthritis, paediatric plaque psoriasis",no,"rheumatoid arthritis, psoriatic arthritis, plaque psoriasis, ankylosing spondylitis, non-radiographic axial spondyloarthritis, juvenile idiopathic arthritis, paediatric plaque psoriasis","<rheumatoid arthritis>; <arthritis, psoriatic>; <psoriasis>; <spondylitis, ankylosing>; <spondyloarthritis>; <arthritis, juvenile>; <psoriasis>",lupin australia pty ltd,lupin,"309829, 309831, 309830, 309834",etanercept,no,no,solution,pm-2018-03223-1-3,na,
subcutaneous,,,authorised,TGA,approved,15.07.2016,2016,diseases of the musculoskeletal system and connective tissue; diseases of the skin,"<rheumatoid arthritis>; <arthritis, psoriatic>; <psoriasis>; <spondylitis, ankylosing>; <spondyloarthritis, axial>",auspar-etanercept-rch_3.pdf,biologics,brenzys,rheumatoid arthritis; psoriatic arthritis; plaque psoriasis; ankylosing spondylitis; non-radiographic axial spondyloarthritis,no,rheumatoid arthritis; psoriatic arthritis; plaque psoriasis; ankylosing spondylitis; non-radiographic axial spondyloarthritis,"<rheumatoid arthritis>; <arthritis, psoriatic>; <psoriasis>; <spondylitis, ankylosing>; <spondyloarthritis, axial>",samsung bioepis au pty ltd,samsung,245252; 245253,etanercept,no,no,solution,pm-2015-01528-1-3,na,
intravenous; subcutaneous,24.03.2014,2014.0,authorised,EMA,approved,24.07.2014,2014,neoplasms; diseases of the blood and blood-forming organs; infectious and parasitic diseases,<neutropenia>; <febrile neutropenia>; <malignant neoplasms>; <chronic myeloid leukemia>; <myelodysplastic syndromes>; <severe congenital neutropenia>; <cyclic neutropenia>; <idiopathic neutropenia>; <hiv infections>,accofil-epar-public-assessment-report_en.pdf,biologics,accofil,"for the reduction in the duration of neutropenia and the incidence of febrile neutropenia in patients treated with established cytotoxic chemotherapy for malignancy (with the exception of chronic myeloid leukaemia and myelodysplastic syndromes) and for the reduction in the duration of neutropenia in patients undergoing myeloablative therapy followed by bone marrow transplantation considered to be at increased risk of prolonged severe neutropenia; for the mobilisation of peripheral blood progenitor cells (pbpcs); in patients, children or adults with severe congenital, cyclic, or idiopathic neutropenia with an absolute neutrophil count (anc) of ≤ 0.5 x 109/l, and a history of severe or recurrent infections, long term administration of accofil is indicated to increase neutrophil counts and to reduce the incidence and duration of infection-related events; for the treatment of persistent neutropenia (anc less than or equal to 1.0 x 109/l) in patients with advanced hiv infection, in order to reduce the risk of bacterial infections when other options to manage neutropenia are inappropriate.",no,"for the reduction in the duration of neutropenia and the incidence of febrile neutropenia in patients treated with established cytotoxic chemotherapy for malignancy (with the exception of chronic myeloid leukaemia and myelodysplastic syndromes) and for the reduction in the duration of neutropenia in patients undergoing myeloablative therapy followed by bone marrow transplantation considered to be at increased risk of prolonged severe neutropenia; for the mobilisation of peripheral blood progenitor cells (pbpcs); in patients, children or adults with severe congenital, cyclic, or idiopathic neutropenia with an absolute neutrophil count (anc) of ≤ 0.5 x 109/l, and a history of severe or recurrent infections, long term administration of accofil is indicated to increase neutrophil counts and to reduce the incidence and duration of infection-related events; for the treatment of persistent neutropenia (anc less than or equal to 1.0 x 109/l) in patients with advanced hiv infection, in order to reduce the risk of bacterial infections when other options to manage neutropenia are inappropriate.",<neutropenia>; <febrile neutropenia>; <malignant neoplasms>; <chronic myeloid leukemia>; <myelodysplastic syndromes>; <severe congenital neutropenia>; <cyclic neutropenia>; <idiopathic neutropenia>; <hiv infections>,accord healthcare ltd,accord,ema/chmp/603430/2014,filgrastim,no,no,solution,emea/h/c/003956,na,
subcutaneous; intravenous,29.01.2007,2007.0,withdrawn,EMA,approved,24.07.2008,2008,neoplasms; diseases of the blood and blood-forming organs,<neutropenia>; <febrile neutropenia>,biograstim-epar-public-assessment-report_en.pdf,biologics,biograstim,reduction in the duration of neutropenia and the incidence of febrile neutropenia in patients treated with established cytotoxic chemotherapy for malignancy and for the reduction in the duration of neutropenia in patients undergoing myeloablative therapy followed by bone marrow transplantation.,no,reduction in the duration of neutropenia and the incidence of febrile neutropenia in patients treated with established cytotoxic chemotherapy for malignancy and for the reduction in the duration of neutropenia in patients undergoing myeloablative therapy followed by bone marrow transplantation.,<neutropenia>; <febrile neutropenia>,ct arzneimittel gmbh,ct arzneimittel,ema/494720/2008,filgrastim,no,no,solution,emea/h/c/826,na,
subcutaneous,06.09.2007,2007.0,authorised,EMA,approved,20.11.2008,2008,neoplasms; diseases of the blood and blood-forming organs; infectious and parasitic diseases,<neutropenia>; <febrile neutropenia>; <malignant neoplasms>; <chronic myeloid leukemia>; <myelodysplastic syndromes>; <severe congenital neutropenia>; <cyclic neutropenia>; <idiopathic neutropenia>; <hiv infections>,filgrastim-hexal-epar-public-assessment-report_en.pdf,biologics,filgrastim hexal,"reduction in the duration of neutropenia and the incidence of febrile neutropenia in patients treated with established cytotoxic chemotherapy for malignancy (with the exception of chronic myeloid leukaemia and myelodysplastic syndromes) and reduction in the duration of neutropenia in patients undergoing myeloablative therapy followed by bone marrow transplantation considered to be at increased risk of prolonged severe neutropenia; mobilisation of peripheral blood progenitor cells; in children and adults with severe congenital, cyclic, or idiopathic neutropenia with an absolute neutrophil count (anc) of ≤ 0.5 x 10^9/l, and a history of severe or recurrent infections, long term administration of filgrastim is indicated to increase neutrophil counts and to reduce the incidence and duration of infection-related events; treatment of persistent neutropenia (anc ≤ 1.0 x 10^9/l) in patients with advanced hiv infection, in order to reduce the risk of bacterial infections when other therapeutic options are inappropriate.",no,"reduction in the duration of neutropenia and the incidence of febrile neutropenia in patients treated with established cytotoxic chemotherapy for malignancy (with the exception of chronic myeloid leukaemia and myelodysplastic syndromes) and reduction in the duration of neutropenia in patients undergoing myeloablative therapy followed by bone marrow transplantation considered to be at increased risk of prolonged severe neutropenia; mobilisation of peripheral blood progenitor cells; in patients (children or adults) with severe congenital, cyclic, or idiopathic neutropenia with an absolute neutrophil count (anc) of ≤ 0.5 x 10^9/l, and a history of severe or recurrent infections, long term administration is indicated to increase neutrophil counts and to reduce the incidence and duration of infection-related events; treatment of persistent neutropenia (anc ≤ 1.0 x 10^9/l) in patients with advanced hiv infection, in order to reduce the risk of bacterial infections when other therapeutic options are inappropriate.",<neutropenia>; <febrile neutropenia>; <malignant neoplasms>; <chronic myeloid leukemia>; <myelodysplastic syndromes>; <severe congenital neutropenia>; <cyclic neutropenia>; <idiopathic neutropenia>; <hiv infections>,hexal ag,hexal,,filgrastim,no,no,solution,emea/h/c/918,na,
subcutaneous; intravenous,29.01.2007,2007.0,withdrawn,EMA,approved,24.07.2008,2008,neoplasms; diseases of the blood and blood-forming organs,<neutropenia>; <febrile neutropenia>,filgrastim-ratiopharm-epar-public-assessment-report_en.pdf,biologics,filgrastim ratiopharm,reduction in the duration of neutropenia and the incidence of febrile neutropenia in patients treated with established cytotoxic chemotherapy for malignancy and for the reduction in the duration of neutropenia in patients undergoing myeloablative therapy followed by bone marrow transplantation.,no,reduction in the duration of neutropenia and the incidence of febrile neutropenia in patients treated with established cytotoxic chemotherapy for malignancy and for the reduction in the duration of neutropenia in patients undergoing myeloablative therapy followed by bone marrow transplantation.,<neutropenia>; <febrile neutropenia>,ratiopharm gmbh,ratiopharm,ema/501324/2008,filgrastim,no,no,solution,emea/h/c/824,na,
intravenous; subcutaneous,30.04.2012,2012.0,authorised,EMA,approved,25.07.2013,2013,neoplasms; diseases of the blood and blood-forming organs; infectious and parasitic diseases,<neutropenia>; <febrile neutropenia>; <malignancy>; <chronic myeloid leukemia>; <myelodysplastic syndromes>; <hiv infections>,grastofil-epar-public-assessment-report_en.pdf,biologics,grastofil,reduction in the duration of neutropenia and the incidence of febrile neutropenia in adult patients treated with established cytotoxic chemotherapy for malignancy (with the exception of chronic myeloid leukaemia and myelodysplastic syndromes) and for the reduction in the duration of neutropenia in adult patients undergoing myeloablative therapy followed by bone marrow transplantation considered to be at increased risk of prolonged severe neutropenia. mobilisation of peripheral blood progenitor cells (pbpcs) in adults. treatment of persistent neutropenia in adults with advanced hiv infection.,no,reduction in the duration of neutropenia and the incidence of febrile neutropenia in patients treated with established cytotoxic chemotherapy for malignancy (with the exception of chronic myeloid leukaemia and myelodysplastic syndromes) and for the reduction in the duration of neutropenia in patients undergoing myeloablative therapy followed by bone marrow transplantation considered to be at increased risk of prolonged severe neutropenia. mobilisation of peripheral blood progenitor cells (pbpc). treatment of persistent neutropenia in patients with advanced hiv infection.,<neutropenia>; <febrile neutropenia>; <hiv infections>,apotex europe b.v.,apotex,ema/303037/2013,filgrastim,no,no,solution,emea/h/c/2150,na,
subcutaneous; intravenous,27.02.2009,2009.0,authorised,EMA,approved,18.03.2010,2010,neoplasms; diseases of the blood and blood-forming organs; infectious and parasitic diseases,<neutropenia>; <febrile neutropenia>; <malignant neoplasms>; <chronic myeloid leukemia>; <myelodysplastic syndromes>; <severe congenital neutropenia>; <cyclic neutropenia>; <idiopathic neutropenia>; <hiv infections>,nivestim-epar-public-assessment-report_en.pdf,biologics,nivestim,"filgrastim is indicated for the reduction in the duration of neutropenia and the incidence of febrile neutropenia in patients treated with established cytotoxic chemotherapy for malignancy (with the exception of chronic myeloid leukaemia and myelodysplastic syndromes) and for the reduction in the duration of neutropenia in patients undergoing myeloablative therapy followed by bone marrow transplantation considered to be at increased risk of prolonged severe neutropenia. the safety and efficacy of filgrastim are similar in adults and children receiving cytotoxic chemotherapy. filgrastim is indicated for the mobilisation of peripheral blood progenitor cells (pbpc). in patients, children or adults, with severe congenital, cyclic, or idiopathic neutropenia with an absolute neutrophil count (anc) of ≤ 0.5 x 10^9 /l and a history of severe or recurrent infections, long term administration of filgrastim is indicated to increase neutrophil counts and to reduce the incidence and duration of infection-related events. filgrastim is indicated for the treatment of persistent neutropenia (anc ≤ 1.0 x 10^9 /l) in patients with advanced hiv infection, in order to reduce the risk of bacterial infections when other options to manage neutropenia are inappropriate.",no,"filgrastim is indicated for the reduction in the duration of neutropenia and the incidence of febrile neutropenia in patients treated with established cytotoxic chemotherapy for malignancy (with the exception of chronic myeloid leukaemia and myelodysplastic syndromes) and for the reduction in the duration of neutropenia in patients undergoing myeloablative therapy followed by bone marrow transplantation considered to be at increased risk of prolonged severe neutropenia. the safety and efficacy of filgrastim are similar in adults and children receiving cytotoxic chemotherapy. filgrastim is indicated for the mobilisation of peripheral blood progenitor cells (pbpc). in patients, children or adults, with severe congenital, cyclic, or idiopathic neutropenia with an absolute neutrophil count (anc) of ≤ 0.5 x 10^9 /l and a history of severe or recurrent infections, long term administration of filgrastim is indicated to increase neutrophil counts and to reduce the incidence and duration of infection-related events. filgrastim is indicated for the treatment of persistent neutropenia (anc ≤ 1.0 x 10^9 /l) in patients with advanced hiv infection, in order to reduce the risk of bacterial infections when other options to manage neutropenia are inappropriate.",<neutropenia>; <febrile neutropenia>; <malignant neoplasms>; <chronic myeloid leukemia>; <myelodysplastic syndromes>; <severe congenital neutropenia>; <cyclic neutropenia>; <idiopathic neutropenia>; <hiv infections>,hospira uk ltd.,hospira,ema/262762/2010,filgrastim,no,no,solution,emea/h/c/001142,na,
subcutaneous; intravenous,29.01.2007,2007.0,authorised,EMA,approved,24.07.2008,2008,neoplasms; diseases of the blood and blood-forming organs,<neutropenia>; <febrile neutropenia>,ratiograstim-epar-public-assessment-report_en.pdf,biologics,ratiograstim,reduction in the duration of neutropenia and the incidence of febrile neutropenia in patients treated with established cytotoxic chemotherapy for malignancy and in patients undergoing myeloablative therapy followed by bone marrow transplantation.,no,reduction in the duration of neutropenia and the incidence of febrile neutropenia in patients treated with established cytotoxic chemotherapy for malignancy and in patients undergoing myeloablative therapy followed by bone marrow transplantation.,<neutropenia>; <febrile neutropenia>,ratiopharm gmbh,ratiopharm,ema/502481/2008,filgrastim,no,no,solution,emea/h/c/825,na,
subcutaneous; intravenous,29.01.2007,2007.0,authorised,EMA,approved,24.07.2008,2008,neoplasms; diseases of the blood and blood-forming organs,<neutropenia>; <febrile neutropenia>,tevagrastim-epar-public-assessment-report_en.pdf,biologics,tevagrastim,reduction in the duration of neutropenia and the incidence of febrile neutropenia in patients treated with established cytotoxic chemotherapy for malignancy and for the reduction in the duration of neutropenia in patients undergoing myeloablative therapy followed by bone marrow transplantation.,no,reduction in the duration of neutropenia and the incidence of febrile neutropenia in patients treated with established cytotoxic chemotherapy for malignancy and for the reduction in the duration of neutropenia in patients undergoing myeloablative therapy followed by bone marrow transplantation.,<neutropenia>; <febrile neutropenia>,teva generics gmbh,teva,ema/503293/2008,filgrastim,no,no,solution,emea/h/c/827,na,
subcutaneous; intravenous,06.09.2007,2007.0,authorised,EMA,approved,20.11.2008,2008,neoplasms; diseases of the blood and blood-forming organs; infectious and parasitic diseases,<neutropenia>; <febrile neutropenia>; <malignant neoplasms>; <chronic myeloid leukemia>; <myelodysplastic syndromes>; <severe congenital neutropenia>; <cyclic neutropenia>; <idiopathic neutropenia>; <hiv infections>,zarzio-epar-public-assessment-report_en.pdf,biologics,zarzio,"reduction in the duration of neutropenia and the incidence of febrile neutropenia in patients treated with established cytotoxic chemotherapy for malignancy (with the exception of chronic myeloid leukaemia and myelodysplastic syndromes) and reduction in the duration of neutropenia in patients undergoing myeloablative therapy followed by bone marrow transplantation considered to be at increased risk of prolonged severe neutropenia; mobilisation of peripheral blood progenitor cells; in children and adults with severe congenital, cyclic, or idiopathic neutropenia with an absolute neutrophil count (anc) of ≤ 0.5 x 109/l, and a history of severe or recurrent infections, long term administration of filgrastim is indicated to increase neutrophil counts and to reduce the incidence and duration of infection-related events; treatment of persistent neutropenia (anc ≤ 1.0 x 109/l) in patients with advanced hiv infection, in order to reduce the risk of bacterial infections when other therapeutic options are inappropriate.",no,"reduction in the duration of neutropenia and the incidence of febrile neutropenia in patients treated with established cytotoxic chemotherapy for malignancy (with the exception of chronic myeloid leukaemia and myelodysplastic syndromes) and reduction in the duration of neutropenia in patients undergoing myeloablative therapy followed by bone marrow transplantation considered to be at increased risk of prolonged severe neutropenia; mobilisation of peripheral blood progenitor cells; in patients (children or adults) with severe congenital, cyclic, or idiopathic neutropenia with an absolute neutrophil count (anc) of ≤ 0.5 x 109/l, and a history of severe or recurrent infections, long term administration is indicated to increase neutrophil counts and to reduce the incidence and duration of infection-related events; treatment of persistent neutropenia (anc ≤ 1.0 x 109/l) in patients with advanced hiv infection, in order to reduce the risk of bacterial infections when other therapeutic options are inappropriate.",<neutropenia>; <febrile neutropenia>; <malignant neoplasms>; <chronic myeloid leukemia>; <myelodysplastic syndromes>; <severe congenital neutropenia>; <cyclic neutropenia>; <idiopathic neutropenia>; <hiv infections>,sandoz gmbh,sandoz,,filgrastim,no,no,solution,emea/h/c/000917,na,
subcutaneous,10.11.2023,2023.0,authorised (under additional monitoring),EMA,approved,12.12.2024,2024,neoplasms; diseases of the blood and blood-forming organs; infectious and parasitic diseases,<neutropenia>; <febrile neutropenia>; <malignant neoplasms>; <hiv infections>,zefylti-epar-public-assessment-report_en.pdf,biologics,zefylti,reduction in the duration of neutropenia and the incidence of febrile neutropenia in patients treated with established cytotoxic chemotherapy for malignancy (with the exception of chronic myeloid leukaemia and myelodysplastic syndromes) and for the reduction in the duration of neutropenia in patients undergoing myeloablative therapy followed by bone marrow transplantation considered to be at increased risk of prolonged severe neutropenia. mobilisation of peripheral blood progenitor cells (pbpcs). treatment of persistent neutropenia in patients with advanced hiv infection.,no,reduction in the duration of neutropenia and the incidence of febrile neutropenia in patients treated with established cytotoxic chemotherapy for malignancy (with the exception of chronic myeloid leukaemia and myelodysplastic syndromes) and for the reduction in the duration of neutropenia in patients undergoing myeloablative therapy followed by bone marrow transplantation considered to be at increased risk of prolonged severe neutropenia. mobilisation of peripheral blood progenitor cells (pbpcs). treatment of persistent neutropenia in patients with advanced hiv infection.,<neutropenia>; <febrile neutropenia>; <hiv infections>,curateq biologics s.r.o.,curateq,ema/1684/2025,filgrastim,no,no,solution,emea/h/c/006400/0000,na,
subcutaneous; intravenous,,,authorised,TGA,approved,02.05.2013,2013,neoplasms; diseases of the blood and blood-forming organs; infectious and parasitic diseases,<neutropenia>,auspar-filgrastim-131003.pdf,biologics,zarzio,"to decrease the incidence of infection, as manifested by febrile neutropenia, in patients with non-myeloid malignancies receiving myelosuppressive anticancer drugs in doses not usually requiring bone marrow transplantation.",no,"to decrease the incidence of infection, as manifested by febrile neutropenia, in patients with non-myeloid malignancies receiving myelosuppressive anticancer drugs in doses not usually requiring bone marrow transplantation.",<neutropenia>,sandoz pty ltd,sandoz,195065 and 195066,filgrastim,no,no,solution,pm-2011-03860-3-4,na,
subcutaneous; intravenous,,,authorised,TGA,approved,13.09.2010,2010,neoplasms; diseases of the blood and blood-forming organs; infectious and parasitic diseases,<neoplasms>; <acute myeloid leukemia>; <neutropenia>; <hiv infections>,auspar-nivestim.pdf,biologics,nivestim,to decrease the incidence of infection in patients with non-myeloid malignancies receiving myelosuppressive anti-cancer drugs; for reducing the duration of neutropenia in patients undergoing chemotherapy for acute myeloid leukaemia; for the mobilisation of peripheral blood progenitor cells; for reducing the duration of neutropenia following bone marrow transplantation; for chronic administration to increase neutrophil counts in patients with severe chronic neutropenia; in patients with hiv infection for reversal of neutropenia.,no,to decrease the incidence of infection in patients with non-myeloid malignancies receiving myelosuppressive anti-cancer drugs; for reducing the duration of neutropenia in patients undergoing chemotherapy for acute myeloid leukaemia; for the mobilisation of peripheral blood progenitor cells; for reducing the duration of neutropenia following bone marrow transplantation; for chronic administration to increase neutrophil counts in patients with severe chronic neutropenia; in patients with hiv infection for reversal of neutropenia.,"<neoplasms>; <leukemia, myeloid, acute>; <hiv infections>",hospira pty ltd,hospira,"160106, 160108, 160107",filgrastim,no,no,solution,pm-2009-00676-3-4,na,
subcutaneous; intravenous,,,authorised,TGA,approved,16.08.2011,2011,neoplasms; diseases of the blood and blood-forming organs; infectious and parasitic diseases,"<neoplasms>; <leukemia, myeloid, acute>; <neutropenia>; <hiv infections>",auspar-tevagrastim-1.pdf,biologics,tevagrastim,to decrease the incidence of infection in patients with nonmyeloid malignancies receiving myelosuppressive anticancer drugs; to reduce the duration of neutropenia in patients undergoing chemotherapy for acute myeloid leukaemia; for the mobilisation of peripheral blood progenitor cells; to reduce the duration of neutropenia following bone marrow transplantation; for chronic administration to increase neutrophil counts in patients with severe chronic neutropenia; in patients with hiv infection for reversal of neutropenia.,no,to decrease the incidence of infection in patients with nonmyeloid malignancies receiving myelosuppressive anticancer drugs; to reduce the duration of neutropenia in patients undergoing chemotherapy for acute myeloid leukaemia; for the mobilisation of peripheral blood progenitor cells; to reduce the duration of neutropenia following bone marrow transplantation; for chronic administration to increase neutrophil counts in patients with severe chronic neutropenia; in patients with hiv infection for reversal of neutropenia.,"<neoplasms>; <leukemia, myeloid, acute>; <neutropenia>; <hiv infections>",aspen pharmacare australia pty ltd,aspen,163657 and 163677,filgrastim,no,no,solution,pm-2009-1996-3-4,na,
intravenous,03.09.2014,2014.0,withdrawn,EMA,approved,21.05.2015,2015,neoplasms; diseases of the respiratory system,<lung neoplasms>,nivolumab-bms-epar-public-assessment-report_en.pdf,biologics,nivolumab bms,treatment of locally advanced or metastatic squamous nsclc after prior chemotherapy in adults,no,treatment of locally advanced or metastatic non-small cell lung cancer (nsclc) after prior chemotherapy,<lung neoplasms>,bristol-myers squibb pharma eeig,bristol-myers squibb,ema/chmp/392114/2015,nivolumab,no,no,solution,emea/h/c/003840/0000,na,
intravenous,02.09.2014,2014.0,authorised,EMA,approved,23.04.2015,2015,neoplasms; diseases of the skin,<melanoma>,opdivo-epar-public-assessment-report_en.pdf,biologics,opdivo,treatment of advanced (unresectable or metastatic) melanoma in adults,no,treatment of advanced (unresectable or metastatic) melanoma in adults,<melanoma>,bristol-myers squibb pharma eeig,bristol-myers squibb,ema/chmp/76688/2015,nivolumab,no,no,concentrate,emea/h/c/003985/0000,na,
intravenous,24.12.2013,2013.0,authorised,PMDA,approved,26.06.2014,2014,neoplasms,<melanoma>,000209430.pdf,biologics,opdivo,treatment of unresectable malignant melanoma,no,malignant melanoma,<melanoma>,"ono pharmaceutical co., ltd.",ono,000209430,nivolumab,no,yes,injection,,na,
intravenous,21.07.2015,2015.0,authorised,PMDA,approved,30.11.2015,2015,neoplasms; diseases of the respiratory system,<melanoma>; <lung neoplasms>,000216478.pdf,biologics,opdivo,"treatment of unresectable malignant melanoma; treatment of unresectable, advanced or recurrent non-small cell lung cancer",yes,"treatment of unresectable malignant melanoma; treatment of unresectable, advanced or recurrent non-small cell lung cancer",<melanoma>; <lung neoplasms>,"ono pharmaceutical co., ltd.",ono,000216478,nivolumab,yes,no,injection,,,
intravenous,18.03.2016,2016.0,authorised,PMDA,approved,11.11.2016,2016,neoplasms; diseases of the blood and blood-forming organs,<classical hodgkin lymphoma>,000223200.pdf,biologics,opdivo,treatment of relapsed or refractory classical hodgkin lymphoma,yes,treatment of relapsed or refractory classical hodgkin lymphoma,<classical hodgkin lymphoma>,"ono pharmaceutical co., ltd.",ono,000223200,nivolumab,yes,yes,injection,,,
intravenous,27.07.2016,2016.0,authorised,PMDA,approved,,2017,neoplasms,<head and neck neoplasms>,000223201.pdf,biologics,opdivo,treatment of recurrent or distant metastatic head and neck cancer,yes,treatment of recurrent or distant metastatic head and neck cancer,<head and neck neoplasms>,"ono pharmaceutical co., ltd.",ono,000223201,nivolumab,yes,no,injection,,,
intravenous,11.12.2015,2015.0,authorised,PMDA,approved,05.08.2016,2016,neoplasms; diseases of the genitourinary system,<renal cell carcinoma>,000223202.pdf,biologics,opdivo,treatment of unresectable or metastatic renal cell carcinoma,yes,treatment of unresectable or metastatic renal cell carcinoma,<renal cell carcinoma>,"ono pharmaceutical co., ltd.",ono,000223202,nivolumab,yes,no,injection,,,
intravenous,27.12.2016,2016.0,authorised,PMDA,approved,22.08.2017,2017,neoplasms; diseases of the digestive system,<gastric cancer>,000223203.pdf,biologics,opdivo,treatment of unresectable advanced or recurrent gastric cancer that has progressed after cancer chemotherapy,yes,treatment of unresectable advanced or recurrent gastric cancer,<gastric cancer>,"ono pharmaceutical co., ltd.",ono,000223203,nivolumab,yes,no,injection,,,
intravenous,29.09.2017,2017.0,authorised,PMDA,approved,13.04.2018,2018,neoplasms; diseases of the respiratory system; diseases of the genitourinary system; diseases of the blood and blood-forming organs,"<melanoma>; <lung neoplasms>; <carcinoma, renal cell>; <hodgkin disease>; <head and neck neoplasms>; <stomach neoplasms>",000232984.pdf,biologics,opdivo,"treatment of unresectable malignant melanoma; treatment of unresectable, advanced or recurrent non-small cell lung cancer; treatment of unresectable or metastatic renal cell carcinoma; treatment of relapsed or refractory classical hodgkin lymphoma; treatment of recurrent or distant metastatic head and neck cancer; treatment of unresectable, advanced or recurrent gastric cancer that has progressed after cancer chemotherapy",yes,treatment of unresectable malignant melanoma,<melanoma>,"ono pharmaceutical co., ltd.",ono,000232984,nivolumab,yes,yes,injection,,,
intravenous,22.12.2017,2017.0,authorised,PMDA,approved,03.08.2018,2018,neoplasms; diseases of the respiratory system; diseases of the digestive system,"<melanoma>; <lung neoplasms>; <carcinoma, renal cell>; <hodgkin disease>; <head and neck neoplasms>; <stomach neoplasms>; <mesothelioma>",000233403.pdf,biologics,opdivo,"treatment of unresectable malignant melanoma; treatment of unresectable, advanced or recurrent non-small cell lung cancer; treatment of unresectable or metastatic renal cell carcinoma; treatment of relapsed or refractory classical hodgkin lymphoma; treatment of recurrent or distant metastatic head and neck cancer; treatment of unresectable, advanced or recurrent gastric cancer that has progressed after cancer chemotherapy; treatment of unresectable, advanced or recurrent malignant pleural mesothelioma that has progressed after cancer chemotherapy",yes,,not reported,"ono pharmaceutical co., ltd.",ono,000233403,nivolumab,yes,yes,infusion,,,
intravenous,28.03.2019,2019.0,authorised,PMDA,approved,09.01.2020,2020,neoplasms; diseases of the digestive system,<colorectal neoplasms>; <esophageal neoplasms>,000241165.pdf,biologics,opdivo,"treatment of unresectable, advanced or recurrent microsatellite instability-high (msi-high) colorectal cancer that has progressed after cancer chemotherapy; treatment of unresectable, advanced or recurrent esophageal cancer that has progressed after cancer chemotherapy",yes,"treatment of unresectable, advanced or recurrent microsatellite instability-high (msi-high) colorectal cancer that has progressed after cancer chemotherapy; treatment of unresectable, advanced or recurrent esophageal cancer that has progressed after cancer chemotherapy",<colorectal neoplasms>; <esophageal neoplasms>,"ono pharmaceutical co., ltd.",ono,000241165,nivolumab,yes,no,injection,,,
intravenous,12.11.2019,2019.0,authorised,PMDA,approved,15.07.2020,2020,neoplasms; diseases of the digestive system,<colorectal neoplasms>,000244664.pdf,biologics,opdivo,"unresectable, advanced or recurrent microsatellite instability-high (msi-high) colorectal cancer that has progressed after cancer chemotherapy",yes,"unresectable, advanced or recurrent microsatellite instability-high (msi-high) colorectal cancer that has progressed after cancer chemotherapy",<colorectal neoplasms>,"ono pharmaceutical co., ltd.",ono,000244664,nivolumab,yes,no,injection,,,
intravenous,10.12.2020,2020.0,authorised,PMDA,approved,,2021,neoplasms; diseases of the digestive system,<gastric cancer>; <esophageal neoplasms>,000246571.pdf,biologics,opdivo,"treatment of unresectable, advanced or recurrent gastric cancer; adjuvant therapy of esophageal cancer",yes,"treatment of unresectable, advanced or recurrent gastric cancer previously untreated with chemotherapy; adjuvant therapy of esophageal cancer",<gastric neoplasms>; <esophageal neoplasms>,"ono pharmaceutical co., ltd.",ono,000246571,nivolumab,yes,no,injection,,,
intravenous,06.01.2015,2015.0,authorised,TGA,approved,07.01.2016,2016,neoplasms; diseases of the respiratory system,<melanoma>,auspar-nivolumab-160823.pdf,biologics,opdivo,treatment of patients with unresectable or metastatic melanoma,no,treatment of patients with unresectable or metastatic melanoma or squamous cell non-small cell lung cancer (sq nsclc),"<melanoma>; <carcinoma, non-small-cell lung>",bristol-myers squibb australia pty ltd,bristol-myers squibb,231867; 231868,nivolumab,no,no,concentrate,pm-2014-03852-1-4,na,
intravenous,,,authorised,TGA,approved,16.11.2016,2016,neoplasms; diseases of the genitourinary system,<renal cell carcinoma>,auspar-nivolumab-171026.pdf,biologics,opdivo,treatment of patients with advanced clear cell renal cell carcinoma after prior anti-angiogenic therapy in adults,yes,treatment of patients with advanced renal cell carcinoma (rcc),<renal cell carcinoma>,bristol-myers squibb australia pty ltd,bristol-myers squibb,"231867, 231868",nivolumab,yes,no,concentrate,pm-2015-03579-1-4,,
intravenous,,,authorised,TGA,approved,26.05.2017,2017,neoplasms; diseases of the blood and blood-forming organs,<hodgkin disease>,auspar-nivolumab-171031.pdf,biologics,opdivo,treatment of adult patients with relapsed or refractory classical hodgkin lymphoma (chl) after autologous stem cell transplant and treatment with brentuximab vedotin.,yes,treatment of patients with relapsed or refractory classical hodgkin lymphoma (chl) following autologous stem cell transplant and treatment with brentuximab vedotin or following at least two prior therapies in patients who are not candidates for asct.,<hodgkin disease>,bristol-myers squibb australia pty ltd,bristol-myers squibb,"231867, 231868",nivolumab,yes,no,concentrate,pm-2016-0712-1-4,,
intravenous,23.10.2017,2017.0,authorised,TGA,approved,23.04.2018,2018,neoplasms; diseases of the skin,<melanoma>,auspar-nivolumab-180806.pdf,biologics,opdivo,adjuvant treatment of patients with melanoma with involvement of lymph nodes or metastatic disease who have undergone complete resection.,yes,"adjuvant treatment of patients with completely resected stage iii or stage iv melanoma, as monotherapy.",<melanoma>,bristol-myers squibb australia pty ltd,bristol-myers squibb,231867 and 231868,nivolumab,yes,no,concentrate,pm-2017-03752-1-4,,
intravenous,31.01.2017,2017.0,authorised,TGA,approved,06.02.2018,2018,neoplasms; diseases of the genitourinary system,<urothelial carcinoma>,auspar-nivolumab-191028.pdf,biologics,opdivo,treatment of patients with locally advanced unresectable or metastatic urothelial carcinoma after prior platinum-containing therapy.,yes,treatment of patients with locally advanced unresectable or metastatic urothelial carcinoma after prior platinum-containing therapy.,<urothelial carcinoma>,bristol-myers squibb australia pty ltd,bristol-myers squibb,aust r 231867; aust r 231868,nivolumab,yes,no,concentrate,pm-2016-03898-1-4,,
intravenous,01.08.2017,2017.0,authorised,TGA,approved,17.09.2018,2018,neoplasms; diseases of the digestive system,<hepatocellular carcinoma>,auspar-nivolumab-200124.pdf,biologics,opdivo,hepatocellular carcinoma,yes,"opdivo, as monotherapy is indicated for the treatment of adult patients with hepatocellular carcinoma after prior sorafenib therapy.",<hepatocellular carcinoma>,bristol-myers squibb australia pty. ltd.,bristol-myers squibb,"231867, 231868",nivolumab,yes,no,concentrate,pm-2017-02209-1-4,,
intravenous,02.08.2021,2021.0,authorised,TGA,approved,14.07.2022,2022,neoplasms; diseases of the genitourinary system,<urothelial carcinoma>,auspar-opdivo-230606.pdf,biologics,opdivo,"opdivo, as monotherapy, is indicated for the adjuvant treatment of patients with muscle invasive urothelial carcinoma (miuc) who are at high risk of recurrence after undergoing radical resection of miuc.",yes,"opdivo, as monotherapy, is indicated for the adjuvant treatment of patients with muscle invasive urothelial carcinoma (miuc) who are at high risk of recurrence after undergoing radical resection of miuc.",<urothelial carcinoma>,bristol-myers squibb australia pty ltd,bristol-myers squibb,"231867, 231868, 318057",nivolumab,yes,no,concentrate,pm-2021-02518-1-4,,
infusion,31.03.2022,2022.0,authorised,TGA,approved,17.02.2023,2023,neoplasms; diseases of the respiratory system,<lung neoplasms>,auspar-opdivo-240903.pdf,biologics,opdivo,neoadjuvant treatment of patients with resectable non-small cell lung cancer (nsclc),yes,neoadjuvant treatment of patients with resectable non-small cell lung cancer (nsclc),<non-small cell lung carcinoma>,bristol-myers squibb australia pty ltd,bristol-myers squibb,"231867, 231868, 318057",nivolumab,yes,no,concentrate,pm-2022-00374-1-4,,
subcutaneous,31.01.2024,2024.0,authorised,EMA,approved,30.01.2025,2025,neoplasms; diseases of the blood and blood-forming organs,<neutropenia>; <febrile neutropenia>; <malignant neoplasms>,dyrupeg-epar-public-assessment-report_en.pdf,biologics,dyrupeg,reduction in the duration of neutropenia and the incidence of febrile neutropenia in adult patients treated with cytotoxic chemotherapy for malignancy (except chronic myeloid leukaemia and myelodysplastic syndromes).,no,reduction in the duration of neutropenia and the incidence of febrile neutropenia in adult patients treated with cytotoxic chemotherapy for malignancy (with the exception of chronic myeloid leukemia and myelodysplastic syndromes).,<neutropenia>; <febrile neutropenia>; <malignant neoplasms>,curateq biologics s.r.o.,curateq,ema/57953/2025,pegfilgrastim,yes,no,solution,emea/h/c/006407/0000,,
subcutaneous,03.11.2017,2017.0,authorised,EMA,approved,20.09.2018,2018,neoplasms; diseases of the blood and blood-forming organs,<neutropenia>; <febrile neutropenia>; <malignant neoplasms>,fulphila-public-assessment-report_en.pdf,biologics,fulphila,reduction in the duration of neutropenia and the incidence of febrile neutropenia in adult patients treated with cytotoxic chemotherapy for malignancy (with the exception of chronic myeloid leukaemia and myelodysplastic syndromes),no,reduction in the duration of neutropenia and the incidence of febrile neutropenia in adult patients treated with cytotoxic chemotherapy for malignancy (with the exception of chronic myeloid leukaemia and myelodysplastic syndromes),<neutropenia>; <febrile neutropenia>; <malignant neoplasms>,mylan s.a.s,mylan,ema/724003/2018,pegfilgrastim,no,no,solution,emea/h/c/004915/0000,na,
subcutaneous,06.11.2017,2017.0,authorised,EMA,approved,26.04.2019,2019,neoplasms; diseases of the blood and blood-forming organs,<neutropenia>; <febrile neutropenia>; <malignant neoplasms>,grasustek-epar-public-assessment-report_en.pdf,biologics,grasustek,reduction in the duration of neutropenia and the incidence of febrile neutropenia in adult patients treated with cytotoxic chemotherapy for malignancy (with the exception of chronic myeloid leukaemia and myelodysplastic syndromes).,no,reduction in the duration of neutropenia and the incidence of febrile neutropenia in adult patients treated with cytotoxic chemotherapy for malignancy (with the exception of chronic myeloid leukaemia and myelodysplastic syndromes).,<neutropenia>; <febrile neutropenia>; <malignant neoplasms>,juta pharma gmbh,juta,ema/chmp/323149/2019,pegfilgrastim,no,no,solution,emea/h/c/004556/0000,na,
subcutaneous,12.09.2019,2019.0,authorised,EMA,approved,17.09.2020,2020,neoplasms; diseases of the blood and blood-forming organs,<neutropenia>; <febrile neutropenia>; <malignant neoplasms>,nyvepria-epar-public-assessment-report_en.pdf,biologics,nyvepria,reduction in the duration of neutropenia and the incidence of febrile neutropenia in adult patients treated with cytotoxic chemotherapy for malignancy (with the exception of chronic myeloid leukaemia and myelodysplastic syndromes).,no,reduction in the duration of neutropenia and the incidence of febrile neutropenia in adult patients treated with cytotoxic chemotherapy for malignancy (with the exception of chronic myeloid leukaemia and myelodysplastic syndromes).,<neutropenia>; <febrile neutropenia>; <malignancy>,pfizer europe ma eeig,pfizer,ema/603684/2020,pegfilgrastim,no,no,solution,emea/h/c/005085/0000,na,
subcutaneous,30.07.2019,2019.0,authorised,EMA,approved,17.10.2019,2019,neoplasms; diseases of the blood and blood-forming organs,<neutropenia>; <febrile neutropenia>; <malignant neoplasms>,pegfilgrastim-mundipharma-epar-public-assessment-report_en.pdf,biologics,pegfilgrastim mundipharma,reduction in the duration of neutropenia and the incidence of febrile neutropenia in adult patients treated with cytotoxic chemotherapy for malignancy (with the exception of chronic myeloid leukaemia and myelodysplastic syndromes).,yes,reduction in the duration of neutropenia and the incidence of febrile neutropenia in adult patients treated with cytotoxic chemotherapy for malignancy (with the exception of chronic myeloid leukaemia and myelodysplastic syndromes).,<neutropenia>; <febrile neutropenia>; <malignant neoplasms>,mundipharma biologics s.l.,mundipharma,ema/chmp/645013/2019,pegfilgrastim,no,no,solution,emea/h/c/005312/0000,na,
subcutaneous,27.04.2017,2017.0,authorised,EMA,approved,26.07.2018,2018,neoplasms; diseases of the blood and blood-forming organs,<neutropenia>; <febrile neutropenia>; <malignant neoplasms>,pelgraz-epar-public-assessment-report_en.pdf,biologics,pelgraz,reduction in the duration of neutropenia and the incidence of febrile neutropenia in adult patients treated with cytotoxic chemotherapy for malignancy (with the exception of chronic myeloid leukaemia and myelodysplastic syndromes).,no,reduction in the duration of neutropenia and the incidence of febrile neutropenia in adult patients treated with cytotoxic chemotherapy for malignancy (with the exception of chronic myeloid leukaemia and myelodysplastic syndromes).,<neutropenia>; <febrile neutropenia>; <malignant neoplasms>,accord healthcare limited,accord,ema/595848/2018,pegfilgrastim,no,no,solution,emea/h/c/003961/0000,na,
subcutaneous,08.09.2017,2017.0,authorised,EMA,approved,20.09.2018,2018,neoplasms; diseases of the blood and blood-forming organs,<neutropenia>; <febrile neutropenia>; <malignancy>,pelmeg-epar-public-assessment-report_en.pdf,biologics,pelmeg,reduction in the duration of neutropenia and the incidence of febrile neutropenia in adult patients treated with cytotoxic chemotherapy for malignancy (with the exception of chronic myeloid leukaemia and myelodysplastic syndromes).,no,reduction in the duration of neutropenia and the incidence of febrile neutropenia in adult patients treated with cytotoxic chemotherapy for malignancy (with the exception of chronic myeloid leukaemia and myelodysplastic syndromes).,<neutropenia>; <febrile neutropenia>; <malignant neoplasms>,cinfa biotech s.l.,cinfa,ema/703393/2018,pegfilgrastim,no,no,solution,emea/h/c/004700/0000,na,
subcutaneous,05.09.2014,2014.0,withdrawn,EMA,approved,26.02.2015,2015,neoplasms,<neutropenia>; <febrile neutropenia>; <malignancy>,ristempa-epar-public-assessment-report_en.pdf,biologics,ristempa,reduction in the duration of neutropenia and the incidence of febrile neutropenia in adult patients treated with cytotoxic chemotherapy for malignancy (with the exception of chronic myeloid leukaemia and myelodysplastic syndromes).,yes,reduction in the duration of neutropenia and the incidence of febrile neutropenia in adult patients treated with cytotoxic chemotherapy for malignancy (with the exception of chronic myeloid leukaemia and myelodysplastic syndromes).,<neutropenia>; <febrile neutropenia>; <malignant neoplasms>,amgen europe b.v.,amgen,ema/187414/2015,pegfilgrastim,yes,no,solution,emea/h/c/003910/0000,,
subcutaneous,27.04.2020,2020.0,authorised (under additional monitoring),EMA,approved,27.01.2022,2022,neoplasms,<neutropenia>; <febrile neutropenia>; <malignancy>,stimufend-epar-public-assessment-report_en.pdf,biologics,stimufend,reduction in the duration of neutropenia and the incidence of febrile neutropenia in adult patients treated with cytotoxic chemotherapy for malignancy (with the exception of chronic myeloid leukaemia and myelodysplastic syndromes).,no,reduction in the duration of neutropenia and the incidence of febrile neutropenia in adult patients treated with cytotoxic chemotherapy for malignancy (with the exception of chronic myeloid leukaemia and myelodysplastic syndromes).,<neutropenia>; <febrile neutropenia>; <malignant neoplasms>,fresenius kabi deutschland gmbh,fresenius,ema/98697/2022,pegfilgrastim,no,no,solution,emea/h/c/004780/0000,na,
subcutaneous,04.11.2016,2016.0,withdrawn,EMA,approved,26.07.2018,2018,neoplasms,<neutropenia>; <febrile neutropenia>; <malignancy>,udenyca-epar-public-assessment-report_en.pdf,biologics,udenyca,reduction in the duration of neutropenia and the incidence of febrile neutropenia in adult patients treated with cytotoxic chemotherapy for malignancy (with the exception of chronic myeloid leukaemia and myelodysplastic syndromes),no,reduction in the duration of neutropenia and the incidence of febrile neutropenia in adult patients treated with cytotoxic chemotherapy for malignancy (with the exception of chronic myeloid leukaemia and myelodysplastic syndromes),<neutropenia>; <febrile neutropenia>; <malignant neoplasms>,era consulting gmbh,era consulting,ema/552721/2018,pegfilgrastim,no,no,solution,emea/h/c/004413/0000,na,
subcutaneous,06.10.2017,2017.0,authorised,EMA,approved,20.09.2018,2018,neoplasms; diseases of the blood and blood-forming organs,<neutropenia>; <febrile neutropenia>; <malignant neoplasms>,ziextenzo-epar-public-assessment-report_en.pdf,biologics,ziextenzo,reduction in the duration of neutropenia and the incidence of febrile neutropenia in adult patients treated with cytotoxic chemotherapy for malignancy (with the exception of chronic myeloid leukaemia and myelodysplastic syndromes),no,reduction in the duration of neutropenia and the incidence of febrile neutropenia in adult patients treated with cytotoxic chemotherapy for malignancy (with the exception of chronic myeloid leukaemia and myelodysplastic syndromes),<neutropenia>; <febrile neutropenia>; <malignant neoplasms>,sandoz gmbh,sandoz,ema/chmp/706001/2018,pegfilgrastim,no,no,solution,emea/h/c/004802/0000,na,
subcutaneous,01.06.2021,2021.0,authorised,TGA,approved,01.08.2022,2022,neoplasms; diseases of the blood and blood-forming organs,<neutropenia>,auspar-filpegla-230518.pdf,biologics,filpegla,"treatment of cancer patients following chemotherapy to decrease the duration of severe neutropenia and reduce the incidence of infection, as manifested by febrile neutropenia.",no,"treatment of cancer patients following chemotherapy to decrease the duration of severe neutropenia and reduce the incidence of infection, as manifested by febrile neutropenia.",<neoplasms>,cipla australia pty ltd,cipla,366760,pegfilgrastim,no,no,solution,pm-2021-00464-1-6,na,
subcutaneous,03.01.2017,2017.0,authorised,TGA,approved,06.08.2018,2018,neoplasms; diseases of the blood and blood-forming organs,<neutropenia>,auspar-pegfilgrastim-190328.pdf,biologics,fulphila,"treatment of cancer patients following chemotherapy to decrease the duration of severe neutropenia and reduce the incidence of infections, as manifested by febrile neutropenia.",no,"treatment of cancer patients following chemotherapy to decrease the duration of severe neutropenia and reduce the incidence of infections, as manifested by febrile neutropenia.",<neutropenia>,alphapharm pty ltd,alphapharm,282830,pegfilgrastim,no,no,solution,pm-2016-03834-1-4,na,
subcutaneous,28.09.2018,2018.0,authorised,TGA,approved,09.07.2019,2019,neoplasms,<neutropenia>,auspar-pegfilgrastim-191104.pdf,biologics,ziextenzo,"treatment of cancer patients following chemotherapy to decrease the duration of severe neutropenia and reduce the incidence of infection, as manifested by febrile neutropenia.",no,"treatment of cancer patients following chemotherapy to decrease the duration of severe neutropenia and reduce the incidence of infection, as manifested by febrile neutropenia.",<neoplasms>,sandoz pty ltd,sandoz,308367,pegfilgrastim,no,no,solution,pm-2018-03328-1-6,na,
intravenous,04.06.2014,2014.0,authorised,EMA,approved,21.05.2015,2015,neoplasms; diseases of the skin,<melanoma>,keytruda-epar-public-assessment-report_en.pdf,biologics,keytruda,treatment of advanced (unresectable or metastatic) melanoma in adults,no,treatment of unresectable or metastatic melanoma in adults,<melanoma>,merck sharp & dohme limited,merck sharp & dohme,ema/444458/2015,pembrolizumab,no,no,powder,emea/h/c/003820/0000,na,
intravenous,06.10.2016,2016.0,authorised,PMDA,approved,24.11.2016,2016,neoplasms; diseases of the respiratory system,<non-small-cell lung carcinoma>,000226880.pdf,biologics,keytruda,"unresectable, advanced or recurrent pd-l1 positive non-small cell lung cancer",yes,"unresectable, advanced or recurrent non-small cell lung cancer",<non-small cell lung carcinoma>,msd k.k.,msd,000226880,pembrolizumab,yes,no,injection,,,
intravenous,22.12.2015,2015.0,authorised,PMDA,approved,09.09.2016,2016,neoplasms; diseases of the skin,<melanoma>,000226881.pdf,biologics,keytruda,unresectable malignant melanoma,no,unresectable or metastatic malignant melanoma,<melanoma>,msd k.k.,msd,000226881,pembrolizumab,no,yes,injection,,na,
intravenous,30.03.2018,2018.0,authorised,PMDA,approved,29.11.2018,2018,neoplasms; diseases of the respiratory system; diseases of the blood and blood-forming organs; diseases of the genitourinary system,<melanoma>; <lung neoplasms>; <hodgkin disease>; <urothelial carcinoma>; <microsatellite instability>,000231921.pdf,biologics,keytruda,"unresectable malignant melanoma; unresectable, advanced or recurrent pd-l1 positive non-small cell lung cancer; relapsed or refractory classical hodgkin lymphoma; radically unresectable urothelial carcinoma that has progressed after cancer chemotherapy; advanced or recurrent microsatellite instability-high (msi-high) solid tumors that have progressed after cancer chemotherapy",yes,,not reported,msd k.k.,msd,000231921,pembrolizumab,yes,yes,injection,,,
intravenous,08.11.2019,2019.0,authorised,PMDA,approved,07.07.2020,2020,neoplasms; diseases of the digestive system,<esophageal squamous cell carcinoma>,000245967.pdf,biologics,keytruda,"radically unresectable, advanced or recurrent pd-l1 positive esophageal squamous cell carcinoma that has progressed after cancer chemotherapy",yes,"unresectable, advanced or recurrent esophageal cancer",<esophageal neoplasms>,msd k.k.,msd,000245967,pembrolizumab,yes,no,injection,,,
intravenous,31.10.2016,2016.0,authorised,TGA,approved,01.09.2017,2017,neoplasms; diseases of the blood and blood-forming organs,<hodgkin disease>,auspar-keytruda-180530.pdf,biologics,keytruda,treatment of adult patients with relapsed or refractory classical hodgkin lymphoma (chl) following autologous stem cell transplant (asct) or following at least two prior therapies when asct or multi-agent chemotherapy is not a treatment option.,yes,"treatment of patients with refractory classical hodgkin lymphoma, or those who have relapsed after 3 or more prior lines of therapy.",<classical hodgkin lymphoma>,merck sharp & dohme australia pty ltd,merck sharp & dohme,"226597, 263932",pembrolizumab,yes,no,powder; solution,pm-2016-02736-1-4,,
intravenous,24.11.2021,2021.0,authorised,TGA,approved,02.09.2022,2022,neoplasms,<breast neoplasms>,auspar-keytruda-230508.pdf,biologics,keytruda,"treatment of patients with high-risk early-stage triple-negative breast cancer (tnbc) in combination with chemotherapy as neoadjuvant treatment, and then continued as monotherapy as adjuvant treatment after surgery.",yes,"treatment of patients with high-risk early-stage triple-negative breast cancer (tnbc) in combination with chemotherapy as neoadjuvant treatment, and then continued as monotherapy as adjuvant treatment after surgery.",<breast neoplasms>,merck sharp & dohme (australia) pty ltd,merck sharp & dohme,263932,pembrolizumab,yes,no,concentrate,pm-2021-04831-1-4,,
intravenous,30.04.2020,2020.0,authorised (under additional monitoring),TGA,approved,12.07.2021,2021,neoplasms; diseases of the genitourinary system,<bladder neoplasms>,auspar-keytruda-230608.pdf,biologics,keytruda,"for the treatment of patients with bacillus calmette-guerin (bcg)-unresponsive, high-risk, non-muscle invasive bladder cancer (nmibc) with carcinoma-in-situ (cis) with or without papillary tumours who are ineligible for or have elected not to undergo cystectomy.",yes,"for the treatment of patients with bacillus calmette-guerin (bcg)-unresponsive, high-risk, non-muscle invasive bladder cancer (nmibc) with carcinoma-in-situ (cis) with or without papillary tumours who are ineligible for or have elected not to undergo cystectomy.",<urinary bladder neoplasms>,merck sharp & dohme (australia) pty ltd,merck sharp & dohme,"226597, 263932",pembrolizumab,yes,no,powder; concentrate,pm-2020-01294-1-4,,
intravenous,30.06.2020,2020.0,authorised,TGA,approved,20.10.2021,2021,neoplasms; diseases of the blood and blood-forming organs,<classical hodgkin lymphoma>,auspar-keytruda-230609.pdf,biologics,keytruda,monotherapy for the treatment of adult patients with relapsed or refractory classical hodgkin lymphoma (chl) following autologous stem cell transplant (asct) or following at least two prior therapies when asct or multi-agent chemotherapy is not a treatment option.,yes,monotherapy for the treatment of adult and paediatric patients with relapsed or refractory classical hodgkin lymphoma (chl).,<hodgkin lymphoma>,merck sharp & dohme (australia) pty ltd,merck sharp & dohme,226597 and 263932,pembrolizumab,yes,no,powder; solution,pm-2020-02312-1-6,,
intravenous,18.01.2021,2021.0,authorised,TGA,approved,16.09.2021,2021,neoplasms; diseases of the digestive system,"<carcinoma, oesophageal>; <gastroesophageal junction adenocarcinoma>",auspar-keytruda-230623.pdf,biologics,keytruda,first-line treatment of patients with locally advanced or metastatic carcinoma of the oesophagus or her2 negative gastroesophageal junction adenocarcinoma that is not amenable to surgical resection or definitive chemoradiation.,yes,first-line treatment of patients with locally advanced unresectable or metastatic carcinoma of the oesophagus or gastroesophageal junction.,"<carcinoma, oesophageal>",merck sharp & dohme (australia) pty ltd,merck sharp & dohme,226597 and 263932,pembrolizumab,yes,yes,powder; solution,pm-2020-06395-1-4,,
intravenous,01.11.2021,2021.0,authorised,TGA,approved,30.09.2022,2022,neoplasms; diseases of the genitourinary system,<renal cell carcinoma>,auspar-keytruda-230830.pdf,biologics,keytruda,"adjuvant treatment of patients with rcc with a clear cell component who are at intermediate-high or high risk of recurrence following nephrectomy, or following nephrectomy and resection of metastatic lesions.",yes,"adjuvant treatment of patients with rcc at intermediate-high or high risk of recurrence following nephrectomy, or following nephrectomy and resection of metastatic lesions.",<renal cell carcinoma>,merck sharp & dohme (australia) pty ltd,merck sharp & dohme,263932,pembrolizumab,yes,no,solution,pm-2021-04316-1-4,,
intravenous,28.02.2017,2017.0,authorised,TGA,approved,09.01.2018,2018,neoplasms; diseases of the genitourinary system,<urothelial carcinoma>,auspar-pembrolizumab-181105.pdf,biologics,keytruda,treatment of patients with locally advanced or metastatic urothelial carcinoma who are not eligible for cisplatin-containing therapy and who have received platinum containing chemotherapy.,yes,treatment of patients with locally advanced or metastatic urothelial carcinoma who are not eligible for cisplatin-containing therapy and who have received platinum containing chemotherapy.,<urothelial carcinoma>,merck sharp & dohme (australia) pty limited,merck sharp & dohme,226597 and 263932,pembrolizumab,yes,no,powder; solution,pm-2016-04328-1-4,,
intravenous,,,authorised,TGA,approved,15.04.2015,2015,neoplasms,<melanoma>,auspar-pembrolizumab-rch-161014.pdf,biologics,keytruda,treatment of unresectable or metastatic melanoma in adults,no,treatment of unresectable or metastatic melanoma in adults,<melanoma>,merck sharp & dohme (australia) pty ltd,merck sharp & dohme,226597,pembrolizumab,no,yes,powder,pm-2014-01928-1-4,na,
intravenous,01.04.2016,2016.0,authorised,TGA,approved,03.03.2017,2017,neoplasms; diseases of the respiratory system,<non-small cell lung carcinoma>,auspar-pembrolizumab-rch-180507.pdf,biologics,keytruda,"first-line treatment of patients with metastatic non-small cell lung carcinoma (nsclc) whose tumours express pd-l1 with a ≥ 50% tumour proportion score (tps) as determined by a validated test, with no egfr or alk genomic tumour aberrations.",yes,treatment of patients with advanced non-small cell lung carcinoma (nsclc) whose tumours express pd-l1 and who have received platinum containing chemotherapy.,<non-small cell lung carcinoma>,merck sharp & dohme australia pty ltd,merck sharp & dohme,"226597, 263932",pembrolizumab,yes,no,powder; concentrate,pm-2015-04712-1-4 and pm-2016-02325-1-4,,
intravenous,04.07.2019,2019.0,authorised (under additional monitoring),TGA,approved,17.09.2019,2019,neoplasms; diseases of the genitourinary system,<endometrial neoplasms>,auspar-pembrolizumab-rch-200505.pdf,biologics,keytruda,"treatment of patients with advanced endometrial carcinoma that is not msi-h or dmmr, who have disease progression following prior systemic therapy and are not candidates for curative surgery or radiation.",yes,"treatment of patients with advanced endometrial carcinoma that is not msi-h or dmmr, who have disease progression following prior systemic therapy and are not candidates for curative surgery or radiation.",<endometrial neoplasms>,merck sharp & dohme (australia) pty limited,merck sharp & dohme,"226597, 263932",pembrolizumab,yes,no,powder; concentrate,pm-2019-02526-1-4,,
intravitreal,10.09.2020,2020.0,authorised,EMA,approved,24.06.2021,2021,diseases of the eye and adnexa,<macular degeneration>; <diabetic macular edema>; <diabetic retinopathy>; <retinal vein occlusion>; <choroidal neovascularization>,byooviz-epar-public-assessment-report_en.pdf,biologics,byooviz,the treatment of neovascular (wet) age-related macular degeneration (amd); the treatment of visual impairment due to diabetic macular oedema (dme); the treatment of proliferative diabetic retinopathy (pdr); the treatment of visual impairment due to macular oedema secondary to retinal vein occlusion (branch rvo or central rvo); the treatment of visual impairment due to choroidal neovascularisation (cnv),no,the treatment of neovascular (wet) age-related macular degeneration (amd); the treatment of visual impairment due to diabetic macular oedema (dme); the treatment of proliferative diabetic retinopathy (pdr); the treatment of visual impairment due to macular oedema secondary to retinal vein occlusion (branch rvo or central rvo); the treatment of visual impairment due to choroidal neovascularisation (cnv),<macular degeneration>; <diabetic macular edema>; <diabetic retinopathy>; <retinal vein occlusion>; <choroidal neovascularization>,samsung bioepis nl b.v.,samsung,ema/446448/2021,ranibizumab,no,no,solution,emea/h/c/005545/0000,na,
intravitreal,28.03.2003,2003.0,authorised,EMA,approved,22.01.2007,2007,diseases of the eye and adnexa,<macular degeneration>,lucentis-epar-scientific-discussion_en.pdf,biologics,lucentis,for the treatment of neovascular (wet) age-related macular degeneration (amd).,no,"for the improvement and maintenance of visual acuity and function, and for the reduction of vascular leakage and retinal oedema, in patients with neovascular age-related macular degeneration (amd).",<macular degeneration>,novartis europharm limited,novartis,ema/000387/2007,ranibizumab,no,no,solution,emea/h/c/000715,na,
intravitreal,03.05.2024,2024.0,authorised,EMA,approved,25.07.2024,2024,"diseases of the eye and adnexa; endocrine, nutritional, and metabolic diseases",<macular degeneration>; <diabetic macular edema>; <diabetic retinopathy>; <retinal vein occlusion>; <choroidal neovascularization>,ranibizumab-midas-epar-public-assessment-report_en.pdf,biologics,ranibizumab midas,the treatment of neovascular (wet) age-related macular degeneration (amd); the treatment of visual impairment due to diabetic macular oedema (dme); the treatment of proliferative diabetic retinopathy (pdr); the treatment of visual impairment due to macular oedema secondary to retinal vein occlusion (branch rvo or central rvo); the treatment of visual impairment due to choroidal neovascularisation (cnv),yes,the treatment of neovascular (wet) age-related macular degeneration (amd); the treatment of visual impairment due to diabetic macular oedema (dme); the treatment of proliferative diabetic retinopathy (pdr); the treatment of visual impairment due to macular oedema secondary to retinal vein occlusion (branch rvo or central rvo); the treatment of visual impairment due to choroidal neovascularisation (cnv),<macular degeneration>; <diabetic macular edema>; <diabetic retinopathy>; <retinal vein occlusion>; <choroidal neovascularization>,midas pharma gmbh,midas,ema/371818/2024,ranibizumab,no,no,solution,emea/h/c/006528/0000,na,
intravitreal,25.06.2021,2021.0,authorised,EMA,approved,23.06.2022,2022,"diseases of the eye and adnexa; endocrine, nutritional, and metabolic diseases",<macular degeneration>; <diabetic macular edema>; <diabetic retinopathy>; <retinal vein occlusion>; <choroidal neovascularization>,ranivisio-epar-public-assessment-report_en.pdf,biologics,ranivisio,the treatment of neovascular (wet) age-related macular degeneration (amd); the treatment of visual impairment due to diabetic macular oedema (dme); the treatment of proliferative diabetic retinopathy (pdr); the treatment of visual impairment due to macular oedema secondary to retinal vein occlusion (branch rvo or central rvo); the treatment of visual impairment due to choroidal neovascularisation (cnv),no,the treatment of neovascular (wet) age-related macular degeneration (amd); the treatment of visual impairment due to diabetic macular oedema (dme); the treatment of proliferative diabetic retinopathy (pdr); the treatment of visual impairment due to macular oedema secondary to retinal vein occlusion (branch rvo or central rvo); the treatment of visual impairment due to choroidal neovascularisation (cnv),<macular degeneration>; <diabetic macular edema>; <diabetic retinopathy>; <retinal vein occlusion>; <choroidal neovascularization>,midas pharma gmbh,midas,ema/640346/2022,ranibizumab,no,no,solution,emea/h/c/005019/0000,na,
intravitreal,07.10.2022,2022.0,authorised,EMA,approved,09.11.2023,2023,"diseases of the eye and adnexa; endocrine, nutritional, and metabolic diseases",<macular degeneration>; <diabetic macular edema>; <diabetic retinopathy>; <retinal vein occlusion>; <choroidal neovascularization>,rimmyrah-epar-public-assessment-report_en.pdf,biologics,rimmyrah,the treatment of neovascular (wet) age-related macular degeneration (amd); the treatment of visual impairment due to diabetic macular oedema (dme); the treatment of proliferative diabetic retinopathy (pdr); the treatment of visual impairment due to macular oedema secondary to retinal vein occlusion (branch rvo or central rvo); the treatment of visual impairment due to choroidal neovascularisation (cnv),no,the treatment of neovascular (wet) age-related macular degeneration (amd); the treatment of visual impairment due to diabetic macular oedema (dme); the treatment of proliferative diabetic retinopathy (pdr); the treatment of visual impairment due to macular oedema secondary to retinal vein occlusion (branch rvo or central rvo); the treatment of visual impairment due to choroidal neovascularisation (cnv),<macular degeneration>; <diabetic macular edema>; <diabetic retinopathy>; <retinal vein occlusion>; <choroidal neovascularization>,qilu pharma spain s.l.,qilu,ema/chmp/536323/2023,ranibizumab,no,no,solution,emea/h/c/006055/0000,na,
intravitreal,09.09.2021,2021.0,authorised,EMA,approved,15.09.2022,2022,diseases of the eye and adnexa,<macular degeneration>; <diabetic macular edema>; <diabetic retinopathy>; <retinal vein occlusion>; <choroidal neovascularization>,ximluci-epar-public-assessment-report_en.pdf,biologics,ximluci,the treatment of neovascular (wet) age-related macular degeneration (amd); the treatment of visual impairment due to diabetic macular oedema (dme); the treatment of proliferative diabetic retinopathy (pdr); the treatment of visual impairment due to macular oedema secondary to retinal vein occlusion (branch rvo or central rvo); the treatment of visual impairment due to choroidal neovascularisation (cnv).,no,the treatment of neovascular (wet) age-related macular degeneration (amd); the treatment of visual impairment due to diabetic macular oedema (dme); the treatment of proliferative diabetic retinopathy (pdr); the treatment of visual impairment due to macular oedema secondary to retinal vein occlusion (branch rvo or central rvo); the treatment of visual impairment due to choroidal neovascularisation (cnv).,<macular degeneration>; <diabetic macular edema>; <diabetic retinopathy>; <retinal vein occlusion>; <choroidal neovascularization>,stada arzneimittel ag,stada,ema/795998/2022,ranibizumab,yes,no,solution,emea/h/c/005617/0000,,
intravitreal,01.11.2021,2021.0,authorised,TGA,approved,16.08.2022,2022,"diseases of the eye and adnexa; endocrine, nutritional, and metabolic diseases","<macular degeneration>; <diabetic macular edema>; <diabetic retinopathy>; <choroidal neovascularization>; <myopia, degenerative>; <macular edema>; <retinal vein occlusion>",auspar-byooviz-230426.pdf,biologics,byooviz,the treatment of neovascular (wet) age-related macular degeneration (amd); the treatment of visual impairment due to diabetic macular oedema (dme); treatment of proliferative diabetic retinopathy (pdr); the treatment of visual impairment due to choroidal neovascularisation (cnv); the treatment of visual impairment due to choroidal neovascularisation (cnv) secondary to pathologic myopia (pm); the treatment of visual impairment due to macular oedema secondary to retinal vein occlusion (rvo).,no,the treatment of neovascular (wet) age-related macular degeneration (amd); the treatment of visual impairment due to diabetic macular oedema (dme); treatment of proliferative diabetic retinopathy (pdr); the treatment of visual impairment due to choroidal neovascularisation (cnv); the treatment of visual impairment due to choroidal neovascularisation (cnv) secondary to pathologic myopia (pm); the treatment of visual impairment due to macular oedema secondary to retinal vein occlusion (rvo).,"<macular degeneration>; <diabetic macular edema>; <diabetic retinopathy>; <choroidal neovascularization>; <myopia, degenerative>; <macular edema>; <retinal vein occlusion>",samsung bioepis au pty ltd,samsung,375304,ranibizumab,no,no,solution,pm-2021-04292-1-5,na,
ocular,,,authorised,TGA,approved,25.10.2011,2011,diseases of the eye and adnexa,<macular edema>; <retinal vein occlusion>,auspar-lucentis-1.pdf,biologics,lucentis,the treatment of visual impairment due to macular oedema secondary to retinal vein occlusion (rvo),yes,the treatment of visual impairment due to macular oedema secondary to retinal vein occlusion (rvo),<macular edema>; <retinal vein occlusion>,novartis pharmaceuticals australia pty ltd,novartis,"125968, 148325",ranibizumab,yes,no,solution,pm-2010-03258-3-5,,
intravitreal,30.09.2020,2020.0,authorised (under additional monitoring),TGA,approved,02.02.2022,2022,diseases of the eye and adnexa,<retinopathy of prematurity>,auspar-lucentis-230519.pdf,biologics,lucentis,"treatment of retinopathy of prematurity (rop) with zone i (stage 1+, 2+, 3 or 3+), zone ii (stage 3+) or ap-rop (aggressive posterior rop) disease",yes,"treatment of retinopathy of prematurity (rop) with zone i (stage 1+, 2+, 3 or 3+), zone ii (stage 3+) or ap-rop (aggressive posterior rop) disease",<retinopathy of prematurity>,novartis pharmaceuticals australia pty ltd,novartis,148325,ranibizumab,yes,yes,solution,pm-2020-04187-1-5,,
ocular,,,authorised,TGA,approved,11.10.2011,2011,"diseases of the eye and adnexa; endocrine, nutritional, and metabolic diseases",<diabetic macular edema>,auspar-lucentis.pdf,biologics,lucentis,the treatment of visual impairment due to diabetic macular oedema (dme).,yes,the treatment of visual impairment due to diabetic macular oedema (dme).,<diabetic macular edema>,novartis pharmaceuticals australia pty ltd,novartis,"125968, 148325",ranibizumab,no,no,solution,pm-2010-02527-3-5,na,
intravitreal,,,authorised,TGA,approved,28.04.2014,2014,diseases of the eye and adnexa,"<visual impairment>; <choroidal neovascularization>; <myopia, degenerative>",auspar-ranibizumab-141014.pdf,biologics,lucentis,treatment of visual impairment due to choroidal neovascularisation (cnv) secondary to pathologic myopia (pm).,yes,treatment of visual impairment due to choroidal neovascularisation (cnv) secondary to pathologic myopia (pm).,"<choroidal neovascularization>; <myopia, degenerative>",novartis pharmaceuticals australia,novartis,148325 and 212387,ranibizumab,yes,no,solution,pm-2013-00985-1-5,,
intravitreal,03.01.2023,2023.0,authorised,TGA,approved,12.12.2023,2023,"diseases of the eye and adnexa; endocrine, nutritional, and metabolic diseases","<macular degeneration>; <diabetic macular edema>; <diabetic retinopathy>; <choroidal neovascularization>; <myopia, degenerative>; <macular edema>; <retinal vein occlusion>",auspar-raniviz-240613.pdf,biologics,raniviz,the treatment of neovascular (wet) age-related macular degeneration; the treatment of visual impairment due to diabetic macular oedema; treatment of proliferative diabetic retinopathy; the treatment of visual impairment due to choroidal neovascularisation; the treatment of visual impairment due to choroidal neovascularisation secondary to pathologic myopia; the treatment of visual impairment due to macular oedema secondary to retinal vein occlusion,no,the treatment of neovascular (wet) age-related macular degeneration; the treatment of visual impairment due to diabetic macular oedema; treatment of proliferative diabetic retinopathy; the treatment of visual impairment due to choroidal neovascularisation; the treatment of visual impairment due to choroidal neovascularisation secondary to pathologic myopia; the treatment of visual impairment due to macular oedema secondary to retinal vein occlusion,<macular degeneration>; <diabetic macular edema>; <diabetic retinopathy>; <choroidal neovascularization>; <pathologic myopia>; <macular edema>; <retinal vein occlusion>,actor pharmaceuticals pty ltd,actor,400126,ranibizumab,no,no,solution,pm-2022-04707-1-5,na,
intravenous,06.03.2017,2017.0,authorised,EMA,approved,18.05.2017,2017,neoplasms; diseases of the blood and blood-forming organs; diseases of the musculoskeletal system and connective tissue,"<non-hodgkin lymphoma>; <leukemia, lymphocytic, chronic, b-cell>; <granulomatosis with polyangiitis>; <microscopic polyangiitis>",blitzima-epar-public-assessment-report_en.pdf,biologics,blitzima,non-hodgkin’s lymphoma; chronic lymphocytic leukaemia; granulomatosis with polyangiitis and microscopic polyangiitis,yes,non-hodgkin’s lymphoma; chronic lymphocytic leukaemia; granulomatosis with polyangiitis and microscopic polyangiitis,"<non-hodgkin lymphoma>; <leukemia, lymphocytic, chronic, b-cell>; <granulomatosis with polyangiitis>; <microscopic polyangiitis>",celltrion healthcare hungary kft.,celltrion,ema/chmp/421793/2017,rituximab,no,no,concentrate,emea/h/c/004723/0000,na,
intravenous,25.04.2023,2023.0,authorised,EMA,approved,25.07.2024,2024,neoplasms; diseases of the blood and blood-forming organs; diseases of the musculoskeletal system and connective tissue; diseases of the skin,"<non-hodgkin lymphoma>; <leukemia, lymphocytic, chronic, b-cell>; <arthritis, rheumatoid>; <granulomatosis with polyangiitis>; <microscopic polyangiitis>; <pemphigus vulgaris>",ituxredi-epar-public-assessment-report_en.pdf,biologics,ituxredi,non-hodgkin’s lymphoma; chronic lymphocytic leukaemia; rheumatoid arthritis; granulomatosis with polyangiitis and microscopic polyangiitis; pemphigus vulgaris,no,non-hodgkin’s lymphoma; chronic lymphocytic leukaemia; rheumatoid arthritis; granulomatosis with polyangiitis and microscopic polyangiitis; pemphigus vulgaris,"<non-hodgkin lymphoma>; <leukemia, lymphocytic, chronic, b-cell>; <arthritis, rheumatoid>; <granulomatosis with polyangiitis>; <microscopic polyangiitis>; <pemphigus vulgaris>",reddy holding gmbh,reddy,ema/565284/2024,rituximab,no,no,concentrate,emea/h/c/006224/0000,na,
intravenous,,,authorised,EMA,approved,18.10.2001,2001,neoplasms; diseases of the blood and blood-forming organs,<diffuse large b-cell lymphoma>; <non-hodgkin lymphoma>,mabthera-epar-scientific-discussion_en.pdf,biologics,mabthera,treatment of patients with cd20 positive diffuse large b-cell non-hodgkin’s lymphoma in combination with chop chemotherapy,yes,treatment of patients with cd20 positive diffuse large b-cell non-hodgkin’s lymphoma in combination with chop chemotherapy,<diffuse large b-cell lymphoma>,,not reported,,rituximab,no,no,liquid,,na,
intravenous,03.03.2017,2017.0,withdrawn,EMA,approved,18.05.2017,2017,neoplasms; diseases of the blood and blood-forming organs,<non-hodgkin lymphoma>; <granulomatosis with polyangiitis>; <microscopic polyangiitis>,ritemvia-epar-public-assessment-report_en.pdf,biologics,ritemvia,non-hodgkin’s lymphoma; granulomatosis with polyangiitis and microscopic polyangiitis,yes,non-hodgkin’s lymphoma; granulomatosis with polyangiitis and microscopic polyangiitis,<non-hodgkin lymphoma>; <granulomatosis with polyangiitis>; <microscopic polyangiitis>,celltrion healthcare hungary kft.,celltrion,ema/421799/2017,rituximab,no,no,concentrate,emea/h/c/004725/0000,na,
intravenous,06.03.2017,2017.0,withdrawn,EMA,approved,18.05.2017,2017,neoplasms; diseases of the blood and blood-forming organs; diseases of the musculoskeletal system and connective tissue,"<non-hodgkin lymphoma>; <leukemia, lymphocytic, chronic, b-cell>; <granulomatosis with polyangiitis>; <microscopic polyangiitis>",rituzena-epar-public-assessment-report_en.pdf,biologics,tuxella,non-hodgkin’s lymphoma; chronic lymphocytic leukaemia; granulomatosis with polyangiitis and microscopic polyangiitis,yes,non-hodgkin’s lymphoma; chronic lymphocytic leukaemia; granulomatosis with polyangiitis and microscopic polyangiitis,"<non-hodgkin lymphoma>; <leukemia, lymphocytic, chronic, b-cell>; <granulomatosis with polyangiitis>; <microscopic polyangiitis>",celltrion healthcare hungary kft.,celltrion,ema/chmp/421811/2017,rituximab,no,no,concentrate,emea/h/c/004724/0000,na,
intravenous,11.04.2016,2016.0,authorised,EMA,approved,21.04.2017,2017,neoplasms; diseases of the blood and blood-forming organs; diseases of the musculoskeletal system and connective tissue,"<non-hodgkin lymphoma>; <leukemia, lymphocytic, chronic, b-cell>; <arthritis, rheumatoid>; <granulomatosis with polyangiitis>; <microscopic polyangiitis>",rixathon-epar-public-assessment-report_en.pdf,biologics,rixathon,non-hodgkin’s lymphoma; chronic lymphocytic leukaemia; rheumatoid arthritis; granulomatosis with polyangiitis and microscopic polyangiitis,no,non-hodgkin’s lymphoma; chronic lymphocytic leukaemia; rheumatoid arthritis; granulomatosis with polyangiitis and microscopic polyangiitis,"<non-hodgkin lymphoma>; <leukemia, lymphocytic, chronic, b-cell>; <arthritis, rheumatoid>; <granulomatosis with polyangiitis>; <microscopic polyangiitis>",sandoz gmbh,sandoz,ema/303207/2017,rituximab,no,no,concentrate,emea/h/c/003903/0000,na,
intravenous,09.12.2016,2016.0,authorised,EMA,approved,21.04.2017,2017,neoplasms; diseases of the blood and blood-forming organs; diseases of the musculoskeletal system and connective tissue,<non-hodgkin lymphoma>; <rheumatoid arthritis>; <granulomatosis with polyangiitis>; <microscopic polyangiitis>,riximyo-epar-public-assessment-report_en.pdf,biologics,riximyo,non-hodgkin’s lymphoma; rheumatoid arthritis; granulomatosis with polyangiitis and microscopic polyangiitis,no,non-hodgkin’s lymphoma; rheumatoid arthritis; granulomatosis with polyangiitis and microscopic polyangiitis,"<non-hodgkin lymphoma>; <arthritis, rheumatoid>; <granulomatosis with polyangiitis>; <microscopic polyangiitis>",sandoz gmbh,sandoz,ema/440905/2017,rituximab,no,no,concentrate,emea/h/c/004729/0000,na,
intravenous,25.07.2018,2018.0,authorised,EMA,approved,30.01.2020,2020,neoplasms; diseases of the blood and blood-forming organs; diseases of the musculoskeletal system and connective tissue,"<non-hodgkin lymphoma>; <leukemia, lymphocytic, chronic, b-cell>; <arthritis, rheumatoid>; <granulomatosis with polyangiitis>; <microscopic polyangiitis>; <pemphigus vulgaris>",ruxience-epar-public-assessment-report_en.pdf,biologics,ruxience,non-hodgkin’s lymphoma; chronic lymphocytic leukaemia; rheumatoid arthritis; granulomatosis with polyangiitis and microscopic polyangiitis; pemphigus vulgaris,yes,non-hodgkin’s lymphoma; chronic lymphocytic leukaemia; rheumatoid arthritis; granulomatosis with polyangiitis and microscopic polyangiitis,"<non-hodgkin lymphoma>; <leukemia, lymphocytic, chronic, b-cell>; <arthritis, rheumatoid>; <granulomatosis with polyangiitis>; <microscopic polyangiitis>",pfizer europe ma eeig,pfizer,ema/chmp/155201/2020,rituximab,no,no,concentrate,emea/h/c/004696/0000,na,
intravenous,09.10.2015,2015.0,authorised,EMA,approved,15.12.2016,2016,neoplasms; diseases of the blood and blood-forming organs; diseases of the musculoskeletal system and connective tissue,"<non-hodgkin lymphoma>; <leukemia, lymphocytic, chronic, b-cell>; <arthritis, rheumatoid>; <granulomatosis with polyangiitis>; <microscopic polyangiitis>",truxima-epar-public-assessment-report_en.pdf,biologics,truxima,non-hodgkin’s lymphoma; chronic lymphocytic leukaemia; rheumatoid arthritis; granulomatosis with polyangiitis and microscopic polyangiitis,no,non-hodgkin’s lymphoma; chronic lymphocytic leukaemia; rheumatoid arthritis; granulomatosis with polyangiitis and microscopic polyangiitis,"<non-hodgkin lymphoma>; <leukemia, lymphocytic, chronic, b-cell>; <arthritis, rheumatoid>; <granulomatosis with polyangiitis>; <microscopic polyangiitis>",celltrion healthcare hungary kft.,celltrion,ema/chmp/75695/2017,rituximab,no,no,solution,emea/h/c/004112/0000,na,
intravenous,26.12.2013,2013.0,authorised,PMDA,approved,01.08.2014,2014,diseases of the blood and blood-forming organs; diseases of the genitourinary system; neoplasms,<non-hodgkin lymphoma>; <lymphoproliferative disorders>; <granulomatosis with polyangiitis>; <microscopic polyangiitis>; <nephrotic syndrome>,000209810.pdf,biologics,rituxan,cd20-positive b-cell non-hodgkin’s lymphoma; cd20-positive b-cell lymphoproliferative disorder associated with immunosuppression; wegener’s granulomatosis and microscopic polyangiitis; refractory nephrotic syndrome (frequently relapsing or steroid-dependent); premedication for indium (111in) ibritumomab tiuxetan (genetical recombination) injection and yttrium (90y) ibritumomab tiuxetan (genetical recombination) injection,yes,refractory nephrotic syndrome (frequently relapsing or steroid-dependent),<nephrotic syndrome>,"zenyaku kogyo co., ltd.",zenyaku kogyo,000209810,rituximab,yes,yes,injection,,,
intravenous,29.10.2021,2021.0,authorised,PMDA,approved,02.06.2022,2022,diseases of the nervous system,<neuromyelitis optica spectrum disorder>,000265591.pdf,biologics,rituxan,prevention of the relapse of neuromyelitis optica spectrum disorder (including neuromyelitis optica),yes,prevention of the relapse of neuromyelitis optica spectrum disorder (including neuromyelitis optica),<neuromyelitis optica spectrum disorder>,"zenyaku kogyo co., ltd.",zenyaku,000265591,rituximab,yes,yes,solution,,,
intravenous,,,authorised,TGA,approved,06.05.2010,2010,neoplasms; diseases of the blood and blood-forming organs; diseases of the musculoskeletal system and connective tissue,"<non-hodgkin lymphoma>; <leukemia, lymphocytic, chronic, b-cell>; <arthritis, rheumatoid>",auspar-mabthera.pdf,biologics,mabthera,non-hodgkin's lymphoma; chronic lymphocytic leukaemia; rheumatoid arthritis,yes,"treatment of moderate to severe, active rheumatoid arthritis in patients who have had an inadequate response or intolerance to at least one tumour necrosis factor (tnf) antagonist therapy",<rheumatoid arthritis>,roche products pty ltd,roche,60318 and 60319,rituximab,yes,no,solution,pm-2009-01744-3-3,,
intravenous,,,authorised,TGA,approved,13.05.2013,2013,diseases of the blood and blood-forming organs; diseases of the respiratory system,<granulomatosis with polyangiitis>; <microscopic polyangiitis>,auspar-rituximab-130813.pdf,biologics,mabthera,induction of remission in patients with severely active granulomatosis with polyangiitis (gpa) and microscopic polyangiitis (mpa),yes,induction of remission in patients with severely active granulomatosis with polyangiitis (gpa) and microscopic polyangiitis (mpa),<granulomatosis with polyangiitis>; <microscopic polyangiitis>,roche products pty limited,roche,60318 and 60319,rituximab,yes,yes,solution,pm-2012-00331-3-3,,
subcutaneous,,,authorised,TGA,approved,26.05.2014,2014,neoplasms; diseases of the blood and blood-forming organs,<non-hodgkin lymphoma>,auspar-rituximab-140904.pdf,biologics,mabthera sc,"for treatment of patients with cd20 positive, previously untreated, stage iii/iv follicular, b-cell non-hodgkin's lymphoma; cd20 positive, relapsed or refractory low grade or follicular, b-cell non-hodgkin's lymphoma; cd20 positive, diffuse large b-cell non-hodgkin's lymphoma, in combination with chemotherapy.",yes,for treatment of patients with non-hodgkin’s lymphoma,<non-hodgkin lymphoma>,roche products pty limited,roche,207334,rituximab,no,no,solution,pm-2012-04453-1-4,na,
intravenous,,,authorised,TGA,approved,05.03.2015,2015,diseases of the musculoskeletal system and connective tissue,<rheumatoid arthritis>,auspar-rituximab-150827.pdf,biologics,mabthera,rheumatoid arthritis,no,rheumatoid arthritis,<rheumatoid arthritis>,roche products pty ltd,roche,aust r 60318 and aust r 60319,rituximab,yes,no,solution,pm-2013-04906-1-3,,
intravenous; subcutaneous,28.04.2016,2016.0,authorised,TGA,approved,25.11.2016,2016,neoplasms; diseases of the blood and blood-forming organs,"<leukemia, lymphocytic, chronic, b-cell>",auspar-rituximab-170209.pdf.pdf,biologics,mabthera,treatment of patients with cd20 positive chronic lymphocytic leukaemia (cll) in combination with chemotherapy,yes,treatment of chronic lymphocytic leukaemia (cll) and non-hodgkin's lymphoma (nhl),"<leukemia, lymphocytic, chronic, b-cell>; <lymphoma, non-hodgkin>",roche products pty ltd,roche,"aust r 60318, 60319 and 207334",rituximab,yes,no,solution,pm-2014-04709-1-4,,
intravenous,30.11.2016,2016.0,authorised,TGA,approved,21.11.2017,2017,neoplasms; diseases of the blood and blood-forming organs; diseases of the musculoskeletal system and connective tissue,"<non-hodgkin lymphoma>; <leukemia, lymphocytic, chronic, b-cell>; <arthritis, rheumatoid>; <granulomatosis with polyangiitis>; <microscopic polyangiitis>",auspar-rituximab-180823.pdf,biologics,riximyo,non-hodgkin’s lymphoma (nhl); chronic lymphocytic leukaemia (cll); rheumatoid arthritis (ra); granulomatosis with polyangiitis (gpa) and microscopic polyangiitis (mpa),no,non-hodgkin’s lymphoma (nhl); chronic lymphocytic leukaemia (cll); rheumatoid arthritis (ra); granulomatosis with polyangiitis (gpa) and microscopic polyangiitis (mpa),"<non-hodgkin lymphoma>; <leukemia, lymphocytic, chronic, b-cell>; <arthritis, rheumatoid>; <granulomatosis with polyangiitis>; <microscopic polyangiitis>",sandoz pty ltd,sandoz,281781 and 281782,rituximab,yes,no,solution,pm-2016-03153-1-4,,
intravenous,31.03.2017,2017.0,authorised,TGA,approved,13.03.2018,2018,neoplasms; diseases of the blood and blood-forming organs; diseases of the musculoskeletal system and connective tissue,"<non-hodgkin lymphoma>; <leukemia, lymphocytic, chronic, b-cell>; <arthritis, rheumatoid>; <granulomatosis with polyangiitis>; <microscopic polyangiitis>",auspar-rituximab-190813.pdf,biologics,truxima; ritemvia,non-hodgkin’s lymphoma (nhl); chronic lymphocytic leukaemia (cll); rheumatoid arthritis (ra); granulomatosis with polyangiitis (wegener’s) (gpa) and microscopic polyangiitis (mpa),no,non-hodgkin’s lymphoma (nhl); chronic lymphocytic leukaemia (cll); rheumatoid arthritis (ra); granulomatosis with polyangiitis (wegener’s) (gpa) and microscopic polyangiitis (mpa),"<non-hodgkin lymphoma>; <leukemia, lymphocytic, chronic, b-cell>; <arthritis, rheumatoid>; <granulomatosis with polyangiitis>; <microscopic polyangiitis>",celltrion healthcare pty ltd,celltrion,"285815, 285816, 285817, 285818",rituximab,no,no,concentrate,pm-2017-00695-1-3,na,
intravenous,06.04.2020,2020.0,authorised,TGA,approved,26.02.2021,2021,neoplasms; diseases of the blood and blood-forming organs; diseases of the musculoskeletal system and connective tissue; diseases of the respiratory system,"<non-hodgkin lymphoma>; <leukemia, lymphocytic, chronic, b-cell>; <arthritis, rheumatoid>; <granulomatosis with polyangiitis>; <microscopic polyangiitis>",auspar-rituximab-210412.pdf,biologics,ruxience,non-hodgkin’s lymphoma; chronic lymphocytic leukaemia; rheumatoid arthritis; granulomatosis with polyangiitis; microscopic polyangiitis,no,non-hodgkin’s lymphoma; chronic lymphocytic leukaemia; rheumatoid arthritis; granulomatosis with polyangiitis; microscopic polyangiitis,"<non-hodgkin lymphoma>; <leukemia, lymphocytic, chronic, b-cell>; <arthritis, rheumatoid>; <granulomatosis with polyangiitis>; <microscopic polyangiitis>",pfizer australia pty ltd,pfizer,"330537, 330536",rituximab,no,no,solution,pm-2020-00593-1-6,na,
intravenous,,,authorised,TGA,approved,08.01.2010,2010,neoplasms; diseases of the blood and blood-forming organs,"<leukemia, lymphocytic, chronic, b-cell>",auspar-rituximab.pdf,biologics,mabthera,treatment of patients with cd20 positive chronic lymphocytic leukaemia (cll) in combination with chemotherapy,yes,treatment of patients with relapsed/refractory chronic lymphocytic leukaemia (cll),"<leukemia, lymphocytic, chronic, b-cell>",roche products pty ltd,roche,,rituximab,yes,no,solution,,,
subcutaneous,09.02.2024,2024.0,authorised,EMA,approved,12.12.2024,2024,diseases of the musculoskeletal system and connective tissue; infectious and parasitic diseases; diseases of the blood and blood-forming organs,"<rheumatoid arthritis>; <covid-19>; <arthritis, juvenile>; <cytokine release syndrome>; <giant cell arteritis>",avtozma-epar-public-assessment-report_en.pdf,biologics,avtozma,"treatment of severe, active and progressive rheumatoid arthritis (ra) in adults not previously treated with mtx; treatment of moderate to severe active ra in adult patients who have either responded inadequately to, or who were intolerant to, previous therapy with one or more dmards or tnf antagonists; treatment of covid-19 in adults receiving systemic corticosteroids and require supplemental oxygen or mechanical ventilation; treatment of active systemic juvenile idiopathic arthritis (sjia) in patients 2 years of age and older; treatment of juvenile idiopathic polyarthritis (pjia) in patients 2 years of age and older; treatment of car t cell-induced severe or life-threatening cytokine release syndrome (crs) in adults and paediatric patients 2 years of age and older; treatment of giant cell arteritis (gca) in adult patients.",no,"treatment of severe, active and progressive rheumatoid arthritis (ra) in adults not previously treated with mtx; treatment of moderate to severe active ra in adult patients who have either responded inadequately to, or who were intolerant to, previous therapy with one or more dmards or tnf antagonists; treatment of covid-19 in adults receiving systemic corticosteroids and require supplemental oxygen or mechanical ventilation; treatment of active systemic juvenile idiopathic arthritis (sjia) in patients 2 years of age and older; treatment of juvenile idiopathic polyarthritis (pjia) in patients 2 years of age and older; treatment of car t cell-induced severe or life-threatening cytokine release syndrome (crs) in adults and paediatric patients 2 years of age and older; treatment of giant cell arteritis (gca) in adult patients.","<rheumatoid arthritis>; <covid-19>; <arthritis, juvenile>; <cytokine release syndrome>; <giant cell arteritis>",celltrion healthcare hungary kft.,celltrion,ema/10943/2025,tocilizumab,no,no,solution,emea/h/c/006196/0000,na,
intravenous,29.11.2007,2007.0,authorised,EMA,approved,20.11.2008,2008,diseases of the musculoskeletal system and connective tissue,<rheumatoid arthritis>,roactemra-epar-public-assessment-report_en.pdf,biologics,roactemra,"roactemra, in combination with methotrexate (mtx) is indicated for the treatment of moderate to severe active rheumatoid arthritis (ra) in adult patients who have either responded inadequately to, or who were intolerant to, previous therapy with one or more dmards or tumour necrosis factor (tnf) antagonists. in these patients, roactemra can be given as monotherapy in case of intolerance to mtx or where continued treatment with mtx is inappropriate.",no,treatment of moderate to severe active rheumatoid arthritis in adult patients who have not been previously treated with traditional dmards or have an inadequate response to one or more traditional dmards or are intolerant to a tumour necrosis factor antagonist.,<rheumatoid arthritis>,roche registration ltd.,roche,ema/26276/2009,tocilizumab,no,no,concentrate,emea/h/c/000955,na,
intravenous,10.09.2022,2022.0,authorised,EMA,approved,25.04.2024,2024,diseases of the musculoskeletal system and connective tissue; infectious and parasitic diseases,"<rheumatoid arthritis>; <covid-19>; <arthritis, juvenile>; <arthritis, juvenile>",tofidence-epar-public-assessment-report_en.pdf,biologics,tofidence,rheumatoid arthritis; coronavirus disease 2019; polyarticular juvenile idiopathic arthritis; systemic juvenile idiopathic arthritis,no,rheumatoid arthritis; coronavirus disease 2019; polyarticular juvenile idiopathic arthritis; systemic juvenile idiopathic arthritis; cytokine release syndrome,"<rheumatoid arthritis>; <covid-19>; <arthritis, juvenile>; <arthritis, juvenile>; <cytokine release syndrome>",biogen netherlands b.v.,biogen,ema/227882/2024,tocilizumab,no,no,concentrate,emea/h/c/005984/0000,na,
intravenous; subcutaneous,22.07.2022,2022.0,authorised,EMA,approved,20.07.2023,2023,diseases of the musculoskeletal system and connective tissue; infectious and parasitic diseases; diseases of the blood and blood-forming organs,"<rheumatoid arthritis>; <covid-19>; <arthritis, juvenile>; <cytokine release syndrome>; <giant cell arteritis>",tyenne-epar-public-assessment-report_en.pdf,biologics,tyenne,"treatment of rheumatoid arthritis, covid-19, systemic juvenile idiopathic arthritis, juvenile idiopathic polyarthritis, cytokine release syndrome, and giant cell arteritis",no,"treatment of rheumatoid arthritis, covid-19, systemic juvenile idiopathic arthritis, juvenile idiopathic polyarthritis, cytokine release syndrome, and giant cell arteritis","<rheumatoid arthritis>; <covid-19>; <arthritis, juvenile>; <cytokine release syndrome>; <giant cell arteritis>",fresenius kabi deutschland gmbh,fresenius,ema/365561/2023,tocilizumab,yes,no,concentrate; solution,emea/h/c/005781/0000,,
intravenous,28.04.2006,2006.0,authorised,PMDA,approved,30.01.2008,2008,diseases of the musculoskeletal system and connective tissue; neoplasms,"<rheumatoid arthritis>; <arthritis, juvenile>; <castleman disease>",000153709.pdf,biologics,actemra,rheumatoid arthritis; polyarticular-course juvenile idiopathic arthritis; systemic juvenile idiopathic arthritis; castleman's disease,yes,rheumatoid arthritis; polyarticular-course juvenile idiopathic arthritis; systemic juvenile idiopathic arthritis,"<rheumatoid arthritis>; <arthritis, juvenile>","chugai pharmaceutical co., ltd.",chugai,000153709,tocilizumab,no,no,concentrate,,na,
subcutaneous,25.08.2016,2016.0,authorised,PMDA,approved,10.04.2017,2017,diseases of the musculoskeletal system and connective tissue,<rheumatoid arthritis>,000224729.pdf,biologics,actemra,treatment of rheumatoid arthritis with an inadequate response to existing therapies (including the inhibition of progression of structural joint damage),yes,treatment of rheumatoid arthritis with an inadequate response to existing therapies (including the inhibition of progression of structural joint damage),<rheumatoid arthritis>,"chugai pharmaceutical co., ltd.",chugai,000224729,tocilizumab,yes,no,injection,,,
subcutaneous,30.11.2016,2016.0,authorised,PMDA,approved,27.07.2017,2017,diseases of the musculoskeletal system and connective tissue; diseases of the circulatory system,<rheumatoid arthritis>; <takayasu arteritis>; <giant cell arteritis>,000224730.pdf,biologics,actemra,treatment of rheumatoid arthritis (including the inhibition of progression of structural joint damage); takayasu’s arteritis or giant cell arteritis,yes,treatment of rheumatoid arthritis with an inadequate response to existing therapies; treatment of large vessel vasculitis (takayasu’s arteritis or giant cell arteritis),"<rheumatoid arthritis>; <vasculitis, large-cell>","chugai pharmaceutical co., ltd.",chugai,000224730,tocilizumab,yes,yes,injection,,,
intravenous,24.05.2018,2018.0,authorised,PMDA,approved,26.03.2019,2019,diseases of the musculoskeletal system and connective tissue,"<still's disease, adult-onset>",000235285.pdf,biologics,actemra,treatment of adult still’s disease that have not adequately responded to existing therapies,yes,adult still’s disease that have not adequately responded to existing therapies,"<still's disease, adult-onset>","chugai pharmaceutical co., ltd.",chugai,000235285,tocilizumab,yes,no,solution,,,
intravenous,13.12.2021,2021.0,authorised,PMDA,approved,07.01.2022,2022,infectious and parasitic diseases; diseases of the respiratory system,<pneumonia>,000246328.pdf,biologics,actemra,pneumonia caused by sars-cov-2 infection (covid-19) (limited to patients requiring supplemental oxygen),yes,pneumonia caused by sars-cov-2 infection (covid-19) (limited to patients requiring supplemental oxygen),<pneumonia>; <covid-19>,"chugai pharmaceutical co., ltd.",chugai,000246328,tocilizumab,yes,no,concentrate,,,
intravenous,,,authorised,TGA,approved,31.10.2011,2011,diseases of the musculoskeletal system and connective tissue,<systemic juvenile idiopathic arthritis>,auspar-actemra-111215.pdf,biologics,actemra,treatment of active systemic juvenile idiopathic arthritis in patients 2 years of age and older.,yes,treatment of active systemic juvenile idiopathic arthritis in patients 2 years of age and older.,<systemic juvenile idiopathic arthritis>,roche products pty ltd,roche,"149402, 149403, 149404",tocilizumab,yes,no,solution,pm-2010-03070-3-3,,
intravenous,,,authorised,TGA,approved,13.01.2011,2011,diseases of the musculoskeletal system and connective tissue,<rheumatoid arthritis>,auspar-actemra.pdf,biologics,actemra,for the treatment of moderate to severe active rheumatoid arthritis (ra) in adult patients,yes,for the treatment of moderate to severe active rheumatoid arthritis (ra) in adult patients,<rheumatoid arthritis>,roche products pty ltd,roche,"149402, 149403, 149404",tocilizumab,yes,no,solution,pm-2009-03295-3-3,,
intravenous,,,authorised,TGA,approved,04.10.2013,2013,diseases of the musculoskeletal system and connective tissue,"<arthritis, juvenile>",auspar-tocilizumab-140206.pdf,biologics,actemra,treatment of moderate to severe active polyarticular juvenile idiopathic arthritis in patients 2 years of age and older who have had an inadequate response to or intolerance to methotrexate.,yes,treatment of moderate to severe active polyarticular juvenile idiopathic arthritis in patients 2 years of age and older who have had an inadequate response to or intolerance to methotrexate.,"<arthritis, juvenile>",roche products pty ltd,roche,"149402, 149403, 149404",tocilizumab,yes,no,concentrate,pm-2012-01905-3-3,,
intravenous,,,authorised,TGA,approved,14.10.2014,2014,diseases of the musculoskeletal system and connective tissue,<rheumatoid arthritis>,auspar-tocilizumab-150112.pdf,biologics,actemra,treatment of moderate to severe active rheumatoid arthritis in adult patients with poor prognostic factors in combination with mtx in those not previously treated with mtx.,yes,treatment of moderate to severe active rheumatoid arthritis in adult patients in combination with methotrexate in those not previously treated with mtx.,<rheumatoid arthritis>,roche products pty ltd,roche,"149402, 149403, 149404",tocilizumab,yes,no,injection,pm-2013-02398-1-3,,
subcutaneous,03.01.2017,2017.0,authorised,TGA,approved,14.11.2017,2017,diseases of the circulatory system,<giant cell arteritis>,auspar-tocilizumab-180613.pdf,biologics,actemra,giant cell arteritis (sc formulation only),yes,treatment of giant cell arteritis (gca) in adult patients,<giant cell arteritis>,roche products pty limited,roche,234034,tocilizumab,yes,no,solution,pm-2016-03548-1-3,,
subcutaneous,,,authorised,TGA,approved,19.01.2016,2016,diseases of the musculoskeletal system and connective tissue,<rheumatoid arthritis>,auspar-tocilizumab-rch-160929.pdf,biologics,actemra,treatment of moderate to severe active rheumatoid arthritis in adult patients,no,treatment of moderate to severe active rheumatoid arthritis in adult patients,<rheumatoid arthritis>,roche products pty ltd,roche,234034,tocilizumab,no,no,solution,pm-2014-04309-1-3,na,
subcutaneous,22.02.2019,2019.0,authorised,TGA,approved,18.03.2020,2020,diseases of the musculoskeletal system and connective tissue,<systemic juvenile idiopathic arthritis>,auspar-tocilizumab-rch-200818.pdf,biologics,actemra,treatment of active systemic juvenile idiopathic arthritis in patients 1 year of age and older.,yes,treatment of active systemic juvenile idiopathic arthritis in patients 1 year of age and older.,<systemic juvenile idiopathic arthritis>,roche products pty limited,roche,"149402, 149403, 149404, 234034, 296808",tocilizumab,yes,no,solution,pm-2018-05341-1-3,,
intravenous,07.10.2021,2021.0,authorised (under additional monitoring),TGA,approved,01.12.2021,2021,infectious and parasitic diseases; diseases of the respiratory system,<coronavirus infections>,auspar-tocilizumab-rch-220106.pdf,biologics,actemra,coronavirus disease 2019 (covid-19) in hospitalised adults who are receiving systemic corticosteroids and require supplemental oxygen or mechanical ventilation.,yes,coronavirus disease 2019 (covid-19) (iv formulation only) in hospitalised adults who are receiving systemic corticosteroids and require supplemental oxygen or mechanical ventilation.,<coronavirus disease 2019>,roche products pty ltd,roche,"149402, 149403, 149404",tocilizumab,yes,no,concentrate,pm-2021-04601-1-2,,
intravenous,21.12.2021,2021.0,authorised,EMA,approved,14.09.2023,2023,neoplasms; diseases of the digestive system,<breast neoplasms>; <stomach neoplasms>,herwenda-epar-public-assessment-report_en.pdf,biologics,herwenda,her2 positive metastatic breast cancer; her2 positive early breast cancer; her2 positive metastatic gastric cancer,no,her2 positive metastatic breast cancer; her2 positive early breast cancer; her2 positive metastatic gastric cancer,<breast neoplasms>; <stomach neoplasms>,sandoz gmbh,sandoz,ema/514898/2023,trastuzumab,yes,no,powder,emea/h/c/005769/0000,chmp,
intravenous,10.10.2016,2016.0,authorised,EMA,approved,14.12.2017,2017,neoplasms; diseases of the digestive system,<breast neoplasms>; <stomach neoplasms>,herzuma-epar-public-assessment-report_en.pdf,biologics,herzuma,"metastatic breast cancer, early breast cancer, metastatic gastric cancer",no,"metastatic breast cancer, early breast cancer, metastatic gastric cancer",<breast neoplasms>; <stomach neoplasms>,celltrion healthcare hungary kft.,celltrion,ema/44005/2018,trastuzumab,no,no,powder,emea/h/c/002575/0000,na,
intravenous,01.03.2017,2017.0,authorised,EMA,approved,22.03.2018,2018,neoplasms; diseases of the digestive system,<breast neoplasms>; <gastric neoplasms>,kanjinti-epar-public-assessment-report_en.pdf,biologics,kanjinti,"treatment of adult patients with her2 positive metastatic breast cancer, early breast cancer, and metastatic gastric cancer",no,"treatment of adult patients with her2 positive metastatic breast cancer, early breast cancer, and metastatic gastric cancer",<breast neoplasms>; <stomach neoplasms>,amgen europe b.v.,amgen,ema/chmp/261937/2018,trastuzumab,yes,no,powder,emea/h/c/004361/0000,chmp,
intravenous,03.11.2017,2017.0,authorised,EMA,approved,18.10.2018,2018,neoplasms; diseases of the digestive system,<breast neoplasms>; <gastric neoplasms>,ogivri-epar-public-assessment-report_en.pdf,biologics,ogivri,breast cancer; metastatic breast cancer; early breast cancer; metastatic gastric cancer,no,breast cancer; metastatic breast cancer; early breast cancer; metastatic gastric cancer,<breast neoplasms>; <stomach neoplasms>,mylan s.a.s,mylan,ema/810499/2018,trastuzumab,no,no,powder,emea/h/c/004916/0000,na,
intravenous,30.08.2016,2016.0,authorised,EMA,approved,14.09.2017,2017,neoplasms; diseases of the digestive system,<breast neoplasms>; <stomach neoplasms>,ontruzant-epar-public-assessment-report_en.pdf,biologics,ontruzant,breast cancer; metastatic breast cancer; early breast cancer; metastatic gastric cancer,no,breast cancer; metastatic breast cancer; early breast cancer; metastatic gastric cancer,<breast neoplasms>; <stomach neoplasms>,samsung bioepis uk limited,samsung,ema/chmp/9855/2018,trastuzumab,no,no,powder,emea/h/c/004323/0000,na,
intravenous,27.06.2017,2017.0,authorised (under additional monitoring),EMA,approved,31.05.2018,2018,neoplasms; diseases of the digestive system,<breast neoplasms>; <stomach neoplasms>,trazimera-epar-public-assessment-report_en.pdf,biologics,trazimera,metastatic breast cancer; early breast cancer; metastatic gastric cancer,no,metastatic breast cancer; early breast cancer; metastatic gastric cancer,<breast neoplasms>; <stomach neoplasms>,pfizer europe ma eeig,pfizer,ema/414095/2018,trastuzumab,no,no,powder,emea/h/c/004463/0000,na,
intravenous,31.07.2023,2023.0,authorised,EMA,approved,25.07.2024,2024,neoplasms; diseases of the digestive system,<breast neoplasms>; <gastric neoplasms>,tuznue-epar-public-assessment-report_en.pdf,biologics,tuznue,metastatic breast cancer; early breast cancer; metastatic gastric cancer,no,metastatic breast cancer; early breast cancer; metastatic gastric cancer,<breast neoplasms>; <stomach neoplasms>,prestige biopharma belgium,prestige,ema/367870/2024,trastuzumab,yes,no,powder,emea/h/c/006252/0000,,
intravenous,29.05.2019,2019.0,authorised,EMA,approved,28.05.2020,2020,neoplasms; diseases of the digestive system,<breast neoplasms>; <adenocarcinoma>; <stomach neoplasms>; <esophageal neoplasms>,zercepac-epar-public-assessment-report_en.pdf,biologics,zercepac,"treatment of adult patients with her2-positive metastatic breast cancer (mbc), early breast cancer (ebc), and metastatic adenocarcinoma of the stomach or gastroesophageal junction.",no,"treatment of adult patients with her2-positive metastatic breast cancer (mbc), early breast cancer (ebc), and metastatic adenocarcinoma of the stomach or gastroesophageal junction.",<breast neoplasms>; <stomach neoplasms>; <esophageal neoplasms>,accord healthcare s.l.u.,accord,ema/327248/2020,trastuzumab,no,no,powder,emea/h/c/005209/0000,na,
intravenous,26.04.2021,2021.0,authorised,PMDA,approved,09.02.2022,2022,neoplasms; diseases of the digestive system,<breast neoplasms>; <stomach neoplasms>; <salivary gland neoplasms>; <colorectal neoplasms>,000263433.pdf,biologics,herceptin,her2-overexpressing breast cancer; unresectable advanced or recurrent her2-overexpressing gastric cancer; unresectable advanced or recurrent her2-positive salivary gland carcinoma; unresectable advanced or recurrent her2-positive colorectal cancer that has progressed after cancer chemotherapy,yes,her2-overexpressing breast cancer; unresectable advanced or recurrent her2-overexpressing gastric cancer; unresectable advanced or recurrent her2-overexpressing colorectal cancer,<breast neoplasms>; <stomach neoplasms>; <colorectal neoplasms>,"chugai pharmaceutical co., ltd.",chugai,000263433,trastuzumab,yes,no,lyophilisate,,,
intravenous,,,authorised,TGA,approved,17.09.2010,2010,neoplasms; diseases of the digestive system,<stomach neoplasms>; <gastroesophageal junction adenocarcinoma>,auspar-herceptin.pdf,biologics,herceptin,in combination with cisplatin and either capecitabine or 5-fu for the treatment of patients with her2 positive advanced adenocarcinoma of the stomach or gastro-oesophageal junction who have not received prior anti-cancer treatment for their metastatic disease.,yes,her2 positive advanced adenocarcinoma of the stomach or gastro-oesophageal junction,<adenocarcinoma>,roche products pty ltd,roche,73229,trastuzumab,yes,no,powder,pm-2009-03121,,
intravenous,02.07.2021,2021.0,authorised,TGA,approved,07.07.2022,2022,neoplasms; diseases of the digestive system,<breast neoplasms>; <stomach neoplasms>,auspar-trastucip-tuzucip-230418.pdf,biologics,trastucip and tuzucip,"her2-positive early breast cancer, locally advanced breast cancer, metastatic breast cancer, and advanced gastric cancer",no,"her2-positive early breast cancer, locally advanced breast cancer, metastatic breast cancer, and advanced gastric cancer",<breast neoplasms>; <stomach neoplasms>,cipla australia pty ltd,cipla,368972 and 368990,trastuzumab,no,no,powder,pm-2021-00873-1-4,na,
intravenous,,,authorised,TGA,approved,29.06.2012,2012,neoplasms,<breast neoplasms>,auspar-trastuzumab-121217.pdf,biologics,herceptin,for the treatment of her2-positive locally advanced breast cancer in combination with neoadjuvant chemotherapy followed by adjuvant herceptin.,yes,for the treatment of her2-positive locally advanced breast cancer in combination with neoadjuvant chemotherapy followed by adjuvant herceptin.,<breast neoplasms>,roche products pty ltd,roche,171014 and 73229,trastuzumab,yes,no,powder,2011-01528-3-4,,
subcutaneous,,,authorised,TGA,approved,13.03.2015,2015,neoplasms,<breast neoplasms>,auspar-trastuzumab-150803.pdf,biologics,herceptin,"early breast cancer: treatment of her2-positive localised breast cancer following surgery, and in association with chemotherapy and, if applicable, radiotherapy. locally advanced breast cancer: treatment of her2-positive locally advanced breast cancer in combination with neoadjuvant chemotherapy followed by adjuvant herceptin. metastatic breast cancer: treatment of patients with metastatic breast cancer who have tumours that overexpress her2.",no,treatment of her2-positive breast cancer,<breast neoplasms>,roche products pty ltd,roche,220402,trastuzumab,no,no,solution,pm-2013-04600-1-4,na,
intravenous,31.05.2017,2017.0,authorised,TGA,approved,05.12.2018,2018,neoplasms; diseases of the digestive system,<breast neoplasms>; <gastric neoplasms>,auspar-trastuzumab-200318.pdf,biologics,ogivri,"her2-positive early breast cancer, locally advanced breast cancer, metastatic breast cancer, advanced gastric cancer",no,"her2-positive early breast cancer, locally advanced breast cancer, metastatic breast cancer, advanced gastric cancer",<breast neoplasms>; <stomach neoplasms>,alphapharm pty ltd,alphapharm,"288222, 288223",trastuzumab,no,no,powder,pm-2017-01084-1-4,na,
subcutaneous,05.04.2024,2024.0,authorised,EMA,approved,17.10.2024,2024,diseases of the skin; diseases of the musculoskeletal system and connective tissue; diseases of the digestive system,<psoriasis>; <psoriatic arthritis>; <crohn disease>; <ulcerative colitis>,absimky-epar-public-assessment-report_en.pdf,biologics,absimky,plaque psoriasis; paediatric plaque psoriasis; psoriatic arthritis; crohn’s disease; ulcerative colitis,yes,plaque psoriasis; paediatric plaque psoriasis; psoriatic arthritis; crohn’s disease; ulcerative colitis,"<psoriasis>; <psoriatic arthritis>; <crohn disease>; <colitis, ulcerative>",accord healthcare s.l.u.,accord,ema/511029/2024,ustekinumab,yes,no,solution,emea/h/c/006585/0000,,
subcutaneous; intravenous,01.05.2024,2024.0,authorised,EMA,approved,25.07.2024,2024,diseases of the skin; diseases of the musculoskeletal system and connective tissue; diseases of the digestive system,<plaque psoriasis>; <psoriatic arthritis>; <crohn disease>; <ulcerative colitis>,eksunbi-epar-public-assessment-report_en.pdf,biologics,eksunbi,plaque psoriasis; paediatric plaque psoriasis; psoriatic arthritis; crohn’s disease; ulcerative colitis,no,plaque psoriasis; paediatric plaque psoriasis; psoriatic arthritis; crohn’s disease; ulcerative colitis,"<psoriasis>; <psoriatic arthritis>; <crohn disease>; <colitis, ulcerative>",samsung bioepis nl b.v.,samsung,ema/371773/2024,ustekinumab,no,no,concentrate; solution,emea/h/c/006448/0000,na,
subcutaneous,08.09.2023,2023.0,authorised,EMA,approved,25.07.2024,2024,diseases of the skin; diseases of the musculoskeletal system and connective tissue; diseases of the digestive system,<plaque psoriasis>; <psoriatic arthritis>; <crohn disease>; <ulcerative colitis>,fymskina-epar-public-assessment-report_en.pdf,biologics,fymskina,plaque psoriasis; paediatric plaque psoriasis; psoriatic arthritis; crohn’s disease; ulcerative colitis,no,plaque psoriasis; paediatric plaque psoriasis; psoriatic arthritis; crohn’s disease; ulcerative colitis,"<psoriasis>; <arthritis, psoriatic>; <crohn disease>; <colitis, ulcerative>",formycon ag,formycon,ema/378464/2024,ustekinumab,yes,no,solution,emea/h/c/005805/0000,na,
subcutaneous,26.06.2023,2023.0,authorised,EMA,approved,17.10.2024,2024,diseases of the skin; diseases of the musculoskeletal system and connective tissue; diseases of the digestive system,<plaque psoriasis>; <psoriatic arthritis>; <crohn disease>,imuldosa-epar-public-assessment-report_en.pdf,biologics,imuldosa,plaque psoriasis; paediatric plaque psoriasis; psoriatic arthritis; crohn’s disease,no,plaque psoriasis; paediatric plaque psoriasis; psoriatic arthritis; crohn’s disease; ulcerative colitis,"<psoriasis>; <psoriatic arthritis>; <crohn disease>; <colitis, ulcerative>",accord healthcare s.l.u.,accord,ema/592044/2024,ustekinumab,yes,no,solution,emea/h/c/006221/0000,,
subcutaneous; intravenous,08.02.2024,2024.0,authorised,EMA,approved,25.07.2024,2024,diseases of the skin; diseases of the musculoskeletal system and connective tissue; diseases of the digestive system,<plaque psoriasis>; <psoriatic arthritis>; <crohn disease>,otulfi-epar-public-assessment-report_en.pdf,biologics,otulfi,plaque psoriasis; paediatric plaque psoriasis; psoriatic arthritis; crohn’s disease,no,plaque psoriasis; paediatric plaque psoriasis; psoriatic arthritis; crohn’s disease,<plaque psoriasis>; <psoriatic arthritis>; <crohn disease>,fresenius kabi deutschland gmbh,fresenius,ema/378457/2024,ustekinumab,yes,no,solution; concentrate,emea/h/c/006544/0000,,
subcutaneous,24.04.2023,2023.0,authorised,EMA,approved,22.02.2024,2024,diseases of the skin; diseases of the musculoskeletal system and connective tissue; diseases of the digestive system,<psoriasis>; <psoriatic arthritis>; <crohn disease>; <ulcerative colitis>,pyzchiva-epar-public-assessment-report_en.pdf,biologics,pyzchiva,plaque psoriasis; paediatric plaque psoriasis; psoriatic arthritis; crohn’s disease; ulcerative colitis,no,plaque psoriasis; paediatric plaque psoriasis; psoriatic arthritis; crohn’s disease; ulcerative colitis,"<psoriasis>; <psoriatic arthritis>; <crohn disease>; <colitis, ulcerative>",samsung bioepis nl b.v.,samsung,ema/106045/2024,ustekinumab,yes,no,solution,emea/h/c/006183/0000,,
subcutaneous,04.12.2007,2007.0,authorised,EMA,approved,20.11.2008,2008,diseases of the skin,<psoriasis>,stelara-epar-public-assessment-report_en.pdf,biologics,stelara,"treatment of adult patients with moderate to severe chronic plaque psoriasis who have failed to respond to, or who have a contraindication to, or are intolerant to other systemic therapies including ciclosporin, methotrexate and puva",no,"treatment of adult patients with moderate to severe chronic plaque psoriasis who have failed to respond to, or who have a contraindication to, or are intolerant to other systemic therapies including ciclosporin, methotrexate and puva",<psoriasis>,janssen-cilag international nv,janssen-cilag,,ustekinumab,no,no,solution,emea/h/c/000958,na,
intravenous; subcutaneous,25.05.2023,2023.0,authorised,EMA,approved,27.06.2024,2024,diseases of the skin; diseases of the musculoskeletal system and connective tissue; diseases of the digestive system,<plaque psoriasis>; <psoriatic arthritis>; <crohn disease>,steqeyma-epar-public-assessment-report_en.pdf,biologics,steqeyma,plaque psoriasis; paediatric plaque psoriasis; psoriatic arthritis (psa); crohn’s disease,no,plaque psoriasis; paediatric plaque psoriasis; psoriatic arthritis (psa); crohn’s disease,<plaque psoriasis>; <psoriatic arthritis>; <crohn disease>,celltrion healthcare hungary kft.,celltrion,ema/328491/2024,ustekinumab,no,no,concentrate; solution,emea/h/c/005918/0000,na,
subcutaneous,21.10.2022,2022.0,authorised,EMA,approved,09.11.2023,2023,diseases of the skin; diseases of the musculoskeletal system and connective tissue; diseases of the digestive system,<plaque psoriasis>; <psoriatic arthritis>; <crohn disease>,uzprovo-epar-public-assessment-report_en.pdf,biologics,uzpruvo,plaque psoriasis; paediatric plaque psoriasis; psoriatic arthritis; crohn’s disease,no,plaque psoriasis; paediatric plaque psoriasis; psoriatic arthritis; crohn’s disease,"<psoriasis>; <arthritis, psoriatic>; <crohn disease>",stada arzneimittel ag,stada,ema/549260/2023,ustekinumab,no,no,solution,emea/h/c/006101/0000,na,
intravenous; subcutaneous,20.04.2023,2023.0,authorised,EMA,approved,25.04.2024,2024,diseases of the skin; diseases of the musculoskeletal system and connective tissue; diseases of the digestive system,<plaque psoriasis>; <psoriatic arthritis>; <crohn disease>,wezenla-epar-public-assessment-report_en.pdf,biologics,wezenla,plaque psoriasis; paediatric plaque psoriasis; psoriatic arthritis; crohn’s disease,no,plaque psoriasis; paediatric plaque psoriasis; psoriatic arthritis; crohn’s disease,<plaque psoriasis>; <psoriatic arthritis>; <crohn disease>,amgen technology (ireland) unlimited company,amgen,ema/228742/2024,ustekinumab,yes,no,concentrate; solution,emea/h/c/006132/0000,,
subcutaneous,,,authorised,EMA,approved,22.02.2024,2024,diseases of the skin; diseases of the musculoskeletal system and connective tissue; diseases of the digestive system,<plaque psoriasis>; <psoriatic arthritis>; <crohn disease>,withdrawal-assessment-report-upstelda_en.pdf,biologics,upstelda,moderate to severe plaque psoriasis in adult patients and paediatric patients 6 years of age and older; active psoriatic arthritis in adults; moderately to severely active crohn’s disease,no,moderate to severe plaque psoriasis in adult patients and paediatric patients 6 years of age and older; active psoriatic arthritis in adults; moderately to severely active crohn’s disease,<plaque psoriasis>; <psoriatic arthritis>; <crohn disease>,amgen technology ireland unlimited company,amgen,ema/250302/2024,ustekinumab,yes,no,solution,emea/h/c/006415/0000,,
subcutaneous,10.02.2024,2024.0,authorised,EMA,approved,12.12.2024,2024,diseases of the skin; diseases of the musculoskeletal system and connective tissue; diseases of the digestive system,<plaque psoriasis>; <psoriatic arthritis>; <crohn disease>,yesintek-epar-public-assessment-report_en.pdf,biologics,yesintek,plaque psoriasis; paediatric plaque psoriasis; psoriatic arthritis; crohn’s disease,no,plaque psoriasis; paediatric plaque psoriasis; psoriatic arthritis; crohn’s disease; ulcerative colitis,<plaque psoriasis>; <psoriatic arthritis>; <crohn disease>; <ulcerative colitis>,biosimilar collaborations ireland limited,biosimilar collaborations,ema/820/2025,ustekinumab,no,no,solution,emea/h/c/006444/0000,na,
subcutaneous,21.01.2010,2010.0,authorised,PMDA,approved,29.11.2010,2010,diseases of the skin; diseases of the musculoskeletal system and connective tissue,"<psoriasis>; <arthritis, psoriatic>",000153747.pdf,biologics,stelara,psoriasis vulgaris and psoriatic arthritis in patients who have had an inadequate response to conventional therapy,no,moderate to severe psoriasis vulgaris; psoriatic arthritis with moderate to severe plaque psoriasis,"<psoriasis>; <arthritis, psoriatic>",janssen pharmaceutical k.k.,janssen,000153747,ustekinumab,no,no,solution,,na,
intravenous,30.03.2016,2016.0,authorised,PMDA,approved,09.02.2017,2017,diseases of the digestive system,<crohn disease>,000227668.pdf,biologics,stelara,induction therapy for moderately to severely active crohn’s disease (only in patients who have had an inadequate response to conventional therapy),yes,induction therapy for moderately to severely active crohn’s disease (only in patients who have had an inadequate response to conventional therapy),<crohn disease>,janssen pharmaceutical k.k.,janssen,000227668,ustekinumab,yes,no,solution,,,
subcutaneous,,,authorised,TGA,approved,09.02.2015,2015,diseases of the musculoskeletal system and connective tissue; diseases of the skin,"<arthritis, psoriatic>",auspar-ustekinumab-150709.pdf,biologics,stelara,psoriatic arthritis,yes,psoriatic arthritis,"<arthritis, psoriatic>",janssen-cilag pty ltd,janssen-cilag,"149549, 149550, 165953, 165954",ustekinumab,yes,no,solution,pm-2013-04148-1-3,,
intravenous; subcutaneous,,,authorised,TGA,approved,27.02.2017,2017,diseases of the digestive system,<crohn disease>,auspar-ustekinumab-171024.pdf,biologics,stelara,crohn’s disease,yes,"treatment of adult patients with moderately to severely active crohn’s disease who have had an inadequate response, lost response, or were intolerant to either conventional therapy or a tnfα antagonist or have medical contraindications to such therapies.",<crohn disease>,janssen-cilag pty. ltd.,janssen-cilag,"282906, 149550, 149549, 165953 and 165954",ustekinumab,yes,no,solution,pm-2015-04746-1-1,,
subcutaneous; intravenous,28.02.2023,2023.0,authorised,TGA,approved,18.01.2024,2024,diseases of the skin; diseases of the musculoskeletal system and connective tissue; diseases of the digestive system,<plaque psoriasis>; <psoriatic arthritis>; <crohn disease>; <ulcerative colitis>,auspar-wezlana-240618.pdf,biologics,wezlana,plaque psoriasis; psoriatic arthritis; crohn’s disease; ulcerative colitis,no,"moderate to severe plaque psoriasis in adults, adolescents and in children; active psoriatic arthritis in adults; severely active crohn’s disease in adults; moderately to severely active ulcerative colitis",<plaque psoriasis>; <psoriatic arthritis>; <crohn disease>; <ulcerative colitis>,amgen australia pty ltd,amgen,"403011, 403012, 403013 and 403014",ustekinumab,yes,no,solution,pm-2023-00167-1-1,,
