Administration_route,Application_date,Application_year,Current_status,Decision,Decision_date,Decision_year,Disease_class(es),Document_name,Drug_class,Drug_name,Indication_approved,Indication_extended,Indication_requested,Marketing_authorisation_holder,Marketing_authorisation_holder_extracted,Marketing_authorisation_number,Non_proprietary_name,Nonclinical_abridged,Orphan_drug_status,Pharmaceutical_form,Procedure_number,Referral_body
oral,28.02.2020,2020,authorised,approved,04.09.2020,2020,Neoplasms; Diseases of the genitourinary system,000245811.pdf,Small molecule,Zejula,Maintenance treatment of ovarian cancer after the initial chemotherapy; Maintenance treatment of platinum-sensitive recurrent ovarian cancer; Treatment of platinum-sensitive recurrent ovarian cancer with homologous recombination deficiency,no,Maintenance treatment of ovarian cancer after the initial chemotherapy; Maintenance treatment of platinum-sensitive recurrent ovarian cancer; Treatment of platinum-sensitive recurrent ovarian cancer with homologous recombination deficiency,Takeda Pharmaceutical Company Limited,Takeda,Not reported,Niraparib,no,no,Capsule,Not reported,NA
oral,26.09.2014,2014,authorised,approved,28.05.2015,2015,Neoplasms; Diseases of the blood and blood-forming organs,000212785.pdf,Small molecule,Farydak,Relapsed or refractory multiple myeloma,no,Relapsed or refractory multiple myeloma,Novartis Pharma K.K.,Novartis,Not reported,Panobinostat,no,yes,capsule,Not reported,NA
inhalation,10.07.2018,2018,authorised,approved,19.04.2019,2019,Infectious and parasitic diseases,000239716.pdf,Small molecule,Inavir,Treatment of influenza A or B virus infection,no,Treatment of influenza A or B virus infection,"Daiichi Sankyo Company, Limited",Daiichi Sankyo,Not reported,Laninamivir Octanoate Hydrate,yes,no,suspension,Not reported,Not reported
oral,07.08.2014,2014,authorised,approved,05.06.2015,2015,"Endocrine, nutritional, and metabolic diseases",000221617.pdf,Small molecule,Livalo,"Hypercholesterolemia, familial hypercholesterolemia",yes,Familial hypercholesterolemia in pediatric patients,"Kowa Company, Ltd.",Kowa,Not reported,Pitavastatin Calcium Hydrate,yes,no,tablet,Not reported,Not reported
subcutaneous,10.08.2023,2023,authorised,approved,31.05.2024,2024,"Endocrine, nutritional, and metabolic diseases",000274762.pdf,Peptides and proteins,Awiqli,Diabetes mellitus where treatment with insulin is required,no,Diabetes mellitus where treatment with insulin is required,Novo Nordisk Pharma Ltd.,Novo Nordisk,Not reported,Insulin Icodec,no,no,solution,Not reported,NA
intravenous,13.06.2023,2023,authorised,approved,29.02.2024,2024,Diseases of the blood and blood-forming organs,000273743.pdf,Biologics,Vyvgart,Generalized myasthenia gravis; Chronic idiopathic thrombocytopenic purpura,yes,Generalized myasthenia gravis; Primary immune thrombocytopenia,Argenx Japan K.K.,Argenx,Not reported,Efgartigimod Alfa,yes,yes,injection,Not reported,Not reported
intravenous,14.01.2016,2016,authorised,approved,31.10.2016,2016,"Endocrine, nutritional, and metabolic diseases",000227138.pdf,Peptides and proteins,Parsabiv,Secondary hyperparathyroidism in patients on hemodialysis,no,Secondary hyperparathyroidism in patients on hemodialysis,"Ono Pharmaceutical Co., Ltd.",Ono,Not reported,Etelcalcetide,no,no,solution,Not reported,NA
oral,28.07.2004,2004,authorised,approved,27.04.2007,2007,Diseases of the nervous system,000153173.pdf,Small molecule,Topina,Concomitant therapy with other antiepileptic drugs for partial seizures (including secondary generalized seizures) in patients who fail to show satisfactory response to other antiepileptic drugs,no,Concomitant therapy with other antiepileptic drugs for partial seizures (including secondary generalized seizures) in patients who fail to show satisfactory response to other antiepileptic drugs,"Kyowa Hakko Kogyo Co., Ltd.",Kyowa Hakko Kogyo,Not reported,Topiramate,no,no,tablet,Not reported,NA
oral,28.09.2018,2018,authorised,approved,29.08.2019,2019,Diseases of the blood and blood-forming organs,000234811.pdf,Small molecule,Evrenzo,Renal anemia in patients on dialysis,no,Renal anemia in patients on dialysis,Astellas Pharma Inc.,Astellas,Not reported,Roxadustat,no,no,tablet,Not reported,NA
intramuscular,30.09.2014,2014,authorised,approved,26.02.2015,2015,Infectious and parasitic diseases; Diseases of the respiratory system,000213511.pdf,Vaccine,Emulsion-adjuvanted Cell-culture Derived Influenza HA Vaccine,Prophylaxis of pandemic influenza,no,Prophylaxis of pandemic influenza,The Chemo-Sero-Therapeutic Research Institute (KAKETSUKEN),Kaketsuken,Not reported,Emulsion-adjuvanted Cell-culture Derived Influenza HA Vaccine,yes,yes,emulsion,Not reported,Not reported
intravenous,30.10.2009,2009,authorised,approved,26.12.2009,2009,Infectious and parasitic diseases,000153628.pdf,Small molecule,Rapiacta,Influenza A or B virus infection,no,Influenza A or B virus infection,"Shionogi & Co., Ltd.",Shionogi,Not reported,Peramivir,no,no,solution,Not reported,NA
subcutaneous,25.05.2018,2018,authorised,approved,22.02.2019,2019,Diseases of the skin; Diseases of the musculoskeletal system and connective tissue,000239461.pdf,Biologics,Skyrizi,"Treatment of psoriasis vulgaris, psoriatic arthritis, pustular psoriasis, and erythrodermic psoriasis in patients with inadequate response to conventional therapies",no,"Treatment of psoriasis vulgaris, psoriatic arthritis, pustular psoriasis, and erythrodermic psoriasis in patients with inadequate response to conventional therapies",AbbVie GK,AbbVie,Not reported,Risankizumab,no,no,solution,Not reported,NA
oral,04.02.2015,2015,authorised,approved,09.11.2015,2015,"Endocrine, nutritional, and metabolic diseases",000218646.pdf,Small molecule,Suiny,Type 2 diabetes mellitus,yes,Type 2 diabetes mellitus,"Sanwa Kagaku Kenkyusho Co., Ltd.",Sanwa Kagaku Kenkyusho,Not reported,Anagliptin,yes,no,tablet,Not reported,Not reported
oral,02.11.2018,2018,authorised,approved,21.02.2019,2019,Diseases of the circulatory system,000237869.pdf,Small molecule,Vyndaqel,Delay of peripheral neurologic impairment in patients with transthyretin familial amyloid polyneuropathy; Transthyretin amyloid cardiomyopathy (wild-type or variant),yes,Delay of peripheral neurologic impairment in patients with transthyretin familial amyloid polyneuropathy; Reductions in all-cause mortality and the frequency of cardiovascular-related hospitalizations in patients with transthyretin amyloid cardiomyopathy (wild-type or variant),Pfizer Japan Inc.,Pfizer,Not reported,Tafamidis Meglumine,yes,yes,Capsule,Not reported,Not reported
oral,30.05.2014,2014,authorised,approved,24.04.2015,2015,Diseases of the respiratory system; Diseases of the skin,000216694.pdf,Small molecule,Talion,"Allergic rhinitis, urticaria, and pruritus associated with skin disorders (eczema/dermatitis, prurigo, cutaneous pruritus)",yes,"Allergic rhinitis, urticaria, and pruritus associated with skin disorders (eczema/dermatitis, prurigo, cutaneous pruritus)",Mitsubishi Tanabe Pharma Corporation,Mitsubishi Tanabe,Not reported,Bepotastine Besilate,yes,no,tablet,Not reported,Not reported
subcutaneous,21.07.2017,2017,authorised,approved,02.03.2018,2018,Diseases of the blood and blood-forming organs,000236236.pdf,Biologics,Hemlibra,Reduction in bleeding tendency in patients with congenital blood coagulation factor VIII deficiency with blood coagulation factor VIII inhibitors,no,Reduction in bleeding tendency in patients with congenital blood coagulation factor VIII deficiency with blood coagulation factor VIII inhibitors,"Chugai Pharmaceutical Co., Ltd.",Chugai,Not reported,Emicizumab,no,yes,injection,Not reported,NA
intravenous,29.11.2018,2018,authorised,approved,05.08.2019,2019,Diseases of the musculoskeletal system and connective tissue,000235893.pdf,Biologics,Benlysta,Treatment of patients with systemic lupus erythematosus who have inadequately responded to conventional treatments,yes,Treatment of patients with systemic lupus erythematosus who have inadequately responded to conventional treatments,GlaxoSmithKline K.K.,GlaxoSmithKline,Not reported,Belimumab,yes,no,Powder,Not reported,Not reported
intravenous,27.12.2016,2016,authorised,approved,22.08.2017,2017,Neoplasms; Diseases of the digestive system,000223203.pdf,Biologics,Opdivo,Treatment of unresectable advanced or recurrent gastric cancer that has progressed after cancer chemotherapy,yes,Treatment of unresectable advanced or recurrent gastric cancer,"Ono Pharmaceutical Co., Ltd.",Ono,Not reported,Nivolumab,yes,no,Injection,Not reported,Not reported
oral,11.03.2016,2016,authorised,approved,30.05.2017,2017,Diseases of the musculoskeletal system and connective tissue,000242825.pdf,Small molecule,Olumiant,Rheumatoid arthritis in patients who have had an inadequate response to conventional treatments,no,Rheumatoid arthritis in patients who have had an inadequate response to conventional treatments,Eli Lilly Japan K.K.,Eli Lilly,Not reported,Baricitinib,no,no,tablet,Not reported,NA
oral,30.03.2016,2016,authorised,approved,09.02.2017,2017,Diseases of the digestive system,000222647.pdf,Small molecule,Symproic,Opioid-induced constipation,no,Opioid-induced constipation,"Shionogi & Co., Ltd.",Shionogi,Not reported,Naldemedine Tosilate,no,no,tablet,Not reported,NA
oral,29.02.2008,2008,authorised,approved,29.01.2010,2010,Mental and behavioural disorders,000153012.pdf,Small molecule,Rozerem,Improvement of sleep-onset insomnia,no,Insomnia,Takeda Pharmaceutical Company Limited,Takeda,Not reported,Ramelteon,no,no,tablet,Not reported,NA
subcutaneous,20.04.2017,2017,authorised,approved,02.03.2018,2018,Diseases of the skin; Diseases of the musculoskeletal system and connective tissue,000234741.pdf,Biologics,Tremfya,"Treatment of plaque psoriasis, psoriatic arthritis, pustular psoriasis, and erythrodermic psoriasis in patients who have had an inadequate response to conventional therapies",no,"Treatment of plaque psoriasis, psoriatic arthritis, pustular psoriasis, and erythrodermic psoriasis in patients who have had an inadequate response to conventional therapies",Janssen Pharmaceutical K.K.,Janssen,Not reported,Guselkumab,no,no,solution,Not reported,NA
oral,25.11.2014,2014,authorised,approved,28.08.2015,2015,Diseases of the skin,000245812.pdf,Small molecule,Zagallo,Androgenetic alopecia in men,yes,"Hair growth, hair restoration, and prevention of the progression of hair loss in men with androgenetic alopecia",GlaxoSmithKline K.K.,GlaxoSmithKline,Not reported,Dutasteride,yes,no,capsule,Not reported,Not reported
intravenous,27.07.2016,2016,authorised,approved,Not reported,2017,Neoplasms,000223201.pdf,Biologics,Opdivo,Treatment of recurrent or distant metastatic head and neck cancer,yes,Treatment of recurrent or distant metastatic head and neck cancer,"Ono Pharmaceutical Co., Ltd.",Ono,Not reported,Nivolumab,yes,no,Injection,Not reported,Not reported
intravenous,13.12.2021,2021,authorised,approved,07.01.2022,2022,Infectious and parasitic diseases; Diseases of the respiratory system,000246328.pdf,Biologics,Actemra,Pneumonia caused by SARS-CoV-2 infection (COVID-19) (limited to patients requiring supplemental oxygen),yes,Pneumonia caused by SARS-CoV-2 infection (COVID-19) (limited to patients requiring supplemental oxygen),"Chugai Pharmaceutical Co., Ltd.",Chugai,Not reported,Tocilizumab,yes,no,concentrate,Not reported,Not reported
intravenous,26.04.2021,2021,authorised,approved,09.02.2022,2022,Neoplasms; Diseases of the digestive system,000263433.pdf,Biologics,Herceptin,HER2-overexpressing breast cancer; Unresectable advanced or recurrent HER2-overexpressing gastric cancer; Unresectable advanced or recurrent HER2-positive salivary gland carcinoma; Unresectable advanced or recurrent HER2-positive colorectal cancer that has progressed after cancer chemotherapy,yes,HER2-overexpressing breast cancer; Unresectable advanced or recurrent HER2-overexpressing gastric cancer; Unresectable advanced or recurrent HER2-overexpressing colorectal cancer,"Chugai Pharmaceutical Co., Ltd.",Chugai,Not reported,Trastuzumab,yes,no,Lyophilized powder,Not reported,Not reported
oral,31.10.2003,2003,authorised,approved,31.01.2007,2007,"Endocrine, nutritional, and metabolic diseases",000153400.pdf,Small molecule,Zetia,"Hypercholesterolemia, familial hypercholesterolemia, homozygous sitosterolemia",no,"Hypercholesterolemia, familial hypercholesterolemia, homozygous sitosterolemia",Schering-Plough K.K.,Schering-Plough,Not reported,Ezetimibe,no,no,tablet,Not reported,NA
oral,28.09.2005,2005,authorised,approved,28.11.2008,2008,Diseases of the nervous system,000235932.pdf,Small molecule,Trerief,Parkinson’s disease (for patients who did not respond adequately to a combination of levodopa-containing drugs with other antiparkinsonian drugs),yes,Parkinson’s disease (for patients who have not responded adequately to a combination of levodopa-containing drugs with other antiparkinsonian drugs),"Dainippon Sumitomo Pharma Co., Ltd.",Dainippon Sumitomo,Not reported,Zonisamide,no,no,tablet,Not reported,NA
oral,15.03.2013,2013,authorised,approved,24.01.2014,2014,"Endocrine, nutritional, and metabolic diseases",000210230.pdf,Small molecule,Forxiga,Type 2 diabetes mellitus,no,Type 2 diabetes mellitus,Bristol-Myers K.K.,Bristol-Myers,Not reported,Dapagliflozin,no,no,tablet,Not reported,NA
oral,21.12.2015,2015,authorised,approved,11.11.2016,2016,Infectious and parasitic diseases,000226231.pdf,Small molecule,Ximency,Suppression of viremia in serogroup 1 (genotype 1) chronic hepatitis C patients without cirrhosis or with compensated cirrhosis,no,Suppression of viremia in serogroup 1 (genotype 1) chronic hepatitis C patients without cirrhosis or with compensated cirrhosis,Bristol-Myers Squibb K.K.,Bristol-Myers Squibb,Not reported,Daclatasvir Hydrochloride/Asunaprevir/Beclabuvir Hydrochloride,no,no,tablet,Not reported,NA
intravenous,05.01.2015,2015,authorised,approved,31.08.2015,2015,Neoplasms,000216480.pdf,Small molecule,Yondelis,Soft tissue sarcomas,no,"Soft tissue sarcomas of the following histological subtypes: myxoid/round cell liposarcoma, synovial sarcoma, alveolar rhabdomyosarcoma, extra-osseous Ewing’s sarcoma/primitive neuroectodermal tumor, dermatofibrosarcoma protuberans, low-grade fibromyxoid sarcoma, alveolar soft part sarcoma, clear cell sarcoma, angiomatoid fibrous histiocytoma, desmoplastic small round cell tumor, extraskeletal myxoid chondrosarcoma, mesenchymal chondrosarcoma, giant cell fibroblastoma, and endometrial stromal sarcoma.","Taiho Pharmaceutical Co., Ltd.",Taiho,Not reported,Trabectedin,no,yes,Lyophilized powder,Not reported,NA
Inhalation,22.04.2013,2013,authorised,approved,30.04.2014,2014,Diseases of the respiratory system,000208866.pdf,Small molecule,Anoro Ellipta,Relief of symptoms of obstructive airway disorder due to chronic obstructive pulmonary disease (chronic bronchitis and pulmonary emphysema),no,Relief of symptoms of obstructive airway disorder due to chronic obstructive pulmonary disease (chronic bronchitis and pulmonary emphysema),GlaxoSmithKline K.K.,GlaxoSmithKline,Not reported,Umeclidinium Bromide/ Vilanterol Trifenatate,no,no,powder,Not reported,NA
oral,21.12.2011,2011,authorised,approved,30.11.2012,2012,Diseases of the circulatory system,000208682.pdf,Small molecule,Eliquis,Reduction of the risk of ischemic stroke and systemic embolism in patients with nonvalvular atrial fibrillation,no,Reduction of the risk of stroke and systemic embolism in patients with nonvalvular atrial fibrillation,Bristol-Myers K.K.,Bristol-Myers,Not reported,Apixaban,no,no,tablet,Not reported,NA
oral,28.08.2019,2019,authorised,approved,26.02.2020,2020,Neoplasms; Diseases of the nervous system,000237315.pdf,Small molecule,Velexbru,Recurrent or refractory primary central nervous system lymphoma,no,Recurrent or refractory primary central nervous system lymphoma,"Ono Pharmaceutical Co., Ltd.",Ono,Not reported,Tirabrutinib Hydrochloride,no,yes,tablet,Not reported,NA
oral,14.02.2017,2017,authorised,approved,08.09.2017,2017,Infectious and parasitic diseases,000230308.pdf,Small molecule,Maviret,Improvement of viremia in patients with chronic hepatitis C or compensated cirrhosis type C,no,Improvement of viremia in patients with chronic hepatitis C or compensated cirrhosis type C,AbbVie GK,AbbVie,Not reported,Glecaprevir Hydrate/Pibrentasvir,no,no,tablet,Not reported,NA
oral,27.06.2014,2014,authorised,approved,05.03.2015,2015,Infectious and parasitic diseases,000210796.pdf,Small molecule,Sovaldi,Suppression of viremia in serogroup 2 (genotype 2) chronic hepatitis C patients with or without compensated cirrhosis,no,Suppression of viremia in serogroup 2 (genotype 2) chronic hepatitis C patients with or without compensated cirrhosis,Gilead Sciences K.K.,Gilead,Not reported,Sofosbuvir,no,no,tablet,Not reported,NA
intravenous,08.11.2019,2019,authorised,approved,07.07.2020,2020,Neoplasms; Diseases of the digestive system,000245967.pdf,Biologics,Keytruda,"Radically unresectable, advanced or recurrent PD-L1 positive esophageal squamous cell carcinoma that has progressed after cancer chemotherapy",yes,"Unresectable, advanced or recurrent esophageal cancer",MSD K.K.,MSD,Not reported,Pembrolizumab,yes,no,Injection,Not reported,Not reported
subcutaneous,29.07.2020,2020,authorised,approved,03.03.2022,2022,Diseases of the skin,000252994.pdf,Biologics,Mitchga,Treatment of pruritus associated with atopic dermatitis (only for patients who are inadequately controlled by conventional treatments),no,Treatment of pruritus associated with atopic dermatitis (only for patients who are inadequately controlled by conventional treatments),"Maruho Co., Ltd.",Maruho,Not reported,Nemolizumab,no,no,solution,Not reported,NA
oral,30.08.2017,2017,authorised,approved,08.06.2018,2018,Diseases of the nervous system,000235933.pdf,Small molecule,Trerief,Parkinsonism in dementia with Lewy bodies,yes,Parkinsonism in dementia with Lewy bodies,"Sumitomo Dainippon Pharma Co., Ltd.",Sumitomo Dainippon,Not reported,Zonisamide,yes,no,tablet,Not reported,Not reported
cutaneous,23.10.2012,2012,authorised,approved,30.04.2014,2014,Infectious and parasitic diseases; Diseases of the skin,000211073.pdf,Small molecule,Clenafin,Tinea unguium,no,Onychomycosis,"Kaken Pharmaceutical Co., Ltd.",Kaken,Not reported,Efinaconazole,no,no,solution,Not reported,NA
oral,14.02.2022,2022,authorised,approved,Not reported,2022,Neoplasms,000267330.pdf,Small molecule,TS-1,"Adjuvant therapy for hormone receptor-positive, HER2-negative breast cancer with a high risk of recurrence",yes,"Adjuvant therapy for hormone receptor-positive, HER2-negative breast cancer with a high risk of recurrence","Taiho Pharmaceutical Co., Ltd.",Taiho,Not reported,Tegafur/Gimeracil/Oteracil Potassium,yes,no,capsule,Not reported,Not reported
intravenous,18.03.2016,2016,authorised,approved,11.11.2016,2016,Neoplasms; Diseases of the blood and blood-forming organs,000223200.pdf,Biologics,Opdivo,Treatment of relapsed or refractory classical Hodgkin lymphoma,yes,Treatment of relapsed or refractory classical Hodgkin lymphoma,"Ono Pharmaceutical Co., Ltd.",Ono,Not reported,Nivolumab,yes,yes,injection,Not reported,Not reported
subcutaneous,29.10.2015,2015,authorised,approved,09.09.2016,2016,Diseases of the eye and adnexa,000224547.pdf,Biologics,Humira,"Non-infectious intermediate uveitis, posterior uveitis, or panuveitis",yes,"Non-infectious intermediate uveitis, posterior uveitis, or panuveitis",AbbVie GK,AbbVie,Not reported,Adalimumab,yes,no,solution,Not reported,Not reported
oral,24.04.2015,2015,authorised,approved,05.02.2016,2016,Mental and behavioural disorders; Diseases of the nervous system,000220043.pdf,Small molecule,Risperdal,Schizophrenia; Irritability associated with autism spectrum disorder in pediatric patients,yes,Schizophrenia; Irritability associated with autistic disorder in pediatric patients,Janssen Pharmaceutical K.K.,Janssen,Not reported,Risperidone,no,no,tablet,Not reported,NA
intramuscular; subcutaneous,30.01.2007,2007,authorised,approved,31.08.2007,2007,Infectious and parasitic diseases,000153773.pdf,Vaccine,Adsorbed Influenza Vaccine (H5N1) “HOKKEN”,Prophylaxis of pandemic influenza (H5N1),no,Prophylaxis of pandemic influenza (H5N1),The Kitasato Institute,Kitasato,Not reported,Adsorbed Influenza Vaccine (H5N1),yes,yes,suspension,Not reported,Not reported
intramuscular,13.10.2022,2022,authorised,approved,07.02.2023,2023,Infectious and parasitic diseases,000253046.pdf,Vaccine,Comirnaty,Prevention of disease caused by SARS-CoV-2 infection (COVID-19),yes,Prevention of disease caused by SARS-CoV-2 infection (COVID-19),Pfizer Japan Inc.,Pfizer,Not reported,Coronavirus Modified Uridine RNA Vaccine,yes,no,injection,Not reported,Not reported
ocular,30.05.2008,2008,authorised,approved,26.02.2010,2010,Diseases of the eye and adnexa,000153954.pdf,Small molecule,Moistear,Dry eye,no,Corneal and conjunctival epithelial damage associated with dry eye (including Sjogren’s syndrome and Stevens-Johnson syndrome),"Santen Pharmaceutical Co., Ltd.",Santen,Not reported,Diquafosol Sodium,no,no,solution,Not reported,NA
oral,14.01.2022,2022,authorised,approved,10.02.2022,2022,Infectious and parasitic diseases,000246305.pdf,Small molecule,Paxlovid,Treatment of disease caused by SARS-CoV-2 infection (COVID-19),no,Treatment of disease caused by SARS-CoV-2 infection (COVID-19),Pfizer Japan Inc.,Pfizer,Not reported,Nirmatrelvir and Ritonavir,yes,no,tablet,Not reported,Not reported
intravenous,13.12.2016,2016,authorised,approved,08.09.2017,2017,Diseases of the musculoskeletal system and connective tissue,000235894.pdf,Biologics,Benlysta,Treatment of patients with systemic lupus erythematosus who have inadequately responded to conventional treatments,no,Treatment of patients with systemic lupus erythematosus who have inadequately responded to conventional treatments,GlaxoSmithKline K.K.,GlaxoSmithKline,Not reported,Belimumab,no,no,solution,Not reported,NA
oral,07.06.2016,2016,authorised,approved,03.03.2017,2017,Neoplasms; Diseases of the blood and blood-forming organs,000226817.pdf,Small molecule,Mundesine,Relapsed or refractory peripheral T-cell lymphoma,no,Relapsed or refractory peripheral T-cell lymphoma,Mundipharma K.K.,Mundipharma,Not reported,Forodesine Hydrochloride,no,yes,capsule,Not reported,NA
subcutaneous,03.03.2015,2015,authorised,approved,12.11.2015,2015,Diseases of the skin; Diseases of the musculoskeletal system and connective tissue,000216877.pdf,Biologics,Cosentyx,"Treatment of psoriasis vulgaris, psoriatic arthritis, and pustular psoriasis (generalized) in patients who have had an inadequate response to conventional therapy",yes,"Treatment of psoriasis vulgaris, psoriatic arthritis, and pustular psoriasis (generalized) in patients who have had an inadequate response to conventional therapy",Novartis Pharma K.K.,Novartis,Not reported,Secukinumab,yes,no,solution,Not reported,Not reported
oral,12.02.2015,2015,authorised,approved,31.08.2015,2015,Infectious and parasitic diseases,000216650.pdf,Small molecule,Viekirax,Suppression of viremia in serogroup 1 (genotype 1) chronic hepatitis C patients with or without compensated cirrhosis,no,"Suppression of viremia in serogroup 1 (genotype 1) chronic hepatitis C patients, including those with compensated cirrhosis",AbbVie GK,AbbVie,Not reported,Ombitasvir Hydrate/Paritaprevir Hydrate/Ritonavir,no,no,tablet,Not reported,NA
oral,18.06.2010,2010,authorised,approved,01.06.2011,2011,Diseases of the genitourinary system,000204240.pdf,Small molecule,Betanis,"Urgency, urinary frequency, and urge urinary incontinence in patients with overactive bladder",no,"Urgency, urinary frequency, and urge urinary incontinence in patients with overactive bladder",Astellas Pharma Inc.,Astellas,Not reported,Mirabegron,no,no,tablet,Not reported,NA
intravenous,12.11.2019,2019,authorised,approved,15.07.2020,2020,Neoplasms; Diseases of the digestive system,000244664.pdf,Biologics,Opdivo,"Unresectable, advanced or recurrent microsatellite instability-high (MSI-High) colorectal cancer that has progressed after cancer chemotherapy",yes,"Unresectable, advanced or recurrent microsatellite instability-high (MSI-High) colorectal cancer that has progressed after cancer chemotherapy","Ono Pharmaceutical Co., Ltd.",Ono,Not reported,Nivolumab,yes,no,Injection,Not reported,Not reported
Intravenous,21.04.2006,2006,authorised,approved,22.02.2007,2007,Neoplasms; Diseases of the digestive system,000224437.pdf,Biologics,Avastin,Unresectable advanced or recurrent colorectal cancer,no,Unresectable advanced or recurrent colorectal cancer,"Chugai Pharmaceutical Co., Ltd.",Chugai,Not reported,Bevacizumab,no,no,Injection,Not reported,NA
intramuscular,09.02.2023,2023,authorised,approved,15.06.2023,2023,Infectious and parasitic diseases,000269293.pdf,Vaccine,Spikevax,Prevention of disease caused by SARS-CoV-2 infection (COVID-19),yes,Prevention of disease caused by SARS-CoV-2 infection (COVID-19),"Moderna Japan Co., Ltd.",Moderna,Not reported,Coronavirus (SARS-CoV-2) RNA Vaccine,yes,no,suspension,Not reported,Not reported
intravenous,17.09.2015,2015,authorised,approved,25.04.2016,2016,Neoplasms; Diseases of the genitourinary system,000224436.pdf,Biologics,Avastin,Advanced or recurrent cervical cancer,yes,Advanced or recurrent cervical cancer,"Chugai Pharmaceutical Co., Ltd.",Chugai,Not reported,Bevacizumab,yes,yes,Injection,Not reported,Not reported
oral,10.12.2007,2007,authorised,approved,24.07.2009,2009,"Endocrine, nutritional, and metabolic diseases",000153174.pdf,Small molecule,Januvia,Type 2 diabetes mellitus,no,Improvement of post-prandial hyperglycemia in type 2 diabetes mellitus,"Banyu Pharmaceutical Co., Ltd.; Ono Pharmaceutical Co., Ltd.",Banyu; Ono,Not reported,Sitagliptin,no,no,tablet,Not reported,NA
intravenous,12.11.2019,2019,authorised,approved,26.08.2020,2020,Neoplasms; Diseases of the digestive system,000244665.pdf,Biologics,Yervoy,"Unresectable, advanced or recurrent microsatellite instability-high (MSI-High) colorectal cancer that has progressed after cancer chemotherapy",yes,"Unresectable, advanced or recurrent microsatellite instability-high (MSI-High) colorectal cancer that has progressed after cancer chemotherapy",Bristol-Myers Squibb K.K.,Bristol-Myers Squibb,Not reported,Ipilimumab,yes,no,Injection,Not reported,Not reported
sublingual,25.12.2012,2012,authorised,approved,18.11.2013,2013,Diseases of the respiratory system,000204241.pdf,Other,Cedartolen,Japanese cedar pollinosis (hyposensitization therapy),no,Japanese cedar pollinosis (allergen immunotherapy),"Torii Pharmaceutical Co., Ltd.",Torii,Not reported,None,yes,no,sublingual drop,Not reported,Not reported
subcutaneous,26.12.2013,2013,authorised,approved,28.11.2014,2014,Diseases of the skin; Diseases of the musculoskeletal system and connective tissue,000216876.pdf,Biologics,Cosentyx,Treatment of psoriasis vulgaris and psoriatic arthritis in patients who have had an inadequate response to conventional therapy,no,Treatment of psoriasis vulgaris and psoriatic arthritis in patients who have had an inadequate response to conventional therapy,Novartis Pharma K.K.,Novartis,Not reported,Secukinumab,no,no,solution,Not reported,NA
oral,08.06.2023,2023,authorised,approved,04.03.2024,2024,Infectious and parasitic diseases,000273156.pdf,Small molecule,Xocova,Disease caused by SARS-CoV-2 infection (COVID-19),no,Disease caused by SARS-CoV-2 infection (COVID-19),"Shionogi & Co., Ltd.",Shionogi,Not reported,Ensitrelvir Fumaric Acid,no,no,tablet,Not reported,NA
inhalation,29.01.2010,2010,authorised,approved,29.07.2010,2010,Infectious and parasitic diseases,000211260.pdf,Small molecule,Inavir,Treatment of influenza A or B virus infection,no,Treatment of influenza A or B virus infection,"Daiichi Sankyo Company, Limited",Daiichi Sankyo,Not reported,Laninamivir Octanoate Hydrate,no,no,powder,Not reported,NA
oral,30.11.2016,2016,authorised,approved,01.08.2017,2017,Diseases of the blood and blood-forming organs,000233994.pdf,Small molecule,Revolade,Chronic idiopathic thrombocytopenic purpura; Aplastic anemia,yes,Chronic idiopathic thrombocytopenic purpura; Aplastic anemia,Novartis Pharma K.K.,Novartis,Not reported,Eltrombopag Olamine,yes,yes,tablet,Not reported,Not reported
intravenous,23.08.2019,2019,authorised,approved,28.05.2020,2020,Neoplasms; Diseases of the blood and blood-forming organs,000242148.pdf,Biologics,Sarclisa,Relapsed or refractory multiple myeloma,no,Relapsed or refractory multiple myeloma,Sanofi K.K.,Sanofi,Not reported,Isatuximab,no,no,injection,Not reported,NA
subcutaneous,29.08.2022,2022,authorised,approved,31.07.2023,2023,Diseases of the blood and blood-forming organs,000268789.pdf,Biologics,Alhemo,Control of bleeding tendency in patients with congenital hemophilia with coagulation factor VIII or IX inhibitors,no,Control of bleeding tendency in patients with congenital hemophilia with coagulation factor VIII or IX inhibitors,Novo Nordisk Pharma Ltd.,Novo Nordisk,Not reported,Concizumab,no,yes,solution,Not reported,NA
intravenous,30.03.2010,2010,authorised,approved,20.01.2011,2011,Neoplasms,000219170.pdf,Small molecule,Halaven,Inoperable or recurrent breast cancer,no,Inoperable or recurrent breast cancer,"Eisai Co., Ltd.",Eisai,Not reported,Eribulin Mesilate,no,no,solution,Not reported,NA
intravenous,25.05.2012,2012,authorised,approved,25.04.2013,2013,Neoplasms,000263435.pdf,Biologics,Perjeta,HER2-positive inoperable or recurrent breast cancer,no,HER2-positive inoperable or recurrent breast cancer,"Chugai Pharmaceutical Co., Ltd.",Chugai,Not reported,Pertuzumab,no,no,solution,Not reported,NA
oral,25.10.2013,2013,authorised,approved,21.11.2014,2014,Diseases of the digestive system,000211074.pdf,Small molecule,Nopicor,Alleviation of pruritus in patients with chronic hepatic disease (only when the patient’s response to conventional treatments is inadequate),yes,Alleviation of pruritus in patients with chronic hepatic disease (only when the patient’s response to conventional treatments is inadequate),"Toray Medical Co., Ltd.",Toray,Not reported,Nalfurafine Hydrochloride,no,no,capsule,Not reported,NA
intravenous,29.09.2020,2020,authorised,approved,25.02.2021,2021,"Endocrine, nutritional, and metabolic diseases",000242410.pdf,Biologics,Izcargo,Mucopolysaccharidosis type II,no,Mucopolysaccharidosis type II,"JCR Pharmaceuticals Co., Ltd.",JCR,Not reported,Pabinafusp Alfa,no,yes,Lyophilized powder,Not reported,NA
Oral,08.08.2006,2006,authorised,approved,27.08.2008,2008,Neoplasms; Diseases of the blood and blood-forming organs,000153348.pdf,Small molecule,Thaled,Relapsed or refractory multiple myeloma,no,Multiple myeloma (to be used only when conventional treatment is not sufficiently effective),Fujimoto Pharmaceutical Corporation,Fujimoto,Not reported,Thalidomide,yes,yes,Capsule,Not reported,Not reported
intravenous,30.08.2017,2017,authorised,approved,25.04.2018,2018,Neoplasms; Diseases of the respiratory system,000238551.pdf,Biologics,Imfinzi,"Maintenance treatment of locally-advanced, unresectable non-small cell lung cancer following definitive chemoradiotherapy",no,"Locally-advanced, unresectable non-small cell lung cancer",AstraZeneca K.K.,AstraZeneca,Not reported,Durvalumab,no,no,solution,Not reported,NA
intravenous,31.01.2018,2018,authorised,approved,28.06.2018,2018,Neoplasms; Diseases of the blood and blood-forming organs,000230125.pdf,Biologics,Adcetris,Previously untreated CD30-positive Hodgkin’s lymphoma,yes,Previously untreated CD30-positive Hodgkin’s lymphoma,Takeda Pharmaceutical Company Limited,Takeda,Not reported,Brentuximab Vedotin,yes,yes,Powder,Not reported,Not reported
oral,10.06.2022,2022,authorised,approved,18.01.2023,2023,Neoplasms; Diseases of the blood and blood-forming organs,000266405.pdf,Small molecule,Imbruvica,treatment-naïve mantle cell lymphoma,yes,treatment-naïve mantle cell lymphoma,Janssen Pharmaceutical K.K.,Janssen,Not reported,Ibrutinib,yes,yes,Capsule,Not reported,Not reported
oral,01.02.2017,2017,authorised,approved,04.12.2017,2017,Diseases of the digestive system,000232054.pdf,Small molecule,Goofice,Chronic constipation (excluding constipation caused by organic disease),no,Chronic constipation (excluding constipation caused by organic disease),"EA Pharma Co., Ltd.",EA,Not reported,Elobixibat,no,no,tablet,Not reported,NA
subcutaneous,08.12.2022,2022,authorised,approved,21.08.2023,2023,Diseases of the nervous system,000270515.pdf,Peptides and proteins,Zilbrysq,Generalized myasthenia gravis (only in patients who inadequately respond to corticosteroids or nonsteroidal immunosuppressants),no,Generalized myasthenia gravis,"UCB Japan Co., Ltd.",UCB,Not reported,Zilucoplan,no,no,solution,Not reported,NA
subcutaneous,24.01.2020,2020,authorised,approved,02.12.2020,2020,Diseases of the nervous system,000247408.pdf,Biologics,Emgality,Prevention of migraine attacks,no,Prevention of migraine attacks,Eli Lilly Japan K.K.,Eli Lilly,Not reported,Galcanezumab,no,no,injection,Not reported,NA
oral,21.12.2007,2007,authorised,approved,27.02.2009,2009,Mental and behavioural disorders,000153638.pdf,Small molecule,Clozaril,Treatment-resistant schizophrenia,no,Treatment-resistant schizophrenia,Novartis Pharma K.K.,Novartis,Not reported,Clozapine,yes,no,tablet,Not reported,Not reported
oral,14.02.2020,2020,authorised,approved,02.12.2020,2020,Diseases of the circulatory system,000247811.pdf,Small molecule,Xarelto,Treatment of venous thromboembolism and prevention of its recurrence,yes,Treatment of pediatric venous thromboembolism and prevention of its recurrence,"Bayer Yakuhin, Ltd.",Bayer,Not reported,Rivaroxaban,yes,no,tablet,Not reported,Not reported
subcutaneous,28.07.2015,2015,authorised,approved,30.05.2016,2016,Diseases of the skin; Diseases of the musculoskeletal system and connective tissue,000224346.pdf,Biologics,Taltz,"Treatment of psoriasis vulgaris, psoriatic arthritis, pustular psoriasis, and erythrodermic psoriasis in patients who have had an inadequate response to conventional therapies",no,"Treatment of moderate to severe psoriasis vulgaris, pustular psoriasis, erythrodermic psoriasis, and psoriatic arthritis",Eli Lilly Japan K.K.,Eli Lilly,Not reported,Ixekizumab,no,no,solution,Not reported,NA
oral,25.02.2022,2022,authorised,approved,22.11.2022,2022,Infectious and parasitic diseases,000249828.pdf,Small molecule,Xocova,Disease caused by SARS-CoV-2 infection (COVID-19),no,Disease caused by SARS-CoV-2 infection (COVID-19),"Shionogi & Co., Ltd.",Shionogi,Not reported,Ensitrelvir Fumaric Acid,no,no,tablet,Not reported,NA
oral,07.08.2023,2023,authorised,approved,31.05.2024,2024,Diseases of the blood and blood-forming organs,000275874.pdf,Small molecule,Fabhalta,Paroxysmal nocturnal hemoglobinuria,no,Paroxysmal nocturnal hemoglobinuria,Novartis Pharma K.K.,Novartis,Not reported,Iptacopan,no,no,capsule,Not reported,NA
subcutaneous,08.11.2019,2019,authorised,approved,29.05.2020,2020,Diseases of the nervous system,000244464.pdf,Biologics,Enspryng,Prevention of relapse of neuromyelitis optica spectrum disorder (including neuromyelitis optica),no,Prevention of relapse of neuromyelitis optica spectrum disorder (including neuromyelitis optica),"Chugai Pharmaceutical Co., Ltd.",Chugai,Not reported,Satralizumab,no,yes,solution,Not reported,NA
intravenous,21.07.2015,2015,authorised,approved,30.11.2015,2015,Neoplasms; Diseases of the respiratory system,000216478.pdf,Biologics,Opdivo,"Treatment of unresectable malignant melanoma; Treatment of unresectable, advanced or recurrent non-small cell lung cancer",yes,"Treatment of unresectable malignant melanoma; Treatment of unresectable, advanced or recurrent non-small cell lung cancer","Ono Pharmaceutical Co., Ltd.",Ono,Not reported,Nivolumab,yes,no,Injection,Not reported,Not reported
oral,26.02.2013,2013,authorised,approved,03.02.2014,2014,Neoplasms; Diseases of the digestive system,000207987.pdf,Small molecule,Lonsurf,Unresectable advanced or recurrent colorectal cancer,no,Unresectable advanced or recurrent colorectal cancer,"Taiho Pharmaceutical Co., Ltd.",Taiho,Not reported,Trifluridine and Tipiracil Hydrochloride,no,no,tablet,Not reported,NA
intravenous,30.09.2021,2021,authorised,approved,25.02.2022,2022,"Endocrine, nutritional, and metabolic diseases",000247409.pdf,Biologics,Xenpozyme,Acid sphingomyelinase deficiency,no,Acid sphingomyelinase deficiency,Sanofi K.K.,Sanofi,Not reported,Olipudase Alfa,no,yes,Lyophilized powder,Not reported,NA
intravenous,16.01.2023,2023,authorised,approved,21.08.2023,2023,Diseases of the nervous system,000267068.pdf,Biologics,Leqembi,To slow the progression of mild cognitive impairment and mild dementia due to Alzheimer’s disease,no,To slow the progression of early Alzheimer’s disease (mild cognitive impairment and mild dementia due to Alzheimer’s disease),"Eisai Co., Ltd.",Eisai,Not reported,Lecanemab,no,no,injection,Not reported,NA
oral,16.10.2019,2019,authorised,approved,30.10.2020,2020,Infectious and parasitic diseases,000246924.pdf,Small molecule,Xofluza,Treatment and prophylaxis of influenza A or B virus infection,yes,prophylaxis of influenza A or B virus infection,"Shionogi & Co., Ltd.",Shionogi,Not reported,Baloxavir Marboxil,no,no,tablet,Not reported,NA
Intramuscular,28.08.2015,2015,authorised,approved,08.02.2016,2016,Infectious and parasitic diseases; Diseases of the respiratory system,000216875.pdf,Vaccine,Adsorbed Cell Culture-derived Influenza Vaccine H5N1,Prevention of pandemic influenza (H5N1),yes,Prevention of pandemic influenza (H5N1),"Kitasato Daiichi Sankyo Vaccine Co., Ltd.",Kitasato Daiichi Sankyo,Not reported,Adsorbed cell culture-derived influenza vaccine,yes,yes,suspension,Not reported,Not reported
oral,28.02.2014,2014,authorised,approved,21.11.2014,2014,Diseases of the digestive system; Neoplasms; Diseases of the blood and blood-forming organs; Infectious and parasitic diseases,000211075.pdf,Small molecule,Takecab,"Treatment of gastric ulcer, duodenal ulcer, or reflux esophagitis; prevention of recurrent gastric or duodenal ulcer associated with low-dose aspirin administration; and prevention of recurrent gastric or duodenal ulcer associated with non-steroidal anti-inflammatory drug administration; Adjunct therapy to Helicobacter pylori eradication in gastric or duodenal ulcer, gastric mucosa-associated lymphatic tissue (MALT) lymphoma, idiopathic thrombocytopenic purpura, the stomach after endoscopic resection of early stage gastric cancer, or Helicobacter pylori gastritis",no,"Treatment of gastric ulcer, duodenal ulcer, or reflux esophagitis; prevention of recurrent gastric or duodenal ulcer associated with low-dose aspirin administration; and prevention of recurrent gastric or duodenal ulcer associated with non-steroidal anti-inflammatory drug administration; Adjunct therapy to Helicobacter pylori eradication in gastric or duodenal ulcer, gastric mucosa-associated lymphatic tissue (MALT) lymphoma, idiopathic thrombocytopenic purpura, the stomach after endoscopic resection of early stage gastric cancer, or Helicobacter pylori gastritis",Takeda Pharmaceutical Company Limited,Takeda,Not reported,Vonoprazan Fumarate,no,no,tablet,Not reported,NA
cutaneous,24.03.2014,2014,authorised,approved,21.01.2015,2015,Diseases of the skin,000218938.pdf,Small molecule,Duac,Acne vulgaris,no,Acne vulgaris,GlaxoSmithKline K.K.,GlaxoSmithKline,Not reported,Clindamycin Phosphate Hydrate/Benzoyl Peroxide,yes,no,gel,Not reported,Not reported
Intravenous,30.07.2015,2015,authorised,approved,01.02.2016,2016,Neoplasms,000219171.pdf,Small molecule,Halaven,Inoperable or recurrent breast cancer and soft tissue sarcoma,yes,Inoperable or recurrent breast cancer and soft tissue sarcoma,"Eisai Co., Ltd.",Eisai,Not reported,Eribulin Mesilate,yes,yes,solution,Not reported,Not reported
subcutaneous,06.08.2015,2015,authorised,approved,27.05.2016,2016,"Endocrine, nutritional, and metabolic diseases",000224582.pdf,Biologics,Praluent,Familial hypercholesterolemia and hypercholesterolemia,no,Hypercholesterolemia and familial hypercholesterolemia,Sanofi K.K.,Sanofi,Not reported,Alirocumab,no,no,solution,Not reported,NA
oral,09.02.2016,2016,authorised,approved,25.11.2016,2016,Diseases of the musculoskeletal system and connective tissue,000229930.pdf,Small molecule,Cymbalta,pain associated with osteoarthritis,yes,pain associated with osteoarthritis,"Shionogi & Co., Ltd.",Shionogi,Not reported,Duloxetine,yes,no,capsule,Not reported,Not reported
oral,24.06.2016,2016,authorised,approved,03.02.2017,2017,Neoplasms; Diseases of the blood and blood-forming organs,000228384.pdf,Small molecule,Revlimid,Relapsed or refractory adult T cell leukemia-lymphoma,yes,Relapsed or refractory adult T cell leukemia-lymphoma,Celgene K.K.,Celgene,Not reported,Lenalidomide Hydrate,yes,yes,capsule,Not reported,Not reported
intravenous,27.07.2023,2023,authorised,approved,22.02.2024,2024,Neoplasms; Diseases of the blood and blood-forming organs,000271597.pdf,Biologics,Besponsa,Relapsed or refractory CD22-positive acute lymphoblastic leukemia,yes,Relapsed or refractory CD22-positive acute lymphoblastic leukemia,Pfizer Japan Inc.,Pfizer,Not reported,Inotuzumab Ozogamicin,yes,yes,Lyophilized powder,Not reported,Not reported
oral,18.09.2014,2014,authorised,approved,05.03.2015,2015,Infectious and parasitic diseases,000210800.pdf,Small molecule,Copegus,Suppression of viremia in chronic hepatitis C patients with or without compensated cirrhosis in combination with Peginterferon Alfa-2a or Sofosbuvir,yes,Suppression of viremia in chronic hepatitis C patients,"Chugai Pharmaceutical Co., Ltd.",Chugai,Not reported,Ribavirin,yes,no,tablet,Not reported,Not reported
subcutaneous,31.05.2006,2006,authorised,approved,27.10.2008,2008,Diseases of the respiratory system,000153931.pdf,Biologics,Xolair,Bronchial asthma (only for refractory patients whose asthma symptoms are not controlled by conventional therapies),no,Bronchial asthma (only for patients who respond inadequately to conventional therapies),Novartis Pharma K.K.,Novartis,Not reported,Omalizumab,no,no,lyophilized powder,Not reported,NA
intravenous,29.10.2021,2021,authorised,approved,02.06.2022,2022,Diseases of the nervous system,000265591.pdf,Biologics,Rituxan,Prevention of the relapse of neuromyelitis optica spectrum disorder (including neuromyelitis optica),yes,Prevention of the relapse of neuromyelitis optica spectrum disorder (including neuromyelitis optica),"Zenyaku Kogyo Co., Ltd.",Zenyaku Kogyo,Not reported,Rituximab,yes,yes,solution,Not reported,Not reported
oral,31.08.2016,2016,authorised,approved,22.02.2017,2017,Infectious and parasitic diseases,000227563.pdf,Small molecule,Sovaldi,Suppression of viremia in patients with chronic hepatitis C with or without compensated cirrhosis (any serogroup [genotype] other than serogroup 1 [genotype 1]),yes,Suppression of viremia in patients with chronic hepatitis C with or without compensated cirrhosis (any serogroup [genotype] other than serogroup 1 [genotype 1]),Gilead Sciences K.K.,Gilead,Not reported,Sofosbuvir,no,no,tablet,Not reported,NA
oral,11.03.2016,2016,authorised,approved,09.09.2016,2016,Infectious and parasitic diseases,000224903.pdf,Small molecule,Erelsa,Suppression of viremia in serogroup 1 (genotype 1) chronic hepatitis C patients with or without compensated cirrhosis,no,Suppression of viremia in serogroup 1 (genotype 1) chronic hepatitis C patients with or without compensated cirrhosis,MSD K.K.,MSD,Not reported,Elbasvir,no,no,tablet,Not reported,NA
subcutaneous,25.08.2021,2021,authorised,approved,27.01.2023,2023,"Endocrine, nutritional, and metabolic diseases",000265142.pdf,Peptides and proteins,Wegovy,Obesity,yes,Obesity,Novo Nordisk Pharma Ltd.,Novo Nordisk,Not reported,Semaglutide,no,no,injection,Not reported,NA
intravenous,29.10.2014,2014,authorised,approved,05.06.2015,2015,Diseases of the nervous system,000212453.pdf,Small molecule,Radicut,"Improvement of neurological symptoms, disability in activities of daily living, and functional impairment associated with acute ischemic stroke; Slowing of progression of functional impairment in patients with amyotrophic lateral sclerosis (ALS)",yes,"Improvement of neurological symptoms, disability in activities of daily living, and functional impairment associated with acute ischemic stroke; Treatment of amyotrophic lateral sclerosis (ALS)",Mitsubishi Tanabe Pharma Corporation,Mitsubishi Tanabe,Not reported,Edaravone,yes,yes,Injection,Not reported,Not reported
intravitreous,30.03.2007,2007,authorised,approved,25.04.2008,2008,Diseases of the eye and adnexa,000153104.pdf,Peptides and proteins,Macugen,Subfoveal choroidal neovascularization secondary to age-related macular degeneration,no,Subfoveal choroidal neovascularization secondary to age-related macular degeneration,Pfizer Japan Inc.,Pfizer,Not reported,Pegaptanib Sodium,no,yes,solution,Not reported,NA
intravenous,27.05.2015,2015,authorised,approved,24.02.2016,2016,Neoplasms; Diseases of the digestive system,000217926.pdf,Small molecule,Proemend,Acute or delayed digestive symptoms (nausea and vomiting) resulting from the administration of antineoplastic agents such as cisplatin,yes,Acute or delayed digestive symptoms (nausea and vomiting) resulting from the administration of antineoplastic agents such as cisplatin,"Ono Pharmaceutical Co., Ltd.",Ono,Not reported,Fosaprepitant Meglumine,yes,no,Lyophilized powder,Not reported,Not reported
oral,27.03.2013,2013,authorised,approved,10.01.2014,2014,Diseases of the circulatory system; Diseases of the digestive system,000208812.pdf,Small molecule,Takelda,"Reduction of the risk of thrombosis and embolism in patients with a history of gastric or duodenal ulcers who have angina pectoris, myocardial infarction, ischemic cerebrovascular diseases, or who underwent CABG or PTCA",yes,"Reduction of the risk of thrombosis and embolism and prevention of recurrent gastric or duodenal ulcers associated with low-dose aspirin in patients with angina pectoris, myocardial infarction, ischemic cerebrovascular diseases, or who underwent CABG or PTCA",Takeda Pharmaceutical Company Limited,Takeda,Not reported,Aspirin/Lansoprazole,yes,no,tablet,Not reported,Not reported
intramuscular,22.06.2022,2022,authorised,approved,17.08.2022,2022,Infectious and parasitic diseases,000249127.pdf,Vaccine,Comirnaty,Prevention of disease caused by SARS-CoV-2 infection (COVID-19),no,Prevention of disease caused by SARS-CoV-2 infection (COVID-19),Pfizer Japan Inc.,Pfizer,Not reported,Coronavirus Modified Uridine RNA Vaccine,yes,no,Injection,Not reported,Not reported
oral,28.10.2020,2020,authorised,approved,30.07.2021,2021,Diseases of the skin,000250304.pdf,Small molecule,Rinvoq,Atopic dermatitis that have an inadequate response to conventional treatments,yes,Not reported,AbbVie GK,AbbVie,Not reported,Upadacitinib Hydrate,yes,no,tablet,Not reported,Not reported
oral,12.03.2008,2008,authorised,approved,30.04.2008,2008,Infectious and parasitic diseases,000153689.pdf,Small molecule,Isentress,HIV infection,no,HIV-1 infection,"Banyu Pharmaceutical Co., Ltd.",Banyu,Not reported,Raltegravir Potassium,no,yes,tablet,Not reported,NA
subcutaneous,07.01.2019,2019,authorised,approved,29.08.2019,2019,"Endocrine, nutritional, and metabolic diseases; Diseases of the musculoskeletal system and connective tissue",000235589.pdf,Biologics,Crysvita,FGF23-related hypophosphatemic rickets/osteomalacia,no,FGF23-related hypophosphatemic rickets/osteomalacia,"Kyowa Kirin Co., Ltd.",Kyowa Kirin,Not reported,Burosumab,no,yes,injection,Not reported,NA
oral,26.02.2021,2021,authorised,approved,06.09.2021,2021,Diseases of the blood and blood-forming organs; Diseases of the circulatory system,000250305.pdf,Small molecule,Tavneos,Microscopic polyangiitis and granulomatosis with polyangiitis,no,Microscopic polyangiitis and granulomatosis with polyangiitis,"Kissei Pharmaceutical Co., Ltd.",Kissei,Not reported,Avacopan,no,yes,capsule,Not reported,NA
intramuscular,08.08.2022,2022,authorised,approved,07.09.2022,2022,Infectious and parasitic diseases,000249126.pdf,Vaccine,Comirnaty,Prevention of disease caused by SARS-CoV-2 infection (COVID-19),yes,Prevention of disease caused by SARS-CoV-2 infection (COVID-19),Pfizer Japan Inc.,Pfizer,Not reported,Coronavirus Modified Uridine RNA Vaccine,yes,no,injection,Not reported,Not reported
oral,24.03.2016,2016,authorised,approved,24.11.2016,2016,Diseases of the skin; Diseases of the musculoskeletal system and connective tissue,000230195.pdf,Small molecule,Otezla,Psoriasis vulgaris inadequately responding to topical therapy; Psoriatic arthritis,no,Psoriasis vulgaris inadequately responding to topical therapy; Psoriatic arthritis,Celgene K.K.,Celgene,Not reported,Apremilast,no,no,tablet,Not reported,NA
oral,05.12.2016,2016,authorised,approved,02.03.2018,2018,Neoplasms; Diseases of the respiratory system,000237163.pdf,Small molecule,Mekinist,Unresectable advanced or recurrent non-small cell lung cancer with BRAF mutations,yes,Unresectable advanced or recurrent non-small cell lung cancer with BRAF mutations,Novartis Pharma K.K.,Novartis,Not reported,Trametinib,no,yes,tablet,Not reported,NA
intravenous,30.03.2022,2022,authorised,approved,27.01.2023,2023,Other,000265792.pdf,Small molecule,Precedex,Sedation of non-intubated pediatric patients during non-invasive procedures or examinations,yes,Sedation of non-intubated pediatric patients during non-invasive procedures or examinations,Pfizer Japan Inc.,Pfizer,Not reported,Dexmedetomidine Hydrochloride,yes,no,solution,Not reported,Not reported
oral,30.03.2011,2011,authorised,approved,03.02.2014,2014,Infectious and parasitic diseases,000210319.pdf,Small molecule,Avigan,Treatment of novel or re-emerging pandemic influenza virus infections (limited to cases in which other influenza antiviral drugs are ineffective or not sufficiently effective),no,Influenza A or B virus infection,"Toyama Chemical Co., Ltd.",Toyama,Not reported,Favipiravir,no,no,tablet,Not reported,NA
oral,11.03.2016,2016,authorised,approved,09.09.2016,2016,Infectious and parasitic diseases,000224902.pdf,Small molecule,Grazyna,Suppression of viremia in serogroup 1 (genotype 1) chronic hepatitis C patients with or without compensated cirrhosis,no,Suppression of viremia in serogroup 1 (genotype 1) chronic hepatitis C patients with or without compensated cirrhosis,MSD K.K.,MSD,Not reported,Grazoprevir,no,no,tablet,Not reported,NA
oral,31.08.2016,2016,authorised,approved,22.02.2017,2017,Infectious and parasitic diseases,000227562.pdf,Small molecule,Sovaldi,Suppression of viremia in patients with chronic hepatitis C with or without compensated cirrhosis (any serogroup [genotype] other than serogroup 1 [genotype 1]),yes,Suppression of viremia in patients with chronic hepatitis C with or without compensated cirrhosis (any serogroup [genotype] other than serogroup 1 [genotype 1]),Gilead Sciences K.K.,Gilead,Not reported,Sofosbuvir,no,no,tablet,Not reported,NA
Intrathecal,05.07.2017,2017,authorised,approved,22.08.2017,2017,Diseases of the nervous system,000228335.pdf,Peptides and proteins,Spinraza,Infantile Spinal muscular atrophy; Non-infantile spinal muscular atrophy,yes,Infantile Spinal muscular atrophy,Biogen Japan Ltd.,Biogen,Not reported,Nusinersen,yes,yes,solution,Not reported,Not reported
subcutaneous,31.03.2023,2023,authorised,approved,05.02.2024,2024,Diseases of the skin,000274306.pdf,Biologics,Dupixent,Chronic spontaneous urticaria,yes,Chronic spontaneous urticaria,Sanofi K.K.,Sanofi,Not reported,Dupilumab,yes,no,Syringe,Not reported,Not reported
oral,25.08.2022,2022,authorised,approved,29.05.2023,2023,Diseases of the skin,000266925.pdf,Small molecule,Litfulo,Alopecia areata (limited to intractable cases involving extensive hair loss),no,Alopecia areata (limited to intractable cases involving extensive hair loss),Pfizer Japan Inc.,Pfizer,Not reported,Ritlecitinib Tosilate,no,no,capsule,Not reported,NA
oral,04.03.2016,2016,authorised,approved,30.05.2016,2016,Infectious and parasitic diseases,000222430.pdf,Small molecule,Genvoya,HIV-1 infection,no,HIV-1 infection,Japan Tobacco Inc.,Japan Tobacco,Not reported,Elvitegravir/Cobicistat/Emtricitabine/Tenofovir Alafenamide,no,yes,tablet,Not reported,NA
intravenous,02.09.2016,2016,authorised,approved,30.05.2017,2017,Neoplasms; Diseases of the blood and blood-forming organs,000233298.pdf,Small molecule,Istodax,Relapsed or refractory peripheral T-cell lymphoma,no,Relapsed or refractory peripheral T-cell lymphoma,Celgene K.K.,Celgene,Not reported,Romidepsin,no,yes,Lyophilized powder,Not reported,NA
subcutaneous,31.10.2014,2014,authorised,approved,10.07.2015,2015,"Endocrine, nutritional, and metabolic diseases",000269814.pdf,Peptides and proteins,Tresiba,Diabetes mellitus where treatment with insulin is required,yes,Diabetes mellitus where treatment with insulin is required,Novo Nordisk Pharma Ltd.,Novo Nordisk,Not reported,Insulin Degludec,yes,no,solution,Not reported,Not reported
oral,19.12.2018,2018,authorised,approved,30.05.2019,2019,Neoplasms,000232794.pdf,Small molecule,Rozlytrek,"NTRK fusion-positive, advanced/recurrent solid tumors",no,"NTRK fusion-positive, locally advanced or metastatic solid tumors","Chugai Pharmaceutical Co., Ltd.",Chugai,Not reported,Entrectinib,no,yes,capsule,Not reported,NA
oral,07.10.2013,2013,authorised,approved,26.05.2014,2014,Neoplasms; Diseases of the respiratory system,000208811.pdf,Small molecule,Alecensa,"ALK fusion gene-positive, unresectable, recurrent or advanced non-small cell lung cancer",no,"ALK fusion gene-positive, unresectable, recurrent or advanced non-small cell lung cancer","Chugai Pharmaceutical Co., Ltd.",Chugai,Not reported,Alectinib Hydrochloride,no,yes,capsule,Not reported,NA
Subcutaneous,24.12.2013,2013,authorised,approved,10.10.2014,2014,"Endocrine, nutritional, and metabolic diseases",000210092.pdf,Peptides and proteins,Insulin Glargine BS,Treatment of diabetes mellitus where treatment with insulin is required,no,Treatment of diabetes mellitus where treatment with insulin is required,Eli Lilly Japan K.K.,Eli Lilly,Not reported,Insulin Glargine,no,no,solution,Not reported,NA
intramuscular,13.01.2023,2023,authorised,approved,31.07.2023,2023,Infectious and parasitic diseases,000266892.pdf,Vaccine,Daichirona,Prevention of disease caused by SARS-CoV-2 infection (COVID-19),no,Prevention of disease caused by SARS-CoV-2 infection (COVID-19),"Daiichi Sankyo Company, Limited",Daiichi Sankyo,Not reported,Coronavirus (SARS-CoV-2) RNA Vaccine,no,no,injection,Not reported,NA
subcutaneous,11.06.2012,2012,authorised,approved,24.05.2013,2013,"Endocrine, nutritional, and metabolic diseases",000153885.pdf,Peptides and proteins,Lyxumia,Type 2 diabetes mellitus,no,Type 2 diabetes mellitus,Sanofi K.K.,Sanofi,Not reported,Lixisenatide,no,no,solution,Not reported,NA
oral,04.03.2020,2020,authorised,approved,30.10.2020,2020,Neoplasms; Diseases of the digestive system,000240841.pdf,Small molecule,Mektovi,Unresectable advanced or recurrent colorectal cancer with BRAF mutation that has progressed after cancer chemotherapy,yes,Unresectable advanced or recurrent colorectal cancer with BRAF mutation,"Ono Pharmaceutical Co., Ltd.",Ono,Not reported,Binimetinib,no,no,tablet,Not reported,NA
intravenous,31.07.2014,2014,authorised,approved,05.06.2015,2015,Diseases of the musculoskeletal system and connective tissue,000215883.pdf,Peptides and proteins,Xiaflex,Dupuytren’s contracture,no,Dupuytren’s contracture with a palpable cord,Asahi Kasei Pharma Corporation,Asahi Kasei,Not reported,Collagenase,yes,no,Lyophilized powder,Not reported,Not reported
intravenous,10.12.2020,2020,authorised,approved,Not reported,2021,Neoplasms; Diseases of the digestive system,000246571.pdf,Biologics,Opdivo,"Treatment of unresectable, advanced or recurrent gastric cancer; Adjuvant therapy of esophageal cancer",yes,"Treatment of unresectable, advanced or recurrent gastric cancer previously untreated with chemotherapy; Adjuvant therapy of esophageal cancer","Ono Pharmaceutical Co., Ltd.",Ono,Not reported,Nivolumab,yes,no,Injection,Not reported,Not reported
intravenous,30.03.2018,2018,authorised,approved,29.11.2018,2018,Neoplasms; Diseases of the respiratory system; Diseases of the blood and blood-forming organs; Diseases of the genitourinary system,000231921.pdf,Biologics,Keytruda,"Unresectable Malignant melanoma; Unresectable, advanced or recurrent PD-L1 positive non-small cell lung cancer; Relapsed or refractory classical Hodgkin lymphoma; Radically unresectable urothelial carcinoma that has progressed after cancer chemotherapy; Advanced or recurrent microsatellite instability-high (MSI-High) solid tumors that have progressed after cancer chemotherapy",yes,Not reported,MSD K.K.,MSD,Not reported,Pembrolizumab,yes,yes,injection,Not reported,Not reported
subcutaneous,23.09.2016,2016,authorised,approved,30.05.2017,2017,Diseases of the musculoskeletal system and connective tissue,000228530.pdf,Biologics,Pralia,Osteoporosis; Inhibition of progression of bone erosion associated with rheumatoid arthritis,yes,Osteoporosis; Prevention of structural joint damage associated with rheumatoid arthritis,"Daiichi Sankyo Co., Ltd.",Daiichi Sankyo,Not reported,Denosumab,no,no,solution,Not reported,NA
oral,04.03.2020,2020,authorised,approved,30.10.2020,2020,Neoplasms; Diseases of the digestive system,000240840.pdf,Small molecule,Braftovi,Unresectable advanced or recurrent colorectal cancer with BRAF mutation that has progressed after cancer chemotherapy,yes,Unresectable advanced or recurrent colorectal cancer with BRAF mutation,"Ono Pharmaceutical Co., Ltd.",Ono,Not reported,Encorafenib,no,no,capsule,Not reported,NA
ocular,01.10.2015,2015,authorised,approved,07.09.2016,2016,Diseases of the eye and adnexa,000223317.pdf,Small molecule,Mikeluna,Glaucoma and ocular hypertension,no,Glaucoma and ocular hypertension,"Otsuka Pharmaceutical Co., Ltd.",Otsuka,Not reported,Carteolol Hydrochloride /Latanoprost,yes,no,solution,Not reported,Not reported
oral,12.09.2022,2022,authorised,approved,12.05.2023,2023,"Endocrine, nutritional, and metabolic diseases",000266893.pdf,Small molecule,Parmodia XR,Hyperlipidemia (including familial hyperlipidemia),yes,Hyperlipidemia (including familial hyperlipidemia),"Kowa Company, Ltd.",Kowa,Not reported,Pemafibrate,yes,no,tablet,Not reported,Not reported
intravenous,27.12.2012,2012,authorised,approved,18.11.2013,2013,Diseases of the blood and blood-forming organs,000203945.pdf,Biologics,NovoEight,Control of bleeding tendency in patients with blood coagulation factor VIII deficiency,no,Control of bleeding tendency in patients with haemophilia A (congenital blood coagulation factor VIII deficiency),Novo Nordisk Pharma Ltd.,Novo Nordisk,Not reported,Turoctocog Alfa,no,no,Lyophilized powder,Not reported,NA
oral,27.04.2017,2017,authorised,approved,01.03.2018,2018,"Endocrine, nutritional, and metabolic diseases; Diseases of the genitourinary system",000235777.pdf,Small molecule,Orkedia,Secondary hyperparathyroidism in patients on maintenance dialysis,no,Secondary hyperparathyroidism in patients on maintenance dialysis,"Kyowa Hakko Kirin Co., Ltd.",Kyowa Hakko Kirin,Not reported,Evocalcet,no,no,tablet,Not reported,NA
oral,24.09.2014,2014,authorised,approved,28.05.2015,2015,Infectious and parasitic diseases,000215262.pdf,Small molecule,Harvoni,Suppression of viremia in serogroup 1 (genotype 1) chronic hepatitis C patients with or without compensated cirrhosis.,no,Suppression of viremia in serogroup 1 (genotype 1) chronic hepatitis C patients with or without compensated cirrhosis.,Gilead Sciences K.K.,Gilead,Not reported,Ledipasvir Acetonate/Sofosbuvir,no,no,tablet,Not reported,NA
intravenous,18.03.2022,2022,authorised,approved,28.11.2022,2022,Neoplasms; Diseases of the genitourinary system,000265791.pdf,Biologics,Libtayo,Advanced or recurrent cervical cancer that has progressed after chemotherapy,no,Advanced or recurrent cervical cancer that has progressed after chemotherapy,Sanofi K.K.,Sanofi,Not reported,Cemiplimab,no,no,injection,Not reported,NA
oral,17.10.2018,2018,authorised,approved,30.05.2019,2019,Neoplasms; Diseases of the blood and blood-forming organs,000240288.pdf,Small molecule,Vanflyta,Relapsed or refractory FLT3-ITD mutation-positive acute myeloid leukemia,no,Relapsed or refractory FLT3-ITD mutation-positive acute myeloid leukemia,"Daiichi Sankyo Company, Limited",Daiichi Sankyo,Not reported,Quizartinib Hydrochloride,no,yes,tablet,Not reported,NA
Inhalation,30.06.2023,2023,authorised,approved,04.03.2024,2024,Diseases of the respiratory system,000272776.pdf,Biologics,Sargmalin,Autoimmune pulmonary alveolar proteinosis,no,Autoimmune pulmonary alveolar proteinosis,"Nobelpharma Co., Ltd.",Nobel,Not reported,Sargramostim,no,yes,Lyophilized powder,Not reported,NA
oral,31.05.2018,2018,authorised,approved,22.02.2019,2019,Diseases of the musculoskeletal system and connective tissue,000233074.pdf,Small molecule,Smyraf,Treatment of rheumatoid arthritis (including prevention of structural joint damage) in patients who have an inadequate response to conventional therapies.,no,Treatment of rheumatoid arthritis (including prevention of structural joint damage) in patients who have an inadequate response to conventional therapies.,Astellas Pharma Inc.,Astellas,Not reported,Peficitinib,no,no,tablet,Not reported,NA
subcutaneous,22.02.2017,2017,authorised,approved,24.11.2017,2017,Diseases of the respiratory system,000236124.pdf,Biologics,Fasenra,Bronchial asthma (only for patients with intractable bronchial asthma uncontrolled on conventional therapy),no,Bronchial asthma (only for patients with intractable bronchial asthma uncontrolled on conventional therapy),AstraZeneca K.K.,AstraZeneca,Not reported,Benralizumab,no,no,injection,Not reported,NA
oral,30.06.2023,2023,authorised,approved,09.05.2024,2024,Neoplasms; Diseases of the blood and blood-forming organs,000275223.pdf,Small molecule,Jaypirca,Relapsed or refractory mantle cell lymphoma in patients who are resistant or intolerant to other BTK inhibitors,no,Relapsed or refractory mantle cell lymphoma in patients who are resistant or intolerant to other BTK inhibitors,Eli Lilly Japan K.K.,Eli Lilly,Not reported,Pirtobrutinib,no,Not reported,tablet,Not reported,NA
oral,22.02.2013,2013,authorised,approved,13.09.2013,2013,Infectious and parasitic diseases,000227565.pdf,Small molecule,Sovriad,Improvement of viraemia in patients with serogroup 1 (genotype I [1a] or II [1b]) chronic hepatitis C virus infection,no,Improvement of viraemia in patients with serogroup 1 (genotype I [1a] or II [1b]) chronic hepatitis C virus infection,Janssen Pharmaceutical K.K.,Janssen,Not reported,Simeprevir Sodium,no,no,capsule,Not reported,NA
intramuscular,25.07.2014,2014,authorised,approved,05.06.2015,2015,Diseases of the nervous system; Diseases of the eye and adnexa; Diseases of the musculoskeletal system and connective tissue,000216948.pdf,Biologics,Botox,"Blepharospasm, hemifacial spasm, cervical dystonia, upper limb spasticity, lower limb spasticity, talipes equinus associated with lower limb spasticity in patients ≥2 years of age with infantile cerebral palsy, severe primary axillary hyperhidrosis, and strabismus",yes,"Blepharospasm, hemifacial spasm, cervical dystonia, upper limb spasticity, lower limb spasticity, talipes equinus associated with lower limb spasticity in patients ≥2 years of age with infantile cerebral palsy, severe primary axillary hyperhidrosis, and strabismus",GlaxoSmithKline K.K.,GlaxoSmithKline,Not reported,Botulinum Toxin Type A,yes,no,Powder,Not reported,Not reported
intravenous,30.11.2017,2017,authorised,approved,24.05.2018,2018,Neoplasms; Diseases of the skin,000235773.pdf,Biologics,Poteligeo,Relapsed or refractory cutaneous T-cell lymphoma,yes,Relapsed or refractory CCR4-positive cutaneous T-cell lymphoma,"Kyowa Hakko Kirin Co., Ltd.",Kyowa Hakko Kirin,Not reported,Mogamulizumab,no,yes,solution,Not reported,NA
oral,05.12.2016,2016,authorised,approved,02.03.2018,2018,Neoplasms; Diseases of the respiratory system,000237164.pdf,Small molecule,Tafinlar,Unresectable advanced or recurrent non-small cell lung cancer with BRAF mutations,yes,Unresectable advanced or recurrent non-small cell lung cancer with BRAF mutations,Novartis Pharma K.K.,Novartis,Not reported,Dabrafenib Mesilate,no,yes,capsule,Not reported,NA
intravenous,29.03.2019,2019,authorised,approved,05.11.2019,2019,Neoplasms; Diseases of the blood and blood-forming organs,000243154.pdf,Biologics,Adcetris,"The following CD30-positive diseases: Hodgkin’s lymphoma, Peripheral T-cell lymphoma",yes,"The following CD30-positive diseases: Hodgkin’s lymphoma, Peripheral T-cell lymphoma, Relapsed or refractory anaplastic large-cell lymphoma",Takeda Pharmaceutical Company Limited,Takeda,Not reported,Brentuximab Vedotin,yes,yes,Powder,Not reported,Not reported
oral,26.11.2020,2020,authorised,approved,25.02.2022,2022,"Diseases of the genitourinary system; Endocrine, nutritional, and metabolic diseases",000264058.pdf,Small molecule,Kerendia,Chronic kidney disease associated with type 2 diabetes mellitus,no,Chronic kidney disease associated with type 2 diabetes mellitus,"Bayer Yakuhin, Ltd.",Bayer,Not reported,Finerenone,no,no,tablet,Not reported,NA
oral,09.12.2020,2020,authorised,approved,06.09.2021,2021,Diseases of the skin,000251034.pdf,Small molecule,Cibinqo,Atopic dermatitis in patients who have had an inadequate response to conventional treatments,no,Atopic dermatitis in patients who have had an inadequate response to conventional treatments,Pfizer Japan Inc.,Pfizer,Not reported,Abrocitinib,no,no,tablet,Not reported,NA
oral,18.06.2013,2013,authorised,approved,24.02.2014,2014,Diseases of the circulatory system,000213561.pdf,Small molecule,Efient,"The following ischemic heart diseases in patients who are to be managed with PCI: Acute coronary syndrome (unstable angina, non-ST segment elevation myocardial infarction, or ST segment elevation myocardial infarction); Stable angina pectoris or old myocardial infarction",no,Reduction of thrombotic events in patients with ischemic heart diseases managed with PCI,"Daiichi Sankyo Company, Limited",Daiichi Sankyo,Not reported,Prasugrel Hydrochloride,no,no,tablet,Not reported,NA
subcutaneous,20.02.2013,2013,authorised,approved,26.06.2014,2014,Infectious and parasitic diseases,000210040.pdf,Vaccine,Squarekids,"Prevention of pertussis, diphtheria, tetanus, and acute poliomyelitis",no,"Prevention of pertussis, diphtheria, tetanus, and acute poliomyelitis","Kitasato Daiichi Sankyo Vaccine Co., Ltd.",Kitasato Daiichi Sankyo,Not reported,Adsorbed Diphtheria-Purified Pertussis-Tetanus-Inactivated Polio (Salk Vaccine) Combined Vaccine,no,no,injection,Not reported,NA
intravenous,01.03.2021,2021,authorised,approved,26.11.2021,2021,Diseases of the circulatory system; Diseases of the nervous system,000264059.pdf,Small molecule,Pivlaz,Prevention of cerebrovascular spasm after surgery for subarachnoid haemorrhage caused by cerebral aneurysm and subsequent cerebral infarction and cerebral ischemic episodes,no,Prevention of cerebrovascular spasm after surgery for subarachnoid haemorrhage caused by cerebral aneurysm and subsequent cerebral infarction and cerebral ischemic episodes,Idorsia Pharmaceuticals Japan Ltd.,Idorsia,Not reported,Clazosentan Sodium,no,no,injection,Not reported,NA
oral,26.02.2021,2021,authorised,approved,02.12.2021,2021,Diseases of the respiratory system,000263285.pdf,Small molecule,Lyfnua,Refractory chronic cough,no,Refractory or unexplained chronic cough,MSD K.K.,MSD,Not reported,Gefapixant Citrate,no,no,tablet,Not reported,NA
oral,29.09.2010,2010,authorised,approved,07.02.2013,2013,Diseases of the digestive system,000153467.pdf,Small molecule,Acofide,"Postprandial fullness, upper abdominal bloating, and early satiation in patients with functional dyspepsia",no,"Functional dyspepsia (gastrointestinal symptoms such as postprandial fullness, upper abdominal bloating, and early satiation)","Zeria Pharmaceutical Co., Ltd.",Zeria,Not reported,Acotiamide,no,no,tablet,Not reported,NA
oral,31.08.2016,2016,authorised,approved,03.03.2017,2017,Infectious and parasitic diseases,000227564.pdf,Small molecule,Sovaldi,Suppression of viremia in patients with chronic hepatitis C with or without compensated cirrhosis (any serogroup [genotype] other than serogroup 1 [genotype 1]),yes,Suppression of viremia in patients with chronic hepatitis C with or without compensated cirrhosis (any serogroup [genotype] other than serogroup 1 [genotype 1]),Gilead Sciences K.K.,Gilead,Not reported,Sofosbuvir,no,no,tablet,Not reported,NA
Intravenous,04.03.2016,2016,authorised,approved,18.01.2017,2017,Diseases of the circulatory system,000227028.pdf,Small molecule,Epoprostenol ACT,Pulmonary arterial hypertension,yes,Pulmonary arterial hypertension,Actelion Pharmaceuticals Japan Ltd.,Actelion,Not reported,Epoprostenol Sodium,yes,no,Powder,Not reported,Not reported
oral,05.03.2019,2019,authorised,approved,25.11.2019,2019,Neoplasms; Diseases of the genitourinary system,000236125.pdf,Small molecule,Nubeqa,Non-metastatic castration-resistant prostate cancer,no,Castration-resistant prostate cancer,"Bayer Yakuhin, Ltd.",Bayer,Not reported,Darolutamide,no,no,tablet,Not reported,NA
oral,24.02.2023,2023,authorised,approved,27.11.2023,2023,Neoplasms,000270833.pdf,Small molecule,Talzenna,BRCA-mutated HER2-negative inoperable or recurrent breast cancer after prior chemotherapy,no,Castration-resistant prostate cancer; BRCA-mutated HER2-negative inoperable or recurrent breast cancer,Pfizer Japan Inc.,Pfizer,Not reported,Talazoparib Tosilate,no,no,capsule,Not reported,NA
intravenous,30.06.2021,2021,authorised,approved,12.05.2022,2022,Neoplasms; Diseases of the blood and blood-forming organs,000263873.pdf,Small molecule,Darvias,Relapsed or refractory peripheral T-cell lymphoma,no,Relapsed or refractory peripheral T-cell lymphoma,Solasia Pharma K.K.,Solasia,Not reported,Darinaparsin,no,no,Lyophilized powder,Not reported,NA
intramuscular,14.07.2022,2022,authorised,approved,05.10.2022,2022,Infectious and parasitic diseases,000249724.pdf,Vaccine,Comirnaty,Prevention of disease caused by SARS-CoV-2 infection (COVID-19),yes,Prevention of disease caused by SARS-CoV-2 infection (COVID-19),Pfizer Japan Inc.,Pfizer,Not reported,Coronavirus Modified Uridine RNA Vaccine,yes,no,injection,Not reported,Not reported
intravenous,04.05.2020,2020,authorised,approved,07.05.2020,2020,Infectious and parasitic diseases,000243209.pdf,Small molecule,Veklury,Disease caused by SARS-CoV-2 infection (COVID-19),no,Disease caused by SARS-CoV-2 infection (COVID-19),Gilead Sciences K.K.,Gilead,Not reported,Remdesivir,yes,no,solution,Not reported,Not reported
intravenous,14.06.2023,2023,authorised,approved,29.02.2024,2024,Diseases of the blood and blood-forming organs,000273123.pdf,Biologics,Piasky,Paroxysmal nocturnal hemoglobinuria,no,Paroxysmal nocturnal hemoglobinuria,"Chugai Pharmaceutical Co., Ltd.",Chugai,Not reported,Crovalimab,no,no,injection,Not reported,NA
intravenous,26.03.2020,2020,authorised,approved,04.09.2020,2020,Neoplasms; Diseases of the respiratory system,000239770.pdf,Biologics,Akalux,Unresectable locally advanced or recurrent head and neck cancer,no,Recurrent head and neck cancer,Rakuten Medical Japan K.K.,Rakuten,Not reported,Cetuximab Sarotalocan Sodium,no,no,injection,Not reported,NA
Intramuscular,11.04.2023,2023,authorised,approved,25.07.2023,2023,Infectious and parasitic diseases,000266328.pdf,Vaccine,Comirnaty,Prevention of disease caused by SARS-CoV-2 infection (COVID-19),yes,Prevention of disease caused by SARS-CoV-2 infection (COVID-19),Pfizer Japan Inc.,Pfizer,Not reported,Coronavirus (SARS-CoV-2) RNA Vaccine,yes,no,Injection,Not reported,Not reported
subcutaneous,28.04.2009,2009,authorised,approved,23.04.2010,2010,Diseases of the musculoskeletal system and connective tissue,000207926.pdf,Peptides and proteins,Forteo,Treatment of patients with osteoporosis at high risk for fracture,no,Treatment of patients with osteoporosis at high risk for fracture,Eli Lilly Japan K.K.,Eli Lilly,Not reported,Teriparatide,no,no,solution,Not reported,NA
Inhalation,25.11.2011,2011,authorised,approved,06.09.2012,2012,Diseases of the respiratory system,000153897.pdf,Small molecule,Seebri,Relief of symptoms of airway obstruction in patients with chronic obstructive pulmonary disease (chronic bronchitis and emphysema),no,Relief of symptoms of airway obstruction in patients with chronic obstructive pulmonary disease (chronic bronchitis and emphysema),Novartis Pharma K.K.,Novartis,Not reported,Glycopyrronium Bromide,no,no,capsule,Not reported,NA
intravenous,30.10.2014,2014,authorised,approved,03.08.2015,2015,Diseases of the musculoskeletal system and connective tissue; Diseases of the eye and adnexa; Diseases of the skin; Diseases of the digestive system; Diseases of the circulatory system,000213562.pdf,Biologics,Remicade,"Treatment of the following diseases in patients who had an inadequate response to conventional therapies: Rheumatoid arthritis, Refractory uveoretinitis associated with Behcet's disease, Plaque psoriasis, psoriatic arthritis, pustular psoriasis, erythrodermic psoriasis, Ankylosing spondylitis, Intestinal-Behcet's disease, neuro-Behcet's disease, vasculo-Behcet's disease, Treatment and maintenance therapy of Crohn's disease, Treatment of moderate to severe ulcerative colitis",yes,"Treatment of the following diseases in patients who had an inadequate response to conventional therapies: Rheumatoid arthritis, Refractory uveoretinitis associated with Behcet's disease, Plaque psoriasis, psoriatic arthritis, pustular psoriasis, erythrodermic psoriasis, Ankylosing spondylitis, Intestinal-Behcet's disease, neuro-Behcet's disease, vasculo-Behcet's disease, Treatment and maintenance therapy of Crohn's disease, Treatment of moderate to severe ulcerative colitis",Mitsubishi Tanabe Pharma Corporation,Mitsubishi Tanabe,Not reported,Infliximab,yes,yes,Powder,Not reported,Not reported
intravenous,29.08.2014,2014,authorised,approved,05.03.2015,2015,Diseases of the blood and blood-forming organs,000213204.pdf,Peptides and proteins,NovoThirteen,Control of bleeding tendency in patients with congenital blood coagulation factor XIII A-subunit deficiency,no,Control of bleeding tendency in patients with congenital blood coagulation factor XIII A-subunit deficiency,Novo Nordisk Pharma Ltd.,Novo Nordisk,Not reported,Catridecacog,no,yes,Lyophilized powder,Not reported,NA
oral,31.03.2015,2015,authorised,approved,28.08.2015,2015,Diseases of the circulatory system,000218422.pdf,Small molecule,Tracleer,Pulmonary arterial hypertension,yes,Pulmonary arterial hypertension,Actelion Pharmaceuticals Japan Ltd.,Actelion,Not reported,Bosentan,no,yes,tablet,Not reported,NA
subcutaneous,15.10.2014,2014,authorised,approved,05.06.2015,2015,"Endocrine, nutritional, and metabolic diseases",000213563.pdf,Biologics,Strensiq,Hypophosphatasia,no,Hypophosphatasia,Alexion Pharma G.K.,Alexion,Not reported,Asfotase Alfa,no,yes,injection,Not reported,NA
subcutaneous,27.05.2020,2020,authorised,approved,25.02.2021,2021,Diseases of the musculoskeletal system and connective tissue,000251036.pdf,Peptides and proteins,Ostabalo,Treatment for patients with osteoporosis at high risk of fracture,no,Treatment for patients with osteoporosis at high risk of fracture,Teijin Pharma Limited,Teijin,Not reported,Abaloparatide,no,no,aqueous injection,Not reported,NA
oral,30.11.2012,2012,authorised,approved,18.11.2013,2013,Neoplasms; Diseases of the respiratory system,000210320.pdf,Small molecule,Giotrif,EGFR mutation-positive inoperable or recurrent non-small cell lung cancer,no,EGFR mutation-positive inoperable or recurrent non-small cell lung cancer,"Nippon Boehringer Ingelheim Co., Ltd.",Boehringer Ingelheim,Not reported,Afatinib Maleate,no,no,tablet,Not reported,NA
intramuscular,28.04.2023,2023,authorised,approved,27.11.2023,2023,Infectious and parasitic diseases,000269813.pdf,Vaccine,Kostaive,Prevention of disease caused by SARS-CoV-2 infection (COVID-19),no,Prevention of disease caused by SARS-CoV-2 infection (COVID-19),"Meiji Seika Pharma Co., Ltd.",Meiji,Not reported,Coronavirus (SARS-CoV-2) RNA Vaccine,no,no,Lyophilized powder,Not reported,NA
intravenous,15.10.2019,2019,authorised,approved,26.02.2020,2020,Neoplasms,000237990.pdf,Small molecule,Steboronine,"Unresectable, locally advanced or locally recurrent head and neck cancer",no,Unresectable locally recurrent head and neck cancer; Unresectable advanced head and neck non-squamous cell carcinoma,Stella Pharma Corporation,Stella,Not reported,Borofalan,no,no,solution,Not reported,NA
intravenous,20.12.2007,2007,authorised,approved,21.10.2009,2009,Other,000153538.pdf,Small molecule,Bridion,Reversal of neuromuscular blockade induced by rocuronium bromide or vecuronium bromide,no,Reversal of neuromuscular blockade induced by rocuronium bromide or vecuronium bromide,Schering-Plough K.K.,Schering-Plough,Not reported,Sugammadex Sodium,no,no,solution,Not reported,NA
oral,05.06.2020,2020,authorised,approved,28.04.2021,2021,Diseases of the circulatory system,000250274.pdf,Small molecule,Verquvo,Chronic heart failure (only in patients who are receiving standard treatment for chronic heart failure),no,Chronic heart failure (only in patients who are receiving standard treatment for chronic heart failure),"Bayer Yakuhin, Ltd.",Bayer,Not reported,Vericiguat,no,no,tablet,Not reported,NA
oral,07.01.2016,2016,authorised,approved,07.09.2016,2016,Diseases of the circulatory system,000222147.pdf,Small molecule,Uptravi,Pulmonary arterial hypertension,no,Pulmonary arterial hypertension,"Nippon Shinyaku Co., Ltd.",Nippon Shinyaku,Not reported,Selexipag,no,yes,tablet,Not reported,NA
subcutaneous,25.04.2016,2016,authorised,approved,24.11.2016,2016,"Diseases of the musculoskeletal system and connective tissue; Endocrine, nutritional, and metabolic diseases",000227995.pdf,Biologics,Ilaris,Cryopyrin-associated periodic syndromes; Familial Mediterranean fever refractory to conventional treatment; Tumor necrosis factor receptor-associated periodic syndrome; Hyperimmunoglobulin D syndrome (mevalonate kinase deficiency),yes,Not reported,Novartis Pharma K.K.,Novartis,Not reported,Canakinumab,yes,yes,Lyophilized injection,Not reported,Not reported
intravenous,25.07.2014,2014,authorised,approved,05.03.2015,2015,Neoplasms; Diseases of the digestive system,000219876.pdf,Biologics,Cyramza,Unresectable advanced/recurrent gastric cancer,no,Unresectable advanced/recurrent gastric cancer,Eli Lilly Japan K.K.,Eli Lilly,Not reported,Ramucirumab,no,no,injection,Not reported,NA
intravenous,17.10.2017,2017,authorised,approved,29.08.2018,2018,Diseases of the blood and blood-forming organs,000229786.pdf,Biologics,Jivi,Control of bleeding tendency in patients with blood coagulation factor VIII deficiency,no,Control of bleeding tendency in patients with blood coagulation factor VIII deficiency,"Bayer Yakuhin, Ltd.",Bayer,Not reported,Damoctocog Alfa Pegol,no,no,Lyophilized powder,Not reported,NA
oral,17.05.2013,2013,authorised,approved,29.11.2013,2013,Diseases of the circulatory system,000207309.pdf,Small molecule,Adempas,Inoperable chronic thromboembolic pulmonary hypertension (CTEPH) or postoperative persistent or recurrent CTEPH,no,Inoperable chronic thromboembolic pulmonary hypertension (CTEPH) or postoperative persistent or recurrent CTEPH,"Bayer Yakuhin, Ltd.",Bayer,Not reported,Riociguat,no,yes,tablet,Not reported,NA
oral,31.05.2017,2017,authorised,approved,27.04.2018,2018,Diseases of the digestive system,000237584.pdf,Small molecule,Xeljanz,Induction and maintenance of remission in patients with moderately to severely active ulcerative colitis (only patients who have not adequately responded to conventional treatments),yes,Rheumatoid arthritis in patients who have not adequately responded to conventional treatments; Induction and maintenance of remission in patients with moderate to severe ulcerative colitis (only patients who have not adequately responded to conventional treatments),Pfizer Japan Inc.,Pfizer,Not reported,Tofacitinib Citrate,yes,no,tablet,Not reported,Not reported
intramuscular,29.06.2018,2018,authorised,approved,21.02.2019,2019,Diseases of the blood and blood-forming organs; Congenital malformations and chromosomal abnormalities,000235387.pdf,Peptides and proteins,Revcovi,Adenosine deaminase deficiency,no,Adenosine deaminase deficiency,Teijin Pharma Limited,Teijin,Not reported,Elapegademase,no,yes,injection,Not reported,NA
intravitreal,28.08.2014,2014,authorised,approved,15.05.2015,2015,Diseases of the eye and adnexa,000216947.pdf,Biologics,Eylea,Age-related macular degeneration with subfoveal choroidal neovascularization; Macular edema secondary to central retinal vein occlusion; Choroidal neovascularization in pathologic myopia; Diabetic macular edema,yes,Age-related macular degeneration with subfoveal choroidal neovascularization; Macular edema secondary to central retinal vein occlusion,"Bayer Yakuhin, Ltd.",Bayer,Not reported,Aflibercept,yes,no,solution,Not reported,Not reported
oral,30.07.2020,2020,authorised,approved,22.02.2021,2021,Neoplasms,000246143.pdf,Small molecule,Lenvima,"Unresectable thyroid cancer, unresectable hepatocellular carcinoma, unresectable thymic carcinoma",yes,Unresectable thymic carcinoma,"Eisai Co., Ltd.",Eisai,Not reported,Lenvatinib Mesilate,yes,yes,capsule,Not reported,Not reported
inhalation,04.09.2018,2018,authorised,approved,30.05.2019,2019,Diseases of the respiratory system,000240532.pdf,Small molecule,Breztri Aerosphere,"Relief of symptoms of chronic obstructive pulmonary disease (chronic bronchitis, emphysema) (requiring a combination therapy with an inhaled corticosteroid, an inhaled long-acting muscarinic antagonist, and an inhaled long-acting beta2 agonist)",no,"Relief of symptoms of chronic obstructive pulmonary disease (chronic bronchitis, emphysema) (requiring a combination therapy with an inhaled corticosteroid, an inhaled long-acting muscarinic antagonist, and an inhaled long-acting beta2 agonist)",AstraZeneca K.K.,AstraZeneca,Not reported,Budesonide/ Glycopyrronium Bromide /Formoterol Fumarate Hydrate,no,no,aerosol,Not reported,NA
Not reported,01.10.2015,2015,authorised,approved,04.08.2016,2016,Diseases of the musculoskeletal system and connective tissue,000223081.pdf,Peptides and proteins,Regroth Dental Kit,Alveolar bone defect due to periodontitis,no,Regeneration of periodontal tissues destroyed by periodontitis,"Kaken Pharmaceutical Co., Ltd.",Kaken,Not reported,Trafermin,yes,no,Lyophilized product,Not reported,Not reported
oral,07.03.2014,2014,authorised,approved,30.01.2015,2015,"Endocrine, nutritional, and metabolic diseases",000213963.pdf,Small molecule,Zafatek,Type 2 diabetes mellitus,no,Type 2 diabetes mellitus,Takeda Pharmaceutical Company Limited,Takeda,Not reported,Trelagliptin Succinate,no,no,tablet,Not reported,NA
intravenous,29.09.2017,2017,authorised,approved,13.04.2018,2018,Neoplasms,000232985.pdf,Biologics,Yervoy,Unresectable malignant melanoma,no,Unresectable malignant melanoma,Bristol-Meyers Squibb K.K.,Bristol-Meyers Squibb,Not reported,Ipilimumab,no,yes,Injection,Not reported,NA
oral,05.07.2012,2012,authorised,approved,13.03.2013,2013,Neoplasms; Diseases of the nervous system,000153482.pdf,Small molecule,Alabel,Visualization of malignant tissue during surgical resection of malignant glioma,no,Visualization of malignant tissue during surgical resection of malignant glioma,"Nobelpharma Co., Ltd.; SBI Pharmaceuticals Co., Ltd.","Nobel  
SBI",Not reported,Aminolevulinic Acid Hydrochloride,yes,yes,lyophilized preparation,Not reported,Not reported
oral,10.02.2022,2022,authorised,approved,05.07.2023,2023,Neoplasms; Diseases of the genitourinary system,000269956.pdf,Small molecule,Lynparza,Treatment of BRCA mutation-positive metastatic castration-resistant prostate cancer,yes,Treatment of BRCA mutation-positive metastatic castration-resistant prostate cancer,AstraZeneca K.K.,AstraZeneca,Not reported,Olaparib,yes,no,tablet,Not reported,Not reported
oral,21.08.2015,2015,authorised,approved,26.02.2016,2016,Neoplasms; Diseases of the respiratory system,000220615.pdf,Small molecule,Tagrisso,Inoperable or recurrent EGFR T790M mutation-positive non-small cell lung cancer resistant to EGFR tyrosine kinase inhibitors,no,"Unresectable, advanced or recurrent EGFR T790M mutation-positive non-small cell lung cancer that progressed during or after EGFR tyrosine kinase inhibitor treatment",AstraZeneca K.K.,AstraZeneca,Not reported,Osimertinib Mesilate,no,no,tablet,Not reported,NA
subcutaneous,22.05.2015,2015,authorised,approved,26.02.2016,2016,Diseases of the respiratory system,000221523.pdf,Biologics,Nucala,Bronchial asthma (only for patients with refractory asthma whose symptoms cannot be controlled by conventional treatment),no,Bronchial asthma (severe eosinophilic asthma with exacerbation despite conventional treatment),GlaxoSmithKline K.K.,GlaxoSmithKline,Not reported,Mepolizumab,no,no,Lyophilized powder,Not reported,NA
oral,30.09.2020,2020,authorised,approved,28.05.2021,2021,Neoplasms; Diseases of the blood and blood-forming organs,000250457.pdf,Small molecule,Hiyasta,Relapsed or refractory adult T-cell leukemia/lymphoma,no,Relapsed or refractory adult T-cell leukemia/lymphoma,Huya Japan G.K.,Huya,Not reported,Tucidinostat,no,yes,tablet,Not reported,NA
oral,30.03.2012,2012,authorised,approved,08.03.2013,2013,Diseases of the nervous system,000153870.pdf,Small molecule,Nouriast,Improvement of the “wearing-off” phenomenon in patients with Parkinson’s disease on levodopa-containing preparations,no,Patients with Parkinson’s disease on levodopa-containing preparations with motor complications,"Kyowa Hakko Kirin Co., Ltd.",Kyowa Hakko Kirin,Not reported,Istradefylline,no,no,tablet,Not reported,NA
oral,26.06.2014,2014,authorised,approved,21.01.2015,2015,"Neoplasms; Endocrine, nutritional, and metabolic diseases",000210264.pdf,Small molecule,Lenvima,Unresectable thyroid cancer,no,Thyroid cancer,"Eisai Co., Ltd.",Eisai,Not reported,Lenvatinib Mesilate,no,yes,capsule,Not reported,NA
intravenous,22.05.2015,2015,authorised,approved,24.02.2016,2016,"Endocrine, nutritional, and metabolic diseases",000219254.pdf,Biologics,Kanuma,"Lysosomal acid lipase deficiency (cholesteryl ester storage disease, Wolman disease)",no,Lysosomal acid lipase deficiency,Synageva BioPharma Japan K.K. (a predecessor of Alexion Pharma Godo Kaisha),Synageva,Not reported,Sebelipase Alfa,no,yes,injection,Not reported,NA
intravenous,29.09.2017,2017,authorised,approved,13.04.2018,2018,Neoplasms; Diseases of the respiratory system; Diseases of the genitourinary system; Diseases of the blood and blood-forming organs,000232984.pdf,Biologics,Opdivo,"Treatment of unresectable malignant melanoma; Treatment of unresectable, advanced or recurrent non-small cell lung cancer; Treatment of unresectable or metastatic renal cell carcinoma; Treatment of relapsed or refractory classical Hodgkin lymphoma; Treatment of recurrent or distant metastatic head and neck cancer; Treatment of unresectable, advanced or recurrent gastric cancer that has progressed after cancer chemotherapy",yes,Treatment of unresectable malignant melanoma,"Ono Pharmaceutical Co., Ltd.",Ono,Not reported,Nivolumab,yes,yes,Injection,Not reported,Not reported
subcutaneous,27.01.2012,2012,authorised,approved,20.07.2012,2012,Infectious and parasitic diseases,000153291.pdf,Vaccine,Quattrovac,"Prevention of pertussis, diphtheria, tetanus, and acute poliomyelitis",no,"Prevention of pertussis, diphtheria, tetanus, and acute poliomyelitis",The Chemo-Sero-Therapeutic Research Institute (KAKETSUKEN),Kaketsuken,Not reported,Adsorbed Diphtheria-Purified Pertussis-Tetanus-Inactivated Polio (Sabin strain) Combined Vaccine,yes,no,suspension,Not reported,Not reported
cutaneous,20.10.2017,2017,authorised,approved,01.03.2018,2018,Neoplasms; Diseases of the skin,000225368.pdf,Small molecule,Rapalimus,Tuberous sclerosis complex-associated skin lesions,no,Tuberous sclerosis complex-associated skin lesions,"Nobelpharma Co., Ltd.",Nobel,Not reported,Sirolimus,no,yes,gel,Not reported,NA
intravenous,23.02.2016,2016,authorised,approved,07.09.2016,2016,Diseases of the circulatory system,000222407.pdf,Biologics,Prizbind,Reversal of the anticoagulant effects of dabigatran,no,Reversal of the anticoagulant effects of dabigatran,Nippon Boehringer Ingelheim Co. Ltd.,Boehringer Ingelheim,Not reported,Idarucizumab,no,no,solution,Not reported,NA
intravenous,22.03.2013,2013,authorised,approved,18.11.2013,2013,Neoplasms; Diseases of the blood and blood-forming organs,000229787.pdf,Biologics,Adcetris,"The following relapsed or refractory CD30-positive diseases: Hodgkin’s lymphoma, anaplastic large-cell lymphoma",no,"The following relapsed or refractory CD30-positive diseases: Hodgkin’s lymphoma, anaplastic large-cell lymphoma",Takeda Pharmaceutical Company Limited,Takeda,Not reported,Brentuximab Vedotin,no,yes,Powder,Not reported,NA
intravenous,26.05.2015,2015,authorised,approved,25.04.2016,2016,Neoplasms; Diseases of the digestive system,000219877.pdf,Biologics,Cyramza,Unresectable advanced/recurrent gastric cancer; Unresectable advanced/recurrent colorectal cancer,yes,Unresectable advanced/recurrent gastric cancer; Unresectable advanced/recurrent colorectal cancer,Eli Lilly Japan K.K.,Eli Lilly,Not reported,Ramucirumab,yes,no,Injection,Not reported,Not reported
oral,17.11.2017,2017,authorised,approved,11.05.2018,2018,Neoplasms; Diseases of the respiratory system,000237220.pdf,Small molecule,Tafinlar,Unresectable Malignant melanoma with BRAF mutations; Unresectable advanced or recurrent non-small cell lung cancer with BRAF mutations,yes,Unresectable Malignant melanoma with BRAF mutations,Novartis Pharma K.K.,Novartis,Not reported,Dabrafenib Mesilate,yes,yes,capsule,Not reported,Not reported
subcutaneous,21.02.2017,2017,authorised,approved,06.11.2017,2017,Diseases of the skin,000235351.pdf,Biologics,Dupixent,Atopic dermatitis that have not responded adequately to conventional treatments,no,Atopic dermatitis that have not responded adequately to conventional treatments,Sanofi K.K.,Sanofi,Not reported,Dupilumab,no,no,syringe,Not reported,NA
oral,12.12.2019,2019,authorised,approved,28.05.2020,2020,Neoplasms; Diseases of the respiratory system,000238885.pdf,Small molecule,Tabrecta,MET exon 14 skipping mutation-positive unresectable advanced or recurrent non-small cell lung cancer,no,MET mutation-positive unresectable advanced or recurrent non-small cell lung cancer,Novartis Pharma K.K.,Novartis,Not reported,Capmatinib Hydrochloride Hydrate,no,yes,tablet,Not reported,NA
intravenous,26.04.2011,2011,authorised,approved,01.02.2012,2012,Neoplasms; Diseases of the blood and blood-forming organs,000153052.pdf,Biologics,Poteligeo,Relapsed or refractory CCR4-positive adult T-cell leukemia lymphoma,no,Recurrent/relapsed CCR4-positive adult T-cell leukemia lymphoma,"Kyowa Hakko Kirin Co., Ltd.",Kyowa Hakko Kirin,Not reported,Mogamulizumab,no,yes,solution,Not reported,NA
intramuscular,18.12.2020,2020,authorised,approved,12.02.2021,2021,Infectious and parasitic diseases,000243206.pdf,Vaccine,Comirnaty,Prevention of disease caused by SARS-CoV-2 infection (COVID-19),no,Prevention of disease caused by SARS-CoV-2 infection (COVID-19),Pfizer Japan Inc.,Pfizer,Not reported,Coronavirus Modified Uridine RNA Vaccine,no,no,injection,Not reported,NA
intravenous,17.12.2015,2015,authorised,approved,09.09.2016,2016,Diseases of the blood and blood-forming organs,000221483.pdf,Biologics,Idelvion,Control of bleeding tendency in patients with blood coagulation factor IX deficiency,no,Control of bleeding tendency in patients with blood coagulation factor IX deficiency,CSL Behring K.K.,CSL Behring,Not reported,Albutrepenonacog Alfa,no,no,lyophilized powder,Not reported,NA
intramuscular,09.06.2022,2022,authorised,approved,29.08.2022,2022,Infectious and parasitic diseases,000250093.pdf,Biologics,Evusheld,Treatment and prevention of disease caused by SARS-CoV-2 infection (COVID-19),no,Prevention and treatment of disease caused by SARS-CoV-2 infection (COVID-19),AstraZeneca K.K.,AstraZeneca,Not reported,Tixagevimab and Cilgavimab,no,no,injection,Not reported,NA
Inhalation,17.10.2014,2014,authorised,approved,03.08.2015,2015,Diseases of the respiratory system,000216005.pdf,Small molecule,Spiolto Respimat,Relief of symptoms of airflow obstruction in patients with chronic obstructive pulmonary disease (chronic bronchitis and emphysema) who require combination therapy with a long-acting inhaled anticholinergic agent and a long-acting inhaled β2-agonist.,no,"Relief of symptoms of airflow obstruction in patients with chronic obstructive pulmonary disease (COPD, i.e., chronic bronchitis and emphysema)","Nippon Boehringer Ingelheim Co., Ltd.",Boehringer Ingelheim,Not reported,Tiotropium Bromide Hydrate/Olodaterol Hydrochloride,no,no,solution,Not reported,NA
inhalation,07.09.2018,2018,authorised,approved,30.05.2019,2019,Diseases of the respiratory system,000240531.pdf,Small molecule,Bevespi Aerosphere,"Relief of symptoms of chronic obstructive pulmonary disease (chronic bronchitis, emphysema) secondary to airway obstructive disorder",no,"Relief of symptoms of chronic obstructive pulmonary disease (chronic bronchitis, emphysema) secondary to airway obstructive disorder",AstraZeneca K.K.,AstraZeneca,Not reported,Glycopyrronium Bromide /Formoterol Fumarate Hydrate,no,no,aerosol,Not reported,NA
oral,31.01.2020,2020,authorised,approved,30.10.2020,2020,Diseases of the blood and blood-forming organs,000242285.pdf,Small molecule,Orladeyo,Prevention of acute attacks of hereditary angioedema,no,Prevention of acute attacks of hereditary angioedema,"OrphanPacific, Inc.",OrphanPacific,Not reported,Berotralstat,no,yes,capsule,Not reported,NA
oral,28.07.2022,2022,authorised,approved,29.05.2023,2023,Neoplasms; Diseases of the digestive system,000267944.pdf,Small molecule,Lytgobi,Unresectable FGFR2 gene fusion-positive biliary tract cancer that has progressed after cancer chemotherapy,no,"Previously treated, locally advanced or metastatic biliary tract cancer harboring FGFR2 gene fusion or other rearrangements","Taiho Pharmaceutical Co., Ltd.",Taiho,Not reported,Futibatinib,no,no,tablet,Not reported,NA
intramuscular,30.06.2017,2017,authorised,approved,01.03.2018,2018,"Endocrine, nutritional, and metabolic diseases",000234111.pdf,Peptides and proteins,Signifor,Treatment of Cushing’s disease (who have had an inadequate response to surgery or for whom surgery is not an option),yes,Treatment of Cushing’s disease,Novartis Pharma K.K.,Novartis,Not reported,Pasireotide,yes,yes,Powder,Not reported,Not reported
intramuscular; subcutaneous,30.01.2007,2007,authorised,approved,31.08.2007,2007,Infectious and parasitic diseases; Diseases of the respiratory system,000153640.pdf,Vaccine,Adsorbed Influenza Vaccine,Prophylaxis of pandemic influenza (H5N1),no,Prophylaxis of pandemic influenza (H5N1),The Research Foundation for Microbial Diseases of Osaka University,Osaka University,Not reported,Adsorbed Influenza Vaccine,yes,yes,suspension,Not reported,Not reported
subcutaneous,30.07.2015,2015,authorised,approved,30.05.2016,2016,Diseases of the skin; Diseases of the musculoskeletal system and connective tissue,000219040.pdf,Biologics,Lumicef,"Treatment of psoriasis vulgaris, psoriatic arthritis, pustular psoriasis, and erythrodermic psoriasis in patients who have had an inadequate response to conventional therapies",no,"Treatment of psoriasis vulgaris, psoriatic arthritis, pustular psoriasis, and erythrodermic psoriasis in patients who have had an inadequate response to conventional therapies","Kyowa Hakko Kirin Co., Ltd.",Kyowa Hakko Kirin,Not reported,Brodalumab,no,no,solution,Not reported,NA
subcutaneous,22.12.2011,2011,authorised,approved,31.08.2012,2012,"Endocrine, nutritional, and metabolic diseases",000153683.pdf,Peptides and proteins,Tresiba,Diabetes mellitus where treatment with insulin is required,no,Diabetes mellitus where treatment with insulin is required,Novo Nordisk Pharma Ltd.,Novo Nordisk,Not reported,Insulin Degludec,no,no,solution,Not reported,NA
Oral,28.06.2017,2017,authorised,approved,01.03.2018,2018,"Endocrine, nutritional, and metabolic diseases",000233695.pdf,Small molecule,Galafold,Treatment of Fabry disease with migalastat-responsive GLA mutations,no,Treatment of Fabry disease with migalastat-responsive GLA mutations,"Amicus Therapeutics, Inc.",Amicus,Not reported,Migalastat,no,yes,Capsule,Not reported,NA
oral,28.12.2021,2021,authorised,approved,29.08.2022,2022,Neoplasms; Diseases of the blood and blood-forming organs,000269997.pdf,Small molecule,Ezharmia,Relapsed or refractory adult T-cell leukemia-lymphoma,no,Relapsed or refractory adult T-cell leukemia-lymphoma,"Daiichi Sankyo Company, Limited",Daiichi Sankyo,Not reported,Valemetostat Tosilate,no,yes,tablet,Not reported,NA
subcutaneous,03.03.2023,2023,authorised,approved,27.11.2023,2023,Diseases of the skin,000270578.pdf,Biologics,Ebglyss,Atopic dermatitis not responding adequately to conventional treatments,no,Atopic dermatitis not responding adequately to conventional treatments,Eli Lilly Japan K.K.,Eli Lilly,Not reported,Lebrikizumab,no,no,injection,Not reported,NA
intravenous,30.06.2006,2006,authorised,approved,31.01.2007,2007,"Endocrine, nutritional, and metabolic diseases",000153325.pdf,Biologics,Myozyme,Type II glycogen storage disease,no,Type II glycogen storage disease,Genzyme Japan K.K.,Genzyme,Not reported,Alglucosidase Alfa,no,yes,formulation,Not reported,NA
intravenous,26.08.2015,2015,authorised,approved,25.04.2016,2016,Neoplasms; Diseases of the blood and blood-forming organs,000224115.pdf,Small molecule,Kyprolis,Relapsed or refractory multiple myeloma,no,Relapsed or refractory multiple myeloma,"Ono Pharmaceutical Co., Ltd.",Ono,Not reported,Carfilzomib,no,yes,Powder,Not reported,NA
oral,25.10.2017,2017,authorised,approved,02.02.2018,2018,Infectious and parasitic diseases; Diseases of the respiratory system,000225380.pdf,Small molecule,Xofluza,Influenza A or B virus infection,no,Influenza A or B virus infection,"Shionogi & Co., Ltd.",Shionogi,Not reported,Baloxavir Marboxil,no,no,tablet,Not reported,NA
oral,25.12.2020,2020,authorised,approved,21.04.2021,2021,Infectious and parasitic diseases; Diseases of the respiratory system,000243207.pdf,Small molecule,Olumiant,Pneumonia caused by SARS-CoV-2 infection (COVID-19) (limited to patients requiring supplemental oxygen),yes,Disease caused by SARS-CoV-2 infection (COVID-19),Eli Lilly Japan K.K.,Eli Lilly,Not reported,Baricitinib,yes,no,tablet,Not reported,Not reported
intravenous,28.04.2006,2006,authorised,approved,30.01.2008,2008,Diseases of the musculoskeletal system and connective tissue; Neoplasms,000153709.pdf,Biologics,Actemra,Rheumatoid arthritis; polyarticular-course juvenile idiopathic arthritis; systemic juvenile idiopathic arthritis; Castleman's disease,yes,Rheumatoid arthritis; polyarticular-course juvenile idiopathic arthritis; systemic juvenile idiopathic arthritis,"Chugai Pharmaceutical Co., Ltd.",Chugai,Not reported,Tocilizumab,no,no,concentrate,Not reported,NA
intravenous,16.08.2023,2023,authorised,approved,29.02.2024,2024,Diseases of the blood and blood-forming organs,000272019.pdf,Biologics,Adzynma,Congenital thrombotic thrombocytopenic purpura,no,Congenital thrombotic thrombocytopenic purpura,Takeda Pharmaceutical Company Limited,Takeda,Not reported,Apadamtase Alfa,no,yes,Lyophilized powder,Not reported,NA
oral,07.01.2019,2019,authorised,approved,21.05.2020,2020,Diseases of the nervous system,000241414.pdf,Small molecule,Mayzent,Prevention of relapsing secondary progressive multiple sclerosis and delay in the progression of associated physical disability,no,Prevention of relapsing secondary progressive multiple sclerosis and delay in the progression of associated physical disability,Novartis Pharma K.K.,Novartis,Not reported,Siponimod,no,yes,tablet,Not reported,NA
intravenous,14.12.2018,2018,authorised,approved,06.06.2019,2019,Neoplasms; Diseases of the blood and blood-forming organs,000240736.pdf,Biologics,Darzalex,Relapsed or refractory multiple myeloma,yes,Relapsed or refractory multiple myeloma,Janssen Pharmaceutical K.K.,Janssen,Not reported,Daratumumab,yes,yes,solution,Not reported,Not reported
Oral,07.03.2019,2019,authorised,approved,29.11.2019,2019,Mental and behavioural disorders,000236878.pdf,Small molecule,Dayvigo,Insomnia,no,Insomnia,"Eisai Co., Ltd.",Eisai,Not reported,Lemborexant,no,no,Tablet,Not reported,NA
oral,19.10.2015,2015,authorised,approved,09.06.2017,2017,"Endocrine, nutritional, and metabolic diseases",000226672.pdf,Small molecule,Parmodia,Hyperlipidemia (including familial hyperlipidemia),no,Hyperlipidemia (including familial hyperlipidemia),"Kowa Company, Ltd.",Kowa,Not reported,Pemafibrate,no,no,tablet,Not reported,NA
Oral,24.10.2019,2019,authorised,approved,20.05.2020,2020,Diseases of the respiratory system,000243773.pdf,Small molecule,Ofev,Idiopathic pulmonary fibrosis; Systemic sclerosis-associated interstitial lung disease; Progressive fibrosing interstitial lung disease,yes,Progressive fibrosing interstitial lung disease,"Nippon Boehringer Ingelheim Co., Ltd.",Boehringer Ingelheim,Not reported,Nintedanib,yes,no,capsule,Not reported,Not reported
Oral,29.07.2020,2020,authorised,approved,25.02.2021,2021,Diseases of the circulatory system,000248791.pdf,Small molecule,Volibris,Pulmonary arterial hypertension,yes,Pulmonary arterial hypertension,GlaxoSmithKline K.K.,GlaxoSmithKline,Not reported,Ambrisentan,yes,yes,Tablet,Not reported,Not reported
oral,04.07.2016,2016,authorised,approved,03.03.2017,2017,Neoplasms; Diseases of the blood and blood-forming organs,000225743.pdf,Small molecule,Ninlaro,Relapsed or refractory multiple myeloma,no,Relapsed or refractory multiple myeloma,Takeda Pharmaceutical Company Limited,Takeda,Not reported,Ixazomib Citrate,no,yes,capsule,Not reported,NA
intravenous,09.09.2019,2019,authorised,approved,26.02.2020,2020,Neoplasms,000238706.pdf,Biologics,Enhertu,Unresectable or recurrent HER2-positive breast cancer previously treated with chemotherapy,no,Unresectable or recurrent HER2-positive breast cancer previously treated with trastuzumab emtansine,"Daiichi Sankyo Company, Limited",Daiichi Sankyo,Not reported,Trastuzumab Deruxtecan,no,no,injection,Not reported,NA
intramuscular,10.08.2022,2022,authorised,approved,06.09.2022,2022,Infectious and parasitic diseases,000249128.pdf,Vaccine,Spikevax,Prevention of disease caused by SARS-CoV-2 infection (COVID-19),yes,Prevention of disease caused by SARS-CoV-2 infection (COVID-19),"Moderna Japan Co., Ltd.",Moderna,Not reported,Coronavirus Modified Uridine RNA Vaccine,no,no,suspension,Not reported,NA
Inhalation,15.11.2012,2012,authorised,approved,18.11.2013,2013,Infectious and parasitic diseases,000211431.pdf,Small molecule,Inavir,Treatment and prophylaxis of influenza A or B virus infection,yes,Treatment and prophylaxis of influenza A or B virus infection,"Daiichi Sankyo Company, Limited",Daiichi Sankyo,Not reported,Laninamivir Octanoate Hydrate,yes,no,powder,Not reported,Not reported
oral,12.03.2007,2007,authorised,approved,29.08.2008,2008,Diseases of the respiratory system,000153687.pdf,Small molecule,Pirespa,idiopathic pulmonary fibrosis,no,idiopathic pulmonary fibrosis,"Shionogi & Co., Ltd.",Shionogi,Not reported,Pirfenidone,no,yes,tablet,Not reported,NA
oral,28.05.2020,2020,authorised,approved,25.02.2021,2021,Mental and behavioural disorders,000248223.pdf,Small molecule,Lonasen,Schizophrenia,yes,Schizophrenia,"Sumitomo Dainippon Pharma Co., Ltd.",Sumitomo Dainippon,Not reported,Blonanserin,yes,no,tablet,Not reported,Not reported
oral,11.01.2018,2018,authorised,approved,03.12.2018,2018,"Endocrine, nutritional, and metabolic diseases",000230401.pdf,Small molecule,Suglat,Type 1 diabetes mellitus,yes,Type 1 diabetes mellitus,Astellas Pharma Inc.,Astellas,Not reported,Ipragliflozin,yes,no,tablet,Not reported,Not reported
oral,27.11.2018,2018,authorised,approved,11.12.2020,2020,"Neoplasms; Endocrine, nutritional, and metabolic diseases",000242929.pdf,Small molecule,Adlumiz,Cancer cachexia,no,Improvement in body weight loss and anorexia in cancer cachexia,"Ono Pharmaceutical Co., Ltd.",Ono,Not reported,Anamorelin Hydrochloride,no,no,tablet,Not reported,NA
oral,28.02.2018,2018,authorised,approved,03.12.2018,2018,Neoplasms; Diseases of the genitourinary system,000236064.pdf,Small molecule,Relumina,"Relief of symptoms associated with uterine fibroids: menorrhagia, lower abdominal pain, lumbar pain, and anemia.",no,"Relief of symptoms associated with uterine fibroids: menorrhagia, lower abdominal pain, lumbar pain, and anemia.",Takeda Pharmaceutical Company Limited,Takeda,Not reported,Relugolix,no,no,tablet,Not reported,NA
intravenous,28.04.2020,2020,authorised,approved,20.08.2020,2020,Neoplasms; Diseases of the digestive system,000238707.pdf,Biologics,Enhertu,Unresectable advanced or recurrent HER2-positive gastric cancer that has progressed after cancer chemotherapy,yes,Unresectable advanced or recurrent HER2-positive gastric cancer that has progressed after cancer chemotherapy,"Daiichi Sankyo Company, Limited",Daiichi Sankyo,Not reported,Trastuzumab Deruxtecan,yes,no,Injection,Not reported,Not reported
subcutaneous,27.07.2012,2012,authorised,approved,08.03.2013,2013,"Endocrine, nutritional, and metabolic diseases",000153334.pdf,Peptides and proteins,Metreleptin,Lipodystrophy,no,Improvement of hyperglycemia and hypertriglyceridemia in lipodystrophy,"Shionogi & Co., Ltd.",Shionogi,Not reported,Metreleptin,yes,yes,solution,Not reported,Not reported
oral,05.12.2013,2013,authorised,approved,28.02.2014,2014,Infectious and parasitic diseases,000209096.pdf,Small molecule,Tivicay,HIV infectious disease,no,HIV infectious disease,ViiV Healthcare K.K.,ViiV,Not reported,Dolutegravir Sodium,no,yes,tablet,Not reported,NA
oral,24.04.2023,2023,authorised,approved,08.12.2023,2023,Neoplasms; Diseases of the circulatory system,000271105.pdf,Small molecule,Rapalimus,Refractory vascular tumors and refractory vascular malformations,yes,Refractory vascular tumors and refractory vascular malformations,"Nobelpharma Co., Ltd.",Nobel,Not reported,Sirolimus,yes,yes,tablet,Not reported,Not reported
intravenous,28.03.2019,2019,authorised,approved,09.01.2020,2020,Neoplasms; Diseases of the digestive system,000241165.pdf,Biologics,Opdivo,"Treatment of unresectable, advanced or recurrent microsatellite instability-high (MSI-High) colorectal cancer that has progressed after cancer chemotherapy; Treatment of unresectable, advanced or recurrent esophageal cancer that has progressed after cancer chemotherapy",yes,"Treatment of unresectable, advanced or recurrent microsatellite instability-high (MSI-High) colorectal cancer that has progressed after cancer chemotherapy; Treatment of unresectable, advanced or recurrent esophageal cancer that has progressed after cancer chemotherapy","Ono Pharmaceutical Co., Ltd.",Ono,Not reported,Nivolumab,yes,no,Injection,Not reported,Not reported
oral,29.11.2019,2019,authorised,approved,27.08.2020,2020,Diseases of the blood and blood-forming organs,000243772.pdf,Small molecule,Enaroy,Renal anemia,no,Renal anemia,Japan Tobacco Inc.,Japan Tobacco,Not reported,Enarodustat,no,no,tablet,Not reported,NA
oral,31.10.2016,2016,authorised,approved,22.05.2017,2017,Neoplasms; Diseases of the digestive system,000227545.pdf,Small molecule,Stivarga,Unresectable hepatocellular carcinoma progressed after cancer chemotherapy,yes,Unresectable hepatocellular carcinoma progressed after cancer chemotherapy,"Bayer Yakuhin, Ltd.",Bayer,Not reported,Regorafenib,yes,no,tablet,Not reported,Not reported
intravenous; subcutaneous,14.12.2018,2018,authorised,approved,Not reported,2019,Neoplasms; Diseases of the blood and blood-forming organs,000240737.pdf,Small molecule,Velcade,Multiple myeloma; Mantle cell lymphoma; Primary macroglobulinemia and lymphoplasmacytic lymphoma,yes,Multiple myeloma; Mantle cell lymphoma; Primary macroglobulinemia and lymphoplasmacytic lymphoma,Janssen Pharmaceutical K.K.,Janssen,Not reported,Bortezomib,yes,yes,Lyophilized powder,Not reported,Not reported
oral,28.03.2018,2018,authorised,approved,30.01.2019,2019,Neoplasms,000239551.pdf,Small molecule,Erleada,Non-metastatic castration-resistant prostate cancer,no,Castration-resistant prostate cancer,Janssen Pharmaceutical K.K.,Janssen,Not reported,Apalutamide,no,no,tablet,Not reported,NA
intravenous,13.11.2019,2019,authorised,approved,29.06.2020,2020,Neoplasms; Diseases of the respiratory system,000243599.pdf,Biologics,Imfinzi,"Maintenance treatment of locally-advanced, unresectable non-small cell lung cancer following definitive chemoradiotherapy; Extensive-stage small cell lung cancer",yes,Extensive-stage small cell lung cancer,AstraZeneca K.K.,AstraZeneca,Not reported,Durvalumab,yes,no,injection,Not reported,Not reported
subcutaneous,09.03.2012,2012,authorised,approved,30.11.2012,2012,"Endocrine, nutritional, and metabolic diseases",000153726.pdf,Peptides and proteins,Ryzodeg,Diabetes mellitus where treatment with insulin is required,no,Diabetes mellitus where treatment with insulin is required,Novo Nordisk Pharma Ltd.,Novo Nordisk,Not reported,Insulin Degludec/Insulin Aspart,no,no,solution,Not reported,NA
oral,17.12.2014,2014,authorised,approved,28.08.2015,2015,Diseases of the blood and blood-forming organs; Diseases of the digestive system,000215708.pdf,Small molecule,Mulpleta,Improvement of thrombocytopenia associated with chronic liver disease in patients prior to elective invasive procedures,no,Thrombopoiesis stimulation prior to invasive procedures in patients with chronic liver disease,"Shionogi & Co., Ltd.",Shionogi,Not reported,Lusutrombopag,no,no,tablet,Not reported,NA
oral,12.11.2019,2019,authorised,approved,26.02.2020,2020,Neoplasms; Diseases of the respiratory system,000236338.pdf,Small molecule,Tepmetko,"Unresectable, advanced or recurrent MET exon 14 skipping mutation-positive non-small cell lung cancer",no,"Unresectable, advanced or recurrent MET exon 14 skipping mutation-positive non-small cell lung cancer","Merck Biopharma Co., Ltd.",Merck,Not reported,Tepotinib Hydrochloride Hydrate,no,yes,tablet,Not reported,NA
intravenous,22.12.2015,2015,authorised,approved,09.09.2016,2016,Neoplasms; Diseases of the skin,000226881.pdf,Biologics,Keytruda,Unresectable malignant melanoma,no,Unresectable or metastatic malignant melanoma,MSD K.K.,MSD,Not reported,Pembrolizumab,no,yes,injection,Not reported,NA
subcutaneous,29.03.2010,2010,authorised,approved,24.11.2010,2010,Diseases of the blood and blood-forming organs,000236304.pdf,Peptides and proteins,Romiplate,Chronic idiopathic thrombocytopenic purpura,no,Thrombocytopenia in adult patients with chronic immune-mediated (idiopathic) thrombocytopenic purpura,"Kyowa Hakko Kirin Co., Ltd.",Kyowa Hakko Kirin,Not reported,Romiplostim,no,yes,solution,Not reported,NA
intravenous; subcutaneous,11.10.2021,2021,authorised,approved,04.11.2021,2021,Infectious and parasitic diseases,000244786.pdf,Biologics,Ronapreve,Treatment and suppression of development of disease caused by SARS-CoV-2 infection (COVID-19),yes,Treatment and prevention of disease caused by SARS-CoV-2 infection (COVID-19),"Chugai Pharmaceutical Co., Ltd.",Chugai,Not reported,Casirivimab and Imdevimab,no,no,Injection,Not reported,NA
intravenous,24.12.2015,2015,authorised,approved,09.09.2016,2016,Neoplasms; Diseases of the blood and blood-forming organs,000233297.pdf,Biologics,Empliciti,relapsed or refractory multiple myeloma,no,relapsed or refractory multiple myeloma,Bristol-Myers Squibb K.K.,Bristol-Myers Squibb,Not reported,Elotuzumab,yes,yes,lyophilized powder,Not reported,Not reported
oral,07.04.2020,2020,authorised,approved,29.06.2020,2020,Neoplasms; Diseases of the blood and blood-forming organs,000241167.pdf,Small molecule,Velexbru,Recurrent or refractory primary central nervous system lymphoma; Waldenström’s macroglobulinemia and lymphoplasmacytic lymphoma,yes,Recurrent or refractory primary central nervous system lymphoma; Waldenström’s macroglobulinemia and lymphoplasmacytic lymphoma,"Ono Pharmaceutical Co., Ltd.",Ono,Not reported,Tirabrutinib Hydrochloride,yes,yes,tablet,Not reported,Not reported
oral,19.05.2023,2023,authorised,approved,08.12.2023,2023,Diseases of the blood and blood-forming organs,000271107.pdf,Small molecule,Voydeya,Paroxysmal nocturnal hemoglobinuria,no,Inhibition of extravascular hemolysis in patients with paroxysmal nocturnal hemoglobinuria,Alexion Pharma GK,Alexion,Not reported,Danicopan,no,yes,tablet,Not reported,NA
intravenous,18.09.2008,2008,authorised,approved,23.04.2010,2010,Diseases of the musculoskeletal system and connective tissue,000153322.pdf,Biologics,Orencia,Rheumatoid arthritis (for use only in patients who have not adequately responded to conventional treatments),no,Rheumatoid arthritis (for use only in patients who have not adequately responded to conventional treatments),Bristol-Myers K.K.,Bristol-Myers,Not reported,Abatacept,no,no,Lyophilized product,Not reported,NA
intravitreal,20.10.2021,2021,authorised,approved,25.08.2022,2022,Diseases of the eye and adnexa,000264250.pdf,Biologics,Eylea,Age-related macular degeneration with subfoveal choroidal neovascularization; Macular edema secondary to retinal vein occlusion; Choroidal neovascularization in pathologic myopia; Diabetic macular edema; Neovascular glaucoma; Retinopathy of prematurity,yes,Age-related macular degeneration with subfoveal choroidal neovascularization; Macular edema secondary to retinal vein occlusion; Choroidal neovascularization in pathologic myopia; Diabetic macular edema; Neovascular glaucoma; Retinopathy of prematurity,"Bayer Yakuhin, Ltd.",Bayer,Not reported,Aflibercept,yes,no,solution,Not reported,Not reported
subcutaneous,31.07.2018,2018,authorised,approved,28.05.2019,2019,Diseases of the blood and blood-forming organs,000236502.pdf,Biologics,Romiplate,Aplastic anemia that has not responded sufficiently to conventional treatments,yes,Aplastic anemia,"Kyowa Hakko Kirin Co., Ltd.",Kyowa Hakko Kirin,Not reported,Romiplostim,yes,yes,Lyophilized powder,Not reported,Not reported
oral,14.12.2018,2018,authorised,approved,22.02.2019,2019,Infectious and parasitic diseases,000238705.pdf,Small molecule,Biktarvy,Human immunodeficiency virus type 1 (HIV-1) infection,no,Human immunodeficiency virus type 1 (HIV-1) infection,Gilead Sciences K.K.,Gilead,Not reported,Bictegravir Sodium/Emtricitabine/Tenofovir Alafenamide Fumarate,no,yes,tablet,Not reported,NA
oral,23.03.2018,2018,authorised,approved,29.08.2018,2018,Neoplasms; Diseases of the blood and blood-forming organs,000228502.pdf,Small molecule,Xospata,FLT3 mutation-positive relapsed or refractory acute myeloid leukemia,no,FLT3 mutation-positive relapsed or refractory acute myeloid leukemia,Astellas Pharma Inc.,Astellas,Not reported,Gilteritinib,no,yes,tablet,Not reported,NA
oral,14.09.2021,2021,authorised,approved,30.05.2022,2022,Neoplasms; Diseases of the digestive system,000252522.pdf,Small molecule,Jeselhy,Gastrointestinal stromal tumor that has progressed after cancer chemotherapy,no,Gastrointestinal stromal tumor that has progressed after cancer chemotherapy,"Taiho Pharmaceutical Co., Ltd.",Taiho,Not reported,Pimitespib,no,no,tablet,Not reported,NA
oral,30.05.2006,2006,authorised,approved,30.05.2007,2007,Infectious and parasitic diseases; Diseases of the respiratory system,000153135.pdf,Small molecule,Geninax,"Laryngopharyngitis, tonsillitis, acute bronchitis, pneumonia, secondary infection of chronic respiratory disease, otitis media, sinusitis",no,"Laryngopharyngitis, tonsillitis, acute bronchitis, pneumonia, secondary infection of chronic respiratory disease, otitis media, sinusitis","Toyama Chemical Co., Ltd.",Toyama,Not reported,Garenoxacin Mesilate Hydrate,no,no,tablet,Not reported,NA
oral,31.08.2016,2016,authorised,approved,21.04.2017,2017,Neoplasms; Diseases of the respiratory system,000228503.pdf,Small molecule,Xalkori,"ROS1-positive, unresectable, advanced or relapsed non-small-cell lung cancer",yes,"ROS1-positive, unresectable, advanced or relapsed non-small-cell lung cancer",Pfizer Japan Inc.,Pfizer,Not reported,Crizotinib,no,yes,capsule,Not reported,NA
intravenous,18.08.2023,2023,authorised,approved,01.08.2024,2024,Diseases of the nervous system,000275604.pdf,Biologics,Kisunla,To slow the progression of mild cognitive impairment and mild dementia due to Alzheimer’s disease,no,To slow the progression of mild cognitive impairment and mild dementia due to Alzheimer’s disease,Eli Lilly Japan K.K.,Eli Lilly,Not reported,Donanemab,no,no,solution,Not reported,NA
oral,25.12.2013,2013,authorised,approved,29.10.2014,2014,"Endocrine, nutritional, and metabolic diseases",000209718.pdf,Small molecule,Orfadin,Tyrosinemia type I,no,Tyrosinemia type I,Astellas Pharma Inc.,Astellas,Not reported,Nitisinone,no,Not reported,capsule,Not reported,NA
intravenous,22.09.2014,2014,authorised,approved,24.04.2015,2015,Neoplasms; Diseases of the respiratory system,000216837.pdf,Other,Laserphyrin,Early-stage lung cancer; Primary malignant brain tumor; Local residual/recurrent oesophageal carcinoma after chemoradiotherapy or radiotherapy,yes,Local residual/recurrent oesophageal carcinoma after chemoradiotherapy or radiotherapy,"Meiji Seika Pharma Co., Ltd.",Meiji,Not reported,Talaporfin Sodium,yes,yes,Lyophilized powder,Not reported,Not reported
oral,14.07.2014,2014,authorised,approved,28.04.2015,2015,Diseases of the digestive system,000216189.pdf,Small molecule,Irribow,Diarrhea-predominant irritable bowel syndrome,yes,Male patients with Diarrhea-predominant irritable bowel syndrome,Astellas Pharma Inc.,Astellas,Not reported,Ramosetron Hydrochloride,yes,no,tablet,Not reported,Not reported
subcutaneous,26.04.2023,2023,authorised,approved,22.02.2024,2024,Diseases of the respiratory system,000271106.pdf,Biologics,Fasenra,Bronchial asthma (only for patients with intractable bronchial asthma uncontrolled on conventional therapy),yes,Bronchial asthma (only for patients with intractable bronchial asthma uncontrolled on conventional therapy),AstraZeneca K.K.,AstraZeneca,Not reported,Benralizumab,yes,no,injection,Not reported,Not reported
intravenous,19.04.2021,2021,authorised,approved,26.11.2021,2021,Diseases of the nervous system,000252640.pdf,Biologics,Vyvgart,Generalized myasthenia gravis,no,Generalized myasthenia gravis,Argenx Japan K.K.,Argenx,Not reported,Efgartigimod Alfa,no,yes,solution,Not reported,NA
oral,16.01.2020,2020,authorised,approved,29.10.2020,2020,"Endocrine, nutritional, and metabolic diseases; Diseases of the circulatory system",000246621.pdf,Small molecule,Forxiga,Chronic heart failure,yes,Chronic heart failure,AstraZeneca K.K.,AstraZeneca,Not reported,Dapagliflozin,no,no,tablet,Not reported,NA
oral,28.05.2018,2018,authorised,approved,29.11.2018,2018,Neoplasms; Diseases of the respiratory system,000235181.pdf,Small molecule,Vizimpro,"EGFR mutation-positive, unresectable or recurrent non-small cell lung cancer",no,"EGFR mutation-positive, unresectable or recurrent non-small cell lung cancer",Pfizer Japan Inc.,Pfizer,Not reported,Dacomitinib,no,no,tablet,Not reported,NA
oral,24.04.2019,2019,authorised,approved,29.11.2019,2019,"Endocrine, nutritional, and metabolic diseases",000241166.pdf,Small molecule,Orkedia,Hypercalcaemia in patients with parathyroid carcinoma and hypercalcaemia in patients with primary hyperparathyroidism who are unable to undergo parathyroidectomy or patients with recurrent primary hyperparathyroidism after parathyroidectomy,yes,Hypercalcaemia in patients with parathyroid carcinoma and hypercalcaemia in patients with primary hyperparathyroidism who are unable to undergo parathyroidectomy or patients with recurrent primary hyperparathyroidism after parathyroidectomy,"Kyowa Kirin Co., Ltd.",Kyowa Kirin,Not reported,Evocalcet,yes,yes,tablet,Not reported,Not reported
intravenous,07.03.2017,2017,authorised,approved,08.09.2017,2017,Neoplasms; Diseases of the skin,000233296.pdf,Biologics,Bavencio,Unresectable Merkel cell carcinoma,no,Unresectable Merkel cell carcinoma,"Merck Serono Co., Ltd.",Merck,Not reported,Avelumab,no,yes,injection,Not reported,NA
oral,06.12.2012,2012,authorised,approved,13.03.2013,2013,Infectious and parasitic diseases,000205730.pdf,Small molecule,Stribild,HIV-1 infection,no,HIV-1 infection,Japan Tobacco Inc.,Japan Tobacco,Not reported,Elvitegravir/Cobicistat/Emtricitabine/Tenofovir Disoproxil Fumarate,no,yes,tablet,Not reported,NA
intravenous,29.06.2021,2021,authorised,approved,19.07.2021,2021,Infectious and parasitic diseases,000244787.pdf,Biologics,Ronapreve,Treatment of disease caused by SARS-CoV-2 infection (COVID-19),no,Treatment of disease caused by SARS-CoV-2 infection (COVID-19),"Chugai Pharmaceutical Co., Ltd.",Chugai,Not reported,Casirivimab and Imdevimab,no,no,solution,Not reported,NA
oral,28.11.2006,2006,authorised,approved,27.10.2008,2008,Diseases of the skin; Diseases of the genitourinary system,000153525.pdf,Small molecule,Remitch,Improvement of pruritus in hemodialysis patients (for use only when conventional treatments are not sufficiently effective),no,Improvement of intractable pruritus in hemodialysis patients,"Toray Industries, Inc.",Toray,Not reported,Nalfurafine Hydrochloride,no,no,capsule,Not reported,NA
intramuscular,05.02.2021,2021,authorised,approved,20.05.2021,2021,Infectious and parasitic diseases,000250094.pdf,Vaccine,Vaxzevria,Prevention of disease caused by SARS-CoV-2 infection (COVID-19),no,Prevention of disease caused by SARS-CoV-2 infection (COVID-19),AstraZeneca K.K.,AstraZeneca,Not reported,COVID-19 (SARS-CoV-2) Vaccine,no,no,injection,Not reported,NA
oral,28.10.2022,2022,authorised,approved,21.08.2023,2023,"Diseases of the genitourinary system; Endocrine, nutritional, and metabolic diseases",000271700.pdf,Small molecule,Phozevel,Improvement of hyperphosphatemia in patients with chronic kidney disease on dialysis,no,Improvement of hyperphosphatemia in patients with chronic kidney disease on dialysis,"Kyowa Kirin Co., Ltd.",Kyowa Kirin,Not reported,Tenapanor Hydrochloride,no,no,tablet,Not reported,NA
intravenous,06.10.2016,2016,authorised,approved,24.11.2016,2016,Neoplasms; Diseases of the respiratory system,000226880.pdf,Biologics,Keytruda,"Unresectable, advanced or recurrent PD-L1 positive non-small cell lung cancer",yes,"Unresectable, advanced or recurrent non-small cell lung cancer",MSD K.K.,MSD,Not reported,Pembrolizumab,yes,no,Injection,Not reported,Not reported
subcutaneous,25.08.2016,2016,authorised,approved,10.04.2017,2017,Diseases of the musculoskeletal system and connective tissue,000224729.pdf,Biologics,Actemra,Treatment of rheumatoid arthritis with an inadequate response to existing therapies (including the inhibition of progression of structural joint damage),yes,Treatment of rheumatoid arthritis with an inadequate response to existing therapies (including the inhibition of progression of structural joint damage),"Chugai Pharmaceutical Co., Ltd.",Chugai,Not reported,Tocilizumab,yes,no,injection,Not reported,Not reported
oral,17.11.2017,2017,authorised,approved,11.05.2018,2018,Neoplasms; Diseases of the respiratory system,000237219.pdf,Small molecule,Mekinist,Unresectable Malignant melanoma with BRAF mutations; Unresectable advanced or recurrent non-small cell lung cancer with BRAF mutations,yes,Unresectable Malignant melanoma with BRAF mutations,Novartis Pharma K.K.,Novartis,Not reported,Trametinib Dimethyl Sulfoxide,yes,yes,tablet,Not reported,Not reported
intravenous,11.07.2017,2017,authorised,approved,23.05.2018,2018,Diseases of the blood and blood-forming organs,000238159.pdf,Biologics,Refixia,Control of bleeding tendency in patients with factor IX deficiency,no,Control of bleeding tendency in patients with factor IX deficiency,Novo Nordisk Pharma Ltd.,Novo Nordisk,Not reported,Nonacog Beta Pegol,no,no,Powder,Not reported,NA
oral,22.04.2021,2021,authorised,approved,25.02.2022,2022,Diseases of the nervous system,000252828.pdf,Small molecule,Dysval,Tardive dyskinesia,no,Tardive dyskinesia,Mitsubishi Tanabe Pharma Corporation,Mitsubishi Tanabe,Not reported,Valbenazine Tosilate,no,no,capsule,Not reported,NA
intravenous,26.12.2013,2013,authorised,approved,01.08.2014,2014,Diseases of the blood and blood-forming organs; Diseases of the genitourinary system; Neoplasms,000209810.pdf,Biologics,Rituxan,CD20-positive B-cell non-Hodgkin’s lymphoma; CD20-positive B-cell lymphoproliferative disorder associated with immunosuppression; Wegener’s granulomatosis and microscopic polyangiitis; Refractory nephrotic syndrome (frequently relapsing or steroid-dependent); Premedication for indium (111In) ibritumomab tiuxetan (genetical recombination) injection and yttrium (90Y) ibritumomab tiuxetan (genetical recombination) injection,yes,Refractory nephrotic syndrome (frequently relapsing or steroid-dependent),"Zenyaku Kogyo Co., Ltd.",Zenyaku Kogyo,Not reported,Rituximab,yes,yes,Injection,Not reported,Not reported
oral,25.07.2014,2014,authorised,approved,26.02.2015,2015,Neoplasms; Diseases of the blood and blood-forming organs,000215395.pdf,Small molecule,Pomalyst,Relapsed or refractory multiple myeloma,no,Relapsed or refractory multiple myeloma,Celgene K.K.,Celgene,Not reported,Pomalidomide,no,yes,capsule,Not reported,NA
oral,25.04.2018,2018,authorised,approved,29.11.2018,2018,Neoplasms; Diseases of the skin,000240419.pdf,Small molecule,Mektovi,Unresectable malignant melanoma with BRAF gene mutation,no,Unresectable malignant melanoma with BRAF gene mutation,"Ono Pharmaceutical Co., Ltd.",Ono,Not reported,Binimetinib,no,yes,tablet,Not reported,NA
cutaneous,20.05.2014,2014,authorised,approved,17.06.2015,2015,Infectious and parasitic diseases,000215815.pdf,Small molecule,Olanedine,Preoperative skin preparation at the surgical site,no,Preoperative skin preparation at the surgical site,"Otsuka Pharmaceutical Factory, Inc.",Otsuka,Not reported,Olanexidine Gluconate,no,no,solution,Not reported,NA
oral,29.02.2008,2008,authorised,approved,29.05.2009,2009,Diseases of the circulatory system,000153807.pdf,Small molecule,Rasilez,Hypertension,no,Hypertension,Novartis Pharma K.K.,Novartis,Not reported,Aliskiren,no,no,tablet,Not reported,NA
intravenous,24.05.2018,2018,authorised,approved,26.03.2019,2019,Diseases of the musculoskeletal system and connective tissue,000235285.pdf,Biologics,Actemra,Treatment of adult Still’s disease that have not adequately responded to existing therapies,yes,adult Still’s disease that have not adequately responded to existing therapies,"Chugai Pharmaceutical Co., Ltd.",Chugai,Not reported,Tocilizumab,yes,no,solution,Not reported,Not reported
oral,25.09.2015,2015,authorised,approved,27.05.2016,2016,Neoplasms,000223356.pdf,Small molecule,Hemangiol,Infantile hemangioma,yes,Infantile hemangioma,"Maruho Co., Ltd.",Maruho,Not reported,Propranolol Hydrochloride,yes,yes,solution,Not reported,Not reported
oral,01.12.2011,2011,authorised,approved,13.03.2013,2013,Diseases of the musculoskeletal system and connective tissue,000153609.pdf,Small molecule,Xeljanz,Rheumatoid arthritis in patients who have not adequately responded to conventional treatments,no,Rheumatoid arthritis in patients who have not adequately responded to conventional treatments,Pfizer Japan Inc.,Pfizer,Not reported,Tofacitinib Citrate,no,no,tablet,Not reported,NA
oral,25.04.2018,2018,authorised,approved,29.11.2018,2018,Neoplasms; Diseases of the skin,000240418.pdf,Small molecule,Braftovi,Unresectable malignant melanoma with BRAF gene mutation,no,Unresectable malignant melanoma with BRAF gene mutation,"Ono Pharmaceutical Co., Ltd.",Ono,Not reported,Encorafenib,no,yes,capsule,Not reported,NA
oral,27.03.2013,2013,authorised,approved,30.04.2014,2014,Infectious and parasitic diseases,000209024.pdf,Small molecule,Deltyba,Multidrug-resistant pulmonary tuberculosis,no,Multidrug-resistant pulmonary tuberculosis,"Otsuka Pharmaceutical Co., Ltd.",Otsuka,Not reported,Delamanid,no,yes,tablet,Not reported,NA
intravenous,27.05.2022,2022,authorised,approved,03.03.2023,2023,Diseases of the digestive system,000265667.pdf,Biologics,Omvoh,Remission induction therapy for moderate to severe ulcerative colitis,no,Remission induction therapy for moderate to severe ulcerative colitis,Eli Lilly Japan K.K.,Eli Lilly,Not reported,Mirikizumab,no,no,aqueous injection,Not reported,NA
oral,31.07.2012,2012,authorised,approved,13.03.2013,2013,Neoplasms; Diseases of the digestive system,000153351.pdf,Small molecule,Stivarga,"Incurable, unresectable, advanced/recurrent colorectal cancer",no,"Incurable, unresectable, advanced/recurrent colorectal cancer","Bayer Yakuhin, Ltd.",Bayer,Not reported,Regorafenib,no,no,tablet,Not reported,NA
oral,28.07.2017,2017,authorised,approved,02.03.2018,2018,Infectious and parasitic diseases,000232850.pdf,Small molecule,Prevymis,Prophylaxis of cytomegalovirus disease in allogeneic hematopoietic stem cell transplant recipients,no,Prophylaxis of cytomegalovirus disease in allogeneic hematopoietic stem cell transplant recipients,MSD K.K.,MSD,Not reported,Letermovir,no,yes,tablet,Not reported,NA
oral,22.06.2017,2017,authorised,approved,09.06.2017,2017,Mental and behavioural disorders; Neoplasms,000224954.pdf,Small molecule,Zyprexa,"Schizophrenia; Improvement of manic and depressive symptoms associated with bipolar disorder; Gastrointestinal symptoms (nausea, vomiting) associated with antineoplastic agents",yes,"Gastrointestinal symptoms (nausea, vomiting) associated with antineoplastic agents",Eli Lilly Japan K.K.,Eli Lilly,Not reported,Olanzapine,yes,no,tablet,Not reported,Pharmaceutical Affairs and Food Sanitation Council
oral,24.06.2015,2015,authorised,approved,26.02.2016,2016,Neoplasms; Diseases of the respiratory system,000221838.pdf,Small molecule,Zykadia,"ALK-positive, unresectable, advanced or recurrent non-small cell lung cancer resistant or intolerant to crizotinib",no,"ALK-positive, unresectable, advanced or recurrent non-small cell lung cancer resistant or intolerant to crizotinib",Novartis Pharma K.K.,Novartis,Not reported,Ceritinib,no,yes,capsule,Not reported,NA
intravenous,19.09.2014,2014,authorised,approved,28.05.2015,2015,Neoplasms,000215223.pdf,Biologics,Yervoy,Unresectable malignant melanoma,no,Unresectable or metastatic malignant melanoma,Bristol-Myers Squibb K.K.,Bristol-Myers Squibb,Not reported,Ipilimumab,no,yes,injection,Not reported,NA
intramuscular,28.03.2014,2014,authorised,approved,05.03.2015,2015,Infectious and parasitic diseases; Diseases of the respiratory system,000216064.pdf,Vaccine,Synflorix,"Prevention of invasive infections and pneumonia caused by Streptococcus pneumoniae (pneumococcal serotypes 1, 4, 5, 6B, 7F, 9V, 14, 18C, 19F, and 23F)",no,"Prevention of invasive infections, acute otitis media, and pneumonia caused by Streptococcus pneumoniae","Japan Vaccine Co., Ltd.",Japan Vaccine,Not reported,Pneumococcal 10-valent Conjugate Vaccine,yes,no,suspension,Not reported,Not reported
oral,26.08.2011,2011,authorised,approved,27.04.2012,2012,"Endocrine, nutritional, and metabolic diseases",000153594.pdf,Small molecule,Tenelia,Type 2 diabetes mellitus,no,Type 2 diabetes mellitus,Mitsubishi Tanabe Pharma Corporation,Mitsubishi Tanabe,Not reported,Teneligliptin Hydrobromide Hydrate,no,no,tablet,Not reported,NA
intravenous,22.03.2021,2021,authorised,approved,25.02.2022,2022,Diseases of the circulatory system,000252154.pdf,Small molecule,Samtasu,Treatment of fluid retention in heart failure when treatment with other diuretics including loop diuretics is not sufficiently effective,no,Treatment of fluid retention in heart failure when treatment with other diuretics including loop diuretics is not sufficiently effective,"Otsuka Pharmaceutical Co., Ltd.",Otsuka,Not reported,Tolvaptan Sodium Phosphate,no,no,Lyophilized powder,Not reported,NA
intramuscular,05.03.2021,2021,authorised,approved,20.05.2021,2021,Infectious and parasitic diseases,000243267.pdf,Vaccine,COVID-19 Vaccine Moderna,Prevention of disease caused by SARS-CoV-2 infection (COVID-19),no,Prevention of disease caused by SARS-CoV-2 infection (COVID-19),Takeda Pharmaceutical Company Limited,Takeda,Not reported,Coronavirus Modified Uridine RNA Vaccine,no,no,suspension,Not reported,NA
cutaneous,31.01.2019,2019,authorised,approved,25.10.2019,2019,Diseases of the skin,000240793.pdf,Small molecule,Corectim,atopic dermatitis,no,atopic dermatitis,Japan Tobacco Inc.,Japan Tobacco,Not reported,Delgocitinib,no,no,ointment,Not reported,NA
oral,27.04.2015,2015,authorised,approved,01.02.2016,2016,Neoplasms; Diseases of the skin,000233741.pdf,Small molecule,Mekinist,Unresectable malignant melanoma with BRAF mutations,no,Malignant melanoma with BRAF V600 mutations,Novartis Pharma K.K.,Novartis,Not reported,Trametinib,no,yes,tablet,Not reported,NA
oral,30.06.2022,2022,authorised,approved,27.02.2023,2023,Infectious and parasitic diseases,000270863.pdf,Small molecule,Valixa,Symptomatic congenital cytomegalovirus disease,yes,Symptomatic congenital cytomegalovirus disease,Mitsubishi Tanabe Pharma Corporation,Mitsubishi Tanabe,Not reported,Valganciclovir,yes,yes,Dry syrup,Not reported,Not reported
oral,04.03.2010,2010,authorised,approved,24.11.2010,2010,Diseases of the circulatory system,000207341.pdf,Small molecule,Pradaxa,Reduction in the risk of ischaemic stroke and systemic embolism in patients with non-valvular atrial fibrillation,no,Reduction in the risk of stroke and systemic embolism in patients with atrial fibrillation,"Nippon Boehringer Ingelheim Co., Ltd.",Boehringer Ingelheim,Not reported,Dabigatran Etexilate Methanesulfonate,no,no,capsule,Not reported,NA
oral,30.01.2023,2023,authorised,approved,08.12.2023,2023,Mental and behavioural disorders,000272245.pdf,Small molecule,Rexulti,Depression or depressive state (for use only in patients who have an inadequate response to existing antidepressant therapy),yes,Depression or depressive state (for use only in patients who have an inadequate response to existing antidepressant therapy),"Otsuka Pharmaceutical Co., Ltd.",Otsuka,Not reported,Brexpiprazole,yes,no,tablet,Not reported,Not reported
oral,22.05.2018,2018,authorised,approved,21.02.2019,2019,"Endocrine, nutritional, and metabolic diseases",000232846.pdf,Small molecule,Rosuzet,"Hypercholesterolemia, familial hypercholesterolemia",no,"Hypercholesterolemia, familial hypercholesterolemia",MSD K.K.,MSD,Not reported,Ezetimibe / Rosuvastatin Calcium,no,no,tablet,Not reported,NA
oral,30.01.2018,2018,authorised,approved,29.08.2018,2018,Neoplasms; Diseases of the respiratory system,000228981.pdf,Small molecule,Lorbrena,ALK fusion gene-positive unresectable advanced and/or recurrent non-small cell lung cancer with resistance or intolerance to ALK tyrosine kinase inhibitor(s),no,ALK fusion gene-positive unresectable advanced and/or recurrent non-small cell lung cancer with resistance or intolerance to ALK tyrosine kinase inhibitor(s),Pfizer Japan Inc.,Pfizer,Not reported,Lorlatinib,no,no,tablet,Not reported,NA
intramuscular,24.05.2021,2021,authorised,approved,30.05.2022,2022,Infectious and parasitic diseases,000250190.pdf,Vaccine,Jcovden,Prevention of disease caused by SARS-CoV-2 infection (COVID-19),no,Prevention of disease caused by SARS-CoV-2 infection (COVID-19),Janssen Pharmaceutical K.K.,Janssen,Not reported,COVID-19 (SARS-CoV-2) Vaccine,no,no,injection,Not reported,NA
intravenous,30.03.2016,2016,authorised,approved,09.02.2017,2017,Diseases of the digestive system,000227668.pdf,Biologics,Stelara,Induction therapy for moderately to severely active Crohn’s disease (only in patients who have had an inadequate response to conventional therapy),yes,Induction therapy for moderately to severely active Crohn’s disease (only in patients who have had an inadequate response to conventional therapy),Janssen Pharmaceutical K.K.,Janssen,Not reported,Ustekinumab,yes,no,solution,Not reported,Not reported
intravenous,19.01.2021,2021,authorised,approved,30.08.2021,2021,"Endocrine, nutritional, and metabolic diseases",000270056.pdf,Biologics,Nexviazyme,Pompe disease,yes,Pompe disease,Sanofi K.K.,Sanofi,Not reported,Avalglucosidase Alfa,no,yes,Lyophilized powder,Not reported,NA
intravenous,10.02.2022,2022,authorised,approved,25.08.2022,2022,Diseases of the blood and blood-forming organs,000265467.pdf,Biologics,Cablivi,Acquired thrombotic thrombocytopenic purpura,no,Acquired thrombotic thrombocytopenic purpura,Sanofi K.K.,Sanofi,Not reported,Caplacizumab,no,yes,Lyophilized powder,Not reported,NA
intramuscular,16.12.2021,2021,authorised,approved,18.04.2022,2022,Infectious and parasitic diseases,000248293.pdf,Vaccine,Nuvaxovid,Prevention of disease caused by SARS-CoV-2 infection (COVID-19),no,Prevention of disease caused by SARS-CoV-2 infection (COVID-19),Takeda Pharmaceutical Company Limited,Takeda,Not reported,Recombinant Coronavirus (SARS-CoV-2) Vaccine,yes,no,injection,Not reported,Not reported
oral,25.12.2009,2009,authorised,approved,08.11.2010,2010,"Diseases of the musculoskeletal system and connective tissue; Endocrine, nutritional, and metabolic diseases",000223354.pdf,Small molecule,Feburic,Gout and hyperuricemia,no,Improvement of hyperuricemia in patients with gout or hyperuricemia,Teijin Pharma Limited,Teijin,Not reported,Febuxostat,no,no,tablet,Not reported,NA
intravenous,06.09.2021,2021,authorised,approved,27.09.2021,2021,Infectious and parasitic diseases,000245006.pdf,Biologics,Xevudy,Disease caused by SARS-CoV-2 infection (COVID-19),no,Disease caused by SARS-CoV-2 infection (COVID-19),GlaxoSmithKline K.K.,GlaxoSmithKline,Not reported,Sotrovimab,no,no,solution,Not reported,NA
intravenous,23.01.2019,2019,authorised,approved,10.10.2019,2019,Neoplasms; Diseases of the respiratory system,000235287.pdf,Biologics,Tecentriq,Unresectable advanced or recurrent non-small cell lung cancer; Extensive-stage small cell lung cancer,yes,Unresectable advanced or recurrent non-small cell lung cancer,"Chugai Pharmaceutical Co., Ltd.",Chugai,Not reported,Atezolizumab,yes,no,Injection,Not reported,Not reported
intravenous,21.12.2018,2018,authorised,approved,07.08.2019,2019,Neoplasms,000235286.pdf,Biologics,Tecentriq,"PD-L1-positive, hormone-receptor-negative and HER2-negative inoperable or recurrent breast cancer",yes,PD-L1-positive inoperable or recurrent breast cancer,"Chugai Pharmaceutical Co., Ltd.",Chugai,Not reported,Atezolizumab,yes,no,Injection,Not reported,Not reported
oral,29.07.2015,2015,authorised,approved,20.04.2016,2016,Diseases of the musculoskeletal system and connective tissue; Neoplasms,000223355.pdf,Small molecule,Feburic,Gout and hyperuricemia; Hyperuricemia associated with cancer chemotherapy,yes,Gout and hyperuricemia; Prevention of hyperuricemia associated with cancer chemotherapy,Teijin Pharma Limited,Teijin,Not reported,Febuxostat,yes,no,tablet,Not reported,Not reported
Oral,26.07.2023,2023,authorised,approved,29.02.2024,2024,Diseases of the musculoskeletal system and connective tissue,000273006.pdf,Small molecule,Acenobel,Suppression of the progression of muscular weakness in patients with distal myopathy with rimmed vacuoles,no,Suppression of the progression of muscular weakness in patients with GNE myopathy,"Nobelpharma Co., Ltd.",Nobel,Not reported,Aceneuramic Acid,no,yes,tablet,Not reported,NA
oral,30.06.2020,2020,authorised,approved,28.05.2021,2021,Neoplasms; Diseases of the blood and blood-forming organs,000250191.pdf,Small molecule,Tazverik,Relapsed or refractory EZH2 gene mutation-positive follicular lymphoma (limited to those refractory to standard treatments),no,Relapsed or refractory EZH2 gene mutation-positive follicular lymphoma (limited to those refractory to standard treatments),"Eisai Co., Ltd.",Eisai,Not reported,Tazemetostat Hydrobromide,no,no,tablet,Not reported,NA
oral,23.06.2017,2017,authorised,approved,02.03.2018,2018,Neoplasms; Diseases of the digestive system,000233542.pdf,Small molecule,Lenvima,"Unresectable thyroid cancer, unresectable hepatocellular carcinoma",yes,Unresectable hepatocellular carcinoma,"Eisai Co., Ltd.",Eisai,Not reported,Lenvatinib Mesilate,yes,no,capsule,Not reported,Not reported
oral,08.07.2019,2019,authorised,approved,29.05.2020,2020,Diseases of the blood and blood-forming organs,000243933.pdf,Small molecule,Vafseo,Renal anemia,no,Renal anemia,Mitsubishi Tanabe Pharma Corporation,Mitsubishi Tanabe,Not reported,Vadadustat,no,no,tablet,Not reported,NA
Oral,27.04.2015,2015,authorised,approved,01.02.2016,2016,Neoplasms; Diseases of the skin,000233740.pdf,Small molecule,Tafinlar,Unresectable malignant melanoma with BRAF mutations,no,Malignant melanoma with BRAF V600 mutations,Novartis Pharma K.K.,Novartis,Not reported,Dabrafenib,no,yes,capsule,Not reported,NA
percutaneous,06.07.2022,2022,authorised,approved,29.07.2022,2022,Infectious and parasitic diseases,000247943.pdf,Vaccine,Freeze-dried Smallpox Vaccine Prepared in Cell Culture LC16 “KMB”,Prevention of smallpox and monkeypox,yes,Prevention of smallpox and monkeypox,"KM Biologics Co., Ltd.",KM Biologics,Not reported,Freeze-dried Smallpox Vaccine Prepared in Cell Culture,yes,no,Powder,Not reported,Not reported
oral,17.12.2015,2015,authorised,approved,09.09.2016,2016,Infectious and parasitic diseases,000222649.pdf,Small molecule,Viekirax,Suppression of viremia in serogroup 2 (genotype 2) chronic hepatitis C patients,yes,Suppression of viremia in treatment-naïve patients with serogroup 2 (genotype 2) chronic hepatitis C,AbbVie GK,AbbVie,Not reported,Ombitasvir Hydrate/Paritaprevir Hydrate/Ritonavir,no,no,tablet,Not reported,NA
subcutaneous,07.10.2016,2016,authorised,approved,27.07.2017,2017,Diseases of the musculoskeletal system and connective tissue,000226413.pdf,Biologics,Kevzara,Rheumatoid arthritis in patients who have had an inadequate response to conventional treatments,no,Rheumatoid arthritis in patients who have had an inadequate response to conventional treatments,Sanofi K.K.,Sanofi,Not reported,Sarilumab,no,no,solution,Not reported,NA
intravenous,17.02.2017,2017,authorised,approved,06.11.2017,2017,Neoplasms; Diseases of the respiratory system,000234771.pdf,Biologics,Tecentriq,Unresectable advanced or recurrent non-small cell lung cancer,no,Unresectable advanced or recurrent non-small cell lung cancer,"Chugai Pharmaceutical Co., Ltd.",Chugai,Not reported,Atezolizumab,no,no,solution,Not reported,NA
oral,31.03.2011,2011,authorised,approved,29.02.2012,2012,Neoplasms; Diseases of the respiratory system,000153949.pdf,Small molecule,Xalkori,"ALK-positive, unresectable, advanced or relapsed non-small-cell lung cancer",no,ALK-positive advanced non-small-cell lung cancer,Pfizer Japan Inc.,Pfizer,Not reported,Crizotinib,no,yes,capsule,Not reported,NA
intravenous,05.10.2016,2016,authorised,approved,24.11.2016,2016,Neoplasms; Diseases of the blood and blood-forming organs,000227269.pdf,Small molecule,Treakisym,Low-grade B-cell non-Hodgkin’s lymphoma and mantle cell lymphoma; Chronic lymphocytic leukemia,yes,Low-grade B-cell non-Hodgkin’s lymphoma and mantle cell lymphoma; Chronic lymphocytic leukemia,SymBio Pharmaceuticals Limited,SymBio,Not reported,Bendamustine Hydrochloride,yes,no,Lyophilized powder,Not reported,Not reported
oral,31.01.2024,2024,authorised,approved,24.05.2024,2024,Neoplasms; Diseases of the blood and blood-forming organs,000272485.pdf,Small molecule,Ezharmia,Relapsed or refractory peripheral T-cell lymphoma,yes,Relapsed or refractory peripheral T-cell lymphoma,"Daiichi Sankyo Company, Limited",Daiichi Sankyo,Not reported,Valemetostat,yes,no,tablet,Not reported,Not reported
oral,29.10.2013,2013,authorised,approved,26.06.2014,2014,Infectious and parasitic diseases,000209023.pdf,Small molecule,Sunvepra,"Improvement of viraemia in patients with chronic hepatitis C serogroup 1 (genotype 1), or chronic hepatitis C serogroup 1 with compensated cirrhosis",no,"Improvement of viraemia in patients with chronic hepatitis C serogroup 1 (genotype 1), or chronic hepatitis C serogroup 1 with compensated cirrhosis",Bristol-Myers K.K.,Bristol-Myers,Not reported,Asunaprevir,no,no,capsule,Not reported,NA
oral,29.03.2010,2010,authorised,approved,21.02.2011,2011,Diseases of the musculoskeletal system and connective tissue,000220894.pdf,Small molecule,Lixiana,Prevention of venous thromboembolism in patients undergoing orthopedic surgery of the lower limbs,no,Prevention of venous thromboembolism in patients undergoing orthopedic surgery of the lower limbs,"Daiichi Sankyo Company, Limited",Daiichi Sankyo,Not reported,Edoxaban Tosilate Hydrate,no,no,tablet,Not reported,NA
oral,26.02.2018,2018,authorised,approved,03.12.2018,2018,Diseases of the circulatory system,000231769.pdf,Small molecule,Minnebro,Hypertension,no,Hypertension,"Daiichi Sankyo Company, Limited",Daiichi Sankyo,Not reported,Esaxerenone,no,no,tablet,Not reported,NA
Oral,27.02.2019,2019,authorised,approved,29.05.2020,2020,Diseases of the nervous system,000243472.pdf,Small molecule,Ongentys,Improvement of end-of-dose motor fluctuations (wearing-off phenomenon) in patients with Parkinson’s disease by combination use with levodopa/carbidopa or levodopa/benserazide hydrochloride,no,Improvement of end-of-dose motor fluctuations (wearing-off phenomenon) in patients with Parkinson’s disease by combination use with levodopa/carbidopa or levodopa/benserazide hydrochloride,"Ono Pharmaceutical Co., Ltd.",Ono,Not reported,Opicapone,no,no,Tablet,Not reported,NA
intravenous,22.03.2017,2017,authorised,approved,04.12.2017,2017,Diseases of the nervous system,000231967.pdf,Biologics,Soliris,Treatment of patients with generalized myasthenia gravis (only for symptoms uncontrollable with high-dose intravenous immunoglobulin therapy or plasmapheresis),yes,Treatment of patients with generalized myasthenia gravis (only for symptoms uncontrollable with high-dose intravenous immunoglobulin therapy or plasmapheresis),Alexion Pharma Godo Kaisha,Alexion,Not reported,Eculizumab,yes,yes,injection,Not reported,Not reported
intramuscular,26.09.2007,2007,authorised,approved,31.08.2009,2009,Neoplasms; Infectious and parasitic diseases,000153196.pdf,Vaccine,Cervarix,Prevention of cervical cancer (squamous-cell carcinoma and adenocarcinoma) and its precursor lesions (cervical intraepithelial neoplasia [CIN] grades 2 and 3) caused by infection with human papillomavirus (HPV) types 16 and 18.,no,Prevention of cervical cancer (squamous-cell carcinoma and adenocarcinoma) and its precursor lesions (cervical intraepithelial neoplasia [CIN] grades 2 and 3) caused by infection with human papillomavirus (HPV) types 16 and 18.,GlaxoSmithKline K.K.,GlaxoSmithKline,Not reported,Recombinant Adsorbed Bivalent Human Papillomavirus-like Particle Vaccine,no,no,injection,Not reported,NA
intramuscular,10.11.2021,2021,authorised,approved,20.01.2022,2022,Infectious and parasitic diseases,000245994.pdf,Vaccine,Comirnaty,Prevention of disease caused by SARS-CoV-2 infection (COVID-19),yes,Prevention of disease caused by SARS-CoV-2 infection (COVID-19),Pfizer Japan Inc.,Pfizer,Not reported,Coronavirus Modified Uridine RNA Vaccine,yes,no,Injection,Not reported,Not reported
subcutaneous,27.12.2011,2011,authorised,approved,20.07.2012,2012,Infectious and parasitic diseases,000153343.pdf,Vaccine,Tetrabik,"Prevention of pertussis, diphtheria, tetanus, and acute poliomyelitis",no,"Prevention of pertussis, diphtheria, tetanus, and acute poliomyelitis",The Research Foundation for Microbial Diseases of Osaka University,Osaka University,Not reported,Adsorbed Diphtheria-Purified Pertussis-Tetanus-Inactivated Polio (Sabin strain) Combined Vaccine,yes,no,suspension,Not reported,Not reported
oral,10.08.2018,2018,authorised,approved,28.05.2019,2019,Mental and behavioural disorders,000235724.pdf,Small molecule,Intuniv,Attention-deficit/hyperactivity disorder (AD/HD) in adults,yes,Attention-deficit/hyperactivity disorder (AD/HD) in pediatric patients,"Shionogi & Co., Ltd.",Shionogi,Not reported,Guanfacine,yes,no,tablet,Not reported,Not reported
oral,30.09.2009,2009,authorised,approved,26.08.2010,2010,Diseases of the blood and blood-forming organs,000208512.pdf,Small molecule,Revolade,Chronic idiopathic thrombocytopenic purpura,no,Idiopathic thrombocytopenic purpura,GlaxoSmithKline K.K.,GlaxoSmithKline,Not reported,Eltrombopag,no,yes,tablet,Not reported,NA
Intravenous,16.04.2015,2015,authorised,approved,26.02.2016,2016,Diseases of the blood and blood-forming organs,000219621.pdf,Biologics,Adynovate,Control of bleeding tendency in patients with blood coagulation factor VIII deficiency,no,Control of bleeding tendency in patients with blood coagulation factor VIII deficiency,Baxter Limited,Baxter,Not reported,Rurioctocog Alfa Pegol,no,no,Lyophilized powder,Not reported,NA
intramuscular,18.04.2017,2017,authorised,approved,02.03.2018,2018,Infectious and parasitic diseases,000233792.pdf,Vaccine,Shingrix,Prevention of herpes zoster,no,Prevention of herpes zoster and postherpetic neuralgia,"Japan Vaccine Co., Ltd.",Japan Vaccine,Not reported,Dried Recombinant Herpes Zoster Vaccine,no,no,lyophilized product,Not reported,NA
subcutaneous,21.01.2010,2010,authorised,approved,29.11.2010,2010,Diseases of the skin; Diseases of the musculoskeletal system and connective tissue,000153747.pdf,Biologics,Stelara,Psoriasis vulgaris and psoriatic arthritis in patients who have had an inadequate response to conventional therapy,no,Moderate to severe psoriasis vulgaris; Psoriatic arthritis with moderate to severe plaque psoriasis,Janssen Pharmaceutical K.K.,Janssen,Not reported,Ustekinumab,no,no,solution,Not reported,NA
oral,25.12.2015,2015,authorised,approved,09.09.2016,2016,Infectious and parasitic diseases,000222648.pdf,Small molecule,Rebetol,Suppression of viremia in serogroup 2 (genotype 2) chronic hepatitis C patients,yes,Suppression of viremia in serogroup 2 (genotype 2) chronic hepatitis C patients,MSD K.K.,MSD,Not reported,Ribavirin,no,no,capsule,Not reported,NA
intravenous,31.03.2009,2009,authorised,approved,26.02.2010,2010,Diseases of the blood and blood-forming organs,000153009.pdf,Biologics,Soliris,Reduction of hemolysis in patients with paroxysmal nocturnal hemoglobinuria,no,Paroxysmal nocturnal hemoglobinuria,Alexion Pharma K.K.,Alexion,Not reported,Eculizumab,yes,yes,solution,Not reported,Not reported
intravenous,07.12.2018,2018,authorised,approved,02.08.2019,2019,Neoplasms; Diseases of the respiratory system,000234772.pdf,Biologics,Tecentriq,Unresectable advanced or recurrent non-small cell lung cancer; Extensive-stage small cell lung cancer,yes,Unresectable small cell lung cancer,"Chugai Pharmaceutical Co., Ltd.",Chugai,Not reported,Atezolizumab,yes,yes,Injection,Not reported,Not reported
oral,05.02.2010,2010,authorised,approved,24.11.2010,2010,Diseases of the nervous system,000207435.pdf,Small molecule,Memary,Control of the progression of dementia symptoms in patients with moderate to severe Alzheimer’s disease,no,Control of the progression of dementia symptoms in moderate to severe Alzheimer’s disease,"Daiichi Sankyo Company, Limited",Daiichi Sankyo,Not reported,Memantine Hydrochloride,no,no,tablet,Not reported,NA
intravenous,24.12.2013,2013,authorised,approved,26.06.2014,2014,Neoplasms,000209430.pdf,Biologics,Opdivo,Treatment of unresectable malignant melanoma,no,Malignant melanoma,"Ono Pharmaceutical Co., Ltd.",Ono,Not reported,Nivolumab,no,yes,Injection,Not reported,NA
cutaneous,28.09.2020,2020,authorised,approved,30.08.2021,2021,Diseases of the skin,000250545.pdf,Small molecule,Moizerto,Atopic dermatitis,no,Atopic dermatitis,"Otsuka Pharmaceutical Co., Ltd.",Otsuka,Not reported,Difamilast,no,no,ointment,Not reported,NA
oral,13.12.2011,2011,authorised,approved,06.09.2012,2012,Neoplasms,000153553.pdf,Small molecule,Votrient,Soft tissue sarcoma,yes,Advanced soft tissue sarcoma,GlaxoSmithKline K.K.,GlaxoSmithKline,Not reported,Pazopanib Hydrochloride,no,yes,tablet,Not reported,NA
intravenous,09.06.2023,2023,authorised,approved,04.03.2024,2024,Neoplasms; Diseases of the digestive system,000272323.pdf,Biologics,Vyloy,CLDN18.2-positive unresectable advanced or recurrent gastric cancer,no,"CLDN18.2-positive locally advanced, unresectable or metastatic gastric cancer",Astellas Pharma Inc.,Astellas,Not reported,Zolbetuximab,no,no,lyophilized powder,Not reported,NA
intravenous,05.11.2015,2015,authorised,approved,10.08.2016,2016,Diseases of the nervous system,000223352.pdf,Biologics,Kenketu Glovenin-I,Guillain-Barré syndrome (for patients with severe GBS in the acute exacerbation phase and difficulty in walking),yes,Guillain-Barré syndrome (for patients with severe GBS in the acute exacerbation phase and difficulty in walking),"Nihon Pharmaceutical Co., Ltd.",Nihon,Not reported,Polyethylene Glycol-treated Human Normal Immunoglobulin,yes,no,Lyophilized powder,Not reported,Not reported
oral,08.10.2019,2019,authorised,approved,04.09.2020,2020,Diseases of the musculoskeletal system and connective tissue,000247830.pdf,Small molecule,Jyseleca,Rheumatoid arthritis in patients who have had an inadequate response to conventional therapies (including the prevention of structural joint damage),no,Rheumatoid arthritis in patients who have had an inadequate response to conventional therapies (including the prevention of structural joint damage),Gilead Sciences K.K.,Gilead,Not reported,Filgotinib Maleate,no,no,tablet,Not reported,NA
Inhalation,07.10.2015,2015,authorised,approved,24.06.2016,2016,Infectious and parasitic diseases,000222716.pdf,Small molecule,Inavir,Treatment and prophylaxis of influenza A or B virus infection,yes,Treatment and prophylaxis of influenza A or B virus infection,"Daiichi Sankyo Company, Limited",Daiichi Sankyo,Not reported,Laninamivir Octanoate Hydrate,yes,no,powder,Not reported,Not reported
subcutaneous,14.07.2008,2008,authorised,approved,27.11.2009,2009,"Endocrine, nutritional, and metabolic diseases",000153180.pdf,Peptides and proteins,Victoza,Type 2 diabetes mellitus,no,Type 2 diabetes mellitus,Novo Nordisk Pharma Ltd.,Novo Nordisk,Not reported,Liraglutide,no,no,solution,Not reported,NA
intramuscular,28.09.2021,2021,authorised,approved,10.11.2021,2021,Infectious and parasitic diseases,000245968.pdf,Vaccine,Comirnaty,Prevention of disease caused by SARS-CoV-2 infection (COVID-19),yes,Prevention of disease caused by SARS-CoV-2 infection (COVID-19),Pfizer Japan Inc.,Pfizer,Not reported,Coronavirus Modified Uridine RNA Vaccine,yes,no,injection,Not reported,Not reported
intravenous,25.12.2014,2014,authorised,approved,09.10.2015,2015,Diseases of the skin,000223353.pdf,Biologics,Kenketu Glovenin-I,Bullous pemphigoid (for patients with BP inadequately responsive to corticosteroids),yes,Bullous pemphigoid (for patients with BP inadequately responsive to corticosteroids),"Nihon Pharmaceutical Co., Ltd.",Nihon,Not reported,Polyethylene Glycol-treated Human Normal Immunoglobulin,yes,no,Lyophilized powder,Not reported,Not reported
oral,30.07.2020,2020,authorised,approved,26.05.2021,2021,"Endocrine, nutritional, and metabolic diseases",000246722.pdf,Small molecule,Twymeeg,Type 2 diabetes mellitus,no,Type 2 diabetes mellitus,"Sumitomo Dainippon Pharma Co., Ltd.",Sumitomo Dainippon,Not reported,Imeglimin Hydrochloride,no,no,tablet,Not reported,NA
oral,29.10.2013,2013,authorised,approved,26.06.2014,2014,Infectious and parasitic diseases,000209021.pdf,Small molecule,Daklinza,Improvement of viraemia in patients with chronic hepatitis C serogroup 1 or with compensated cirrhosis,no,Improvement of viraemia in patients with chronic hepatitis C serogroup 1 or with compensated cirrhosis,Bristol-Myers K.K.,Bristol-Myers,Not reported,Daclatasvir,no,no,tablet,Not reported,NA
epicutaneous,22.12.2014,2014,authorised,approved,31.08.2015,2015,Diseases of the skin,000216840.pdf,Small molecule,Allergen Scratch Extract Positive control “TORII”,Positive control to evaluate skin reactions to allergens,yes,Positive control to evaluate skin reaction for a diagnosis of allergy,Japan Tobacco Inc.,Japan Tobacco,Not reported,Histamine dihydrochloride,yes,no,solution,Not reported,Not reported
oral,30.05.2013,2013,authorised,approved,24.02.2014,2014,Diseases of the genitourinary system,000208511.pdf,Small molecule,Samsca,Slowing of the progression of autosomal dominant polycystic kidney disease,yes,Slowing of the progression of autosomal dominant polycystic kidney disease,"Otsuka Pharmaceutical Co., Ltd.",Otsuka,Not reported,Tolvaptan,yes,yes,tablet,Not reported,Not reported
intravenous,20.12.2016,2016,authorised,approved,08.09.2017,2017,Neoplasms; Diseases of the blood and blood-forming organs,000234203.pdf,Biologics,Darzalex,Relapsed or refractory multiple myeloma,no,Relapsed or refractory multiple myeloma,Janssen Pharmaceutical K.K.,Janssen,Not reported,Daratumumab,no,yes,solution,Not reported,NA
intravenous,30.11.2018,2018,authorised,approved,07.08.2019,2019,Neoplasms; Diseases of the digestive system; Diseases of the respiratory system,000234773.pdf,Small molecule,Abraxane,"Breast cancer, gastric cancer, non-small cell lung cancer, and unresectable pancreatic cancer",yes,"Breast cancer, gastric cancer, non-small cell lung cancer, and unresectable pancreatic cancer","Taiho Pharmaceutical Co., Ltd.",Taiho,Not reported,Paclitaxel,yes,no,suspension,Not reported,Not reported
intravenous,26.02.2008,2008,authorised,approved,31.08.2009,2009,Neoplasms; Diseases of the blood and blood-forming organs,000153036.pdf,Biologics,Rasuritek,Hyperuricemia associated with cancer chemotherapy,no,Treatment and prophylaxis of acute hyperuricemia associated with the treatment of hematological malignancies,Sanofi-aventis K.K.,Sanofi-aventis,Not reported,Rasburicase,no,no,injection,Not reported,NA
oral,13.02.2013,2013,authorised,approved,22.08.2013,2013,Diseases of the nervous system,000153750.pdf,Small molecule,Vyndaqel,Delay of peripheral neurologic impairment in patients with transthyretin familial amyloid polyneuropathy,no,Delay of peripheral neurologic impairment in patients with transthyretin familial amyloid polyneuropathy,Pfizer Japan Inc.,Pfizer,Not reported,Tafamidis Meglumine,no,yes,capsule,Not reported,NA
intravenous,27.10.2016,2016,authorised,approved,08.09.2017,2017,Diseases of the blood and blood-forming organs,000231145.pdf,Biologics,Afstyla,Control of bleeding tendency in patients with blood coagulation factor VIII deficiency,no,Control of bleeding tendency in patients with blood coagulation factor VIII deficiency,CSL Behring K.K.,CSL Behring,Not reported,Lonoctocog Alfa,no,no,solution,Not reported,NA
intravenous,31.07.2014,2014,authorised,approved,28.05.2015,2015,Diseases of the blood and blood-forming organs,000216795.pdf,Biologics,Acoalan,Thrombophilia due to congenital antithrombin deficiency; Disseminated intravascular coagulation (DIC) accompanied by a decrease in antithrombin,no,Thrombophilia due to congenital antithrombin deficiency; Disseminated intravascular coagulation (DIC) accompanied by a decrease in antithrombin,"Kyowa Hakko Kirin Co., Ltd.",Kyowa Hakko Kirin,Not reported,Antithrombin Gamma,no,no,Lyophilized powder,Not reported,NA
intramuscular,10.11.2021,2021,authorised,approved,15.12.2021,2021,Infectious and parasitic diseases,000249129.pdf,Vaccine,COVID-19 Vaccine Moderna,Prevention of disease caused by SARS-CoV-2 infection (COVID-19),yes,Prevention of disease caused by SARS-CoV-2 infection (COVID-19),Takeda Pharmaceutical Company Limited,Takeda,Not reported,Coronavirus Modified Uridine RNA Vaccine,yes,no,suspension,Not reported,Not reported
subcutaneous,19.12.2016,2016,authorised,approved,03.12.2018,2018,Diseases of the musculoskeletal system and connective tissue,000232793.pdf,Biologics,Evenity,Osteoporosis with a high risk of fracture,no,Osteoporosis with a high risk of fracture,Amgen Astellas BioPharma K.K.,Amgen Astellas,Not reported,Romosozumab,no,no,injection,Not reported,NA
oral,31.03.2016,2016,authorised,approved,11.11.2016,2016,Infectious and parasitic diseases,000222576.pdf,Small molecule,Vemlidy,Suppression of hepatitis B virus replication in chronic hepatitis B patients with evidence of viral replication and abnormal liver function,no,Suppression of hepatitis B virus replication in chronic hepatitis B patients with evidence of viral replication and abnormal liver function,Gilead Sciences K.K.,Gilead,Not reported,Tenofovir Alafenamide Fumarate,no,no,tablet,Not reported,NA
Oral,26.03.2020,2020,authorised,approved,27.01.2021,2021,"Neoplasms; Diseases of the blood and blood-forming organs; Endocrine, nutritional, and metabolic diseases; Diseases of the skin",000252521.pdf,Small molecule,Thaled,Relapsed or refractory multiple myeloma; Erythema nodosum leprosum; Crow-Fukase (POEMS) syndrome,yes,Crow-Fukase (POEMS) syndrome,Fujimoto Pharmaceutical Corporation,Fujimoto,Not reported,Thalidomide,yes,yes,capsule,Not reported,Not reported
intravenous,11.12.2015,2015,authorised,approved,05.08.2016,2016,Neoplasms; Diseases of the genitourinary system,000223202.pdf,Biologics,Opdivo,Treatment of unresectable or metastatic renal cell carcinoma,yes,Treatment of unresectable or metastatic renal cell carcinoma,"Ono Pharmaceutical Co., Ltd.",Ono,Not reported,Nivolumab,yes,no,injection,Not reported,Not reported
oral,27.04.2016,2016,authorised,approved,30.05.2017,2017,Infectious and parasitic diseases; Diseases of the nervous system,000227731.pdf,Small molecule,Amenalief,Herpes zoster,no,Herpes zoster,"Maruho Co., Ltd.",Maruho,Not reported,Amenamevir,no,no,tablet,Not reported,NA
oral,20.10.2014,2014,authorised,approved,10.07.2015,2015,Diseases of the circulatory system,000217011.pdf,Small molecule,Artist,tachycardiac atrial fibrillation,yes,tachycardiac atrial fibrillation,"Daiichi Sankyo Company, Limited",Daiichi Sankyo,Not reported,Carvedilol,yes,no,tablet,Not reported,Not reported
sublingual,24.04.2014,2014,authorised,approved,21.01.2015,2015,Diseases of the respiratory system,000213143.pdf,Other,Actair,Desensitization therapy for house dust mite antigen-induced allergic rhinitis,no,House dust mite antigen-induced allergic rhinitis,"Shionogi & Co., Ltd.",Shionogi,Not reported,None,yes,no,tablet,Not reported,Not reported
sublingual,26.01.2015,2015,authorised,approved,31.08.2015,2015,Diseases of the respiratory system,000214453.pdf,Other,Miticure,Desensitization therapy for allergic rhinitis induced by mite allergens,no,Desensitization therapy for allergic rhinitis induced by mite allergens,"Torii Pharmaceutical Co., Ltd.",Torii,Not reported,None,yes,no,tablet,Not reported,Not reported
oral,26.06.2012,2012,authorised,approved,26.04.2013,2013,"Endocrine, nutritional, and metabolic diseases",000153624.pdf,Small molecule,Topiloric,"Gout, hyperuricaemia",no,"Gout, hyperuricaemia","Fujiyakuhin Co., Ltd.; Sanwa Kagaku Kenkyusho Co., Ltd.",Fujiyakuhin; Sanwa Kagaku Kenkyusho,Not reported,Topiroxostat,no,no,tablet,Not reported,NA
intravenous,15.01.2018,2018,authorised,approved,03.08.2018,2018,Neoplasms; Diseases of the genitourinary system,000233404.pdf,Biologics,Yervoy,Unresectable malignant melanoma; Unresectable or metastatic renal cell carcinoma,yes,Unresectable malignant melanoma; Unresectable or metastatic renal cell carcinoma,Bristol-Meyers Squibb K.K.,Bristol-Meyers Squibb,Not reported,Ipilimumab,yes,no,Injection,Not reported,Not reported
intravenous,22.12.2017,2017,authorised,approved,03.08.2018,2018,Neoplasms; Diseases of the respiratory system; Diseases of the digestive system,000233403.pdf,Biologics,Opdivo,"Treatment of unresectable malignant melanoma; Treatment of unresectable, advanced or recurrent non-small cell lung cancer; Treatment of unresectable or metastatic renal cell carcinoma; Treatment of relapsed or refractory classical Hodgkin lymphoma; Treatment of recurrent or distant metastatic head and neck cancer; Treatment of unresectable, advanced or recurrent gastric cancer that has progressed after cancer chemotherapy; Treatment of unresectable, advanced or recurrent malignant pleural mesothelioma that has progressed after cancer chemotherapy",yes,Not reported,"Ono Pharmaceutical Co., Ltd.",Ono,Not reported,Nivolumab,yes,yes,infusion,Not reported,Not reported
cutaneous,20.10.2014,2014,authorised,approved,31.08.2015,2015,Diseases of the musculoskeletal system and connective tissue,000225702.pdf,Small molecule,Loqoa,Relief of pain and inflammation associated with osteoarthritis,no,Relief of pain and inflammation associated with osteoarthritis,"Taisho Pharmaceutical Co., Ltd.",Taisho,Not reported,Esflurbiprofen,no,no,plaster,Not reported,NA
oral,17.08.2018,2018,authorised,approved,17.07.2019,2019,Neoplasms; Diseases of the digestive system,000233503.pdf,Small molecule,Lonsurf,Unresectable advanced or recurrent gastric cancer progressing after cancer chemotherapy,yes,Unresectable advanced or recurrent gastric cancer,"Taiho Pharmaceutical Co., Ltd.",Taiho,Not reported,Trifluridine and Tipiracil Hydrochloride,yes,no,tablet,Not reported,Not reported
intravenous,29.01.2013,2013,authorised,approved,26.08.2013,2013,Neoplasms,000153735.pdf,Biologics,Kadcyla,HER2-positive inoperable or recurrent breast cancer,no,HER2-positive inoperable or recurrent breast cancer,"Chugai Pharmaceutical Co., Ltd.",Chugai,Not reported,Trastuzumab Emtansine,no,no,Lyophilized powder,Not reported,NA
intramuscular,07.09.2023,2023,authorised,approved,17.11.2023,2023,Infectious and parasitic diseases,000270669.pdf,Vaccine,Daichirona,Prevention of disease caused by SARS-CoV-2 infection (COVID-19),yes,Prevention of disease caused by SARS-CoV-2 infection (COVID-19),"Daiichi Sankyo Company, Limited",Daiichi Sankyo,Not reported,Coronavirus (SARS-CoV-2) RNA Vaccine,yes,no,injection,Not reported,Not reported
intravenous,26.09.2019,2019,authorised,approved,28.02.2020,2020,Diseases of the musculoskeletal system and connective tissue; Congenital malformations and chromosomal abnormalities,000237467.pdf,Peptides and proteins,Viltepso,Duchenne muscular dystrophy with a deletion in the dystrophin gene amenable to exon 53 skipping therapy,no,Duchenne muscular dystrophy with a deletion in the dystrophin gene amenable to exon 53 skipping therapy,"Nippon Shinyaku Co., Ltd.",Nippon Shinyaku,Not reported,Viltolarsen,no,yes,solution,Not reported,NA
intravenous,23.07.2015,2015,authorised,approved,16.05.2016,2016,Neoplasms; Diseases of the respiratory system,000221104.pdf,Biologics,Cyramza,Unresectable advanced/recurrent non-small cell lung cancer,yes,Unresectable advanced/recurrent non-small cell lung cancer,Eli Lilly Japan K.K.,Eli Lilly,Not reported,Ramucirumab,yes,no,Injection,Not reported,Not reported
subcutaneous,20.03.2015,2015,authorised,approved,27.11.2015,2015,"Endocrine, nutritional, and metabolic diseases",000217925.pdf,Biologics,Repatha,"Familial hypercholesterolemia, hypercholesterolemia",no,"Hypercholesterolemia, heterozygous familial hypercholesterolemia, homozygous familial hypercholesterolemia",Amgen Astellas BioPharma K.K.,Amgen Astellas,Not reported,Evolocumab,no,no,solution,Not reported,NA
oral,14.10.2014,2014,authorised,approved,28.05.2015,2015,Diseases of the respiratory system,000214531.pdf,Small molecule,Ofev,Idiopathic pulmonary fibrosis,no,Treatment of idiopathic pulmonary fibrosis and slowing of disease progression,"Nippon Boehringer Ingelheim Co., Ltd.",Boehringer Ingelheim,Not reported,Nintedanib,no,yes,capsule,Not reported,NA
Intravenous,26.04.2021,2021,authorised,approved,09.02.2022,2022,Neoplasms; Diseases of the digestive system,000263434.pdf,Biologics,Perjeta,Unresectable advanced or recurrent HER2-positive colorectal cancer that has progressed after cancer chemotherapy,yes,HER2-positive breast cancer; Unresectable advanced or recurrent HER2-positive colorectal cancer,"Chugai Pharmaceutical Co., Ltd.",Chugai,Not reported,Pertuzumab,yes,no,infusion,Not reported,Not reported
intrathecal,07.12.2016,2016,authorised,approved,09.06.2017,2017,Diseases of the nervous system,000228334.pdf,Other,Spinraza,infantile spinal muscular atrophy,no,spinal muscular atrophy,Biogen Japan Ltd.,Biogen,Not reported,Nusinersen,no,yes,solution,Not reported,NA
oral,13.03.2013,2013,authorised,approved,29.11.2013,2013,"Endocrine, nutritional, and metabolic diseases",000206796.pdf,Small molecule,Suglat,Type 2 diabetes mellitus,no,Type 2 diabetes mellitus,Astellas Pharma Inc.,Astellas,Not reported,Ipragliflozin,no,no,tablet,Not reported,NA
intramuscular,25.05.2023,2023,authorised,approved,05.10.2023,2023,Infectious and parasitic diseases,000274240.pdf,Vaccine,Spikevax,Prevention of disease caused by SARS-CoV-2 infection (COVID-19),yes,Prevention of disease caused by SARS-CoV-2 infection (COVID-19),"Moderna Japan Co., Ltd.",Moderna,Not reported,Coronavirus RNA Vaccine,yes,no,suspension,Not reported,Not reported
oral,03.12.2021,2021,authorised,approved,24.12.2021,2021,Infectious and parasitic diseases,000245005.pdf,Small molecule,Lagevrio,Treatment of disease caused by SARS-CoV-2 infection (COVID-19),no,Treatment of disease caused by SARS-CoV-2 infection (COVID-19),MSD K.K.,MSD,Not reported,Molnupiravir,yes,no,capsule,Not reported,Not reported
oral,21.10.2013,2013,authorised,approved,26.05.2014,2014,Diseases of the respiratory system,000209869.pdf,Small molecule,Rapalimus,Lymphangioleiomyomatosis,no,Lymphangioleiomyomatosis,"Nobelpharma Co., Ltd.",Nobel,Not reported,Sirolimus,yes,yes,tablet,Not reported,Not reported
oral,29.01.2020,2020,authorised,approved,04.12.2020,2020,Diseases of the skin; Diseases of the musculoskeletal system and connective tissue,000243471.pdf,Small molecule,Olumiant,Rheumatoid arthritis in patients who have had an inadequate response to conventional treatments (including the prevention of structural joint damage); Moderate to severe atopic dermatitis,yes,Moderate to severe atopic dermatitis,Eli Lilly Japan K.K.,Eli Lilly,Not reported,Baricitinib,yes,no,tablet,Not reported,Not reported
subcutaneous,30.11.2016,2016,authorised,approved,27.07.2017,2017,Diseases of the musculoskeletal system and connective tissue; Diseases of the circulatory system,000224730.pdf,Biologics,Actemra,Treatment of rheumatoid arthritis (including the inhibition of progression of structural joint damage); Takayasu’s arteritis or giant cell arteritis,yes,Treatment of rheumatoid arthritis with an inadequate response to existing therapies; Treatment of large vessel vasculitis (Takayasu’s arteritis or giant cell arteritis),"Chugai Pharmaceutical Co., Ltd.",Chugai,Not reported,Tocilizumab,yes,yes,Injection,Not reported,Not reported
oral,30.06.2014,2014,authorised,approved,20.02.2015,2015,"Endocrine, nutritional, and metabolic diseases",000215814.pdf,Small molecule,Cerdelga,"Alleviation of symptoms of Gaucher disease (anemia, thrombocytopenia, hepatosplenomegaly, and skeletal pathology)",no,Gaucher disease type 1,Genzyme Japan K.K.,Genzyme,Not reported,Eliglustat,no,yes,capsule,Not reported,NA
