Generic Name,Trade Name,Date Designated,Orphan Designation,Orphan Designation Status,Date Designation Withdrawn or Revoked,FDA Orphan Approval Status,Approved Labeled Indication,Marketing Approval Date,Exclusivity End Date,"Exclusivity Protected Indication * (Shown for approvals from Jan. 1, 2013, to the present)",Sponsor Company,Sponsor Address 1,Sponsor Address 2,Sponsor City,Sponsor State,Sponsor Zip,Sponsor Country,CF Grid Key
bosentan,Tracleer,2000-06-10 00:00:00,Treatment of pulmonary arterial hypertension,Designated/Approved,,,"Treatment of pulmonary arterial hypertension (PAH) (WHO Group 1) in pediatric patients aged 3 years and older with idiopathic or congenital PAH to improve pulmonary vascular resistance (PVR), which is expected to result in an improvement in exercise ability",2017-05-09 00:00:00,2024-05-09 00:00:00,"Treatment of pulmonary arterial hypertension (PAH) (WHO Group 1) in pediatric patients aged 3 years and older with idiopathic or congenital PAH to improve pulmonary vascular resistance (PVR), which is expected to result in an improvement in exercise ability",Actelion Pharmaceuticals Ltd,1840 Gateway Drive,Suite 300,Cherry Hill,New Jersey,' 08002 ' ,United States,134200.0
bosentan,Tracleer,2000-06-10 00:00:00,Treatment of pulmonary arterial hypertension,Designated/Approved,,,Treatment of pulmonary arterial hypertension.,11/20/2001,11/20/2008,,Actelion Pharmaceuticals Ltd,1840 Gateway Drive,Suite 300,Cherry Hill,New Jersey,' 08002 ' ,United States,134200.0
5-aminolevulinic acid,Gleolan,01/15/2013,Visualization of malignant tissue during surgery for malignant glioma (WHO grades III and IV),Designated/Approved,,,Optical imaging agent indicated in patients with glioma (suspected World Health Organization Grades III or IV on preoperative imaging) as an adjunct for the visualization of malignant tissue during surgery,2017-06-06 00:00:00,2024-06-06 00:00:00,Optical imaging agent indicated in patients with glioma (suspected World Health Organization Grades III or IV on preoperative imaging) as an adjunct for the visualization of malignant tissue during surgery,NX Development Corporation,1827 South Bayshore Lane,,Miami,Florida,' 33133 ' ,United States,387312.0
abatacept,Orencia,12/26/2017,Prevention of graft versus host disease,Designated/Approved,,,"prophylaxis of acute graft versus host disease (aGVHD), in combination with a calcineurin inhibitor and methotrexate, in adults and pediatric patients 2 years of age and older undergoing hematopoietic stem cell transplantation (HSCT) from a matched or 1 allele-mismatched unrelated-donor",12/15/2021,12/15/2028,prophylaxis of acute graft versus host disease (aGVHD) in adults and pediatric patients 2 years of age and older undergoing hematopoietic stem cell transplantation (HSCT) from a matched or 1 allele-mismatched unrelated-donor,Bristol-Myers Squibb Co.,P. O. Box 5326,,Princeton,New Jersey,' 08543 ' ,United States,614117.0
acalabrutinib,Calquence,05/13/2015,Treatment of chronic lymphocytic leukemia (CLL).,Designated/Approved,,,Treatment of adult patients with chronic lymphocytic leukemia (CLL) or small lymphocytic lymphoma (SLL),2022-04-08 00:00:00,,,"Acerta Pharma, LLC (a member of the AstraZeneca Group)",121 Oyster Point Boulevard,,South San Francisco,California,' 94080 ' ,United States,477415.0
acalabrutinib,Calquence,09/21/2015,Treatment of mantle cell lymphoma.,Designated/Approved,,,Treatment of adult patients with mantle cell lymphoma (MCL) who have received at least one prior therapy,2022-04-08 00:00:00,,,"Acerta Pharma, LLC (a member of the AstraZeneca Group)",121 Oyster Point Boulevard,,South San Francisco,California,' 94080 ' ,United States,488915.0
acalabrutinib,Calquence,09/21/2015,Treatment of mantle cell lymphoma.,Designated/Approved,,,in combination with bendamustine and rituximab for the treatment of adult patients with previously untreated mantle cell lymphoma (MCL) who are ineligible for autologous hematopoietic stem cell transplantation (HSCT),01/16/2025,,,"Acerta Pharma, LLC (a member of the AstraZeneca Group)",121 Oyster Point Boulevard,,South San Francisco,California,' 94080 ' ,United States,488915.0
acalabrutinib,CALQUENCE,09/21/2015,Treatment of mantle cell lymphoma.,Designated/Approved,,,treatment of adult patients with mantle cell lymphoma (MCL) who have received at least one prior therapy,10/31/2017,10/31/2024,treatment of adult patients with mantle cell lymphoma (MCL) who have received at least one prior therapy,"Acerta Pharma, LLC (a member of the AstraZeneca Group)",121 Oyster Point Boulevard,,South San Francisco,California,' 94080 ' ,United States,488915.0
acetylcysteine,Acetadote,10/19/2001,For the intravenous treatment of moderate to severe acetaminophen overdose,Designated/Approved,,,"For the use of Acetadote(registered TM) Injection, administered intravenously within 8 to 10 hours after ingestion of a potentially heptotoxic quantity of acetaminophen, to prevent or lessen hepatic injur",01/23/2004,01/23/2011,,"Cumberland Pharmaceuticals, Inc.",209 10th Street South,Suite 332,Nashville,Tennessee,' 37203 ' ,United States,148401.0
acetylcysteine effervescent tablets for oral solution,Cetylev,02/24/2015,Preventing hepatic injury from acetaminophin overdose,Designated/Approved,,,Indicated to prevent or lessen hepatic injury after ingestion of a potentially hepatotoxic quantity of acetaminophen in patients with acute ingestion or from repeated supratherapeutic ingestion,01/29/2016,,,"Arbor Pharmaceuticals, Inc.",6 Concourse Parkway,Suite 1800,Atlanta,Georgia,' 30328 ' ,United States,401713.0
acoramidis,Attruby,2018-02-10 00:00:00,Treatment of transthyretin amyloidosis,Designated/Approved,,,treatment of the cardiomyopathy of wild-type or variant transthyretin-mediated amyloidosis (ATTR-CM) in adults to reduce cardiovascular death and cardiovascular-related hospitalization,11/22/2024,11/22/2031,treatment of the cardiomyopathy of wild-type or variant transthyretin-mediated amyloidosis (ATTR-CM) in adults to reduce cardiovascular death and cardiovascular-related hospitalization,"BridgeBio Pharma, Inc.","1800 Owens St., Suite C-1200",,San Francisco,California,' 94158 ' ,United States,593117.0
acyclovir,Avaclyr,12/13/2010,Treatment of acute herpetic keratitis caused by Herpes Simplex Virus type 1 and 2,Designated/Approved,,,AVACLYR is a sterile topical antiviral indicated for the treatment of acute herpetic keratitis (dendritic ulcers) in patients with herpes simplex (HSV-1 and HSV-2) virus.,03/29/2019,03/29/2026,AVACLYR is a sterile topical antiviral indicated for the treatment of acute herpetic keratitis (dendritic ulcers) in patients with herpes simplex (HSV-1 and HSV-2) virus.,Fera Pharmaceuticals,134 Birch Hill Road,,Locust Valley,New York,' 11560 ' ,United States,325010.0
adagrasib,Krazati,2021-07-06 00:00:00,Treatment for KRAS G12C Positive NSCLC,Designated/Approved,,,"Treatment of adult patients with KRAS G12C-mutated locally advanced or metastatic non-small cell lung cancer (NSCLC), as determined by an FDA-approved test, who have received at least one prior systemic therapy",2022-12-12 00:00:00,2029-12-12 00:00:00,"Treatment of adult patients with KRAS G12C-mutated locally advanced or metastatic non-small cell lung cancer (NSCLC), as determined by an FDA-approved test, who have received at least one prior systemic therapy",Bristol-Myers Squibb Company,3401 Princeton Pike,,Lawrenceville,New Jersey,' 08648 ' ,United States,756320.0
adalimumab,HUMIRA,10/19/2006,Treatment of pediatric Crohn's disease,Designated/Approved,,,"Reducing signs and symptoms and inducing and maintaining clinical remission in patients 6 years of age and older with moderately to severely active Crohn's disease who have had an inadequate response to corticosteroids or immunomodulators such as azathioprine, 6-mercaptopurine, or methotrexate.",09/23/2014,09/23/2021,"Reducing signs and symptoms and inducing and maintaining clinical remission in patients 6 through 16 years of age with moderately to severely active Crohn's disease who have had an inadequate response to corticosteroids or immunomodulators such as azathioprine, 6-mercaptopurine, or methotrexate.","AbbVie, Inc.",1 N. Waukegan Road,"Bldg AP30, Dept. PA77",North Chicago,Illinois,' 60064 ' ,United States,230306.0
adalimumab,Humira,05/13/2014,"Treatment of non-infectious intermediate, posterior, or panuveitis, or chronic non-infectious anterior uveitis",Designated/Approved,,,"Treatment of non-infectious intermediate, posterior, and panuveitis in adults and pediatric patients 2 years of age and older",09/28/2018,09/28/2025,"Treatment of non-infectious intermediate, posterior, and panuveitis in pediatric patients 2 years of age and older","AbbVie, Inc.",1 North Waukegan Road,,North Chicago,Illinois,' 60064 ' ,United States,318510.0
adalimumab,HUMIRA,05/13/2015,Treatment of moderate to severe hidradenitis suppurativa (Hurley stage 2 and Hurley stage 3 disease),Designated/Approved,,,Treatment of moderate to severe hidradenitis suppurativa in patients 12 years of age and older.,10/16/2018,10/16/2025,Treatment of moderate to severe hidradenitis suppurativa (HS) in adolescent patients 12 years of age and older.,"AbbVie, Inc.",1 North Waukegan Road,,North Chicago,Illinois,' 60064 ' ,United States,446414.0
adalimumab,HUMIRA,05/13/2015,Treatment of moderate to severe hidradenitis suppurativa (Hurley stage 2 and Hurley stage 3 disease),Designated/Approved,,,Treatment of moderate to severe hidradenitis suppurativa,2015-09-09 00:00:00,2022-09-09 00:00:00,Treatment of moderate to severe hidradenitis suppurativa,"AbbVie, Inc.",1 North Waukegan Road,,North Chicago,Illinois,' 60064 ' ,United States,446414.0
adalimumab,Humira,2011-11-05 00:00:00,Treatment of pediatric patients with ulcerative colitis,Designated/Approved,,,treatment of moderately to severely active ulcerative colitis in pediatric patients 5 years of age and older. Limitations of Use: The effectiveness of HUMIRA has not been established in patients who have lost response to or were intolerant to TNF blockers.,02/24/2021,02/24/2028,treatment of moderately to severely active ulcerative colitis in pediatric patients 5 years of age and older. Limitations of Use: The effectiveness of HUMIRA has not been established in patients who have lost response to or were intolerant to TNF blockers.,"AbbVie, Inc.",1 North Waukegan Rd,Dept PA72; Bldg AP30-4,North Chicago,Illinois,' 60064 ' ,United States,340911.0
adalimumab,Humira,05/13/2014,"Treatment of non-infectious intermediate, posterior, or panuveitis, or chronic non-infectious anterior uveitis",Designated/Approved,,,"Indicated for the treatment of non-infectious intermediate, posterior and panuveitis in adult patients",06/30/2016,06/30/2023,"Indicated for the treatment of non-infectious intermediate, posterior and panuveitis in adult patients","AbbVie, Inc.",1 North Waukegan Road,,North Chicago,Illinois,' 60064 ' ,United States,318510.0
adalimumab,Humira,03/21/2005,Treatment of juvenile rheumatoid arthritis,Designated/Approved,,,Reducing signs and symptoms of moderately to severely active polyarticular juvenile idiopathic arthritis in patients 2 years of age and older.,09/30/2014,09/30/2021,Treatment of polyarticular juvenile idiopathic arthritis in patients 2 to less than 4 years of age.,AbbVie Inc.,1 North Waukegan Road,Bldg. AP-30,North Chicago,Illinois,' 60064 ' ,United States,200905.0
adalimumab,Humira,03/21/2005,Treatment of juvenile rheumatoid arthritis,Designated/Approved,,,Reducing signs and symptoms of moderately to severely active polyarticular juvenile idiopathic arthritis in patients 4 years of age and older.,02/21/2008,02/21/2015,,AbbVie Inc.,1 North Waukegan Road,Bldg. AP-30,North Chicago,Illinois,' 60064 ' ,United States,200905.0
afamelanotide,SCENESSE,07/17/2008,Treatment of erythropoietic porphyrias,Designated/Approved,,,SCENESSE is indicated to increase pain free light exposure in adult patients with a history of phototoxic reactions from erythropoietic protoporphyria (EPP),2019-08-10 00:00:00,2026-08-10 00:00:00,Indicated to increase pain free light exposure in adult patients with a history of phototoxic reactions from erythropoietic protoporphyria (EPP).,Clinuvel Inc.,P. O. Box 94026,,Menlo Park,California,' 94026 ' ,United States,263208.0
afatinib,Gilotrif,2015-03-08 00:00:00,Treatment of non-small cell lung cancer with squamous histology.,Designated/Approved,,,"Treatment of patients with metastatic, squamous, non-small cell lung cancer progressing after platinum-based chemotherapy",04/15/2016,04/15/2023,"Treatment of patients with metastatic, squamous, non-small cell lung cancer progressing after platinum-based chemotherapy","Boehringer Ingelheim Pharmaceuticals, Inc.",900 Ridgebury Road,P. O. Box 368,Ridgefield,Connecticut,' 06877 ' ,United States,484115.0
afatinib,Gilotrif,2012-03-12 00:00:00,Treatment of epidermal growth factor receptor (EGFR) mutation-positive non-small cell lung cancer (NSCLC).,Designated/Approved,,,First-line treatment of patients with metastatic non-small cell lung cancer (NSCLC) whose tumors have epidermal growth factor receptor (EGFR) exon 19 deletions or exon 21 (L858R) substitution mutations as detected by an FDA-approved test.,2013-12-07 00:00:00,2020-12-07 00:00:00,First-line treatment of patients with metastatic non-small cell lung cancer (NSCLC) whose tumors have epidermal growth factor receptor (EGFR) exon 19 deletions or exon 21 (L858R) substitution mutations as detected by an FDA-approved test.,"Boehringer Ingelheim Pharmaceuticals, Inc.",900 Ridgebury Road,P. O. Box 368,Ridgefield,Connecticut,' 06877 ' ,United States,375712.0
afatinib,Gilotrif,2012-03-12 00:00:00,Treatment of epidermal growth factor receptor (EGFR) mutation-positive non-small cell lung cancer (NSCLC).,Designated/Approved,,,GILOTRIF is indicated for the first-line treatment of patients with metastatic non-small cell lung cancer (NSCLC) whose tumors have non-resistant epidermal growth factor receptor (EGFR) mutations as detected by an FDA-approved test.,2018-12-01 00:00:00,2025-12-01 00:00:00,GILOTRIF is indicated for the first-line treatment of patients with metastatic non-small cell lung cancer (NSCLC) whose tumors have non-resistant epidermal growth factor receptor (EGFR) mutations other than exon 19 deletions or exon 21 (L858R) substiution mutationas as detected by an FDA-approved test.,"Boehringer Ingelheim Pharmaceuticals, Inc.",900 Ridgebury Road,P. O. Box 368,Ridgefield,Connecticut,' 06877 ' ,United States,375712.0
aflibercept,Eylea,07/23/2019,Treatment of Retinopathy of Prematurity,Designated/Approved,,,treatment of retinopathy of prematurity (ROP),2023-08-02 00:00:00,2030-08-02 00:00:00,treatment of retinopathy of prematurity (ROP),"Regeneron Pharmaceuticals, Inc.",777 Old Saw Mill River Road,,Tarrytown,New York,' 10591 ' ,United States,694319.0
agalsidase beta,Fabrazyme,01/19/1988,Treatment of Fabry's disease.,Designated/Approved,,,For use in patients with Fabry disease to reduce globotriaosylceramide (GL-3) deposition in capillary endothelium of the kidney and certain other cell types,04/24/2003,04/24/2010,,Genzyme Corporation,One Kendall Square,,Cambridge,Massachusetts,' 02139 ' ,United States,15286.0
agalsidase beta,Fabrazyme,01/19/1988,Treatment of Fabry's disease.,Designated/Approved,,,treatment of adult and pediatric patients 2 years of age and older with confirmed Fabry disease,2021-11-03 00:00:00,2028-11-03 00:00:00,treatment of pediatric patients 2 years of age up to patients 8 years of age with confirmed Fabry disease,Genzyme Corporation,One Kendall Square,,Cambridge,Massachusetts,' 02139 ' ,United States,15286.0
Albendazole,Albenza,01/18/1996,"Treatment of neurocysticercosis due to Taenia solium as: 1) chemotherapy of parenchymal, subarachnoidal and racemose (cysts in spinal fluid) neurocysticercosis in symptomatic cases and 2) prophylaxis of epilepsy and other sequelae in asymptomatic neurocysticercosis.",Designated/Approved,,,"Treatment of parenchymal neurocysticercosis due to active lesions caused by larval forms of the pork tapeworm, Taenia solium.",1996-11-06 00:00:00,2003-11-06 00:00:00,,"Impax Laboratories, LLC",400 Crossing Boulevard,Third Floor,Bridgewater,New Jersey,' 08807 ' ,United States,94295.0
Albendazole,Albenza,01/17/1996,Treatment of hydatid disease (cystic echinococcosis due to E. granulosus larvae or alveolar echinococcosis due to E. multilocularis larvae).,Designated/Approved,,,"Treatment of cystic hydatid disease of the liver, lung, and peritoneum, caused by the larval form of the dog tapeworm, Echinococcus granulosus.",1996-11-06 00:00:00,2003-11-06 00:00:00,,"Impax Laboratories, LLC",400 Crossing Boulevard,Third Floor,Bridgewater,New Jersey,' 08807 ' ,United States,94195.0
Aldesleukin,Proleukin,09/14/1988,Treatment of metastatic renal cell carcinoma.,Designated/Approved,,,Treatment of adults (>18 years old) with metastatic renal cell carcinoma.,1992-05-05 00:00:00,1999-05-05 00:00:00,,Chiron Corporation,4560 Horton Street,,Emeryville,California,' 94608 ' ,United States,29088.0
Aldesleukin,Proleukin,1996-10-09 00:00:00,Treatment of metastatic melanoma.,Designated/Approved,,,Treatment of adults with metastatic melanoma.,1998-09-01 00:00:00,2005-09-01 00:00:00,,Chiron Corporation,4560 Horton Street,,Emeryville,California,' 94608 ' ,United States,100696.0
alectinib,Alecensa,01/27/2015,Treatment of ALK-positive non-small cell lung cancer,Designated/Approved,,,"adjuvant treatment in adult patients following tumor resection of anaplastic lymphoma kinase (ALK)-positive non-small cell lung cancer (NSCLC) (tumors greater than or equal to 4 cm or node positive), as detected by an FDA-approved test",04/18/2024,04/18/2031,"adjuvant treatment in adult patients following tumor resection of anaplastic lymphoma kinase (ALK)-positive non-small cell lung cancer (NSCLC) (tumors greater than or equal to 4 cm or node positive), as detected by an FDA-approved test","Hoffmann-La Roche, Inc. (c/o Genentech, Inc.)","1 DNA Way, MS #355E",,South San Francisco,California,' 94080 ' ,United States,462814.0
alectinib,Alecensa,01/27/2015,Treatment of ALK-positive non-small cell lung cancer,Designated/Approved,,,"ALECENSA is indicated for the treatment of patients with anaplastic lymphoma kinase (ALK)-positive, metastatic non-small cell lung cancer (NSCLC) who have progressed on or are intolerant to crizotinib.",2015-11-12 00:00:00,2022-11-12 00:00:00,"Treatment of patients with anaplastic lymphoma kinase (ALK)-positive metastatic non-small cell lung cancer (NSCLC), who have progressed on or are intolerant to crizotinib","Hoffmann-La Roche, Inc. (c/o Genentech, Inc.)","1 DNA Way, MS #355E",,South San Francisco,California,' 94080 ' ,United States,462814.0
alectinib,Alecensa,01/27/2015,Treatment of ALK-positive non-small cell lung cancer,Designated/Approved,,,"ALECENSA is indicated for the treatment of patients with anaplastic lymphoma kinase (ALK)-positive, metastatic non-small cell lung cancer (NSCLC) as detected by an FDA-approved test.",2017-06-11 00:00:00,2024-06-11 00:00:00,"Treatment of patients with anaplastic lymphoma kinase (ALK)-positive, metastatic non-small-cell lung cancer (NSCLC) as detected by an FDA-approved test, excluding patients who have progressed on or are intolerant to crizotinib.","Hoffmann-La Roche, Inc. (c/o Genentech, Inc.)","1 DNA Way, MS #355E",,South San Francisco,California,' 94080 ' ,United States,462814.0
alirocumab,Praluent,06/15/2017,Treatment of homozygous familial hypercholesterolemia,Designated/Approved,,,as an adjunct to other LDL-C-lowering therapies in adult patients with homozygous familial hypercholesterolemia (HoFH) to reduce LDL-C,2021-01-04 00:00:00,2028-01-04 00:00:00,as an adjunct to other LDL-C-lowering therapies in adult patients with homozygous familial hypercholesterolemia (HoFH) to reduce LDL-C,"Regeneron Pharmaceuticals, Inc.",777 Old Saw Mill River Road,,Tarrytown,New York,' 10591 ' ,United States,580617.0
Alitretinoin,Panretin,03/24/1998,Treatment of AIDS-related Kaposi's sarcoma.,Designated/Approved,,,Topical treatment of cutaneous lesions in patients with AIDS-related Kaposi's sarcoma.,1999-02-02 00:00:00,2006-02-02 00:00:00,,Advanz Pharma (US) Corp.,"2801 Lakeside Drive, Ste 210, Office 7",,Bannockburn,Illinois,' 60015 ' ,United States,110998.0
alpelisib,Vijoice,11/18/2019,Treatment of PIK3CA-related overgrowth spectrum,Designated/Approved,,,treatment of adult and pediatric patients 2 years of age and older with severe manifestations of PIK3CA-Related Overgrowth Spectrum (PROS) who require systemic therapy,04/24/2024,,,Novartis Pharmaceuticals Corporation,One Health Plaza,,East Hanover,New Jersey,' 07936 ' ,United States,710819.0
alpelisib,Vijoice,11/18/2019,Treatment of PIK3CA-related overgrowth spectrum,Designated/Approved,,,Treatment of adult and pediatric patients 2 years of age and older with severe manifestations of PIK3CA-Related Overgrowth Spectrum (PROS) who require systemic therapy,2022-05-04 00:00:00,2029-05-04 00:00:00,Treatment of adult and pediatric patients 2 years of age and older with severe manifestations of PIK3CA-Related Overgrowth Spectrum (PROS) who require systemic therapy,Novartis Pharmaceuticals Corporation,One Health Plaza,,East Hanover,New Jersey,' 07936 ' ,United States,710819.0
Altretamine,Hexalen,1984-09-02 00:00:00,Treatment of advanced adenocarcinoma of the ovary.,Designated/Approved,,,Single agent palliative treatment of patients with persistent or recurrent ovarian cancer following first-line therapy with a cisplatin and/or alkylating agent based combination.,12/26/1990,12/26/1997,,"Medimmune Oncology, Inc.",One Tower Bridge,"100 Front Street, Suite 400",West Conshohocken,Pennsylvania,' 19428 ' ,United States,983.0
Amantadine hydrochloride,Gocovri,2015-09-04 00:00:00,Treatment of levodopa-induced dyskinesia,Designated/Approved,,,treatment of dyskinesia in patients with Parkinson's disease receiving levodopa-based therapy with or without concomitant dopminergic medications,08/24/2017,08/24/2024,treatment of dyskinesia in patients with Parkinson's disease receiving levodopa-based therapy with or without concomitant dopminergic medications,"Adamas Pharmaceuticals, Inc.",1900 Powell Street,Suite 750,Emeryville,California,' 94608 ' ,United States,413213.0
ambrisentan,Letairis,07/16/2004,Treatment of pulmonary arterial hypertension,Designated/Approved,,,Treatment of pulmonary arterial hypertension (WHO group I) in patients with WHO class II or III symptoms to improve exercise capacity and delay clinical worsening,06/15/2007,06/15/2014,,Gilead Colorado,7575 West 103rd Avenue,Suite 102,Westminister,Colorado,' 80021 ' ,United States,183604.0
amifampridine,Firdapse,2009-12-11 00:00:00,Treatment of Lambert-Eaton Myasthenic Syndrome,Designated/Approved,,,Treatment of Lambert-Eaton myasthenic syndrome (LEMS) in adults and pediatric patients 6 years of age and older,09/29/2022,,,"Catalyst Pharmaceuticals, Inc.",355 Alhambra Circle,Suite 1250,Coral Gables,Florida,' 33134 ' ,United States,295309.0
amifampridine,Firdapse,2009-12-11 00:00:00,Treatment of Lambert-Eaton Myasthenic Syndrome,Designated/Approved,,,Treatment of Lambert-Eaton myasthenic syndrome (LEMS) in adults,11/28/2018,11/28/2025,Treatment of Lambert-Eaton myasthenic syndrome (LEMS),"Catalyst Pharmaceuticals, Inc.",355 Alhambra Circle,Suite 1250,Coral Gables,Florida,' 33134 ' ,United States,295309.0
Amifostine,Ethyol,05/30/1990,For use as a chemoprotective agent for cisplatin in the treatment of advanced ovarian carcinoma.,Designated/Approved,,,To reduce the cumulative renal toxicity associated with repeated administration of cisplatin in patients with advanced ovarian cancer.,1995-08-12 00:00:00,2002-08-12 00:00:00,,"Medimmune Oncology, Inc.",One Tower Bridge,"100 Front Street, Suite 400",West Conshohocken,Pennsylvania,' 19428 ' ,United States,42789.0
Amifostine,Ethyol,1998-12-05 00:00:00,Reduction of the incidence of moderate to severe xerostomia in patients undergoing post-operative radiation treatment for head and neck cancer.,Designated/Approved,,,"Reduction of the incidence of moderate to severe xerostomia in patients undergoing post-operative radiation treatment for head and neck cancer, where the radiation port includes a substantial portion of the parotid glands.",06/24/1999,06/24/2006,,"Medimmune Oncology, Inc.",One Tower Bridge,"100 Front Street, Suite 400",West Conshohocken,Pennsylvania,' 19428 ' ,United States,111698.0
Amiodarone HCl,Cordarone,03/16/1994,For the acute treatment and prophylaxis of life-threatening ventricular tachycardia or ventricular fibrillation.,Designated/Approved,,,For initiation of treatment and prophylaxis of frequently recurring ventricular fibrillation and hemodynamically unstable ventricular tachycardia in patients refractory to other therapy.,1995-03-08 00:00:00,2002-03-08 00:00:00,,Wyeth-Ayerst Laboratories,P.O. Box 8299,,Philadelphia,Pennsylvania,' 19101 ' ,United States,77293.0
Amphotericin B lipid complex,Abelcet,1991-05-12 00:00:00,Treatment of invasive fungal infections.,Designated/Approved,,,Treatment of invasive fungal infections in patients who are refractory to or intolerant of conventional amphotericin B therapy.,10/18/1996,10/18/2003,,"Liposome Company, Inc.",One Research Way,,Princeton,New Jersey,' 08540 ' ,United States,57891.0
anacaulase-bcdb,NexoBrid,08/20/2003,"Debridement of acute, deep dermal burns in hospitalized patients",Designated/Approved,,,eschar removal in adults with deep partial thickness (DPT) and/or full thickness (FT) thermal burns,12/28/2022,12/28/2029,eschar removal in hospitalized adults with deep partial thickness (DPT) and/or full thickness (FT) thermal burns,Vericel Corporation,64 Sidney St.,,Cambridge,Massachusetts,' 02139 ' ,United States,156102.0
anacaulase-bcdb,NexoBrid,08/20/2003,"Debridement of acute, deep dermal burns in hospitalized patients",Designated/Approved,,,eschar removal in adults and pediatric patients with deep partial thickness (DPT) and/or full thickness (FT) thermal burns,08/15/2024,08/15/2031,eschar removal in hospitalized pediatric patients with deep partial thickness (DPT) and/or full thickness (FT) thermal burns,Vericel Corporation,64 Sidney St.,,Cambridge,Massachusetts,' 02139 ' ,United States,156102.0
Anagrelide,Agrylin,01/27/1988,Treatment of essential thrombocythemia.,Designated/Approved,,,Treatment of patients with essential thrombocythemia to reduce the elevated platelet count and the risk of thrombosis and to ameliorate associated symptoms.,03/14/1997,03/14/2004,,"Takeda Development Center Americas, Inc.",500 Kendall Street,,Cambridge,Massachusetts,' 02142 ' ,United States,20887.0
anakinra,Kineret,06/29/2020,Treatment of Deficiency of IL-1 Receptor Antagonist,Designated/Approved,,,treatment of Deficiency of Interleukin-1 Receptor Antagonist (DIRA),12/18/2020,12/18/2027,treatment of Deficiency of Interleukin-1 Receptor Antagonist (DIRA),Swedish Orphan Biovitrum AB (PUBL),Tomtebodav䧥n 23A,,Stockholm,,' ' ,Sweden,745420.0
anakinra,Kineret,08/19/2010,Treatment of cryopyrin-associated periodic syndromes,Designated/Approved,,,Treatment of neonatal-onset multisystem inflammatory disease (NOMID),12/21/2012,12/21/2019,,Swedish Orphan Biovitrum AB (publ),SE-011276,,Stockholm,,' ' ,Sweden,312110.0
ansuvimab-zykl,EBANGA,2019-08-05 00:00:00,Treatment of Ebola Virus Disease,Designated/Approved,,,"treatment of infection caused by Zaire ebolavirus in adult and pediatric patients, including neonates born to a mother who is RT-PCR positive for Zaire ebolavirus infection",12/21/2020,12/21/2027,"treatment of infection caused by Zaire ebolavirus in adult and pediatric patients, including neonates born to a mother who is RT-PCR positive for Zaire ebolavirus infection",Emergent Manufacturing Operations Baltimore LLC,5901 East Lombard Street,,Baltimore,Maryland,' 21224 ' ,United States,683019.0
Apomorphine HCl,Apokyn,04/22/1993,Treatment of the on-off fluctuations associated with late-stage Parkinson's disease.,Designated/Approved,,,"For the acute, intermittent treatment of hypomobility, ""off"" episodes (""end-of-dose-wearing-off"" and unpredictable :on/off"" episodes) associated with advanced Parkinson's disease",04/20/2004,04/20/2011,,"MDD US Operations, LLC",4441 Springdale Road,,Louisville,Kentucky,' 40207 ' ,United States,57591.0
apomorphine hydrochloride,Onapgo,04/22/1993,Treatment of the on-off fluctuations associated with late-stage Parkinson's disease.,Designated/Approved,,,treatment of motor fluctuations in adults with advanced Parkinsons disease,2025-03-02 00:00:00,,,"MDD US Operations, LLC",4441 Springdale Road,,Louisville,Kentucky,' 40207 ' ,United States,57591.0
apremilast,OTEZLA,01/17/2013,Treatment of Behcet's disease,Designated/Approved,,,OTEZLA is indicated for the treatment of adult patients with oral ulcers associated with Beh祴s Disease.,07/19/2019,07/19/2026,For the treatment of adult patients with oral ulcers associated with Beh祴s disease,Amgen Inc.,One Amgen Center Drive,Mailstop: 27-2-D,Thousand Oaks,California,' 91320 ' ,United States,384812.0
Aprotinin,Trasylol,11/17/1993,"For prophylactic use to reduce perioperative blood loss and the homologous blood transfusion requirement in patients undergoing cardiopulmonary bypass surgery in the course of repeat coronary artery bypass graft surgery, and in selected cases of primary coronary artery bypass graft surgery where the risk of bleeding is especially high (impaired hemostasis) or where transfusion is unavailable or unacceptable.",Designated/Approved,,,,12/29/1993,12/29/2000,,Bayer Corporation,Pharmaceutical Division,400 Morgan Lane,West Haven,Connecticut,' 06516 ' ,United States,66992.0
arimoclomol,Miplyffa,01/13/2015,"Treatment of Niemann-Pick disease, type C",Designated/Approved,,,for use in combination with miglustat for the treatment of neurological manifestations of Niemann-Pick disease type C (NPC) in adult and pediatric patients 2 years of age and older,09/20/2024,09/20/2031,treatment of neurological manifestations of Niemann-Pick disease type C (NPC) in adult and pediatric patients 2 years of age and older,Zevra Denmark A/S,Ole Maaloes Vej 3,,Copenhagen,Kbenhavn,' 2200 ' ,Denmark,458814.0
aripiprazole,Abilify,01/25/2006,Treatment of Tourette's syndrome,Designated/Approved,,,Treatment of pediatric patients with Tourette's,2014-12-12 00:00:00,2021-12-12 00:00:00,Treatment of pediatric patients with Tourette's,Otsuka Pharmaceutical Development,and Commercialization,1st Floor,Princeton,New Jersey,' 08540 ' ,United States,207905.0
Arsenic trioxide,Trisenox,1998-03-03 00:00:00,Treatment of acute promyelocytic leukemia.,Designated/Approved,,,"For induction of remission and consolidation in patients with acute promyelocytic leukemia (APL) who are refractory to, or have relapsed from, retinoid and anthracycline chemotherapy, and whose APL is characterized by the presence of the t(15;17) translocation of PML/RAR-alpha gene expression.",09/25/2000,09/25/2007,,"Teva Branded Pharmaceutical Products R&D, Inc.",41 Moores Road,,Frazer,Pennsylvania,' 19355 ' ,United States,109697.0
Arsenic trioxide,Trisenox,1998-03-03 00:00:00,Treatment of acute promyelocytic leukemia.,Designated/Approved,,,In combination with tretinoin for treatment of adults with newly-diagnosed low-risk acute promyelocytic leukemia (APL) whose APL is characterized by the presence of the t(15;17) translocation or PML/RAR-alpha gene expression.,2018-12-01 00:00:00,2025-12-01 00:00:00,In combination with tretinoin for treatment of adults with newly-diagnosed low-risk acute promyelocytic leukemia (APL) whose APL is characterized by the presence of the t(15;17) translocation or PML/RAR-alpha gene expression.,"Teva Branded Pharmaceutical Products R&D, Inc.",41 Moores Road,,Frazer,Pennsylvania,' 19355 ' ,United States,109697.0
artemether/lumefantrine,Coartem,08/31/2007,For the treatment of infections due to Plasmodium falciparum or mixed infections including P. falciparum.,Designated/Approved,,,"Treatment of malaria in patients of 5 kg bodyweight or above with acute, uncomplicated malaria due to Plasmodium falciparum or mixed infections including P. falciparum",2009-07-04 00:00:00,2016-07-04 00:00:00,,Novartis Pharmaceuticals,Bldg 405/4051,One Health Plaza,East Hanover,New Jersey,' 07936 ' ,United States,245507.0
asciminib,Scemblix,02/27/2017,Treatment of chronic myelogenous leukemia,Designated/Approved,,,"Treatment of adult patients with Philadelphia chromosome-positive chronic myeloid leukemia (Ph+ CML) in chronic phase (CP), previously treated with two or more tyrosine kinase inhibitors (TKIs)",10/29/2021,10/29/2028,"Treatment of adult patients with Philadelphia chromosome-positive chronic myeloid leukemia (Ph+ CML) in chronic phase (CP), previously treated with two or more tyrosine kinase inhibitors (TKIs)",Novartis Pharmaceuticals Corporation,One Health Plaza,,East Hanover,New Jersey,' 07936 ' ,United States,556416.0
asciminib,Scemblix,02/27/2017,Treatment of chronic myelogenous leukemia,Designated/Approved,,,Treatment of adult patients with Philadelphia chromosome-positive chronic myeloid leukemia (Ph+ CML) in chronic phase (CP) with the T315I mutation,10/29/2021,10/29/2028,Treatment of adult patients with Philadelphia chromosome-positive chronic myeloid leukemia (Ph+ CML) in chronic phase (CP) with the T315I mutation,Novartis Pharmaceuticals Corporation,One Health Plaza,,East Hanover,New Jersey,' 07936 ' ,United States,556416.0
asciminib,Scemblix,02/27/2017,Treatment of chronic myelogenous leukemia,Designated/Approved,,,treatment of adult patients with previously treated Philadelphia chromosome-positive chronic myeloid leukemia (Ph+ CML) in chronic phase (CP),10/29/2024,10/29/2031,"treatment of adult patients with previously treated Philadelphia chromosome-positive chronic myeloid leukemia (Ph+ CML) in chronic phase (CP), excluding patients previously treated with two or more tyrosine kinase inhibitors (TKIs), and excluding patients with the T315I mutation",Novartis Pharmaceuticals Corporation,One Health Plaza,,East Hanover,New Jersey,' 07936 ' ,United States,556416.0
asciminib,Scemblix,02/27/2017,Treatment of chronic myelogenous leukemia,Designated/Approved,,,treatment of adult patients with newly diagnosed Philadelphia chromosome-positive chronic myeloid leukemia (Ph+ CML) in chronic phase (CP),10/29/2024,10/29/2031,"treatment of adult patients with newly diagnosed Philadelphia chromosome-positive chronic myeloid leukemia (Ph+ CML) in chronic phase (CP), excluding patients with the T315I mutation",Novartis Pharmaceuticals Corporation,One Health Plaza,,East Hanover,New Jersey,' 07936 ' ,United States,556416.0
ascorbic acid,Ascor,08/31/2007,Treatment of scurvy,Designated/Approved,,,"for the treatment of scurvy in adult and pediatric patients age 5 months and older for whom oral administrtaion is not possible, insufficient or contraindicated",2017-02-10 00:00:00,2024-02-10 00:00:00,"for the treatment of scurvy in adult and pediatric patients age 5 months and older for whom oral administrtaion is not possible, insufficient or contraindicated",McGuff Pharmaceuticals Inc.,2921 W. MacArthur Blvd.,Suite 141,Santa Ana,California,' 92704 ' ,United States,243707.0
Asfotase alfa,Strensiq,2008-12-09 00:00:00,Treatment of hypophosphatasia,Designated/Approved,,,For the treatment of patients with perinatal/infantile-and juvenile-onset hypophosphatasia (HPP),10/23/2015,10/23/2022,For the treatment of patients with perinatal/infantile-and juvenile-onset hypophosphatasia (HPP),"Alexion Pharmaceuticals, Inc.",100 College St.,,New Haven,Connecticut,' 06510 ' ,United States,266608.0
asparaginase erwinia chrysanthemi (recombinant)-rywn,Rylaze,06/22/2021,Treatment of Acute lymphoblastic leukemia,Designated/Approved,,,As a component of a multi-agent chemotherapeutic regimen for the treatment of acute lymphoblastic leukemia (ALL) and lymphoblastic lymphoma (LBL) in adult and pediatric patients 1 month or older who have developed hypersensitivity to E. coli-derived asparaginase.,06/30/2021,,,Jazz Pharmaceuticals Ireland Limited,"Waterloo Exchange, Waterloo Road",Fifth floor,Dublin,,' D04 E5W7 ' ,Ireland,773420.0
atezolizumab,TECENTRIQ,10/13/2016,Treatment of small cell lung cancer (SCLC),Designated/Approved,,,"TECENTRIQ, in combination with carboplatin and etoposide, is indicated for the first-line treatment of adult patients with extensive-stage small cell lung cancer (ES-SCLC)",03/18/2019,03/18/2026,"TECENTRIQ, in combination with carboplatin and etoposide, is indicated for the first-line treatment of adult patients with extensive-stage small cell lung cancer (ES-SCLC)","Genentech, Inc.",1 DNA Way,,South San Francisco,California,' 94080 ' ,United States,541216.0
atezolizumab,Tecentriq,2020-08-10 00:00:00,treatment of soft tissue sarcoma,Designated/Approved,,,as a single agent for the treatment of adult and pediatric patients 2 years of age and older with unresectable or metastatic alveolar soft part sarcoma (ASPS),2022-09-12 00:00:00,2029-09-12 00:00:00,treatment of adult and pediatric patients 2 years of age and older with unresectable or metastatic alveolar soft part sarcoma (ASPS),"Genentech, Inc.",1 DNA Way,,South San Francisco,California,' 94080-4990 ' ,United States,769320.0
atezolizumab,TECENTRIQ,02/13/2017,"Treatment of Stage llb, llc, lll and IV melanoma",Designated/Approved,,,indicated in combination with cobimetinib and vemurafenib for the treatment of patients with BRAF V600 mutation-positive unresectable or metastatic melanoma,07/30/2020,07/30/2027,indicated in combination with cobimetinib and vemurafenib for the treatment of patients with BRAF V600 mutation-positive unresectable or metastatic melanoma,"Genentech, Inc.",1 DNA Way,MS 35-5E,South San Francisco,California,' 94080 ' ,United States,550616.0
"atoltivimab, maftivimab, and odesivimab-ebgn",INMAZEB,07/14/2016,Treatment of ebola virus infection,Designated/Approved,,,"treatment of infection caused by Zaire ebolavirus in adult and pediatric patients, including neonates born to a mother who is RT-PCR positive for Zaire ebolavirus infection",10/14/2020,10/14/2027,"treatment of infection caused by Zaire ebolavirus in adult and pediatric patients, including neonates born to a mother who is RT-PCR positive for Zaire ebolavirus infection","Regeneron Pharmaceuticals, Inc.",777 Old Saw Mill River Road,,Tarrytown,New York,' 10591 ' ,United States,536316.0
Atovaquone,Mepron,08/14/1991,"Prevention of Pneumocystis carinii pneumonia (PCP) in high-risk, HIV-infected patients defined by a history of one or more episodes of PCP and/or a peripheral CD4+ (T4 helper/inducer) lymphocyte count less than or equal to 200/mm3.",Designated/Approved,,,Prevention of PCP in patients who are intolerant to trimethoprim-sulfamethoxazole.,1999-05-01 00:00:00,2006-05-01 00:00:00,,Glaxo Wellcome Research and Development,5 Moore Drive,PO Box 13398,Research Triangle Park,North Carolina,' 27709 ' ,United States,48990.0
Atovaquone,Mepron,1990-10-09 00:00:00,Treatment of AIDS associated Pneumocystis Carinii Pneumonia.,Designated/Approved,,,For the acute oral treatment of mild to moderate Pneumocystis carinii pneumonia in patients who are intolerant to trimethoprim-sulfamethoxazole.,11/25/1992,11/25/1999,,Glaxo Wellcome Inc.,5 Moore Drive,,Research Triangle Park,North Carolina,' 27709 ' ,United States,48890.0
avacopan,Tavneos,2014-02-06 00:00:00,"Treatment of anti-neutrophil cytoplasmic autoantibodies associated vasculitides (granulomatosis with polyangiitis or Wegener's granulomatosis, microscopic polyangiitis, and Churg-Strauss syndrome)",Designated/Approved,,,As an adjunctive treatment of adult patients with severe active anti-neutrophil cytoplasmic autoantibody (ANCA)-associated vasculitis (granulomatosis with polyangiitis [GPA] and microscopic polyangiitis [MPA]) in combination with standard therapy including glucocorticoids,2021-07-10 00:00:00,2028-07-10 00:00:00,As an adjunctive treatment of adult patients with severe active anti-neutrophil cytoplasmic autoantibody (ANCA)-associated vasculitis (granulomatosis with polyangiitis [GPA] and microscopic polyangiitis [MPA]),"ChemoCentryx, Inc.","835 Industrial Road, Suite 600",,San Carlos,California,' 94070 ' ,United States,432014.0
avalglucosidase alfa-ngpt,Nexviazyme,11/19/2013,Treatment of Pompe Disease,Designated/Approved,,,Treatment of patients 1 year of age and older with late-onset Pompe disease (lysosomal acid alpha-glucosidase [GAA] deficiency),2021-06-08 00:00:00,,,"Genzyme Corporation, a Sanofi Company",50 Binney Street,,Cambridge,Massachusetts,' 02142 ' ,United States,411913.0
avapritinib,Ayvakit,01/21/2016,Treatment of mastocytosis,Designated/Approved,,,treatment of adult patients with indolent systemic mastocytosis (ISM),05/22/2023,05/22/2030,treatment of adult patients with indolent systemic mastocytosis (ISM),Blueprint Medicines Corporation,45 Sidney Street,,Cambridge,Massachusetts,' 02139 ' ,United States,506515.0
avapritinib,Ayvakit,01/21/2016,Treatment of mastocytosis,Designated/Approved,,,"Treatment of adult patients with advanced systemic mastocytosis (AdvSM). AdvSM includes patients with aggressive systemic mastocytosis (ASM), systemic mastocytosis with an associated hematological neoplasm (SM-AHN), and mast cell leukemia (MCL).",06/16/2021,06/16/2028,"Treatment of adult patients with advanced systemic mastocytosis (AdvSM). AdvSM includes patients with aggressive systemic mastocytosis (ASM), systemic mastocytosis with an associated hematological neoplasm (SM-AHN), and mast cell leukemia (MCL).",Blueprint Medicines Corporation,45 Sidney Street,,Cambridge,Massachusetts,' 02139 ' ,United States,506515.0
avapritinib,Ayvakit,2016-06-01 00:00:00,Treatment of gastrointestinal stromal tumors,Designated/Approved,,,"Treatment of adults with unresectable or metastatic GIST harboring a platelet-derived growth factor receptor alpha (PDGFRA) exon 18 mutation, including PDGFRA D842V mutations",2020-09-01 00:00:00,2027-09-01 00:00:00,"Treatment of adults with unresectable or metastatic GIST harboring a platelet-derived growth factor receptor alpha (PDGFRA) exon 18 mutation, including PDGFRA D842V mutations",Blueprint Medicines Corporation,45 Sidney Street,Suite 200,Cambridge,Massachusetts,' 02139 ' ,United States,500415.0
avelumab (Recombinant human monoclonal IgG1 antibody against programmed death ligand-1),Bavencio,09/21/2015,Treatment of merkel cell carcinoma.,Designated/Approved,,,Treatment of adults and pediatric patients 12 years and older with metastatic Merkel cell carcinoma,03/23/2017,03/23/2024,Treatment of adults and pediatric patients 12 years and older with metastatic Merkel cell carcinoma,"EMD Serono Research and Development Institute, Inc.",45A Middlesex Turnpike,,Billerica,Massachusetts,' 01821 ' ,United States,491815.0
axatilimab-csfr,Niktimvo,03/29/2021,Treatment of chronic graft versus host disease.,Designated/Approved,,,treatment of chronic graft-versus-host disease (cGVHD) after failure of at least two prior lines of systemic therapy in adult and pediatric patients weighing at least 40 kg,08/14/2024,08/14/2031,treatment of chronic graft-versus-host disease (cGVHD) after failure of at least two prior lines of systemic therapy in adult and pediatric patients weighing at least 40 kg,Incyte Corporation,1801 Augustine Cut-Off,,Wilmington,Delaware,' 19803 ' ,United States,732320.0
azacitidine,Vidaza,07/28/2021,Treatment of Juvenile myelomonocytic leukemia,Designated/Approved,,,Treatment of pediatric patients aged one month and older with newly diagnosed juvenile myelomonocytic leukemia (JMML),05/20/2022,05/20/2029,Treatment of pediatric patients aged one month and older with newly diagnosed juvenile myelomonocytic leukemia (JMML),Celgene Corporation (a Bristol-Myers Squibb Company),86 Morris Avenue,,Summit,New Jersey,' 07901 ' ,United States,829021.0
azacitidine,Vidaza,2001-03-12 00:00:00,Treatament of myelodysplastic syndromes,Designated/Approved,,,"Treatment of patients with the following myelodysplastic syndrome subtypes: refractory anemia or refractory anemia with ringed sideroblasts (if accompanied by neutropenia or thrombocytopenia and requiring transfusions), refractory anemia with excess blasts, refractory anemia with excess blasts in transformation, and chronic myelomonocytic leukemia",05/19/2004,05/19/2011,,Celgene Corporation,86 Morris Avenue,,Summit,New Jersey,' 07901 ' ,United States,150101.0
Azacitidine,ONUREG,06/18/2008,Treatment of acute myeloid leukemia,Designated/Approved,,,ONUREG is indicated for continued treatment of adult patients with acute myeloid leukemia who achieved first complete remission (CR) or complete remission with incomplete blood count recovery (CRi) following intensive induction chemotherapy and are not able to complete intensive curative therapy,2020-01-09 00:00:00,2027-01-09 00:00:00,ONUREG is indicated for continued treatment of adult patients with acute myeloid leukemia who achieved first complete remission (CR) or complete remission with incomplete blood count recovery (CRi) following intensive induction chemotherapy and are not able to complete intensive curative therapy,Bristol-Myers Squibb,86 Morris Ave,,Summit,New Jersey,' 07901 ' ,United States,257008.0
aztreonam,Cayston,2002-12-03 00:00:00,Inhalation therapy for control of gram-negative bacteria in the respiratory tract of patients with cystic fibrosis,Designated/Approved,,,To improve respiratory symptoms in cystic fibrosis (CF) patients with Pseudomonas aeruginosa,02/22/2010,02/22/2017,,"Gilead Sciences, Inc.",199 East Blaine St,,Seattle,Washington,' 98102 ' ,United States,155002.0
Balsalazide disodium,Colazal,2005-12-08 00:00:00,Treatment of pediatric patients with ulcerative colitis,Designated/Approved,,,Treatment of mildly to moderately active ulcerative colitis in patients 5 years of age and older. Safety and Effectiveness of Colazal beyond 8 weeks in children (ages 5-17) and 12 weeks in adults have not been established.,12/20/2006,12/20/2013,,"Salix Pharmaceuticals, Inc.",400 Somerset Corporate Blvd,,Bridgewater,New Jersey,' 08807 ' ,United States,208205.0
Basiliximab,Simulect,1997-12-12 00:00:00,Prophylaxis of solid organ rejection.,Designated/Approved,,,Prophylaxis of acute organ rejection in patients receiving renal transplantation when used as part of an immunosuppressive regimen that includes cyclosporine and corticosteroids.,1998-12-05 00:00:00,2005-12-05 00:00:00,,Novartis Pharmaceuticals Corporation,59 Route 10,,East Hanover,New Jersey,' 07936 ' ,United States,109197.0
bedaquiline,SIRTURO,2005-10-01 00:00:00,Treatment of active tuberculosis,Designated/Approved,,,Part of combination therapy in adults (greater than or equal to 18 years) with pulmonary multi-drug resistant tuberculosis (MDR-TB).,12/28/2012,12/28/2019,,"Janssen Research & Development, LLC",920 Route 202 South,,Raritan,New Jersey,' 08869 ' ,United States,199304.0
bedaquiline,SIRTURO,2005-10-01 00:00:00,Treatment of active tuberculosis,Designated/Approved,,,SIRTURO is a diarylquinoline antimycobacterial drug indicated as part of combination therapy in the treatment of adult and pediatric patients (12 to less than 18 years of age and weighing at least 30 kg) with pulmonary multi-drug resistant tuberculosis (MDR-TB). Reserve SIRTURO for use when an effective treatment regimen cannot otherwise be provided.,2019-09-08 00:00:00,2026-09-08 00:00:00,As part of combination therapy in the treatment of pediatric patients (12 to less than 18 years of age and weighing at least 30 kg) with pulmonary multi-drug resistant tuberculosis (MDR-TB),"Janssen Research & Development, LLC",920 Route 202 South,,Raritan,New Jersey,' 08869 ' ,United States,199304.0
bedaquiline,SIRTURO,2005-10-01 00:00:00,Treatment of active tuberculosis,Designated/Approved,,,SIRTURO is a diarylquinoline antimycobacterial drug indicated as part of combination therapy in adult and pediatric patients (5 years and older and weighing at least 15 kg) with pulmonary multi-drug resistant tuberculosis (MDR-TB). Reserve SIRTURO for use when an effective treatment regimen cannot otherwise be provided.,05/27/2020,05/27/2027,As part of combination therapy in the treatment of pediatric patients 5 years and older to less than 12 years of age and weighing at least 15 kg with pulmonary multi-drug resistant tuberculosis (MDR-TB),"Janssen Research & Development, LLC",920 Route 202 South,,Raritan,New Jersey,' 08869 ' ,United States,199304.0
belatacept,Nulojix,02/20/2008,Prophylaxis of organ rejection in renal allograft recipients,Designated/Approved,,,Prophylaxis of organ rejection in adult patients receiving kidney transplants,06/15/2011,06/15/2018,,Bristol-Myers Squibb Company,P. O. Box 4000,,Princeton,New Jersey,' 08543 ' ,United States,253907.0
Belinostat,Beleodaq,2009-03-09 00:00:00,Treatment of peripheral T-cell lymphoma (PTCL).,Designated/Approved,,,Treatment of patients with relapsed or refractory peripheral T-cell lymphoma,2014-03-07 00:00:00,2021-03-07 00:00:00,Treatment of patients with relapsed or refractory peripheral T-cell lymphoma,Acrotech Biopharma LLC,279 Princeton Hightstown Road,,East Windsor,New Jersey,' 08520 ' ,United States,289309.0
belumosudil,Rezurock,2017-05-10 00:00:00,Treatment of graft versus host disease (GVHD),Designated/Approved,,,Treatment of adult and pediatric patients 12 years and older with chronic graft-versus-host disease (chronic GVHD) after failure of at least two prior lines of systemic therapy,07/16/2021,07/16/2028,Treatment of adult and pediatric patients 12 years and older with chronic graft-versus-host disease (chronic GVHD) after failure of at least two prior lines of systemic therapy,"Kadmon Pharmaceuticals, LLC","55 Cambridge Parkway, Suite 300E",,Cambridge,Massachusetts,' 02142 ' ,United States,606717.0
belzutifan,Welireg,06/24/2020,Treatment of von Hippel-Lindau disease,Designated/Approved,,,"Treatment of adult patients with von Hippel-Lindau (VHL) disease who require therapy for associated renal cell carcinoma (RCC), central nervous system (CNS) hemangioblastomas, or pancreatic neuroendocrine tumors (pNET), not requiring immediate surgery",08/13/2021,08/13/2028,"Treatment of adult patients with von Hippel-Lindau (VHL) disease who require therapy for associated renal cell carcinoma (RCC), central nervous system (CNS) hemangioblastomas, or pancreatic neuroendocrine tumors (pNET), not requiring immediate surgery","Merck Sharp & Dohme, LLC",126 East Lincoln Ave.,P.O. Box 2000,Rahway,New Jersey,' 07065 ' ,United States,745820.0
bendamustine for 50 ml admixture,Bendeka,2014-02-07 00:00:00,Treatment of chronic lymphocytic leukemia,Designated/Approved,,,Treatment of patients with chronic lymphocytic leukemia (CLL). Efficacy relative to first line therapies other than chlorambucil has not been established.,2015-07-12 00:00:00,2022-07-12 00:00:00,Treatment of patients with CLL,"Eagle Pharmaceuticals, Inc.",50 Tice Blvd,Suite 315,Woodcliff Lake,New Jersey,' 07677 ' ,United States,431814.0
bendamustine for 50ml admixture,Bendeka,2014-02-07 00:00:00,"Treatment of Follicular Lymphoma, Small Lymphocytic Lymphoma, Lymphoplasmacytic Lymphoma, Splenic Marginal Zone Lymphoma, Extranodal Marginal Zone B-cell Lymphoma of Mucosa-Associated Lymphoma Tissue (MALT), and Nodal Marginal Zone Lymphoma (Collectively Indolent B-cell Non-Hodgkin's Lymphoma)",Designated/Approved,,,Treatment of patients with indolent B-cell non-Hodgkin lymphoma (NHL) that has progressed during or within six months of treatment with rituximab or a rituximab-containing regimen.,2015-07-12 00:00:00,2022-07-12 00:00:00,Treatment of patients with indolent B-cell NHL that has progressed during or within six months of treatment with rituximab or a rituximab containing regimen,"Eagle Pharmaceuticals, Inc.",50 Tice Blvd,Suite 315,Woodcliff Lake,New Jersey,' 07677 ' ,United States,430314.0
Bendamustine hydrochloride,Treanda,08/17/2007,Treatment of chronic lymphocytic leukemia,Designated/Approved,,,Treatment of patients with chronic lymphocytic leukemia,03/20/2008,03/20/2015,,"Cephalon, Inc.",41 Moores Road,,Frazer,Pennsylvania,' 19355 ' ,United States,244807.0
bendamustine hydrochloride,Treanda,11/26/2013,"Treatment of Follicular Lymphoma, Small Lymphocytic Lymphoma, Lymphoplasmacytic Lymphoma, Splenic Marginal Zone Lymphoma, Extranodal Marginal Zone B-cell Lymphoma of Mucosa-Associated Lymphoma Tissue (MALT), and Nodal Marginal Zone Lymphoma (Collectively Indolent B-cell Non-Hodgkin's Lymphoma)",Designated/Approved,,,Treatment of Indolent B-cell non-Hodgkin lymphoma (NHL) that has progressed during or within six months of treatment with rituximab or a rituximab-containing regimen.,10/31/2008,10/31/2015,,"Cephalon, Inc.",A wholly owned subsidiary of Teva Pharmaceuticals,PO Box 4011,Frazer,Pennsylvania,' 19355 ' ,United States,253107.0
benralizumab,Fasenra,11/21/2018,Treatment of eosinophilic granulomatosis with polyangiitis,Designated/Approved,,,treatment of adult patients with eosinophilic granulomatosis with polyangiitis (EGPA),09/17/2024,09/17/2031,treatment of adult patients with eosinophilic granulomatosis with polyangiitis (EGPA),AstraZeneca Pharmaceuticals LP,P.O. Box 8355,,Wilmington,Delaware,' 19803 ' ,United States,660018.0
Benzoate and phenylacetate,Ucephan,01/21/1986,"For adjunctive therapy in the prevention and treatment of hyperammonemia in patients with urea cycle enzymopathy due to carbamylphosphate synthetase, ornithine, transcarbamylase, or argininosuccinate synthetase deficiency.",Designated/Approved,,,,12/23/1987,12/23/1994,,ImmunexImmunex,2525 McGaw Avenue,P.O. Box 19791,Irvine,California,' 92623 ' ,United States,11385.0
benzoate/phenylacetate,Ammonul,11/22/1993,Treatment of acute hyperammonemia and associated encephalopathy in patients with deficiencies in enzymes of the urea cycle.,Designated/Approved,,,Adjunctive therapy in the treatment of acute hyperammonemia and associated encephalopathy in patients with deficiencies in enzymes of the urea cycle.,02/17/2005,02/17/2012,,Medicis Pharmaceutical Corp.,8125 N. Hayden Road,,Scottsdale,Alaska,' 85258 ' ,United States,77993.0
berotralstat,ORLADEYO,2017-01-11 00:00:00,Treatment of C1-inhibitor-dependent angioedema (including prevention and treatment of attacks),Designated/Approved,,,prophylaxis to prevent attacks of hereditary angioedema (HAE) in adults and pediatric patients 12 years of age and older,2020-03-12 00:00:00,2027-03-12 00:00:00,prophylaxis to prevent attacks of hereditary angioedema (HAE) in adults and pediatric patients 12 years of age and older,"BioCryst Pharmaceuticals, Inc.",4505 Emperor Blvd,Suite 200,Durham,North Carolina,' 27703 ' ,United States,607617.0
Betaine,Cystadane,05/16/1994,Treatment of homocystinuria.,Designated/Approved,,,Treatment of homocystinuria to decrease elevated homocysteine blood levels.,10/25/1996,10/25/2003,,Orphan Europe SARL,70 Avenue du G鮩ral de Gaulle,,Puteaux,άe-de-France,' ' ,France,81794.0
bevacizumab,Avastin,2006-09-02 00:00:00,Therapeutic treatment of patients with ovarian cancer,Designated/Approved,,,"In combination with paclitaxel, pegylated liposomal doxorubicin, or topotecan for treatment of patients with platinum-resistant, recurrent epithelial ovarian, fallopian tube, or primary peritoneal cancer who received no more than 2 prior chemotherapy regimens",11/14/2014,11/14/2021,"In combination with paclitaxel, pegylated liposomal doxorubicin, or topotecan for treatment of patients with platinum-resistant, recurrent epithelial ovarian cancer who have received no more than 2 prior chemotherapy regimens.","Genentech, Inc.",1 DNA Way,,South San Francisco,California,' 94080 ' ,United States,216405.0
bevacizumab,Avastin,05/26/2006,Treatment of malignant glioma,Designated/Approved,,,Treatment of glioblastoma with progressive disease following prior therapy,2009-05-05 00:00:00,2016-05-05 00:00:00,,"Genentech, Inc.","1 DNA Way, MS 241B",,South San Francisco,California,' 94080 ' ,United States,222906.0
bevacizumab,Avastin,11/23/2010,Treatment of fallopian tube carcinoma,Designated/Approved,,,"Avastin, in combination with carboplatin and paclitaxel, followed by Avastin as a single agent, is indicated for the treatment of patients with stage III or IV epithelial ovarian, fallopian tube, orprimary peritoneal cancer following initial surgical resection. Avastin, in combination with paclitaxel, pegylated liposomal doxorubicin, or topotecan, is indicated for the treatment of patients with platinum-resistant recurrent epithelial ovarian, fallopian tube or primary peritoneal cancer who received no more than 2 prior chemotherapy regimens. Avastin, in combination with carboplatin and paclitaxel, or with carboplatin and gemcitabine, followed by Avastin as a single agent, is indicated for the treatment of patients with platinum-sensitiverecurrent epithelial ovarian, fallopian tube, or primary peritoneal cancer.",06/13/2018,06/13/2025,"In combination with carboplatin and paclitaxel, followed by Avastin as a single agent, is indicated for the treatment of patients with stage III or IV fallopian tube cancer following initial surgical resection.","Genentech, Inc.",1 DNA Way,,South San Francisco,California,' 94080 ' ,United States,318010.0
bevacizumab,Avastin,2010-02-11 00:00:00,Treatment of primary peritoneal carcinoma.,Designated/Approved,,,"Avastin, in combination with carboplatin and paclitaxel, followed by Avastin as a single agent, is indicated for the treatment of patients with stage III or IV epithelial ovarian, fallopian tube, orprimary peritoneal cancer following initial surgical resection. Avastin, in combination with paclitaxel, pegylated liposomal doxorubicin, or topotecan, is indicated for the treatment of patients with platinum-resistant recurrent epithelial ovarian, fallopian tube or primary peritoneal cancer who received no more than 2 prior chemotherapy regimens. Avastin, in combination with carboplatin and paclitaxel, or with carboplatin and gemcitabine, followed by Avastin as a single agent, is indicated for the treatment of patients with platinum-sensitiverecurrent epithelial ovarian, fallopian tube, or primary peritoneal cancer.",06/13/2018,06/13/2025,"In combination with carboplatin and paclitaxel, followed by Avastin as a single agent, is indicated for the treatment of patients with stage III or IV primary peritoneal cancer following initial surgical resection.","Genentech, Inc.",1 DNA Way,,South San Francisco,California,' 94080 ' ,United States,317810.0
bevacizumab,Avastin,2010-02-11 00:00:00,Treatment of primary peritoneal carcinoma.,Designated/Approved,,,"Avastin in combination with paclitaxel, pegylated liposomal doxorubicin, or topotecan is indicated for the treatment of patients with platinum-resistant recurrent epithelial ovarian, fallopian tube or primary peritoneal cancer who received no more than 2 prior chemotherapy regimens. Avastin, either in combination with carboplatin and paclitaxel or in combination with carboplatin and gemcitabine, followed by Avastin as a single agent, is indicated for the treatment of patients with platinum-sensitive recurrent epithelial ovarian, fallopian tube, or primary peritoneal cancer.",2016-06-12 00:00:00,2023-06-12 00:00:00,"Either in combination with carboplatin and paclitaxel or in combination with carboplatin and gemcitabine, followed by Avastin as a single agent, is indicated for the treatment of patients with platinum-sensitive recurrent primary peritoneal cancer.","Genentech, Inc.",1 DNA Way,,South San Francisco,California,' 94080 ' ,United States,317810.0
bevacizumab,Avastin,2006-09-02 00:00:00,Therapeutic treatment of patients with ovarian cancer,Designated/Approved,,,"Avastin, in combination with carboplatin and paclitaxel, followed by Avastin as a single agent, is indicated for the treatment of patients with stage III or IV epithelial ovarian, fallopian tube, orprimary peritoneal cancer following initial surgical resection. Avastin, in combination with paclitaxel, pegylated liposomal doxorubicin, or topotecan, is indicated for the treatment of patients with platinum-resistant recurrent epithelial ovarian, fallopian tube or primary peritoneal cancer who received no more than 2 prior chemotherapy regimens. Avastin, in combination with carboplatin and paclitaxel, or with carboplatin and gemcitabine, followed by Avastin as a single agent, is indicated for the treatment of patients with platinum-sensitiverecurrent epithelial ovarian, fallopian tube, or primary peritoneal cancer.",06/13/2018,06/13/2025,"In combination with carboplatin and paclitaxel, followed by Avastin as a single agent, is indicated for the treatment of patients with stage III or IV epithelial ovarian cancer following initial surgical resection.","Genentech, Inc.",1 DNA Way,,South San Francisco,California,' 94080 ' ,United States,216405.0
bevacizumab,Avastin,2010-02-11 00:00:00,Treatment of primary peritoneal carcinoma.,Designated/Approved,,,"In combination with paclitaxel, pegylated liposomal doxorubicin, or topotecan for treatment of patients with platinum-resistant, recurrent epithelial ovarian, fallopian tube, or primary peritoneal cancer who received no more than 2 prior chemotherapy regimens",11/14/2014,11/14/2021,"In combination with paclitaxel, pegylated liposomal doxorubicin, or topotecan for treatment of patients with platinum-resistant, recurrent primary peritoneal cancer who received no more than 2 prior chemotherapy regimens","Genentech, Inc.",1 DNA Way,,South San Francisco,California,' 94080 ' ,United States,317810.0
bevacizumab,Avastin,11/23/2010,Treatment of fallopian tube carcinoma,Designated/Approved,,,"In combination with paclitaxel, pegylated liposomal doxorubicin, or topotecan for treatment of patients with platinum-resistant, recurrent epithelial ovarian, fallopian tube, or primary peritoneal cancer who have received no more than 2 prior chemotherapy regimens.",11/14/2014,11/14/2021,"In combination with paclitaxel, pegylated liposomal doxorubicin, or topotecan for treatment of patients with platinum-resistant, recurrent fallopian tube cancer who have received no more than 2 prior chemotherapy regimens.","Genentech, Inc.",1 DNA Way,,South San Francisco,California,' 94080 ' ,United States,318010.0
bevacizumab,Avastin,2006-09-02 00:00:00,Therapeutic treatment of patients with ovarian cancer,Designated/Approved,,,"Avastin in combination with paclitaxel, pegylated liposomal doxorubicin, or topotecan is indicated for the treatment of patients with platinum-resistant recurrent epithelial ovarian, fallopian tube or primary peritoneal cancer who received no more than 2 prior chemotherapy regimens. Avastin, either in combination with carboplatin and paclitaxel or in combination with carboplatin and gemcitabine, followed by Avastin as a single agent, is indicated for the treatment of patients with platinum-sensitive recurrent epithelial ovarian, fallopian tube, or primary peritoneal cancer.",2016-06-12 00:00:00,2023-06-12 00:00:00,"Either in combination with carboplatin and paclitaxel or in combination with carboplatin and gemcitabine, followed by Avastin as a single agent, is indicated for the treatment of patients with platinum-sensitive recurrent epithelial ovarian cancer.","Genentech, Inc.",1 DNA Way,,South San Francisco,California,' 94080 ' ,United States,216405.0
bevacizumab,Avastin,11/23/2010,Treatment of fallopian tube carcinoma,Designated/Approved,,,"Avastin in combination with paclitaxel, pegylated liposomal doxorubicin, or topotecan is indicated for the treatment of patients with platinum-resistant recurrent epithelial ovarian, fallopian tube or primary peritoneal cancer who received no more than 2 prior chemotherapy regimens. Avastin, either in combination with carboplatin and paclitaxel or in combination with carboplatin and gemcitabine, followed by Avastin as a single agent, is indicated for the treatment of patients with platinum-sensitive recurrent epithelial ovarian, fallopian tube, or primary peritoneal cancer.",2016-06-12 00:00:00,2023-06-12 00:00:00,"Either in combination with carboplatin and paclitaxel or in combination with carboplatin and gemcitabine, followed by Avastin as a single agent, is indicated for the treatment of patients with platinum-sensitive recurrent fallopian tube cancer.","Genentech, Inc.",1 DNA Way,,South San Francisco,California,' 94080 ' ,United States,318010.0
bevacizumab,Avastin,2003-06-11 00:00:00,Treatment of renal cell carcinoma,Designated/Approved,,,Treatment of renal cell carcinoma in combination with interferon alfa,07/31/2009,07/31/2016,,"Genentech, Inc.",1 DNA Way,,South San Francisco,California,' 94080 ' ,United States,172903.0
Bexarotene,Targretin,06/18/1999,Treatment of cutaneous T-cell lymphoma.,Designated/Approved,,,Treatment of cutaneous manifestations of cutaneous T-cell lymphoma in patients who are refractory to at least one prior systemic therapy.,12/29/1999,12/29/2006,,"Eisai, Inc.",300 Tice Blvd,,Woodcliff Lake,New Jersey,' 07677 ' ,United States,124699.0
"bictegravir, emtricitabine, and tenofovir alafenamide",Biktarvy,05/17/2017,Treatment of Human Immunodeficiency Virus type 1 infection in pediatric patients,Designated/Approved,,,BIKTARVY is indicated as a complete regimen for the treatment of human immunodeficiency virus type 1 (HIV-1) infection in adults and pediatric patients weighing at least 25 kg who have no antiretroviral treatment history or to replace the current antiretroviral regimen in those who are virologically-suppressed (HIV-1 RNA less than 50 copies per mL) on a stable antiretroviral with no history of treatment failure and no known substitutions associated with resistance to the individual components o,06/18/2019,06/18/2026,As a complete regimen for the treatment of human immunodeficiency virus type 1 (HIV-1) infection in pediatric patients weighing at least 25 kg who have no antiretroviral treatment history or to replace the current antiretroviral regimen in those who are virologically-suppressed (HIV-1 RNA less than 50 copies per mL) on a stable antiretroviral with no history of treatment failure and no known substitutions associated with resistance to the individual components of,"Gilead Sciences, Inc.",333 Lakeside Drive,,Foster City,California,' 94404 ' ,United States,559316.0
"bictegravir, emtricitabine, and tenofovir alafenamide",Biktarvy,05/17/2017,Treatment of Human Immunodeficiency Virus type 1 infection in pediatric patients,Designated/Approved,,,As a complete regimen for the treatment of human immunodeficiency virus type 1 (HIV-1) infection in adults and pediatric patients weighing at least 14 kg who have no antiretroviral treatment history or to replace the current antiretroviral regimen in those who are virologically-suppressed (HIV-1 RNA less than 50 copies per mL) on a stable antiretroviral regimen with no history of treatment failure and no known substitutions associated with resistance to the individual components of Biktarvy,2021-07-10 00:00:00,2028-07-10 00:00:00,As a complete regimen for the treatment of human immunodeficiency virus type 1 (HIV-1) infection in pediatric patients weighing 14 kg to less than 25 kg who have no antiretroviral treatment history or to replace the current antiretroviral regimen in those who are virologically-suppressed (HIV-1 RNA less than 50 copies per mL) on a stable antiretroviral regimen with no history of treatment failure and no known substitutions associated with resistance to the individual components of Biktarvy,"Gilead Sciences, Inc.",333 Lakeside Drive,,Foster City,California,' 94404 ' ,United States,559316.0
"bictegravir, emtricitabine, and tenofovir alafenamide",Biktarvy,05/17/2017,Treatment of Human Immunodeficiency Virus type 1 infection in pediatric patients,Designated/Approved,,,as a complete regimen for the treatment of human immunodeficiency virus type 1 (HIV-1) infection in adults and pediatric patients weighing at least 14 kg: (1) who have no antiretroviral treatment history or (2) to replace the current antiretroviral regimen in those who are virologically-suppressed (HIV-1 RNA less than 50 copies per mL) on a stable antiretroviral regimen with no known or suspected substitutions associated with resistance to bictegravir or tenofovir,02/23/2024,02/23/2031,treatment of human immunodeficiency virus type 1 (HIV-1) infection in pediatric patients weighing at least 14 kg to replace the current antiretroviral regimen in those who are virologically suppressed (HIV-1 RNA less than 50 copies per mL) on a stable antiretroviral regimen with no known or suspected substitutions associated with resistance to bictegravir or tenofovir and with known or suspected substitutions associated with resistance to emtricitabine,"Gilead Sciences, Inc.",333 Lakeside Drive,,Foster City,California,' 94404 ' ,United States,559316.0
birch triterpenes,Filsuvez,2014-07-08 00:00:00,Treatment of epidermolysis bullosa,Designated/Approved,,,Treatment of wounds associated with dystrophic and junctional epidermolysis bullosa (EB) in adult and pediatric patients 6 months of age and older,12/18/2023,12/18/2030,Treatment of wounds associated with dystrophic and junctional epidermolysis bullosa (EB) in adult and pediatric patients 6 months of age and older,Chiesi Farmaceutici S.p.A.,Via Palermo 26/A,,Parma,Emilia Romagna,' 43122 ' ,Italy,438114.0
Bleomycin sulfate,Blenoxane,09/17/1993,Treatment of malignant pleural effusion.,Designated/Approved,,,Treatment of malignant pleural effusion.,02/20/1996,02/20/2003,,Bristol-Myers Squibb Pharmaceutical Research Institute,P.O. Box 4000,,Princeton,New Jersey,' 08543 ' ,United States,76193.0
blinatumomab,Blincyto,05/16/2008,Treatment of acute lymphocytic leukemia,Designated/Approved,,,BLINCYTO is indicated for the treatment of B-cell precursor acute lymphoblastic leukemia (ALL) in first or second complete remission with minimal residual disease (MRD) greater than or equal to 0.1% in adults and children.,03/29/2018,03/29/2025,For the treatment of B-cell precursor acute lymphoblastic leukemia (ALL) in first or second complete remission with minimal residual disease (MRD) greater than or equal to 0.1% in adults and children,"Amgen, Inc.",One Amgen Center Dr.,,Thousand Oaks,California,' 91320 ' ,United States,255707.0
blinatumomab,Blincyto,05/16/2008,Treatment of acute lymphocytic leukemia,Designated/Approved,,,treatment of CD19-positive Philadelphia chromosome-negative B-cell precursor acute lymphoblastic leukemia (ALL) in the consolidation phase of multiphase chemotherapy in adult and pediatric patients one month and older,06/14/2024,06/14/2031,treatment of CD19-positive Philadelphia chromosome-negative B-cell precursor acute lymphoblastic leukemia (ALL) in the consolidation phase of multiphase chemotherapy in adult and pediatric patients one month and older,"Amgen, Inc.",One Amgen Center Dr.,,Thousand Oaks,California,' 91320 ' ,United States,255707.0
blinatumomab,Blincyto,05/16/2008,Treatment of acute lymphocytic leukemia,Designated/Approved,,,treatment of relapsed or refractory B-cell precursor acute lymphoblastic leukemia (ALL) in adults and children,2017-11-07 00:00:00,2024-11-07 00:00:00,treatment of Philadelphia chromosome-positive relapsed or refractory B-cell precursor acute lymphoblastic leukemia (ALL) in adults and children,"Amgen, Inc.",One Amgen Center Dr.,,Thousand Oaks,California,' 91320 ' ,United States,255707.0
blinatumomab,Blincyto,05/16/2008,Treatment of acute lymphocytic leukemia,Designated/Approved,,,Treatment of Philadelphia chromosome-negative relapsed or refractory B-cell precursor acute lymphoblastic leukemia (ALL).,2014-03-12 00:00:00,2021-03-12 00:00:00,Treatment of Philadelphia chromosome-negative relapsed or refractory B-cell precursor acute lymphoblastic leukemia (ALL).,"Amgen, Inc.",One Amgen Center Dr.,,Thousand Oaks,California,' 91320 ' ,United States,255707.0
blinatumomab,Blincyto,05/16/2008,Treatment of acute lymphocytic leukemia,Designated/Approved,,,treatment of Philadelphia chromosome-negative relapsed or refractory B-cell precursor acute lymphoblastic leukemia (ALL),08/30/2016,08/30/2023,treatment of Philadelphia chromosome-negative relapsed or refractory B-cell precursor acute lymphoblastic leukemia (ALL) in patients weighing less than 45 kg,"Amgen, Inc.",One Amgen Center Dr.,,Thousand Oaks,California,' 91320 ' ,United States,255707.0
bortezomib,Velcade,01/15/2003,Treatment of multiple myeloma,Designated/Approved,,,Treatment of multiple myeloma patients who have received at least two prior therapies and have demonstrated disease progression on the last therapy,05/13/2003,05/13/2010,,"Takeda Pharmaceuticals U.S.A., Inc.",500 Kendall Street,,Cambridge,Massachusetts,' 02142 ' ,United States,163002.0
bortezomib,Velcade,01/15/2003,Treatment of multiple myeloma,Designated/Approved,,,Treatment of multiple myeloma patients who have received at least one prior therapy,03/25/2005,03/25/2012,,"Takeda Pharmaceuticals U.S.A., Inc.",500 Kendall Street,,Cambridge,Massachusetts,' 02142 ' ,United States,163002.0
bortezomib,Velcade,05/30/2012,Treatment of mantle cell lymphoma.,Designated/Approved,,,Treatment of patients with mantle cell lymphoma.,2014-08-10 00:00:00,2021-08-10 00:00:00,Treatment of patients with mantle cell lymphoma who have not received at least 1 prior therapy,"Takeda Pharmaceuticals U.S.A., Inc.",500 Kendall Street,,Cambridge,Massachusetts,' 02142 ' ,United States,226106.0
bortezomib,Velcade,01/15/2003,Treatment of multiple myeloma,Designated/Approved,,,First-line therapy of multiple myeloma.,06/20/2008,06/20/2015,,"Takeda Pharmaceuticals U.S.A., Inc.",500 Kendall Street,,Cambridge,Massachusetts,' 02142 ' ,United States,163002.0
bortezomib,Velcade,05/30/2012,Treatment of mantle cell lymphoma.,Designated/Approved,,,Treatment of patients with mantle cell lymphoma who have received at least 1 prior therapy.,2006-08-12 00:00:00,2013-08-12 00:00:00,,"Takeda Pharmaceuticals U.S.A., Inc.",500 Kendall Street,,Cambridge,Massachusetts,' 02142 ' ,United States,226106.0
bosutinib,Bosulif,02/24/2009,Treatment of chronic myelogenous leukemia,Designated/Approved,,,"Treatment of adult patients with chronic, accelerated or blast phase Philadelphia chromosome-positive (Ph+) chronic myelogenous leukemia (CML) with resistance, or intolerance to prior therapy",2012-04-09 00:00:00,2019-04-09 00:00:00,,PF PRISM C.V.,Rivium Westlaan 142,,Capelle aan den IJssel,,' 2909 LD ' ,Netherlands,274808.0
bosutinib,Bosulif,02/24/2009,Treatment of chronic myelogenous leukemia,Designated/Approved,,,"treatment of pediatric patients 1 year of age and older with chronic phase (CP) Philadelphia chromosome positive chronic myelogenous leukemia (Ph+ CML), newly-diagnosed or resistant or intolerant to prior therapy",09/26/2023,09/26/2030,"treatment of pediatric patients 1 year of age and older with chronic phase (CP) Philadelphia chromosome-positive chronic myelogenous leukemia (Ph+ CML), newly-diagnosed or resistant or intolerant to prior therapy",PF PRISM C.V.,Rivium Westlaan 142,,Capelle aan den IJssel,,' 2909 LD ' ,Netherlands,274808.0
bosutinib,Bosulif,02/24/2009,Treatment of chronic myelogenous leukemia,Designated/Approved,,,BOSULIF is indicated for the treatment of adult patients with newly-diagnosed chronic phase (CP) Philadelphia chromosome-positive chronic myelogenous leukemia (Ph+CML).,12/19/2017,12/19/2024,Treatment of adult patients with newly-diagnosed chronic phase (CP) Philadelphia chromosome-positive chronic myelogenous leukemia (Ph+ CML).,PF PRISM C.V.,Rivium Westlaan 142,,Capelle aan den IJssel,,' 2909 LD ' ,Netherlands,274808.0
Botulinum toxin type A,Dysport,10/20/1999,Treatment of dynamic muscle contractures in pediatric cerebral palsy patients.,Designated/Approved,,,Treatment of lower limb spasticity in pediatric patients 2 years of age and older,07/29/2016,07/29/2023,Treatment of lower limb spasticity in pediatric cerebral palsy patients 2 years of age and older,"Ipsen Biopharmaceuticals, Inc.",650 East Kendall Street,,Cambridge,Massachusetts,' 02142 ' ,United States,128299.0
Botulinum toxin type B,Myobloc,01/16/1992,Treatment of cervical dystonia.,Designated/Approved,,,Treatment of patients with cervical dystonia to reduce the severity of abnormal head position and neck pain associated with cervical dystonia.,2000-08-12 00:00:00,2007-08-12 00:00:00,,"Soltice Neurosciences, LLC",4010 Dupont Circle,Suite L-07,Louisville,Kentucky,' 40207 ' ,United States,64791.0
brentuximab vedotin,Adcetris,10/23/2008,"Treatment of peripheral T-cell lymphoma, including anaplastic large cell lymphoma, peripheral T-cell lymphoma not otherwise specified, angioimmunoblastic T-cell lymphoma, adult T-cell leukemia/lymphoma, enteropathy-associated T-cell lymphoma, and extranodal NK/T-cell lymphoma.",Designated/Approved,,,The treatment of patients with systemic anaplastic large cell lymphoma (sALCL) after failure of at least one prior multi-agent chemotherapy regimen,08/19/2011,08/19/2018,,Seagen Inc.,21823 30th Drive Southeast,,Bothell,Washington,' 98021 ' ,United States,268908.0
brentuximab vedotin,Adcetris,10/23/2008,"Treatment of peripheral T-cell lymphoma, including anaplastic large cell lymphoma, peripheral T-cell lymphoma not otherwise specified, angioimmunoblastic T-cell lymphoma, adult T-cell leukemia/lymphoma, enteropathy-associated T-cell lymphoma, and extranodal NK/T-cell lymphoma.",Designated/Approved,,,"ADCETRIS is indicated for the treatment of adult patients with previously untreated sALCL or other CD30-expressing PTCL, including angioimmunoblastic T-cell lymphoma and PTCL not otherwise specified, in combination with cyclophosphamide, doxorubicin, and prednisone",11/16/2018,11/16/2025,"ADCETRIS is indicated for the treatment of adult patients with previously untreated sALCL or other CD30-expressing PTCL, including angioimmunoblastic T-cell lymphoma and PTCL not otherwise specified, in combination with cyclophosphamide, doxorubicin, and prednisone",Seagen Inc.,21823 30th Drive Southeast,,Bothell,Washington,' 98021 ' ,United States,268908.0
brentuximab vedotin,Adcetris,01/30/2007,Treatment of Hodgkin's lymphoma,Designated/Approved,,,Treatment of patients with classical Hodgkin lymphoma at high risk of relapse or progression as post-autologous hematopoietic stem cell transplantation (auto-HSCT) consolidation.,08/17/2015,08/17/2022,Treatment of patients with classical Hodgkin lymphoma at high risk of relapse or progression as post-autologous hematopoietic stem cell transplantation (auto-HSCT) consolidation.,Seagen Inc.,21823 30th Drive Southeast,,Bothell,Washington,' 98021 ' ,United States,235606.0
brentuximab vedotin,Adcetris,01/30/2007,Treatment of Hodgkin's lymphoma,Designated/Approved,,,"treatment of pediatric patients 2 years and older with previously untreated high risk classical Hodgkin lymphoma (cHL) in combination with doxorubicin, vincristine, etoposide, prednisone, and cyclophosphamide",2022-10-11 00:00:00,2029-10-11 00:00:00,treatment of pediatric patients 2 years and older with previously untreated high risk classical Hodgkin lymphoma (cHL),Seagen Inc.,21823 30th Drive Southeast,,Bothell,Washington,' 98021 ' ,United States,235606.0
Brentuximab vedotin,Adcetris,2016-07-09 00:00:00,Treatment of primary cutaneous CD30-positive T-cell lymphoproliferative disorders,Designated/Approved,,,For adult patients with primary cutaneous anaplastic large cell lymphoma who have received prior systemic therapy,2017-09-11 00:00:00,2024-09-11 00:00:00,For adult patients with primary cutaneous anaplastic large cell lymphoma who have received prior systemic therapy,Seagen Inc.,21823 30th Drive Southeast,,Bothell,Washington,' 98021 ' ,United States,536516.0
brentuximab vedotin,Adcetris,11/19/2012,Treatment of mycosis fungoides,Designated/Approved,,,Treatment for adult patients with CD30-expressing mycosis fungoides who have received prior systemic therapy,2017-09-11 00:00:00,2024-09-11 00:00:00,Treatment for adult patients with CD30-expressing mycosis fungoides who have received prior systemic therapy,Seagen Inc.,21823 30th Drive Southeast,,Bothell,Washington,' 98021 ' ,United States,362611.0
brentuximab vedotin,Adcetris,01/30/2007,Treatment of Hodgkin's lymphoma,Designated/Approved,,,The treatment of patients with Hodgkin lymphoma after failure of autologous stem cell transplant (ASCT) or after failure of at least two prior multi-agent chemotherapy regimens in patients who are not ASCT candidates,08/19/2011,08/19/2018,,Seagen Inc.,21823 30th Drive Southeast,,Bothell,Washington,' 98021 ' ,United States,235606.0
brentuximab vedotin,Adcetris,01/30/2007,Treatment of Hodgkin's lymphoma,Designated/Approved,,,"ADCETRIS is indicated for the treatment of adult patients with previously untreated Stage III or IV classical Hodgkin lymphoma (cHL), in combination with chemotherapy.",03/20/2018,03/20/2025,"ADCETRIS is indicated for the treatment of adult patients with previously untreated Stage III or IV classical Hodgkin lymphoma (cHL), in combination with chemotherapy.",Seagen Inc.,21823 30th Drive Southeast,,Bothell,Washington,' 98021 ' ,United States,235606.0
brigatinib,Alunbrig,04/28/2016,"Treatment of anaplastic lymphoma kinase-positive (ALK+), c-ros 1 oncogene positive (ROS1+), or epidermal growth factor receptor positive (EGFR+) non-small cell lung cancer (NSCLC).",Designated/Approved,,,ALUNBRIG (brigatinib) is indicated for the treatment of adult patients with anaplastic lymphoma kinase (ALK)-positive metastatic non-small cell lung cancer (NSCLC) as detected by an FDA-approved test.,05/22/2020,05/22/2027,"For the treatment of adult patients with anaplastic lymphoma kinase (ALK)-positive metastatic non-small cell lung cancer (NSCLC) as detected by an FDA-approved test, not including patients who have progressed on or are intolerant to crizotinib.","Takeda Development Center Americas, Inc.",500 Kendall Street,,Cambridge,Massachusetts,' 02142 ' ,United States,505415.0
brigatinib,Alunbrig,04/28/2016,"Treatment of anaplastic lymphoma kinase-positive (ALK+), c-ros 1 oncogene positive (ROS1+), or epidermal growth factor receptor positive (EGFR+) non-small cell lung cancer (NSCLC).",Designated/Approved,,,Treatment of patients with anaplastic lymphoma kinase (ALK)-positive metastatic non-small cell lung cancer (NSCLC) who have progressed on or are intolerant to crizotinib,04/28/2017,04/28/2024,Treatment of patients with anaplastic lymphoma kinase (ALK)-positive metastatic non-small cell lung cancer (NSCLC) who have progressed on or are intolerant to crizotinib,"Takeda Development Center Americas, Inc.",500 Kendall Street,,Cambridge,Massachusetts,' 02142 ' ,United States,505415.0
brincidofovir,Tembexa,2018-05-06 00:00:00,Treatment of smallpox,Designated/Approved,,,"Treatment of human smallpox disease caused by variola virus in adult and pediatric patients, including neonates",2021-04-06 00:00:00,2028-04-06 00:00:00,"Treatment of human smallpox disease caused by variola virus in adult and pediatric patients, including neonates",Emergent BioDefense Operations Lansing LLC,3500 North Martin Luther King Jr. Blvd.,,Lansing,Michigan,' 48906 ' ,United States,640518.0
budesonide,Tarpeyo,05/17/2010,To slow the progression of immunoglobulin A nephropathy & delay kidney failure in patients affected by the disease.,Designated/Approved,,,"to reduce proteinuria in adults with primary immunoglobulin A nephropathy (IgAN) at risk of rapid disease progression, generally a urine protein-to-creatinine ratio (UPCR) > or = 1.5 g/g",12/15/2021,12/15/2028,"to reduce proteinuria in adults with primary immunoglobulin A nephropathy (IgAN) at risk of rapid disease progression, generally a urine protein-to-creatinine ratio (UPCR) > or = 1.5 g/g",Calliditas Therapeutics AB,Kungsbron 1,,Stockholm,,' SE-111 22 ' ,Sweden,305710.0
budesonide,Tarpeyo,05/17/2010,To slow the progression of immunoglobulin A nephropathy & delay kidney failure in patients affected by the disease.,Designated/Approved,,,to reduce the loss of kidney function in adults with primary immunoglobulin A nephropathy (IgAN) who are at risk for disease progression,12/20/2023,12/20/2030,"to reduce the loss of kidney function in adults with primary immunoglobulin A nephropathy (IgAN) who are at risk for disease progression, excluding the use provided for in the indication approved on December 15, 2021",Calliditas Therapeutics AB,Kungsbron 1,,Stockholm,,' SE-111 22 ' ,Sweden,305710.0
budesonide,Eohilia,12/20/2006,Treatment of patients with eosinophilic esophagitis,Designated/Approved,,,treatment for 12 weeks in adult and pediatric patients 11 years of age and older with eosinophilic esophagitis (EoE),2024-09-02 00:00:00,2031-09-02 00:00:00,treatment of adult and pediatric patients 11 years of age and older with eosinophilic esophagitis (EoE),"Takeda Pharmaceuticals U.S.A., Inc.",500 Kendall Street,,Cambridge,Massachusetts,' 02142 ' ,United States,227406.0
Buffered intrathecal electrolyte/dextrose injection,Elliotts B Solution,08/24/1994,For use as a diluent in the intrathecal administration of methotrexate and cytarabine for the prevention or treatment meningeal leukemia and lymphocytic lymphoma,Designated/Approved,,,For the intrathecal administration of methotrexate and cytarabine for the prevention or treatment of meningeal leukemia and lymphocytic lymphoma.,09/27/1996,09/27/2003,,"Lukare Medical, LLC",4 Julia Court,P. O. Box 782,Scotch Plains,New Jersey,' 07076 ' ,United States,83994.0
buprenorphine in combination with naloxone,Suboxone,10/27/1994,Treatment of opiate addiction in opiate users,Designated/Approved,,,Treatment of opioid dependence in patients 16 years of age or older,2002-08-10 00:00:00,2009-08-10 00:00:00,,"Indivior, Inc.",10710 Midlothian Turnpike,Suite 430,Richmond,Virginia,' 23235 ' ,United States,79093.0
burosumab-twza,Crysvita,06/15/2017,Treatment of tumor-induced osteomalacia (TIO) syndrome,Designated/Approved,,,Crysvita (burosumab-twza) is indicated for the treatment of FGF23-related hypophosphatemia in tumor-induced osteomalacia (TIO) associated with phosphaturic mesenchymal tumors that cannot be curatively resected or localized.,06/18/2020,06/18/2027,For the treatment of FGF23-related hypophosphatemia in tumor-induced osteomalacia (TIO) associated with phosphaturic mesenchymal tumors that cannot be curatively resected or localized in adult and pediatric patients 2 years of age and older,"Kyowa Kirin, Inc.",135 US Highway 202 206,Suite 6,Bedminster Township,New Jersey,' 07921 ' ,United States,576217.0
burosumab-twza,Crysvita,12/14/2009,Treatment of X-linked hypophosphatemia (formerly known as vitamin D-resistant rickets),Designated/Approved,,,CRYSVITA is indicated for the treatment of X-linked hypophosphatemia (XLH) in adult and pediatric patients 6 months of age and older.,09/27/2019,09/27/2026,For the treatment of X-linked hypophosphatemia (XLH) in pediatric patients 6 months of age to less than 1 year of age,"Kyowa Kirin, Inc.",135 US Highway 202/206,Suite 6,Bedminster,New Jersey,' 07921 ' ,United States,296109.0
burosumab-twza,Crysvita,12/14/2009,Treatment of X-linked hypophosphatemia (formerly known as vitamin D-resistant rickets),Designated/Approved,,,CRYSVITA is indicated for the treatment of X-linked hypophosphatemia (XLH) in adult and pediatric patients 1 year of age and older,04/17/2018,04/17/2025,CRYSVITA is indicated for the treatment of X-linked hypophosphatemia (XLH) in adult and pediatric patients 1 year of age and older,"Kyowa Kirin, Inc.",135 US Highway 202/206,Suite 6,Bedminster,New Jersey,' 07921 ' ,United States,296109.0
Busulfan,Busulfex,07/28/1994,As preparative therapy in the treatment of malignancies with bone marrow transplantation.,Designated/Approved,,,For use in combination with cyclophosphamide as a conditioning regimen prior to allogeneic hematopoietic progenitor cell transplantation for chronic myelogenous leukemia.,1999-04-02 00:00:00,2006-04-02 00:00:00,,"Otsuka Pharmaceutical Company, Ltd","2-9, Kanda-Tsukasamachi",,Tokyo,,' ' ,Japan,83094.0
cabozantinib,Cometriq,11/29/2010,"Treatment of follicular, medullary and anaplastic thyroid carcinoma and metastatic or locally advanced papillary thyroid cancer.",Designated/Approved,,,"Treatment of progressive, metastatic medullary thyroid cancer (MTC).",11/29/2012,11/29/2019,,"Exelixis, Inc.",1851 Harbor Bay Parkway,,Alameda,California,' 94502 ' ,United States,297109.0
cabozantinib,CABOMETYX,2017-02-03 00:00:00,Treatment of hepatocellular carcinoma.,Designated/Approved,,,CABOMETYX is indicated for the treatment of patients with hepatocellular carcinoma (HCC) who have been previously treated with sorafenib.,01/14/2019,01/14/2026,CABOMETYX is indicated for the treatment of patients with hepatocellular carcinoma (HCC) who have been previously treated with sorafenib.,"Exelixis, Inc.",1851 Harbor Bay Parkway,,Alameda,California,' 94502 ' ,United States,552916.0
cabozantinib,Cabometyx,11/29/2010,"Treatment of follicular, medullary and anaplastic thyroid carcinoma and metastatic or locally advanced papillary thyroid cancer.",Designated/Approved,,,Treatment of adult and pediatric patients 12 years of age and older with locally advanced or metastatic differentiated thyroid cancer (DTC) that has progressed following prior VEGFR-targeted therapy and who are radioactive iodine-refractory or ineligible,09/17/2021,09/17/2028,Treatment of adult and pediatric patients 12 years of age and older with locally advanced or metastatic differentiated thyroid cancer (DTC) that has progressed following prior VEGFR-targeted therapy and who are radioactive iodine-refractory or ineligible,"Exelixis, Inc.",1851 Harbor Bay Parkway,,Alameda,California,' 94502 ' ,United States,297109.0
cabozantinib,Cabometyx,2024-05-06 00:00:00,treatment of pancreatic neuroendocrine tumors,Designated/Approved,,,"treatment of adult and pediatric patients 12 years of age and older with previously treated, unresectable, locally advanced or metastatic, well-differentiated pancreatic neuroendocrine tumors (pNET)",03/26/2025,,,"Exelixis, Inc.",1851 Harbor Bay Parkway,,Alameda,California,' 94502 ' ,United States,1004024.0
Caffeine,Cafcit,09/20/1988,Treatment of apnea of prematurity.,Designated/Approved,,,Short term treatment of apnea of prematurity in infants between 28 and less than 33 weeks gestational age.,09/21/1999,09/21/2006,,"O.P.R. Development, L.P.",1501 Wakarusa Drive,,Lawrence,Kansas,' 66047 ' ,United States,31288.0
Calcitonin-human for injection,Cibacalcin,01/20/1987,Treatment of symptomatic Paget's disease (osteitis deformans).,Designated/Approved,,,,10/31/1986,10/31/1993,,Novartis Pharmaceutical Corporation,59 Route 10,,East Hanover,New Jersey,' 07936 ' ,United States,13186.0
"calcium, magnesium, potassium, and sodium oxybates",Xywav,07/31/2019,Treatment of idiopathic hypersomnia,Designated/Approved,,,Treatment of idiopathic hypersomnia (IH) in adults,2021-12-08 00:00:00,2028-12-08 00:00:00,Treatment of idiopathic hypersomnia (IH) in adults,Jazz Pharmaceuticals Ireland Limited,5th Floor Waterloo Exchange,Waterloo Road,Dublin,,' ' ,Ireland,694619.0
"calcium, magnesium, potassium, and sodium oxybates",Xywav,1994-07-11 00:00:00,Treatment of narcolepsy.,Designated/Approved,,,XYWAV is indicated for the treatment of cataplexy or excessive daytime sleepiness (EDS) in patients 7 years of age and older with narcolepsy.,07/21/2020,07/21/2027,XYWAV is indicated for the treatment of cataplexy or excessive daytime sleepiness (EDS) in patients 7 years of age and older with narcolepsy.,Jazz Pharmaceuticals Ireland Limited,5th Floor Waterloo Exchange,Waterloo Road,Dublin 4,,' D04 E5W7 ' ,Ireland,85894.0
canakinumab,ILARIS,2013-05-12 00:00:00,Treatment of familial mediterranean fever,Designated/Approved,,,Indicated for treatment of Familial Mediterranean Fever (FMF) in adult and pediatric patients,09/23/2016,09/23/2023,Indicated for treatment of Familial Mediterranean Fever (FMF) in adult and pediatric patients,Novartis Pharmaceuticals Corporation,One Health Plaza,,East Hanover,New Jersey,' 07936 ' ,United States,412813.0
canakinumab,ILARIS,2013-05-12 00:00:00,Treatment of hyperimmunoglobulinemia D and periodic fever syndrome,Designated/Approved,,,Indicated for Hyperimmunoglobulin D Syndrome (HIDS)/Mevalonate Kinase Deficiency (MKD) in adult and pediatric patients,09/23/2016,09/23/2023,Indicated for Hyperimmunoglobulin D Syndrome (HIDS)/Mevalonate Kinase Deficiency (MKD) in adult and pediatric patients,Novartis Pharmaceuticals Corporation,One Health Plaza,,East Hanover,New Jersey,' 07936 ' ,United States,412913.0
canakinumab,ILARIS,09/30/2008,Treatment of pediatric (age 16 and under) juvenile rheumatoid arthritis.,Designated/Approved,,,Treatment of active Systemic Juvenile Idiopathic Arthritis (SJIA) in patients aged 2 years and older.,2013-09-05 00:00:00,2020-09-05 00:00:00,Treatment of active Systemic Juvenile Idiopathic Arthritis (SJIA) in patients aged 2 through 16 years.,Novartis Pharmaceuticals Corporation,One Health Plaza,Bldg 135-566G,East Hanover,New Jersey,' 07936 ' ,United States,260408.0
canakinumab,Ilaris,12/18/2007,Treatment of cryopyrin-associated periodic syndromes,Designated/Approved,,,"Treatment of cryopyrin-associated periodic syndromes (CAPS), in adults and children 4 years of age and older.",06/17/2009,06/17/2016,,Novartis Pharmaceuticals Corporation,One Health Plaza,,East Hanover,New Jersey,' 07936 ' ,United States,250507.0
canakinumab,Ilaris,2012-04-09 00:00:00,Treatment of TNF-receptor associated periodic syndrome (TRAPS),Designated/Approved,,,Indicated for the treatment of Tumor Necrosis Factor Receptor Associated Periodic Syndrome (TRAPS) in adult and pediatric patients,09/23/2016,09/23/2023,Indicated for treatment of Tumor Necrosis Factor Receptor Associated Periodic Syndrome (TRAPS) in adult and pediatric patients,Novartis Pharmaceuticals Corporation,One Health Plaza,,East Hanover,New Jersey,' 07936 ' ,United States,376912.0
cannabidiol,Epidiolex,11/14/2013,Treatment of Dravet syndrome,Designated/Approved,,,EPIDIOLEX is indicated for the treatment of seizures associated with Lennox-Gastaut syndrome (LGS) or Dravet syndrome (DS) in patients 2 years of age and older.,09/28/2018,09/28/2025,EPIDIOLEX is indicated for the treatment of seizures associated with Dravet syndrome (DS) in patients 2 years of age and older.,GW Research Ltd.,Sovereign House,Histon,Cambridge,,' ' ,United Kingdom,409313.0
cannabidiol,Epidiolex,04/19/2016,Treatment of tuberous sclerosis complex.,Designated/Approved,,,"treatment of seizures associated with Lennox-Gastaut syndrome (LGS), Dravet syndrome (DS), or tuberous sclerosis complex (TSC) in patients 1 year of age and older",07/31/2020,07/31/2027,treatment of seizures associated with tuberous sclerosis complex (TSC) in patients 1 year of age and older,GW Research Ltd.,Sovereign House,Histon,Cambridge,,' ' ,United Kingdom,510716.0
cannabidiol,EPIDIOLEX,02/27/2014,Treatment of Lennox-Gastaut syndrome,Designated/Approved,,,"treatment of seizures associated with Lennox-Gastaut syndrome, Dravet syndrome, or tuberous sclerosis complex (TSC) in patients 1 year of age and older.",07/31/2020,07/31/2027,treatment of seizures associated with Lennox-Gastaut syndrome (LGS) in patients between 1 and 2 years of age,GW Research Ltd.,Sovereign House,Histon,Cambridge,,' ' ,United Kingdom,421213.0
cannabidiol,EPIDIOLEX,11/14/2013,Treatment of Dravet syndrome,Designated/Approved,,,"treatment of seizures associated with Lennox-Gastaut syndrome (LGS), Dravet syndrome (DS), or tuberous sclerosis complex (TSC) in patients 1 year of age and older.",07/31/2020,07/31/2027,treatment of seizures associated with Dravet syndrome (DS) in patients between 1 and 2 years of age,GW Research Ltd.,Sovereign House,Histon,Cambridge,,' ' ,United Kingdom,409313.0
cannabidiol,Epidiolex,02/27/2014,Treatment of Lennox-Gastaut syndrome,Designated/Approved,,,EPIDIOLEX is indicated for the treatment of seizures associated with Lennox-Gastaut syndrome (LGS) or Dravet syndrome (DS) in patients 2 years of age and older.,09/28/2018,09/28/2025,EPIDIOLEX is indicated for the treatment of seizures associated with Lennox-Gastaut syndrome (LGS) in patients 2 years of age and older.,GW Research Ltd.,Sovereign House,Histon,Cambridge,,' ' ,United Kingdom,421213.0
Caplacizumab,CABLIVI,04/14/2009,Treatment of thrombotic thrombocytopenic purpura,Designated/Approved,,,"CABLIVI is indicated for the treatment of adult patients with acquired thrombotic thrombocytopenic purpura (aTTP), in combination with plasma exchange and immunosuppressive therapy.",2019-06-02 00:00:00,2026-06-02 00:00:00,"CABLIVI is indicated for the treatment of adult patients with acquired thrombotic thrombocytopenic purpura (aTTP), in combination with plasma exchange and immunosuppressive therapy.","Ablynx, a wholly owned subsidiary of Sanofi Group",55 Corporate Drive,,Bridgewater,New Jersey,' 08807 ' ,United States,277909.0
capsaicin,Qutenza,05/22/2009,Management of neuropathic pain in patients with postherpetic neuralgia,Designated/Approved,,,Management of neuropathic pain associated with postherpetic neuralgia,11/16/2009,11/16/2016,,"Averitas Pharma, Inc.",360 Mount Kemble Avenue,,Morristown,New Jersey,' 07960 ' ,United States,269508.0
carfilzomib,Kyprolis,01/18/2008,Treatment of multiple myeloma,Designated/Approved,,,Treatment of patients with multiple myeloma who have received at least two prior therapies including bortezomib and an immunomodulatory agent and have demonstrated disease progression on or within 60 days of completion of the last therapy.,07/20/2012,07/20/2019,,"Onyx Therapeutics, Inc.",249 East Grand Avenue,,South San Francisco,California,' 94080 ' ,United States,252507.0
carfilzomib,Kyprolis,01/18/2008,Treatment of multiple myeloma,Designated/Approved,,,treatment of adult patients with relapsed or refractory multiple myeloma who have received one to three lines of therapy in combination with daratumumab and hyaluronidase-fihj and dexamethasone,11/30/2021,,,"Onyx Therapeutics, Inc.",249 East Grand Avenue,,South San Francisco,California,' 94080 ' ,United States,252507.0
carfilzomib,Kyprolis,01/18/2008,Treatment of multiple myeloma,Designated/Approved,,,Treatment of adult patients with relapsed or refractory multiple myeloma who have received one to three lines of therapy in combination with daratumumab and dexamethasone.,08/20/2020,,,"Onyx Therapeutics, Inc.",249 East Grand Avenue,,South San Francisco,California,' 94080 ' ,United States,252507.0
carfilzomib,Kyprolis,01/18/2008,Treatment of multiple myeloma,Designated/Approved,,,Treatment of adult patients with relapsed or refractory multiple myeloma who have received one to three lines of therapy in combination with isatuximab and dexamethasone,06/30/2022,,,"Onyx Therapeutics, Inc.",249 East Grand Avenue,,South San Francisco,California,' 94080 ' ,United States,252507.0
carglumic acid,Carbaglu,01/20/1998,Treatment of N-acetylglutamate synthetase deficiency.,Designated/Approved,,,As an adjunctive therapy for the treatment of acute hyperammonemia due to the deficiency of the hepatic enzyme N-acetylglutamate synthase (NAGS) and as manitenance therapy for chronic hyperammonemia due to NAGS deficiency,03/18/2010,03/18/2017,,Orphan Europe SARL,Immeuble Le Wilson,70 avenue du General de Gaulle,Puteaux,,' ' ,France,109997.0
carglumic acid,Carbaglu,06/17/2014,Treatment of organic acidemias,Designated/Approved,,,in pediatric and adult patients as adjunctive therapy to standard of care for the treatment of acute hyperammonemia due to propionic acidemia (PA) or methylmalonic acidemia (MMA),01/22/2021,01/22/2028,in pediatric and adult patients as adjunctive therapy to standard of care for the treatment of acute hyperammonemia due to propionic acidemia (PA) or methylmalonic acidemia (MMA),Recordati Rare Diseases,Immeuble Le Wilson,70 avenue du General de Gaulle,Puteaux,,' ' ,France,352111.0
casimersen,Amondys 45,2019-04-06 00:00:00,Treatment of Duchenne muscular dystrophy,Designated/Approved,,,treatment of Duchenne muscular dystrophy (DMD) in patients who have a confirmed mutation of the DMD gene that is amenable to exon 45 skipping,02/25/2021,02/25/2028,treatment of Duchenne muscular dystrophy (DMD) in patients who have a confirmed mutation of the DMD gene that is amenable to exon 45 skipping,"Sarepta Therapeutics, Inc.",215 First Street,,Cambridge,Massachusetts,' 02142 ' ,United States,690019.0
cedazuridine and decitabine,Inqovi,08/21/2019,Treatment of myelodysplastic syndromes (including chronic myelomonocytic leukemia),Designated/Approved,,,"Indicated for the treatment of adult patients with myelodysplastic syndromes (MDS), including previously treated and untreated, de novo and secondary MDS with the following French-American-British subtypes (refractory anemia, refractory anemia with ringed sideroblasts, refractory anemia with excess blasts, and chronic myelomonocytic leukemia [CMML]) and intermediate-1, intermediate-2, and high-risk International Prognostic Scoring System groups.",2020-07-07 00:00:00,2027-07-07 00:00:00,"Indicated for the treatment of adult patients with myelodysplastic syndromes (MDS), including previously treated and untreated, de novo and secondary MDS with the following French-American-British subtypes (refractory anemia, refractory anemia with ringed sideroblasts, refractory anemia with excess blasts, and chronic myelomonocytic leukemia [CMML]) and intermediate-1, intermediate-2, and high-risk International Prognostic Scoring System groups.","Astex Pharmaceuticals, Inc.",4420 Rosewood Drive,Suite 200,Pleasanton,California,' 94588 ' ,United States,697019.0
cenegermin-bkbj,Oxervate,06/23/2014,Treatment of neurotrophic keratitis,Designated/Approved,,,Treatment of neurotrophic keratitis,08/22/2018,08/22/2025,Treatment of neurotrophic keratitis,Dompe S.p.A.,Via S. Martino 12-12/A,,Milan,,' ' ,Italy,436214.0
ceritinib,ZYKADIA,09/27/2013,Treatment of patients with non-small cell lung cancer (NSCLC) that is anaplastic lymphoma kinase(ALK)-positive,Designated/Approved,,,Treatment of patients with metastatic non-small cell lung cancer (NSCLC) whose tumors are anaplastic lymphoma kinase (ALK)-positive as detected by an FDA-approved test,05/26/2017,05/26/2024,Treatment of patients with metastatic non-small cell lung cancer (NSCLC) whose tumors are anaplastic lymphoma kinase (ALK)-positive as detected by an FDA-approved test,Novartis Pharmaceuticals Corp.,One Health Plaza,,East Hanover,New Jersey,' 07936 ' ,United States,405213.0
ceritinib,ZYKADIA,09/27/2013,Treatment of patients with non-small cell lung cancer (NSCLC) that is anaplastic lymphoma kinase(ALK)-positive,Designated/Approved,,,ZYKADIA is indicated for the treatment of patients with anaplastic lymphoma kinase (ALK)-positive metastatic nonsmall cell lung cancer (NSCLC) who have progressed on or are intolerant to crizotinib.,04/29/2014,04/29/2021,Treatment of patients with anaplastic lymphoma kinase (ALK) positive metastatic non-small cell lung cancer (NSCLC) who have progressed on or are intolerant to crizotinib.,Novartis Pharmaceuticals Corp.,One Health Plaza,,East Hanover,New Jersey,' 07936 ' ,United States,405213.0
cerliponase alfa,Brineura,2013-01-04 00:00:00,Treatment of neuronal ceroid lipofuscinosis type 2,Designated/Approved,,,"To slow the loss of ambulation in symptomatic pediatric patients 3 years of age and older with late infantile neuronal ceroid lipofuscinosis type 2 (CLN2), also known as tripeptidyl peptidase 1 (TPP1) deficiency.",04/27/2017,04/27/2024,"To slow the loss of ambulation in symptomatic pediatric patients 3 years of age and older with late infantile neuronal ceroid lipofuscinosis type 2 (CLN2), also known as tripeptidyl peptidase 1 (TPP1) deficiency.","BioMarin Pharmaceutical, Inc.",105 Digital Drive,,Novato,California,' 94949 ' ,United States,391913.0
cerliponase alfa,Brineura,2013-01-04 00:00:00,Treatment of neuronal ceroid lipofuscinosis type 2,Designated/Approved,,,"to slow the loss of ambulation in pediatric patients with neuronal ceroid lipofuscinosis type 2 (CLN2 disease), also known as tripeptidyl peptidase 1 (TPP1) deficiency",07/24/2024,07/24/2031,"to slow the loss of ambulation in pediatric patients less than 3 years of age with neuronal ceroid lipofuscinosis type 2 (CLN2 disease), also known as tripeptidyl peptidase 1 (TPP1) deficiency, and to slow the loss of ambulation in asymptomatic pediatric patients 3 years of age and older with CLN2 disease, also known as TPP1 deficiency","BioMarin Pharmaceutical, Inc.",105 Digital Drive,,Novato,California,' 94949 ' ,United States,391913.0
cetuximab,Erbitux,2000-03-07 00:00:00,Treatment of squamous cell cancer of the head and neck in patients who express epidermal growth factor receptor,Designated/Approved,,,"For use in combination with radiation therapy, for the treatment of locally or regionally advanced squamous cell carcinoma of the head and neck (SCCHN) and for use as a single agent for the treatment of patients with recurrent or metastatic SCCHN for whom prior platinum-based therapy has failed",2006-01-03 00:00:00,2013-01-03 00:00:00,,ImClone Systems Incorporated,33 ImClone Drive,,Branchburg,New Jersey,' 08876 ' ,United States,132700.0
chenodiol,Ctexli,03/22/2010,Treatment of cerebrotendinous xanthomatosis,Designated/Approved,,,treatment of cerebrotendinous xanthomatosis (CTX) in adults,02/21/2025,,,"Mirum Pharmaceuticals, Inc.","989 E Hillsdale Blvd., Suite 300",,Foster City,California,' 94404 ' ,United States,300510.0
chenodiol,Chenix,09/21/1984,"For patients with radiolucent stones in well opacifying gallbladders, in whom elective surgery would be undertaken except for the presence of increased surgical risk due to systemic disease or age",Designated/Approved,,,,07/28/1983,07/28/1990,,Solvay,901 Sawyer Road,,Marietta,Georgia,' 30062 ' ,United States,3384.0
cholic acid,Cholbam,07/18/2003,Treatment of inborn errors of cholesterol and bile acid synthesis and metabolism,Designated/Approved,,,Treatment of bile acid synthesis disorders due to single enzyme defects,03/17/2015,03/17/2022,Treatment of bile acid synthesis disorders due to single enzyme defects,"Mirum Pharmaceuticals, Inc.","989 E Hillsdale Blvd., Suite 300",,Foster City,California,' 94404 ' ,United States,170503.0
cinacalcet,Sensipar,2003-12-05 00:00:00,Treatment of hypercalcemia in patients with parathyroid carcinoma,Designated/Approved,,,Treatment of hypercalcemia in patients with parathyroid carcinoma,2004-08-03 00:00:00,2011-08-03 00:00:00,,"Amgen, Inc.",,One Amgen Center Drive,Thousand Oaks,California,' 91320 ' ,United States,163402.0
cinacalcet,Sensipar,04/30/2010,"Treatment of hypercalcemia in patients with primary hyperparathyroidism for whom parathyroidectomy would be indicated on the basis of serum calcium levels, but who are unable to undergo surgery",Designated/Approved,,,"Treatment of hypercalcemia in adult patients with primary hyperparathyroidism for whom parathyroidectomy would be indicated on the basis of serum calcium levels, but who are unable to undergo parathyroidectomy.",11/21/2014,11/21/2021,"Treatment of less severe hypercalcemia (serum calcium >11.2 mg/dl and <= 12.5 mg/dl) in adult patients with primary hyperparathyroidism (HPT) for whom parathyroidectomy would be indicated on the basis of serum calcium levels, but who are unable to undergo parathyroidectomy.","Amgen, Inc.",One Amgen Center Drive,"Bldg 17, 1A-4-4, Mail Stop 17-1-B",Thousand Oaks,California,' 91320 ' ,United States,165102.0
cinacalcet,Sensipar,04/30/2010,"Treatment of hypercalcemia in patients with primary hyperparathyroidism for whom parathyroidectomy would be indicated on the basis of serum calcium levels, but who are unable to undergo surgery",Designated/Approved,,,Treatment of severe hypercalcemia in patients with primary hyperparathyroidism who are unable to undergo parathyroidectomy,02/25/2011,02/25/2018,,"Amgen, Inc.",One Amgen Center Drive,"Bldg 17, 1A-4-4, Mail Stop 17-1-B",Thousand Oaks,California,' 91320 ' ,United States,165102.0
clobazam,Onfi,12/18/2007,Treatment of Lennox-Gastaut Syndrome,Designated/Approved,,,Adjunctive treatment of seizures associated with Lennox-Gastaut Syndrome inpatients 2 years of age or older,10/21/2011,10/21/2018,,"Lundbeck, Inc.",Four Parkway North,,Deerfield,Illinois,' 60015 ' ,United States,248307.0
clofarabine,Clolar,2002-07-02 00:00:00,Treatment of acute lymphoblastic leukemia,Designated/Approved,,,Treatment of pediatric patients 1 to 21 years old with relapsed or refractory acute lymphoblastic leukemia after at least two prior regimens,12/28/2004,12/28/2011,,Genzyme Corporation,4545 Horizon Hill Blvd.,,San Antonio,Texas,' 78229 ' ,United States,153201.0
Clofazimine,Lamprene,1984-11-06 00:00:00,"Treatment of lepromatous leprosy, including dapsone-resistant lepromatous leprosy and lepromatous leprosy complicated by erythema nodosum leprosum.",Designated/Approved,,,,12/15/1986,12/15/1993,,Novartis Pharmaceutical Corporation,59 Route 10,,East Hanover,New Jersey,' 07936 ' ,United States,2684.0
Clonidine,Duraclon,01/24/1989,"For continous epidural administration as adjunctive therapy with intraspinal opiates for the treatment of pain in cancer patients tolerant to, or unresponsive to, intraspinal opiates.",Designated/Approved,,,In combination with opiates for the treatment of severe pain in cancer patients that is not adequately relieved by opioid analgesics alone.,1996-02-10 00:00:00,2003-02-10 00:00:00,,"Roxane Laboratories, Inc.",PO Box 16532,,Columbus,Ohio,' 43216 ' ,United States,34388.0
cobicistat,Tybost,06/15/2017,Treatment of human immunodeficiency virus type 1 (HIV-1) infection in pediatric patients,Designated/Approved,,,TYBOST is a CYP3A inhibitor indicated to increase systemic exposure of atazanavir or darunavir (once daily dosing regimen) in combination with other antiretroviral agents in the treatment of HIV-1 infection in pediatric patients weighing at least 35 kg coadminstered with atazanavir or weighing at least 40 kg coadministered with darunavir.,2019-03-10 00:00:00,,,"Gilead Sciences, Inc.",333 Lakeside Drive,,Foster City,California,' 94404 ' ,United States,577917.0
cobicistat,Tybost,06/15/2017,Treatment of human immunodeficiency virus type 1 (HIV-1) infection in pediatric patients,Designated/Approved,,,TYBOST is a CYP3A inhibitor indicated to increase systemic exposure of atazanavir in combination with other antiretroviral agents in the treatment of HIV-1 infection in pediatric patients weighing at least 35 kg,08/22/2019,08/22/2026,Indicated to increase systemic exposure of atazanavir in combination with other antiretroviral agents in the treatment of HIV-1 infection in pediatric patients weighing at least 35 kg.,"Gilead Sciences, Inc.",333 Lakeside Drive,,Foster City,California,' 94404 ' ,United States,577917.0
cobimetinib,Cotellic,04/26/2021,Treatment for histiocytic neoplasms,Designated/Approved,,,as a single agent for the treatment of adult patients with histiocytic neoplasms,10/28/2022,10/28/2029,treatment of adult patients with histiocytic neoplasms,"Genentech, Inc.",1 DNA Way MS#451b,,South San Francisco,California,' 94080 ' ,United States,752820.0
colchicine,Colcrys,09/25/2007,Treatment of familial Mediterranean fever,Designated/Approved,,,Treatment of familial Mediterranean fever,07/29/2009,07/29/2016,,"AR Holding Company, Inc.",1100 Orthodox Street,,Philadelphia,Pennsylvania,' 19124 ' ,United States,245807.0
collagenase clostridium histolyticum,Xiaflex,05/23/1996,Treatment of advanced (involutional or residual stage) Dupuytren's disease,Designated/Approved,,,Treatment of adult patients with Dupuytren's contracture with a palpable cord,2010-02-02 00:00:00,2017-02-02 00:00:00,,"Auxilium Pharmaceuticals, Inc.",40 Valley Stream Parkway,,Malvern,Pennsylvania,' 19335 ' ,United States,92595.0
collagenase clostridium histolyticum,XIAFLEX,1996-12-03 00:00:00,Treatment of Peyronie's disease.,Designated/Approved,,,Treatment of adult men with Peyronie's disease with a palpable plaque and curvature deformity of at least 30 degrees at the start of therapy.,2013-06-12 00:00:00,2020-06-12 00:00:00,Treatment of adult men with Peyronie's disease with a palpable plaque and curvature deformity of at least 30 degrees at the start of therapy.,"Auxilium Pharmaceuticals, Inc.",640 Lee Road,,Chesterbrook,Pennsylvania,' 19087 ' ,United States,95496.0
concizumab-mtci,Alhemo,07/22/2019,Treatment of hemophilia B,Designated/Approved,,,routine prophylaxis to prevent or reduce the frequency of bleeding episodes in adult and pediatric patients 12 years of age and older with hemophilia B (congenital factor IX deficiency) with FIX inhibitors,12/20/2024,12/20/2031,routine prophylaxis to prevent or reduce the frequency of bleeding episodes in adult and pediatric patients 12 years of age and older with hemophilia B (congenital factor IX deficiency) with FIX inhibitors,"Novo Nordisk, Inc.",P.O. Box 846,,Plainsboro,New Jersey,' 08536 ' ,United States,663618.0
concizumab-mtci,Alhemo,10/22/2018,Treatment of hemophilia A,Designated/Approved,,,routine prophylaxis to prevent or reduce the frequency of bleeding episodes in adult and pediatric patients 12 years of age and older with hemophilia A (congenital factor VIII deficiency) with FVIII inhibitors,12/20/2024,12/20/2031,routine prophylaxis to prevent or reduce the frequency of bleeding episodes in adult and pediatric patients 12 years of age and older with hemophilia A (congenital factor VIII deficiency) with FVIII inhibitors,"Novo Nordisk, Inc.",P.O. Box 846,,Plainsboro,New Jersey,' 08536 ' ,United States,653618.0
copanlisib,ALIQOPA,2015-05-02 00:00:00,Treatment of follicular lymphoma,Designated/Approved,,,Treatment of adult patients with relapsed follicular lymphoma who have received at least two prior systemic therapies,09/14/2017,09/14/2024,Treatment of adult patients with relapsed follicular lymphoma who have received at least two prior systemic therapies,Bayer US LLC,100 Bayer Boulevard,P. O. Box 915,Hanover,New Jersey,' 07981 ' ,United States,463314.0
copper Cu 64 dotatate,Detectnet,05/18/2016,Diagnostic for the management of neuroendocrine tumors.,Designated/Approved,,,indicated for use with positron emission tomography (PET) for localization of somatostatin receptor positive neuroendocrine tumors (NETs) in adult patients,2020-03-09 00:00:00,2027-03-09 00:00:00,indicated for use with positron emission tomography (PET) for localization of somatostatin receptor positive neuroendocrine tumors (NETs) in adult patients,RadioMedix Inc.,"9701 Richmond Avenue, Suite 222",,Houston,Texas,' 77042 ' ,United States,520716.0
Corticorelin ovine triflutate,Acthrel,11/24/1989,For use in differentiating pituitary and ectopic production of ACTH in patients with ACTH-dependent Cushings syndrome.,Designated/Approved,,,To differentiate between pituitary and ectopic production of ACTH in patients with ACTH-dependent Cushing's syndrome.,05/23/1996,05/23/2003,,"Ferring Laboratories, Inc.","400 Rella Boulevard, Suite 201",,Suffern,New York,' 10901 ' ,United States,35089.0
crinecerfont,Crenessity,03/15/2019,Treatment of congenital adrenal hyperplasia,Designated/Approved,,,adjunctive treatment to glucocorticoid replacement to control androgens in adults and pediatric patients 4 years of age and older with classic congenital adrenal hyperplasia (CAH),12/13/2024,12/13/2031,adjunctive treatment to glucocorticoid replacement to control androgens in adults and pediatric patients 4 years of age and older with classic congenital adrenal hyperplasia (CAH),"Neurocrine Biosciences, Inc.",12780 El Camino Real,,San Diego,California,' 92130 ' ,United States,639018.0
crizanlizumab,ADAKVEO,07/22/2008,Treatment of sickle cell disease,Designated/Approved,,,ADAKVEO is indicated to reduce the frequency of vasoocclusive crises (VOCs) in adults and pediatric patients aged 16 years and older with sickle cell disease.,11/15/2019,11/15/2026,Indicated to reduce the frequency of vasoocclusive crises (VOCs) in adults and pediatric patients aged 16 years and older with sickle cell disease.,Novartis Pharmaceuticals Corporation,One Health Plaza,Building 337 B11.3D,East Hanover,New Jersey,' 07936- ' ,United States,259708.0
crizotinib,Xalkori,09/13/2010,"Treatment of ALK-positive, MET-positive, or ROS-positive non-small cell lung cancer",Designated/Approved,,,treatment of adult patients with metastatic non-small cell lung cancer (NSCLC) whose tumors are anaplastic lymphoma kinase (ALK) or ROS1-positive as detected by an FDA-approved test,2023-07-09 00:00:00,,,"Pfizer, Inc.",66 Hudson Boulevard East,,New York,New York,' 10001 ' ,United States,310610.0
crizotinib,Xalkori,09/13/2010,"Treatment of ALK-positive, MET-positive, or ROS-positive non-small cell lung cancer",Designated/Approved,,,Treatment of patients with metastatic NSCLC whose tumors are ROS1-positive,2016-11-03 00:00:00,2023-11-03 00:00:00,Treatment of patients with metastatic NSCLC whose tumors are ROS1-positive,"Pfizer, Inc.",66 Hudson Boulevard East,,New York,New York,' 10001 ' ,United States,310610.0
crizotinib,Xalkori,09/13/2010,"Treatment of ALK-positive, MET-positive, or ROS-positive non-small cell lung cancer",Designated/Approved,,,Treatment of patients with locally advanced or metastatic non-small cell lungcancer (NSCLC) that is anaplastic lymphoma kinase (ALK)-positive as detected by an FDAapprovedtest,08/26/2011,08/26/2018,,"Pfizer, Inc.",66 Hudson Boulevard East,,New York,New York,' 10001 ' ,United States,310610.0
crizotinib,Xalkori,12/20/2021,Treatment of inflammatory myofibroblastic tumor,Designated/Approved,,,"treatment of adult and pediatric patients 1 year of age and older with unresectable, recurrent, or refractory inflammatory myofibroblastic tumor (IMT) that is ALK-positive",2023-07-09 00:00:00,,,Pfizer Inc.,10646 Science Center Drive,,San Diego,California,' 92121 ' ,United States,834721.0
crizotinib,Xalkori,09/28/2012,Treatment of anaplastic large cell lymphoma,Designated/Approved,,,"treatment of pediatric patients 1 year of age and older and young adults with relapsed or refractory, systemic anaplastic large cell lymphoma (ALCL) that is ALK-positive",2023-07-09 00:00:00,,,"Pfizer, Inc.",10646 Science Center Drive,,San Diego,California,' 92121 ' ,United States,379712.0
crizotinib,Xalkori,09/28/2012,Treatment of anaplastic large cell lymphoma,Designated/Approved,,,"treatment of pediatric patients 1 year of age and older and young adults with relapsed or refractory, systemic anaplastic large cell lymphoma (ALCL) that is ALK-positive",01/14/2021,01/14/2028,"treatment of pediatric patients 1 year of age and older and young adults with relapsed or refractory, systemic anaplastic large cell lymphoma (ALCL) that is ALK-positive.","Pfizer, Inc.",10646 Science Center Drive,,San Diego,California,' 92121 ' ,United States,379712.0
crizotinib,Xalkori,12/20/2021,Treatment of inflammatory myofibroblastic tumor,Designated/Approved,,,"Treatment of adult and pediatric patients 1 year of age and older with unresectable, recurrent, or refractory inflammatory myofibroblastic tumor (IMT) that is ALK-positive",07/14/2022,07/14/2029,"Treatment of adult and pediatric patients 1 year of age and older with unresectable, recurrent, or refractory inflammatory myofibroblastic tumor (IMT) that is ALK-positive",Pfizer Inc.,10646 Science Center Drive,,San Diego,California,' 92121 ' ,United States,834721.0
Cromolyn sodium,Gastrocrom,1984-08-03 00:00:00,Treatment of mastocytosis.,Designated/Approved,,,,12/22/1989,12/22/1996,,Fisons Corporation,"755 Jefferson Rd., P.O. Box 1710",,Rochester,New York,' 14603 ' ,United States,1183.0
crovalimab-akkz,Piasky,2017-05-09 00:00:00,Treatment of paroxysmal nocturnal hemoglobinuria (PNH),Designated/Approved,,,treatment of adult and pediatric patients 13 years and older with paroxysmal nocturnal hemoglobinuria (PNH) and body weight of at least 40 kg,06/20/2024,06/20/2031,treatment of adult and pediatric patients 13 years and older with paroxysmal nocturnal hemoglobinuria (PNH) and body weight of at least 40 kg,Genentech Inc.,1 DNA Way,,South San Francisco,California,' 94080 ' ,United States,590717.0
cyclosporine,Verkazia,2007-04-05 00:00:00,Treatment of vernal keratoconjunctivitis,Designated/Approved,,,Treatment of vernal keratoconjunctivitis (VKC) in children and adults,06/23/2021,06/23/2028,Treatment of vernal keratoconjunctivitis (VKC) in children and adults,"Harrow Eye, LLC",102 Woodmont Blvd Ste 610,,Nashville,Tennessee,' 37205-2221 ' ,United States,239907.0
Cysteamine,Cystagon,01/25/1991,Treatment of nephropathic cystinosis.,Designated/Approved,,,Treatment of nephropathic cystinosis in adults and children.,08/15/1994,08/15/2001,,"Mylan Laboratories, Inc.",781 Chestnut Ridge Road,P.O. Box 4310,Morgantown,West Virginia,' 26504 ' ,United States,55690.0
cysteamine enteric coated,PROCYSBI,10/24/2006,Treatment of cystinosis,Designated/Approved,,,PROCYSBI is indicated for the treatment of nephropathic cystinosis in adults and pediatric patients 1 year of age and older.,12/22/2017,12/22/2024,Treatment of nephropathic cystinosis in pediatric patients 1 year of age to less than 2 years of age.,"Horizon Therapeutics USA, Inc.",150 S. Saunders Road,Suite 100,Lake Forest,Illinois,' 60045 ' ,United States,231006.0
cysteamine enteric coated,PROCYSBI,10/24/2006,Treatment of cystinosis,Designated/Approved,,,PROCYSBI is indicated for the treatment of nephropathic cystinosis in adults and pediatric patients 1 year of age and older.,02/14/2020,,,"Horizon Therapeutics USA, Inc.",150 S. Saunders Road,Suite 100,Lake Forest,Illinois,' 60045 ' ,United States,231006.0
cysteamine enteric coated,PROCYSBI,10/24/2006,Treatment of cystinosis,Designated/Approved,,,PROCYSBI is indicated for the management of nephropathic cystinosis in adults and children ages 6 years and older.,04/30/2013,04/30/2020,Management of nephropathic cystinosis in adults and children ages 6 years and older.,"Horizon Therapeutics USA, Inc.",150 S. Saunders Road,Suite 100,Lake Forest,Illinois,' 60045 ' ,United States,231006.0
cysteamine enteric coated,PROCYSBI,10/24/2006,Treatment of cystinosis,Designated/Approved,,,PROCYSBI is indicated for the treatment of nephropathic cystinosis in adult and pediatric patients 2 years of age and older.,08/14/2015,08/14/2022,Treatment of nephropathic cystinosis in pediatric patients 2 years of age to less than 6 years of age.,"Horizon Therapeutics USA, Inc.",150 S. Saunders Road,Suite 100,Lake Forest,Illinois,' 60045 ' ,United States,231006.0
Cysteamine hydrochloride,Cystaran,08/19/1997,Treatment of corneal cystine crystal accumulation in cystinosis patients.,Designated/Approved,,,Treatment of corneal cystine crystal accumulation in patients with cystinosis,2012-02-10 00:00:00,2019-02-10 00:00:00,,"Leadiant Biosciences, Inc.",9841 Washingtonian Blvd,Suite 500,Gaithersburg,Maryland,' 20878 ' ,United States,105997.0
Cytarabine liposomal,DepoCyt,1993-02-06 00:00:00,Treatment of neoplastic meningitis.,Designated/Approved,,,Intrathecal treatment of lymphomatous meningitis.,1999-01-04 00:00:00,2006-01-04 00:00:00,,"Pacira Pharmaceuticals, Inc.",10450 Science Center Drive,,San Diego,California,' 92121 ' ,United States,73393.0
"d6-tetrabenazine, deutetrabenazine",Austedo,2014-05-11 00:00:00,Treatment of Huntington's Disease,Designated/Approved,,,Treatment of chorea associated with Huntingtons disease,2017-03-04 00:00:00,2024-03-04 00:00:00,Treatment of chorea associated with Huntingtons disease,"Teva Branded Pharmaceutical Products R&D, Inc.",3333 N. Torrey Pines Court,Suite 400,La Jolla,California,' 92037 ' ,United States,383212.0
dabrafenib,Tafinlar,2016-08-02 00:00:00,Treatment of malignant glioma with BRAF V600 mutation,Designated/Approved,,,"in combination with trametinib, for the treatment of pediatric patients 1 year of age and older with low-grade glioma (LGG) with a BRAF V600E mutation who require systemic therapy",03/16/2023,03/16/2030,treatment of pediatric patients 1 year of age and older with low-grade glioma (LGG) with a BRAF V600E mutation who require systemic therapy,Novartis Pharmaceuticals Corporation,One Health Plaza,,East Hanover,New Jersey,' 07936-1080 ' ,United States,506415.0
dabrafenib,TAFINLAR,2011-12-01 00:00:00,Treatment BRAF V600 mutation positive Stage IIB through IV melanoma,Designated/Approved,,,Treatment of patients with unresectable or metastatic melanoma with BRAF V600E mutation as detected by an FDA approved test.,05/29/2013,05/29/2020,Treatment of patients with unresectable or metastatic melanoma with BRAF V600E mutation as detected by an FDA approved test.,Novartis Pharmaceuticals Corp.,One Health Plaza,,East Hanover,New Jersey,' 07936 ' ,United States,329610.0
dabrafenib and trametinib,Mekinist,10/29/2015,Treatment of patients with BRAF mutation positive non-small cell lung cancer.,Designated/Approved,,,"Mekinist in combination with dabrafenib, for the treatment of patients with metastatic non-small cell lung cancer (NSCLC) with BRAF V600E mutation as detected by an FDA-approved test.",06/22/2017,06/22/2024,"Mekinist in combination with dabrafenib, for the treatment of patients with metastatic non-small cell lung cancer (NSCLC) with BRAF V600E mutation as detected by an FDA-approved test; AND Tafinlar in combination with trametinib, for the treatment of patients with metastatic non-small cell lung cancer (NSCLC) with BRAF V600E mutation as detected by an FDA-approved test.",Novartis Pharmaceuticals Corporation,One Health Plaza,,East Hanover,New Jersey,' 07936 ' ,United States,495915.0
dacomitinib,VIZIMPRO,2015-03-03 00:00:00,"Treatment of non-small cell lung cancer with EGFR, HER2, HER4, or DDR2 mutations.",Designated/Approved,,,For the first-line treatment of patients with metastatic non-small-cell lung cancer (NSCLC) with epidermal growth factor receptor (EGFR) exon 19 deletion or exon 21 L858R,09/27/2018,09/27/2025,For the first-line treatment of patients with metastatic non-small-cell lung cancer (NSCLC) with epidermal growth factor receptor (EGFR) exon 19 deletion or exon 21 L858R,"Pfizer, Inc.",66 Hudson Boulevard East,,New York,New York,' 10001 ' ,United States,435114.0
dalfampridine,Ampyra,1987-02-06 00:00:00,Relief of symptoms of multiple sclerosis,Designated/Approved,,,Treatment to improve walking in patients with multiple sclerosis,01/22/2010,01/22/2017,,Acorda Therapeutics,15 Skyline Dr.,,Hawthorne,New York,' 10532 ' ,United States,18186.0
danicopan,Voydeya,2017-02-11 00:00:00,Treatment of paroxysmal nocturnal hemoglobinuria,Designated/Approved,,,add-on therapy to ravulizumab or eculizumab for the treatment of extravascular hemolysis (EVH) in adults with paroxysmal nocturnal hemoglobinuria (PNH),03/29/2024,03/29/2031,treatment of extravascular hemolysis (EVH) in adults with paroxysmal nocturnal hemoglobinuria (PNH),"Alexion Pharmaceuticals, Inc",300 George Street,,New Haven,Connecticut,' 06511 ' ,United States,512715.0
dantrolene sodium suspension for injection,RYANODEX,08/16/2013,Treatment of malignant hyperthermia syndrome,Designated/Approved,,,Treatment of malignant hyperthermia in conjunction with appropriate supportive measures and for the prevention of malignant hyperthermia in patients at high risk.,07/22/2014,07/22/2021,Treatment of malignant hyperthermia in conjunction with appropriate supportive measures and for the prevention of malignant hyperthermia in patients at high risk.,"Eagle Pharmaceuticals, Inc.",50 Tice Blvd,Suite 315,Woodcliff Lake,New Jersey,' 07677 ' ,United States,179703.0
daratumumab,Darzalex,2013-06-05 00:00:00,Treatment of multiple myeloma,Designated/Approved,,,"Treatment of adult patients with multiple myeloma in combination with lenalidomide and dexamethasone in newly diagnosed patients who are ineligible for autologous stem cell transplant (ASCT) and in patients with relapsed or refractory multiple myeloma who have received at least 1 prior therapy; in combination with bortezomib, melphalan and prednisone in newly diagnosed patients who are ineligible for ASCT; in combination with bortezomib, thalidomide and dexamethasone in newly diagnosed patients who are eligible for ASCT; in combination with bortezomib and dexamethasone in patients who have received at least 1 prior therapy; in combination with pomalidomide and dexamethasone in patients who have received at least 2 prior therapies including lenalidomide and a proteasome inhibitor (PI); and as monotherapy, in patients who have received at least 3 prior lines of therapy including a PI and an immunomodulatory agent or who are double-refractory to a PI and an immodulatory agent.",09/26/2019,09/26/2026,"Indicated for the treatment of adult patients with multiple myeloma in combination with bortezomib, thalidomide, and dexamethasone in newly diagnosed patients who are eligible for autologous stem cell transplant","Janssen Biotech, Inc.",920 Route 202 South,PO Box 300,Raritan,New Jersey,' 08869 ' ,United States,397113.0
daratumumab,Darzalex,2013-06-05 00:00:00,Treatment of multiple myeloma,Designated/Approved,,,"DARZALEX is indicated in combination with lenalidomide and dexamethasone, or bortezomib and dexamethasone, for the treatment of patients with multiple myeloma who have received at least one prior therapy; and as monotherapy, for the treatment of patients with multiple myeloma who have received at least three prior lines of therapy including a proteasome inhibitor (PI) and an immunomodulatory agent or who are double-refractory to a PI and an immunomodulatory agent.",11/21/2016,11/21/2023,"DARZALEX in combination with lenalidomide and dexamethasone, or bortezomib and dexamethasone, for the treatment of patients with multiple myeloma who have received at least one prior therapy.","Janssen Biotech, Inc.",920 Route 202 South,PO Box 300,Raritan,New Jersey,' 08869 ' ,United States,397113.0
daratumumab,Darzalex,2013-06-05 00:00:00,Treatment of multiple myeloma,Designated/Approved,,,"DARZALEX is indicated in combination with lenalidomide and dexamethasone, or bortezomib and dexamethasone, for the treatment of patients with multiple myeloma who have received at least one prior therapy; and in combination with pomalidomide and dexamethasone for the treatment of patients with multiple myeloma who have received at least two prior therapies including lenalidomide and a proteasome inhibitor; and as monotherapy, for the treatment of patients with multiple myeloma who have received at least three prior lines of therapy including a proteasome inhibitor (PI) and an immunomodulatory agent or who are double-refractory to a PI and an immunomodulatory agent.",06/16/2017,06/16/2024,"In combination with pomalidomide and dexamethasone for the treatment of patients with multiple myeloma who have received at least two prior therapies including lenalidomide and a proteasome inhibitor, not including any overlap with the exclusivity awarded for the 2015 approval for the treatment of patients with multiple myeloma who have received at least 3 prior lines of therapy including a proteasome inhibitor and immunomodulary agent or are double refractory to a proteasome inhibitor and immunomodulatory agent.","Janssen Biotech, Inc.",920 Route 202 South,PO Box 300,Raritan,New Jersey,' 08869 ' ,United States,397113.0
daratumumab,Darzalex,2013-06-05 00:00:00,Treatment of multiple myeloma,Designated/Approved,,,For the treatment of patients with multiple myeloma who have received at least 3 prior lines of therapy including a proteasome inhibitor and an immunomodulatory agent or are double refractory to a proteasome inhibitor and an immunomodulatory agent,11/16/2015,11/16/2022,For the treatment of patients with multiple myeloma who have received at least 3 prior lines of therapy including a proteasome inhibitor and an immunomodulatory agent or are double refractory to a proteasome inhibitor and an immunomodulatory agent,"Janssen Biotech, Inc.",920 Route 202 South,PO Box 300,Raritan,New Jersey,' 08869 ' ,United States,397113.0
daratumumab,Darzalex,2013-06-05 00:00:00,Treatment of multiple myeloma,Designated/Approved,,,"DARZALEX is indicated in combination with bortezomib, melphalen, and prednisone for the treatment of patients with newly diagnosed multiple myeloma who are ineligible for autologous stem cell transplant; and in combination with lenalidomide and dexamethasone, or bortezomib and dexamethasone, for the treatment of patients with multiple myeloma who have received at least one prior therapy; and in combination with pomalidomide and dexamethasone for the treatment of patients with multiple myeloma who have received at least two prior therapies including lenalidomide and a proteasome inhibitor; and as monotherapy, for the treatment of patients with multiple myeloma who have received at least three prior lines of therapy including a proteasome inhibitor (PI) and an immunomodulatory agent or who are double-refractory to a PI and an immunomodulatory agent.",2018-07-05 00:00:00,2025-07-05 00:00:00,"In combination with bortezomib, melphalen, and prednisone for the treatment of patients with newly diagnosed multiple myeloma who are ineligible for autologous stem cell transplant","Janssen Biotech, Inc.",920 Route 202 South,PO Box 300,Raritan,New Jersey,' 08869 ' ,United States,397113.0
daratumumab,Darzalex,2013-06-05 00:00:00,Treatment of multiple myeloma,Designated/Approved,,,Treatment of adult patients with multiple myeloma in combination with carfilzomib and dexamethasone in patients who have received one to three prior lines of therapy,08/20/2020,,,"Janssen Biotech, Inc.",920 Route 202 South,PO Box 300,Raritan,New Jersey,' 08869 ' ,United States,397113.0
daratumumab,Darzalex,2013-06-05 00:00:00,Treatment of multiple myeloma,Designated/Approved,,,DARZALEX is indicated for the treatment of adult patients with multiple myeloma in combination with lenalidomide and dexamethasone in newly diagnosed patients who are ineligible for autologous stem cell transplant and in patients with relapsed or refractory multiple myeloma who have received at least one prior therapy.,06/27/2019,,,"Janssen Biotech, Inc.",920 Route 202 South,PO Box 300,Raritan,New Jersey,' 08869 ' ,United States,397113.0
daratumumab and hyaluronidase-fihj,Darzalex Faspro,2020-06-10 00:00:00,treatment of light-chain (AL) amyloidosis,Designated/Approved,,,"in combination with bortezomib, cyclophosphamide and dexamethasone for the treatment of adult patients with newly diagnosed light chain (AL) amyloidosis",01/15/2021,01/15/2028,treatment of adult patients with newly diagnosed light chain (AL) amyloidosis,"Janssen Research & Development, LLC",1400 McKean Road,PO Box 776,Spring House,Pennsylvania,' 19477 ' ,United States,769220.0
Dasatinib,Sprycel,11/18/2005,Treatment of Philadelphia-positive acute lymphoblastic leukemia,Designated/Approved,,,SPRYCEL (dasatinib) is indicated for the treatment of pediatric patients 1 year of age and older with newly diagnosed Ph+ ALL in combination with chemotherapy.,12/21/2018,12/21/2025,SPRYCEL (dasatinib) is indicated for the treatment of pediatric patients 1 year of age and older with newly diagnosed Ph+ ALL in combination with chemotherapy.,Bristol-Myers Squibb Company,P. O Box 5326,Mailstop C 4065,Princeton,New Jersey,' 08542 ' ,United States,214605.0
dasatinib,Phyrago,2021-05-10 00:00:00,Treatment of chronic myelogenous leukemia,Designated/Approved,,,"treatment of adult patients with: newly diagnosed Philadelphia chromosome-positive (Ph+) chronic myeloid leukemia (CML) in chronic phase; or chronic, accelerated, or myeloid or lymphoid blast phase Ph+ CML with resistance or intolerance to prior therapy including imatinib",2023-05-12 00:00:00,,,"Handa Therapeutics, LLC","2025 Gateway Place, Suite 480",,"San Jose,",California,' 95110 ' ,United States,750420.0
dasatinib,Phyrago,2021-05-10 00:00:00,Treatment of acute lymphoblastic leukemia,Designated/Approved,,,treatment of adult patients with Philadelphia chromosome-positive acute lymphoblastic leukemia (Ph+ ALL) with resistance or intolerance to prior therapy,2023-05-12 00:00:00,,,"Handa Therapeutics, LLC","2025 Gateway Place, Suite 480",,"San Jose,",California,' 95110 ' ,United States,750520.0
dasatinib,Sprycel,11/28/2005,Treatment of chronic myelogenous leukemia,Designated/Approved,,,Treatment of adults with chronic myeloid leukemia with resistance or intolerance to prior therapy including imatinib,06/28/2006,06/28/2013,,Bristol-Myers Squibb Company,"3401 Princeton Pike, B-3043C",,Lawrence Township,New Jersey,' 08648 ' ,United States,212405.0
Dasatinib,Sprycel,11/18/2005,Treatment of Philadelphia-positive acute lymphoblastic leukemia,Designated/Approved,,,Treatment of adults with Philadelphia chromosome-positive acute lymphoblastic leukemia with resistance or intolerance to prior therapy,06/28/2006,06/28/2013,,Bristol-Myers Squibb Company,P. O Box 5326,Mailstop C 4065,Princeton,New Jersey,' 08542 ' ,United States,214605.0
dasatinib,Sprycel,11/28/2005,Treatment of chronic myelogenous leukemia,Designated/Approved,,,Treatment of pediatric patients with Philadelphia chromosome-positive (Ph+) chronic myeloid leukemia (CML) in chronic phase,2017-09-11 00:00:00,2024-09-11 00:00:00,Treatment of pediatric patients with Philadelphia chromosome-positive (Ph+) chronic myeloid leukemia (CML) in chronic phase,Bristol-Myers Squibb Company,"3401 Princeton Pike, B-3043C",,Lawrence Township,New Jersey,' 08648 ' ,United States,212405.0
Daunorubicin citrate liposome injection,DaunoXome,05/14/1993,Treatment of patients with advanced HIV-associated Kaposi's sarcoma.,Designated/Approved,,,"First line cytotoxic therapy for advanced, HIV related Kaposi's sarcoma.",1996-08-04 00:00:00,2003-08-04 00:00:00,,"NeXstar Pharmaceuticals, Inc.",650 Cliffside Drive,,San Dimas,California,' 91773 ' ,United States,73693.0
daxibotulinumtoxinA-lanm,Daxxify,11/16/2017,Treatment of cervical dystonia,Designated/Approved,,,treatment of cervical dystonia in adult patients,2023-11-08 00:00:00,,,"Revance Therapeutics, Inc.",7555 Gateway Boulevard,,Newark,California,' 94560 ' ,United States,579317.0
decitabine,Dacogen,1999-08-03 00:00:00,Treatment of myelodysplastic syndromes.,Designated/Approved,,,"for treatment of patients with myelodysplastic syndromes (MDS) including previously treated and untreated, de novo and secondary MDS of all French-American-British subtypes (refractory anemia, refractory anemia with ringed sideroblasts, refractory anemia with excess blasts, refractory anemia with excess blasts in transformation, and chronic myelomonocytic leukemia) and intermediate-1, intermediate-2, and high-risk International Prognostic Scoring System groups",2006-02-05 00:00:00,2013-02-05 00:00:00,,Otsuka Pharmaceutical Development,"and Commercialization, Inc.",508 Carnegie Center Drive,Princeton,New Jersey,' 08540 ' ,United States,122298.0
deferiprone,Ferriprox,2001-12-12 00:00:00,Treatment of iron overload in patients with hematologic disorders requiring chronic transfusion therapy,Designated/Approved,,,Ferriprox (deferiprone) is indicated for the treatment of patients with transfusional iron overload due to thalassemia syndromes when current chelation therapy is inadequate.,05/19/2020,,,"Chiesi USA, Inc.",175 Regency Woods Place,Suite 600,Cary,North Carolina,' 27518 ' ,United States,150701.0
deferiprone,Ferriprox,2001-12-12 00:00:00,Treatment of iron overload in patients with hematologic disorders requiring chronic transfusion therapy,Designated/Approved,,,Treatment of patients with transfusional iron overload due to thalassemia syndromes when current chelation therapy is inadequate,10/14/2011,10/14/2018,,"Chiesi USA, Inc.",175 Regency Woods Place,Suite 600,Cary,North Carolina,' 27518 ' ,United States,150701.0
deferiprone,Ferriprox,2001-12-12 00:00:00,Treatment of iron overload in patients with hematologic disorders requiring chronic transfusion therapy,Designated/Approved,,,treatment of transfusional iron overload in adult and pediatric patients 8 years of age and older with thalassemia syndromes; and treatment of transfusional iron overload in adult and pediatric patients 8 years of age and older with sickle cell disease or other anemias,04/30/2021,04/30/2028,"treatment of transfusional iron overload in adult patients with thalassemia syndromes excluding adult patients covered by the indication for thalassemia syndromes approved on October 14, 2011; treatment of transfusional iron overload in pediatric patients 8 years of age and older with thalassemia syndromes; and treatment of transfusional iron overload in adult and pediatric patients 8 years of age and older with sickle cell disease or other anemias","Chiesi USA, Inc.",175 Regency Woods Place,Suite 600,Cary,North Carolina,' 27518 ' ,United States,150701.0
deferiprone,Ferriprox,2001-12-12 00:00:00,Treatment of iron overload in patients with hematologic disorders requiring chronic transfusion therapy,Designated/Approved,,,treatment of transfusional iron overload in adult and pediatric patients 3 years of age and older with thalassemia syndromes; and treatment of transfusional iron overload in adult and pediatric patients 3 years of age and older with sickle cell disease or other anemias,04/30/2021,04/30/2028,"treatment of transfusional iron overload in adult patients with thalassemia syndromes excluding adult patients covered by the indication for thalassemia syndromes approved on October 14, 2011; treatment of transfusional iron overload in pediatric patients 3 years of age and older with thalassemia syndromes; and treatment of transfusional iron overload in adult and pediatric patients 3 years of age and older with sickle cell disease or other anemias","Chiesi USA, Inc.",175 Regency Woods Place,Suite 600,Cary,North Carolina,' 27518 ' ,United States,150701.0
defibrotide,Defitelio,05/21/2003,For the treatment of hepatic veno-occlusive disease,Designated/Approved,,,"For the treatment of adult and pediatric patients with hepatic veno-occlusive disease (VOD), also known as sinusoidal obstruction syndrome (SOS), with renal or pulmonary dysfunction following hematopoietic stem cell transplantation (HSCT).",03/30/2016,03/30/2023,"For the treatment of adult and pediatric patients with hepatic veno-occlusive disease (VOD), also known as sinusoidal obstruction syndrome (SOS), with renal or pulmonary dysfunction following hematopoietic stem cell transplantation (HSCT).","Jazz Pharmaceuticals, Inc.",3180 Porter Drive,,Palo Alto,California,' 94304 ' ,United States,168803.0
deflazacort,Emflaza,08/16/2013,Treatment of Duchenne muscular dystrophy,Designated/Approved,,,Treatment of Duchenne Muscular Dystrophy in patients 5 years of age and older,2017-09-02 00:00:00,2024-09-02 00:00:00,Treatment of Duchenne Muscular Dystrophy in patients 5 years of age and older,"PTC Therapeutics, Inc.",100 Corporate Court,,South Plainfield,New Jersey,' 07080 ' ,United States,403413.0
deflazacort,Emflaza,08/16/2013,Treatment of Duchenne muscular dystrophy,Designated/Approved,,,EMFLAZA is indicated for the treatment of Duchenne muscular dystrophy (DMD) in patients 2 years of age and older.,2019-07-06 00:00:00,2026-07-06 00:00:00,For the treatment of Duchene muscular dystrophy in patients 2 years of age to less than 5 years of age,"PTC Therapeutics, Inc.",100 Corporate Court,,South Plainfield,New Jersey,' 07080 ' ,United States,403413.0
dehydrated alcohol,Ablysinol,2013-11-09 00:00:00,Treatment of hypertrophic obstructive cardiomyopathy,Designated/Approved,,,ABLYSINOL is indicated to induce controlled cardiac septal infarction to improve exercise capacity in adults with symptomatic hypertrophic obstructive cardiomyopathy who are not candidates for surgical myectomy.,06/21/2018,06/21/2025,ABLYSINOL is indicated to induce controlled cardiac septal infarction to improve exercise capacity in adults with symptomatic hypertrophic obstructive cardiomyopathy who are not candidates for surgical myectomy.,"Belcher Pharmaceuticals, LLC",6911 Bryan Dairy Road,,Largo,Florida,' 33777 ' ,United States,402513.0
denileukin diftitox,Ontak,08/21/1996,Treatment of patients with cutaneous T-cell lymphoma,Designated/Approved,,,Treatment of patients with persistent or recurrent cutaneous T-cell lymphoma whose malignant cells express the CD25 component of the IL-2 receptor.,1999-05-02 00:00:00,2006-05-02 00:00:00,,"Eisai, Inc.",300 Tice Boulevard,,Woodcliff Lake,New Jersey,' 07677 ' ,United States,99396.0
denileukin diftitox-cxdl,Lymphir,2013-12-07 00:00:00,Treatment of cutaneous T-cell lymphoma,Designated/Approved,,,treatment of adult patients with relapsed or refractory Stage I-III cutaneous T-cell lymphoma (CTCL) after at least one prior systemic therapy,2024-07-08 00:00:00,,,"Citius Pharmaceuticals, Inc.","11 Commerce Drive, 1st Floor",,Cranford,New Jersey,' 07016 ' ,United States,341311.0
dexamethasone,Hemady,03/26/2018,Treatment of multiple myeloma (MM),Designated/Approved,,,HEMADY is indicated in combination with other anti-myeloma products for the treatment of adults with multiple myeloma,2019-03-10 00:00:00,2026-03-10 00:00:00,Indicated in combination with other anti-myeloma products for the treatment of adults with multiple myeloma (MM).,Dexcel Pharma Technologies Ltd,Dexcel Street,,Or Akiva,Haifa District,' ' ,Israel,626318.0
dexamethasone intravitreal implant,Ozurdex,1998-11-09 00:00:00,"Treatment of non-infectious ocular inflammation of the posterior segment in patients with intermediate, posterior, and panuveitis",Designated/Approved,,,For treatment of non-infectious uveitis affecting the posterior segment of the eye,09/24/2010,09/24/2017,,Allergan,2525 Dupont Drive,,Irvine,California,' 92623 ' ,United States,115298.0
Dexrazoxane,Zinecard,12/17/1991,For the prevention of cardiomyopathy associated with doxorubicin administration.,Designated/Approved,,,Cardiomyopathy associated with doxorubicin administration in women with metastatic breast cancer who have received a cumulative dose of 300mg/m2.,05/26/1995,05/26/2002,,Pharmacia & Upjohn,7000 Portage Road,,Kalamazoo,Michigan,' 49001 ' ,United States,63291.0
diazepam (intranasal),VALTOCO,11/16/2015,Management of acute repetitive seizures,Designated/Approved,,,"Acute treatment of intermittent, stereotypic episodes of frequent seizure activity (i.e., seizure clusters, acute repetitive seizures) that are distinct from a patients usual seizure pattern in patients with epilepsy 6 years of age and older.",2020-10-01 00:00:00,2027-10-01 00:00:00,"Acute treatment of intermittent, stereotypic episodes of frequent seizure activity (i.e., seizure clusters, acute repetitive seizures) that are distinct from a patients usual seizure pattern in patients with epilepsy 6 years of age and older.","Neurelis Pharmaceuticals, Inc.",11682 El Camino Reall,Suite 255,San Diego,California,' 92130 ' ,United States,382512.0
diazoxide choline,Vykat XR,05/13/2014,Treatment of Prader-Willi Syndrome,Designated/Approved,,,treatment of hyperphagia in adults and pediatric patients 4 years of age and older with Prader-Willi syndrome (PWS),03/26/2025,,,"Soleno Therapeutics, Inc.","100 Marine Parkway, Suite 400",,Redwood City,California,' 94065 ' ,United States,428214.0
difluprednate,Durezol,09/30/2008,Treatment of endogenous and traumatic anterior uveitis and panuveitis.,Designated/Approved,,,Treatment of endogenous anterior uveitis,06/13/2012,06/13/2019,,Alcon Pharmaceuticals. Ltd.,Route Des Arsenaux 41,(P.O. Box 61),Fribourg,,' ' ,Switzerland,265608.0
dinutuximab,Unituxin,12/20/2010,Treatment of neuroblastoma,Designated/Approved,,,"For use in combination with granulocyte-macrophage colony-stimulating factor (GM-CSF), interleukin-2 (IL-2) and 13-cis-retinoic acid (RA), for the treatment of pediatric patients with high-risk neuroblastoma who achieve at least a partial response to prior first-line multiagent, multimodality therapy",2015-10-03 00:00:00,2022-10-03 00:00:00,"For use in combination with granulocyte-macrophage colony-stimulating factor (GM-CSF), interleukin-2 (IL-2) and 13-cis-retinoic acid (RA), for the treatment of pediatric patients with high-risk neuroblastoma who achieve at least a partial response to prior first-line multiagent, multimodality therapy",United Therapeutics Corporation,55 TW Alexander Drive,,Research Triangle Park,North Carolina,' 27709 ' ,United States,324210.0
Dornase alfa,Pulmozyme,01/16/1991,To reduce mucous viscosity and enable the clearance of airway secretions in patients with cystic fibrosis.,Designated/Approved,,,In conjunction with standard therapies in the management of cystic fibrosis patients to reduce the frequency of respiratory infections requiring parenteral antibiotics and to improve pulmonary function.,12/30/1993,12/30/2000,,"Genentech, Inc.",460 Point San Bruno Boulevard,,South San Francisco,California,' 94080 ' ,United States,48090.0
Dronabinol,Marinol,01/15/1991,For the stimulation of appetite and prevention of weight loss in patients with a confirmed diagnosis of AIDS.,Designated/Approved,,,Treatment of anorexia associated with weight loss in patients with AIDS.,12/22/1992,12/22/1999,,"Unimed Pharmaceuticals, Inc.",901 Sawyer Rd.,,Marietta,Georgia,' 30062 ' ,United States,54890.0
droxidopa,NORTHERA,01/17/2007,"Treatment of neurogenic symptomatic orthostatic hypotension in patients with primary autonomic failure, dopamine-beta-hydroxylase deficiency, and nondiabetic autonomic neuropathy.",Designated/Approved,,,"Treatment of orthostatic dizziness, lightheadedness, or the ""feeling that you are about to black out"" in adult patients with symptomatic neurogenic orthostatic hypotension caused by primary autonomic failure (Parkinson's disease, multiple system atrophy, and pure autonomic failure), dopamine beta-hydroxylase deficiency, and non-diabetic autonomic neuropathy.",02/18/2014,02/18/2021,"Treatment of orthostatic dizziness, lightheadedness, or the ""feeling that you are about to black out"" in adult patients with symptomatic neurogenic orthostatic hypotension caused by primary autonomic failure (Parkinson's disease, multiple system atrophy, and pure autonomic failure), dopamine beta-hydroxylase deficiency, and non-diabetic autonomic neuropathy.",Lundbeck LLC,"3530 Toringdon Way, Suite 200",,Charlotte,North Carolina,' 28277 ' ,United States,229506.0
dupilumab,Dupixent,2017-05-09 00:00:00,Treatment of eosinophilic esophagitis,Designated/Approved,,,"treatment of adult and pediatric patients aged 1 year and older, weighing at least 15 kg, with eosinophilic esophagitis (EoE)",01/25/2024,01/25/2031,treatment of pediatric patients aged 1 year and older weighing at least 15 kg who are less than 12 years of age or less than 40 kg in weight with eosinophilic esophagitis (EoE),"Regeneron Pharmaceuticals, Inc.",777 Old Saw Mill River Road,,Tarrytown,New York,' 10591 ' ,United States,599317.0
dupilumab,Dupixent,2017-05-09 00:00:00,Treatment of eosinophilic esophagitis,Designated/Approved,,,"Treatment of adult and pediatric patients aged 12 years and older, weighing at least 40 kg, with eosinophilic esophagitis (EoE)",05/20/2022,05/20/2029,"Treatment of adult and pediatric patients aged 12 years and older, weighing at least 40 kg, with eosinophilic esophagitis (EoE)","Regeneron Pharmaceuticals, Inc.",777 Old Saw Mill River Road,,Tarrytown,New York,' 10591 ' ,United States,599317.0
durvalumab,Imfinzi,01/15/2020,Treatment of hepatocellular carcinoma,Designated/Approved,,,In combination with tremelimumab-actl for the treatment of adult patients with unresectable hepatocellular carcinoma (uHCC),10/21/2022,10/21/2029,treatment of adult patients with unresectable hepatocellular carcinoma (uHCC),AstraZeneca Pharmaceuticals LP,1800 Concord Pike,,Wilmington,Delaware,' 19803 ' ,United States,721519.0
durvalumab,Imfinzi,2020-10-12 00:00:00,Treatment of biliary tract cancer,Designated/Approved,,,"In combination with gemcitabine and cisplatin, for the treatment of adult patients with locally advanced or metastatic biliary tract cancer (BTC)",2022-02-09 00:00:00,2029-02-09 00:00:00,treatment of adult patients with locally advanced or metastatic biliary tract cancer (BTC),AstraZeneca Pharmaceuticals LP,1800 Concord Pike,,Wilmington,Delaware,' 19803 ' ,United States,785220.0
durvalumab,IMFINZI,2019-10-07 00:00:00,Treatment of small cell lung cancer,Designated/Approved,,,"IMFINZI is indicated for use, in combination with etoposide and either carboplatin or cisplatin, for the first-line treatment of adult patients with extensive-stage small cell lung cancer (ES-SCLC).",03/27/2020,03/27/2027,"Indicated in combination with etoposide and either carboplatin or cisplatin, for the first-line treatment of adult patients with extensive-stage small cell lung cancer (ES-SCLC).",AstraZeneca Pharmaceuticals LP,1800 Concord Pike,,Wilmington,Delaware,' 19803 ' ,United States,691319.0
durvalumab,Imfinzi,2019-10-07 00:00:00,Treatment of small cell lung cancer,Designated/Approved,,,"as a single agent, for the treatment of adult patients with limited-stage small cell lung cancer (LS-SCLC) whose disease has not progressed following concurrent platinum-based chemotherapy and radiation therapy (cCRT)",2024-04-12 00:00:00,2031-04-12 00:00:00,treatment of adult patients with limited-stage small cell lung cancer (LS-SCLC) whose disease has not progressed following concurrent platinum-based chemotherapy and radiation therapy (cCRT),AstraZeneca Pharmaceuticals LP,1800 Concord Pike,,Wilmington,Delaware,' 19803 ' ,United States,691319.0
duvelisib,COPIKTRA,04/15/2013,Treatment of chronic lymphocytic leukemia and small lymphocytic lymphoma,Designated/Approved,,,Treatment of adult patients with relapsed or refractory chronic lymphocytic leukemia (CLL) or small lymphocytic lymphoma (SLL) after at least two prior therapies,09/24/2018,09/24/2025,Treatment of adult patients with relapsed or refractory chronic lymphocytic leukemia (CLL) or small lymphocytic lymphoma (SLL) after at least two prior therapies,"Secura Bio, Inc.",1995 Village Center Cir.,,Las Vegas,Nevada,' 89134-6360 ' ,United States,394413.0
duvelisib,COPIKTRA,2013-01-08 00:00:00,Treatment of follicular lymphoma,Designated/Approved,,,Treatment of adult patients with relapsed or refractory follicular lymphoma after at least two prior therapies (Indication withdrawn),09/24/2018,12/17/2021,Treatment of adult patients with relapsed or refractory follicular lymphoma after at least two prior therapies (Indication withdrawn),"Secura Bio, Inc.",1995 Village Center Cir.,Suite 128,Las Vegas,Nevada,' 89134-6360 ' ,United States,399913.0
ecallantide,Kalbitor,2003-04-02 00:00:00,Treatment of angioedema,Designated/Approved,,,Treatment of acute attacks of hereditary angioedema in patients 16 years of age and older,2009-01-12 00:00:00,2016-01-12 00:00:00,,"Takeda Pharmaceuticals U.S.A., Inc.",500 Kendall Street,,Cambridge,Massachusetts,' 02142 ' ,United States,160802.0
ecallantide,Kalbitor,2003-04-02 00:00:00,Treatment of angioedema,Designated/Approved,,,Treatment of acute attacks of hereditary angioedema (HAE) in patients 12 years of age and older,03/28/2014,03/28/2021,Treatment of acute attacks of hereditary angioedema (HAE) in patients 12 through 15 years of age.,"Takeda Pharmaceuticals U.S.A., Inc.",500 Kendall Street,,Cambridge,Massachusetts,' 02142 ' ,United States,160802.0
eculizumab,Soliris,06/24/2013,Treatment of neuromyelitis optica,Designated/Approved,,,Soliris is indicated for the treatment of neuromyelitis optica spectrum disorder (NMOSD) in adult patients who are anti-aquaporin-4 (AQP4) antibody positive.,06/27/2019,06/27/2026,For the treatment of neuromyelitis optica spectrum disorder (NMOSD) in adult patients who are anti-aquaporin-4 (AQP4) antibody positive,"Alexion Pharmaceuticals, Inc.",121 Seaport Boulevard,,Boston,Massachusetts,' 02210 ' ,United States,398713.0
eculizumab,Soliris,04/29/2009,Treatment of atypical hemolytic uremic syndrome,Designated/Approved,,,For the treatment of atypical Hemolytic Uremic Syndrome (aHUS),09/23/2011,09/23/2018,,"Alexion Pharmaceuticals, Inc.",121 Seaport Boulevard,,Boston,Massachusetts,' 02210 ' ,United States,279509.0
eculizumab,Soliris,2014-12-06 00:00:00,Treatment of Myasthenia Gravis,Designated/Approved,,,for the treatment of adult patients with generalized Myasthenia Gravis (gMG) who are anti-acetylcholine receptor (AchR) antibody positive,10/23/2017,10/23/2024,for the treatment of adult patients with generalized Myasthenia Gravis (gMG) who are anti-acetylcholine receptor (AchR) antibody positive,"Alexion Pharmaceuticals, Inc.",121 Seaport Boulevard,,Boston,Massachusetts,' 02210 ' ,United States,434214.0
eculizumab,Soliris,2014-12-06 00:00:00,Treatment of Myasthenia Gravis,Designated/Approved,,,treatment of generalized myasthenia gravis (gMG) in adult and pediatric patients six years of age and older who are anti-acetylcholine receptor (AChR) antibody positive,02/28/2025,,,"Alexion Pharmaceuticals, Inc.",121 Seaport Boulevard,,Boston,Massachusetts,' 02210 ' ,United States,434214.0
eculizumab,Soliris,08/20/2003,Treatment of paroxysmal nocturnal hemoglobinuria,Designated/Approved,,,Treatment of paroxysmal nocturnal hemoglobinuria to reduce hemolysis,03/16/2007,03/16/2014,,"Alexion Pharmaceuticals, Inc.",121 Seaport Boulevard,,Boston,Massachusetts,' 02210 ' ,United States,173203.0
edaravone,Radicava ORS,2015-12-05 00:00:00,Treatment of amyotrophic lateral sclerosis,Designated/Approved,,,Treatment of amyotrophic lateral sclerosis (ALS),2022-12-05 00:00:00,2029-12-05 00:00:00,Treatment of amyotrophic lateral sclerosis (ALS),Mitsubishi Tanabe Pharma Corporation,"17-10, Nihonbashi-Koamicho",,Tokyo,,' ' ,Japan,478215.0
edaravone,Radicava,2015-12-05 00:00:00,Treatment of amyotrophic lateral sclerosis,Designated/Approved,,,Treatment of amyotrophic lateral sclerosis (ALS),2017-05-05 00:00:00,2024-05-05 00:00:00,Treatment of amyotrophic lateral sclerosis (ALS),Mitsubishi Tanabe Pharma Corporation,"17-10, Nihonbashi-Koamicho",,Tokyo,,' ' ,Japan,478215.0
efgartigimod alfa and hyaluronidase-qvfc,Vyvgart Hytrulo,07/27/2022,Treatment of myasthenia gravis,Designated/Approved,,,treatment of adult patients with generalized myasthenia gravis (gMG) who are anti-acetylcholine receptor (AChR) antibody positive,2025-10-04 00:00:00,,,argenx BV,Industriepark Zwijnaarde 7,,Zwijnaarde (Ghent),,' 9052 ' ,Belgium,825421.0
efgartigimod alfa and hyaluronidase-qvfc,Vyvgart Hytrulo,07/27/2022,Treatment of myasthenia gravis,Designated/Approved,,,treatment of generalized myasthenia gravis (gMG) in adult patients who are anti-acetylcholine receptor (AChR) antibody positive,06/20/2023,06/20/2030,treatment of generalized myasthenia gravis (gMG) in adult patients who are anti-acetylcholine receptor (AChR) antibody positive,argenx BV,Industriepark Zwijnaarde 7,,Zwijnaarde (Ghent),,' 9052 ' ,Belgium,825421.0
efgartigimod alfa and hyaluronidase-qvfc,Vyvgart Hytrulo,2021-08-11 00:00:00,Treatment of Chronic Inflammatory Demyelinating Polyneuropathy,Designated/Approved,,,treatment of adult patients with chronic inflammatory demyelinating polyneuropathy (CIDP),06/21/2024,06/21/2031,treatment of adult patients with chronic inflammatory demyelinating polyneuropathy (CIDP),argenx BV,Industriepark Zwijnaarde 7,,Zwijnaarde,East Flanders,' 9052 ' ,Belgium,851421.0
efgartigimod alfa and hyaluronidase-qvfc),Vyvgart Hytrulo,2021-08-11 00:00:00,Treatment of Chronic Inflammatory Demyelinating Polyneuropathy,Designated/Approved,,,treatment of adult patients with chronic inflammatory demyelinating polyneuropathy (CIDP),2025-10-04 00:00:00,,,argenx BV,Industriepark Zwijnaarde 7,,Zwijnaarde,East Flanders,' 9052 ' ,Belgium,851421.0
efgartigimod alfa-fcab,Vyvgart,09/20/2017,Treatment of myasthenia gravis,Designated/Approved,,,treatment of generalized myasthenia gravis (gMG) in adult patients who are anti-acetylcholine receptor (AChR) antibody positive,12/17/2021,12/17/2028,treatment of generalized myasthenia gravis (gMG) in adult patients who are anti-acetylcholine receptor (AChR) antibody positive,argenx BV,Industriepark Zwijnaarde 7,,Zwijnaarde,,' 9052 ' ,Belgium,527316.0
eflornithine,Iwilfin,11/22/2017,Treatment of neuroblastoma,Designated/Approved,,,"to reduce the risk of relapse in adult and pediatric patients with high-risk neuroblastoma (HRNB) who have demonstrated at least a partial response to prior multiagent, multimodality therapy including anti-GD2 immunotherapy",12/13/2023,12/13/2030,"to reduce the risk of relapse in adult and pediatric patients with high-risk neuroblastoma (HRNB) who have demonstrated at least a partial response to prior multiagent, multimodality therapy including anti-GD2 immunotherapy","USWM, LLC",4441 Springdale Rd,,Louisville,Kentucky,' 40241 ' ,United States,613217.0
Eflornithine HCl,Ornidyl,04/23/1986,Treatment of Trypanosoma brucei gambiense infection (sleeping sickness).,Designated/Approved,,,,11/28/1990,11/28/1997,,Hoechst Marion Roussel,P.O. Box 9627,,Kansas City,Missouri,' 64134 ' ,United States,13586.0
elafibranor,Iqirvo,07/25/2019,Treatment of Primary Biliary Cholangitis,Designated/Approved,,,"treatment of primary biliary cholangitis (PBC) in combination with ursodeoxycholic acid (UDCA) in adults who have had an inadequate response to UDCA, or as monotherapy in patients unable to tolerate UDCA",2024-10-06 00:00:00,2031-10-06 00:00:00,"treatment of primary biliary cholangitis (PBC) in adults who have had an inadequate response to ursodeoxycholic acid (UDCA), or in patients unable to tolerate UDCA",Ipsen Bioscience Inc.,"One Main Street, 7th Floor",,Cambridge,Massachusetts,' 02142 ' ,United States,693919.0
elapegademase-lvlr,Revcovi,03/19/2015,Treatment of adenosine deaminase deficiency in patients with severe combined immunodeficiency.,Designated/Approved,,,Treatment of Adenosine Deaminase-Severe Combined Immunodeficiency (ADA-SCID).,2018-05-10 00:00:00,2025-05-10 00:00:00,treatment of adenosine deaminase severe combined immune deficiency (ADA-SCID) in pediatric and adult patients.,Chiesi USA Inc.,175 Regency Woods Place,Suite 600,Cary,North Carolina,' 27518 ' ,United States,467514.0
eliglustat,CERDELGA,09/17/2008,Treatment of Type I Gaucher disease,Designated/Approved,,,"Long-term treatment of adult patients with Gaucher disease type 1 who are CYP2D6 extensive metabolizers (EMs), intermediate metabolizers (IMs), or poor metabolizers (PMs) as detected by an FDA-cleared test.",08/19/2014,08/19/2021,"Long-term treatment of adult patients with Gaucher disease type 1 who are CYP2D6 extensive metabolizers (EMs), intermediate metabolizers (IMs), or poor metabolizers (PMs) as detected by an FDA-cleared test.",Genzyme Corporation,500 Kendall Street,,Cambridge,Massachusetts,' 02142 ' ,United States,265408.0
elosulfase alfa,Vimizim,05/15/2009,Use in the treatment of mucopolysaccharidosis (MPS) Type IV A (Morquio A syndrome),Designated/Approved,,,Patients with Mucopolysaccharidosis type IVA (MPS IVA; Morquio A syndrome),02/14/2014,02/14/2021,Patients with Mucopolysaccharidosis type IVA (MPS IVA; Morquio A syndrome),BioMarin Pharmaceutical Inc.,105 Digital Drive,,Novato,California,' 94949 ' ,United States,280809.0
elotuzumab,Empliciti,2011-01-09 00:00:00,Treatment of multiple myeloma,Designated/Approved,,,EMPLICITI is indicated in combination with pomalidomide and dexamethasone for the treatment of adult patients with multiple myeloma who have received at least two prior therapies including lenalidomide and a proteasome inhibitor.,2018-06-11 00:00:00,2025-06-11 00:00:00,"Indicated in combination with pomalidomide and dexamethasone for the treatment of adult patients with multiple myeloma who have received at least two prior therapies including lenalidomide and a proteasome inhibitor, excluding adult patients covered by Emplicitis previously approved indication for multiple myeloma.",Bristol-Myers Squibb Co.,P.O. Box 5326,,Princeton,New Jersey,' 08543 ' ,United States,348411.0
elotuzumab,Empliciti,2011-01-09 00:00:00,Treatment of multiple myeloma,Designated/Approved,,,Indicated in combination with lenalidomide and dexamethasone for the treatment of patients with multiple myeloma who have received one to three prior therapies,11/30/2015,11/30/2022,Indicated in combination with lenalidomide and dexamethasone for the treatment of patients with multiple myeloma who have received one to three prior therapies,Bristol-Myers Squibb Co.,P.O. Box 5326,,Princeton,New Jersey,' 08543 ' ,United States,348411.0
elranatamab-bcmm,Elrexfio,2021-12-10 00:00:00,Treatment of multiple myeloma,Designated/Approved,,,"treatment of adult patients with relapsed or refractory multiple myeloma who have received at least four prior lines of therapy, including a proteasome inhibitor, an immunomodulatory agent, and an anti-CD38 monoclonal antibody",08/14/2023,08/14/2030,"treatment of adult patients with relapsed or refractory multiple myeloma who have received at least four prior lines of therapy, including a proteasome inhibitor, an immunomodulatory agent, and an anti-CD38 monoclonal antibody",Pfizer Inc.,66 Hudson Boulevard East,,New York,New York,' 10001 ' ,United States,840721.0
eltrombopag,Promacta,2013-08-11 00:00:00,Treatment of aplastic anemia,Designated/Approved,,,PROMACTA is indicated in combination with standard immunosuppressive therapy for the first-line treatment of adult and pediatric patients 2 years and older with severe aplastic anemia.,11/16/2018,11/16/2025,PROMACTA is indicated in combination with standard immunosuppressive therapy for the first-line treatment of adult and pediatric patients 2 years and older with severe aplastic anemia.,Novartis Pharmaceuticals Corp.,One Health Plaza,,East Hanover,New Jersey,' 07936 ' ,United States,410213.0
eltrombopag,Promacta,2013-08-11 00:00:00,Treatment of aplastic anemia,Designated/Approved,,,Treatment of patients with severe aplastic anemia who have had an insufficient response to immunosuppressive therapy.,08/26/2014,08/26/2021,Treatment of patients with severe aplastic anemia who have had an insufficient response to immunosuppressive therapy.,Novartis Pharmaceuticals Corp.,One Health Plaza,,East Hanover,New Jersey,' 07936 ' ,United States,410213.0
eltrombopag,Promacta,2008-05-05 00:00:00,Treatment of idiopathic thrombocytopenia purpura,Designated/Approved,,,"Treatment of thrombocytopenia in patients with chronic immune (idiopathic) thrombocytopenic purpura who have had an insufficient response to corticosteroids, immunoglobulins, or splenectomy",11/20/2008,11/20/2015,,Novartis Pharmaceuticals Corp.,One Health Plaza,,East Hanover,New Jersey,' 07936 ' ,United States,251907.0
Emapalumab-lzsg,GAMIFANT,03/26/2010,Treatment of hemophagocytic lymphohistiocytosis,Designated/Approved,,,"GAMIFANT is indicated for the treatment of adult and pediatric (newborn and older) patients with primary hemophagocytic lymphohistiocytosis (HLH) with refractory, recurrent or progressive disease or intolerance with conventional HLH therapy.",11/20/2018,11/20/2025,"GAMIFANT is indicated for the treatment of adult and pediatric (newborn and older) patients with primary hemophagocytic lymphohistiocytosis (HLH) with refractory, recurrent or progressive disease or intolerance with conventional HLH therapy.",Swedish Orphan Biovitrum AB,SE-112,75 Stockholm,Stockholm,,' ' ,Sweden,302910.0
emicizumab-kxwh,Hemlibra,2014-10-01 00:00:00,Treatment of hemophilia A,Designated/Approved,,,Routine prophylaxis to prevent or reduce the frequency of bleeding episodes in adult and pediatric patients with hemophilia A (congenital factor VIII deficiency) with factor VIII inhibitors,11/16/2017,11/16/2024,Routine prophylaxis to prevent or reduce the frequency of bleeding episodes in adult and pediatric patients with hemophilia A (congenital factor VIII deficiency) with factor VIII inhibitors,Genentech,1 DNA Way,MS 355e,South San Francisco,California,' 94080 ' ,United States,416913.0
emicizumab-kxwh,Hemlibra,2014-10-01 00:00:00,Treatment of hemophilia A,Designated/Approved,,,HEMLIBRA is indicated for routine prophylaxis to prevent or reduce the frequency of bleeding episodes in adult and pediatric patients ages newborn and older with hemophilia A (congenital factor VIII deficiency) with or without factor VIII inhibitors.,2018-04-10 00:00:00,2025-04-10 00:00:00,HEMLIBRA is indicated for routine prophylaxis to prevent or reduce the frequency of bleeding episodes in adult and pediatric patients ages newborn and older with hemophilia A (congenital factor VIII deficiency) without factor VIII inhibitors.,Genentech,1 DNA Way,MS 355e,South San Francisco,California,' 94080 ' ,United States,416913.0
emtricitabine and tenofovir alafenamide,Descovy,2017-06-06 00:00:00,Treatment of HIV-1 infection in pediatric patients under 12 years of age,Designated/Approved,,,"DESCOVY, indicated in combination with other antiretroviral agents, for the treatment of HIV-1 infection in adults and pediatric patients weighing at least 35 kg and also indicated, in combination with other antiretroviral agents other than protease inhibitors that require a CYP3A inhibitor, for the treatment of HIV-1 infection in pediatric patients weighing at least 25 kg and less than 35 kg.",09/28/2017,09/28/2024,"In combination with other antiretroviral agents, for the treatment of HIV-1 infection in pediatric patients under 12 years of age weighing at least 35kg; and In combination with other antiretroviral agents other than protease inhibitors that require a CYP3A inhibitor, for the treatment of HIV-1 infection in pediatric patients under 12 years of age weighing at least 25kg and less than 35kg","Gilead Sciences, Inc.",333 Lakeside Drive,,Foster City,California,' 94404 ' ,United States,569716.0
emtricitabine and tenofovir alafenamide,Descovy,2017-06-06 00:00:00,Treatment of HIV-1 infection in pediatric patients under 12 years of age,Designated/Approved,,,Treatment of HIV-1 infection in pediatric patients weighing at least 14 kg and less than 35 kg in combination with other antiretroviral agents other than protease inhibitors that require a CYP3A inhibitor,2022-07-01 00:00:00,2029-07-01 00:00:00,Treatment of HIV-1 infection in pediatric patients under 12 years of age weighing at least 14 kg to less than 25 kg,"Gilead Sciences, Inc.",333 Lakeside Drive,,Foster City,California,' 94404 ' ,United States,569716.0
enasidenib,Idhifa,2014-12-06 00:00:00,Treatment of acute myelogenous leukemia,Designated/Approved,,,Treatment of adult patients with relapsed or refractory acute myeloid leukemia with an isocitrate dehydrogenase-2 (IDH2) mutation as detected by an FDA-approved test,2017-01-08 00:00:00,2024-01-08 00:00:00,Treatment of adult patients with relapsed or refractory acute myeloid leukemia with an isocitrate dehydrogenase-2 (IDH2) mutation as detected by an FDA-approved test,Celgene Corporation,9225 Indian Creek Parkway,Suite 900,Overland Park,Kansas,' 66210 ' ,United States,434514.0
encorafenib,Braftovi,2021-08-09 00:00:00,Treatment of BRAF-mutant Non-Small Cell Lung Cancer,Designated/Approved,,,"in combination with binimetinib, for the treatment of adult patients with metastatic non-small cell lung cancer (NSCLC) with a BRAF V600E mutation, as detected by an FDA-approved test",2023-11-10 00:00:00,2030-11-10 00:00:00,"treatment of adult patients with metastatic non-small cell lung cancer (NSCLC) with a BRAF V600E mutation, as detected by an FDA-approved test",Array BioPharma Inc. (a wholly owned subsidiary of Pfizer Inc.),445 Eastern Point Road,,Groton,Connecticut,' 06340-5146 ' ,United States,788820.0
entrectinib,Rozlytrek,2017-05-07 00:00:00,Treatment of NTRK fusion-positive solid tumors,Designated/Approved,,,"treatment of adult and pediatric patients older than 1 month of age with solid tumors that have a neurotrophic tyrosine receptor kinase (NTRK) gene fusion, as detected by an FDA-approved test without a known acquired resistance mutation, are metastatic or where surgical resection is likely to result in severe morbidity, and have progressed following treatment or have no satisfactory alternative therapy",10/20/2023,10/20/2030,"treatment of pediatric patients older than 1 month up to 12 years of age with solid tumors that have a neurotrophic tyrosine receptor kinase (NTRK) gene fusion, as detected by an FDA-approved test without a known acquired resistance mutation, are metastatic or where surgical resection is likely to result in severe morbidity, and have progressed following treatment or have no satisfactory alternative therapy","Genentech, Inc.",1 DNA Way,MS#241A,South San Francisco,California,' 94080 ' ,United States,587117.0
entrectinib,ROZLYTREK,2015-03-02 00:00:00,"Treatment of TrkA-positive, TrkB-positive, TrkC-positive ROS1-positive or ALK-positive non-small cell lung cancer",Designated/Approved,,,ROZLYTREK is indicated for the treatment of adult patients with metastatic non-small cell lung cancer (NSCLC) whose tumors are ROS1-positive.,08/15/2019,08/15/2026,For the treatment of adult patients with metastatic non-small cell lung cancer (NSCLC) whose tumors are ROS1-positive.,"Genentech, Inc.",1 DNA Way,MS#241A,South San Francisco,California,' 94080 ' ,United States,462914.0
entrectinib,Rozlytrek,2017-05-07 00:00:00,Treatment of NTRK fusion-positive solid tumors,Designated/Approved,,,"ROZLYTREK is indicated for the treatment of adult and pediatric patients 12 years of age and older with solid tumors that have a neurotrophic tyrosine receptor kinase (NTRK) gene fusion without a known acquired resistance mutation, are metastatic or where surgical resection is likely to result in severe morbidity, and have either progressed following treatment or have no satisfactory alternative therapy",08/15/2019,08/15/2026,"For the treatment of adult and pediatric patients 12 years of age and older with solid tumors that have a neurotrophic tyrosine receptor kinase (NTRK) gene fusion without a known acquired resistance mutation, are metastatic or where surgical resection is likely to result in severe morbidity, and have either progressed following treatment or have no satisfactory alternative therapy.","Genentech, Inc.",1 DNA Way,MS#241A,South San Francisco,California,' 94080 ' ,United States,587117.0
epcoritamab-bysp,Epkinly,2022-01-03 00:00:00,Treatment of follicular lymphoma,Designated/Approved,,,treatment of adult patients with relapsed or refractory follicular lymphoma (FL) after two or more lines of systemic therapy,06/26/2024,06/26/2031,treatment of adult patients with relapsed or refractory follicular lymphoma (FL) after two or more lines of systemic therapy,"Genmab US, Inc.",777 Scudders Mill Road,"Bldg. 2, 4th Floor",Plainsboro,New Jersey,' 08536 ' ,United States,865921.0
Epirubicin,Ellence,09/14/1999,Treatment of breast cancer.,Designated/Approved,,,Component of adjuvant therapy in patients with evidence of axillary node tumor involvement following resection of primary breast cancer.,09/15/1999,09/15/2006,,Pharmacia & Upjohn Company,0634-298-113,7000 Portage Rd.,Kalamazoo,Michigan,' 49001 ' ,United States,121498.0
epoprostenol,Flolan,03/22/1999,Treatment of secondary pulmonary hypertension due to intrinsic precapillary pulmonary vascular disease.,Designated/Approved,,,treatment of pulmonary arterial hypertension (WHO Group 1) to improve exercise capacity. Studies establishing effectiveness included predominantly patients with NYHA Functional Class III-IV symptoms and etiologies of idiopathic or heritable PAH or PAH associated with connective tissue diseases.,04/14/2000,04/14/2007,,GlaxoSmithKline,2301 Renaissance Blvd,P. O. Box 61540,King of Prussia,Pennsylvania,' 19406 ' ,United States,121698.0
Epoprostenol,Flolan,09/25/1985,Treatment of primary pulmonary hypertension.,Designated/Approved,,,Long-term intravenous treatment of primary pulmonary hypertension in NYHA Class III and Class IV patients.,09/20/1995,09/20/2002,,Glaxo Wellcome Inc.,5 Moore Drive,,Research Triangle Park,North Carolina,' 27709 ' ,United States,8785.0
eribulin mesylate,Halaven,05/14/2012,Treatment of soft tissue sarcoma,Designated/Approved,,,Treatment of patients with unresectable or metastatic liposarcoma who have received a prior anthracyclne-containing regimen,01/28/2016,01/28/2023,Treatment of patients with unresectable or metastatic liposarcoma who have received a prior anthracyclne-containing regimen,Eisai Inc.,200 Metro Blvd.,,Nutley,New Jersey,' 07110-6102 ' ,United States,367112.0
etanercept,Enbrel,10/27/1998,Reduction in signs and symptoms of moderately to severely active polyarticular-course juvenile rheumatoid arthritis in patients who have had an inadequate response to one or more disease-modifying anti-rheumatic drugs.,Designated/Approved,,,Reducing signs and symptoms of moderately to severely active polyarticular juvenile idiopathic arthritis (JIA) in patients ages 2 and older,05/27/1999,05/27/2006,,Immunex Corporation,One Amgen Center Drive,,Thousand Oaks,California,' 91320 ' ,United States,116198.0
eteplirsen,Exondys 51,10/23/2007,Treatment of Duchenne Muscular Dystrophy.,Designated/Approved,,,Treatment of Duchenne muscular dystrophy (DMD) in patients who have a confirmed mutation of the DMD gene that is amenable to exon 51 skipping,09/19/2016,09/19/2023,Treatment of Duchenne muscular dystrophy (DMD) in patients who have a confirmed mutation of the DMD gene that is amenable to exon 51 skipping,"Sarepta Therapeutics, Inc.",215 First Street,Suite 415,Cambridge,Massachusetts,' 02142 ' ,United States,248407.0
Ethanolamine oleate,Ethamolin,03/22/1984,"Treatment of patients with esophageal varices that have recently bled, to prevent rebleeding.",Designated/Approved,,,,12/22/1988,12/22/1995,,QOL Medical,"4445 North Highway A1A, 241",,Vero Beach,Florida,' 32963 ' ,United States,1484.0
ethiodized oil injection,Lipiodol,09/26/2013,Management of patients with known hepatocellular carcinoma (HCC),Designated/Approved,,,Selective hepatic intra-arterial use for imaging tumors in adults with known hepatocellular carcinoma (HCC),2014-04-04 00:00:00,2021-04-04 00:00:00,Selective hepatic intra-arterial use for imaging tumors in adults with known hepatocellular carcinoma (HCC),Guerbet LLC,"120 West 7th St., Suite 108",,Bloomington,Indiana,' 47404 ' ,United States,400113.0
Etidronate disodium,Didronel,03/21/1986,Treatment of hypercalcemia of malignancy inadequately managed by dietary modification and/or oral hydration.,Designated/Approved,,,,04/21/1987,04/21/1994,,"MGI Pharma, Inc.",5775 West Old Shakoppe Rd.,Suite 100,Bloomington,Minnesota,' 55437 ' ,United States,12185.0
everolimus,Afinitor,02/14/2008,Treatment of neuroendocrine tumors,Designated/Approved,,,"Treatment of adult patients with progressive neuroendocrine tumors of pancreatic origin (PNET) in patients with unresectable, locally advanced or metastatic disease; and treatment of adult patients with progressive, well-differentiated, non-functional, neuroendocrine tumors (NET) of gastrointestinal (GI) or lung origin, with unresectable, locally advanced or metastatic disease.",02/26/2016,02/26/2023,"Treatment of adult patients with progressive, well-differentiated, non-functional, neuroendocrine tumors (NET) of gastrointestinal (GI) (excluding pancreatic) or lung origin, with unresectable, locally advanced or metastatic disease.",Novartis Pharmaceuticals Corp.,"One Health Plaza, 315/5450A",,East Hanover,New Jersey,' 07936 ' ,United States,254107.0
everolimus,Afinitor,2009-08-06 00:00:00,"Treatment of tuberous sclerosis complex including TSC-associated subependymal giant cell astrocytoma (SEGA), TSC-associated angiomyolipoma and TSC-associated lymphangioleiomyomatosis (LAM)",Designated/Approved,,,For the adjunctive treatment of adult and pediatric patients age 2 years and older with tuberous sclerosis complex (TSC)-associated partial-onset seizures.,2018-10-04 00:00:00,2025-10-04 00:00:00,For the adjunctive treatment of adult and pediatric patients age 2 years and older with tuberous sclerosis complex (TSC)-associated partial-onset seizures.,Novartis Pharmaceuticals Corp.,"One Health Plaza, 315/5450A",,East Hanover,New Jersey,' 07936 ' ,United States,283609.0
everolimus,Afinitor,02/14/2008,Treatment of neuroendocrine tumors,Designated/Approved,,,"Treatment of progressive neuroendocrine tumors of pancreatic origin (PNET) in patients with unresectable, locally advanced or metastatic disease.",2011-05-05 00:00:00,2018-05-05 00:00:00,,Novartis Pharmaceuticals Corp.,"One Health Plaza, 315/5450A",,East Hanover,New Jersey,' 07936 ' ,United States,254107.0
everolimus,Afinitor,2009-08-06 00:00:00,"Treatment of tuberous sclerosis complex including TSC-associated subependymal giant cell astrocytoma (SEGA), TSC-associated angiomyolipoma and TSC-associated lymphangioleiomyomatosis (LAM)",Designated/Approved,,,Treatment of patients with subependymal giant cell astrocytoma (SEGA) associated with tuberous sclerosis who require therapeutic intervention but are not candidates for curative surgical resection,10/29/2010,10/29/2017,,Novartis Pharmaceuticals Corp.,"One Health Plaza, 315/5450A",,East Hanover,New Jersey,' 07936 ' ,United States,283609.0
everolimus,Afinitor,2009-08-06 00:00:00,"Treatment of tuberous sclerosis complex including TSC-associated subependymal giant cell astrocytoma (SEGA), TSC-associated angiomyolipoma and TSC-associated lymphangioleiomyomatosis (LAM)",Designated/Approved,,,Treatment of adults with renal angiomyolipoma and tuberous sclerosis complex (TSC) not requiring immediate surgery.,04/26/2012,04/26/2019,,Novartis Pharmaceuticals Corp.,"One Health Plaza, 315/5450A",,East Hanover,New Jersey,' 07936 ' ,United States,283609.0
evinacumab-dgnb,Evkeeza,2016-08-02 00:00:00,Treatment of homozygous familial hypercholesterolemia,Designated/Approved,,,"as an adjunct to other low-density lipoprotein-cholesterol (LDL-C) lowering therapies for the treatment of adult and pediatric patients, aged 5 years and older, with homozygous familial hypercholesterolemia (HoFH)",03/21/2023,03/21/2030,"as an adjunct to other low-density lipoprotein-cholesterol (LDL-C) lowering therapies for the treatment of pediatric patients, aged 5 years to less than 12 years, with homozygous familial hypercholesterolemia (HoFH)","Regeneron Pharmaceuticals, Inc.",777 Old Saw Mill River Road,,Tarrytown,New York,' 10591-6707 ' ,United States,507815.0
evinacumab-dgnb,Evkeeza,2016-08-02 00:00:00,Treatment of homozygous familial hypercholesterolemia,Designated/Approved,,,"adjunct to other low-density lipoprotein-cholesterol (LDL-C) lowering therapies for the treatment of adult and pediatric patients, aged 12 years and older, with homozygous familial hypercholesterolemia (HoFH)",2021-11-02 00:00:00,2028-11-02 00:00:00,"adjunct to other low-density lipoprotein-cholesterol (LDL-C) lowering therapies for the treatment of adult and pediatric patients, aged 12 years and older, with homozygous familial hypercholesterolemia (HoFH)","Regeneron Pharmaceuticals, Inc.",777 Old Saw Mill River Road,,Tarrytown,New York,' 10591-6707 ' ,United States,507815.0
evolocumab,Repatha,2013-12-09 00:00:00,Treatment of homozygous familial hypercholesterolemia,Designated/Approved,,,"As an adjunct to diet and other LDL-lowering therapies (e.g., statins, ezetimibe, LDL apheresis) in patients with HoFH who require additional lowering of LDL-C.",08/27/2015,08/27/2022,"As an adjunct to diet and other LDL-lowering therapies (e.g., statins, ezetimibe, LDL apheresis) in patients with HoFH who require additional lowering of LDL-C.",Amgen Inc.,One Amgen Center Drive,M/S 17 2 B,Thousand Oaks,California,' 91320 ' ,United States,404113.0
evolocumab,Repatha,2013-12-09 00:00:00,Treatment of homozygous familial hypercholesterolemia,Designated/Approved,,,"As an adjunct to other low-density lipoprotein cholesterol (LDL-C)-lowering therapies in adults and pediatric patients aged 10 years and older with homozygous familial hypercholesterolemia (HoFH), to reduce LDL-C",09/24/2021,09/24/2028,to reduce LDL-C in pediatric patients aged 10 to less than 13 years with homozygous familial hypercholesterolemia (HoFH),Amgen Inc.,One Amgen Center Drive,M/S 17 2 B,Thousand Oaks,California,' 91320 ' ,United States,404113.0
Exemestane,Aromasin,09/19/1991,Treatment of advanced breast cancer in postmenopausal women whose disease has progressed following tamoxifen therapy.,Designated/Approved,,,Treatment of advanced breast cancer in postmenopausal women whose disease has progressed following tamoxifen therapy.,10/21/1999,10/21/2006,,Pharmacia & Upjohn,7000 Portage Road,Mail Stop: 0636-298-113,Kalamazoo,Michigan,' 49001 ' ,United States,60191.0
fam-trastuzumab deruxtecan-nxki,Enhertu,05/20/2020,"Treatment of gastric cancer, including gastroesophageal junction cancer",Designated/Approved,,,treatment of adult patients with locally advanced or metastatic HER2-positive gastric or gastroesophageal junction (GEJ) adenocarcinoma who have received a prior trastuzumab-based regimen,01/15/2021,01/15/2028,treatment of adult patients with locally advanced or metastatic HER2-positive gastric or gastroesophageal junction (GEJ) adenocarcinoma who have received a prior trastuzumab-based regimen,"Daiichi Sankyo, Inc.",211 Mount Airy Road,,Basking Ridge,New Jersey,' 07920 ' ,United States,738420.0
Fedratinib,INREBIC,05/18/2009,Treatment of secondary and primary myelofibrosis,Designated/Approved,,,INREBIC is indicated for the treatment of adult patients with intermediate-2 or high-risk primary or secondary (post-polycythemia vera or post-essential thrombocythemia) myelofibrosis (MF).,08/16/2019,08/16/2026,For the treatment of adult patients with intermediate-2 or high-risk primary or secondary (post-polycythemia vera or post-essential thrombocythemia) myelofibrosis (MF).,"Impact Biomedicines, Inc. a wholly-owned subsidiary of Celgene Corporation",86 Morris Avenue,,Summit,New Jersey,' 07901 ' ,United States,279409.0
Felbamate,Felbatol,01/24/1989,Treatment of Lennox-Gastaut syndrome.,Designated/Approved,,,As adjunctive therapy in the treatment of partial and generalized seizures associated with the Lennox-Gastaut syndrome in children.,07/29/1993,07/29/2000,,Wallace Laboratories,301B College Road East,,Princeton,New Jersey,' 08540 ' ,United States,33488.0
fenfluramine,Fintepla,06/19/2017,Treatment of Lennox-Gastaut syndrome,Designated/Approved,,,Treatment of seizures associated with Lennox-Gastaut syndrome (LGS) in patients 2 years of age and older,03/25/2022,03/25/2029,Treatment of seizures associated with Lennox-Gastaut syndrome (LGS) in patients 2 years of age and older,"UCB, Inc.","1950 Lake Park Drive, Bldg 2100",,Smyrna,Georgia,' 30080 ' ,United States,584217.0
fenfluramine HCI,Fintepla,12/20/2013,For the Treatment of Dravet Syndrome,Designated/Approved,,,Fintepla (fenfluramine) is indicated for the treatment of seizures associated with Dravet syndrome in patients 2 years of age and older.,06/25/2020,06/25/2027,For the treatment of seizures associated with Dravet syndrome in patients 2 years of age and older.,"UCB, Inc.","1950 Lake Park Drive, Bldg 2100",,Smyrna,Georgia,' 30080 ' ,United States,414613.0
fidaxomicin,Dificid,12/13/2010,Treatment of pediatric Clostridium difficile infection,Designated/Approved,,,DIFICID is indicated in adult and pediatric patients aged 6 months and older for the treatment of C. difficile-associated diarrhea (CDAD).,01/24/2020,01/24/2027,Dificid (fidaxomicin) is indicated for pediatric patients aged 6 months and older for the treatment of C. difficile-associated diarrhea (CDAD).,"Cubist Pharmaceuticals LLC, a subsidiary of Merck Sharp & Dohme LLC",20 Weystrasse,,Luzern,Luzern,' ' ,Switzerland,325210.0
Filgrastim,Neupogen,1990-01-10 00:00:00,Treatment of neutropenia associated with bone marrow transplants.,Designated/Approved,,,Reduce the duration of neutropenia and neutropenia sequelae in patients with non-myeloid malignancies undergoing ablative chemotherapy followed by BMT.,06/15/1994,06/15/2001,,"Amgen, Inc.",1840 Dehavilland Drive,,Thousand Oaks,California,' 91320 ' ,United States,50090.0
filgrastim,Neupogen,11/20/2013,Treatment of subjects at risk of developing myelosuppression after a radiological or nuclear incident,Designated/Approved,,,To increase survival in patients acutely exposed to myelosuppressive doses of radiation (Hematopoietic Syndrome of Acute Radiation Syndrome).,03/30/2015,03/30/2022,To increase survival in patients acutely exposed to myelosuppressive doses of radiation (Hematopoietic Syndrome of Acute Radiation Syndrome).,"Amgen, Inc.",One Amgen Center Drive,M/S 17-1-C,Thousand Oaks,California,' 91320 ' ,United States,413113.0
Filgrastim,Neupogen,07/17/1995,For use in the mobilization of peripheral blood progenitor cells for collection in patients who will receive myeloablative or myelosuppressive chemotherapy.,Designated/Approved,,,For use in the mobilization of hematopoietic progenitor cells into the peripheral blood collection by leukapheresis.,12/28/1995,12/28/2002,,"Amgen, Inc.",1840 Dehavilland Drive,,Thousand Oaks,California,' 91320 ' ,United States,89395.0
Filgrastim,Neupogen,1990-07-11 00:00:00,Treatment of patients with severe chronic neutropenia (absolute neutrophil count less than 500/mm3).,Designated/Approved,,,Treatment of patients with severe chronic neutropenia.,12/19/1994,12/19/2001,,"Amgen, Inc.",1840 Dehavilland Drive,,Thousand Oaks,California,' 91320 ' ,United States,49390.0
Filgrastim,Neupogen,1996-07-11 00:00:00,"Reduction in the duration of neutropenia, fever, antibiotic use, and hospitalization, following induction and consolidation treatment for acute myeloid leukemia.",Designated/Approved,,,"Reducing the time to neutrophil recovery and the duration of fever, following induction or consolidation chemotherapy treatment of adults with acute myeloid leukemia.",1998-02-04 00:00:00,2005-02-04 00:00:00,,"Amgen, Inc.",One Amgen Center Dr.,,Thousand Oaks,California,' 91320 ' ,United States,101096.0
fish oil triglycerides,Omegaven,02/27/2008,Treatment of parenteral nutrition-associated liver disease,Designated/Approved,,,Omegaven is indicated as a source of calories and fatty acids in pediatric patients with parenteral nutrition-associated cholestasis (PNAC),07/27/2018,07/27/2025,Omegaven is indicated as a source of calories and fatty acids in pediatric patients with parenteral nutrition-associated cholestasis (PNAC),"Fresenius Kabi USA, LLC",3 Corporate Drive,,Lake Zurich,Illinois,' 60047 ' ,United States,251507.0
fitusiran,Qfitlia,2013-12-08 00:00:00,Treatment of hemophilia B,Designated/Approved,,,routine prophylaxis to prevent or reduce the frequency of bleeding episodes in adult and pediatric patients aged 12 years and older with hemophilia A or B with or without factor VIII or IX inhibitors,03/28/2025,03/28/2032,routine prophylaxis to prevent or reduce the frequency of bleeding episodes in adult and pediatric patients aged 12 years and older with hemophilia B with or without factor IX inhibitors,Genzyme Corporation,500 Kendall Street,,Cambridge,Massachusetts,' 02142 ' ,United States,402913.0
fitusiran,Qfitlia,08/16/2013,Treatment of hemophilia A,Designated/Approved,,,for routine prophylaxis to prevent or reduce the frequency of bleeding episodes in adult and pediatric patients aged 12 years and older with hemophilia A or B with or without factor VIII or IX inhibitors,03/28/2025,03/28/2032,for routine prophylaxis to prevent or reduce the frequency of bleeding episodes in adult and pediatric patients aged 12 years and older with hemophilia A with or without factor VIII inhibitors,Genzyme Corporation,500 Kendall Street,,Cambridge,Massachusetts,' 02142 ' ,United States,402813.0
Fludarabine phosphate,Fludara,04/18/1989,"Treatment of chronic lymphocytic leukemia (CLL), including refractory CLL.",Designated/Approved,,,,04/18/1991,04/18/1998,,"Berlex Laboratories, Inc.","15049 San Pablo Avenue, P.O. Box 4099",,Richmond,California,' 94804 ' ,United States,27688.0
Fluocinolone,Retisert,07/31/2000,Treatment uveitis involving the posterior segment of the eye.,Designated/Approved,,,Treatment of chronic non-infectious uveitis affecting the posterior segment of the eye,2005-08-04 00:00:00,2012-08-04 00:00:00,,"Bausch & Lomb Pharmaceuticals, Inc.",8500 Hidden River Parkway,,Tampa,Florida,' 33637 ' ,United States,132800.0
"Follitropin alfa, recombinant",Gonal-F,12/21/1998,For the induction of spermatogenesis in men with primary and secondary hypogonadotropic hypogonadism in whom the cause of infertility is not due to primary testicular failure,Designated/Approved,,,For the induction of spermatogenesis in men with primary and secondary hypogonadotropic hypogonadism in whom the cause of infertility is not due to primary testicular failure.,05/24/2000,05/24/2007,,"EMD Serono, Inc.",One Technology Place,,Rockland,Massachusetts,' 02370 ' ,United States,119398.0
foscarbidopa and foslevodopa,Vyalev,01/18/2000,Treatment of late stage Parkinson's disease,Designated/Approved,,,treatment of motor fluctuations in adults with advanced Parkinson's disease (PD),10/16/2024,,,"AbbVie, Inc.",1 N. Waukegan Road,Building AP30-1,North Chicago,Illinois,' 60064 ' ,United States,129499.0
fosdenopterin,Nulibry,2009-05-11 00:00:00,Treatment of molybdenum cofactor deficiency type A (MoCD),Designated/Approved,,,to reduce the risk of mortality in patients with molybdenum cofactor deficiency (MoCD) Type A,02/26/2021,02/26/2028,to reduce the risk of mortality in patients with molybdenum cofactor deficiency (MoCD) Type A,"Origin Biosciences, Inc.",75 Park Plaza,,Boston,Massachusetts,' 02116 ' ,United States,291209.0
Fosphenytoin,Cerebyx,1991-04-06 00:00:00,For the acute treatment of patients with status epilepticus of the grand mal type.,Designated/Approved,,,For the control of generalized convulsive status epilepticus.,1996-05-08 00:00:00,2003-05-08 00:00:00,,Warner-Lambert Company,2800 Plymouth Road,,Ann Arbor,Michigan,' 48106 ' ,United States,55790.0
futibatinib,Lytgobi,05/23/2018,Treatment of cholangiocarcinoma (CCA),Designated/Approved,,,"Treatment of adult patients with previously treated, unresectable, locally advanced or metastatic intrahepatic cholangiocarcinoma harboring fibroblast growth factor receptor 2 (FGFR2) gene fusions or other rearrangements",09/30/2022,09/30/2029,"Treatment of adult patients with previously treated, unresectable, locally advanced or metastatic intrahepatic cholangiocarcinoma harboring fibroblast growth factor receptor 2 (FGFR2) gene fusions or other rearrangements","Taiho Oncology, Inc.","101 Carnegie Center, Suite 101",,Princeton,New Jersey,' 08540 ' ,United States,635018.0
gabapentin,Gralise,2010-08-11 00:00:00,Management of postherpetic neuralgia,Designated/Approved,,,For the management of postherpetic neuralgia,01/28/2011,01/28/2018,,Golf Acquiror LLC,44 Whippany Road,Suite 300,Morristown,New Jersey,' 07960 ' ,United States,236506.0
gabapentin enacarbil,Horizant,2011-07-06 00:00:00,Treatment of postherpetic neuralgia,Designated/Approved,,,Management of postherpetic neuralgia in adults.,2012-06-06 00:00:00,2019-06-06 00:00:00,,"Arbor Pharmaceuticals, LLC",6 Concourse Parkway,Suite 1800,Atlanta,Georgia,' 30328 ' ,United States,330710.0
Gallium nitrate injection,Ganite,1988-05-12 00:00:00,Treatment of hypercalcemia of malignancy.,Designated/Approved/Designation Withdrawn or Revoked,,,,01/17/1991,01/17/1998,,Solopak Pharmaceutical Co.,1845 Tonne Road,,Elk Grove Village,Illinois,' 60007 ' ,United States,24487.0
"Gallium [Ga-68]-N-[(4,7,10-Tricarboxymethyl-1,4,7,10-tetraazacyclododec-1-yl)acetyl]-D-phenylalanyl-L-cysteinyl-L-tyrosyl-D-tryptophanyl-L-lysyl-L-threoninyl-L-cysteinyl-L-threonine-cyclic(2-7)disulfide",NETSPOT,12/31/2013,Diagnostic for the clinical management of neuroendocrine tumors,Designated/Approved,,,"For use after radiolabeling with Ga 68, with positron emission tomography (PET) for localization of somatostatin receptor positive neuroendocrine tumors (NETs) in adult and pediatric patients.",2016-01-06 00:00:00,2023-01-06 00:00:00,A radioactive diagnostic agent indicated for use with with positron emission tomography (PET) for localization of somatostatin receptor positive neuroendocrine tumors (NETs) in adult and pediatric patients.,"Advanced Accelerator Applications, USA",57 East Willow Street,,Millburn,New Jersey,' 07041 ' ,United States,413613.0
ganaxolone,Ztalmy,06/28/2017,Treatment of cyclin-dependent kinase-like 5 (CDKL5) gene-related early-onset infantile epileptic encephalopathy,Designated/Approved,,,Treatment of seizures associated with cyclin-dependent kinase-like 5 (CDKL5) deficiency disorder (CDD) in patients 2 years of age and older,2022-01-06 00:00:00,2029-01-06 00:00:00,Treatment of seizures associated with cyclin-dependent kinase-like 5 (CDKL5) deficiency disorder (CDD) in patients 2 years of age and older,Marinus Pharmaceuticals,170 North Radnor Chester Road,Suite 250,Radnor,Pennsylvania,' 19087 ' ,United States,578017.0
ganciclovir,Zirgan,03/22/2007,Treatment of acute herpetic keratitis (dendritic and geographic ulcers),Designated/Approved,,,Treatment of acute herpetic keratitis (dendritic ulcers),09/15/2009,09/15/2016,,"Sirion Therapeutics, Inc.",9314 East Broadway Avenue,,Tampa,Florida,' 33619 ' ,United States,237607.0
Ganciclovir sodium,Cytovene,10/31/1985,Treatment of cytomegalovirus retinitis in immunocompromised patients with AIDS.,Designated/Approved/Designation Withdrawn or Revoked,,,,06/23/1989,06/23/1996,,"Syntex (USA), Inc.",3401 Hillview Avenue,,Palo Alto,California,' 94304 ' ,United States,7985.0
gefitinib,Iressa,08/26/2014,Treatment of epidermal growth factor receptor mutation-positive non-small cell lung cancer,Designated/Approved,,,For the first-line treatment of patients with metastatic non-small cell lung cancer (NSCLC) whose tumors have epidermal growth factor receptor (EGFR) exon 19 deletions or exon 21 (L858R) substitution mutations as detected by an FDA-approved test,07/13/2015,07/13/2022,For the first-line treatment of patients with metastatic non-small cell lung cancer (NSCLC) whose tumors have epidermal growth factor receptor (EGFR) exon 19 deletions or exon 21 (L858R) substitution mutations as detected by an FDA-approved test,AstraZeneca Pharmaceuticals LP,1800 Concord Pike,P. O. Box 8355,Wilmington,Delaware,' 19803 ' ,United States,443014.0
Gemtuzumab ozogamicin,Mylotarg,11/24/1999,Treatment of acute myeloid leukemia,Designated/Approved,,,Treatment of patients with CD33 positive acute myeloid leukemia in first relapse who are 60 years of age or older and who are not considered candidates for cytotoxic chemotherapy,05/17/2000,05/17/2007,,"Wyeth Pharmaceuticals, Inc., a Pfizer Company",10646 Science Center Drive,,San Diego,California,' 92121 ' ,United States,127899.0
Gemtuzumab ozogamicin,Mylotarg,11/24/1999,Treatment of acute myeloid leukemia,Designated/Approved,,,Mylotarg is indicated for the treatment of newly-diagnosed CD33-positive acute myeloid leukemia in adults and pediatric patients 1 month and older and treatment of relapsed or refractory CD33-positive acute myeloid leukemia in adults and in pediatric patients 2 years and older.,06/16/2020,06/16/2027,For the treatment of newly-diagnosed CD33-positive acute myeloid leukemia in pediatric patients 1 month and older,"Wyeth Pharmaceuticals, Inc., a Pfizer Company",10646 Science Center Drive,,San Diego,California,' 92121 ' ,United States,127899.0
Gemtuzumab ozogamicin,Mylotarg,11/24/1999,Treatment of acute myeloid leukemia,Designated/Approved,,,Treatment of newly-diagnosed CD33-positive acute myeloid leukemia in adults and treatment of relapsed or refractory CD33-positive acute myeloid leukemia in adults and in pediatric patients 2 years and older,2017-01-09 00:00:00,2024-01-09 00:00:00,Treatment of newly-diagnosed CD33-positive acute myeloid leukemia in adults and treatment of relapsed or refractory CD33-positive acute myeloid leukemia in adults and in pediatric patients 2 years and older,"Wyeth Pharmaceuticals, Inc., a Pfizer Company",10646 Science Center Drive,,San Diego,California,' 92121 ' ,United States,127899.0
gilteritinib,XOSPATA,07/13/2017,Treatment of acute myeloid leukemia (AML),Designated/Approved,,,XOSPATA is indicated for the treatment of adult patients who have relapsed or refractory acute myeloid leukemia (AML) with a FMS-like tyrosine kinase 3 (FLT3) mutation as detected by an FDA-approved test.,11/28/2018,11/28/2025,XOSPATA is indicated for the treatment of adult patients who have relapsed or refractory acute myeloid leukemia (AML) with a FMS-like tyrosine kinase 3 (FLT3) mutation as detected by an FDA-approved test.,"Astellas Pharma US, Inc.",1 Astellas Way,,Northbrook,Illinois,' 60062 ' ,United States,587217.0
givinostat,Duvyzat,2013-12-04 00:00:00,Treatment of Duchenne Muscular Dystrophy and Becker Muscular Dystrophy,Designated/Approved,,,treatment of Duchenne muscular dystrophy (DMD) in patients 6 years of age and older,03/21/2024,03/21/2031,treatment of Duchenne muscular dystrophy (DMD) in patients 6 years of age and older,Italfarmaco SpA,"Via dei Lavoratori, 54",,20092 Cinisello Balsamo,,' ' ,Italy,391613.0
givosiran,GIVLAARI,08/29/2016,Treatment of acute hepatic porphyria,Designated/Approved,,,GIVLAARI is indicated for the treatment of adults with acute hepatic porphyria (AHP).,11/20/2019,11/20/2026,Indicated for the treatment of adults with acute hepatic porphyria (AHP).,"Alnylam Pharmaceuticals, Inc.",101 Main Street,,Cambridge,Massachusetts,' 02142 ' ,United States,535516.0
Glasdegib,DAURISMO,06/28/2017,Treatment of acute myeloid leukemia (AML),Designated/Approved,,,"DAURISMO is indicated, in combination with low-dose cytarabine, for the treatment of newly-diagnosed acute myeloid leukemia (AML) in adult patients who are >75 years old or who have comorbidities that preclude use of intensive induction chemotherapy.",11/21/2018,11/21/2025,"DAURISMO is indicated, in combination with low-dose cytarabine, for the treatment of newly-diagnosed acute myeloid leukemia (AML) in adult patients who are >75 years old or who have comorbidities that preclude use of intensive induction chemotherapy.","Pfizer, Inc.",445 Eastern Point Road,,Groton,Connecticut,' 06340 ' ,United States,585517.0
glatiramer acetate,Copaxone,1987-09-11 00:00:00,Treatment of multiple sclerosis,Designated/Approved,,,For reduction of the frequency of relapses in patients with relapsing-remitting multiple sclerosis.,12/20/1996,12/20/2003,,Teva Pharmaceuticals USA,1510 Delp Drive,,Kulpsville,Pennsylvania,' 19443 ' ,United States,24087.0
glecaprevir and pibrentasvir,MAVYRET,2017-09-01 00:00:00,Treatment of pediatric patients with chronic hepatitis C virus infection,Designated/Approved,,,"MAVYRET is indicated for the treatment of adult and pediatric patients 12 years and older or weighing at least 45 kg with chronic hepatitis C virus (HCV) genotype 1, 2, 3, 4, 5 or 6 infection without cirrhosis or with compensated cirrhosis (Child-Pugh A). MAVYRET is also indicated for the treatment of adult and pediatric patients 12 years and older or weighing at least 45 kg with HCV genotype 1 infection, who previously have been treated with a regimen containing an HCV NS5A inhibitor or an NS3/4A protease inhibitor (PI), but not both.",04/30/2019,04/30/2026,"For the treatment of pediatric patients 12 years and older or weighing at least 45 kg with chronic hepatitis C virus (HCV) genotype 1, 2, 3, 4, 5 or 6 infection without cirrhosis or with compensated cirrhosis (Child-Pugh A), and also for the treatment of pediatric patients 12 years and older or weighing at least 45 kg with HCV genotype 1 infection, who previously have been treated with a regimen containing an HCV NS5A inhibitor or an NS3/4A protease inhibitor (PI), but not both.","AbbVie, Inc.",1 North Waukegan Road,,North Chicago,Illinois,' 60044 ' ,United States,550516.0
glecaprevir and pibrentasvir,Mavyret,2017-09-01 00:00:00,Treatment of pediatric patients with chronic hepatitis C virus infection,Designated/Approved,,,"treatment of adult and pediatric patients 3 years and older with chronic hepatitis C virus (HCV) genotype 1, 2, 3, 4, 5 or 6 infection without cirrhosis or with compensated cirrhosis (Child-Pugh A), and treatment of adult and pediatric patients 3 years and older with HCV genotype 1 infection, who previously have been treated with a regimen containing an HCV NS5A inhibitor or an NS3/4A protease inhibitor (PI), but not both",2021-10-06 00:00:00,2028-10-06 00:00:00,"treatment of pediatric patients 3 years of age to less than 12 years of age weighing less than 45 kg with chronic hepatitis C virus (HCV) genotype 1, 2, 3, 4, 5 or 6 infection without cirrhosis or with compensated cirrhosis (Child-Pugh A), and treatment of pediatric patients 3 years of age to less than 12 years of age weighing less than 45 kg with HCV genotype 1 infection, who previously have been treated with a regimen containing an HCV NS5A inhibitor or an NS3/4A protease inhibitor (PI), but not both","AbbVie, Inc.",1 North Waukegan Road,,North Chicago,Illinois,' 60044 ' ,United States,550516.0
glucarpidase,Voraxaze,08/19/2003,Treatment of patients at risk of methotrexate toxicity,Designated/Approved,,,Treatment of toxic (>1 micromole/liter) plasma methotrexate concentrations in patients with delayed methotrexate clearance due to impaired renal function.,01/17/2012,01/17/2019,,BTG International Inc.,5214 Maryland Way,Suite 405,Brentwood,Tennessee,' 37027 ' ,United States,163702.0
Glutamine,NutreStore,1995-06-03 00:00:00,For use with human growth hormone in the treatment of short bowel syndrome (nutrient malabsorption from the gastrointestinal tract resulting from an inadequate absorptive surface).,Designated/Approved,,,Treatment of short bowel syndrome in patients receiving specialized nutritional support when used in conjunction with a recombinant human growth hormone that is approved for this indication.,2004-10-06 00:00:00,2011-10-06 00:00:00,,"Emmaus Medical, Inc.",20725 S. Western Avenue,Suite 136,Torrence,California,' 90501 ' ,United States,85794.0
glycerol phenylbutyrate,RAVICTI,04/27/2009,Maintenance treatment of patients with deficiencies in enzymes of the urea cycle,Designated/Approved,,,"Use as a nitrogen-binding agent for chronic management of adult and pediatric patients > or =2 years of age with urea cycle disorders (UCDs) who cannot be managed by dietary protein restriction and/or amino acid supplementation alone. RAVICTI must be used with dietary protein restriction and, in some cases, dietary supplements (eg, essential amino acids, arginine, citrulline, protein-free calorie supplements).",2013-01-02 00:00:00,2020-01-02 00:00:00,"Use as a nitrogen-binding adjunctive therapy for chronic management of adult and pediatric patients at least 2 years of age with urea cycle disorders (UCDs) that cannot be managed by dietary protein restriction and/or amino acid supplementation alone. RAVICTI must be used with dietary protein restriction and, in some cases, dietary supplements (eg, essential amino acids, arginine, citrulline, protein-free calorie supplements).","Horizon Pharma USA, INc.",150 South Saunders Road,Suite 400,Lake Forest,Illinois,' 60045 ' ,United States,203505.0
glycerol phenylbutyrate,RAVICTI,04/27/2009,Maintenance treatment of patients with deficiencies in enzymes of the urea cycle,Designated/Approved,,,For use as a nitrogen-binding agent for chronic management of patients 2 months of age and older with urea cycle disorders (UCDs) who cannot be managed by dietary protein restriction and/or amino acid supplementation alone.,04/28/2017,04/28/2024,For use as a nitrogen-binding agent for chronic management of pediatric patients > or =2 months and,"Horizon Pharma USA, INc.",150 South Saunders Road,Suite 400,Lake Forest,Illinois,' 60045 ' ,United States,203505.0
glycopyrrolate,Cuvposa,2006-09-06 00:00:00,Treatment of pathologic (chronic moderate to severe) drooling in pediatric patients,Designated/Approved,,,To reduce chronic drooling in patients aged 3 - 16 with neurologic conditions associated with problem drooling (e.g. cerebral palsy),07/28/2010,07/28/2017,,"Shionogi, Inc.",300 Campus Drive,,Florham,New Jersey,' 07932 ' ,United States,204105.0
golimumab,SIMPONI ARIA,2015-02-04 00:00:00,Treatment of polyarticular juvenile idiopathic arthritis in patients 0 through 18 years of age.,Designated/Approved,,,treatment of active polyarticular juvenile idiopathic arthritis (pJIA) in patients 2 years of age and older,09/29/2020,09/29/2027,treatment of active polyarticular juvenile idiopathic arthritis (pJIA) in patients 2 to 18 years of age,"Janssen Research & Development, LLC",1400 McKean Road,,Spring House,Pennsylvania,' 19477 ' ,United States,325610.0
golodirsen,VYONDYS 53,05/22/2018,Treatment of Duchenne muscular dystrophy (DMD),Designated/Approved,,,VYONDYS 53 is indicated for the treatment of Duchenne muscular dystrophy (DMD) in patients who have a confirmed mutation of the DMD gene that is amenable to exon 53 skipping.,2019-12-12 00:00:00,2026-12-12 00:00:00,Indicated for the treatment of Duchenne muscular dystrophy (DMD) in patients who have a confirmed mutation of the DMD gene that is amenable to exon 53 skipping,"Sarepta Therapeutics, Inc.",215 First Street,,Cambridge,Massachusetts,' 02142 ' ,United States,636818.0
Halofantrine,Halfan,1991-04-11 00:00:00,Treatment of mild to moderate acute malaria caused by susceptible strains of P. falciparum and P. vivax.,Designated/Approved,,,Treatment of adults who can tolerate oral medication and who have mild to moderate malaria caused by Plasmodium falciparum or Plasmodium vivax.,07/24/1992,07/24/1999,,SmithKline Beecham Pharmaceuticals,One Franklin Plaza,P.O. Box 7929,Philadelphia,Pennsylvania,' 19101 ' ,United States,61791.0
Histrelin,Supprelin LA,11/18/2005,Treatment of central precocious puberty,Designated/Approved,,,Treatment of central precocious puberty,2007-03-05 00:00:00,2014-03-05 00:00:00,,"Endo Pharmaceuticals Solutions, Inc.",100 Endo Blvd,,Chadds Ford,Pennsylvania,' 19317 ' ,United States,212605.0
Hydrocortisone,ALKINDI SPRINKLE,05/13/2015,Treatment of pediatric adrenal insufficiency (0 through 16 years of age).,Designated/Approved,,,ALKINDI SPRINKLE is indicated as replacement therapy in pediatric patients with adrenocortical insufficiency,09/29/2020,,,"Eton Pharmaceuticals, Inc.","21925 West Field Parkway, Suite 235",,Deer Park,Illinois,' 60010 ' ,United States,441614.0
Hydroxocobalamin,Cyanokit,11/25/2003,Treatment of acute cyanide poisoning,Designated/Approved,,,Treatment on known or suspected cyanide poisoning,12/15/2006,12/15/2013,,"SERB, S.A.",480 Avenue Louise,,Brussels,Brussels,' ' ,Belgium,177403.0
hydroxycarbamide (hydroxyurea),Siklos,07/24/2013,Treatment of sickle cell disease in patients under 18 years of age,Designated/Approved,,,"To reduce the frequency of painful crises and to reduce the need for blood transfusions in pediatric patients, 2 years of age and older, with sickle cell anemia with recurrent moderate to severe painful crises",12/21/2017,12/21/2024,"To reduce the frequency of painful crises and to reduce the need for blood transfusions in pediatric patients, 2 years of age and older, with sickle cell anemia with recurrent moderate to severe painful crises",Theravia Pharma,16 rue Montrosier,,Neuilly-sur-Seine,,' 992200 ' ,France,400413.0
hydroxyurea,Xromi,2017-02-03 00:00:00,Treatment of sickle cell anemia in pediatric patients,Designated/Approved,,,"to reduce the frequency of painful crises and reduce the need for blood transfusions in pediatric patients aged 6 months of age to less than 2 years, with sickle cell anemia with recurrent moderate to severe painful crises",2024-04-04 00:00:00,2031-04-04 00:00:00,"to reduce the frequency of painful crises and reduce the need for blood transfusions in pediatric patients aged 6 months of age to less than 2 years, with sickle cell anemia with recurrent moderate to severe painful crises",Nova Laboratories Limited,Martin House,Gloucester Crescent,Leicester,Wigston,' ' ,United Kingdom,555116.0
hydroxyurea,Xromi,2017-02-03 00:00:00,Treatment of sickle cell anemia in pediatric patients,Designated/Approved,,,to reduce the frequency of painful crises and reduce the need for blood transfusions in pediatric patients 6 months of age and older with sickle cell anemia with recurrent moderate to severe painful crises,12/23/2024,,,Nova Laboratories Limited,Martin House,Gloucester Crescent,Leicester,Wigston,' ' ,United Kingdom,555116.0
ibalizumab,Trogarzo,10/20/2014,Treatment of HIV-1 infection in treatment experienced adult patients with documented multi-antiretroviral class resistance and evidence of HIV-1 replication despite ongoing antiretroviral therapy,Designated/Approved,,,"TROGARZO, in combination with other antiretroviral(s), is indicated for the treatment of human immunodeficiency virus type 1 (HIV-1) infection in heavily treatment-experienced adults with multidrug resistant HIV-1 infection failing their current antiretroviral regimen.",2018-06-03 00:00:00,2025-06-03 00:00:00,"TROGARZO, in combination with other antiretroviral(s), is indicated for the treatment of human immunodeficiency virus type 1 (HIV-1) infection in heavily treatment-experienced adults with multidrug resistant HIV-1 infection failing their current antiretroviral regimen.",Theratechnologies Inc.,2015 Peel Street,5th Floor,Montreal,,' ' ,Canada,321910.0
ibritumomab tiuxetan,Zevalin,1994-06-09 00:00:00,Treatment of B-cell non-Hodgkin's lymphoma.,Designated/Approved,,,"Treatment of patients with relapsed or refractory low-grade, follicular, or transformed B-cell non-Hodgkin's lymphoma, including patients with Rituximab (Rituxan?) refractory follicular non-Hodgkin?s lymphoma",02/19/2002,02/19/2009,,Acrotech Biopharma LLC,279 Princeton Hightstown Road,,East Windsor,New Jersey,' 08520 ' ,United States,84894.0
ibrutinib,Imbruvica,06/23/2016,Treatment of chronic Graft versus Host disease,Designated/Approved,,,Treatment of adult patients with chronic graft versus host disease (cGVHD) after failure of one or more lines of systemic therapy.,2017-02-08 00:00:00,2024-02-08 00:00:00,Treatment of adult patients with chronic graft versus host disease (cGVHD) after failure of one or more lines of systemic therapy.,"Pharmacyclics, LLC",995 East Arques Avenue,,Sunnyvale,California,' 94085 ' ,United States,525616.0
ibrutinib,Imbruvica,2015-05-02 00:00:00,Treatment of splenic marginal zone lymphoma,Designated/Approved,,,Treatment of patients with Marginal Zone Lymphoma (MZL) who require systemic therapy and have received at least one prior anti-CD20-based therapy (indication withdrawn),01/18/2017,05/18/2023,Treatment of patients with Marginal Zone Lymphoma (MZL) who require systemic therapy and have received at least one prior anti-CD20-based therapy (indication withdrawn),"Pharmacyclics, LLC",1000 Gateway Blvd,,South San Francisco,California,' 94080 ' ,United States,462314.0
ibrutinib,Imbruvica,2016-02-02 00:00:00,Treatment of patients with extranodal marginal zone lymphoma (mucosa associated lymphoid tissue [MALT type] lymphoma),Designated/Approved,,,Treatment of patients with Marginal Zone Lymphoma (MZL) who require systemic therapy and have received at least one prior anti-CD20-based therapy (indication withdrawn),01/18/2017,05/18/2023,Treatment of patients with Marginal Zone Lymphoma (MZL) who require systemic therapy and have received at least one prior anti-CD20-based therapy (indication withdrawn),"Pharmacyclics, LLC",1000 Gateway Blvd,,South San Francisco,California,' 94080 ' ,United States,462114.0
ibrutinib,Imbruvica,2015-05-02 00:00:00,Treatment of nodal marginal zone lymphoma,Designated/Approved,,,Treatment of patients with Marginal Zone Lymphoma (MZL) who require systemic therapy and have received at least one prior anti-CD20-based therapy (indication withdrawn),01/18/2017,05/18/2023,Treatment of patients with Marginal Zone Lymphoma (MZL) who require systemic therapy and have received at least one prior anti-CD20-based therapy (indication withdrawn),"Pharmacyclics, LLC",1000 Gateway Blvd,,South San Francisco,California,' 94080 ' ,United States,462214.0
ibrutinib,Imbruvica,06/23/2016,Treatment of chronic Graft versus Host disease,Designated/Approved,,,Treatment of adult and pediatric patients age 1 year and older with chronic graft-versus-host disease (cGVHD) after failure of one or more lines of systemic therapy,08/24/2022,08/24/2029,Treatment of pediatric patients age 1 year and older with chronic graft-versus-host disease (cGVHD) after failure of one or more lines of systemic therapy,"Pharmacyclics, LLC",995 East Arques Avenue,,Sunnyvale,California,' 94085 ' ,United States,525616.0
ibrutinib,Imbruvica,10/15/2013,Treatment of Waldenstrom's macroglobulinemia,Designated/Approved,,,Treatment of patients with Waldenstrom's macroglobulinemia,01/29/2015,01/29/2022,Treatment of patients with Waldenstrom's macroglobulinemia,"Pharmacyclics, LLC",995 E. Arques Avenue,,Sunnyvale,California,' 94085 ' ,United States,407413.0
ibrutinib,IMBRUVICA,05/30/2013,Treatment of small lymphocytic lymphoma,Designated/Approved,,,Indicated for the treatment of patients with chronic lymphocytic leukemia (CLL)/small lymphocytic lymphoma (SLL) and indicated for the treatment of patients with chronic lymphocytic leukemia (CLL)/small lymphocytic leukemia (SLL) with 17p deletion.,2016-06-05 00:00:00,2023-06-05 00:00:00,For treatment of patients with small lymphocytic lymphoma (SLL),"Pharmacyclics, LLC",995 E. Arques Avenue,,Sunnyvale,California,' 94085 ' ,United States,395513.0
ibrutinib,Imbruvica,2012-03-12 00:00:00,Treatment of mantle cell lymphoma,Designated/Approved,,,Treatment of patients with mantle cell lymphoma (MCL) who have received at least one prior therapy,11/13/2013,11/13/2020,Treatment of patients with mantle cell lymphoma (MCL) who have received at least one prior therapy,"Pharmacyclics, LLC",995 E. Arques Avenue,,Sunnyvale,California,' 94085 ' ,United States,383112.0
ibrutinib,Imbruvica,2012-06-04 00:00:00,Treatment of chronic lymphocytic leukemia (CLL),Designated/Approved,,,Indicated for the treatment of patients with chronic lymphocytic leukemia,2016-04-03 00:00:00,2023-04-03 00:00:00,Indicated for the treatment of patients with chronic lymphocytic leukemia without 17p deletion who have not received at least one prior therapy (first line therapy).,"Pharmacyclics, LLC",995 E. Arques Avenue,,Sunnyvale,California,' 94085 ' ,United States,368012.0
ibrutinib,Imbruvica,2012-06-04 00:00:00,Treatment of chronic lymphocytic leukemia (CLL),Designated/Approved,,,Treatment of patients with chronic lymphocytic leukemia (CLL) who have received at least one prior therapy and treatment of patients with chronic lymphocytic leukemia (CLL) with 17p deletion,07/28/2014,07/28/2021,Treatment of chronic lymphocytic leukemia with 17p deletion who have not received at least one prior therapy,"Pharmacyclics, LLC",995 E. Arques Avenue,,Sunnyvale,California,' 94085 ' ,United States,368012.0
ibrutinib,Imbruvica,2012-06-04 00:00:00,Treatment of chronic lymphocytic leukemia (CLL),Designated/Approved,,,Treatment of patients with chronic lymphocytic leukemia (CLL) who have received at least one prior therapy,2014-12-02 00:00:00,2021-12-02 00:00:00,Treatment of patients with chronic lymphocytic leukemia (CLL) who have received at least one prior therapy,"Pharmacyclics, LLC",995 E. Arques Avenue,,Sunnyvale,California,' 94085 ' ,United States,368012.0
Ibuprofen lysine,NeoProfen,10/29/1996,Treatment of patent ductus arteriosus,Designated/Approved,,,"For closure of a clinically significant patent ductus arteriosus in premature infants weighing between 500 and 1500 g, who are no more than 32 weeks gestational age when usual medical management (e.g., fluid restriction, diuretics, respiratory support, etc.) is ineffective",04/13/2006,04/13/2013,,"Lundbeck, Inc.",Four Parkway North,,Deerfield,Illinois,' 60015 ' ,United States,101496.0
icatibant,Firazyr,11/25/2003,Treatment of angioedema,Designated/Approved,,,Treatment of acute attacks of hereditary angioedema in adults 18 years of age and older,08/25/2011,08/25/2018,,"Takeda Development Center Americas, Inc.",500 Kendall Street,,Cambridge,Massachusetts,' 02142 ' ,United States,176203.0
Idarubicin HCl for injection,Idamycin,07/25/1988,"Treatment of acute myelogenous leukemia, also referred to as acute nonlymphocytic leukemia.",Designated/Approved,,,,09/27/1990,09/27/1997,,"Adria Laboratories, Inc.",P.O. Box 16529,,Columbus,Ohio,' 43216 ' ,United States,29388.0
idelalisib,Zydelig,09/26/2013,Treatment of follicular lymphoma,Designated/Approved,,,Zydelig is indicated for the treatment of patients with relapsed follicular B-cell non-Hodgkin lymphoma (FL) who have received at least two prior systemic therapies.,07/23/2014,07/23/2021,Relapsed follicular B-cell non-Hodgkin lymphoma (FL) in patients who have received at least two prior systemic therapies.,"Gilead Sciences, Inc.",199 E. Blaine St,,Seattle,Washington,' 98102 ' ,United States,405813.0
idelalisib,Zydelig,10/15/2013,Treatment of chronic lymphocytic leukemia and small lymphocytic lymphoma,Designated/Approved,,,"Zydelig is indicated, in combination with rituximab, for the treatment of patients with relapsed chronic lymphocytic leukemia (CLL) for whom rituximab alone would be considered appropriate therapy due to other co-morbidities; and Zydelig is indicated for the treatment of patients with relapsed small lymphocytic lymphoma (SLL) who have received at least two prior systemic therapies.",07/23/2014,07/23/2021,"(1) Relapsed chronic lymphocytic leukemia (CLL), in combination with rituximab, in patients for whom rituximab alone would be considered appropriate therapy due to other co-morbidities; and (2) Relapsed small lymphocytic lymphoma (SLL) in patients who have received at least two prior systemic therapies.","Gilead Sciences, Inc.",199 E. Blaine St,,Seattle,Washington,' 98102 ' ,United States,405913.0
idursulfase,Elaprase,11/28/2001,Long term enzyme replacement therapy for patients with mucopolysaccharidosis II (Hunter Syndrome),Designated/Approved,,,"Indicated for patients with Hunter syndrome (mucopolysaccharidosis II, MPS II). Idursulfase has been shown to improve walking capacity in these patients",07/24/2006,07/24/2013,,"Takeda Pharmaceuticals U.S.A., Inc.",500 Kendall Street,,Cambridge,Massachusetts,' 02142 ' ,United States,147301.0
iloprost,Aurlumyn,06/29/2022,Treatment of frostbite,Designated/Approved,,,treatment of severe frostbite in adults to reduce the risk of digit amputations,02/13/2024,02/13/2031,treatment of severe frostbite in adults to reduce the risk of digit amputations,BTG International Inc.,300 Four Falls Corporate Center,"300 Conshohocken State Road, Suite 300",West Conshohocken,Pennsylvania,' 19428 ' ,United States,886722.0
Iloprost inhalation solution,Ventavis,08/17/2004,Treatment of pulmonary arterial hypertension,Designated/Approved,,,Treatment of pulmonary arterial hypertension (WHO Group I) in patients with NYHA Class III or IV symptoms,12/29/2004,12/29/2011,,"CoTherix, Inc.",5000 Shoreline Court,,South San Francisco,California,' 94080 ' ,United States,186904.0
imatinib,Gleevec,2005-11-10 00:00:00,Treatment of Philadelphia-positive acute lymphoblastic leukemia,Designated/Approved,,,Pediatric patients with newly diagnosed Philadelphia chromosome-positive acute lymphoblastic leukemia (Ph+ ALL) in combination with chemotherapy,01/25/2013,01/25/2020,Treatment of pediatric patients with newly diagnosed Philadelphia chromosome-positive acute lymphoblastic leukemia (Ph+ ALL) in combination with chemotherapy,Novartis Pharmaceuticals Corporation,One Health Plaza,Mail Code 105/1E870D,East Hanover,New Jersey,' 07936 ' ,United States,208905.0
imatinib,Gleevec,2005-11-10 00:00:00,Treatment of Philadelphia-positive acute lymphoblastic leukemia,Designated/Approved,,,Treatment of adult patients with relapsed or refractory Philadelphia chromosome positive acute lymphoblastic leukemia (Ph+ALL),10/19/2006,10/19/2013,,Novartis Pharmaceuticals Corporation,One Health Plaza,Mail Code 105/1E870D,East Hanover,New Jersey,' 07936 ' ,United States,208905.0
Imatinib,Gleevec,01/31/2001,Treatment of chronic myelogenous leukemia,Designated/Approved,,,"Treatment of patients with chronic myeloid leukemia (CML) in blast crisis, accelerated phase, or in chronic phase after failure of interferon-alpha therapy",2001-10-05 00:00:00,2008-10-05 00:00:00,,Novartis Pharmaceuticals Corporation,59 Route 10,,East Hanover,New Jersey,' 07936 ' ,United States,140100.0
Imatinib mesylate,Gleevec,2005-05-10 00:00:00,Treatment of myeloproliferative disorders/myelodysplastic syndromes associated with platelet-derived growth factor gene re-arrangements,Designated/Approved,,,Treatment of adult patients with myelodysplastic/myeloproliferative diseases (MDS/MPD) associated with PDGFR (platelet-derived growth factor receptor) gene re-arrangements,10/19/2006,10/19/2013,,Novartis Pharmaceuticals Corporation,One Health Plaza,Mail Code 105/1E870D,East Hanover,New Jersey,' 07936 ' ,United States,209105.0
Imatinib mesylate,Gleevec,2005-09-09 00:00:00,Treatment of systemic mastocytosis without the D816V c-kit mutation,Designated/Approved,,,Treatment of adult patients with aggressive mastocytosis (ASM) without the D816V c-Kit mutation or with c-Kit mutational status unknown,10/19/2006,10/19/2013,,Novartis Pharmaceuticals Corporation,One Health Plaza,Mail Code 105/1E870D,East Hanover,New Jersey,' 07936 ' ,United States,209205.0
Imatinib mesylate,Gleevec,08/25/2005,Treatment of idiopathic hypereosinophilic syndrome including acute and chronic eosinophilic leukemia,Designated/Approved,,,Treatment of adult patients with hypereosinophic syndrome (HES) and/or chronic eosinophilic leukemia (CEL) who have the FIP1L1-PDGFR} fusion kinase (mutational analysis or FISH demonstration of CHIC2 allele deletion) and for patients with HES and/or CEL who are FIP1L1-PDGFR} fusion kinase negative or unknown,10/19/2006,10/19/2013,,Novartis Pharmaceuticals Corporation,One Health Plaza,Mail Code 105/1E870D,East Hanover,New Jersey,' 07936 ' ,United States,209005.0
imatinib mesylate,Gleevec,12/19/2005,Treatment of dermatofibrosarcoma protuberans,Designated/Approved,,,"Treatment of adult patients with unresectable, recurrent and/or metastatic dermatofibrosarcoma protuberans (DFSP)",10/19/2006,10/19/2013,,Novartis Pharmaceuticals Corporation,One Health Plaza,Mail Code 105/1E870D,East Hanover,New Jersey,' 07936 ' ,United States,208805.0
imatinib mesylate,Gleevec,2001-01-11 00:00:00,Treatment of gastrointestinal stromal tumors,Designated/Approved,,,Adjuvant treatment of adult patients following complete resection Kit (CD 117) positive gastrointestinal stromal tumors (GIST).,12/19/2008,12/19/2015,,Novartis Pharmaceuticals Corp.,One Health Plaza,Mail Code 105/1E870D,East Hanover,New Jersey,' 07936 ' ,United States,149201.0
imatinib mesylate,Gleevec,2001-01-11 00:00:00,Treatment of gastrointestinal stromal tumors,Designated/Approved,,,Treatment of patients with Kit (CD117) positive unresectable and/or metastatic malignant gastrointestinal stromal tumors (GIST),2002-01-02 00:00:00,2009-01-02 00:00:00,,Novartis Pharmaceuticals Corp.,One Health Plaza,Mail Code 105/1E870D,East Hanover,New Jersey,' 07936 ' ,United States,149201.0
imetelstat,Rytelo,12/23/2015,Treatment of myelodysplastic syndrome,Designated/Approved,,,treatment of adult patients with low- to intermediate-1 risk myelodysplastic syndromes (MDS) with transfusion-dependent anemia requiring 4 or more red blood cell units over 8 weeks who have not responded to or have lost response to or are ineligible for erythropoiesis-stimulating agents (ESA),2024-06-06 00:00:00,2031-06-06 00:00:00,treatment of adult patients with low- to intermediate-1 risk myelodysplastic syndromes (MDS) with transfusion-dependent anemia requiring 4 or more red blood cell units over 8 weeks who have not responded to or have lost response to or are ineligible for erythropoiesis-stimulating agents (ESA),Geron Corporation,"919 E. Hillsdale Blvd., Suite 250",,Foster City,California,' 94404 ' ,United States,501415.0
Imiglucerase,Cerezyme,1991-05-11 00:00:00,"Replacement therapy in patients with types I, II, and III Gaucher's disease.",Designated/Approved,,,Enzyme replacement therapy in patients with type I Gaucher's disease.,05/23/1994,05/23/2001,,Genzyme Corporation,One Kendall Square,,Cambridge,Massachusetts,' 02139 ' ,United States,62491.0
inebilizumab,Uplizna,2016-10-02 00:00:00,Treatment of neuromyelitis optica and neuromyelitis optica spectrum disorders,Designated/Approved,,,Uplizna is indicated for for the treatment of neuromyelitis optica spectrum disorder (NMOSD) in adult patients who are anti-aquaporin-4 (AQP4) antibody positive.,2020-11-06 00:00:00,2027-11-06 00:00:00,Indicated for the treatment of neuromyelitis optica spectrum disorder (NMOSD) in adult patients who are anti-aquaporin-4 (AQP4) antibody positive.,Horizon Therapeutics Ireland DAC,70St. Stephens Green,,Dublin 2,,' D02 E2X4 ' ,Ireland,490415.0
infigratinib,Truseltiq,2019-11-09 00:00:00,Treatment of cholangiocarcinoma,Designated/Approved/Designation Withdrawn or Revoked,2023-04-08 00:00:00,,"Treatment of adults with previously treated, unresectable locally advanced or metastatic cholangiocarcinoma with a fibroblast growth factor receptor 2 (FGFR2) fusion or other rearrangement as detected by an FDA-approved test. (Indication withdrawn 5/16/2024)",05/28/2021,2023-04-08 00:00:00,,"QED Therapeutics, Inc.","1800 Owens Street, 12 Floor",,San Francisco,California,' 94148 ' ,United States,707019.0
infliximab,Remicade,2003-12-11 00:00:00,Treatment of pediatric (0 to 16 years of age) ulcerative colitis,Designated/Approved,,,For reducing signs and symptoms and inducing and maintaining clinical remission in pediatric patients 6 years of age and older with moderately to severely active ulcerative colitis who have had an inadequate response to conventional therapy,09/23/2011,09/23/2018,,"Janssen Biotech, Inc.",200 Great Valley Parkway,,Malvern,Pennsylvania,' 19355 ' ,United States,175903.0
Infliximab,Remicade,2003-12-11 00:00:00,Treatment of pediatric (0 to 16 years of age) Crohn's Disease,Designated/Approved,,,For reducing signs and symptoms and inducing and maintaining clinical remission in pediatric patients with moderately to severely active Crohn's disease who have had an inadequate response to conventional therapy,05/19/2006,05/19/2013,,"Centocor, Inc.",200 Great Valley Parkway,,Malvern,Pennsylvania,' 19355 ' ,United States,175803.0
infliximab,Remicade,11/14/1995,Treatment of Crohn's disease,Designated/Approved,,,"Treatment of moderately to severely active Crohn's disease for the reduction of the signs and symptoms, in patients who have an inadequate response to conventional therapies; and treatment of patients with fistulizing Crohn's disease for the reduction in the number of draining enterocutaneous fistula(s).",08/24/1998,08/24/2005,,"Centocor, Inc.",200 Great Valley Parkway,,Malvern,Pennsylvania,' 19355 ' ,United States,92495.0
Inotersen,TEGSEDI,07/24/2012,Treatment of transthyretin amyloidosis (ATTR amyloidosis),Designated/Approved,,,TEGSEDI is indicated for the treatment of the polyneuropathy of hereditary transthyretin-mediated amyloidosis in adults.,2018-05-10 00:00:00,2025-05-10 00:00:00,TEGSEDI is indicated for the treatment of the polyneuropathy of hereditary transthyretin-mediated amyloidosis in adults.,"Akcea Therapeutics, Inc.",22 Boston Wharf Road,9th Floor,Boston,Massachusetts,' 02210 ' ,United States,374512.0
inotuzumab ozogamicin,Besponsa,03/25/2013,Treatment of B-cell acute lymphoblastic leukemia,Designated/Approved,,,treatment of relapsed or refractory CD22-positive B-cell precursor acute lymphoblastic leukemia (ALL) in adult and pediatric patients 1 year and older,2024-06-03 00:00:00,2031-06-03 00:00:00,treatment of relapsed or refractory CD22-positive B-cell precursor acute lymphoblastic leukemia (ALL) in pediatric patients 1 year and older,"Wyeth Pharmaceuticals, LLC",P.O. Box 8299,,Philadelphia,Pennsylvania,' 19101 ' ,United States,391413.0
Interferon alfa-2b (recombinant),Intron A,06/24/1987,Treatment of AIDS-related Kaposi's sarcoma.,Designated/Approved,,,Treatment of selected patients with AIDS-related Kaposi's sarcoma.,11/21/1988,11/21/1995,,Schering Corporation,2000 Galloping Hill Road,,Kenilworth,New Jersey,' 07033 ' ,United States,19187.0
Interferon beta-1a,Avonex,12/16/1991,Treatment of multiple sclerosis.,Designated/Approved,,,Treatment of relapsing forms of multiple sclerosis to slow the accumulation of physical disability and decrease the frequency of clinical exacerbations.,05/17/1996,05/17/2003,,"Biogen, Inc.",14 Cambridge Center,,Cambridge,Massachusetts,' 02142 ' ,United States,62791.0
Interferon beta-1b,Betaseron,11/17/1988,Treatment of multiple sclerosis.,Designated/Approved,,,In ambulatory patients with relapsing-remitting multiple sclerosis to reduce the frequency of clinical exacerbations.,07/23/1993,07/23/2000,,Chiron Corp. & Berlex Laboratories,4560 Horton Street,,Emeryville,California,' 94608 ' ,United States,31888.0
Interferon gamma 1-b,Actimmune,09/30/1988,Treatment of chronic granulomatous disease.,Designated/Approved,,,,12/20/1990,12/20/1997,,Horizon Therapeutic Ireland DAC,"Connaught House, 1st Floor",1 Burlington Road,Dublin 4,,' ' ,Ireland,29788.0
Interferon gamma-1b,Actimmune,09/30/1996,"Delaying time to disease progression in patients with severe, malignant osteopetrosis.",Designated/Approved,,,"Delaying time to disease progression in patients with severe, malignant osteopetrosis.",2000-10-02 00:00:00,2007-10-02 00:00:00,,Horizon Therapeutic Ireland DAC,"Connaught House, 1st Floor",1 Burlington Road,Dublin 4,,' ' ,Ireland,98796.0
intravenous carbamazepine,CARNEXIV,06/27/2013,Treatment of epilepsy patients who cannot take anything by mouth (NPO),Designated/Approved,,,"Replacement therapy for oral carbamazepine formulations, when oral administration is temporarily not feasible, in adults with the following seizure types: (1) Partial seizures with complex symptomology; (2)Generalized tonic-clonic seizures; and (3) Mixed seizure patterns which include the above or other partial or generalized seizures",2016-07-10 00:00:00,2023-07-10 00:00:00,"Replacement therapy for oral carbamazepine formulations, when oral administration is temporarily not feasible, in adults with the following seizure types: (1) Partial seizures with complex symptomology; (2)Generalized tonic-clonic seizures; and (3) Mixed seizure patterns which include the above or other partial or generalized seizures",Lundbeck LLC,"3530 Toringdon Way, Suite 200",,Charlotte,North Carolina,' 28277 ' ,United States,265508.0
Iobenguane I 123,AdreView,2006-01-12 00:00:00,For the diagnosis of pheochromocytomas,Designated/Approved,,,To be used in the detection of primary or metastatic pheochromocytomas or neuroblastomas as an adjunct to other diagnostic tests,09/19/2008,09/19/2015,,"GE Healthcare, Inc.",101 Carnegie Center,,Princeton,New Jersey,' 08540 ' ,United States,226506.0
Iobenguane I 123,Adreview,2006-01-12 00:00:00,For the diagnosis of neuroblastomas,Designated/Approved,,,To be used in the detection of primary or metastatic pheochromocytomas or neuroblastomas as an adjunct to other diagnostic tests,09/19/2008,09/19/2015,,"GE Healthcare, Inc.",101 Carnegie Center,,Princeton,New Jersey,' 08540 ' ,United States,226406.0
ipilimumab,Yervoy,2004-03-06 00:00:00,"Treatment of high risk Stage II, Stage III, and Stage IV melanoma",Designated/Approved,,,treatment of unresectable or metastatic melanoma in adults and pediatric patients (12 years and older),07/21/2017,07/21/2024,treatment of unresectable or metastatic melanoma in pediatric patients (12 years and older).,Bristol-Myers Squibb Company,P.O. Box 5326,,Princeton,New Jersey,' 08543 ' ,United States,177703.0
ipilimumab,Yervoy,2004-03-06 00:00:00,"Treatment of high risk Stage II, Stage III, and Stage IV melanoma",Designated/Approved,,,"In combination with nivolumab, for the treatment of unresectable or metastatic melanoma in adult patients",05/25/2021,,,Bristol-Myers Squibb Company,P.O. Box 5326,,Princeton,New Jersey,' 08543 ' ,United States,177703.0
ipilimumab,Yervoy,2014-09-10 00:00:00,Treatment of Stage IIb to Stage IV melanoma,Designated/Approved,,,"as a single agent or in combination with nivolumab, for the treatment of unresectable or metastatic melanoma in adult and pediatric patients 12 years and older",02/15/2023,,,Bristol-Myers Squibb Company,5 Research Parkway,,Wallingford,Connecticut,' 06492 ' ,United States,445014.0
ipilimumab,Yervoy,2004-03-06 00:00:00,"Treatment of high risk Stage II, Stage III, and Stage IV melanoma",Designated/Approved,,,Treatment of unresectable or metastatic melanoma,03/25/2011,03/25/2018,,Bristol-Myers Squibb Company,P.O. Box 5326,,Princeton,New Jersey,' 08543 ' ,United States,177703.0
ipilimumab,Yervoy,2004-03-06 00:00:00,"Treatment of high risk Stage II, Stage III, and Stage IV melanoma",Designated/Approved,,,"For the adjuvant treatment of patients with cutaneous melanoma with pathologic involvement of regional lymph nodes of more than 1 mm, who have undergone complete resection including total lymphadenectomy.",10/28/2015,10/28/2022,"For the adjuvant treatment of patients with cutaneous melanoma with pathologic involvement of regional lymph nodes of more than 1 mm, who have undergone complete resection including total lymphadenectomy.",Bristol-Myers Squibb Company,P.O. Box 5326,,Princeton,New Jersey,' 08543 ' ,United States,177703.0
iptacopan,Fabhalta,07/31/2020,Treatment of paroxysmal nocturnal hemoglobinuria,Designated/Approved,,,Treatment of adults with paroxysmal nocturnal hemoglobinuria (PNH),2023-05-12 00:00:00,2030-05-12 00:00:00,Treatment of adults with paroxysmal nocturnal hemoglobinuria (PNH),Novartis Pharmaceuticals Corporation,One Health Plaza,Bldg. 315/5150A,East Hanover,New Jersey,' 07936 ' ,United States,751920.0
iptacopan,Fabhalta,05/18/2020,Treatment of C3 glomerulopathy,Designated/Approved,,,"treatment of adults with complement 3 glomerulopathy (C3G), to reduce proteinuria",03/20/2025,,,Novartis Pharmaceuticals Corporation,One Health Plaza,,East Hanover,New Jersey,' 07936 ' ,United States,692819.0
irinotecan liposome injection,Onivyde,07/21/2011,Treatment of pancreatic cancer,Designated/Approved,,,"in combination with oxaliplatin, fluorouracil and leucovorin for the first-line treatment of adult patients with metastatic pancreatic adenocarcinoma",02/13/2024,02/13/2031,first-line treatment of adult patients with metastatic pancreatic adenocarcinoma,"Ipsen Biopharmaceuticals, Inc.",One Main Street,,Cambridge,Massachusetts,' 02142 ' ,United States,344311.0
isatuximab-irfc,Sarclisa,05/22/2014,Treatment of multiple myeloma,Designated/Approved,,,"SARCLISA is indicated, in combination with pomalidomide and dexamethasone, for the treatment of adult patients with multiple myeloma who have received at least two prior therapies including lenalidomide and a proteasome inhibitor.",2020-02-03 00:00:00,2027-02-03 00:00:00,"Indicated in combination with pomalidomide and dexamethasone, for the treatment of adult patients with multiple myeloma who have received at least two prior therapies including lenalidomide and a proteasome inhibitor.",Sanofi-Aventis U.S. LLC,100 Morris Street,,Morristown,New Jersey,' 07960 ' ,United States,431914.0
isatuximab-irfc,Sarclisa,05/22/2014,Treatment of multiple myeloma,Designated/Approved,,,"in combination with carfilzomib and dexamethasone, for the treatment of adult patients with relapsed or refractory multiple myeloma who have received 1 to 3 prior lines of therapy",03/31/2021,03/31/2028,"treatment of adult patients with relapsed or refractory multiple myeloma who have received 1 prior line of therapy, and for treatment of adult patients with relapsed or refractory multiple myeloma who have received 2 to 3 prior therapies excluding patients covered by the indication approved on March 2, 2020",Sanofi-Aventis U.S. LLC,100 Morris Street,,Morristown,New Jersey,' 07960 ' ,United States,431914.0
isatuximab-irfc,Sarclisa,05/22/2014,Treatment of multiple myeloma,Designated/Approved,,,"in combination with bortezomib, lenalidomide, and dexamethasone, for the treatment of adult patients with newly diagnosed multiple myeloma who are not eligible for autologous stem cell transplant (ASCT)",09/20/2024,09/20/2031,treatment of adult patients with newly diagnosed multiple myeloma who are not eligible for autologous stem cell transplant (ASCT),Sanofi-Aventis U.S. LLC,100 Morris Street,,Morristown,New Jersey,' 07960 ' ,United States,431914.0
isavuconazonium sulfate,Cresemba,10/25/2013,Treatment of zygomycosis,Designated/Approved,,,treatment of invasive mucormycosis in adults and pediatric patients 6 years of age and older who weigh 16 kg and greater,2023-08-12 00:00:00,2030-08-12 00:00:00,treatment of invasive mucormycosis in pediatric patients 6 years of age and older who weigh 16 kg and greater,Astellas Pharma Global Development Inc.,1 Astellas Way,,Northbrook,Illinois,' 60062 ' ,United States,395013.0
isavuconazonium sulfate,Cresemba,2013-06-05 00:00:00,Treatment of invasive aspergillosis,Designated/Approved,,,treatment of invasive aspergillosis in adults and pediatric patients 1 year of age and older,2023-08-12 00:00:00,2030-08-12 00:00:00,treatment of invasive aspergillosis in pediatric patients 1 year of age and older,Astellas Pharma Global Development Inc.,1 Astellas Way,,Northbrook,Illinois,' 60062 ' ,United States,394913.0
isavuconazonium sulfate,Cresemba,2013-06-05 00:00:00,Treatment of invasive aspergillosis,Designated/Approved,,,Treatment of invasive aspergillosis in patients 18 years of age and older,2015-06-03 00:00:00,2022-06-03 00:00:00,Treatment of invasive aspergillosis in patients 18 years of age and older,Astellas Pharma Global Development Inc.,1 Astellas Way,,Northbrook,Illinois,' 60062 ' ,United States,394913.0
isavuconazonium sulfate,Cresemba,2013-06-05 00:00:00,Treatment of invasive aspergillosis,Designated/Approved,,,treatment of invasive aspergillosis in adults and pediatric patients 6 years of age and older who weigh 16 kilograms (kg) and greater,2023-08-12 00:00:00,2030-08-12 00:00:00,treatment of invasive aspergillosis in pediatric patients 6 years of age and older who weigh 16 kilograms (kg) and greater,Astellas Pharma Global Development Inc.,1 Astellas Way,,Northbrook,Illinois,' 60062 ' ,United States,394913.0
isavuconazonium sulfate,Cresemba,10/25/2013,Treatment of zygomycosis,Designated/Approved,,,treatment of invasive mucormycosis in adults and pediatric patients 1 year of age and older,2023-08-12 00:00:00,2030-08-12 00:00:00,treatment of invasive mucormycosis in pediatric patients 1 year of age and older,Astellas Pharma Global Development Inc.,1 Astellas Way,,Northbrook,Illinois,' 60062 ' ,United States,395013.0
isavuconazonium sulfate,Cresemba,10/25/2013,Treatment of zygomycosis,Designated/Approved,,,Treatment of invasive mucormycosis in patients 18 years of age and older,2015-06-03 00:00:00,2022-06-03 00:00:00,Treatment of invasive mucormycosis in patients 18 years of age and older,Astellas Pharma Global Development Inc.,1 Astellas Way,,Northbrook,Illinois,' 60062 ' ,United States,395013.0
ivabradine,CORLANOR,03/23/2016,Treatment of pediatric patients (0 through 16 years of age) with dilated cardiomyopathy.,Designated/Approved,,,"Corlanor is indicated for the treatment of stable symptomatic heart failure due to dilated cardiomyopathy (DCM) in pediatric patients aged 6 months and older, who are in sinus rhythm with an elevated heart rate.",04/22/2019,04/22/2026,"Corlanor is indicated for the treatment of stable symptomatic heart failure due to dilated cardiomyopathy (DCM) in pediatric patients aged 6 months and older, who are in sinus rhythm with an elevated heart rate.","Amgen, Inc.,",1 Amgen Center Drive,Mail Stop 27-2-D,Thousand Oaks,California,' 91320 ' ,United States,511915.0
ivacaftor,Kalydeco,12/20/2006,Treatment of patients with cystic fibrosis,Designated/Approved,,,KALYDECO is a cystic fibrosis transmembrane conductance regulator (CFTR) potentiator indicated for the treatment of cystic fibrosis (CF) in patients age 6 months and older who have one mutation in the CFTR gene that is responsive to ivacaftor potentiation based on clinical and/or in vitro assay data,04/29/2019,04/29/2026,For the treatment of cystic fibrosis (CF) in patients age 6 months to less than 12 months who have one mutation in the CFTR gene that is responsive to ivacaftor potentiation based on clinical and/or in vitro assay data,"Vertex Pharmaceuticals, Inc.",50 Northern Avenue,,Boston,Massachusetts,' 02210 ' ,United States,228306.0
ivacaftor,Kalydeco,12/20/2006,Treatment of patients with cystic fibrosis,Designated/Approved,,,KALYDECO is indicated for the treatment of cystic fibrosis (CF) in patients age 4 months and older who have one mutation in the CFTR gene that is responsive to ivacaftor potentiation based on clinical and/or in vitro assay data,09/24/2020,09/24/2027,treatment of cystic fibrosis (CF) in patients age 4 months to less than 6 months who have one mutation in the CFTR gene that is responsive to ivacaftor potentiation based on clinical and/or in vitro assay data,"Vertex Pharmaceuticals, Inc.",50 Northern Avenue,,Boston,Massachusetts,' 02210 ' ,United States,228306.0
ivacaftor,Kalydeco,12/20/2006,Treatment of patients with cystic fibrosis,Designated/Approved,,,treatment of cystic fibrosis (CF) in patients age 4 months and older who have one mutation in the cystic fibrosis transmembrane conductance regulator (CFTR) gene that is responsive to ivacaftor potentiation based on clinical and/or in vitro assay data,12/21/2020,12/21/2027,"treatment of cystic fibrosis (CF) in patients age 4 months and older who have one of the additional mutations in the cystic fibrosis transmembrane conductance regulator (CFTR) gene that have been identified as responsive to ivacaftor potentiation based on in vitro data and identified in the approval on December 21, 2020.","Vertex Pharmaceuticals, Inc.",50 Northern Avenue,,Boston,Massachusetts,' 02210 ' ,United States,228306.0
ivacaftor,Kalydeco,12/20/2006,Treatment of patients with cystic fibrosis,Designated/Approved,,,Treatment of cystic fibrosis (CF) in patients age 12 months and older who have one mutation in the CFTR gene that is responsive to ivacaftor potentiation based on clinical and/or in vitro assay data.,08/15/2018,08/15/2025,For the treatment of cystic fibrosis (CF) in patients age 12 months to less than 2 years who have one mutation in the CFTR gene that is responsive to ivacaftor potentiation based on clinical and/or in vitro assay data,"Vertex Pharmaceuticals, Inc.",50 Northern Avenue,,Boston,Massachusetts,' 02210 ' ,United States,228306.0
ivacaftor,Kalydeco,12/20/2006,Treatment of patients with cystic fibrosis,Designated/Approved,,,Treatment of cystic fibrosis (CF) in patients age 2 years and older who have one mutation in the CFTR gene that is responsive to ivacaftor potentiation based on clinical and/or in vitro assay data.,07/31/2017,07/31/2024,"Treatment of cystic fibrosis (CF) in patients age 2 years and older who have one of the following mutations in the CFTR gene: 711+3A G, E831X, 2789+5G A, 3272-26A G, and 3849+10kbC T.","Vertex Pharmaceuticals, Inc.",50 Northern Avenue,,Boston,Massachusetts,' 02210 ' ,United States,228306.0
ivacaftor,Kalydeco,12/20/2006,Treatment of patients with cystic fibrosis,Designated/Approved,,,Treatment of cystic fibrosis (CF) in patients age 2 years and older who have one mutation in the CFTR gene that is responsive to ivacaftor potentiation based on clinical and/or in vitro assay data.,05/17/2017,05/17/2024,"Treatment of cystic fibrosis (CF) in patients age 2 years and older who have one of the following mutations in the CFTR gene: E56K, P67L, R74W, D110E, D110H, R117C, E193K, L206W, R347H, R352Q, A455E, D579G, S945L, S977F, F1052V, K1060T, A1067T, G1069R, R1070Q, R1070W, F1074L, D1152H, and D1270N.","Vertex Pharmaceuticals, Inc.",50 Northern Avenue,,Boston,Massachusetts,' 02210 ' ,United States,228306.0
ivacaftor,Kalydeco,12/20/2006,Treatment of patients with cystic fibrosis,Designated/Approved,,,"Treatment of cystic fibrosis (CF) in patients age 2 years and older who have one of the following mutations in the CFTR gene: G551D, G1244E, G1349D, G178R, G551S, S1251N, S1255P, S549N, or S549R ; and treatment of CF in patients age 2 years and older who have an R117H mutation in the CFTR gene.",03/17/2015,03/17/2022,"Treatment of cystic fibrosis (CF) in patients ages 2 to less than 6 years who have one of the following mutations in the CFTR gene: G551D, G1244E, G1349D, G178R, G551S, S1251N, S1255P, S549N, S549R, and R117H.","Vertex Pharmaceuticals, Inc.",50 Northern Avenue,,Boston,Massachusetts,' 02210 ' ,United States,228306.0
ivacaftor,Kalydeco,12/20/2006,Treatment of patients with cystic fibrosis,Designated/Approved,,,"Treatment of cystic fibrosis (CF) in patients age 6 years and older who have one of the following mutations in the CFTR gene: G551D, G1244E, G1349D, G178R, G551S, S1251N, S1255P, S549N, or S549R; and treatment of CF in patients age 6 years and older who have an R117H mutation in the CFTR gene.",12/29/2014,12/29/2021,Treatment of cystic fibrosis (CF) in patients age 6 years and older who have an R117H mutation in the CFTR gene.,"Vertex Pharmaceuticals, Inc.",50 Northern Avenue,,Boston,Massachusetts,' 02210 ' ,United States,228306.0
ivacaftor,Kalydeco,12/20/2006,Treatment of patients with cystic fibrosis,Designated/Approved,,,treatment of cystic fibrosis (CF) in patients age 1 month and older who have at least one mutation in the CFTR gene that is responsive to ivacaftor potentiation based on clinical and/or in vitro assay data,2023-03-05 00:00:00,2030-03-05 00:00:00,treatment of cystic fibrosis (CF) in patients 1 month to less than 4 months of age who have at least one mutation in the CFTR gene that is responsive to ivacaftor potentiation based on clinical and/or in vitro assay data,"Vertex Pharmaceuticals, Inc.",50 Northern Avenue,,Boston,Massachusetts,' 02210 ' ,United States,228306.0
ivacaftor,Kalydeco,12/20/2006,Treatment of patients with cystic fibrosis,Designated/Approved,,,Treatment of cystic fibrosis (CF) in patients age 6 years and older who have a G551D mutation in the CFTR gene.,01/31/2012,01/31/2019,,"Vertex Pharmaceuticals, Inc.",50 Northern Avenue,,Boston,Massachusetts,' 02210 ' ,United States,228306.0
ivacaftor,Kalydeco,12/20/2006,Treatment of patients with cystic fibrosis,Designated/Approved,,,"Treatment of cystic fibrosis (CF) in patients age 6 years and older who have one of the following mutations in the CFTR gene: G551D, G1244E, G1349D, G178R, G551S, S1251N, S1255P, S549N, or S549R.",02/21/2014,02/21/2021,"Treatment of cystic fibrosis (CF) in patients age 6 years and older who have one of the following mutations in the CFTR gene: G1244E, G1349D, G178R, G551S, S1251N, S1255P, S549N, or S549R.","Vertex Pharmaceuticals, Inc.",50 Northern Avenue,,Boston,Massachusetts,' 02210 ' ,United States,228306.0
ivosidenib,Tibsovo,2015-09-06 00:00:00,Treatment of acute myeloid leukemia (AML),Designated/Approved,,,"In combination with azacitidine or as monotherapy for the treatment of newly diagnosed acute myeloid leukemia (AML) with a susceptible isocitrate dehydrogenase-1 (IDH1) mutation as detected by an FDA-approved test in adults 75 years or older, or who have comorbidities that preclude use of intensive induction chemotherapy",05/25/2022,,,Servier Pharmaceuticals LLC,200 Pier Four Blvd,,Boston,Massachusetts,' 02210 ' ,United States,481515.0
ivosidenib,Tibsovo,04/26/2017,Treatment of cholangiocarcinoma,Designated/Approved,,,"Treatment of adult patients with previously treated, locally advanced or metastatic cholangiocarcinoma with an isocitrate dehydrogenase-1 (IDH1) mutation as detected by an FDA-approved test",08/25/2021,08/25/2028,"Treatment of adult patients with previously treated, locally advanced or metastatic cholangiocarcinoma with an isocitrate dehydrogenase-1 (IDH1) mutation as detected by an FDA-approved test",Servier Pharmaceuticals LLC,200 Pier Four Blvd,,Boston,Massachusetts,' 02210 ' ,United States,562216.0
ivosidenib,TIBSOVO,2015-09-06 00:00:00,Treatment of acute myeloid leukemia (AML),Designated/Approved,,,TIBSOVO is indicated for the treatment of newly-diagnosed acute myeloid leukemia (AML) with a susceptible isocitrate dehydrogenase-1 (IDH1) mutation as detected by an FDA-approved test in adult patients who are >= 75 years old or who have comorbidities that preclude use of intensive induction chemotherapy.,2019-02-05 00:00:00,2026-02-05 00:00:00,TIBSOVO is indicated for the treatment of newly-diagnosed acute myeloid leukemia (AML) with a susceptible isocitrate dehydrogenase-1 (IDH1) mutation as detected by an FDA-approved test in adult patients who are >= 75 years old or who have comorbidities that preclude use of intensive induction chemotherapy.,Servier Pharmaceuticals LLC,200 Pier Four Blvd,,Boston,Massachusetts,' 02210 ' ,United States,481515.0
ivosidenib,TIBSOVO,2015-09-06 00:00:00,Treatment of acute myeloid leukemia (AML),Designated/Approved,,,TIBSOVO is indicated for the treatment of adult patients with relapsed or refractory acute myeloid leukemia (AML) with a susceptible isocitrate dehydrogenase-1 (IDH1) mutation as detected by an FDA-approved test.,07/20/2018,07/20/2025,Indicated for the treatment of adult patients with relapsed or refractory acute myeloid leukemia (AML) with a susceptible isocitrate dehydrogenase-1 (IDH1) mutation as detected by an FDA-approved test,Servier Pharmaceuticals LLC,200 Pier Four Blvd,,Boston,Massachusetts,' 02210 ' ,United States,481515.0
ivosidenib,Tibsovo,05/20/2020,Treatment of myelodysplastic syndromes,Designated/Approved,,,Treatment of adult patients with relapsed or refractory myelodysplastic syndromes (MDS) with a susceptible isocitrate dehydrogenase-1 (IDH1) mutation as detected by an FDA-approved test,10/24/2023,10/24/2030,Treatment of adult patients with relapsed or refractory myelodysplastic syndromes (MDS) with a susceptible isocitrate dehydrogenase-1 (IDH1) mutation as detected by an FDA-approved test,Servier Pharmaceuticals LLC,200 Pier Four Blvd,,Boston,Massachusetts,' 02210 ' ,United States,739720.0
ixazomib citrate,Ninlaro,02/18/2011,Treatment of multiple myeloma,Designated/Approved,,,Use in combination with lenalidomide and dexamethasone for the treatment of patients with multiple myeloma who have received at least one prior therapy,11/20/2015,11/20/2022,Use in combination with lenalidomide and dexamethasone for the treatment of patients with multiple myeloma who have received at least one prior therapy,"Takeda Development Center Americas, Inc.",500 Kendall Street,,Cambridge,Massachusetts,' 02142 ' ,United States,330510.0
L-glutamine,Endari,2001-01-08 00:00:00,Treatment of sickle cell disease,Designated/Approved,,,To reduce the acute complications of sickle cell disease in adult and pediatric patients 5 years of age and older.,2017-07-07 00:00:00,2024-07-07 00:00:00,To reduce the acute complications of sickle cell disease in adult and pediatric patients 5 years of age and older.,"Emmaus Medical, Inc.","21250 Hawthorne Blvd., Suite 800",,Torrance,California,' 90503 ' ,United States,145901.0
Lamotrigine,Lamictal,08/23/1995,Treatment of Lennox-Gastaut syndrome.,Designated/Approved,,,Adjunctive treatment of Lennox-Gastaut syndrome in pediatric and adult patients.,08/24/1998,08/24/2005,,Glaxo Wellcome Research and Development,5 Moore Drive,P.O. Box 13398,Research Triangle Park,North Carolina,' 27709 ' ,United States,91695.0
lanadelumab-flyo,Takhzyro,11/26/2013,Treatment of angioedema,Designated/Approved,,,Prophylaxis to prevent attacks of hereditary angioedema (HAE) in patients 12 years and older,08/23/2018,08/23/2025,Prophylaxis to prevent attacks of hereditary angioedema (HAE) in patients 12 years and older,"Takeda Pharmaceuticals U.S.A., Inc.",500 Kendall Street,,Cambridge,Massachusetts,' 02142 ' ,United States,397213.0
lanadelumab-flyo,Takhzyro,11/26/2013,Treatment of angioedema,Designated/Approved,,,prophylaxis to prevent attacks of hereditary angioedema (HAE) in adult and pediatric patients aged 2 years and older,2023-03-02 00:00:00,2030-03-02 00:00:00,prophylaxis to prevent attacks of hereditary angioedema (HAE) in pediatric patients aged 2 years to less than 12 years,"Takeda Pharmaceuticals U.S.A., Inc.",500 Kendall Street,,Cambridge,Massachusetts,' 02142 ' ,United States,397213.0
Lanreotide,Somatuline Depot,2000-11-09 00:00:00,Treatment for acromegly,Designated/Approved,,,Long-term treatment of acromegalic patients who have had an inadequate response to or cannot be treated with surgery and/or radiotherapy,08/30/2007,08/30/2014,,"IPSEN, Inc.",27 Maple Street,,Milford,Massachusetts,' 01757 ' ,United States,136300.0
lanreotide acetate,Somatuline Depot,08/25/2011,Treatment of neuroendocrine tumors,Designated/Approved,,,"Treatment of patients with unresectable,well- or moderately-differentiated locally advanced or metastatic gastroenteropancreatic neuroendocrine tumors to improve progression-free survival",12/16/2014,12/16/2021,"Treatment of patients with unresectable,well- or moderately-differentiated locally advanced or metastatic gastroenteropancreatic neuroendocrine tumors to improve progression-free survival","Ipsen Biopharmaceuticals, Inc.",106 Allen Road,,Basking Ridge,New Jersey,' 07920 ' ,United States,347811.0
laronidase,Aldurazyme,09/24/1997,Treatment of patients with mucopolysaccharidosis-I.,Designated/Approved,,,Treatment for patients with Hurler and Hurler-Scheie forms of Mucopolysaccharidosis I (MPS I) and for patients with the Scheie form who have moderate to severe symptoms,04/30/2003,04/30/2010,,"BioMarin Pharmaceutical, Inc.",105 Digital Drive,,Novato,California,' 94949 ' ,United States,106097.0
larotrectinib,VITRAKVI,2017-09-05 00:00:00,Treatment of solid tumors with NTRK-fusion proteins,Designated/Approved,,,VITRAKVI is indicated for the treatment of adult and pediatric patients with solid tumors that have a neurotrophic receptor tyrosine kinase (NTRK) gene fusion without a known acquired resistance mutation; are metastatic or where surgical resection is likely to result in severe morbidity; and have no satisfactory alternative treatments or that have progressed following treatment.,11/26/2018,11/26/2025,VITRAKVI is indicated for the treatment of adult and pediatric patients with solid tumors that have a neurotrophic receptor tyrosine kinase (NTRK) gene fusion without a known acquired resistance mutation; are metastatic or where surgical resection is likely to result in severe morbidity; and have no satisfactory alternative treatments or that have progressed following treatment.,Bayer HealthCare Pharmaceuticals Inc.,100 Bayer Boulevard,,Whippany,New Jersey,' 07981 ' ,United States,578317.0
ledipasvir/sofosbuvir,Harvoni,2016-12-10 00:00:00,Treatment of chronic hepatitis C virus (HCV) infection in pediatric patients,Designated/Approved,,,"Treatment of pediatric patients 12 years of age and older or weighing at least 35 kg with chronic hepatitis C virus genotype 1, 4, 5, or 6 infection without cirrhosis or with compensated cirrhosis",2017-07-04 00:00:00,2024-07-04 00:00:00,"Treatment of pediatric patients 12 years of age and older or weighing at least 35 kg with chronic hepatitis C virus genotype 1, 4, 5, or 6 infection without cirrhosis or with compensated cirrhosis","Gilead Sciences, Inc.",333 Lakeside Drive,,Foster City,California,' 94404 ' ,United States,535916.0
ledipasvir/sofosbuvir,Harvoni,2016-12-10 00:00:00,Treatment of chronic hepatitis C virus (HCV) infection in pediatric patients,Designated/Approved,,,"HARVONI is indicated for the treatment of adults and pediatric patients 3 years of age and older with chronic hepatitis C virus (HCV) genotype 1, 4, 5, or 6 infection without cirrhosis or with compensated cirrhosis, genotype 1 infection with decompensated cirrhosis, for use in combination with ribavirin, and genotype 1 or 4 infection who are liver transplant recipients without cirrhosis or with compensated cirrhosis, for use in combination with ribavirin",08/28/2019,,,"Gilead Sciences, Inc.",333 Lakeside Drive,,Foster City,California,' 94404 ' ,United States,535916.0
ledipasvir/sofosbuvir,Harvoni,2016-12-10 00:00:00,Treatment of chronic hepatitis C virus (HCV) infection in pediatric patients,Designated/Approved,,,"HARVONI is indicated for the treatment of adults and pediatric patients 3 years of age and older with chronic hepatitis C virus (HCV) genotype 1, 4, 5, or 6 infection without cirrhosis or with compensated cirrhosis, genotype 1 infection with decompensated cirrhosis, for use in combination with ribavirin, and genotype 1 or 4 infection who are liver transplant recipients without cirrhosis or with compensated cirrhosis, for use in combination with ribavirin",08/28/2019,08/28/2026,"For treatment of pediatric patients between 3 years of age and 12 years of age or weighing 35 kg with chronic hepatitis C virus (HCV) genotype 1, 4, 5, or 6 infection without cirrhosis or with compensated cirrhosis; (2) treatment of pediatric patients 3 years of age and older with chronic HCV genotype 1 infection with decompensated cirrhosis, for use in combination with ribavirin; and (3) treatment of pediatric patients 3 years of age and older with chronic HCV genotype 1 or 4 infection who are liver transplant recipients without cirrhosis or with compensated cirrhosis, for use in combination with ribavirin","Gilead Sciences, Inc.",333 Lakeside Drive,,Foster City,California,' 94404 ' ,United States,535916.0
lenalidomide,Revlimid,09/17/2013,Treatment of follicular lymphoma,Designated/Approved,,,"REVLIMID in combination with a rituximab product, is indicated for the treatment of adult patients with previously treated follicular lymphoma (FL).",05/28/2019,05/28/2026,In combination with a rituximab product for the treatment of adult patients with previously treated follicular lymphoma (FL).,Celgene Corporation,86 Morris Avenue,,Summit,New Jersey,' 07901 ' ,United States,390813.0
lenalidomide,Revlimid,2017-04-01 00:00:00,Treatment of splenic marginal zone lymphoma,Designated/Approved,,,"REVLIMID in combination with a rituximab product, is indicated for the treatment of adult patients with previously treated marginal zone lymphoma (MZL).",05/28/2019,05/28/2026,In combination with a rituximab product for the treatment of adult patients with previously treated splenic marginal zone lymphoma,Celgene Corporation,86 Morris Avenue,,Summit,New Jersey,' 07901 ' ,United States,475915.0
lenalidomide,Revlimid,2017-04-01 00:00:00,Treatment of nodal marginal zone lymphoma,Designated/Approved,,,"REVLIMID in combination with a rituximab product, is indicated for the treatment of adult patients with previously treated marginal zone lymphoma (MZL).",05/28/2019,05/28/2026,In combination with a rituximab product for the treatment of adult patients with previously treated nodal marginal zone lymphoma,Celgene Corporation,86 Morris Avenue,,Summit,New Jersey,' 07901 ' ,United States,476015.0
lenalidomide,Revlimid,04/29/2015,Treatment of extranodal marginal zone lymphoma of mucosa-associated lymphoid tissue,Designated/Approved,,,"REVLIMID in combination with a rituximab product, is indicated for the treatment of adult patients with previously treated marginal zone lymphoma (MZL).",05/28/2019,05/28/2026,In combination with a rituximab product for the treatment of adult patients with previously treated extranodal marginal zone lymphoma,Celgene Corporation,86 Morris Avenue,,Summit,New Jersey,' 07901 ' ,United States,476115.0
lenalidomide,Revlimid,09/20/2001,Treatment of multiple myeloma,Designated/Approved,,,For use in combination with dexamethasone for the treatment of multiple myeloma patients who have received at least one prior therapy,06/29/2006,06/29/2013,,Celgene Corporation,86 Morris Avenue,,Summit,New Jersey,' 07901 ' ,United States,147701.0
lenalidomide,Revlimid,09/20/2001,Treatment of multiple myeloma,Designated/Approved,,,"Treatment of multiple myeloma (MM), as maintenance following autologous hematopoietic stem cell transplantation (auto-HSCT)",02/22/2017,02/22/2024,"Treatment of multiple myeloma (MM), as maintenance following autologous hematopoietic stem cell transplantation (auto-HSCT)",Celgene Corporation,86 Morris Avenue,,Summit,New Jersey,' 07901 ' ,United States,147701.0
lenalidomide,Revlimid,01/29/2004,Treatment of myelodysplastic syndromes,Designated/Approved,,,Treatment of patients with transfusion dependant anemia due to low or intermediate-1 risk myelodysplastic syndromes associated with a deletion 5 q cytogenetic abnormality with or without additional cytogenetic abnormalities,12/27/2005,12/27/2012,,Celgene Corporation,86 Morris Avenue,,Summit,New Jersey,' 07901 ' ,United States,180303.0
lenalidomide,Revlimid,09/20/2001,Treatment of multiple myeloma,Designated/Approved,,,REVLIMID in combination with dexamethasone is indicated for the treatment of patients with multiple myeloma (MM).,02/17/2015,02/17/2022,For use in combination with dexamethasone for the treatment of patients with multiple myeloma who have not received at least one prior therapy (first-line therapy).,Celgene Corporation,86 Morris Avenue,,Summit,New Jersey,' 07901 ' ,United States,147701.0
lenalidomide,Revlimid,04/27/2009,Treatment of mantle cell lymphoma,Designated/Approved,,,"Treatment of mantle cell lymphoma whose disease has relapsed or progressed after two prior therapies, one of which included bortezomib.",2013-05-06 00:00:00,2020-05-06 00:00:00,"Treatment of mantle cell lymphoma whose disease has relapsed or progressed after two prior therapies, one of which included bortezomib.",Celgene Corporation,86 Morris Avenue,,Summit,New Jersey,' 07901 ' ,United States,278809.0
leniolisib,Joenja,01/30/2018,"Treatment of activated P13Kdelta Syndrome/p110delta-activating mutation causing senescent T cells, lymphadenopathy, and immunodeficiency",Designated/Approved,,,treatment of activated phosphoinositide 3-kinase delta (PI3K delta) syndrome (APDS) in adult and pediatric patients 12 years of age and older,03/24/2023,03/24/2030,treatment of activated phosphoinositide 3-kinase delta (PI3K delta) syndrome (APDS) in adult and pediatric patients 12 years of age and older,Pharming Technologies B.V.,Darwinweg 24,,Leiden,,' 2333CR ' ,Netherlands,504315.0
lenvatinib,LENVIMA,03/27/2014,Treatment of hepatocellular carcinoma,Designated/Approved,,,LENVIMA is indicated for the first-line treatment of patients with unresectable hepatocellular carcinoma (HCC),08/15/2018,08/15/2025,LENVIMA is indicated for the first-line treatment of patients with unresectable hepatocellular carcinoma (HCC),Eisai Inc.,200 Metro Blvd.,,Nutley,New Jersey,' 07110-6102 ' ,United States,423714.0
lenvatinib,Lenvima,12/27/2012,"Treatment of follicullar, medullary, anaplastic, and metastatic or locally advanced papillary thyroid cancer",Designated/Approved,,,"Treatment of patients with locally recurrent or metastatic, progressive, radioactive iodine refractory differentiated thyroid cancer",02/13/2015,02/13/2022,"Treatment of patients with locally recurrent or metastatic, progressive, radioactive iodine refractory differentiated thyroid cancer","Eisai, Inc.",200 Metro Blvd.,,Nutley,New Jersey,' 07110-6102 ' ,United States,378412.0
letermovir,Prevymis,2011-12-12 00:00:00,Prevention of human cytomegalovirus viremia and disease in at risk populations,Designated/Approved,,,prophylaxis of cytomegalovirus (CMV) infection and disease in adult and pediatric patients 6 months of age and older and weighing at least 6 kg who are CMV-seropositive recipients [R+] of an allogeneic hematopoietic stem cell transplant (HSCT),08/30/2024,08/30/2031,prophylaxis of cytomegalovirus (CMV) infection and disease in pediatric patients 6 months of age and older and weighing at least 6 kg who are CMV-seropositive recipients [R+] of an allogeneic hematopoietic stem cell transplant (HSCT),Merck Sharp & Dohme LLC,126 East Lincoln Ave.,P.O. Box 2000,Rahway,New Jersey,' 07065 ' ,United States,340211.0
letermovir,Prevymis,2011-12-12 00:00:00,Prevention of human cytomegalovirus viremia and disease in at risk populations,Designated/Approved,,,prophylaxis of cytomegalovirus (CMV) disease in adult kidney transplant recipients at high risk (Donor CMV seropositive/Recipient CMV seronegative [D+/R-]),2023-05-06 00:00:00,2030-05-06 00:00:00,prophylaxis of cytomegalovirus (CMV) disease in adult kidney transplant recipients at high risk (Donor CMV seropositive/Recipient CMV seronegative [D+/R-]),Merck Sharp & Dohme LLC,126 East Lincoln Ave.,P.O. Box 2000,Rahway,New Jersey,' 07065 ' ,United States,340211.0
letermovir,PREVYMIS,2011-12-12 00:00:00,Prevention of human cytomegalovirus viremia and disease in at risk populations,Designated/Approved,,,Prophylaxis of cytomegalovirus (CMV) infection and disease in adult CMV-seropositive recipients [R+] of an allogeneic hematopoietic stem cell transplant (HSCT).,2017-08-11 00:00:00,2024-08-11 00:00:00,Prophylaxis of cytomegalovirus (CMV) infection and disease in adult CMV-seropositive recipients [R+] of an allogeneic hematopoietic stem cell transplant (HSCT).,Merck Sharp & Dohme LLC,126 East Lincoln Ave.,P.O. Box 2000,Rahway,New Jersey,' 07065 ' ,United States,340211.0
letermovir,Prevymis,2011-12-12 00:00:00,Prevention of human cytomegalovirus viremia and disease in at risk populations,Designated/Approved,,,prophylaxis of cytomegalovirus (CMV) disease in adult and pediatric patients 12 years of age and older and weighing at least 40 kg who are kidney transplant recipients at high risk (Donor CMV seropositive/Recipient CMV seronegative [D+/R-]),08/30/2024,08/30/2031,prophylaxis of cytomegalovirus (CMV) disease in pediatric patients 12 years of age and older and weighing at least 40 kg who are kidney transplant recipients at high risk (Donor CMV seropositive/Recipient CMV seronegative [D+/R-]),Merck Sharp & Dohme LLC,126 East Lincoln Ave.,P.O. Box 2000,Rahway,New Jersey,' 07065 ' ,United States,340211.0
Leucovorin,Leucovorin calcium,1986-08-12 00:00:00,For use in combination with 5-fluorouracil for the treatment of metastatic colorectal cancer.,Designated/Approved,,,For use in combination with 5-fluorouracil to prolong survival in the palliative treatment of patients with advanced colorectal cancer.,1991-12-12 00:00:00,1998-12-12 00:00:00,,Immunex Corporation,51 University Street,,Seattle,Washington,' 98101 ' ,United States,16786.0
Leucovorin,Leucovorin calcium,08/17/1988,For rescue use after high dose methotrexate therapy in the treatment of osteosarcoma.,Designated/Approved,,,,08/31/1988,08/31/1995,,Immunex Corporation,51 University Street,,Seattle,Washington,' 98101 ' ,United States,30588.0
levacetylleucine,Aqneursa,2021-08-09 00:00:00,"Treatment of Niemann-Pick Disease, Type C",Designated/Approved,,,treatment of neurological manifestations of Niemann-Pick disease type C (NPC) in adults and pediatric patients weighing greater than or equal to 15 kg,09/24/2024,09/24/2031,treatment of neurological manifestations of Niemann-Pick disease type C (NPC) in adults and pediatric patients weighing greater than or equal to 15 kg,IntraBio Inc.,270 Devon Road,,Tenafly,New Jersey,' 07670 ' ,United States,836121.0
Levocarnitine,Carnitor,02/28/1984,Treatment of genetic carnitine deficiency.,Designated/Approved,,,,1986-10-04 00:00:00,1993-10-04 00:00:00,,"Leadiant Biosciences, Inc.",9841 Washingtonian Blvd,Suite 500,Gaithersburg,Maryland,' 20878 ' ,United States,1384.0
Levocarnitine,Carnitor,07/26/1984,Treatment of primary and secondary carnitine deficiency of genetic origin.,Designated/Approved,,,Treatment of primary systemic carnitine deficiency. (approved 12/27/85) Treatment of secondary carnitine deficiency. (approved 12/16/92),12/16/1992,12/16/1999,,"Leadiant Biosciences, Inc.",9841 Washingtonian Blvd,Suite 500,Gaithersburg,Maryland,' 20878 ' ,United States,1584.0
Levocarnitine,Carnitor,1988-06-09 00:00:00,Treatment of manifestations of carnitine deficiency in patients with end stage renal disease who require dialysis.,Designated/Approved,,,Prevention and treatment of carnitine deficiency in patients with end stage renal disease who are undergoing dialysis.,12/15/1999,12/15/2006,,"Leadiant Biosciences, Inc.",9841 Washingtonian Blvd,Suite 500,Gaithersburg,Maryland,' 20878 ' ,United States,27888.0
levodopa and carbidopa,Duopa,01/18/2000,Treatment of late stage Parkinson's disease,Designated/Approved,,,Treatment of motor flucuations in patients with advanced Parkinson's disease,2015-09-01 00:00:00,2022-09-01 00:00:00,Treatment of motor flucuations in patients with advanced Parkinson's disease,"AbbVie, Inc.",1 N. Waukegan Road,Building AP30-1,North Chicago,Illinois,' 60064 ' ,United States,129499.0
levoketoconazole,Recorlev,2012-09-03 00:00:00,Treatment of endogenous Cushing's syndrome,Designated/Approved,,,Treatment of endogenous hypercortisolemia in adult patients with Cushing's syndrome for whom surgery is not an option or has not been curative,12/30/2021,12/30/2028,Treatment of endogenous hypercortisolemia in adult patients with Cushing's syndrome for whom surgery is not an option or has not been curative,Strongbridge Dublin Limited,"Suite 206, Fitzwilliam Hall",,Dublin 2,,' D02 T292 ' ,Ireland,364412.0
levoleucovorin,Fusilev,12/18/1990,For use in combination chemotherapy with the approved agent 5-fluorouracil in the palliative treatment of metastatic adenocarcinoma of the colon and rectum,Designated/Approved,,,For use in combination chemotherapy with 5-fluorouracil in the palliative treatment of patients with advanced metastatic colorectal cancer,04/29/2011,04/29/2018,,Acrotech Biopharma LLC,279 Princeton Hightstown Road,,East Windsor,New Jersey,' 08520 ' ,United States,48590.0
Levoleucovorin,Fusilev,1991-01-08 00:00:00,For use in conjunction with high-dose methotrexate in the treatment of osteosarcoma.,Designated/Approved,,,Levoleucovorin rescue is indicated after high-dose methotrexate therapy in osteosarcoma. Levoleucovorin is also indicated to diminish the toxicity and counteract the effects of impaired methotrexate elimination and of inadvertent overdosage of folic acid antagonists,2008-07-03 00:00:00,2015-07-03 00:00:00,,Acrotech Biopharma LLC,279 Princeton Hightstown Road,,East Windsor,New Jersey,' 08520 ' ,United States,48490.0
Levomethadyl acetate hydrochloride,Orlaam,01/24/1985,Treatment of heroin addicts suitable for maintenance on opiate agonists.,Designated/Approved,,,For the management of opiate dependence.,1993-09-07 00:00:00,2000-09-07 00:00:00,,Biodevelopment Corporation,"8180 Greensboro Drive, Suite 1000",,McLean,Virginia,' 22102 ' ,United States,4784.0
Liothyronine sodium injection,Triostat,07/30/1990,Treatment of myxedema coma/precoma.,Designated/Approved,,,Treatment of myxedema coma/precoma.,12/31/1991,12/31/1998,,SmithKline Beecham Pharmaceuticals,One Franklin Plaza,P.O. Box 7929,Philadelphia,Pennsylvania,' 19101 ' ,United States,46090.0
Liposomal amphotericin B,AmBisome,1996-06-12 00:00:00,Treatment of visceral leishmaniasis.,Designated/Approved,,,Treatment of visceral leishmaniasis.,1997-11-08 00:00:00,2004-11-08 00:00:00,,"Fujisawa USA, Inc.",3 Parkway North Center,,Deerfield,Illinois,' 60015 ' ,United States,99596.0
Liposomal amphotericin B,AmBisome,1996-10-12 00:00:00,Treatment of cryptococcal meningitis.,Designated/Approved,,,Treatment of disseminated cryptococcosis including meningitis.,1997-11-08 00:00:00,2004-11-08 00:00:00,,"Fujisawa USA, Inc.",3 Parkway North Center,,Deerfield,Illinois,' 60015 ' ,United States,99496.0
lomitapide,Juxtapid,10/23/2007,Treatment of homozygous familial hypercholesterolemia,Designated/Approved,,,"Adjunct to a low-fat diet and other lipid-lowering treatments, including LDL apheresis where available, to reduce low-density lipoprotein cholesterol (LDL-C), total cholesterol (TC), apolipoprotein B (apo B), and non-high-density lipoprotein cholesterol (non-HDL-C) in patients with homozygous familial hypercholesterolemia (HoFH).",12/21/2012,12/21/2019,,Chiesi Farmaceutici S.p.A.,Via Palermo 26/A,,Parma,Emilia Romagna,' 43122 ' ,Italy,245907.0
lonafarnib,ZOKINVY,04/18/2011,Treatment of Hutchinson-Gilford progeria syndrome and progeroid laminopathies,Designated/Approved,,,in patients 12 months of age and older with a body surface area (BSA) of 0.39 m2 and above (1) to reduce the risk of mortality in Hutchinson-Gilford Progeria Syndrome (HGPS); and (2) for the treatment of processing-deficient Progeroid Laminopathies with either heterozygous LMNA mutation with progerin-like protein accumulation or homozygous or compound heterozygous ZMPSTE24 mutations,11/20/2020,11/20/2027,in patients 12 months of age and older with a body surface area (BSA) of 0.39 m2 and above: (1) to reduce the risk of mortality in Hutchinson-Gilford Progeria Syndrome (HGPS); and (2) for the treatment of processing-deficient Progeroid Laminopathies with either heterozygous LMNA mutation with progerin-like protein accumulation or homozygous or compound heterozygous ZMPSTE24 mutations,"Sentynl Therapeutics, Inc.","420 Stevens Ave., Suite 200",,Solana Beach,California,' 92075 ' ,United States,333411.0
lonapegsomatropin-tcgd,Skytrofa,04/13/2020,Treatment of growth hormone deficiency,Designated/Approved,,,Treatment of pediatric patients 1 year and older who weigh at least 11.5 kg and have growth failure due to inadequate secretion of endogenous growth hormone (GH),08/25/2021,,,Ascendis Pharma Endocrinology Division A/S,12 Tuborg Boulevard,,Hellerup,,' ' ,Denmark,654718.0
loncastuximab tesirine-lpyl,Zynlonta,2017-08-06 00:00:00,Treatment of diffuse large B-cell lymphoma,Designated/Approved,,,"treatment of adult patients with relapsed or refractory large B-cell lymphoma after two or more lines of systemic therapy, including diffuse large B-cell lymphoma (DLBCL) not otherwise specified, DLBCL arising from low grade lymphoma, and high-grade B-cell lymphoma",04/23/2021,04/23/2028,treatment of adult patients with relapsed or refractory diffuse large B-cell lymphoma after two or more lines of systemic therapy,ADC Therapeutics SA,"Route de la Corniche, 3B",,Epalinges,Vaud,' ' ,Switzerland,572716.0
lumacaftor and ivacaftor,Orkambi,06/30/2014,Treatment of cystic fibrosis,Designated/Approved,,,Treatment of cystic fibrosis (CF) in patients aged 1 year and older who are homozygous for the F508del mutation in the CFTR gene,2022-02-09 00:00:00,2029-02-09 00:00:00,Treatment of cystic fibrosis (CF) in patients aged 1 year to less than 2 years who are homozygous for the F508del mutation in the CFTR gene,Vertex Pharmaceuticals Inc.,50 Northern Avenue,,Boston,Massachusetts,' 02210 ' ,United States,434814.0
lumacaftor/ivacaftor,Orkambi,06/30/2014,Treatment of cystic fibrosis,Designated/Approved,,,Treatment of cystic fibrosis in patients age 12 years and older who are homozygous for F508del mutation in the CFTR gene,2015-02-07 00:00:00,2022-02-07 00:00:00,Treatment of cystic fibrosis in patients age 12 years and older who are homozygous for F508del mutation in the CFTR gene,Vertex Pharmaceuticals Inc.,50 Northern Avenue,,Boston,Massachusetts,' 02210 ' ,United States,434814.0
lumacaftor/ivacaftor,Orkambi,06/30/2014,Treatment of cystic fibrosis,Designated/Approved,,,ORKAMBI is a combination of lumacaftor and ivacaftor indicated for the treatment of cystic fibrosis (CF) in patients age 2 years and older who are homozygous for the F508del mutation in the CFTR gene.,2018-07-08 00:00:00,2025-07-08 00:00:00,ORKAMBI (lumacaftor/ivacaftor) oral granules indicated for the treatment of cystic fibrosis (CF) in patients age 2 through 5 years old who are homozygous for the F508del mutation in the CFTR gene.,Vertex Pharmaceuticals Inc.,50 Northern Avenue,,Boston,Massachusetts,' 02210 ' ,United States,434814.0
lumacaftor/ivacaftor,Orkambi,06/30/2014,Treatment of cystic fibrosis,Designated/Approved,,,Treatment of cystic fibrosis (CF) in patients age 6 years and older who are homozygous for the F508del mutation in the CFTR gene,09/28/2016,09/28/2023,Treatment of cystic fibrosis (CF) in patients age 6-11 years old who are homozygous for the F508del mutation in the CFTR gene,Vertex Pharmaceuticals Inc.,50 Northern Avenue,,Boston,Massachusetts,' 02210 ' ,United States,434814.0
lumasiran,Oxlumo,2016-08-02 00:00:00,Treatment of primary hyperoxaluria type 1,Designated/Approved,,,treatment of primary hyperoxaluria type 1 (PH1) to lower urinary oxalate levels in pediatric and adult patients,11/23/2020,11/23/2027,treatment of primary hyperoxaluria type 1 (PH1) to lower urinary oxalate levels in pediatric and adult patients,"Alnylam Pharmaceuticals, Inc.",300 Third Street,,Cambridge,Massachusetts,' 02142 ' ,United States,505315.0
lumasiran,Oxlumo,2016-08-02 00:00:00,Treatment of primary hyperoxaluria type 1,Designated/Approved,,,Treatment of primary hyperoxaluria type 1 (PH1) to lower urinary and plasma oxalate levels in pediatric and adult patients,2022-06-10 00:00:00,2029-06-10 00:00:00,Treatment of primary hyperoxaluria type 1 (PH1) to lower plasma oxalate levels in pediatric and adult patients,Alnylam Pharmaceuticals,300 Third Street,,Cambridge,Massachusetts,' 02142 ' ,United States,505315.0
lurbinectedin,Zepzelca,2018-01-08 00:00:00,Treatment of small cell lung cancer (SCLC),Designated/Approved,,,Zepzelca (lurbinectedin) is indicated for the treatment of adult patients with metastatic small cell lung cancer (SCLC) with disease progression on or after prior platinum-based chemotherapy.,06/15/2020,06/15/2027,For the treatment of adult patients with metastatic small cell lung cancer (SCLC) with disease progression on or after platinum-based chemotherapy.,Jazz Pharmaceuticals Ireland Limited,5th Floor Waterloo Exchange,Waterloo Road,Dublin,,' ' ,Ireland,646018.0
luspatercept-aamt,Reblozyl,03/18/2013,Treatment of myelodysplastic syndrome,Designated/Approved,,,REBLOZYL is indicated for the treatment of anemia failing an erythropoiesis stimulating agent and requiring 2 or more red blood cell units over 8 weeks in adult patients with very low- to intermediate-risk myelodysplastic syndromes with ring sideroblasts (MDS-RS) or with myelodysplastic/myeloproliferative neoplasm with ring sideroblasts and thrombocytosis (MDS/MPN-RS-T).,2020-03-04 00:00:00,2027-03-04 00:00:00,For the treatment of anemia failing an erythropoiesis stimulating agent and requiring 2 or more red blood cell units over 8 weeks in adult patients with very low- to intermediate-risk myelodysplastic syndromes with ring sideroblasts (MDS-RS),"Celgene Corporation, a Bristol-Myers Squibb Company",86 Morris Avenue,,Summit,New Jersey,' 07901 ' ,United States,387112.0
luspatercept-aamt,Reblozyl,03/18/2013,Treatment of myelodysplastic syndrome,Designated/Approved,,,treatment of anemia without previous erythropoiesis stimulating agent use (ESA-naive) in adult patients with very low- to intermediate-risk myelodysplastic syndromes (MDS) who may require regular red blood cell (RBC) transfusions,08/28/2023,08/28/2030,treatment of anemia without previous erythropoiesis stimulating agent use (ESA-naive) in adult patients with very low- to intermediate-risk myelodysplastic syndromes (MDS) who may require regular red blood cell (RBC) transfusions,"Celgene Corporation, a Bristol-Myers Squibb Company",86 Morris Avenue,,Summit,New Jersey,' 07901 ' ,United States,387112.0
Luspatercept-aamt,REBLOZYL,2013-11-03 00:00:00,Treatment of B-thalassemia,Designated/Approved,,,REBLOZYL is indicated for the treatment of anemia in adult patients with beta thalassemia who require regular red blood cell (RBC) transfusions.,2019-08-11 00:00:00,2026-08-11 00:00:00,Indicated for the treatment of anemia in adult patients with beta thalassemia who require regular red blood cell (RBC) transfusions.,Celgene Corporation,86 Morris Avenue,,Summit,New Jersey,' 07901 ' ,United States,389813.0
lutetium Lu 177 dotatate,Lutathera,2009-12-01 00:00:00,Treatment of gastro-entero-pancreatic neuroendocrine tumors,Designated/Approved,,,"treatment of adult and pediatric patients 12 years and older with somatostatin receptor-positive gastroenteropancreatic neuroendocrine tumors (GEP-NETs), including foregut, midgut, and hindgut neuroendocrine tumors",04/23/2024,04/23/2031,"treatment of pediatric patients 12 years and older with somatostatin receptor-positive gastroenteropancreatic neuroendocrine tumors (GEP-NETs), including foregut, midgut, and hindgut neuroendocrine tumors",Advanced Accelerator Applications,57 East Willow Street,,Millburn,New Jersey,' 07041 ' ,United States,271008.0
macitentan,Opsumit,2009-03-09 00:00:00,Treatment of pulmonary arterial hypertension,Designated/Approved,,,"Treatment of pulmonary arterial hypertension (PAH, WHO Group 1) to delay disease progression. Disease progression included: death, initiation of intravenous (IV) or subcutaneous prostanoids, or clinical worsening of PAH (decreased 6-minute walk distance, worsened PAH symptoms and need for additional PAH treatment). Opsumit also reduced hospitalization for PAH.",10/18/2013,10/18/2020,"Treatment of pulmonary arterial hypertension (PAH, WHO Group 1) to delay disease progression. Disease progression included: death, initiation of intravenous (IV) or subcutaneous prostanoids, or clinical worsening of PAH (decreased 6-minute walk distance, worsened PAH symptoms and need for additional PAH treatment). Opsumit also reduced hospitalization for PAH.",Actelion Pharmaceuticals Ltd,Gewerbestrasse 16,,Allschwil,,' ' ,Switzerland,282209.0
macitentan and tadalafil,Opsynvi,10/19/2016,Treatment of pulmonary arterial hypertension,Designated/Approved,,,"chronic treatment of adults with pulmonary arterial hypertension (PAH, WHO Group I and WHO Functional Class (FC) II-III)",03/22/2024,03/22/2031,"chronic treatment of adults with pulmonary arterial hypertension (PAH, WHO Group I and WHO Functional Class (FC) II-III)","Actelion Pharmaceuticals US, Inc.","1125 Trenton-Harbourton Road,",1st Floor/B-Wing,Titusville,New Jersey,' 08560 ' ,United States,509615.0
MANNITOL,Bronchitol,2005-11-02 00:00:00,For use to facilitate clearance of mucus in patients with bronchiectasis and in patients with cystic fibrosis at risk for bronchiectasis,Designated/Approved,,,as add-on maintenance therapy to improve pulmonary function in adult patients 18 years of age and older with cystic fibrosis. Use Bronchitol only for adults who have passed the Bronchitol Tolerance Test.,10/30/2020,10/30/2027,as add-on maintenance therapy to improve pulmonary function in adult patients 18 years of age and older with cystic fibrosis and who have passed the Bronchitol Tolerance Test,Pharmaxis Europe Limited,"76 Furze Road, Dublin 18","Sandyford Business Park, Suite 108, Q house",Dublin,,' D18 AY29 ' ,Ireland,198704.0
maralixibat,Livmarli,2013-04-09 00:00:00,Treatment of progressive familial intrahepatic cholestasis,Designated/Approved,,,treatment of cholestatic pruritus in patients 12 months of age and older with progressive familial intrahepatic cholestasis (PFIC),07/24/2024,07/24/2031,treatment of cholestatic pruritus in patients 12 months of age to less than 5 years of age with progressive familial intrahepatic cholestasis (PFIC),"Mirum Pharmaceuticals, Inc.","989 E Hillsdale Blvd., Suite 300",,Foster City,California,' 94404 ' ,United States,406013.0
maralixibat,Livmarli,2013-04-09 00:00:00,Treatment of alagille syndrome,Designated/Approved,,,treatment of cholestatic pruritus in patients with Alagille syndrome (ALGS) 3 months of age and older,03/13/2023,03/13/2030,treatment of cholestatic pruritus in patients 3 months of age to less than 1 year of age with Alagille syndrome (ALGS),"Mirum Pharmaceuticals, Inc.","989 E Hillsdale Blvd., Suite 300",,Foster City,California,' 94404 ' ,United States,401513.0
maralixibat,Livmarli,2013-04-09 00:00:00,Treatment of alagille syndrome,Designated/Approved,,,Treatment of cholestatic pruritus in patients with Alagille syndrome (ALGS) 1 year of age and older,09/29/2021,09/29/2028,Treatment of cholestatic pruritus in patients with Alagille syndrome (ALGS) 1 year of age and older,"Mirum Pharmaceuticals, Inc.","989 E Hillsdale Blvd., Suite 300",,Foster City,California,' 94404 ' ,United States,401513.0
maralixibat,Livmarli,2013-04-09 00:00:00,Treatment of progressive familial intrahepatic cholestasis,Designated/Approved,,,treatment of cholestatic pruritus in patients 5 years of age and older with progressive familial intrahepatic cholestasis (PFIC),03/13/2024,03/13/2031,treatment of cholestatic pruritus in patients 5 years of age and older with progressive familial intrahepatic cholestasis (PFIC),"Mirum Pharmaceuticals, Inc.","989 E Hillsdale Blvd., Suite 300",,Foster City,California,' 94404 ' ,United States,406013.0
maribavir,Livtencity,2011-07-06 00:00:00,Treatment of clinically significant cytomegalovirus viremia and disease in at-risk patients.,Designated/Approved,,,"Treatment of adults and pediatric patients (12 years of age and older and weighing at least 35 kg) with post-transplant cytomegalovirus (CMV) infection/disease that is refractory to treatment (with or without genotypic resistance) with ganciclovir, valganciclovir, cidofovir or foscarnet",11/23/2021,11/23/2028,"Treatment of adults and pediatric patients (12 years of age and older and weighing at least 35 kg) with post-transplant cytomegalovirus (CMV) infection/disease that is refractory to treatment (with or without genotypic resistance) with ganciclovir, valganciclovir, cidofovir or foscarnet","Takeda Pharmaceuticals U.S.A., Inc.",500 Kendall Street,,Cambridge,Massachusetts,' 02142 ' ,United States,332210.0
marstacimab-hncq,Hympavzi,05/18/2016,"Treatment of hemophilia A and hemophilia B patients with or without inhibitors, which includes routine prophylaxis to prevent or reduce the frequency of bleeding in hemophilia A and hemophilia B patients.",Designated/Approved,,,"routine prophylaxis to prevent or reduce the frequency of bleeding episodes in adult and pediatric patients 12 years of age and older with hemophilia A (congenital factor VIII deficiency) without factor VIII inhibitors, or hemophilia B (congenital factor IX deficiency) without factor IX inhibitors",2024-11-10 00:00:00,2031-11-10 00:00:00,"routine prophylaxis to prevent or reduce the frequency of bleeding episodes in adult and pediatric patients 12 years of age and older with hemophilia A (congenital factor VIII deficiency) without factor VIII inhibitors, or hemophilia B (congenital factor IX deficiency) without factor IX inhibitors",Pfizer Inc.,66 Hudson Boulevard East,,New York,New York,' 10001 ' ,United States,521916.0
mavacamten,Camzyos,04/27/2016,Treatment of symptomatic hypertrophic cardiomyopathy,Designated/Approved,,,Treatment of adults with symptomatic New York Heart Association (NYHA) class II-III obstructive hypertrophic cardiomyopathy (HCM) to improve functional capacity and symptoms,04/28/2022,04/28/2029,Treatment of adults with symptomatic New York Heart Association (NYHA) class II-III obstructive hypertrophic cardiomyopathy (HCM) to improve functional capacity and symptoms,"MyoKardia, Inc. (A Wholly-Owned Subsidiary of Bristol Myers Squibb)",1000 Sierra Point Parkway,,Brisbane,California,' 94005 ' ,United States,515015.0
mavorixafor,Xolremdi,2018-10-10 00:00:00,"Treatment of warts, hypogammaglobulinemia, infections, and myelokathexis (WHIM) syndrome",Designated/Approved,,,"to increase the number of circulating mature neutrophils and lymphocytes in patients 12 years of age and older with WHIM syndrome (warts, hypogammaglobulinemia, infections and myelokathexis)",04/26/2024,04/26/2031,"to increase the number of circulating mature neutrophils and lymphocytes in patients 12 years of age and older with WHIM syndrome (warts, hypogammaglobulinemia, infections and myelokathexis)","X4 Pharmaceuticals, Inc.",1 Broadway,14th Floor,Cambridge,Massachusetts,' 02142 ' ,United States,500115.0
Mecasermin,Increlex,1995-12-12 00:00:00,Treatment of growth hormone insensitivity syndrome.,Designated/Approved,,,Long-term treatment of growth failure in children with severe primary IGF-1 deficiency (Primary IGFD) or with growth hormone (GH) gene deletion who have developed neutralizing antibodies to growth hormone.,08/30/2005,08/30/2012,,"Eton Pharmaceuticals, Inc.","21925 W. Field Parkway, Suite 235",,Deer Park,Illinois,' 60010 ' ,United States,93695.0
mecasermin rinfabate,Iplex,05/17/2002,Treatment of growth hormone insensitivity syndrome (GHIS),Designated/Approved,,,Treatment of growth failure in children with severe primary IGF-1 deficiency (Primary IGFD) or with growth hormone (GH) gene deletion who have developed neutralizing antibodies to growth hormone,2005-12-12 00:00:00,2012-12-12 00:00:00,,"Insmed, Inc.",10 Finderne Ave,Building 10,Bridgewater,New Jersey,' 08807 ' ,United States,156302.0
meclorethamine,Valchlor,08/17/2004,Treatment of mycosis fungoides,Designated/Approved,,,Topical treatment of Stage 1A and 1B mycosis fungoides-type cutaneous T-cell lymphoma in patients who have received prior skin-directed therapy.,08/23/2013,08/23/2020,Topical treatment of Stage 1A and 1B mycosis fungoides-type cutaneous T-cell lymphoma in patients who have received prior skin-directed therapy.,Helsinn Birex Pharmaceuticals Ltd.,Damastown,,Mulhuddart,County Dublin,' ' ,Ireland,188404.0
mefloquine HCL,Lariam,04/13/1988,"For use in the treatment of acute malaria due to Plasmodium falciparum and Plasmodium vivax, and for the prophylaxis of Plasmodium falciparum malaria which is resistant to other available drugs",Designated/Approved/Designation Withdrawn or Revoked,09/18/2024,,Prophylaxis of Plasmodium falciparum malaria which is resistant to other available drugs,1989-03-05 00:00:00,1996-03-05 00:00:00,,"Hoffmann-La Roche, Inc.",340 Kingsland Street,,Nutley,New Jersey,' 07110 ' ,United States,26287.0
mefloquine HCL,Lariam,04/13/1988,"For use in the treatment of acute malaria due to Plasmodium falciparum and Plasmodium vivax, and for the prophylaxis of Plasmodium falciparum malaria which is resistant to other available drugs",Designated/Approved/Designation Withdrawn or Revoked,09/18/2024,,Treatment of acute malaria due to Plasmodium falciparum and Plasmodium vivax,1989-02-05 00:00:00,1996-02-05 00:00:00,,"Hoffmann-La Roche, Inc.",340 Kingsland Street,,Nutley,New Jersey,' 07110 ' ,United States,26287.0
Megestrol acetate,Megace,04/13/1988,"Treatment of patients with anorexia, cachexia, or significant weight loss (=/>10% of baseline body weight) and confirmed diagnosis of AIDS.",Designated/Approved,,,"Treatment of anorexia, cachexia, or an unexplained significant weight loss in patients with a diagnosis of acquired immune deficiency syndrome.",1993-10-09 00:00:00,2000-10-09 00:00:00,,Bristol-Myers Squibb Pharmaceutical Research Institute,2400 West Lloyd Expressway,,Evansville,Indiana,' 47721 ' ,United States,26187.0
meloxicam,Mobic,11/22/2002,Treatment of juvenile rheumatoid arthritis,Designated/Approved,,,For relief of the signs and symptoms of pauciarticular or polyarticular course Juvenile Rheumatoid Arthritis in patients 2 years of age or older,2005-11-08 00:00:00,2012-11-08 00:00:00,,"Boehringer Ingelheim Pharmaceuticals, Inc.",900 Ridgebury Road,P. O. Box 368,Ridgefield,Connecticut,' 06877 ' ,United States,160602.0
melphalan,Hepzato,2008-12-11 00:00:00,Treatment of patients with ocular (uveal) melanoma.,Designated/Approved,,,"as a liver-directed treatment for adult patients with uveal melanoma with unresectable hepatic metastases affecting less than 50% of the liver and no extrahepatic disease or extrahepatic disease limited to the bone, lymph nodes, subcutaneous tissues, or lung that is amenable to resection or radiation",08/14/2023,08/14/2030,"as a liver-directed treatment for adult patients with uveal melanoma with unresectable hepatic metastases affecting less than 50% of the liver and no extrahepatic disease or extrahepatic disease limited to the bone, lymph nodes, subcutaneous tissues, or lung that is amenable to resection or radiation","Delcath Systems, Inc.","1633 Broadway, 22nd Floor",,New York,New York,' 10019 ' ,United States,271708.0
melphalan,EVOMELA,11/24/2008,High dose conditioning treatment prior to hematopoietic progenitor (stem) cell transplantation,Designated/Approved,,,for high-dose conditioning treatment prior to hematopoietic progenitor (stem) cell transplantation in patients with multiple myeloma,2016-10-03 00:00:00,2023-10-03 00:00:00,for high-dose conditioning treatment prior to hematopoietic progenitor (stem) cell transplantation in patients with multiple myeloma,Acrotech Biopharma LLC,279 Princeton Hightstown Road,,East Windsor,New Jersey,' 08520 ' ,United States,270008.0
mepolizumab,NUCALA,07/14/2011,Treatment of Churg-Strauss Syndrome,Designated/Approved,,,Treatment of adult patients with Eosinophilic Granulomatosis Polyangiitis (EGPA),2017-12-12 00:00:00,2024-12-12 00:00:00,Treatment of adult patients with Eosinophilic Granulomatosis Polyangiitis (EGPA),GlaxoSmithKline LLC,Corporation Service Company,1250 S. Collegeville Rd.,Collegeville,Pennsylvania,' 19426 ' ,United States,345111.0
mepolizumab,NUCALA,05/28/2004,Treatment of hypereosinophilic syndrome,Designated/Approved,,,treatment of adult and pediatric patients aged 12 years and older with hypereosinophilic syndrome (HES) for > or = 6 months without an identifiable non-hematologic secondary cause,09/25/2020,09/25/2027,treatment of adult and pediatric patients aged 12 years and older with hypereosinophilic syndrome (HES) for > or = 6 months without an identifiable non-hematologic secondary cause,GlaxoSmithKline LLC,1250 S. Collegeville Road,,Collegeville,Pennsylvania,' 19426 ' ,United States,182103.0
mepolizumab,NUCALA,07/14/2011,Treatment of Churg-Strauss Syndrome,Designated/Approved,,,NUCALA prefilled autoinjector and single syringe device is indicated for the treatment of adult patients with eosinophilic granulomatosis with polyangiitis (EGPA).,2019-06-06 00:00:00,,,GlaxoSmithKline LLC,Corporation Service Company,1250 S. Collegeville Rd.,Collegeville,Pennsylvania,' 19426 ' ,United States,345111.0
mercaptopurine oral solution,Purixan,08/20/2012,Treatment of acute lymphoblastic leukemia in pediatric patients,Designated/Approved,,,Treatment of patients with acute lymphoblastic leukemia as part of a combination regimen.,04/28/2014,04/28/2021,Treatment of patients with acute lymphoblastic leukemia as part of a combination regimen (in pediatric patients).,Nova Laboratories Limited,Martin House,,Leicester,Wigston,' ' ,United Kingdom,373512.0
mesalamine; 5-aminosalicylic acid,Lialda,02/27/2008,Treatment of ulcerative colitis in pediatric patients (revised indication 10/21/2010).,Designated/Approved,,,Lialda (mesalamine) is indicated for the treatment of mildly to moderately active ulcerative colitis in pediatric patients weighing at least 24 kg.,06/26/2020,,,"Takeda Development Center Americas, Inc.",500 Kendall Street,,Cambridge,Massachusetts,' 02142 ' ,United States,253607.0
Mesna,Mesnex,11/14/1985,For use as a prophylactic agent in reducing the incidence of ifosfamide-induced hemorrhagic cystitis.,Designated/Approved,,,,12/30/1988,12/30/1995,,Degussa Corporation,65 Challenger Road,,Ridgefield Park,New Jersey,' 07660 ' ,United States,8685.0
methotrexate oral solution,Xatmep,08/27/2015,Management of pediatric patients with active polyarticular juvenile idiopathic arthritis (pJIA) who are intolerant of or had an inadequate response to first-line therapy.,Designated/Approved,,,"Management of pediatric patients with active polyarticular juvenile idiopathic arthritis (pJIA) who have had an insufficient therapeutic response to, or are intolerant of, an adequate trial of first-line therapy including full dose non-steroidal anti-inflammatory agents (NSAIDs).",04/25/2017,04/25/2024,Management of pediatric patients with active polyarticular juvenile idiopathic arthritis (pJIA) who are intolerant or of had an inadequate response to first-line therapy.,"Silvergate Pharmaeuticals, Inc.",6251 Greenwood Plaza Blvd,Suite 101,Greenwood Village,Colorado,' 80111 ' ,United States,479515.0
methotrexate oral solution,Xatmep,05/28/2015,Treatment of acute lymphoblastic leukemia in pediatric patients (0 through 16 years of age),Designated/Approved,,,Treatment of pediatric patients with acute lymphoblastic leukemia (ALL) as a component of a combination chemotherapy maintenance regimen,04/25/2017,04/25/2024,Treatment of pediatric patients with acute lymphoblastic leukemia (ALL) as a component of a combination chemotherapy maintenance regimen,"Silvergate Pharmaceuticals, Inc.",6251 Greenwood Plaza Blvd.,Suite 101,Greenwood Village,Colorado,' 80111 ' ,United States,479615.0
Methotrexate sodium,Methotrexate,10/21/1985,Treatment of osteogenic sarcoma.,Designated/Approved,,,For the use of high dose methotrexate with leucovorin rescue in patients with non-metastatic osteosarcoma who have undergone surgical resection or amputation for the primary tumor.,1988-07-04 00:00:00,1995-07-04 00:00:00,,Lederle Laboratories,Division of American Cyanamid Company,401 N. Middletown Road,Pearl River,New York,' 10965 ' ,United States,9985.0
methylene blue0.5%,ProvayBlue,12/18/2012,Treatment of hereditary and acquired methemoglobinemia,Designated/Approved,,,For treatment of pediatric and adult patients with acquired methemoglobinemia.,2016-08-04 00:00:00,2023-08-04 00:00:00,For treatment of pediatric and adult patients with acquired methemoglobinemia.,Provepharm SAS,Technopote de Chateau-Combert,,Marseille,,' ' ,France,385512.0
metreleptin,MYALEPT,08/22/2001,Treatment of metabolic disorders secondary to lipodystrophy,Designated/Approved,,,Adjunct to diet as replacement therapy to treat the complications of leptin deficiency in patients with congenital or acquired generalized lipodystrophy.,02/24/2014,02/24/2021,Adjunct to diet as replacement therapy to treat the complications of leptin deficiency in patients with congenital or acquired generalized lipodystrophy.,Chiesi Farmaceutici S.p.A.,Via Palermo 26/A,,Parma,Emilia Romagna,' 43122 ' ,Italy,146701.0
Metronidazole (topical),Metrogel,10/22/1987,Treatment of acne rosacea.,Designated/Approved,,,,11/22/1988,11/22/1995,,"Galderma Laboratories, Inc.",P.O. Box 331329,,Fort Worth,Texas,' 76163 ' ,United States,21687.0
midazolam,NAYZILAM,10/20/2009,"Rescue treatment of seizures in patients who require control of intermittent bouts of increased seizure activity (e.g. acute repetitive seizures, seizure clusters)",Designated/Approved,,,"NAYZILAM is indicated for the acute treatment of intermittent, stereotypic episodes of frequent seizure activity (i.e., seizure clusters, acute repetitive seizures) that are distinct from a patients usual seizure pattern in patients with epilepsy 12 years of age and older.",05/17/2019,05/17/2026,"NAYZILAM is indicated for the acute treatment of intermittent, stereotypic episodes of frequent seizure activity (i.e., seizure clusters, acute repetitive seizures) that are distinct from a patients usual seizure pattern in patients with epilepsy 12 years of age and older.","UCB, Inc.",1950 Lake Park Drive,Building 2100,Smyrna,Georgia,' 30080 ' ,United States,277809.0
midazolam,SEIZALAM,2016-04-02 00:00:00,Treatment of status epilepticus,Designated/Approved,,,SEIZALAM is indicated for the treatment of status epilepticus in adults.,09/14/2018,09/14/2025,SEIZALAM is indicated for the treatment of status epilepticus in adults.,Meridian Medical Technologies,6350 Stevens Forest Road,Suite 301,Columbia,Maryland,' 21046 ' ,United States,508215.0
midostaurin,Rydapt,04/30/2010,Treatment of mastocytosis,Designated/Approved,,,"Treatment of adult patients with aggressive systemic mastocytosis (ASM), systemic mastocytosis with associated hematological neoplasm (SM-AHN), or mast cell leukemia (MCL)",04/28/2017,04/28/2024,"Treatment of adult patients with aggressive systemic mastocytosis (ASM), systemic mastocytosis with associated hematological neoplasm (SM-AHN), or mast cell leukemia (MCL)",Novartis Pharmaceuticals Corporation,"One Health Plaza, 105/3W038",,East Hanover,New Jersey,' 07936 ' ,United States,306410.0
midostaurin,Rydapt,2009-07-07 00:00:00,Treatment of acute myeloid leukemia,Designated/Approved,,,"Treatment of adult patients with newly diagnosed acute myeloid leukemia (AML) that is FLT3 mutation-positive as detected by an FDA approved test, in combination with standard cytarabine and daunorubicin induction and cytarabine consolidation.",04/28/2017,04/28/2024,"Treatment of adult patients with newly diagnosed acute myeloid leukemia (AML) that is FLT3 mutation-positive as detected by an FDA approved test, in combination with standard cytarabine and daunorubicin induction and cytarabine consolidation.",Novartis Pharmaceuticals Corporation,"One Health Plaza, 105/3W038",,East Hanover,New Jersey,' 07936 ' ,United States,285909.0
mifepristone,Korlym,2007-05-07 00:00:00,Treatment of the clinical manifestations of endogenous Cushing's syndrone,Designated/Approved,,,for the control of hyperglycemia secondary to hypercortisolism in adult patients with endogenous Cushing's syndrome who have type 2 diabetes mellitus or glucose intolerance and have failed surgery or are not candidates for surgery.,02/17/2012,02/17/2019,,"Corcept Therapeutics, Inc.",149 Commonwealth Drive,,Menlo Park,California,' 94025 ' ,United States,239507.0
migalastat hydrochloride,GALAFOLD,02/25/2004,Treatment of Fabry Disease,Designated/Approved,,,GALAFOLD is indicated for the treatment of adults with a confirmed diagnosis of Fabry disease and an amenable galactosidase alpha gene (GLA) variant based on in vitro assay data,2018-10-08 00:00:00,2025-10-08 00:00:00,GALAFOLD is indicated for the treatment of adults with a confirmed diagnosis of Fabry disease and an amenable galactosidase alpha gene (GLA) variant based on in vitro assay data,"Amicus Therapeutics, Inc.",1 Cedarbrook Drive,,Cranbury,New Jersey,' 08512 ' ,United States,180003.0
miglustat,Zavesca,05/29/1998,Treatment of Gaucher disease.,Designated/Approved,,,"Treatment of mild to moderate Type I Gaucher disease in adults for whom enzyme replacement therapy is not a therapeutic option (e.g., due to constraints such as allergy, hypersensitivity, or poor venous access).",07/31/2003,07/31/2010,,IC-MedTech Corporation,9902 Indian Creek Lane,,San Diego,California,' 92021 ' ,United States,112598.0
miltefosine,IMPAVIDO,2006-10-10 00:00:00,Treatment of leishmaniasis.,Designated/Approved,,,"Treatment of visceral leishmaniasis due to Leishmania donovani; cutaneous leishmaniasis due to Leishmania braziliensis, Leishmania guyanensis, and Leishmania panamensis; and mucosal leishmaniasis due to Leishmania braziliensis.",03/19/2014,03/19/2021,"Treatment of visceral leishmaniasis due to Leishmania donovani; cutaneous leishmaniasis due to Leishmania braziliensis, Leishmania guyanensis, and Leishmania panamensis; and mucosal leishmaniasis due to Leishmania braziliensis.",Knight Therapeutics (USA),Corporation Trust Center,1209 Orange Street,Wilmington,Delaware,' 19801 ' ,United States,229406.0
mipomersen,KYNAMRO,05/23/2006,Treatment of homozygous familial hypercholesterolemia,Designated/Approved,,,"Adjunct to lipid-lowering medications and diet to reduce low density lipoprotein-cholesterol (LDL-C), apolipoprotein B (apo B), total cholesterol (TC), and non-high density lipoprotein-cholesterol (non-HDL-C) in patients with homozygous familial hypercholesterolemia (HoFH).",01/29/2013,01/29/2020,"Adjunct to lipid-lowering medications and diet to reduce low density lipoprotein-cholesterol (LDL-C), apolipoprotein B (apo B), total cholesterol (TC), and non-high density lipoprotein-cholesterol (non-HDL-C) in patients with homozygous familial hypercholesterolemia (HoFH).","Kastle Therapeutics, LLC",181 West Madison Street,Suite 3745,Chicago,Illinois,' 60602 ' ,United States,221406.0
mirdametinib,Gomekli,10/30/2018,Treatment of Neurofibromatosis type I,Designated/Approved,,,treatment of adult and pediatric patients 2 years of age and older with neurofibromatosis type 1 (NF1) who have symptomatic plexiform neurofibromas (PN) not amenable to complete resection,2025-11-02 00:00:00,2032-11-02 00:00:00,treatment of adult and pediatric patients 2 years of age and older with neurofibromatosis type 1 (NF1) who have symptomatic plexiform neurofibromas (PN) not amenable to complete resection,"SpringWorks Therapeutics, Inc.","575 5th Avenue, 16th Floor",,New York,New York,' 10017 ' ,United States,655618.0
mirvetuximab soravtansine-gynx,Elahere,07/14/2014,Treatment of ovarian cancer,Designated/Approved,,,"treatment of adult patients with folate receptor-alpha (FR?) positive, platinum-resistant epithelial ovarian, fallopian tube, or primary peritoneal cancer, who have received one to three prior systemic treatment regimens. Select patients for therapy based on an FDA-approved test.",11/14/2022,11/14/2029,"treatment of adult patients with folate receptor-alpha (FR?) positive, platinum-resistant epithelial ovarian cancer, as detected by an FDA-approved test, who have received one to three prior systemic treatment regimens","ImmunoGen, Inc.",830 Winter Street,,Waltham,Massachusetts,' 02451 ' ,United States,435214.0
mitapivat,Pyrukynd,03/24/2015,Treatment of pyruvate kinase deficiency,Designated/Approved,,,Treatment of hemolytic anemia in adults with pyruvate kinase (PK) deficiency,02/17/2022,02/17/2029,Treatment of hemolytic anemia in adults with pyruvate kinase (PK) deficiency,"Agios Pharmaceuticals, Inc.",88 Sidney Street,,Cambridge,Massachusetts,' 02139 ' ,United States,442814.0
mitomycin,Jelmyto,2014-08-09 00:00:00,Treatment of upper tract urothelial cell cancers (transitional cell carcinoma of the renal pelvis and ureter),Designated/Approved,,,JELMYTO is indicated for the treatment of adult patients with low-grade Upper Tract Urothelial Cancer (LG-UTUC),04/15/2020,04/15/2027,Indicated for the treatment of adult patients with low-grade Upper Tract Urothelial Cancer (LG-UTUC).,"UroGen Pharma, Ltd.","9 Ha'Ta'asiya St., POB 2397",,Ra'anana,,' ' ,Israel,445114.0
mitomycin-C,Mitosol,2008-08-01 00:00:00,Treatment of refractory glaucoma as an adjunct to surgery,Designated/Approved,,,An adjunct to ab externo glaucoma surgery.,2012-07-02 00:00:00,2019-07-02 00:00:00,,"Mobius Therapeutics, LLC",1141 South 7th Street,,St. Louis,Missouri,' 63104 ' ,United States,251407.0
Mitoxantrone,Novantrone,08/13/1999,Treatment of secondary-progressive multiple sclerosis.,Designated/Approved,,,"Reducing neurologic disability and/or the frequency of clinical relapses in patients with secondary (chronic) progressive, progressive relapsing, or worsening relapsing-remitting multiple sclerosis (i.e., patients whose neurologic status is significantly adnormal between relapses).",10/13/2000,10/13/2007,,"Serono, Inc.",One Technoloogy Place,,Rockland,Massachusetts,' 02370 ' ,United States,125199.0
Mitoxantrone,Novantrone,08/21/1996,Treatment of hormone refractory prostate cancer.,Designated/Approved,,,In combination with corticosteroids as initial chemotherapy for the treatment of patients with pain related to advanced hormone-refractory prostate cancer.,11/13/1996,11/13/2003,,Serono,One Technology Place,,Rockland,Massachusetts,' 02370 ' ,United States,96696.0
Mitoxantrone,Novantrone,08/13/1999,Treatment of progressive-relapsing multiple sclerosis.,Designated/Approved,,,"Reducing neurologic disability and/or the frequency of clinical relapses in patients with secondary (chronic) progressive, progressive relapsing, or worsening relapsing-remitting multiple sclerosis (i.e., patients whose neurologic status is significantly adnormal between relapses).",10/13/2000,10/13/2007,,"Serono, Inc.",One Technology Place,,Rockland,Massachusetts,' 02370 ' ,United States,128499.0
Mitoxantrone HCl,Novantrone,07/13/1987,"Treatment of acute myelogenous leukemia, also referred to as acute nonlymphocytic leukemia.",Designated/Approved,,,,12/23/1987,12/23/1994,,Lederle Laboratories,Division of American Cyanamid Company,401 N. Middletown Road,Pearl River,New York,' 10965 ' ,United States,19287.0
mobocertinib,Exkivity,12/17/2019,"Treatment of non-small cell lung cancer with genetic alterations in EGFR including EGFR mutations and/or EGFR gene amplifications, HER2 mutations, or BRAF G466V mutations",Designated/Approved,,,"Treatment of adult patients with locally advanced or metastatic non-small cell lung cancer (NSCLC) with epidermal growth factor receptor (EGFR) exon 20 insertion mutations, as detected by an FDA-approved test, whose disease has progressed on or after platinum-based chemotherapy (Indication withdrawn)",09/15/2021,07/15/2024,"Treatment of adult patients with locally advanced or metastatic non-small cell lung cancer (NSCLC) with epidermal growth factor receptor (EGFR) exon 20 insertion mutations, as detected by an FDA-approved test, whose disease has progressed on or after platinum-based chemotherapy (Indication withdrawn)","Takeda Development Center Americas, Inc.",500 Kendall Street,,Cambridge,Massachusetts,' 02142 ' ,United States,653018.0
Modafinil,Provigil,03/15/1993,Treatment of excessive daytime sleepiness in narcolepsy.,Designated/Approved,,,Improve wakefulness in patients with excessive daytime sleepiness associated with narcolepsy.,12/24/1998,12/24/2005,,"Cephalon, Inc.",145 Brandywine Parkway,,West Chester,Pennsylvania,' 19380 ' ,United States,73793.0
mogamulizumab,POTELIGEO,2010-02-11 00:00:00,Treatment of patients with cutaneous T-cell lymphoma.,Designated/Approved,,,POTELIGEO is indicated for the treatment of adult patients with relapsed or refractory mycosis fungoides (MF) or S麡ry syndrome (SS) after at least one prior systemic therapy.,2018-08-08 00:00:00,2025-08-08 00:00:00,POTELIGEO is indicated for the treatment of adult patients with relapsed or refractory mycosis fungoides (MF) or S麡ry syndrome (SS) after at least one prior systemic therapy.,Kyowa Kirin Pharmaceutical Development Inc.,212 Carnegie Center # 101,,Princeton,New Jersey,' 08540 ' ,United States,322010.0
momelotinib,Ojjaara,2010-05-08 00:00:00,Treatment of myelofibrosis,Designated/Approved,,,"treatment of intermediate or high-risk myelofibrosis (MF), including primary MF or secondary MF [post-polycythemia vera (PV) and post-essential thrombocythemia (ET)], in adults with anemia",09/15/2023,09/15/2030,"treatment of intermediate or high-risk myelofibrosis (MF), including primary MF or secondary MF [post-polycythemia vera (PV) and post-essential thrombocythemia (ET)], in adults with anemia",GlaxoSmithKline,23 rue Fran篩s Jacob,,Rueil-Malmaison,,' 92500 ' ,France,311610.0
Monooctanoin,Moctanin,05/30/1984,For dissolution of cholesterol gallstones retained in the common bile duct.,Designated/Approved,,,,10/31/1985,10/31/1992,,"Ethitek Pharmaceuticals, Inc.","7855 Gross Point Road, Unit L",,Skokie,Illinois,' 60077 ' ,United States,2484.0
mosunetuzumab-axgb,Lunsumio,12/17/2018,Treatment of follicular lymphoma,Designated/Approved,,,treatment of adult patients with relapsed or refractory follicular lymphoma after two or more lines of systemic therapy,12/22/2022,12/22/2029,treatment of adult patients with relapsed or refractory follicular lymphoma after two or more lines of systemic therapy,"Genentech, Inc.",1 DNA Way,,South San Francisco,California,' 94080 ' ,United States,663418.0
motixafortide,Aphexda,2012-06-07 00:00:00,For use to mobilize hematopoietic stem cells (HSCs) from the marrow to peripheral blood for collection for autologous or allogeneic transplantation,Designated/Approved,,,in combination with filgrastim (G-CSF) to mobilize hematopoietic stem cells to the peripheral blood for collection and subsequent autologous transplantation in patients with multiple myeloma,2023-08-09 00:00:00,2030-08-09 00:00:00,to mobilize hematopoietic stem cells to the peripheral blood for collection and subsequent autologous transplantation in patients with multiple myeloma,"BioLineRx, Ltd.",Modi'in Technology Park,2 HaMa'ayan Street,Modi'in,,' ' ,Israel,371912.0
moxetumomab pasudotox-tdfk,LUMOXITI,11/15/2007,Treatment of hairy cell leukemia,Designated/Approved/Designation Withdrawn or Revoked,2024-06-11 00:00:00,,"LUMOXITI is indicated for the treatment of adult patients with relapsed or refractory hairy cell leukemia (HCL) who received at least two prior systemic therapies, including treatment with a purine nucleoside analog (PNA).",09/13/2018,09/13/2025,,AstraZeneca Pharmaceuticals LP,1800 Concord Pike PO Box 8355,,Wilmington,Delaware,' 19803-8355 ' ,United States,248707.0
"N-acetylgalactosamine-4-sulfatase, recombinant human",Naglazyme,02/17/1999,Treatment of mucopolysaccharidosis Type VI (Maroteaux-Lamy syndrome).,Designated/Approved,,,For patients with mucopolysaccharidosis VI. Galsulfase has been shown to improve walking and stair-climbing capacity.,05/31/2005,05/31/2012,,"BioMarin Pharmaceutical, Inc.",105 Digital Drive,,Novato,California,' 94949 ' ,United States,119898.0
naxitamab-gqgk,DANYELZA,06/24/2013,Treatment of neuroblastoma,Designated/Approved,,,"in combination with granulocyte-macrophage colony-stimulating factor (GM-CSF), for the treatment of pediatric patients 1 year of age and older and adult patients with relapsed or refractory high-risk neuroblastoma in the bone or bone marrow who have demonstrated a partial response, minor response, or stable disease to prior therapy",11/25/2020,11/25/2027,"treatment of pediatric patients 1 year of age and older and adult patients with relapsed or refractory high-risk neuroblastoma in the bone or bone marrow who have demonstrated a partial response, minor response, or stable disease to prior therapy","Y-mAbs Therapeutics, Inc.",750 3rd Avenue,9th Floor,New York,New York,' 10017 ' ,United States,399613.0
nedosiran,Rivfloza,05/15/2018,Treatment of primary hyperoxaluria,Designated/Approved,,,"to lower urinary oxalate levels in children 9 years of age and older and adults with primary hyperoxaluria type 1 (PH1) and relatively preserved kidney function, e.g., eGFR greater than or equal to 30 mL/min/1.73 m2",09/29/2023,09/29/2030,"to lower urinary oxalate levels in children 9 years of age and older and adults with primary hyperoxaluria type 1 (PH1) and relatively preserved kidney function, e.g., eGFR greater than or equal to 30 mL/min/1.73 m2","Dicerna Pharmaceuticals, Inc. (a wholly owned subsidiary of Novo Nordisk)",75 Hayden Avenue,,Lexington,Massachusetts,' 02421 ' ,United States,635418.0
nedosiran,Rivfloza,05/15/2018,Treatment of primary hyperoxaluria,Designated/Approved,,,"to lower urinary oxalate levels in children 2 years of age and older and adults with primary hyperoxaluria type 1 (PH1) and relatively preserved kidney function, e.g., eGFR greater than or equal to 30 mL/min/1.73 m2",03/27/2025,,,"Dicerna Pharmaceuticals, Inc. (a wholly owned subsidiary of Novo Nordisk)",75 Hayden Avenue,,Lexington,Massachusetts,' 02421 ' ,United States,635418.0
nelarabine,Arranon,2004-10-08 00:00:00,Treatment of acute lymphoblastic leukemia and lymphoblastic lymphoma,Designated/Approved,,,Treatment of patients with T-cell acute lymphoblastic leukemia and T-cell lymphoblastic lymphoma whose disease has not responded to or has relapsed following treatment with at least two chemotherapy regimens,10/28/2005,10/28/2012,,Novartis Pharmaceuticals Corp.,One Health Plaza,,East Hanover,New Jersey,' 07936 ' ,United States,184404.0
nifurtimox,LAMPIT,2010-05-08 00:00:00,Treatment of Chagas disease (American Typanosomiasis)caused by T. cruzi,Designated/Approved,,,"LAMPIT is indicated in pediatric patients (birth to less than 18 years of age and weighing at least 2.5 kg) for the treatment of Chagas disease (American Trypanosomiasis), caused by Trypanosoma cruzi",2020-06-08 00:00:00,2027-06-08 00:00:00,indicated in pediatric patients (birth to less than 18 years of age and weighing at least 2.5 kg) for the treatment of Chagas disease (American Trypanosomiasis) caused by Trypanosoma cruzi,"Bayer HealthCare Pharmaceuticals, Inc.",100 BAYER BLVD,,WHIPPANY,New Jersey,' 07981 ' ,United States,310110.0
nilotinib,Tasigna,04/27/2006,Treatment of chronic myelogenous leukemia,Designated/Approved,,,Treatment of pediatric patients greater than or equal to 1 year of age with chronic phase and accelerated phase Philadelphia chromosome positive chronic myeloid leukemia (Ph+ CML) with resistance or intolerance to prior tyrosine-kinase inhibitor (TKI) therapy,09/23/2021,09/23/2028,Treatment of pediatric patients greater than or equal to 1 year of age with accelerated phase Philadelphia chromosome positive chronic myeloid leukemia (Ph+ CML) with resistance or intolerance to prior tyrosine-kinase inhibitor (TKI) therapy,Novartis Pharmaceuticals Corporation,One Health Plaza,,East Hanover,New Jersey,' 07936 ' ,United States,220806.0
nilotinib,Danziten,2025-10-04 00:00:00,Treatment of Chronic Myelogenous Leukemia,Designated/Approved,,,treatment of adult patients with newly diagnosed Philadelphia chromosome positive chronic myeloid leukemia (Ph+ CML) in chronic phase; and treatment of adult patients with chronic phase and accelerated phase Philadelphia chromosome positive chronic myelogenous leukemia (Ph+ CML) resistant or intolerant to prior therapy that included imatinib,2024-07-11 00:00:00,,,"Azurity Pharmaceuticals, Inc.",8 Cabot Road,Suite 2000,Woburn,Massachusetts,' 01801 ' ,United States,822321.0
nilotinib,Tasigna,04/27/2006,Treatment of chronic myelogenous leukemia,Designated/Approved,,,TASIGNA (nilotinib) is indicated for the treatment of pediatric patients greater than or equal to 1 year of age with newly diagnosed Philadelphia chromosome positive chronic myeloid leukemia (Ph+ CML) in chronic phase and pediatric patients greater than or equal to 1 year of age with chronic phase Philadelphia chromosome positive chronic myeloid leukemia (Ph+ CML) with resistance or intolerance to prior tyrosine-kinase inhibitor (TKI) therapy.,03/22/2018,03/22/2025,TASIGNA (nilotinib) is indicated for the treatment of pediatric patients greater than or equal to 1 year of age with newly diagnosed Philadelphia chromosome positive chronic myeloid leukemia (Ph+ CML) in chronic phase and pediatric patients greater than or equal to 1 year of age with chronic phase Philadelphia chromosome positive chronic myeloid leukemia (Ph+ CML) with resistance or intolerance to prior tyrosine-kinase inhibitor (TKI) therapy.,Novartis Pharmaceuticals Corporation,One Health Plaza,,East Hanover,New Jersey,' 07936 ' ,United States,220806.0
nilotinib,Tasigna,04/27/2006,Treatment of chronic myelogenous leukemia,Designated/Approved,,,For the use for chronic phase (CP) and accelerated phase (AP) Philadelphia chromosome positive chronic myelogenous leukemia (CML) in adult patients resistant to or intolerant to prior therapy that included imatinib.,10/29/2007,10/29/2014,,Novartis Pharmaceuticals Corporation,One Health Plaza,,East Hanover,New Jersey,' 07936 ' ,United States,220806.0
nimodipine,NYMALIZE,09/16/2011,Treatment of subarachnoid hemorrhage.,Designated/Approved,,,"Improvement of neurological outcome by reducing the incidence and severity of ischemic deficits in adult patients with subarachnoid hemorrhage (SAH) from ruptured intracranial berry aneurysms regardless of their post-ictus neurological condition (i.e., Hunt and Hess Grades I-V).",2013-10-05 00:00:00,2020-10-05 00:00:00,"Improvement of neurological outcome by reducing the incidence and severity of ischemic deficits in adult patients with subarachnoid hemorrhage (SAH) from ruptured intracranial berry aneurysms regardless of their post-ictus neurological condition (i.e., Hunt and Hess Grades I-V).","Arbor Pharmaceuticals, Inc.",6 Concourse Parkway,Suite 1800,Atlanta,Georgia,' 30328 ' ,United States,338611.0
nintedanib,OFEV,2016-06-07 00:00:00,Treatment of systemic sclerosis (including the associated interstitial lung disease).,Designated/Approved,,,OFEV is indicated to slow the rate of decline in pulmonary function in patients with systemic sclerosis associated interstitial lung disease (SSc-ILD).,2019-06-09 00:00:00,2026-06-09 00:00:00,Indicated to slow the rate of decline in pulmonary function in patients with systemic sclerosis-associated interstitial lung disease (SSc-ILD).,"Boehringer Ingelheim Pharmaceuticals, Inc.",900 Ridgebury Road,P. O. Box 368,Ridgefield,Connecticut,' 06877 ' ,United States,528516.0
nintedanib,OFEV,06/29/2011,Treatment of patients with idiopathic pulmonary fibrosis.,Designated/Approved,,,Treatment of idiopathic pulmonary fibrosis,10/15/2014,10/15/2021,Treatment of idiopathic pulmonary fibrosis,"Boehringer Ingelheim Pharmaceuticals, Inc.",900 Ridgebury Road,P. O. Box 368,Ridgefield,Connecticut,' 06877 ' ,United States,344511.0
nipocalimab-aahu,Imaavy,2021-11-02 00:00:00,Treatment of myasthenia gravis,Designated/Approved,,,treatment of generalized myasthenia gravis (gMG) in adult and pediatric patients 12 years of age and older who are anti-acetylcholine receptor (AChR) or anti-muscle-specific tyrosine kinase (MuSK) antibody positive,04/29/2025,,,"Janssen Research & Development, LLC",1125 Trenton-Harbourton Road,,Titusville,New Jersey,' 08560 ' ,United States,799320.0
niraparib,Zejula,04/30/2010,Treatment of ovarian cancer,Designated/Approved,,,"ZEJULA is indicated for the maintenance treatment of adult patients with advanced epithelial ovarian, fallopian tube, or primary peritoneal cancer who are in a complete or partial response to first-line platinum-based chemotherapy",04/29/2020,04/29/2027,Indicated for the maintenance treatment of adult patients with advanced epithelial ovarian cancer who are in a complete or partial response to first-line platinum-based chemotherapy.,"GlaxoSmithKline, LLC.",1000 Winter St.,Suite 3300,Waltham,Massachusetts,' 02451 ' ,United States,306510.0
niraparib,Zejula,04/30/2010,Treatment of ovarian cancer,Designated/Approved,,,"Indicated for maintenance treatment of adult patients with recurrent epithelial ovarian, fallopian tube, or primary peritoneal cancer who are in a complete or partial response to platinum-based chemotherapy",03/27/2017,03/27/2024,Indicated for maintenance treatment of adult patients with recurrent epithelial ovarian cancer who are in a complete or partial response to platinum-based chemotherapy,"GlaxoSmithKline, LLC.",1000 Winter St.,Suite 3300,Waltham,Massachusetts,' 02451 ' ,United States,306510.0
niraparib,Zejula,04/30/2010,Treatment of ovarian cancer,Designated/Approved,,,"ZEJULA? is indicated for the treatment of adult patients with advanced ovarian, fallopian tube, or primary peritoneal cancer who have been treated with three or more prior chemotherapy regimens and whose cancer is associated with homologous recombination deficiency (HRD) positive status defined by either, (1) a deleterious or suspected deleterious BRCA mutation, or (2) genomic instability and who have progressed more than six months after response to the last platinum-based chemotherapy (Indication withdrawn)",10/23/2019,09/14/2022,"Indicated for the treatment of adult patients with advanced ovarian cancer who have been treated with three or more prior chemotherapy regimens and whose cancer is associated with homologous recombination deficiency (HRD) positive status defined by either a deleterious or suspected deleterious BRCA mutation, or genomic instability and who have progressed more than six months after response to the last platinum-based chemotherapy (Indication withdrawn)","GlaxoSmithKline, LLC.",1000 Winter St.,Suite 3300,Waltham,Massachusetts,' 02451 ' ,United States,306510.0
nirogacestat,Ogsiveo,2018-07-06 00:00:00,Treatment of desmoid tumor (aggressive fibromatosis),Designated/Approved,,,for adult patients with progressing desmoid tumors who require systemic treatment,11/27/2023,11/27/2030,for adult patients with progressing desmoid tumors who require systemic treatment,"SpringWorks Therapeutics, Inc.",100 Washington Boulevard,,Stamford,Connecticut,' 06902 ' ,United States,636518.0
Nitazoxanide,Alinia,1996-12-12 00:00:00,Treatment of cryptosporidiosis.,Designated/Approved,,,Treatment of diarrhea caused by Cryptosporidium parvum and Giardia lamblia,11/22/2002,11/22/2009,,"Romark Laboratories, L.C.",6200 Courtney Campbell Causeway,Suite 880,Tampa,Florida,' 33607 ' ,United States,91895.0
nitazoxanide,Alinia,02/14/2002,Treatment of intestinal giardiasis,Designated/Approved,,,Treatment of diarrhea caused by Cryptosporidium parvum and Giardia lamblia,11/22/2002,11/22/2009,,"Romark Laboratories, L.C.",6200 Courtney Campbell Causeway,Suite 880,Tampa,Florida,' 33607 ' ,United States,150401.0
Nitric oxide,INOmax,06/22/1993,Treatment of persistent pulmonary hypertension in the newborn.,Designated/Approved,,,"In conjunction with ventilatory support and other appropriate agents, in the treatment of term and near-term (>34 weeks) neonates with hypoxic respiratory failure associated with clinical or echocardiographic evidence of pulmonary hypertension, where it improves oxygenation and reduces the need for extracorporeal membrane oxygenation.",12/23/1999,12/23/2006,,Mallinckrodt Hospital Products,1425 U.S. 206,,Bedminster Township,New Jersey,' 07921 ' ,United States,74493.0
nivolumab,Opdivo,08/22/2016,Treatment of esophageal cancer,Designated/Approved,,,"in combination with fluoropyrimidine- and platinum-containing chemotherapy for the treatment of patients with advanced or metastatic gastric cancer, gastroesophageal junction cancer, and esophageal adenocarcinoma",04/16/2021,04/16/2028,"treatment of patients with advanced or metastatic gastric cancer, gastroesophageal junction cancer, and esophageal adenocarcinoma",Bristol-Myers Squibb Company,P. O. Box 5326,,Princeton,New Jersey,' 08543 ' ,United States,531016.0
nivolumab,Opdivo,12/20/2016,Treatment of gastric cancer and gastro-esophageal junction cancer,Designated/Approved,,,adjuvant treatment of completely resected esophageal or gastroesophageal junction cancer with residual pathologic disease in patients who have received neoadjuvant chemoradiotherapy (CRT),05/20/2021,05/20/2028,adjuvant treatment of completely resected esophageal or gastroesophageal junction cancer with residual pathologic disease in patients who have received neoadjuvant chemoradiotherapy (CRT),Bristol-Myers Squibb Company,P. O. Box 5326,,Princeton,New Jersey,' 08543 ' ,United States,545016.0
nivolumab,Opdivo,08/22/2016,Treatment of esophageal cancer,Designated/Approved,,,adjuvant treatment of completely resected esophageal or gastroesophageal junction cancer with residual pathologic disease in patients who have received neoadjuvant chemoradiotherapy (CRT),05/20/2021,05/20/2028,adjuvant treatment of completely resected esophageal or gastroesophageal junction cancer with residual pathologic disease in patients who have received neoadjuvant chemoradiotherapy (CRT),Bristol-Myers Squibb Company,P. O. Box 5326,,Princeton,New Jersey,' 08543 ' ,United States,531016.0
nivolumab,Opdivo,08/22/2016,Treatment of esophageal cancer,Designated/Approved,,,"In combination with fluoropyrimidine- and platinum-containing chemotherapy, for the first-line treatment of adult patients with unresectable advanced or metastatic esophageal squamous cell carcinoma (ESCC)",05/27/2022,05/27/2029,First-line treatment of adult patients with unresectable advanced or metastatic esophageal squamous cell carcinoma (ESCC),Bristol-Myers Squibb Company,P. O. Box 5326,,Princeton,New Jersey,' 08543 ' ,United States,531016.0
nivolumab,Opdivo,08/22/2016,Treatment of esophageal cancer,Designated/Approved,,,"In combination with ipilimumab, for the first-line treatment of adult patients with unresectable advanced or metastatic esophageal squamous cell carcinoma (ESCC)",05/27/2022,05/27/2029,First-line treatment of adult patients with unresectable advanced or metastatic esophageal squamous cell carcinoma (ESCC),Bristol-Myers Squibb Company,P. O. Box 5326,,Princeton,New Jersey,' 08543 ' ,United States,531016.0
nivolumab,Opdivo,2014-09-10 00:00:00,Treatment of Stage IIb to Stage IV melanoma,Designated/Approved,,,"as a single agent or in combination with ipilimumab, for the treatment of adult and pediatric patients 12 years and older with unresectable or metastatic melanoma",02/15/2023,,,Bristol-Myers Squibb Company,5 Research Parkway,,Wallingford,Connecticut,' 06492 ' ,United States,445014.0
nivolumab,Opdivo,12/20/2016,Treatment of gastric cancer and gastro-esophageal junction cancer,Designated/Approved,,,"in combination with fluoropyrimidine- and platinum-containing chemotherapy for the treatment of patients with advanced or metastatic gastric cancer, gastroesophageal junction cancer, and esophageal adenocarcinoma",04/16/2021,04/16/2028,"treatment of patients with advanced or metastatic gastric cancer, gastroesophageal junction cancer, and esophageal adenocarcinoma",Bristol-Myers Squibb Company,P. O. Box 5326,,Princeton,New Jersey,' 08543 ' ,United States,545016.0
nivolumab,Opdivo,08/22/2016,Treatment of esophageal cancer,Designated/Approved,,,"Opdivo (nivolumab) indicated for the treatment of patients with unresectable advanced, recurrent or metastatic esophageal squamous cell carcinoma (ESCC) after prior fluoropyrimidine- and platinum-based chemotherapy.",2020-10-06 00:00:00,2027-10-06 00:00:00,"For the treatment of patients with unresectable advanced, recurrent or metastatic esophageal squamous cell carcinoma (ESCC) after prior fluoropyrimidine- and platinum-based chemotherapy.",Bristol-Myers Squibb Company,P. O. Box 5326,,Princeton,New Jersey,' 08543 ' ,United States,531016.0
nivolumab,OPDIVO,2014-07-08 00:00:00,Treatment of Hodgkin lymphoma,Designated/Approved,,,Treatment of adult patients with classical Hodgkin lymphoma (cHL) that has relapsed or progressed after autologous hematopoietic stem cell transplantation (HSCT) and brentuximab vedotin; or 3 or more lines of systemic therapy that includes autologous HSCT.,04/25/2017,04/25/2024,"Treatment of adult patients with Classical Hodgkin lymphoma that has relapsed or progressed after 3 or more lines of systemic therapy that includes autologous HSCT, not including any overlap with the orphan exclusivity awarded for the 2016 marketing approval of nivolumab for the treatment of adult patients with classical Hodgkin lymphoma that has relapsed or progressed after autologous hematopoietic stem cell transplantation (HSCT) and brentuximab vedotin.",Bristol-Myers Squibb Company,Route 206 & Province Line Road,P. O. Box 4000,Princeton,New Jersey,' 08543 ' ,United States,442614.0
nivolumab,OPDIVO,2014-07-08 00:00:00,Treatment of Hodgkin lymphoma,Designated/Approved,,,Treatment of adult patients with Classical Hodgkin lymphoma that has relapsed or progressed after autologous hematopoietic stem cell transplantation (HSCT) and brentuximab vedotin,05/17/2016,05/17/2023,Treatment of adult patients with Classical Hodgkin lymphoma that has relapsed or progressed after autologous hematopoietic stem cell transplantation (HSCT) and brentuximab vedotin,Bristol-Myers Squibb Company,Route 206 & Province Line Road,P. O. Box 4000,Princeton,New Jersey,' 08543 ' ,United States,442614.0
nivolumab,Opdivo,01/23/2013,Treatment of Stage IIb to IV melanoma,Designated/Approved,,,"adjuvant treatment of adult and pediatric patients 12 years and older with completely resected Stage IIB, Stage IIC, Stage III, or Stage IV melanoma",10/13/2023,10/13/2030,adjuvant treatment of adult and pediatric patients 12 years and older with completely resected Stage IIB or Stage IIC melanoma,Bristol-Myers Squibb Co.,P. O. Box 4000,,Princeton,New Jersey,' 08543 ' ,United States,387612.0
nivolumab,OPDIVO,09/15/2015,Treatment of small cell lung cancer.,Designated/Approved,,,For the treatment of patients with metastatic small cell lung cancer (SCLC) with progression after platinum-based chemotherapy and at least one other line of therapy. (Indication withdrawn),08/16/2018,12/29/2020,For the treatment of patients with metastatic small cell lung cancer (SCLC) with progression after platinum-based chemotherapy and at least one other line of therapy. (Indication withdrawn),Bristol-Myers Squibb Company,5 Research Parkway,,Wallingford,Connecticut,' 06492 ' ,United States,491415.0
nivolumab,Opdivo,01/23/2013,Treatment of Stage IIb to IV melanoma,Designated/Approved,,,adjuvant treatment of adult and pediatric patients 12 years and older with melanoma with involvement of lymph nodes or metastatic disease who have undergone complete resection,02/15/2023,02/15/2030,adjuvant treatment of pediatric patients 12 years and older with melanoma with involvement of lymph nodes or metastatic disease who have undergone complete resection,Bristol-Myers Squibb Co.,P. O. Box 4000,,Princeton,New Jersey,' 08543 ' ,United States,387612.0
nivolumab,Opdivo,01/23/2013,Treatment of Stage IIb to IV melanoma,Designated/Approved,,,"As a single agent or in combination with ipilimumab, for the treatment of adult and pediatric patients 12 years and older with unresectable or metastatic melanoma",02/15/2023,02/15/2030,Treatment of pediatric patients 12 years and older with unresectable or metastatic melanoma,Bristol-Myers Squibb Co.,P. O. Box 4000,,Princeton,New Jersey,' 08543 ' ,United States,387612.0
nivolumab,Opdivo,01/23/2013,Treatment of Stage IIb to IV melanoma,Designated/Approved,,,Adjuvant treatment of patients with melanoma with involvement of lymph nodes or metastatic disease who have undergone complete resection,12/20/2017,12/20/2024,Adjuvant treatment of patients with melanoma with involvement of lymph nodes or metastatic disease who have undergone complete resection,Bristol-Myers Squibb Co.,P. O. Box 4000,,Princeton,New Jersey,' 08543 ' ,United States,387612.0
nivolumab,Opdivo,01/23/2013,Treatment of Stage IIb to IV melanoma,Designated/Approved,,,"Treatment of patients with unresectable or metastatic melanoma and disease progression following ipilimumab and, if BRAF V600 mutation positive, a BRAF inhibitor",12/22/2014,12/22/2021,"Treatment of patients with unresectable or metastatic melanoma and disease progression following ipilimumab and, if BRAF V600 mutation positive, a BRAF inhibitor",Bristol-Myers Squibb Co.,P. O. Box 4000,,Princeton,New Jersey,' 08543 ' ,United States,387612.0
nivolumab,Opdivo,2015-02-09 00:00:00,Treatment of hepatocellular carcinoma,Designated/Approved,,,"in combination with ipilimumab, for the first-line treatment of adult patients with unresectable or metastatic hepatocellular carcinoma (HCC)",2025-11-04 00:00:00,,,Bristol-Myers Squibb Company,P. O. Box 5326,,Princeton,New Jersey,' 08543-5326 ' ,United States,489915.0
nivolumab and relatlimab-rmbw,Opdualag,08/18/2017,Treatment of stage IIb to IV melanoma,Designated/Approved,,,Treatment of adult and pediatric patients 12 years of age or older with unresectable or metastatic melanoma,03/18/2022,03/18/2029,Treatment of adult and pediatric patients 12 years of age or older with unresectable or metastatic melanoma,Bristol-Myers Squibb Company,P.O. Box 5326,,Princeton,New Jersey,' 08543-5326 ' ,United States,595017.0
nusinersen,Spinraza,04/18/2011,Treatment of spinal muscular atrophy,Designated/Approved,,,Treatment of spinal muscular atrophy in pediatric and adult patients,12/23/2016,12/23/2023,Treatment of spinal muscular atrophy in pediatric and adult patients,"Biogen, Inc",225 Binney Street,,Cambridge,Massachusetts,' 02142 ' ,United States,336711.0
obeticholic acid,OCALIVA,2008-09-04 00:00:00,Treatment of primary biliary cirrhosis,Designated/Approved,,,"Treatment of primary biliary cholangitis (PBC) in combination with ursodeoxycholic acid (UDCA) in adults with an inadequate response to UDCA, or as monotherapy in adults unable to tolerate UDCA",05/27/2016,05/27/2023,"Treatment of primary biliary cholangitis (PBC) in combination with ursodeoxycholic acid (UDCA) in adults with an inadequate response to UDCA, or as monotherapy in adults unable to tolerate UDCA","Intercept Pharmaceuticals, Inc.",4760 Eastgate Mall,,San Diego,California,' 92122 ' ,United States,253207.0
obiltoxaximab,Anthim,2006-09-06 00:00:00,Treatment of exposure to B. anthracis spores,Designated/Approved,,,Treatment of adult and pediatric patients with inhalational anthrax due to Bacillus anthracis in combination with appropriate antibacterial drugs and for prophylaxis of inhalational anthrax due to B. anthracis when alternative therapies are not available or are not appropriate.,03/18/2016,03/18/2023,"1) Treatment of adult and pediatric patients with inhalational anthrax due to Bacillus anthracis in combination with appropriate antibacterial drugs, and (2) for prophylaxis of inhalational anthrax when alternative therapies are not available or are not appropriate.","Elusys Therapeutics, Inc.",25 Riverside Drive,P.O. Box 102,Pine Brook,New Jersey,' 07058 ' ,United States,224306.0
obinutuzumab,GAZYVA,02/17/2012,Treatment of chronic lymphocytic leukemia,Designated/Approved,,,"GAZYVA, in combination with chlorambucil, is indicated for the treatment of patients with previously untreated chronic lymphocytic leukemia (CLL).",2013-01-11 00:00:00,2020-01-11 00:00:00,Treatment of patients with previously untreated chronic lymphocytic leukemia in combination with chlorambucil.,"Genentech Inc., a member of the Roche Group",1 DNA Way,,South San Francisco,California,' 94080 ' ,United States,359911.0
obinutuzumab,GAZYVA,04/15/2015,Treatment of follicular lymphoma,Designated/Approved,,,"GAZYVA, in combination with bendamustine followed by GAZYVA monotherapy, is indicated for the treatment of patients with follicular lymphoma (FL) who relapsed after, or are refractory to, a rituximab-containing regimen",02/26/2016,02/26/2023,"in combination with bendamustine followed by Gazyva monotherapy, indicated for the treatment of patients with follicular lymphoma (FL) who relapsed after, or are refractory to, a rituximab-containing regimen.","Genentech Inc., a member of the Roche Group",1 DNA Way,,South San Francisco,California,' 94080 ' ,United States,473415.0
obinutuzumab,GAZYVA,04/15/2015,Treatment of follicular lymphoma,Designated/Approved,,,"GAZYVA, in combination with bendamustine followed by GAZYVA monotherapy, is indicated for the treatment of patients with follicular lymphoma (FL) who relapsed after, or are refractory to, a rituximab-containing regimen; and in combination with chemotherapy followed by GAZYVA monotherapy in patients achieving at least a partial remission for the treatment of adult patients with previously untreated stage II bulky, III or IV follicular lymphoma",11/16/2017,11/16/2024,"In combination with chemotherapy followed by GAZYVA monotherapy in patients achieving at least a partial remission for the treatment of adult patients with previously untreated stage II bulky, III or IV follicular lymphoma.","Genentech Inc., a member of the Roche Group",1 DNA Way,,South San Francisco,California,' 94080 ' ,United States,473415.0
Octreotide,Sandostatin LAR,08/24/1998,Treatment of diarrhea associated with vasoactive intestinal peptide tumors (VIPoma).,Designated/Approved,,,Treatment of profuse watery diarrhea associated with VIPoma.,11/25/1998,11/25/2005,,Novartis Pharmaceuticals Corporation,59 Route 10,,East Hanover,New Jersey,' 07936 ' ,United States,116898.0
Octreotide,Sandostatin LAR,08/24/1998,Treatment of acromegaly.,Designated/Approved,,,Reduction of growth hormone and IGF-1 (somatomedin C) in acromegaly.,11/25/1998,11/25/2005,,Novartis Pharmaceuticals Corporation,59 Route 10,,East Hanover,New Jersey,' 07936 ' ,United States,114598.0
Octreotide,Sandostatin LAR,08/24/1998,Treatment of severe diarrhea and flushing associated with malignant carcinoid tumors.,Designated/Approved,,,Supression of severe diarrhea and flushing associated with malignant carcinoid syndrome.,11/25/1998,11/25/2005,,Novartis Pharmaceuticals Corporation,59 Route 10,,East Hanover,New Jersey,' 07936 ' ,United States,114698.0
odevixibat,Bylvay,10/15/2018,Treatment of Alagille syndrome,Designated/Approved,,,treatment of cholestatic pruritus in patients 12 months of age and older with Alagille syndrome (ALGS),06/13/2023,06/13/2030,treatment of cholestatic pruritus in patients 12 months of age and older with Alagille syndrome (ALGS),"Ipsen Biopharmaceuticals, Inc.","One Main Street, 7th Floor",,Cambridge,Massachusetts,' 02142 ' ,United States,370812.0
odevixibat,Bylvay,10/31/2012,Treatment of progressive familial intrahepatic cholestasis,Designated/Approved,,,Treatment of pruritus in patients 3 months of age and older with progressive familial intrahepatic cholestasis (PFIC). Limitations of use: BYLVAY may not be effective in PFIC type 2 patients with ABCB11 variants resulting in nonfunctional or complete absence of bile salt export pump protein (BSEP-3),07/20/2021,07/20/2028,Treatment of pruritus in patients 3 months of age and older with progressive familial intrahepatic cholestasis (PFIC). Limitations of use: BYLVAY may not be effective in PFIC type 2 patients with ABCB11 variants resulting in nonfunctional or complete absence of bile salt export pump protein (BSEP-3),"Ipsen Biopharmaceuticals, Inc.","One Main Street, 7th Floor",,Cambridge,Massachusetts,' 02142 ' ,United States,370912.0
olaparib,Lynparza,05/15/2018,Treatment of primary peritoneal cancer,Designated/Approved,,,"Maintenance treatment of adult patients with recurrent epithelial ovarian, fallopian tube or primary peritoneal cancer, who are in a complete or partial response to platinum-based chemotherapy; and treatment of adult patients with deleterious or suspected deleterious germline BRCA-mutated advanced ovarian cancer who have been treated with three or more prior lines of chemotherapy.",08/17/2017,08/17/2024,Maintenance treatment of adult patients with recurrent primary peritoneal cancer who are in a complete or partial response to platinum-based chemotherapy.,AstraZeneca Pharmaceuticals LP,1800 Concord Pike,P. O. Box 8355,Wilmington,Delaware,' 19803 ' ,United States,419013.0
olaparib,Lynparza,05/15/2018,Treatment of Fallopian Tube Cancer,Designated/Approved,,,"Maintenance treatment of adult patients with recurrent epithelial ovarian, fallopian tube or primary peritoneal cancer, who are in a complete or partial response to platinum-based chemotherapy; and treatment of adult patients with deleterious or suspected deleterious germline BRCA-mutated advanced ovarian cancer who have been treated with three or more prior lines of chemotherapy.",08/17/2017,08/17/2024,Maintenance treatment of adult patients with recurrent fallopian tube cancer who are in a complete or partial response to platinum-based chemotherapy.,AstraZeneca Pharmaceuticals LP,1800 Concord Pike,P. O. Box 8355,Wilmington,Delaware,' 19803 ' ,United States,417613.0
olaparib,Lynparza,10/16/2013,Treatment of ovarian cancer,Designated/Approved,,,Indicated as monotherapy in patients with deleterious or suspected deleterious germline BRCA mutated (as detected by an FDA-approved test) advanced ovarian cancer who have been treated with three or more prior lines of chemotherapy,12/19/2014,12/19/2021,Use as monotherapy for patients with deleterious or suspected deleterious germline BRCA mutated (as detected by an FDA-approved test) advanced ovarian cancer who have been treated with three or more prior lines of chemotherapy,AstraZeneca Pharmaceuticals LP,1800 Concord Pike,P. O. Box 8355,Wilmington,Delaware,' 19803 ' ,United States,409213.0
olaparib,Lynparza,05/15/2018,Treatment of primary peritoneal cancer,Designated/Approved,,,"Lynparza is indicated in combination with bevacizumab for the maintenance treatment of adult patients with advanced epithelial ovarian, fallopian tube or primary peritoneal cancer who are in complete or partial response to first-line platinum-based chemotherapy and whose cancer is associated with homologous recombination deficiency (HRD) positive status defined by either: a deleterious or suspected deleterious BRCA mutation, and/or genomic instability. Select patients for therapy based on an FDA-approved companion diagnostic for Lynparza.",2020-08-05 00:00:00,2027-08-05 00:00:00,"LYNPARZA is indicated in combination with bevacizumab for the maintenance treatment of adult patients with advanced epithelial ovarian, fallopian tube, or primary peritoneal cancer who are in complete or partial response to first-line platinumbased chemotherapy and whose cancer is associated with homologous recombination deficiency (HRD) positive status defined by genomic instability.",AstraZeneca Pharmaceuticals LP,1800 Concord Pike,P. O. Box 8355,Wilmington,Delaware,' 19803 ' ,United States,419013.0
olaparib,Lynparza,2018-11-10 00:00:00,Treatment of pancreatic cancer,Designated/Approved,,,Lynparza is indicated for the maintenance treatment of adult patients with deleterious or suspected deleterious gBRCAm metastatic pancreatic adenocarcinoma whose disease has not progressed on at least 16 weeks of a first-line platinum-based chemotherapy regimen. Select patients for therapy based on an FDA-approved companion diagnostic for Lynparza.,12/27/2019,12/27/2026,Indicated for the maintenance treatment of adult patients with deleterious or suspected deleterious gBRCAm metastatic pancreatic adenocarcinoma whose disease has not progressed on at least 16 weeks of a first-line platinum-based chemotherapy regimen. Select patients for therapy based on an FDA-approved companion diagnostic for Lynparza.,AstraZeneca Pharmaceuticals LP,1800 Concord Pike,P.O. Box 8355,Wilmington,Delaware,' 19803 ' ,United States,655318.0
olaparib,Lynparza,10/16/2013,Treatment of ovarian cancer,Designated/Approved,,,"Lynparza is indicated in combination with bevacizumab for the maintenance treatment of adult patients with advanced epithelial ovarian, fallopian tube or primary peritoneal cancer who are in complete or partial response to first-line platinum-based chemotherapy and whose cancer is associated with homologous recombination deficiency (HRD) positive status defined by either: a deleterious or suspected deleterious BRCA mutation, and/or genomic instability. Select patients for therapy based on an FDA-approved companion diagnostic for Lynparza.",2020-08-05 00:00:00,2027-08-05 00:00:00,"LYNPARZA is indicated in combination with bevacizumab for the maintenance treatment of adult patients with advanced epithelial ovarian, fallopian tube, or primary peritoneal cancer who are in complete or partial response to first-line platinumbased chemotherapy and whose cancer is associated with homologous recombination deficiency (HRD) positive status defined by genomic instability.",AstraZeneca Pharmaceuticals LP,1800 Concord Pike,P. O. Box 8355,Wilmington,Delaware,' 19803 ' ,United States,409213.0
olaparib,Lynparza,10/16/2013,Treatment of ovarian cancer,Designated/Approved,,,"Lynparza is indicated for the maintenance treatment of adult patients with deleterious or suspected deleterious germline or somatic BRCA-mutated (gBRCAm or sBRCAm) advanced epithelial ovarian, fallopian tube or primary peritoneal cancer who are in complete or partial response to first-line platinum based chemotherapy. Select patients with gBRCAm advanced epithelial ovarian, fallopian tube or primary peritoneal cancer for therapy based on FDA-approved companion diagnostic for Lynparza.",12/19/2018,12/19/2025,Lynparza is indicated for the maintenance treatment of adult patients with deleterious or suspected deleterious germline or somatic BRCA-mutated (gBRCAm or sBRCAm) advanced epithelial ovarian cancer who are in complete or partial response to first-line platinum based chemotherapy.,AstraZeneca Pharmaceuticals LP,1800 Concord Pike,P. O. Box 8355,Wilmington,Delaware,' 19803 ' ,United States,409213.0
olaparib,Lynparza,05/15/2018,Treatment of Fallopian Tube Cancer,Designated/Approved,,,"Lynparza is indicated for the maintenance treatment of adult patients with deleterious or suspected deleterious germline or somatic BRCA-mutated (gBRCAm or sBRCAm) advanced epithelial ovarian, fallopian tube or primary peritoneal cancer who are in complete or partial response to first-line platinum based chemotherapy. Select patients with gBRCAm advanced epithelial ovarian, fallopian tube or primary peritoneal cancer for therapy based on FDA-approved companion diagnostic for Lynparza.",12/19/2018,12/19/2025,Lynparza is indicated for the maintenance treatment of adult patients with deleterious or suspected deleterious germline or somatic BRCA-mutated (gBRCAm or sBRCAm) advanced fallopian tube cancer who are in complete or partial response to first-line platinum based chemotherapy.,AstraZeneca Pharmaceuticals LP,1800 Concord Pike,P. O. Box 8355,Wilmington,Delaware,' 19803 ' ,United States,417613.0
olaparib,Lynparza,05/15/2018,Treatment of primary peritoneal cancer,Designated/Approved,,,"Lynparza is indicated for the maintenance treatment of adult patients with deleterious or suspected deleterious germline or somatic BRCA-mutated (gBRCAm or sBRCAm) advanced epithelial ovarian, fallopian tube or primary peritoneal cancer who are in complete or partial response to first-line platinum based chemotherapy. Select patients with gBRCAm advanced epithelial ovarian, fallopian tube or primary peritoneal cancer for therapy based on FDA-approved companion diagnostic for Lynparza.",12/19/2018,12/19/2025,Lynparza is indicated for the maintenance treatment of adult patients with deleterious or suspected deleterious germline or somatic BRCA-mutated (gBRCAm or sBRCAm) advanced primary peritoneal cancer who are in complete or partial response to first-line platinum based chemotherapy.,AstraZeneca Pharmaceuticals LP,1800 Concord Pike,P. O. Box 8355,Wilmington,Delaware,' 19803 ' ,United States,419013.0
olaparib,Lynparza,10/16/2013,Treatment of ovarian cancer,Designated/Approved,,,"Maintenance treatment of adult patients with recurrent epithelial ovarian, fallopian tube or primary peritoneal cancer, who are in a complete or partial response to platinum-based chemotherapy.",08/17/2017,08/17/2024,"Maintenance treatment of adult patients with recurrent epithelial ovarian cancer, who are in a complete or partial response to platinum-based chemotherapy.",AstraZeneca Pharmaceuticals LP,1800 Concord Pike,P. O. Box 8355,Wilmington,Delaware,' 19803 ' ,United States,409213.0
olaparib,Lynparza,05/15/2018,Treatment of Fallopian Tube Cancer,Designated/Approved,,,"Lynparza is indicated in combination with bevacizumab for the maintenance treatment of adult patients with advanced epithelial ovarian, fallopian tube or primary peritoneal cancer who are in complete or partial response to first-line platinum-based chemotherapy and whose cancer is associated with homologous recombination deficiency (HRD) positive status defined by either: a deleterious or suspected deleterious BRCA mutation, and/or genomic instability. Select patients for therapy based on an FDA-approved companion diagnostic for Lynparza.",2020-08-05 00:00:00,2027-08-05 00:00:00,"LYNPARZA is indicated in combination with bevacizumab for the maintenance treatment of adult patients with advanced epithelial ovarian, fallopian tube, or primary peritoneal cancer who are in complete or partial response to first-line platinumbased chemotherapy and whose cancer is associated with homologous recombination deficiency (HRD) positive status defined by genomic instability.",AstraZeneca Pharmaceuticals LP,1800 Concord Pike,P. O. Box 8355,Wilmington,Delaware,' 19803 ' ,United States,417613.0
olaratumab,Lartruvo,2014-09-10 00:00:00,Treatment of soft tissue sarcoma,Designated/Approved,,,"In combination with doxorubicin, for the treatment of adult patients with soft tissue sarcoma (STS) with a histologic subtype for which an anthracycline-containing regimen is appropriate and which is not amenable to curative treatment with radiotherapy or surgery. (Indication withdrawn)",10/19/2016,02/25/2020,"In combination with doxorubicin, for the treatment of adult patients with soft tissue sarcoma (STS) with a histologic subtype for which an anthracycline-containing regimen is appropriate and which is not amenable to curative treatment with radiotherapy or surgery. (Indication withdrawn)",Eli Lilly and Company,"Lilly Corporate Center, Drop Code 2543",,Indianapolis,Indiana,' 46285 ' ,United States,448414.0
olipudase alfa-rpcp,Xenpozyme,2000-03-08 00:00:00,Treatment of acid sphingomyelinase deficiency (Niemann-Pick disease),Designated/Approved,,,Treatment of non-central nervous system manifestations of acid sphingomyelinase deficiency (ASMD) in adult and pediatric patients,08/31/2022,08/31/2029,Treatment of non-central nervous system manifestations of acid sphingomyelinase deficiency (ASMD) in adult and pediatric patients,Genzyme Corporation,100 Morris Street,,Morristown,New Jersey,' 07960 ' ,United States,132900.0
olutasidenib,Rezlidhia,04/27/2017,Treatment of acute myeloid leukemia,Designated/Approved,,,treatment of adult patients with relapsed or refractory acute myeloid leukemia (AML) with a susceptible isocitrate dehydrogenase-1 (IDH1) mutation as detected by an FDA-approved test,2022-01-12 00:00:00,2029-01-12 00:00:00,treatment of adult patients with relapsed or refractory acute myeloid leukemia (AML) with a susceptible isocitrate dehydrogenase-1 (IDH1) mutation as detected by an FDA-approved test,"Rigel Pharmaceuticals, Inc.",611 Gateway Boulevard,Suite 900,South San Francisco,California,' 94080 ' ,United States,565716.0
omacetaxine mepesuccinate,Synribo,2006-10-03 00:00:00,Treatment of chronic myelogenous leukemia,Designated/Approved,,,Treatment of adult patients with chronic or accelerated phase chronic myeloid leukemia (CML) with resistance and/or intolerance to two or more tyrosine kinase inhibitors (TKI),10/26/2012,10/26/2019,,IVAX International GmbH,Alpenstrasse 2,8640 Rapperswil,Frazer,,' ' ,Switzerland,218205.0
omaveloxolone,Skyclarys,06/19/2017,Treatment of Friedreich's Ataxia,Designated/Approved,,,treatment of Friedreich's ataxia in adults and adolescents aged 16 years and older,02/28/2023,02/28/2030,treatment of Friedreich's ataxia in adults and adolescents aged 16 years and older,Biogen U.S. Corporation,225 Binney Street,,Cambridge,Massachusetts,' 02142 ' ,United States,461214.0
osilodrostat,Isturisa,09/13/2013,Treatment of Cushing's disease,Designated/Approved,,,ISTURISA is a cortisol synthesis inhibitor indicated for the treatment of adult patients with Cushings disease for whom pituitary surgery is not an option or has not been curative.,2020-06-03 00:00:00,2027-06-03 00:00:00,For the treatment of adult patients with Cushings disease for whom pituitary surgery is not an option or has not been curative.,"Recordati Rare Diseases, Inc",100 Corporate Drive,,Lebanon,New Jersey,' 08833 ' ,United States,405113.0
osilodrostat,Isturisa,04/29/2024,Treatment of endogenous Cushing's syndrome excluding Cushing's disease,Designated/Approved,,,treatment of endogenous hypercortisolemia in adults with Cushing's syndrome for whom surgery is not an option or has not been curative,04/15/2025,,,Recordati Rare Diseases Inc.,"440 Route 22, Suite 205",,Bridgewater,New Jersey,' 08807 ' ,United States,980023.0
osimertinib,Tagrisso,2014-04-09 00:00:00,Treatment of epidermal growth factor receptor mutation-positive non-small cell lung cancer,Designated/Approved,,,"adjuvant therapy after tumor resection in adult patients with non-small cell lung cancer (NSCLC) whose tumors have epidermal growth factor receptor (EGFR) exon 19 deletions or exon 21 L858R mutations, as detected by an FDA-approved test",12/18/2020,12/18/2027,"adjuvant therapy after tumor resection in adult patients with non-small cell lung cancer (NSCLC) whose tumors have epidermal growth factor receptor (EGFR) exon 19 deletions or exon 21 L858R mutations, as detected by an FDA-approved test",AstraZeneca Pharmaceuticals LP,P. O. Box 8355,1800 Concord Pike,Wilmington,Delaware,' 19803 ' ,United States,445214.0
osimertinib,Tagrisso,2014-04-09 00:00:00,Treatment of epidermal growth factor receptor mutation-positive non-small cell lung cancer,Designated/Approved,,,"in combination with pemetrexed and platinum-based chemotherapy for the first-line treatment of adult patients with locally advanced or metastatic non-small cell lung cancer (NSCLC) whose tumors have epidermal growth factor receptor (EGFR) exon 19 deletions or exon 21 L858R mutations, as detected by an FDA-approved test",02/16/2024,,,AstraZeneca Pharmaceuticals LP,P. O. Box 8355,1800 Concord Pike,Wilmington,Delaware,' 19803 ' ,United States,445214.0
osimertinib,Tagrisso,2014-04-09 00:00:00,Treatment of epidermal growth factor receptor mutation-positive non-small cell lung cancer,Designated/Approved,,,"treatment of adult patients with locally advanced, unresectable (stage III) non-small cell lung cancer (NSCLC) whose disease has not progressed during or following concurrent or sequential platinum-based chemoradiation therapy and whose tumors have epidermal growth factor receptor (EGFR) exon 19 deletions or exon 21 L858R mutations, as detected by an FDA-approved test",09/25/2024,,,AstraZeneca Pharmaceuticals LP,P. O. Box 8355,1800 Concord Pike,Wilmington,Delaware,' 19803 ' ,United States,445214.0
osimertinib,Tagrisso,2014-04-09 00:00:00,Treatment of epidermal growth factor receptor mutation-positive non-small cell lung cancer,Designated/Approved,,,"For treatment of patients with metastatic epidermal growth factor receptor (EGFR) T790M mutation-positive non-small cell lung cancer (NSCLC), as detected by an FDA-approved test, who have progressed on or after EGFR TKI therapy",11/13/2015,11/13/2022,"For treatment of patients with metastatic epidermal growth factor receptor (EGFR) T790M mutation-positive non-small cell lung cancer (NSCLC), as detected by an FDA-approved test, who have progressed on or after EGFR TKI therapy",AstraZeneca Pharmaceuticals LP,P. O. Box 8355,1800 Concord Pike,Wilmington,Delaware,' 19803 ' ,United States,445214.0
osimertinib,Tagrisso,2014-04-09 00:00:00,Treatment of epidermal growth factor receptor mutation-positive non-small cell lung cancer,Designated/Approved,,,"TAGRISSO is indicated for the first-line treatment of patients with metastatic non-small cell lung cancer (NSCLC) whose tumors have epidermal growth factor receptor (EGFR) exon 19 deletions or exon 21 L858R mutations, as detected by an FDA-approved test",04/18/2018,04/18/2025,"TAGRISSO is indicated for the first-line treatment of patients with metastatic non-small cell lung cancer (NSCLC) whose tumors have epidermal growth factor receptor (EGFR) exon 19 deletions or exon 21 L858R mutations, as detected by an FDA-approved test",AstraZeneca Pharmaceuticals LP,P. O. Box 8355,1800 Concord Pike,Wilmington,Delaware,' 19803 ' ,United States,445214.0
Paclitaxel,Taxol,03/25/1997,Treatment of AIDS-related Kaposi's sarcoma.,Designated/Approved,,,For the second line treatment of AIDS-related Kaposi's sarcoma.,1997-04-08 00:00:00,2004-04-08 00:00:00,,Bristol-Myers Squibb Pharmaceutical Research Institute,5 Research Parkway,P.O. Box 5100,Wallingford,Connecticut,' 06492 ' ,United States,103497.0
paclitaxel protein-bound particles,Abraxane,2009-03-09 00:00:00,Treatment of pancreatic cancer.,Designated/Approved,,,"Treatment of metastatic adenocarcinoma of the pancreas as first-line treatment, in combination with gemcitabine.",2013-06-09 00:00:00,2020-06-09 00:00:00,"Treatment of metastatic adenocarcinoma of the pancreas as first-line treatment, in combination with gemcitabine.","Abraxis BioScience, LLC","9225 Indian Creek Parkway, Suite 900",,Overland Park,Kansas,' 66210 ' ,United States,291009.0
pacritinib,Vonjo,03/13/2008,"Treatment of primary myelofibrosis (MF), post-polycythemia vera MF, and post-essential thrombocythemia MF",Designated/Approved,,,Treatment of adults with intermediate or high-risk primary or secondary (post-polycythemia vera or post-essential thrombocythemia) myelofibrosis (MF) with a platelet count below 50 x 109/L,02/28/2022,02/28/2029,Treatment of adults with intermediate or high-risk primary or secondary (post-polycythemia vera or post-essential thrombocythemia) myelofibrosis (MF) with a platelet count below 50 x 109/L,"Sobi, Inc.","77 4th Ave, FL 3",,Waltham,Massachusetts,' 02451 ' ,United States,245607.0
pafolacianine,Cytalux,12/23/2014,Detecting folic receptor alpha positive lesions in ovarian cancer patients (diagnostic for the management of ovarian cancer),Designated/Approved,,,As an adjunct for intraoperative identification of malignant lesions in adult patients with ovarian cancer,11/29/2021,11/29/2028,As an adjunct for intraoperative identification of malignant lesions in adult patients with ovarian cancer,"On Target Laboratories, LLC",1282 Win Hentschel Blvd,,West Lafayette,Indiana,' 47906 ' ,United States,458714.0
palopegteriparatide,Yorvipath,2018-04-06 00:00:00,Treatment of hypoparathyroidism,Designated/Approved,,,treatment of hypoparathyroidism in adults,2024-09-08 00:00:00,2031-09-08 00:00:00,treatment of hypoparathyroidism in adults,Ascendis Pharma Bone Diseases A/S,Tuborg Boulevard 12,DK-2900,Hellerup,,' ' ,Denmark,638818.0
palovarotene,Sohonos,07/21/2014,Treatment of fibrodysplasia ossificans progressiva,Designated/Approved,,,for the reduction in volume of new heterotopic ossification in adults and pediatric patients aged 8 years and older for females and 10 years and older for males with fibrodysplasia ossificans progressiva (FOP),08/16/2023,08/16/2030,for the reduction in volume of new heterotopic ossification in adults and pediatric patients aged 8 years and older for females and 10 years and older for males with fibrodysplasia ossificans progressiva (FOP),"Ipsen Biopharmaceuticals, Inc.","One Main Street, 7th Floor",,Cambridge,Massachusetts,' 02142 ' ,United States,438714.0
panobinostat,Farydak,08/20/2012,Treatment of multiple myeloma,Designated/Approved,,,"FARYDAK (panobinostat) in combination with bortezomib (BTZ) and dexamethasone (DEX) for the treatment of patients with multiple myeloma who have received at least 2 prior regimens, including bortezomib and an immunomodulatory agent",02/23/2015,02/23/2022,"FARYDAK (panobinostat) in combination with bortezomib (BTZ) and dexamethasone (DEX) for the treatment of patients with multiple myeloma who have received at least 2 prior regimens, including bortezomib and an immunomodulatory agent",zr pharma& GmbH,Rauhensteingasse 10/14,,Wien,,' 1010 ' ,Austria,376212.0
parathyroid hormone,Natpara,08/31/2007,Treatment of hypoparathyroidism,Designated/Approved,,,An adjunct to calcium and vitamin D to control hypocalcemia in patients with hypoparathyroidism,01/23/2015,01/23/2022,An adjunct to calcium and vitamin D to control hypocalcemia in patients with hypoparathyroidism,"Takeda Pharmaceuticals U.S.A., Inc.",500 Kendall Street,,Cambridge,Massachusetts,' 02142 ' ,United States,246707.0
paricalcitol,Zemplar,10/27/2015,Treatment of pediatric hyperparathyroidism,Designated/Approved,,,Indicated in adults and pediatric patients 10 years of age and older for the prevention and treatment of secondary hyperparathyroidism associated with Chronic kidney disease (CKD) Stages 3 and 4 and CKD Stage 5 in patients on hemodialysis or peritoneal dialysis,10/18/2016,10/18/2023,Indicated in pediatric patients ages 10 -16 years for treatment of secondary hyperparathyroidism associated with Chronic kidney disease (CKD) Stages 3 and 4 and pediatric patients ages 10-16 years for treatment of secondary hyperparathyroidism associated with CKD Stage 5.,"Abbvie, inc.",1 North Waukegan Road,,North Chicago,Illinois,' 60064 ' ,United States,492815.0
pasireotide,Signifor,07/24/2009,Treatment of Cushing's disease,Designated/Approved,,,Treatment of adult patients with Cushing's disease for whom pituitary surgery is not an option or has not been curative,12/14/2012,12/14/2019,,Novartis Pharmaceuticals Corporation,One Health Plaza,"Bldg 104, 3K28",East Hanover,New Jersey,' 07936 ' ,United States,288709.0
pasireotide,Signifor,07/24/2009,Treatment of Cushing's disease,Designated/Approved,,,SIGNIFOR LAR is indicated for the treatment of patients with Cushings disease for whom pituitary surgery is not an option or has not been curative.,06/29/2018,06/29/2025,Indicated for treatment of patients with Cushings disease for whom pituitary surgery is not an option or has not been curative.,Novartis Pharmaceuticals Corporation,One Health Plaza,"Bldg 104, 3K28",East Hanover,New Jersey,' 07936 ' ,United States,288709.0
patisiran,ONPATTRO,06/14/2012,Treatment of transthyretin-mediated amyloidosis,Designated/Approved,,,ONPATTRO is indicated for the treatment of the polyneuropathy of hereditary transthyretin-mediated amyloidosis in adults.,2018-10-08 00:00:00,2025-10-08 00:00:00,ONPATTRO is indicated for the treatment of the polyneuropathy of hereditary transthyretin-mediated amyloidosis in adults.,"Alnylam Pharmaceuticals, Inc.",300 Third Street,,Cambridge,Maryland,' 02142 ' ,United States,371112.0
pazopanib,Votrient,10/20/2009,Treatment of soft tissue sarcomas,Designated/Approved,,,Advanced soft tissue sarcoma (STS) who have received prior chemotherapy,04/26/2012,04/26/2019,,Novartis Pharmaceuticals Corp,1 Health Plaza,,East Hanover,New Jersey,' 07936 ' ,United States,293809.0
Pegademase bovine,Adagen,05/29/1984,For enzyme replacement therapy for ADA deficiency in patients with severe combined immunodeficiency.,Designated/Approved,,,,03/21/1990,03/21/1997,,"Sigma-tau Pharmaceuticals, Inc.",9841 Washingtonian Blvd,Suite 500,Gaithersburg,Maryland,' 20878 ' ,United States,2084.0
pegcetacoplan,Empaveli,04/20/2014,Treatment of paroxysmal nocturnal hemoglobinuria,Designated/Approved,,,Treatment of adult patients with paroxysmal nocturnal hemoglobinuria (PNH),05/14/2021,05/14/2028,Treatment of adult patients with paroxysmal nocturnal hemoglobinuria (PNH),"Apellis Pharmaceuticals, Inc.",100 Fifth Avenue,,Waltham,Massachusetts,' 02451 ' ,United States,427614.0
Pegfilgrastim,Neulasta,11/20/2013,Treatment of subjects at risk of developing myelosuppression after a radiological or nuclear incident,Designated/Approved,,,To increase survival in patients acutely exposed to myelosuppressive doses of radiation (Hematopoietic Subsyndrome of Acute Radiation Syndrome),11/13/2015,11/13/2022,To increase survival in patients acutely exposed to myelosuppressive doses of radiation (Hematopoietic Subsyndrome of Acute Radiation Syndrome),"Amgen, Inc.",One Amgen Center Drive,M/S 17-1-C,Thousand Oaks,California,' 91320 ' ,United States,413013.0
pegloticase,Krystexxa,02/21/2001,To control the clinical consequences of hyperuricemia in patients with severe gout in whom conventional therapy is contraindicated or has been ineffective.,Designated/Approved,,,Treatment of chronic gout in adult patients refractory to conventional therapy,2022-07-07 00:00:00,,,Horizon Therapeutics Ireland DAC,"Pottery Road, Dn Laoghaire",,Dublin,,' A96 F2A8 ' ,Ireland,135600.0
pegloticase,Krystexxa,02/21/2001,To control the clinical consequences of hyperuricemia in patients with severe gout in whom conventional therapy is contraindicated or has been ineffective.,Designated/Approved,,,Treatment of chronic gout in adult patients refractory to conventional treatment,09/14/2010,09/14/2017,,Horizon Therapeutics Ireland DAC,"Pottery Road, Dn Laoghaire",,Dublin,,' A96 F2A8 ' ,Ireland,135600.0
pegvaliase-pqpz,PALYNZIQ,1995-08-03 00:00:00,Treatment of hyperphenylalaninemia,Designated/Approved,,,Palynziq is indicated to reduce blood phenylalanine concentrations in adult patients with phenylketonuria (PKU) who have uncontrolled blood phenylalanine concentrations greater than 600 micromol/L on existing management,05/24/2018,05/24/2025,Palynziq is indicated to reduce blood phenylalanine concentrations in adult patients with phenylketonuria (PKU) who have uncontrolled blood phenylalanine concentrations greater than 600 micromol/L on existing management,BioMarin Pharmaceutical Inc.,105 Digital Drive,,Novato,California,' 94949 ' ,United States,88195.0
Pegvisomant,Somavert,06/24/1997,Treatment of acromegaly.,Designated/Approved,,,"Treatment of acromegaly in patients who have had an inadequate response to surgery and/or radiation therapy and/or other medical therapies, or for whom these therapies are not appropriate",03/25/2003,03/25/2010,,Sensus Corporation,"Suite 430,",98 San Jacinto Boulevard,Austin,Texas,' 78701 ' ,United States,105097.0
pembrolizumab,Keytruda,2017-12-06 00:00:00,Treatment of hepatocellular carcinoma (HCC),Designated/Approved,,,treatment of patients with hepatocellular carcinoma (HCC) secondary to hepatitis B who have received prior systemic therapy other than a PD-1/PD-L1-containing regimen,01/25/2024,01/25/2031,treatment of patients with hepatocellular carcinoma (HCC) secondary to hepatitis B who have received prior systemic therapy other than a PD-1/PD-L1-containing regimen and other than sorafenib,Merck Sharp & Dohme LLC,126 East Lincoln Ave.,P.O. Box 2000,Rahway,New Jersey,' 07065 ' ,United States,576917.0
pembrolizumab,Keytruda,2019-09-10 00:00:00,Treatment of Biliary Tract Carcinoma,Designated/Approved,,,"in combination with gemcitabine and cisplatin, for the treatment of patients with locally advanced unresectable or metastatic biliary tract cancer (BTC)",10/31/2023,10/31/2030,treatment of patients with locally advanced unresectable or metastatic biliary tract cancer (BTC),"Merck Sharp & Dohme, LLC",126 East Lincoln Avenue,P.O. Box 2000,Rahway,New Jersey,' 07065 ' ,United States,705319.0
pembrolizumab,Keytruda,06/16/2015,"Treatment of gastric cancer, including gastroesophageal junction adenocarcinoma",Designated/Approved,,,"in combination with fluoropyrimidine- and platinum-containing chemotherapy, for the first-line treatment of adults with locally advanced unresectable or metastatic HER2-negative gastric or gastroesophageal junction (GEJ) adenocarcinoma",11/16/2023,11/16/2030,"for the first-line treatment of adults with locally advanced unresectable or metastatic HER2-negative gastric or gastroesophageal junction (GEJ) adenocarcinoma, excluding patients covered by Keytruda's previous indications for gastric or GEJ adenocarcinoma",Merck Sharp & Dohme LLC,126 East Lincoln Ave.,P.O. Box 2000,Rahway,New Jersey,' 07065 ' ,United States,481715.0
pembrolizumab,KEYTRUDA,12/30/2015,Treatment of Hodgkin lymphoma.,Designated/Approved,,,"Treatment for adult and pediatric patients with refractory classical Hodgkin Lymphoma (cHL), or who have relapsed after 3 or more prior lines of therapy.",03/14/2017,03/14/2024,"Treatment of adult and pediatric patients with refractory classical Hodgkin Lymphoma, or who have relapsed after 3 or more prior lines of therapy.",Merck Sharp & Dohme LLC,126 East Lincoln Ave.,P.O. Box 2000,Rahway,New Jersey,' 07065 ' ,United States,502415.0
pembrolizumab,Keytruda,11/19/2012,Treatment of Stage IIB through IV malignant melanoma,Designated/Approved,,,"adjuvant treatment of adult and pediatric (12 years and older) patients with Stage IIB, IIC, or III melanoma following complete resection",2021-03-12 00:00:00,2028-03-12 00:00:00,"adjuvant treatment of adult and pediatric (12 years and older) patients with Stage IIB or IIC melanoma following complete resection, and adjuvant treatment of pediatric (12 years and older) patients with Stage III melanoma following complete resection",Merck Sharp & Dohme LLC,126 East Lincoln Ave.,P.O. Box 2000,Rahway,New Jersey,' 07065 ' ,United States,381012.0
pembrolizumab,Keytruda,06/16/2015,"Treatment of gastric cancer, including gastroesophageal junction adenocarcinoma",Designated/Approved,,,"KEYTRUDA is indicated for the treatment of patients with recurrent locally advanced or metastatic gastric or gastroesophageal junction adenocarcinoma whose tumors express PD-L1 [Combined Positive Score (CPS) =1] as determined by an FDA-approved test, with disease progression on or after two or more prior lines of therapy including fluoropyrimidine- and platinum-containing chemotherapy and if appropriate, HER2/neu-targeted therapy (Indication withdrawn)",09/22/2017,2022-04-02 00:00:00,"Treatment of patients with recurrent locally advanced or metastatic gastric or gastroesophageal junction adenocarcinoma whose tumors express PD-L1 [Combined Positive Score (CPS) >or =1] as determined by an FDA-approved test, with disease progression on or after two or more prior lines of therapy including fluoropyrimidine- and platinum-containing chemotherapy and if appropriate, HER2/neu targeted therapy excluding microsatellite instability-high or mismatch repair deficient gastric or gastroesophageal adenocarcinomas that have progressed and have no satisfactory alternative treatment options (Indication withdrawn)",Merck Sharp & Dohme LLC,126 East Lincoln Ave.,P.O. Box 2000,Rahway,New Jersey,' 07065 ' ,United States,481715.0
pembrolizumab,Keytruda,06/16/2015,"Treatment of gastric cancer, including gastroesophageal junction adenocarcinoma",Designated/Approved,,,"in combination with trastuzumab, fluoropyrimidine- and platinum-containing chemotherapy, for the first-line treatment of patients with locally advanced unresectable or metastatic HER2-positive gastric or gastroesophageal junction (GEJ) adenocarcinoma",2021-05-05 00:00:00,2028-05-05 00:00:00,"for the first-line treatment of patients with locally advanced unresectable or metastatic HER2-positive gastric or gastroesophageal junction (GEJ) adenocarcinoma, excluding patients covered by Keytruda's previous indication for gastric or GEJ adenocarcinoma approved on September 22, 2017",Merck Sharp & Dohme LLC,126 East Lincoln Ave.,P.O. Box 2000,Rahway,New Jersey,' 07065 ' ,United States,481715.0
pembrolizumab,Keytruda,2017-12-06 00:00:00,Treatment of hepatocellular carcinoma (HCC),Designated/Approved,,,KEYTRUDA is indicated for the treatment of patients with hepatocellular carcinoma (HCC) who have been previously treated with sorafenib,2018-09-11 00:00:00,2025-09-11 00:00:00,KEYTRUDA is indicated for the treatment of patients with hepatocellular carcinoma (HCC) who have been previously treated with sorafenib,Merck Sharp & Dohme LLC,126 East Lincoln Ave.,P.O. Box 2000,Rahway,New Jersey,' 07065 ' ,United States,576917.0
pembrolizumab,Keytruda,06/15/2017,Treatment of esophageal carcinoma,Designated/Approved,,,"KEYTRUDA is indicated for the treatment of patients with recurrent locally advanced or metastatic squamous cell carcinoma of the esophagus whose tumors express PD-L1 (CPS =10) as determined by an FDA-approved test, with disease progression after one or more prior lines of systemic therapy.",07/30/2019,07/30/2026,"Indicated for the treatment of patients with recurrent locally advanced or metastatic squamous cell carcinoma of the esophagus whose tumors express PD-L1 (Combined Positive Score [CPS] =10) as determined by an FDA-approved test, with disease progression after one or more prior lines of systemic therapy.","Merck Sharp & Dohme, LLC",126 East Lincoln Ave.,P.O. Box 2000,Rahway,New Jersey,' 07065 ' ,United States,578717.0
pembrolizumab,Keytruda,11/19/2012,Treatment of Stage IIB through IV malignant melanoma,Designated/Approved,,,"Treatment of patients with unresectable or metastatic melanoma and disease progression following ipilimumab and, if BRAF V600 mutation positive, a BRAF inhibitor.",2014-04-09 00:00:00,2021-04-09 00:00:00,,Merck Sharp & Dohme LLC,126 East Lincoln Ave.,P.O. Box 2000,Rahway,New Jersey,' 07065 ' ,United States,381012.0
pembrolizumab,Keytruda,11/19/2012,Treatment of Stage IIB through IV malignant melanoma,Designated/Approved,,,Treatment of patients with unresectable or metastatic melanoma.,12/18/2015,12/18/2022,Initial treatment of patients with unresectable or metastatic melanoma,Merck Sharp & Dohme LLC,126 East Lincoln Ave.,P.O. Box 2000,Rahway,New Jersey,' 07065 ' ,United States,381012.0
pembrolizumab,Keytruda,11/19/2012,Treatment of Stage IIB through IV malignant melanoma,Designated/Approved,,,KEYTRUDA is indicated for the adjuvant treatment of patients with melanoma with involvement of lymph node(s) following complete resection.,02/15/2019,02/15/2026,KEYTRUDA is indicated for the adjuvant treatment of patients with melanoma with involvement of lymph node(s) following complete resection.,Merck Sharp & Dohme LLC,126 East Lincoln Ave.,P.O. Box 2000,Rahway,New Jersey,' 07065 ' ,United States,381012.0
pembrolizumab,Keytruda,12/30/2015,Treatment of Hodgkin lymphoma.,Designated/Approved,,,"treatment of adult patients with relapsed or refractory classical Hodgkin lymphoma (cHL); and treatment of pediatric patients with refractory cHL, or cHL that has relapsed after 2 or more lines of therapy",10/14/2020,10/14/2027,treatment of adult patients with classical Hodgkin lymphoma (cHL) that has relapsed after 1 or 2 lines of therapy; and treatment of pediatric patients with cHL that has relapsed after 2 lines of therapy,Merck Sharp & Dohme LLC,126 East Lincoln Ave.,P.O. Box 2000,Rahway,New Jersey,' 07065 ' ,United States,502415.0
pembrolizumab,Keytruda,06/15/2017,Treatment of esophageal carcinoma,Designated/Approved,,,"treatment of patients with locally advanced or metastatic esophageal or gastroesophageal junction (GEJ) (tumors with epicenter 1 to 5 centimeters above the GEJ) carcinoma that is not amenable to surgical resection or definitive chemoradiation, in combination with platinum- and fluoropyrimidine-based chemotherapy",03/22/2021,03/22/2028,"treatment of patients with locally advanced or metastatic esophageal or gastroesophageal junction (GEJ) (tumors with epicenter 1 to 5 centimeters above the GEJ) carcinoma that is not amenable to surgical resection or definitive chemoradiation, excluding patients covered by Keytrudas previously approved indication for esophageal cancer","Merck Sharp & Dohme, LLC",126 East Lincoln Ave.,P.O. Box 2000,Rahway,New Jersey,' 07065 ' ,United States,578717.0
pembrolizumab,Keytruda,01/14/2016,Treatment of primary mediastinal B cell lymphoma.,Designated/Approved,,,"KEYTRUDA is indicated for the treatment of adult and pediatric patients with refractory primary mediastinal large B-cell lymphoma (PMBCL), or who have relapsed after 2 or more prior lines of therapy",06/13/2018,06/13/2025,"KEYTRUDA is indicated for the treatment of adult and pediatric patients with refractory primary mediastinal large B-cell lymphoma (PMBCL), or who have relapsed after 2 or more prior lines of therapy",Merck Sharp & Dohme LLC,126 East Lincoln Ave.,P.O. Box 2000,Rahway,New Jersey,' 07065 ' ,United States,495415.0
pembrolizumab,Keytruda,12/28/2016,Treatment of Merkel cell carcinoma,Designated/Approved,,,KEYTRUDA is indicated for the treatment of adult and pediatric patients with recurrent locally advanced or metastatic Merkel cell carcinoma,12/19/2018,12/19/2025,KEYTRUDA is indicated for the treatment of adult and pediatric patients with recurrent locally advanced or metastatic Merkel cell carcinoma,Merck Sharp & Dohme LLC,126 East Lincoln Ave.,P.O. Box 2000,Rahway,New Jersey,' 07065 ' ,United States,548216.0
pembrolizumab,Keytruda,2017-03-10 00:00:00,Treatment of Small Cell Lung Cancer,Designated/Approved,,,KEYTRUDA is indicated for the treatment of patients with metastatic small cell lung cancer (SCLC) with disease progression on or after platinum-based chemotherapy and at least one other prior line of therapy. (Indication withdrawn),06/17/2019,03/30/2021,Indicated for the treatment of patients with metastatic small cell lung cancer (SCLC) with disease progression on or after platinum-based chemotherapy and at least one other prior line of therapy. (Indication withdrawn),"Merck Sharp & Dohme, LLC",126 East Lincoln Ave.,P.O. Box 2000,Rahway,New Jersey,' 07065 ' ,United States,605417.0
pemetrexed disodium,Alimta,08/28/2001,Treatment of malignant pleural mesothelioma,Designated/Approved,,,Treatment of patients with malignant pleural mesothelioma whose disease is either unresectable or who are otherwise not candidates for curative surgery,2004-04-02 00:00:00,2011-04-02 00:00:00,,Eli Lilly and Company,Lilly Corporate Center,,Indianapolis,Indiana,' 46285 ' ,United States,145101.0
pemigatinib,Pemazyre,08/21/2019,"Treatment of myeloid/lymphoid neoplasms with eosinophilia and rearrangement of PDGFRA, PDGFRB, or FGFR1, or with PCM1-JAK2",Designated/Approved,,,Treatment of adults with relapsed or refractory myeloid/lymphoid neoplasms (MLNs) with fibroblast growth factor receptor 1 (FGFR1) rearrangement,08/26/2022,08/26/2029,Treatment of adults with relapsed or refractory myeloid/lymphoid neoplasms (MLNs) with fibroblast growth factor receptor 1 (FGFR1) rearrangement,Incyte Corporation,1801 Augustine Cut-Off,,Wilmington,Delaware,' 19803 ' ,United States,696419.0
Pemigatinib,PEMAZYRE,2018-12-03 00:00:00,Treatment of cholangiocarcinoma,Designated/Approved,,,"PEMAZYRE is indicated for the treatment of adults with previously treated, unresectable locally advanced or metastatic cholangiocarcinoma with a fibroblast growth factor receptor 2 (FGFR2) fusion or other rearrangement as detected by an FDA-approved test",04/17/2020,04/17/2027,"For the treatment of adults with previously treated, unresectable locally advanced or metastatic cholangiocarcinoma with a fibroblast growth factor receptor 2 (FGFR2) fusion or other rearrangement as detected by an FDA-approved test.",Incyte Corporation,1801 Augustine Cut-Off,,Wilmington,Delaware,' 19803 ' ,United States,624117.0
Pentamidine isethionate,Nebupent,1988-12-01 00:00:00,Prevention of Pneumocystis carinii pneumonia in patients at high risk of developing this disease.,Designated/Approved,,,,06/15/1989,06/15/1996,,"Fujisawa USA, Inc.",3 Parkway North Center,,Deerfield,Illinois,' 60015 ' ,United States,25887.0
Pentosan polysulfate sodium,Elmiron,1985-07-08 00:00:00,Treatment of interstitial cystitis.,Designated/Approved,,,Relief of bladder pain or discomfort associated with interstitial cystitis.,09/26/1996,09/26/2003,,Alza Corporation,950 Page Mill Rd.,PO Box 10950,Palo Alto,California,' 94303 ' ,United States,1784.0
pentostatin for injection,Nipent,1987-10-09 00:00:00,Treatment of hairy cell leukemia,Designated/Approved,,,Single agent treatment for adult patients with alpha-interferon-refractory hairy cell leukemia.,1991-11-10 00:00:00,1998-11-10 00:00:00,,"SuperGen, Inc.",4140 Dublin Blvd.,Suite 200,Dublin,California,' 94568 ' ,United States,21287.0
pexidartinib,TURALIO,02/14/2014,Treatment of pigmented villonodular synovitis/giant cell tumor of the tendon sheath,Designated/Approved,,,TURALIO is indicated for the treatment of adult patients with symptomatic tenosynovial giant cell tumor (TGCT) associated with severe morbidity or functional limitations and not amenable to improvement with surgery.,2019-02-08 00:00:00,2026-02-08 00:00:00,For the treatment of adult patients with symptomatic tenosynovial giant cell tumor (TGCT) associated with severe morbidity or functional limitations and not amenable to improvement with surgery,"Daiichi Sankyo, Inc.",211 Mount Airy Road,,Basking Ridge,New Jersey,' 07920 ' ,United States,419913.0
phenobarbital sodium,Sezaby,2019-02-10 00:00:00,Treatment of neonatal seizures,Designated/Approved,,,treatment of neonatal seizures in term and preterm infants,11/17/2022,11/17/2029,treatment of neonatal seizures in term and preterm infants,"Sun Pharmaceutical Industries, Inc.",2 Independence Way,,Princeton,New Jersey,' 08540 ' ,United States,703819.0
Pilocarpine,Salagen,09/24/1990,Treatment of xerostomia induced by radiation therapy for head and neck cancer.,Designated/Approved,,,Treatment of symptoms of xerostomia from salivary gland hypofunction caused by radiotherapy for cancer of the head and neck.,03/22/1994,03/22/2001,,"MGI Pharma, Inc.",5775 West Old Shakoppe Rd.,Suite 100,Bloomington,Minnesota,' 55437 ' ,United States,45990.0
Pilocarpine HCl,Salagen,02/28/1992,Treatment of xerostomia and keratoconjunctivitis sicca in Sjogren's syndrome patients.,Designated/Approved,,,Treatment of dry mouth in patients with Sjogren's syndrome.,1998-11-02 00:00:00,2005-11-02 00:00:00,,"MGI Pharma, Inc.",5775 West Old Shakoppe Rd.,Suite 100,Bloomington,Minnesota,' 55437 ' ,United States,62091.0
pirfenidone,ESBRIET,2004-05-03 00:00:00,Treatment of idiopathic pulmonary fibrosis,Designated/Approved,,,Treatment of idiopathic pulmonary fibrosis,10/15/2014,10/15/2021,Treatment of idiopathic pulmonary fibrosis,Genentech,1 DNA Way,,South San Francisco,California,' 94080 ' ,United States,177903.0
pirtobrutinib,Jaypirca,08/28/2020,Treatment of mantle cell lymphoma,Designated/Approved,,,"treatment of adult patients with relapsed or refractory mantle cell lymphoma (MCL) after at least two lines of systemic therapy, including a BTK inhibitor",01/27/2023,01/27/2030,"treatment of adult patients with relapsed or refractory mantle cell lymphoma (MCL) after at least two lines of systemic therapy, including a BTK inhibitor","Loxo Oncology, Inc.","201 Haskins Way, Suite 400",,South San Francisco,California,' 94080 ' ,United States,758120.0
pirtobrutinib,Jaypirca,09/14/2020,Treatment of chronic lymphocytic leukemia/small lymphocytic lymphoma,Designated/Approved,,,"treatment of adult patients with chronic lymphocytic leukemia or small lymphocytic lymphoma (CLL/SLL) who have received at least two prior lines of therapy, including a BTK inhibitor and a BCL-2 inhibitor",2023-01-12 00:00:00,2030-01-12 00:00:00,"treatment of adult patients with chronic lymphocytic leukemia or small lymphocytic lymphoma (CLL/SLL) who have received at least two prior lines of therapy, including a BTK inhibitor and a BCL-2 inhibitor","Loxo Oncology, Inc., a wholly owned subsidiary of Eli Lilly and Company",701 Gateway Boulevard,Suite 420,South San Francisco,California,' 94080 ' ,United States,763420.0
Pitolisant,WAKIX,05/17/2010,Treatment of narcolepsy,Designated/Approved,,,WAKIX is indicated for the treatment of excessive daytime sleepiness (EDS) in adult patients with narcolepsy,08/14/2019,08/14/2026,For the treatment of excessive daytime sleepiness (EDS) in adult patients with narcolepsy,"Harmony Biosciences Management, Inc.",630 W. Germantown Pike,Suite 215,Plymouth Meeting,Pennsylvania,' 19462 ' ,United States,307210.0
pitolisant,WAKIX,05/17/2010,Treatment of narcolepsy,Designated/Approved,,,treatment of excessive daytime sleepiness (EDS) or cataplexy in adult patients with narcolepsy,10/13/2020,10/13/2027,treatment of cataplexy in adult patients with narcolepsy,"Harmony Biosciences Management, Inc.",630 W. Germantown Pike,Suite 215,Plymouth Meeting,Pennsylvania,' 19462 ' ,United States,307210.0
pitolisant,Wakix,05/17/2010,Treatment of narcolepsy,Designated/Approved,,,treatment of excessive daytime sleepiness (EDS) or cataplexy in adult patients with narcolepsy and treatment of EDS in pediatric patients 6 years of age and older with narcolepsy,06/21/2024,06/21/2031,treatment of excessive daytime sleepiness (EDS) in pediatric patients 6 years of age and older with narcolepsy,"Harmony Biosciences Management, Inc.",630 W. Germantown Pike,Suite 215,Plymouth Meeting,Pennsylvania,' 19462 ' ,United States,307210.0
polatuzumab vedotin-piiq,Polivy,2016-12-12 00:00:00,Treatment of diffuse large B-cell lymphoma,Designated/Approved,,,"in combination with a rituximab product, cyclophosphamide, doxorubicin, and prednisone (R-CHP) for the treatment of adult patients who have previously untreated diffuse large B-cell lymphoma (DLBCL), not otherwise specified (NOS) or high-grade B-cell lymphoma (HGBL) and who have an International Prognostic Index score of 2 or greater",04/19/2023,04/19/2030,"treatment of adult patients who have previously untreated diffuse large B-cell lymphoma (DLBCL), not otherwise specified (NOS) and who have an International Prognostic Index score of 2 or greater","Genentech, Inc.",1 DNA Way,MS# 40?N8?5,South San Francisco,California,' 94080-4990 ' ,United States,547416.0
polatuzumab vedotin-piiq,POLIVY,2016-12-12 00:00:00,Treatment of diffuse large B-cell lymphoma,Designated/Approved,,,"POLIVY in combination with bendamustine and a rituximab product is indicated for the treatment of adult patients with relapsed or refractory diffuse large B-cell lymphoma (DLBCL), not otherwise specified, after at least two prior therapies.",2019-10-06 00:00:00,2026-10-06 00:00:00,"In combination with bendamustine and a rituximab product for the treatment of adult patients with relapsed or refractory diffuse large B-cell lymphoma (DLBCL), not otherwise specified, after at least two prior therapies.","Genentech, Inc.",1 DNA Way,MS# 40?N8?5,South San Francisco,California,' 94080-4990 ' ,United States,547416.0
polifeprosan 20 with carmustine,Gliadel,12/13/1989,Treatment of malignant glioma.,Designated/Approved,,,Expanding the indication to include patients with malignant glioma undergoing primary surgical resection.,02/25/2003,02/25/2010,,"Guilford Pharmaceuticals, Inc.",6611 Tributary Street,,Baltimore,Maryland,' 21224 ' ,United States,37089.0
polifeprosan 20 with carmustine,Gliadel,12/13/1989,Treatment of malignant glioma.,Designated/Approved,,,As an adjunct to surgery to prolong survival in patients with recurrent glioblastoma multiforme for whom surgical resection is indicated,09/23/1996,09/23/2003,,"Guilford Pharmaceuticals, Inc.",6611 Tributary Street,,Baltimore,Maryland,' 21224 ' ,United States,37089.0
pomalidomide,Pomalyst,01/15/2003,Treatment of multiple myeloma,Designated/Approved,,,Treatment of patients with multiple myeloma who have received at least two prior therapies including lenalidomide and bortezomib and have demonstrated disease progression on or within 60 days of completion of the last therapy.,2013-08-02 00:00:00,2020-08-02 00:00:00,Treatment of patients with multiple myeloma who have received at least two prior therapies including lenalidomide and bortezomib and have demonstrated disease progression on or within 60 days of completion of the last therapy.,Celgene Corporation,86 Morris Avenue,,Summit,New Jersey,' 07901 ' ,United States,161402.0
pomalidomide,POMALYST,2018-04-04 00:00:00,Treatment of Kaposi sarcoma,Designated/Approved,,,POMALYST (pomalidomide) is indicated for the treatment of adult patients with AIDS-related Kaposi sarcoma (KS) after failure of highly active antiretroviral therapy (HAART); and for the treatment of Kaposi sarcoma (KS) in adult patients who are HIV-negative.,05/14/2020,05/14/2027,Indicated for the treatment of adult patients with AIDS-related Kaposi sarcoma (KS) after failure of highly active antiretroviral therapy (HAART); and for the treatment of Kaposi sarcoma (KS) in adult patients who are HIV-negative.,Celgene Corporation,86 Morris Avenue,,Summit,New Jersey,' 07901 ' ,United States,635818.0
ponatinib,Iclusig,11/20/2009,Treatment of Philadelphia chromosome-positive acute lymphoblastic leukemia (Ph+ALL),Designated/Approved,,,Treatment of adult patients with Philadelphia chromosome positive acute lymphoblastic leukemia (Ph+ALL) that is resistant or intolerant to prior tyrosine kinase inhibitor therapy.,12/14/2012,12/14/2019,,"Takeda Pharmaceuticals U.S.A., Inc.",500 Kendall Street,,Cambridge,Massachusetts,' 02142 ' ,United States,294809.0
ponatinib,Iclusig,11/20/2009,Treatment of chronic myeloid leukemia,Designated/Approved,,,"Treatment of adult patients with chronic phase, accelerated phase, or blast phase chronic myeloid leukemia (CML) that is resistant or intolerant to prior tyrosine kinase inhibitor therapy.",12/14/2012,12/14/2019,,"Takeda Pharmaceuticals U.S.A., Inc.",500 Kendall Street,,Cambridge,Massachusetts,' 02142 ' ,United States,294709.0
ponatinib,Iclusig,11/20/2009,Treatment of Philadelphia chromosome-positive acute lymphoblastic leukemia (Ph+ALL),Designated/Approved,,,treatment of adult patients with newly diagnosed Philadelphia chromosome-positive acute lymphoblastic leukemia (Ph+ ALL) in combination with chemotherapy,03/19/2024,03/19/2031,treatment of adult patients with newly diagnosed Philadelphia chromosome-positive acute lymphoblastic leukemia (Ph+ ALL),"Takeda Pharmaceuticals U.S.A., Inc.",500 Kendall Street,,Cambridge,Massachusetts,' 02142 ' ,United States,294809.0
porfimer,Photofrin,10/19/2001,For the ablation of High-Grade Dysplasia in Barrett's Esophagus in patients who are not considered to be candidates for esophagectomy,Designated/Approved,,,For the ablation of high-grade dysplasia in Barrett's esophagus patients who do not undergo esophagectomy,2003-01-08 00:00:00,2010-01-08 00:00:00,,Axcan Scandipharm Inc.,22 Inverness Parkway,Suite 310,Birmingham,Alabama,' 35242 ' ,United States,146601.0
Porfimer sodium,Photofrin,1989-06-06 00:00:00,For the photodynamic therapy of patients with primary or recurrent obstructing (either partially or completely) esophageal carcinoma.,Designated/Approved,,,"Photodynamic therapy with PHOTOFRIN for the palliation of patients with completely obstructing esophageal cancer, or of patients with partially obstructing esophageal cancer who cannot be satisfactorily treated with Nd:YAG laser therapy.",12/27/1995,12/27/2002,,"QLT Phototherapeutics, Inc.",Lederle Laboratories,401 North Middletown Road,Pearl River,New York,' 10965 ' ,United States,35589.0
posaconazole,Noxafil,2016-04-10 00:00:00,Treatment of invasive aspergillosis,Designated/Approved,,,Treatment of invasive aspergillosis in adults and pediatric patients 13 years of age and older,06/17/2021,06/17/2028,Treatment of invasive aspergillosis in adults and pediatric patients 13 years of age and older,Merck Sharp & Dohme LLC,126 East Lincoln Ave.,P.O. Box 2000,Rahway,New Jersey,' 07065 ' ,United States,539016.0
Potassium citrate,Urocit-K,1984-01-11 00:00:00,1. Prevention of calcium renal stones in patients with hypocitraturia 2. For avoidance of the complication of calcium stone formation in patients with uric lithiasis.,Designated/Approved,,,Prevention of recurring calcium conating stines associated with a deficiency in the urine.,1985-07-08 00:00:00,1992-07-08 00:00:00,,University of Texas Health Science Center at Dallas,5323 Harry Hines Blvd,,Dallas,Texas,' 75235 ' ,United States,9685.0
Potassium citrate,Urocit-K,1984-01-11 00:00:00,Prevention of uric acid nephrolithiasis.,Designated/Approved,,,,08/30/1985,08/30/1992,,University of Texas Health Science Center at Dallas,5323 Harry Hines Blvd,,Dallas,Texas,' 75235 ' ,United States,2784.0
Potassium Iodide Oral Solution,ThyroShield,11/17/2004,For use as a thyroid blocking agent in pediatric patients exposed to radiactive iodine,Designated/Approved,,,For use as a thyroid blocking agent in pediatric patients exposed to radiactive iodine,2005-12-01 00:00:00,,,"Fleming & Company, Pharmaceuticals",1733 Gilsinn Lane,,Fenton,Missouri,' 63026 ' ,United States,190304.0
pozelimab-bbfg,Veopoz,04/13/2020,Treatment of CD55-deficient protein-losing enteropathy,Designated/Approved,,,"treatment of adult and pediatric patients 1 year of age and older with CD55-deficient protein-losing enteropathy (PLE), also known as CHAPLE disease",08/18/2023,08/18/2030,"treatment of adult and pediatric patients 1 year of age and older with CD55-deficient protein-losing enteropathy (PLE), also known as CHAPLE disease","Regeneron Pharmaceuticals, Inc.",777 Old Saw Mill River Rd.,,Tarrytown,New York,' 10591-6707 ' ,United States,736820.0
pralatrexate,Folotyn,07/20/2006,Treatment of T-cell lymphoma,Designated/Approved,,,Treatment of patients with relapsed or refractory peripheral T-cell lymphoma,09/24/2009,09/24/2016,,Acrotech Biopharma LLC,279 Princeton Hightstown Road,,East Windsor,New Jersey,' 08520 ' ,United States,225306.0
pralsetinib,Gavreto,05/26/2020,"Treatment of RET-fusion, RET-mutation, and TRKC-positive poorly differentiated thyroid cancer, undifferentiated or anaplastic thyroid cancer, medullary thyroid cancer, and locally advanced or metastatic follicular or papillary thyroid cancer",Designated/Approved,,,Treatment of (1) Adult and pediatric patients 12 years of age and older with advanced or metastatic RET-mutant medullary thyroid cancer (MTC) who require systemic therapy; and; (2) Adult and pediatric patients 12 years of age and older with advanced or metastatic RET fusion-positive thyroid cancer who require systemic therapy and who are radioactive iodine-refractory (if radioactive iodine is appropriate),2020-01-12 00:00:00,2027-01-12 00:00:00,Treatment of (1) Adult and pediatric patients 12 years of age and older with advanced or metastatic RET-mutant medullary thyroid cancer (MTC) who require systemic therapy; and; (2) Adult and pediatric patients 12 years of age and older with advanced or metastatic RET fusion-positive thyroid cancer who require systemic therapy and who are radioactive iodine-refractory (if radioactive iodine is appropriate),"Rigel Pharmaceuticals, Inc.",611 Gateway Blvd Suite 900,,South San Francisco,California,' 94080 ' ,United States,728519.0
pralsetinib,GAVRETO,2018-11-04 00:00:00,"Treatment of rearranged during transfection (RET)-rearranged non-small cell lung cancer (NSCLC), JAK1/2-positive NSCLC, or TRKC-positive NSCLC.",Designated/Approved,,,treatment of adult patients with metastatic RET fusion-positive non-small cell lung cancer (NSCLC) as detected by an FDA approved test,2020-04-09 00:00:00,2027-04-09 00:00:00,treatment of adult patients with metastatic RET fusion-positive non-small cell lung cancer (NSCLC) as detected by an FDA approved test,"Rigel Pharmaceuticals, Inc.",611 Gateway Blvd Suite 900,,South San Francisco,California,' 94080 ' ,United States,634318.0
Pretomanid,Pretomanid,2007-05-07 00:00:00,Treatment of tuberculosis,Designated/Approved,,,"Pretomanid tablet is indicated, as part of a combination regimen with bedaquiline and linezolid for the treatment of adults with pulmonary extensively drug resistant (XDR) or treatment-intolerant or nonresponsive multidrug-resistant (MDR) tuberculosis (TB).",08/14/2019,08/14/2026,As part of a combination regimen with bedaquiline and linezolid for the treatment of adults with pulmonary extensively drug resistant (XDR) or treatment-intolerant or nonresponsive multidrug-resistant (MDR) tuberculosis (TB).,Global Alliance for TB Drug Development,"80 Pine Street, 20th Floor",,New York,New York,' 10005 ' ,United States,243107.0
propranolol,HEMANGEOL,2008-05-09 00:00:00,Treatment of proliferating infantile hemangiomas requiring systemic therapy,Designated/Approved,,,Treatment of proliferating infantile hemangioma requiring systemic therapy.,03/14/2014,03/14/2021,Treatment of proliferating infantile hemangioma requiring systemic therapy.,Pierre Fabre Dermatologie,"8 Campus Drive, 2nd Floor",,Parsippany,New Jersey,' 07054 ' ,United States,266708.0
"Pulmonary surfactant replacement, porcine",Curosurf,1993-02-08 00:00:00,For the treatment and prevention of respiratory distress syndrome in premature infants.,Designated/Approved,,,Treatment (rescue) of respiratory distress syndrome in premature infants.,11/18/1999,,,"Chiesi USA, Inc.",175 Regency Woods Place,Suite 600,Cary,North Carolina,' 27518 ' ,United States,71192.0
quizartinib,Vanflyta,03/18/2009,Treatment of acute myeloid leukemia,Designated/Approved,,,"in combination with standard cytarabine and anthracycline induction and cytarabine consolidation, and as maintenance monotherapy following consolidation chemotherapy, for the treatment of adult patients with newly diagnosed acute myeloid leukemia (AML) that is FLT3 internal tandem duplication (ITD)-positive as detected by an FDA-approved test",07/20/2023,07/20/2030,"in combination with standard induction and consolidation, and as maintenance therapy following consolidation chemotherapy, for the treatment of adult patients with newly diagnosed acute myeloid leukemia (AML) that is FLT3 internal tandem duplication (ITD)-positive as detected by an FDA-approved test","Daiichi Sankyo, Inc.",211 Mount Airy Road,,Basking Ridge,New Jersey,' 07920 ' ,United States,277109.0
raloxifene,Evista,07/14/2005,Reduction of the risk of breast cancer in postmenopausal women,Designated/Approved,,,Reduction in risk of invasive breast cancer in postmenopausal women with osteoporosis and reduction in risk of invasive breast cancer in postmenopausal women at high risk for invasive breast cancer,09/13/2007,09/13/2014,,Eli Lilly and Company,Lilly Corporate Center,Drop Code 1853,Indianapolis,Indiana,' 46285 ' ,United States,197504.0
ramucirumab,CYRAMZA,02/16/2012,Treatment of gastric cancer,Designated/Approved,,,"Treatment of advanced gastric or gastro-esophageal junction adenocarcinoma, as a single agent or in combination with paclitaxel, after prior fluoropyrimidine- or platinium-containing chemotherapy.",2014-05-11 00:00:00,,,Eli Lilly and Company,33 ImClone Drive,,Branchburg,New Jersey,' 08876 ' ,United States,359711.0
ramucirumab,CYRAMZA,2011-04-11 00:00:00,Treatment of hepatocellular carcinoma,Designated/Approved,,,"CYRAMZA, as a single agent, is indicated for the treatment of patients with hepatocellular carcinoma (HCC) who have an alpha fetoprotein (AFP) of >=400 ng/mL and have been treated with sorafenib.",2019-10-05 00:00:00,2026-10-05 00:00:00,"CYRAMZA, as a single agent, is indicated for the treatment of patients with hepatocellular carcinoma (HCC) who have an alpha fetoprotein (AFP) of >=400 ng/mL and have been treated with sorafenib.",Eli Lilly and Company,Lilly Corporate Center,,Indianapolis,Indiana,' 46285 ' ,United States,353911.0
ramucirumab,CYRAMZA,02/16/2012,Treatment of gastric cancer,Designated/Approved,,,"CYRAMZA as a single-agent is indicated for the treatment of patients with advanced or metastatic, gastric or gastro-esophageal junction adenocarcinoma with disease progression on or after prior fluoropyrimidine- or platinum-containing chemotherapy.",04/21/2014,04/21/2021,"Treatment of advanced gastric cancer or gastro-esophageal junction adenocarcinoma, as a single-agent after prior fluoropyrimidine-or platinum-containing therapy.",Eli Lilly and Company,33 ImClone Drive,,Branchburg,New Jersey,' 08876 ' ,United States,359711.0
rasburicase,Elitek,2000-11-10 00:00:00,Treatment of malignancy-associated or chemotherapy-induced hyperuricemia.,Designated/Approved,,,"Initial management of plasma uric acid levels in pediatric patients with leukemia,lymphoma, and solid tumor malignancies who are receiving anti-cancer therapy expected to result in tumor lysis and subsequent elevation of plasma uric acid.",2002-12-07 00:00:00,2009-12-07 00:00:00,,Sanofi-Synthelabo Research,9 Great Valley Parkway,,Malvern,Pennsylvania,' 19355 ' ,United States,131499.0
ravulizumab-cwvz,Ultomiris,2017-04-01 00:00:00,Treatment of paroxysmal nocturnal hemoglobinuria,Designated/Approved,,,ULTOMIRIS is indicated for the treatment of adult patients with paroxysmal nocturnal hemoglobinuria (PNH).,12/21/2018,12/21/2025,ULTOMIRIS is indicated for the treatment of adult patients with paroxysmal nocturnal hemoglobinuria (PNH).,"Alexion Pharmaceuticals, Inc.",121 Seaport Boulevard,,Boston,Massachusetts,' 02210 ' ,United States,513015.0
ravulizumab-cwvz,Ultomiris,2014-12-06 00:00:00,Treatment of Myasthenia Gravis,Designated/Approved,,,Treatment of adult patients with generalized myasthenia gravis (gMG) who are anti-acetylcholine receptor (AChR) antibody-positive,04/27/2022,,,"Alexion Pharmaceuticals, Inc.",121 Seaport Boulevard,,Boston,Massachusetts,' 02210 ' ,United States,434214.0
ravulizumab-cwvz,Ultomiris,2017-04-01 00:00:00,Treatment of paroxysmal nocturnal hemoglobinuria,Designated/Approved,,,Treatment of adult and pediatric patients one month of age and older with paroxysmal nocturnal hemoglobinuria (PNH),2021-07-06 00:00:00,2028-07-06 00:00:00,Treatment of pediatric patients one month of age and older with paroxysmal nocturnal hemoglobinuria (PNH),"Alexion Pharmaceuticals, Inc.",121 Seaport Boulevard,,Boston,Massachusetts,' 02210 ' ,United States,513015.0
ravulizumab-cwvz,Ultomiris,10/27/2017,Treatment of atypical hemolytic uremic syndrome (aHUS),Designated/Approved,,,Treatment of adult and pediatric patients one month of age and older with atypical hemolytic uremic syndrome (aHUS) to inhibit complement-mediated thrombotic microangiopathy (TMA),07/22/2022,,,"Alexion Pharmaceuticals, Inc.",100 College Street,,New Haven,Connecticut,' 06510 ' ,United States,606917.0
ravulizumab-cwvz,Ultomiris,2017-04-01 00:00:00,Treatment of paroxysmal nocturnal hemoglobinuria,Designated/Approved,,,Treatment of adult and pediatric patients one month of age and older with paroxysmal nocturnal hemoglobinuria (PNH),07/22/2022,,,"Alexion Pharmaceuticals, Inc.",100 College Street,,New Haven,Connecticut,' 06510 ' ,United States,513015.0
ravulizumab-cwvz,Ultomiris,06/24/2013,Treatment of neuromyelitis optica,Designated/Approved,,,treatment of adult patients with neuromyelitis optica spectrum disorder (NMOSD) who are anti-aquaporin-4 (AQP4) antibody positive,03/22/2024,,,"Alexion Pharmaceuticals, Inc.",121 Seaport Boulevard,,Boston,Massachusetts,' 02210 ' ,United States,398713.0
ravulizumab-cwvz,Ultomiris,2017-04-01 00:00:00,Treatment of paroxysmal nocturnal hemoglobinuria,Designated/Approved,,,ULTOMIRIS is indicated for the treatment of adult patients with paroxysmal nocturnal hemoglobinuria (PNH).,2020-09-10 00:00:00,,,"Alexion Pharmaceuticals, Inc.",121 Seaport Boulevard,,Boston,Massachusetts,' 02210 ' ,United States,513015.0
regorafenib,Stivarga,2011-12-01 00:00:00,Treatment gastrointestinal stromal tumors,Designated/Approved,,,"Treatment of patients with locally advanced, unresectable or metastatic gastrointestinal stromal tumor (GIST) who have been previously treated with imatinib mesylate and sunitinib malate.",02/25/2013,02/25/2020,"Treatment of patients with locally advanced, unresectable or metastatic gastrointestinal stromal tumor (GIST) who have been previously treated with imatinib mesylate and sunitinib malate.","Bayer HealthCare Pharmaceuticals, Inc.",P. O. Box 1000,,Montvale,New Jersey,' 07045 ' ,United States,329410.0
regorafenib,Stivarga,2015-04-06 00:00:00,Treatment of hepatocellular carcinoma,Designated/Approved,,,Treatment of patients with hepatocellular carcinoma (HCC or liver cancer) who have been previously treated with sorafenib.,04/27/2017,04/27/2024,Treatment of patients with hepatocellular carcinoma (HCC or liver cancer) who have been previously treated with sorafenib.,"Bayer HealthCare Pharmaceuticals, Inc.",100 Bayer Blvd,P. O. Box 915,Whippany,New Jersey,' 07981 ' ,United States,478015.0
repository corticotropin or adrenocorticotropic hormone,H.P. Acthar Gel,05/21/2003,Treatment of infantile spasms,Designated/Approved,,,To treat infantile spasms,10/15/2010,10/15/2017,,"Questcor Pharmaceuticals, Inc.",26118 Research Road,,Hayward,California,' 94545 ' ,United States,168103.0
repotrectinib,Augtyro,06/22/2017,Treatment of non-small cell lung cancer with adenocarcinoma histology,Designated/Approved,,,treatment of adult patients with locally advanced or metastatic ROS1-positive non-small cell lung cancer (NSCLC),11/15/2023,11/15/2030,treatment of adult patients with locally advanced or metastatic ROS1-positive non-small cell lung cancer (NSCLC) with adenocarcinoma histology,Bristol Myers Squibb Company,3401 Princeton Pike,,Lawrenceville,New Jersey,' 08648 ' ,United States,573517.0
repotrectinib,Augtyro,2024-12-03 00:00:00,Treatment of NTRK fusion-positive solid tumors,Designated/Approved,,,"treatment of adult and pediatric patients 12 years of age and older with solid tumors that have a neurotrophic tyrosine receptor kinase (NTRK) gene fusion, are locally advanced or metastatic or where surgical resection is likely to result in severe morbidity, and have progressed following treatment or have no satisfactory alternative therapy",06/13/2024,06/13/2031,"treatment of adult and pediatric patients 12 years of age and older with solid tumors that have a neurotrophic tyrosine receptor kinase (NTRK) gene fusion, are locally advanced or metastatic or where surgical resection is likely to result in severe morbidity, and have progressed following treatment or have no satisfactory alternative therapy",Bristol-Myers Squibb Company,P.O. Box 4000,,Princeton,New Jersey,' 08543 ' ,United States,992623.0
retifanlimab-dlwr,Zynyz,10/26/2020,Treatment of Merkel cell carcinoma,Designated/Approved,,,treatment of adult patients with metastatic or recurrent locally advanced Merkel cell carcinoma (MCC),03/22/2023,03/22/2030,treatment of adult patients with metastatic or recurrent locally advanced Merkel cell carcinoma (MCC),Incyte Corporation,1801 Augustine Cut-Off,,Wilmington,Delaware,' 19803 ' ,United States,695719.0
retifanlimab-dlwr,Zynyz,03/24/2020,Treatment of anal cancer,Designated/Approved,,,"in combination with carboplatin and paclitaxel, for the first-line treatment of adult patients with inoperable locally recurrent or metastatic squamous cell carcinoma of the anal canal (SCAC); and as a single agent, for the treatment of adult patients with locally recurrent or metastatic SCAC with disease progression on or intolerance to platinum-based chemotherapy",05/15/2025,,,Incyte Corporation,1801 Augustine Cut-Off,,Wilmington,Delaware,' 19803 ' ,United States,691419.0
revumenib,Revuforj,04/20/2020,Treatment of acute myeloid leukemia,Designated/Approved,,,treatment of relapsed or refractory acute leukemia with a lysine methyltransferase 2A gene (KMT2A) translocation in adult and pediatric patients 1 year and older,11/15/2024,11/15/2031,treatment of relapsed or refractory acute myeloid leukemia with a lysine methyltransferase 2A gene (KMT2A) translocation in adult and pediatric patients 1 year and older,"Syndax Pharmaceuticals, Inc.","35 Gatehouse Drive, Building D, Floor 3",,Waltham,Massachusetts,' 02451 ' ,United States,734520.0
revumenib,Revuforj,2024-01-08 00:00:00,treatment of acute leukemias of ambiguous lineage,Designated/Approved,,,treatment of relapsed or refractory acute leukemia with a lysine methyltransferase 2A gene (KMT2A) translocation in adult and pediatric patients 1 year and older,11/15/2024,11/15/2031,treatment of relapsed or refractory mixed-phenotype acute leukemia with a lysine methyltransferase 2A gene (KMT2A) translocation in adult and pediatric patients 1 year and older,"Syndax Pharmaceuticals, Inc.","35 Gatehouse Drive, Building D, Floor 3",,Waltham,Massachusetts,' 02451 ' ,United States,1009224.0
revumenib,Revuforj,2024-11-07 00:00:00,Treatment of acute lymphocytic leukemia,Designated/Approved,,,treatment of relapsed or refractory acute leukemia with a lysine methyltransferase 2A gene (KMT2A) translocation in adult and pediatric patients 1 year and older,11/15/2024,11/15/2031,treatment of relapsed or refractory acute lymphocytic leukemia with a lysine methyltransferase 2A gene (KMT2A) translocation in adult and pediatric patients 1 year and older,"Syndax Pharmaceuticals, Inc.","35 Gatehouse Drive, Building D, Floor 3",,Waltham,Massachusetts,' 02451 ' ,United States,995624.0
rezafungin,Rezzayo,2016-08-02 00:00:00,Treatment of candidemia and invasive candidiasis infections caused by susceptible Candida spp.,Designated/Approved,,,in patients 18 years of age or older who have limited or no alternative options for the treatment of candidemia and invasive candidiasis,03/22/2023,03/22/2030,in patients 18 years of age or older who have limited or no alternative options for the treatment of candidemia and invasive candidiasis,Mundipharma GmbH,De-Saint-Exupery-Str. 10,,Frankfurt am Main,,' 60549 ' ,Germany,507215.0
ribavirin,REBETOL,2003-04-04 00:00:00,Treatment of chronic hepatitis C in pediatric patients,Designated/Approved,,,Treatment of chronic hepatitis C among previously untreated pediatric patients at least three years of age or older.,07/29/2003,07/29/2010,,Schering Corporation,2000 Galloping Hill Road,,Kenilworth,New Jersey,' 07033 ' ,United States,162402.0
Rifabutin,Mycobutin,12/18/1989,Prevention of disseminated Mycobacterium avium complex disease in patients with advanced HIV infection.,Designated/Approved,,,Prevention of disseminated Mycobacterium avium complex disease in patients with advanced HIV infections.,12/23/1992,12/23/1999,,"Adria Laboratories, Inc.",P.O. Box 16529,,Columbus,Ohio,' 43216 ' ,United States,41989.0
"Rifampin, isoniazid, pyrazinamide",Rifater,1985-12-09 00:00:00,For the short-course treatment of tuberculosis.,Designated/Approved,,,Short-course treatment of tuberculosis.,05/31/1994,05/31/2001,,Hoechst Marion Roussel,P.O. Box 9627,,Kansas City,Missouri,' 64134 ' ,United States,6585.0
Rifapentine,Priftin,1995-09-06 00:00:00,Treatment of pulmonary tuberculosis.,Designated/Approved,,,,06/22/1998,06/22/2005,,Hoechst Marion Roussel,P.O. Box 9627,Mail Station: H3-M2516,Kansas City,Missouri,' 64134 ' ,United States,89495.0
rifaximin,Xifaxan,1998-10-02 00:00:00,Treatment of hepatic encephalopathy,Designated/Approved,,,Reduction in the risk of overt hepatic encephalopathy (HE) recurrence in patients greater than or equal to 18 years of age,03/24/2010,03/24/2017,,"Salix Pharmaceuticals, Inc.",400 Somerset Corporate Blvd,,Somerset,New Jersey,' 08807 ' ,United States,109497.0
rilonacept,Arcalyst,07/14/2020,Treatment of pericarditis,Designated/Approved,,,Treatment of recurrent pericarditis (RP) and reduction in risk of recurrence in adults and pediatric patients 12 years and older,03/18/2021,03/18/2028,Treatment of recurrent pericarditis (RP) and reduction in risk of recurrence in adults and pediatric patients 12 years and older,"Kiniksa Pharmaceuticals, Ltd.",c/o Kiniksa Pharmaceuticals Corp.,100 Hayden Avenue,Lexington,Massachusetts,' 02421 ' ,United States,649718.0
Rilonacept,Arcalyst,12/20/2004,Treatment of CIAS1-Associated Periodic Syndromes,Designated/Approved,,,Treatment of Cryopyrin-Assisted Periodic Syndromes (CAPS),02/27/2008,02/27/2015,,"Regeneron Pharmaceuticals, Inc.",777 Old Saw Mill River Road,,Tarrytown,New York,' 10591 ' ,United States,196904.0
Riluzole,Rilutek,03/16/1993,Treatment of amyotrophic lateral sclerosis.,Designated/Approved,,,Treatment of patients with amyotrophic lateral sclerosis. Riluzole extends survival and/or time to tracheostomy.,1995-12-12 00:00:00,2002-12-12 00:00:00,,"Rhone-Poulenc Rorer Pharmaceuticals, Inc.","500 Arcola Road, P.O. Box 1200",,Collegeville,Pennsylvania,' 19426 ' ,United States,72792.0
riluzole oral film,EXSERVAN,01/23/2018,Treatment of amyotrophic lateral sclerosis (ALS),Designated/Approved,,,EXSERVAN is indicated for the treatment of amyotrophic lateral sclerosis (ALS).,11/22/2019,,,Aquestive Therapeutics,30 Technology Drive South,,Warren,New Jersey,' 07059 ' ,United States,563216.0
riociguat,Adempas,09/19/2013,Treatment of pulmonary arterial hypertension.,Designated/Approved,,,"Treatment of adults with pulmonary arterial hypertension (PAH) WHO Group 1, to improve exercise capacity, WHO functional class and to delay clinical worsening.",2013-08-10 00:00:00,2020-08-10 00:00:00,"Treatment of adults with pulmonary arterial hypertension (PAH) WHO Group 1, to improve exercise capacity, WHO functional class and to delay clinical worsening.","Bayer HealthCare Pharmaceuticals, Inc.",100 Bayer Blvd.,,Whippany,New Jersey,' 07981 ' ,United States,392113.0
riociguat,Adempas,09/19/2013,Treatment of chronic thromboembolic pulmonary hypertension,Designated/Approved,,,"Treatment of adults with persistent/recurrent chronic thromboembolic pulmonary hypertension (CTEPH) WHO Group 4, after surgical treatment, or inoperable CTEPH, to improve exercise capacity and WHO functional class",2013-08-10 00:00:00,2020-08-10 00:00:00,"Treatment of adults with persistent/recurrent chronic thromboembolic pulmonary hypertension (CTEPH) WHO Group 4, after surgical treatment, or inoperable CTEPH, to improve exercise capacity and WHO functional class","Bayer HealthCare Pharmaceuticals, Inc.",100 Bayer Blvd.,,Whippany,New Jersey,' 07981 ' ,United States,406913.0
risdiplam,Evrysdi,2017-04-01 00:00:00,Treatment of spinal muscular atrophy,Designated/Approved,,,Treatment of spinal muscular atrophy (SMA) in pediatric and adult patients,05/27/2022,05/27/2029,Treatment of spinal muscular atrophy (SMA) in pediatric patients between birth and 2 months of age,"Genentech, Inc., a Member of the Roche Group",1 DNA Way,,South San Francisco,California,' 94080 ' ,United States,548116.0
risdiplam,Evrysdi,2017-04-01 00:00:00,Treatment of spinal muscular atrophy,Designated/Approved,,,treatment of spinal muscular atrophy (SMA) in patients 2 months of age and older,2020-07-08 00:00:00,2027-07-08 00:00:00,treatment of spinal muscular atrophy (SMA) in patients 2 months of age and older.,"Genentech, Inc., a Member of the Roche Group",1 DNA Way,,South San Francisco,California,' 94080 ' ,United States,548116.0
rituximab,Rituxan,02/14/2006,"Treatment of patients with anti-neutrophil cytoplasmic antibody-associated vasculitis (Wegener's Granulomatosis, Microscopic Polyangiitis, and Churg-Strauss Syndrome)",Designated/Approved,,,"RITUXAN, in combination with glucocorticoids, is indicated for the treatment of adult and pediatric patients 2 years of age and older with Granulomatosis with Polyangiitis (GPA) (Wegener?s Granulomatosis) and Microscopic Polyangiitis (MPA)",09/27/2019,09/27/2026,"indicated in combination with glucocorticoids, for the treatment of pediatric patients 2 years of age and older with Granulomatosis with Polyangiitis (GPA) (Wegener's Granulomatosis) and Microscopic Polyangiitis (MPA)","Genentech, Inc.",1 DNA Way,,South San Francisco,California,' 94080 ' ,United States,216305.0
rituximab,Rituxan,06/13/1994,Treatment of non-Hodgkin's B-cell lymphoma,Designated/Approved,,,"Treatment of patients with relapsed or refractory low-grade or follicular, CD20 positive, B-cell non-Hodgkin's lymphoma",11/26/1997,11/26/2004,,"Genentech, Inc.","1 DNA Way, MS 242",,South San Francisco,California,' 94080 ' ,United States,79793.0
rituximab,Rituxan,01/29/2004,Treatment of chronic lymphocytic leukemia,Designated/Approved,,,Treatment of patients previously untreated for CD20-positive chronic lymphocytic leukemia in combination wih fludarbine and cyclophosphamide,02/18/2010,02/18/2017,,"Genentech, Inc.",1DNA Way,MS 241A,South San Francisco,California,' 94080 ' ,United States,177603.0
rituximab,Rituxan,06/13/1994,Treatment of non-Hodgkin's B-cell lymphoma,Designated/Approved,,,"treatment of pediatric patients aged 6 months and older with previously untreated, advanced stage, CD20-positive diffuse large B-cell lymphoma (DLBCL), Burkitt lymphoma (BL), Burkitt-like lymphoma (BLL) or mature B-cell acute leukemia (B-AL) in combination with chemotherapy",2021-02-12 00:00:00,2028-02-12 00:00:00,"treatment of pediatric patients aged 6 months and older with previously untreated, advanced stage, CD20-positive diffuse large B-cell lymphoma (DLBCL), Burkitt lymphoma (BL), Burkitt-like lymphoma (BLL) or mature B-cell acute leukemia (B-AL)","Genentech, Inc.","1 DNA Way, MS 242",,South San Francisco,California,' 94080 ' ,United States,79793.0
rituximab,Rituxan,02/14/2006,"Treatment of patients with anti-neutrophil cytoplasmic antibody-associated vasculitis (Wegener's Granulomatosis, Microscopic Polyangiitis, and Churg-Strauss Syndrome)",Designated/Approved,,,For the use of Rituxan (rituximab) in combination with glucocorticoids for the treatment of patients with Wegener's Granulomatosis (WG) and Microscopic Polyangiitis (MPA). ),04/19/2011,04/19/2018,,"Genentech, Inc.",1 DNA Way,,South San Francisco,California,' 94080 ' ,United States,216305.0
romidepsin,Istodax,09/30/2004,Treatment of non-Hodgkin T-cell lymphomas,Designated/Approved,,,Treatment of cutaneous T-cell lymphoma (CTCL) in patients who have received at least one prior systemic therapy,2009-05-11 00:00:00,2016-05-11 00:00:00,,Celgene Corporation,One Broadway,14th Floor,Cambridge,Massachusetts,' 02142 ' ,United States,193404.0
romidepsin,Istodax,09/30/2004,Treatment of non-Hodgkin T-cell lymphomas,Designated/Approved,,,Treatment of peripheral T-cell lymphoma (PTCL) in patients who have received at least one prior therapy,06/16/2011,06/16/2018,,Celgene Corporation,One Broadway,14th Floor,Cambridge,Massachusetts,' 02142 ' ,United States,193404.0
romiplostim,Nplate,03/27/2003,Treatment of immune thrombocytopenic purpura,Designated/Approved,,,"Nplate is indicated for the treatment of thrombocytopenia in adult patients with immune thrombocytopenia (ITP) who have had an insufficient response to corticosteroids, immunoglobulins, or splenectomy",10/17/2019,10/17/2026,"For the treatment of thrombocytopenia in adult patients with non-chronic immune thrombocytopenia (ITP) who have had an insufficient response to corticosteroids, immunoglobulins, or splenectomy.","Amgen, Inc.",One Amgen Center Drive,Mail Stop: 27-2-D,Thousand Oaks,California,' 91320 ' ,United States,165402.0
romiplostim,Nplate,03/27/2003,Treatment of immune thrombocytopenic purpura,Designated/Approved,,,"Nplate is indicated for the treatment of thrombocytopenia in pediatric patients 1 year of age and older with ITP for at least 6 months who have had an insufficient response to corticosteroids, immunoglobulins, or splenectomy.",12/14/2018,12/14/2025,"Nplate is indicated for the treatment of pediatric patients 1 year of age and older with immune thrombocytopenia (ITP) for at least 6 months who have had an insufficient response to corticosteroids, immunoglobulins, or splenectomy.","Amgen, Inc.",One Amgen Center Drive,Mail Stop: 27-2-D,Thousand Oaks,California,' 91320 ' ,United States,165402.0
romiplostim,Nplate,03/27/2003,Treatment of immune thrombocytopenic purpura,Designated/Approved,,,"Treatment of thrombocytopenia in patients with chronic immune (idiopathic) thrombocytopenic purpura (ITP) who have had an insufficient response to corticosteroids, immunoglobulins, or splenectomy",08/22/2008,08/22/2015,,"Amgen, Inc.",One Amgen Center Drive,Mail Stop: 27-2-D,Thousand Oaks,California,' 91320 ' ,United States,165402.0
romiplostim,Nplate,05/24/2018,Treatment of patients acutely exposed to myelosuppressive doses of radiation following radiological/nuclear incident,Designated/Approved,,,to increase survival in adults and pediatric patients (including term neonates) acutely exposed to myelosuppressive doses of radiation (Hematopoietic Syndrome of Acute Radiation Syndrome [HS-ARS]),01/28/2021,01/28/2028,to increase survival in adults and pediatric patients (including term neonates) acutely exposed to myelosuppressive doses of radiation (Hematopoietic Syndrome of Acute Radiation Syndrome [HS-ARS]),Amgen Inc.,1 Amgen Center Drive,,Thousand Oaks,California,' 91320 ' ,United States,639818.0
ropeginterferon alfa-2b-njft,Besremi,2012-02-04 00:00:00,Treatment of polycythemia vera,Designated/Approved,,,Treatment of adults with polycythemia vera,2021-12-11 00:00:00,2028-12-11 00:00:00,Treatment of adults with polycythemia vera,PharmaEssentia,"13F, No. 3, YuanQu St.",,Taipei,Taiwan,' ' ,Taiwan,367012.0
rosuvastatin,Crestor,02/14/2014,For the treatment of pediatric homozygous familial hypercholesterolemia,Designated/Approved,,,"An adjunct to diet to reduce LDL-C, Total-C, nonHDL-C and ApoB in children and adolescents 7 to 17 years of age with homozygous familial hypercholesterolemia, either alone or with other lipid-lowering treatments (e.g., LDL apheresis).",05/27/2016,05/27/2023,"An adjunct to diet to reduce LDL-C, Total-C, nonHDL-C and ApoB in children and adolescents 7 to 17 years of age with homozygous familial hypercholesterolemia, either alone or with other lipid-lowering treatments (e.g., LDL apheresis).","iPR Pharmaceuticals, Inc.",1 MedImmune Way,,Gaithersburg,Maryland,' 20878 ' ,United States,420513.0
rozanolixizumab-noli,Rystiggo,2019-01-02 00:00:00,Treatment of myasthenia gravis,Designated/Approved,,,treatment of generalized myasthenia gravis (gMG) in adult patients who are anti-acetylcholine receptor (AChR) or anti-muscle-specific tyrosine kinase (MuSK) antibody positive,06/26/2023,06/26/2030,treatment of generalized myasthenia gravis (gMG) in adult patients who are anti-acetylcholine receptor (AChR) or anti-muscle-specific tyrosine kinase (MuSK) antibody positive,"UCB, Inc.","1950 Lake Park Drive, Building 2100",,Smyrna,Georgia,' 30080 ' ,United States,669918.0
rucaparib,Rubraca,07/31/2012,Treatment of ovarian cancer,Designated/Approved,,,"For the maintenance treatment of adult patients with recurrent epithelial ovarian, fallopian tube, or primary peritoneal cancer who are in complete or partial response to platinum-based chemotherapy.",2018-06-04 00:00:00,2025-06-04 00:00:00,For the maintenance treatment of adult patients with recurrent epithelial ovarian cancer who are in complete or partial response to platinum-based chemotherapy.,"Clovis Oncology, Inc.",5500 Flatiron Parkway,Suite 100,Boulder,Colorado,' 80301 ' ,United States,374712.0
rucaparib,Rubraca,07/31/2012,Treatment of ovarian cancer,Designated/Approved,,,As monotherapy for the treatment of patients with deleterious BRCA mutation (germline and/or somatic) associated advanced ovarian cancer who have been treated with two or more chemotherapies (Indication withdrawn),12/19/2016,2022-10-06 00:00:00,As monotherapy for the treatment of patients with deleterious BRCA mutation (germline and/or somatic) associated advanced ovarian cancer who have been treated with two or more chemotherapies (Indication withdrawn),"Clovis Oncology, Inc.",5500 Flatiron Parkway,Suite 100,Boulder,Colorado,' 80301 ' ,United States,374712.0
rufinamide,Banzel,2004-08-10 00:00:00,Treatment of Lennox-Gastaut Syndrome.,Designated/Approved,,,Adjunctive therapy of seizures associated with Lennox-Gastaut syndrome.,11/14/2008,11/14/2015,,"Eisai, Inc.",300 Tice Blvd,,Woodcliff Lake,New Jersey,' 07677 ' ,United States,193504.0
ruxolitinib,JAKAFI,2016-03-11 00:00:00,Treatment of graft versus host disease,Designated/Approved,,,Treatment of steroid-refractory acute graft-versus-host disease (GVHD) in adult and pediatric patients 12 years and older.,05/24/2019,05/24/2026,Treatment of steroid-refractory acute graft-versus-host disease (GVHD) in adult and pediatric patients 12 years and older.,Incyte Corporation,1801 Augustine Cut-Off,,Wilmington,Delaware,' 19803 ' ,United States,542716.0
ruxolitinib,Jakafi,2016-03-11 00:00:00,Treatment of graft versus host disease,Designated/Approved,,,Treatment of chronic graft-versus-host disease (cGVHD) after failure of one or two lines of systemic therapy in adult and pediatric patients 12 years and older,09/22/2021,09/22/2028,Treatment of chronic graft-versus-host disease (cGVHD) after failure of one or two lines of systemic therapy in adult and pediatric patients 12 years and older,Incyte Corporation,1801 Augustine Cut-Off,,Wilmington,Delaware,' 19803 ' ,United States,542716.0
ruxolitinib,Jakafi,03/26/2010,Treatment of polycythemia vera,Designated/Approved,,,Treatment of patients with polycythemia vera who have had an inadequate response to or are intolerant of hydroxyurea.,2014-04-12 00:00:00,2021-04-12 00:00:00,Treatment of patients with polycythemia vera who have had an inadequate response to or are intolerant of hydroxyurea.,Incyte Corporation,1801 Augustine Cut-Off,,Wilmington,Delaware,' 19803 ' ,United States,302310.0
ruxolitinib phosphate,Jakafi,2008-05-09 00:00:00,Treatment of myelofibrosis,Designated/Approved,,,"Treatment of patients with intermediate or high-risk myelofibrosis, including primary myelofibrosis, post-polycythemia vera myelofibrosis and post-essential thrombocythemia myelofibrosis",11/16/2011,11/16/2018,,Incyte Corporation,1801 Augustine Cut-Off,,Wilmington,Delaware,' 19803 ' ,United States,265308.0
Sacrosidase,Sucraid,1993-10-12 00:00:00,Treatment of congenital sucrase-isomaltase deficiency,Designated/Approved,,,"Oral replacement therapy of the genetically determined sucrase deficiency, which is part of congenital sucrease-isomaltase deficiency.",1998-09-04 00:00:00,2005-09-04 00:00:00,,"QOL Medical, LLC","4445 North Highway A1A, 241",,Vero Beach,Florida,' 32963 ' ,United States,78693.0
sapropterin,Kuvan,01/29/2004,Treatment of hyperphenylalaninemia,Designated/Approved,,,Indicated to reduce blood phenylalanine (Phe) levels in patients with hyperphenylalaninemia (HPA) due to tetrahydrobiopterin- (BH4-) responsive Phenylketonuria (PKU). Kuvan is to be used in conjunction with a Phe-restricted diet.,12/13/2007,12/13/2014,,"BioMarin Pharmaceutical, Inc.",105 Digital Drive,,Novato,California,' 94949 ' ,United States,181503.0
Sargramostim,Leukine,1995-06-03 00:00:00,To reduce neutropenia and leukopenia and decrease the incidence of death due to infection in patients with acute myelogenous leukemia.,Designated/Approved,,,Following induction chemotherapy in older adult patients with acute myelogenous leukemia to shorten time to neutrophil recovery and to reduce the incidence of severe and life-threatening infections and infections resulting in death.,09/15/1995,09/15/2002,,Immunex Corporation,51 University Street,,Seattle,Washington,' 98101 ' ,United States,81494.0
sargramostim,Leukine,2016-09-11 00:00:00,Treatment of individuals acutely exposed to myelosuppressive doses of radiation (hematopoietic syndrome of acute radiation syndrome),Designated/Approved,,,LEUKINE is indicated to increase survival in adult and pediatric patients from birth to 17 years of age acutely exposed to myelosuppressive doses of radiation (Hematopoietic Syndrome of Acute Radiation Syndrome [H-ARS]).,03/29/2018,03/29/2025,to increase survival in adult and pediatric patients from birth to 17 years of age acutely exposed to myelosuppressive doses of radiation (Hematopoietic Syndrome of Acute Radiation Syndrome [H-ARS]),"Partner Therapeutics, Inc.",19 Muzzey Street,,Lexington,Massachusetts,' 02421 ' ,United States,541816.0
sargramostim,Leukine,1990-03-05 00:00:00,"Treatment of neutropenia associated with bone marrow transplant, for the treatment of graft failure and delay of engraftment, and for the promotion of early engraftment.",Designated/Approved,,,,1991-05-03 00:00:00,1998-05-03 00:00:00,,Immunex Corporation,51 University Street,,Seattle,Washington,' 98101 ' ,United States,44290.0
satralizumab-mwge,Enspryng,06/30/2014,Treatment of neuromyelitis optica and neuromyelitis optica spectrum disorder,Designated/Approved,,,treatment of neuromyelitis optica spectrum disorder (NMOSD) in adult patients who are anti-aquaporin-4 (AQP4) antibody positive,08/14/2020,08/14/2027,treatment of neuromyelitis optica spectrum disorder (NMOSD) in adult patients who are anti-aquaporin-4 (AQP4) antibody positive,"Genentech, Inc.",1 DNA WAY,,SOUTH SAN FRANCISCO,California,' 94080 ' ,United States,436114.0
sebelipase alfa,Kanuma,2010-01-07 00:00:00,Treatment of lysosomal acid lipase deficiency,Designated/Approved,,,Indicated for the treatment of patients with a diagnosis of Lysosomal Acid Lipase (LAL) deficiency,2015-08-12 00:00:00,2022-08-12 00:00:00,Indicated for the treatment of patients with a diagnosis of Lysosomal Acid Lipase (LAL) deficiency,Alexion Pharmaceuticals,100 College Street,,New Haven,Connecticut,' 06510 ' ,United States,309410.0
seladelpar,Livdelzi,2016-07-11 00:00:00,Treatment of primary biliary cholangitis,Designated/Approved,,,"treatment of primary biliary cholangitis (PBC) in combination with ursodeoxycholic acid (UDCA) in adults who have had an inadequate response to UDCA, or as monotherapy in patients unable to tolerate UDCA",08/14/2024,08/14/2031,"treatment of primary biliary cholangitis (PBC) in adults who have had an inadequate response to ursodeoxycholic acid (UDCA), or in patients unable to tolerate UDCA","Gilead Sciences, Inc.",333 Lakeside Drive,,Foster City,California,' 94404 ' ,United States,543416.0
Selegiline HCl,Eldepryl,1984-07-11 00:00:00,"As an adjuvant to levodopa and carbidopa treatment of idiopathic Parkinson's disease (paralysis agitans), postencephalitic Parkinsonism, and symptomatic Parkinsonism.",Designated/Approved,,,,1989-05-06 00:00:00,1996-05-06 00:00:00,,"Somerset Pharmaceuticals, Inc.","400 Morris Ave., Suite 7s",,Denville,New Jersey,' 07834 ' ,United States,583.0
selexipag,Uptravi,04/30/2010,Treatment of pulmonary arterial hypertension,Designated/Approved,,,"For treatment of pulmonary arterial hypertension (PAH, WHO Group I) to delay disease progression and reduce the risk of hospitalization for PAH",12/21/2015,12/21/2022,"For treatment of pulmonary arterial hypertension (PAH, WHO Group I) to delay disease progression and reduce the risk of hospitalization for PAH",Actelion Pharmaceuticals Ltd,Gewerbestrasse 16,,Allschwil,,' ' ,Switzerland,304810.0
selexipag,Uptravi,04/30/2010,Treatment of pulmonary arterial hypertension,Designated/Approved,,,"Treatment of pulmonary arterial hypertension (PAH, WHO Group I) to delay disease progression and reduce the risk of hospitalization for PAH",07/29/2021,,,Actelion Pharmaceuticals Ltd,Gewerbestrasse 16,,Allschwil,,' ' ,Switzerland,304810.0
selinexor,Xpovio,2015-05-01 00:00:00,Treatment of multiple myeloma,Designated/Approved,,,in combination with bortezomib and dexamethasone for the treatment of adult patients with multiple myeloma who have received at least one prior therapy,12/18/2020,12/18/2027,"for the treatment of adult patients with multiple myeloma who have received at least one prior therapy, excluding adult patients covered by Xpovio's previous indication for multiple myeloma approved on July 3, 2019","Karyopharm Therapeutics, Inc.","85 Wells Avenue, Suite 210",,Newton,Massachusetts,' 02459 ' ,United States,459014.0
selinexor,XPOVIO,2015-05-01 00:00:00,Treatment of multiple myeloma,Designated/Approved,,,"XPOVIO is indicated in combination with dexamethasone for the treatment of adult patients with relapsed or refractory multiple myeloma (RRMM) who have received at least four prior therapies and whose disease is refractory to at least two proteasome inhibitors, at least two immunomodulatory agents, and an anti-CD38 monoclonal antibody.",2019-03-07 00:00:00,2026-03-07 00:00:00,"Indicated in combination with dexamethasone for the treatment of adult patients with relapsed or refractory multiple myeloma (RRMM) who have received at least four prior therapies and whose disease is refractory to at least two proteasome inhibitors, at least two immunomodulatory agents, and an anti-CD38 monoclonal antibody.","Karyopharm Therapeutics, Inc.","85 Wells Avenue, Suite 210",,Newton,Massachusetts,' 02459 ' ,United States,459014.0
selinexor,Xpovio,05/14/2014,Treatment of diffuse large B-cell lymphoma,Designated/Approved,,,"XPOVIO is indicated for the treatment of adult patients with relapsed or refractory diffuse large B-cell lymphoma (DLBCL), not otherwise specified, including DLBCL arising from follicular lymphoma, after at least 2 lines of systemic therapy.",06/22/2020,06/22/2027,"For the treatment of adult patients with relapsed or refractory diffuse large B-cell lymphoma (DLBCL), not otherwise specified, including DLBCL arising from follicular lymphoma, after at least 2 lines of systemic therapy","Karyopharm Therapeutics, Inc.",2 Mercer Road,,Natick,Massachusetts,' 01760 ' ,United States,436414.0
selpercatinib,RETEVMO,11/21/2019,"Treatment of RET fusion-positive or RET mutant thyroid cancers including poorly differentiated thyroid cancer, undifferentiated or anaplastic thyroid cancer, medullary thyroid cancer, and locally advanced or metastatic follicular or papillary thyroid cancer",Designated/Approved,,,RETEVMO is indicated for the treatment of: Adult and pediatric patients 12 years of age and older with advanced or metastatic RET-mutant medullary thyroid cancer (MTC) who require systemic therapy; Adult and pediatric patients 12 years of age and older with advanced or metastatic RET fusion-positive thyroid cancer who require systemic therapy and who are radioactive iodine-refractory (if radioactive iodine is appropriate),2020-08-05 00:00:00,2027-08-05 00:00:00,"For the treatment of: adult and pediatric patients 12 years of age and older with advanced or metastatic RET-mutant medullary thyroid cancer (MTC) who require systemic therapy; and, adult and pediatric patients 12 years of age and older with advanced or metastatic RET fusion-positive thyroid cancer who require systemic therapy and who are radioactive iodine-refractory (if radioactive iodine is appropriate).","Loxo Oncology Inc., a wholly owned subsidiary of Eli Lilly and Company","701 Gateway Boulevard, Suite 420",,South San Francisco,California,' 94080 ' ,United States,653118.0
selpercatinib,Retevmo,11/21/2019,"Treatment of RET fusion-positive or RET mutant thyroid cancers including poorly differentiated thyroid cancer, undifferentiated or anaplastic thyroid cancer, medullary thyroid cancer, and locally advanced or metastatic follicular or papillary thyroid cancer",Designated/Approved,,,"treatment of adult and pediatric patients 2 years of age and older with advanced or metastatic medullary thyroid cancer (MTC) with a RET mutation, as detected by an FDA-approved test, who require systemic therapy; and treatment of adult and pediatric patients 2 years of age and older with advanced or metastatic thyroid cancer with a RET gene fusion, as detected by an FDA-approved test, who require systemic therapy and who are radioactive iodine-refractory (if radioactive iodine is appropriate)",05/29/2024,05/29/2031,"treatment of pediatric patients 2 years of age to less than 12 years of age with advanced or metastatic medullary thyroid cancer (MTC) with a RET mutation, as detected by an FDA-approved test, who require systemic therapy; and treatment of pediatric patients 2 years of age to less than 12 years of age with advanced or metastatic thyroid cancer with a RET gene fusion, as detected by an FDA-approved test, who require systemic therapy and who are radioactive iodine-refractory (if radioactive iodine is appropriate)","Loxo Oncology Inc., a wholly owned subsidiary of Eli Lilly and Company","701 Gateway Boulevard, Suite 420",,South San Francisco,California,' 94080 ' ,United States,653118.0
selpercatinib,Retevmo,05/19/2022,Treatment of tissue-agnostic RET fusion-positive solid tumors,Designated/Approved,,,Treatment of adult patients with locally advanced or metastatic solid tumors with a RET gene fusion that have progressed on or following prior systemic treatment or who have no satisfactory alternative treatment options,09/21/2022,09/21/2029,Treatment of adult patients with locally advanced or metastatic solid tumors with a RET gene fusion that have progressed on or following prior systemic treatment or who have no satisfactory alternative treatment options,"Loxo Oncology Inc., a wholly owned subsidiary of Eli Lilly and Company",Lilly Corporate Center,,Indianapolis,Indiana,' 46285 ' ,United States,849621.0
selpercatinib,RETEVMO,10/30/2019,Treatment of RET-fusion-positive non-small cell lung cancer,Designated/Approved,,,RETEVMO is indicated for the treatment of adult patients with metastatic RET fusion-positive non-small cell lung cancer (NSCLC),2020-08-05 00:00:00,2027-08-05 00:00:00,For the treatment of adult patients with metastatic RET fusion-positive non-small cell lung cancer (NSCLC),"Loxo Oncology Inc., a wholly owned subsidiary of Eli Lilly and Company","701 Gateway Boulevard, Suite 420",,South San Francisco,California,' 94080 ' ,United States,675218.0
selpercatinib,Retevmo,10/30/2019,Treatment of RET-fusion-positive non-small cell lung cancer,Designated/Approved,,,"Treatment of adult patients with locally advanced or metastatic non-small cell lung cancer (NSCLC) with a rearranged during transfection (RET) gene fusion, as detected by an FDA-approved test",09/21/2022,09/21/2029,"treatment of adult patients with locally advanced non-small cell lung cancer (NSCLC) with a rearranged during transfection (RET) gene fusion, as detected by an FDA-approved test","Loxo Oncology Inc., a wholly owned subsidiary of Eli Lilly and Company","701 Gateway Boulevard, Suite 420",,South San Francisco,California,' 94080 ' ,United States,675218.0
selpercatinib,Retevmo,05/19/2022,Treatment of tissue-agnostic RET fusion-positive solid tumors,Designated/Approved,,,"treatment of adult and pediatric patients 2 years of age and older with locally advanced or metastatic solid tumors with a RET gene fusion, as detected by an FDA-approved test, that have progressed on or following prior systemic treatment or who have no satisfactory alternative treatment options",05/29/2024,05/29/2031,"treatment of pediatric patients 2 years of age and older with locally advanced or metastatic solid tumors with a RET gene fusion, as detected by an FDA-approved test, that have progressed on or following prior systemic treatment or who have no satisfactory alternative treatment options","Loxo Oncology Inc., a wholly owned subsidiary of Eli Lilly and Company",Lilly Corporate Center,,Indianapolis,Indiana,' 46285 ' ,United States,849621.0
Sermorelin acetate,Geref,09/14/1988,Treatment of idiopathic or organic growth hormone deficiency in children with growth failure.,Designated/Approved,,,,09/26/1997,09/26/2004,,"EMD Serono, Inc.",One Technology Place,,Rockland,Massachusetts,' 02370 ' ,United States,24687.0
setmelanotide,Imcivree,09/19/2019,Treatment of Bardet-Biedl syndrome,Designated/Approved,,,to reduce excess body weight and maintain weight reduction long term in adults and pediatric patients aged 2 years and older with syndromic or monogenic obesity due to Bardet-Biedl syndrome (BBS),12/20/2024,12/20/2031,to reduce excess body weight and maintain weight reduction long term in pediatric patients aged 2 years to less than 6 years with syndromic or monogenic obesity due to Bardet-Biedl syndrome (BBS),"Rhythm Pharmaceuticals, Inc",222 Berkeley Street,Suite 1200,Boston,Massachusetts,' 02116 ' ,United States,700719.0
setmelanotide,Imcivree,11/27/2017,Treatment of leptin receptor deficiency,Designated/Approved,,,"Chronic weight management in adult and pediatric patients 6 years of age and older with obesity due to proopiomelanocortin (POMC), proprotein convertase subtilisin/kexin type 1 (PCSK1), or leptin receptor (LEPR) deficiency confirmed by genetic testing demonstrating variants in POMC, PCSK1, or LEPR genes that are interpreted as pathogenic, likely pathogenic, or of uncertain significance (VUS).",11/25/2020,11/25/2027,"Chronic weight management in adult and pediatric patients 6 years of age and older with obesity due to proopiomelanocortin (POMC), proprotein convertase subtilisin/kexin type 1 (PCSK1), or leptin receptor (LEPR) deficiency confirmed by genetic testing demonstrating variants in POMC, PCSK1, or LEPR genes that are interpreted as pathogenic, likely pathogenic, or of uncertain significance (VUS).","Rhythm Pharmaceuticals, Inc.","222 Berkeley St., Suite 1200",,Boston,Massachusetts,' 02116 ' ,United States,613717.0
setmelanotide,Imcivree,09/19/2019,Treatment of Bardet-Biedl syndrome,Designated/Approved,,,For chronic weight management in adult and pediatric patients 6 years of age and older with monogenic or syndromic obesity due to Bardet-Biedl syndrome (BBS),06/16/2022,06/16/2029,For chronic weight management in adult and pediatric patients 6 years of age and older with monogenic or syndromic obesity due to Bardet-Biedl syndrome (BBS),"Rhythm Pharmaceuticals, Inc",222 Berkeley Street,Suite 1200,Boston,Massachusetts,' 02116 ' ,United States,700719.0
setmelanotide,Imcivree,11/27/2017,Treatment of leptin receptor deficiency,Designated/Approved,,,"to reduce excess body weight and maintain weight reduction long term in adults and pediatric patients aged 2 years and older with syndromic or monogenic obesity due to pro-opiomelanocortin (POMC), proprotein convertase subtilisin/kexin type 1 (PCSK1), or leptin receptor (LEPR) deficiency as determined by an FDA-approved test demonstrating variants in POMC, PCSK1, or LEPR genes that are interpreted as pathogenic, likely pathogenic, or of uncertain significance (VUS)",12/20/2024,12/20/2031,"to reduce excess body weight and maintain weight reduction long term in pediatric patients aged 2 years to less than 6 years with syndromic or monogenic obesity due to pro-opiomelanocortin (POMC), proprotein convertase subtilisin/kexin type 1 (PCSK1), or leptin receptor (LEPR) deficiency as determined by an FDA-approved test demonstrating variants in POMC, PCSK1, or LEPR genes that are interpreted as pathogenic, likely pathogenic, or of uncertain significance (VUS)","Rhythm Pharmaceuticals, Inc.","222 Berkeley St., Suite 1200",,Boston,Massachusetts,' 02116 ' ,United States,613717.0
setmelanotide,Imcivree,2016-04-04 00:00:00,Treatment of pro-opiomelanocortin (POMC) deficiency due to mutations in the POMC gene,Designated/Approved,,,"to reduce excess body weight and maintain weight reduction long term in adults and pediatric patients aged 2 years and older with syndromic or monogenic obesity due to pro-opiomelanocortin (POMC), proprotein convertase subtilisin/kexin type 1 (PCSK1), or leptin receptor (LEPR) deficiency as determined by an FDA-approved test demonstrating variants in POMC, PCSK1, or LEPR genes that are interpreted as pathogenic, likely pathogenic, or of uncertain significance (VUS)",12/20/2024,12/20/2031,"to reduce excess body weight and maintain weight reduction long term in pediatric patients aged 2 years to less than 6 years with syndromic or monogenic obesity due to pro-opiomelanocortin (POMC), proprotein convertase subtilisin/kexin type 1 (PCSK1), or leptin receptor (LEPR) deficiency as determined by an FDA-approved test demonstrating variants in POMC, PCSK1, or LEPR genes that are interpreted as pathogenic, likely pathogenic, or of uncertain significance (VUS)","Rhythm Pharmaceuticals, Inc.","222 Berkeley St., Suite 1200",,Boston,Massachusetts,' 02116 ' ,United States,514815.0
setmelanotide,Imcivree,2016-04-04 00:00:00,Treatment of pro-opiomelanocortin (POMC) deficiency due to mutations in the POMC gene,Designated/Approved,,,"chronic weight management in adult and pediatric patients 6 years of age and older with obesity due to proopiomelanocortin (POMC), proprotein convertase subtilisin/kexin type 1 (PCSK1), or leptin receptor (LEPR) deficiency confirmed by genetic testing demonstrating variants in POMC, PCSK1, or LEPR genes that are interpreted as pathogenic, likely pathogenic, or of uncertain significance (VUS).",11/25/2020,11/25/2027,"chronic weight management in adult and pediatric patients 6 years of age and older with obesity due to proopiomelanocortin (POMC), proprotein convertase subtilisin/kexin type 1 (PCSK1), or leptin receptor (LEPR) deficiency confirmed by genetic testing demonstrating variants in POMC, PCSK1, or LEPR genes that are interpreted as pathogenic, likely pathogenic, or of uncertain significance (VUS).","Rhythm Pharmaceuticals, Inc.","222 Berkeley St., Suite 1200",,Boston,Massachusetts,' 02116 ' ,United States,514815.0
sildenafil,Revatio,07/28/2011,Treatment of pediatric (defined as children less than 17 years of age) pulmonary arterial hypertension,Designated/Approved,,,"treatment of pulmonary arterial hypertension (PAH) (WHO Group I) in pediatric patients 1 to 17 years old to improve exercise ability and, in pediatric patients too young to perform standardized exercise testing, pulmonary hemodynamics thought to underly improvements in exercise",01/31/2023,01/31/2030,"treatment of pulmonary arterial hypertension (PAH) (WHO Group I) in pediatric patients 1 to 17 years old to improve exercise ability and, in pediatric patients too young to perform standardized exercise testing, pulmonary hemodynamics thought to underly improvements in exercise",Viatris Specialty LLC,3711 Collins Ferry Road,,Morgantown,West Virginia,' 26505 ' ,United States,344211.0
sildenafil,Revatio,07/28/2011,Treatment of pediatric (defined as children less than 17 years of age) pulmonary arterial hypertension,Designated/Approved,,,"treatment of pulmonary arterial hypertension (PAH) (WHO Group I) in pediatric patients (1 to 17 years old) to improve exercise ability and, in pediatric patients too young to perform standardized exercise testing, pulmonary hemodynamics thought to underlie improvements in exercise",2023-03-03 00:00:00,,,Viatris Specialty LLC,3711 Collins Ferry Road,,Morgantown,West Virginia,' 26505 ' ,United States,344211.0
siltuximab,SYLVANT,05/26/2006,Treatment of Castleman's disease,Designated/Approved,,,Treatment of patients with multicentric Castleman's disease (MCD) who are human immunodeficiency virus (HIV) negative and human herpesvirus-8 (HHV-8) negative.,04/23/2014,04/23/2021,Treatment of patients with multicentric Castleman's disease (MCD) who are human immunodeficiency virus (HIV) negative and human herpesvirus-8 (HHV-8) negative.,Recordati Rare Diseases Inc.,440 Route 22 East,,Bridgewater,New Jersey,' 08807 ' ,United States,200605.0
sirolimus,Rapamune,10/31/2012,Treatment of lymphangioleiomyomatosis,Designated/Approved,,,Treatment of lymphangioleiomyomatosis (LAM),05/28/2015,05/28/2022,Treatment of lymphangioleiomyomatosis (LAM),"Pfizer, Inc.",500 Arcola Road,,Collegeville,Pennsylvania,' 19426 ' ,United States,379312.0
sirolimus,Hyftor,05/17/2017,Treatment of angiofibroma associated with tuberous sclerosis,Designated/Approved,,,treatment of facial angiofibroma associated with tuberous sclerosis in adults and pediatric patients 6 years of age and older,03/22/2022,03/22/2029,treatment of facial angiofibroma associated with tuberous sclerosis in adults and pediatric patients 6 years of age and older,"NobelPharma Co., LTD",12-10 Nihonbashi-kobunacho,,Chuo-ku,Tokyo-to,' ' ,Japan,568416.0
sirolimus protein-bound particles for injectable suspension (albumin-bound),Fyarro,12/21/2017,Treatment of perivascular epithelioid cell tumors (PEComa),Designated/Approved,,,treatment of adult patients with locally advanced unresectable or metastatic malignant perivascular epithelioid cell tumor (PEComa),11/22/2021,11/22/2028,treatment of adult patients with locally advanced unresectable or metastatic malignant perivascular epithelioid cell tumor (PEComa),"Aadi Bioscience, Inc.","17383 Sunset Blvd, A250",,Pacific Palisades,California,' 90272 ' ,United States,616217.0
sodium nitrite and sodium thiosulfate,Nithiodote,2008-09-04 00:00:00,Treatment of known or suspected cyanide poisoning,Designated/Approved,,,For sequential use for the treatment of cyanide poisoning that is judged to be life-threatening,01/14/2011,01/14/2018,,Hope Pharmaceuticals,16416 North 92nd Street,Suite 125,Scottsdale,Arizona,' 85260 ' ,United States,244207.0
sodium oxybate,Lumryz,2018-08-01 00:00:00,Treatment of narcolepsy,Designated/Approved,,,Treatment of cataplexy or excessive daytime sleepiness (EDS) in adults with narcolepsy,2023-01-05 00:00:00,2030-01-05 00:00:00,Treatment of cataplexy or excessive daytime sleepiness (EDS) in adults with narcolepsy,Flamel Ireland Limited dba Avadel Ireland,10 Earlsfort Terrace,,Dublin,Dublin,' ' ,Ireland,530216.0
sodium oxybate,Xyrem,1994-07-11 00:00:00,Treatment of narcolepsy.,Designated/Approved,,,Xyrem is indicated for the treatment of cataplexy or excessive daytime sleepiness (EDS) in patients 7 years of age and older with narcolepsy.,10/26/2018,10/26/2025,Xyrem is indicated for the treatment of cataplexy or excessive daytime sleepiness (EDS) in pediatric patients 7 years of age and older with narcolepsy.,Jazz Pharmaceuticals Ireland Limited,5th Floor Waterloo Exchange,Waterloo Road,Dublin 4,,' D04 E5W7 ' ,Ireland,85894.0
sodium oxybate,Xyrem,1994-07-11 00:00:00,Treatment of narcolepsy.,Designated/Approved,,,Treatment of excessive daytime sleepiness in patients with narcolepsy,11/18/2005,11/18/2012,,Jazz Pharmaceuticals Ireland Limited,5th Floor Waterloo Exchange,Waterloo Road,Dublin 4,,' D04 E5W7 ' ,Ireland,85894.0
sodium oxybate,Xyrem,1994-07-11 00:00:00,Treatment of narcolepsy.,Designated/Approved,,,Treatment of cataplexy associated with narcolepsy,07/17/2002,07/17/2009,,Jazz Pharmaceuticals Ireland Limited,5th Floor Waterloo Exchange,Waterloo Road,Dublin 4,,' D04 E5W7 ' ,Ireland,85894.0
sodium oxybate,Lumryz,2018-08-01 00:00:00,Treatment of narcolepsy,Designated/Approved,,,treatment of cataplexy or excessive daytime sleepiness (EDS) in patients 7 years of age and older with narcolepsy,10/16/2024,10/16/2031,treatment of cataplexy or excessive daytime sleepiness (EDS) in pediatric patients 7 years of age and older with narcolepsy,Flamel Ireland Limited dba Avadel Ireland,10 Earlsfort Terrace,,Dublin,Dublin,' ' ,Ireland,530216.0
sodium phenylbutyrate,Buphenyl,11/22/1993,"Treatment of urea cycle disorders: carbamylphosphate synthetase deficiency, ornithine transcarbamylase deficiency, and arginiosuccinic acid synthetase deficiency.",Designated/Approved,,,"Adjunctive therapy in the chronic managment of patients with urea cycle disorders involving deficiencies of carbamylphosphate synthetase, ornithine transcarbamylase, or argininosuccinic acid synthetase.",04/30/1996,04/30/2003,,Medicis Pharmaceutical Corp.,8125 N. Hayden Road,,Scottsdale,Alaska,' 85258 ' ,United States,77893.0
sodium phenylbutyrate,Pheburane,2013-06-06 00:00:00,Treatment of urea cycle disorders,Designated/Approved,,,"As adjunctive therapy to standard of care, which includes dietary management, for the chronic management of adult and pediatric patients with urea cycle disorders (UCDs), involving deficiencies of carbamylphosphate synthetase (CPS), ornithine transcarbamylase (OTC) or argininosuccinic acid synthetase (AS)",06/17/2022,,,Medunik Canada Inc,950 Boulevard Mich謥-Bohec,,Blainville,,' ' ,Canada,372112.0
sodium phenylbutyrate and taurursodiol,Relyvrio,07/27/2017,Treatment of amyotrophic lateral sclerosis (ALS),Designated/Approved,,,Treatment of amyotrophic lateral sclerosis (ALS) in adults,09/29/2022,09/29/2029,Treatment of amyotrophic lateral sclerosis (ALS) in adults,"Amylyx Pharmaceuticals, Inc.",43 Thorndike St.,,Cambridge,Massachusetts,' 02141 ' ,United States,588117.0
"sodium sulfate, potassium sulfate, and magnesium sulfate",SUPREP Bowel Prep Kit,10/31/2012,For cleansing of the colon in preparation for colonoscopic diagnosis of colonic disease in children and adolescents,Designated/Approved,,,for cleansing of the colon as a preparation for colonoscopy in adult and pediatric patients 12 years of age and older,2020-05-08 00:00:00,2027-05-08 00:00:00,for cleansing of the colon as a preparation for colonoscopy in pediatric patients 12 years of age and older.,"Braintree Laboratories, Inc.",60 Columbian Street West,PO Box 850929,Braintree,Massachusetts,' 02185 ' ,United States,379212.0
sodium thiosulfate,Pedmark,03/17/2004,Prevention of platinum-induced ototoxicity in pediatric patients,Designated/Approved,,,"To reduce the risk of ototoxicity associated with cisplatin in pediatric patients 1 month of age and older with localized, non-metastatic solid tumors",09/20/2022,09/20/2029,"To reduce the risk of ototoxicity associated with cisplatin in pediatric patients 1 month of age and older with localized, non-metastatic solid tumors","Fennec Pharmaceuticals, Inc.",PO Box 13628,68 T.W. Alexander Drive,Research Triangle Park,North Carolina,' 27709 ' ,United States,177303.0
sofosbuvir,Sovaldi,10/25/2016,Treatment of pediatric chronic hepatitis C virus infection,Designated/Approved,,,SOVALDI is indicated for the treatment of chronic HCV genotype 2 or 3 infection in pediatric patients 3 years of age and older without cirrhosis or with compensated cirrhosis for use in combination with ribavirin,08/28/2019,08/28/2026,For the treatment of chronic hepatitis C virus (HCV) genotype 2 or 3 infection in pediatric patients between 3 years of age and 12 years of age or weighing 35 kg without cirrhosis or with compensated cirrhosis for use in combination with ribavirin.,"Gilead Sciences, Inc.",333 Lakeside Drive,,Foster City,California,' 94404 ' ,United States,541716.0
sofosbuvir,Sovaldi,10/25/2016,Treatment of pediatric chronic hepatitis C virus infection,Designated/Approved,,,Treatment of chronic HCV genotype 2 or 3 infection in pediatric patients 12 years of age and older or weighing at least 35 kg without cirrhosis or with compensated cirrhosis for use in combination with ribavirin,2017-07-04 00:00:00,2024-07-04 00:00:00,Treatment of chronic HCV genotype 2 or 3 infection in pediatric patients 12 years of age and older or weighing at least 35 kg without cirrhosis or with compensated cirrhosis for use in combination with ribavirin,"Gilead Sciences, Inc.",333 Lakeside Drive,,Foster City,California,' 94404 ' ,United States,541716.0
sofosbuvir,Sovaldi,10/25/2016,Treatment of pediatric chronic hepatitis C virus infection,Designated/Approved,,,SOVALDI is indicated for the treatment of chronic HCV genotype 2 or 3 infection in pediatric patients 3 years of age and older without cirrhosis or with compensated cirrhosis for use in combination with ribavirin,08/28/2019,,,"Gilead Sciences, Inc.",333 Lakeside Drive,,Foster City,California,' 94404 ' ,United States,541716.0
sofosbuvir and velpatasvir,Epclusa,02/22/2017,Treatment of pediatric chronic hepatitis C virus (HCV) infection,Designated/Approved,,,"EPCLUSA is indicated for the treatment of adults and pediatric patients 6 years of age and older or weighing at least 17 kg with chronic hepatitis C virus (HCV) genotype 1, 2, 3, 4, 5, or 6 infection: without cirrhosis or with compensated cirrhosis; or with decompensated cirrhosis for use in combination with ribavirin.",03/19/2020,03/19/2027,"For the treatment of pediatric patients 6 years of age and older or weighing at least 17 kg with chronic hepatitis C virus (HCV) genotype 1, 2, 3, 4, 5, or 6 infection: without cirrhosis or with compensated cirrhosis; or with decompensated cirrhosis for use in combination with ribavirin.","Gilead Sciences, Inc.",333 Lakeside Drive,,Foster City,California,' 94404 ' ,United States,554816.0
sofosbuvir and velpatasvir,Epclusa,02/22/2017,Treatment of pediatric chronic hepatitis C virus (HCV) infection,Designated/Approved,,,"treatment of adults and pediatric patients 3 years of age and older with chronic hepatitis C virus (HCV) genotype 1, 2, 3, 4, 5, or 6 infection without cirrhosis or with compensated cirrhosis, or with decompensated cirrhosis for use in combination with ribavirin",2021-10-06 00:00:00,2028-10-06 00:00:00,"treatment of pediatric patients 3 years of age to less than 6 years of age weighing less than 17 kg with chronic hepatitis C virus (HCV) genotype 1, 2, 3, 4, 5, or 6 infection: without cirrhosis or with compensated cirrhosis; or with decompensated cirrhosis for use in combination with ribavirin","Gilead Sciences, Inc.",333 Lakeside Drive,,Foster City,California,' 94404 ' ,United States,554816.0
Solriamfetol,Sunosi,08/20/2012,Treatment of narcolepsy,Designated/Approved,,,SUNOSI is indicated to improve wakefulness in adult patients with excessive daytime sleepiness associated with narcolepsy,06/17/2019,06/17/2026,To improve wakefulness in adult patients with excessive daytime sleepiness associated with narcolepsy,"Axsome Malta, Ltd.","78 Mill Street, Zone 5, Central Business District",,Qormi,,' CBD 5090 ' ,Malta,375112.0
somapacitan-beco,Sogroya,1987-10-07 00:00:00,1. Treatment of growth failure in children due to inadequate growth hormone secretion 2. Treatment of short stature associated with Turner's syndrome,Designated/Approved,,,Treatment of pediatric patients aged 2.5 years and older who have growth failure due to inadequate secretion of endogenous growth hormone (GH),04/28/2023,,,Novo Nordisk Pharmaceuticals,100 Overlook Center,Suite 200,Princeton,New Jersey,' 08540 ' ,United States,13386.0
somatrogon-ghla,Ngenla,09/29/2010,Treatment of growth hormone deficiency,Designated/Approved,,,treatment of pediatric patients aged 3 years and older who have growth failure due to an inadequate secretion of endogenous growth hormone,06/27/2023,06/27/2030,treatment of pediatric patients aged 3 years and older who have growth failure due to an inadequate secretion of endogenous growth hormone,Pfizer Ireland Pharmaceuticals,Operations Support Group Building,,Ringaskiddy,Co. Cork,' ' ,Ireland,313410.0
Somatropin,Nutropin,1987-06-03 00:00:00,For use in the long-term treatment of children who have growth failure due to a lack of adequate endogenous growth hormone secretion.,Designated/Approved,,,,10/17/1985,10/17/1992,,"Genentech, Inc.",460 Point San Bruno Boulevard,,South San Francisco,California,' 94080 ' ,United States,12586.0
Somatropin,Humatrope,1990-08-05 00:00:00,Treatment of short stature associated with Turner syndrome.,Designated/Approved,,,Treatment of short stature associated with Turner syndrome in patients whose epiphyses are not closed.,12/30/1996,12/30/2003,,Eli Lilly and Company,Lilly Corporate Center,,Indianapolis,Indiana,' 46285 ' ,United States,45090.0
Somatropin,Humatrope,12/15/2005,Treatment of short stature in pediatric patients with short stature homeobox-containing gene (SHOX) deficiency,Designated/Approved,,,Treatment of short stature or growth failure in children with SHOX (short stature homeobox-containing gene) deficiency whose epiphyses are not closed,2006-01-11 00:00:00,2013-01-11 00:00:00,,Eli Lilly and Company,Lilly Corporate Center,,Indianapolis,Indiana,' 46285 ' ,United States,211205.0
Somatropin (r-DNA),Zorbtive,1995-06-03 00:00:00,For use alone or in combination with glutamine in the treatment of short bowel syndrome.,Designated/Approved,,,Treatment of short bowel syndrome in patients receiving specialized nutritional support,2003-01-12 00:00:00,2010-01-12 00:00:00,,"EMD Serono, Inc.",One Technology Place,,Rockland,Massachusetts,' 02370 ' ,United States,80394.0
Somatropin (rDNA origin),Saizen,1987-06-03 00:00:00,Treatment of idiopathic or organic growth hormone deficiency in children with growth failure.,Designated/Approved,,,Long term treatment of children with growth failure due to inadequate secretion of endogenous growth hormone.,1996-08-10 00:00:00,,,"EMD Serono, Inc.",One Technology Place,,Rockland,Massachusetts,' 02370 ' ,United States,15486.0
Somatropin for injection,Nutropin,03/23/1989,Treatment of short stature associated with Turner's syndrome.,Designated/Approved,,,Treatment of growth failure associated with Turner syndrome.,12/30/1996,12/30/2003,,"Genentech, Inc.",460 Point San Bruno Boulevard,,South San Francisco,California,' 94080 ' ,United States,12686.0
Somatropin for injection,Nutropin,11/18/1996,As replacement therapy for growth hormone deficiency in adults after epiphyseal closure.,Designated/Approved,,,,12/15/1997,12/15/2004,,"Genentech, Inc.",460 Point San Bruno Boulevard,,South San Francisco,California,' 94080 ' ,United States,100396.0
Somatropin for injection,Nutropin,1989-04-08 00:00:00,Treatment of growth retardation associated with chronic renal failure.,Designated/Approved,,,Treatment of children with growth failure associated with chronic renal insufficency.,11/17/1993,11/17/2000,,"Genentech, Inc.",460 Point San Bruno Boulevard,,South San Francisco,California,' 94080 ' ,United States,34989.0
Somatropin for injection,Humatrope,1986-12-06 00:00:00,For the long-term treatment of children who have growth failure due to inadequate secretion of normal endogenous growth hormone.,Designated/Approved,,,,1987-08-03 00:00:00,1994-08-03 00:00:00,,Eli Lilly and Company,Lilly Corporate Center,,Indianapolis,Indiana,' 46285 ' ,United States,11285.0
Sorafenib,Nexavar,2004-08-10 00:00:00,Treatment of renal cell carcinoma.,Designated/Approved,,,Treatment of patients with advanced renal cell carcinoma,12/20/2005,12/20/2012,,Bayer Pharmaceutical Corporation,400 Morgan Lane,,West Haven,Connecticut,' 06516 ' ,United States,185204.0
sorafenib,Nexavar,2011-12-12 00:00:00,"Treatment of medullary thyroid cancer, anaplastic thyroid cancer, and recurrent or metastatic follicular or papillary thyroid cancer",Designated/Approved,,,"Treatment of patients with locally recurrent or metastatic, progressive, differentiated thyroid carcinoma (DCT) that is refractory to radioactive iodine treatment.",11/22/2013,11/22/2020,"Treatment of patients with locally recurrent or metastatic, progressive, differentiated thyroid carcinoma (DCT) that is refractory to radioactive iodine treatment.","Bayer HealthCare Pharmaceuticals, Inc.",100 Bayer Blvd.,PO Box 915,Whippany,New Jersey,' 07981 ' ,United States,320310.0
Sorafenib,Nexavar,04/20/2006,Treatment of hepatocellular carcinoma,Designated/Approved,,,Treatment of unresectable hepatocellular carcinoma,11/16/2007,11/16/2014,,Bayer Pharmaceuticals Corporation,400 Morgan Lane,,West Haven,Connecticut,' 06516 ' ,United States,220206.0
Sotalol HCl,Betapace,09/23/1988,1. Treatment of life-threatening ventricular tachyarrhythmias 2. Prevention of life treatening ventricular tachyarrhythmias,Designated/Approved,,,Treatment of life-threatening ventricular tachyarrhythmias,10/30/1992,10/30/1999,,"Berlex Laboratories, Inc.",300 Fairfield Road,,Wayne,New Jersey,' 07470 ' ,United States,30088.0
sotatercept-csrk,Winrevair,2019-05-09 00:00:00,Treatment of pulmonary arterial hypertension,Designated/Approved,,,"treatment of adults with pulmonary arterial hypertension (PAH, World Health Organization [WHO] Group 1) to increase exercise capacity, improve WHO functional class (FC), and reduce the risk of clinical worsening events",03/26/2024,03/26/2031,"treatment of adults with pulmonary arterial hypertension (PAH, World Health Organization [WHO] Group 1) to increase exercise capacity, improve WHO functional class (FC), and reduce the risk of clinical worsening events",Merck Sharp & Dohme LLC,126 East Lincoln Avenue,P.O. Box 2000,Rahway,New Jersey,' 07065 ' ,United States,700219.0
sotorasib,Lumakras,05/23/2019,Treatment of KRAS (Kirsten rat sarcoma viral oncogene homolog) p.G12C-positive Colorectal Cancer.,Designated/Approved,,,"in combination with panitumumab, for the treatment of adult patients with KRAS G12C-mutated metastatic colorectal cancer (mCRC), as determined by an FDA-approved test, who have received prior fluoropyrimidine-, oxaliplatin- and irinotecan-based chemotherapy",01/16/2025,01/16/2032,"treatment of adult patients with KRAS G12C-mutated metastatic colorectal cancer (mCRC), as determined by an FDA-approved test, who have received prior fluoropyrimidine-, oxaliplatin- and irinotecan-based chemotherapy",Amgen Inc.,1 Amgen Center Drive,Mail Stop 27-3-A,Thousand Oaks,California,' 91320 ' ,United States,654918.0
sotorasib,Lumakras,2019-01-05 00:00:00,Treatment of KRAS p.G12C-positive non-small cell lung cancer,Designated/Approved,,,"Treatment of adult patients with KRAS G12C-mutated locally advanced or metastatic non-small cell lung cancer (NSCLC), as determined by an FDA-approved test, who have received at least one prior systemic therapy.",05/28/2021,05/28/2028,"Treatment of adult patients with KRAS G12C-mutated locally advanced or metastatic non-small cell lung cancer (NSCLC), as determined by an FDA-approved test, who have received at least one prior systemic therapy.",Amgen Inc.,1 Amgen Center Drive,Mail Stop 27-3-A,Thousand Oaks,California,' 91320 ' ,United States,653818.0
sparsentan,Filspari,2021-11-01 00:00:00,Treatment of immunoglobulin A (IgA) nephropathy,Designated/Approved,,,"to reduce proteinuria in adults with primary immunoglobulin A nephropathy (IgAN) at risk of rapid disease progression, generally a urine protein-to-creatinine ratio (UPCR) greater than or equal to 1.5 g/g",02/17/2023,02/17/2030,"to reduce proteinuria in adults with primary immunoglobulin A nephropathy (IgAN) at risk of rapid disease progression, generally a urine protein-to-creatinine ratio (UPCR) greater than or equal to 1.5 g/g","Travere Therapeutics, Inc.","3611 Valley Centre Drive, Suite 300",,San Diego,California,' 92130 ' ,United States,614417.0
sparsentan,Filspari,2021-11-01 00:00:00,Treatment of immunoglobulin A (IgA) nephropathy,Designated/Approved,,,to slow kidney function decline in adults with primary immunoglobulin A nephropathy (IgAN) who are at risk for disease progression,2024-05-09 00:00:00,2031-05-09 00:00:00,"to slow kidney function decline in adults with primary immunoglobulin A nephropathy (IgAN) who are at risk for disease progression, excluding the use provided for in the indication approved on February 17, 2023","Travere Therapeutics, Inc.","3611 Valley Centre Drive, Suite 300",,San Diego,California,' 92130 ' ,United States,614417.0
spesolimab-sbzo,Spevigo,2018-03-10 00:00:00,Treatment of generalized pustular psoriasis,Designated/Approved,,,Treatment of generalized pustular psoriasis (GPP) flares in adults,2022-01-09 00:00:00,2029-01-09 00:00:00,Treatment of generalized pustular psoriasis (GPP) flares in adults,"Boehringer Ingelheim Pharmaceuticals, Inc. (BI)",900 Ridgebury Road,P.O. Box 368,Ridgefield,Connecticut,' 06877 ' ,United States,651618.0
spesolimab-sbzo,Spevigo,2018-03-10 00:00:00,Treatment of generalized pustular psoriasis,Designated/Approved,,,treatment of generalized pustular psoriasis (GPP) in adults and pediatric patients 12 years of age and older and weighing at least 40 kg,03/18/2024,03/18/2031,"treatment of generalized pustular psoriasis (GPP) flares in pediatric patients 12 years of age and older and weighing at least 40 kg, and treatment of GPP in adults and pediatric patients 12 years of age and older and weighing at least 40 kg who are not experiencing a flare","Boehringer Ingelheim Pharmaceuticals, Inc. (BI)",900 Ridgebury Road,P.O. Box 368,Ridgefield,Connecticut,' 06877 ' ,United States,651618.0
Sterile talc,Steritalc,1997-08-12 00:00:00,Treatment of pneumothorax,Designated/Approved,,,Steritalc is indicated in adults to decrease the recurrence of pneumothorax.,2017-01-05 00:00:00,2024-01-05 00:00:00,To decrease the recurrence of pneumothorax in adults.,Novatech SA,Z.I. Athelia III,,La Ciotat,CEDEX,' ' ,France,109297.0
Sterile talc,Steritalc,1997-08-12 00:00:00,Treatment of malignant pleural effusion,Designated/Approved,,,To decrease the recurrence of malignant pleural effusions in symptomatic patients following maximal drainage of the pleural effusion.,2017-01-05 00:00:00,2024-01-05 00:00:00,To decrease the recurrence of malignant pleural effusions in symptomatic patients following maximal drainage of the pleural effusion.,Novatech SA,Z.I. Athelia III,,La Ciotat,CEDEX,' ' ,France,106797.0
stiripentol,Diacomit,10/30/2008,Treatment of Dravet syndrome,Designated/Approved,,,Treatment of seizures associated with Dravet syndrome (DS) in patients taking clobazam who are 6 months of age and older and weighing 7 kg or more,07/14/2022,07/14/2029,Treatment of seizures associated with Dravet syndrome (DS) in patients taking clobazam who are 6 months to less than 2 years of age and weighing 7 kg or more,Biocodex,"7, avenue Gallieni",94250,Gentilly,,' ' ,France,266108.0
stiripentol,Diacomit,10/30/2008,Treatment of Dravet syndrome,Designated/Approved,,,DIACOMIT is indicated for the treatment of seizures associated with Dravet syndrome (DS) in patients 2 years of age and older taking clobazam.,08/20/2018,08/20/2025,DIACOMIT is indicated for the treatment of seizures associated with Dravet syndrome (DS) in patients 2 years of age and older taking clobazam.,Biocodex,"7, avenue Gallieni",94250,Gentilly,,' ' ,France,266108.0
sutimlimab-jome,Enjaymo,07/27/2016,Treatment of autoimmune hemolytic anemia,Designated/Approved,,,To decrease the need for red blood cell (RBC) transfusion due to hemolysis in adults with cold agglutinin disease (CAD),2022-04-02 00:00:00,2029-04-02 00:00:00,To decrease the need for red blood cell (RBC) transfusion due to hemolysis in adults with cold agglutinin disease (CAD),Recordati Rare Diseases Inc.,"440 Route 22 E, Suite 205",,Bridgewater,New Jersey,' 08807 ' ,United States,506115.0
sutimlimab-jome,Enjaymo,07/27/2016,Treatment of autoimmune hemolytic anemia,Designated/Approved,,,treatment of hemolysis in adults with cold agglutinin disease (CAD),01/25/2023,,,Recordati Rare Diseases Inc.,"440 Route 22 E, Suite 205",,Bridgewater,New Jersey,' 08807 ' ,United States,506115.0
Synthetic porcine secretin,Secreflo,06/18/1999,For use in the diagnosis of gastrinoma associated with Zollinger-Ellison syndrome.,Designated/Approved,,,Use in secretin stimulation testing for stimulation of gastrin secretion to aid in the diagnosis of gastrinoma,2002-04-04 00:00:00,2009-04-04 00:00:00,,"ChiRhoClin, Inc.",15500 Gallaudet Ave.,,Silver Spring,Maryland,' 20905 ' ,United States,120498.0
Synthetic porcine secretin,Secreflo,2000-07-03 00:00:00,"For use in conjunction with diagnostic, therapeutic, or combined diagnostic/therapeutic procedures for pancreatic disorders to increase pancreatic fluid secretion",Designated/Approved,,,"Use in secretin stimulation testing for stimulation of pancreatic secretions, including bicarbonate, to aid in the diagnosis of pancreatic exocrine dysfunction",2002-04-04 00:00:00,2009-04-04 00:00:00,,"ChiRhoClin, Inc.",15500 Gallaudet Ave.,,Silver Spring,Maryland,' 20905 ' ,United States,130299.0
Synthetic porcine secretin,Secreflo,06/18/1999,For use in the evaluation of exocrine pancreas function.,Designated/Approved,,,For use in secretin stimulation testing for: Stimulation of pancreatic secretions to facilitate the identification of the ampulla of Vater and accessory papilla during endoscopic retrograde cholangio-pancreatography (ERCP),2002-01-11 00:00:00,2009-01-11 00:00:00,,"ChiRhoClin, Inc.",15500 Gallaudet Ave.,,Silver Spring,Maryland,' 20905 ' ,United States,120298.0
Tacrolimus,Prograf,2005-06-06 00:00:00,Prophylaxis of organ rejection in patients receiving heart transplants.,Designated/Approved,,,Prophylaxis of organ rejection in patients receiving allogenic heart transplants.,03/29/2006,03/29/2013,,"Astellas Pharma US, Inc.",Three Parkway North,,Deerfield,Illinois,' 60015 ' ,United States,203305.0
tacrolimus,Envarsus XR,12/20/2013,Prophylaxis of organ rejection in patients receiving allogeneic kidney transplant,Designated/Approved,,,Prophylaxis of organ rejection in kidney transplant patients converted from tacrolimus immediate-release formulations in combination with other immunosuppressants,2015-10-07 00:00:00,2022-10-07 00:00:00,Prophylaxis of organ rejection in kidney transplant patients converted from tacrolimus immediate-release formulations in combination with other immunosuppressants,"Veloxis Pharmaceuticals, Inc.",1001 Winstead Drive,Suite 310,Cary,North Carolina,' 27513 ' ,United States,407113.0
tacrolimus,Prograf,2016-04-10 00:00:00,"Prevention of rejection in kidney, liver or heart transplant in pediatric patients",Designated/Approved,,,"For the prophylaxis of organ rejection, in patients receiving allogeneic kidney transplant, liver transplants and heart transplant, in combination with other immunosuppressants.",05/24/2018,05/24/2025,For the prophylaxis of organ rejection in pediatric patients receiving allogeneic liver transplants in combination with other immunosuppressants.,"Astellas Pharma Global Development, Inc.",1 Astellas Way,,Northbrook,Illinois,' 60062 ' ,United States,534516.0
tacrolimus,Prograf,2016-04-10 00:00:00,"Prevention of rejection in kidney, liver or heart transplant in pediatric patients",Designated/Approved,,,"For the prophylaxis of organ rejection, in patients receiving allogeneic kidney transplant, liver transplants and heart transplant, in combination with other immunosuppressants.",05/24/2018,05/24/2025,"For the prophylaxis of organ rejection in pediatric patients receiving allogeneic kidney transplant and heart transplant, in combination with other immunosuppressants.","Astellas Pharma Global Development, Inc.",1 Astellas Way,,Northbrook,Illinois,' 60062 ' ,United States,534516.0
tacrolimus,Prograf,2016-04-10 00:00:00,"Prevention of rejection in kidney, liver or heart transplant in pediatric patients",Designated/Approved,,,"For the prophylaxis of organ rejection, in patients receiving allogeneic kidney transplant, liver transplants and heart transplant, in combination with other immunosuppressants.",05/24/2018,05/24/2025,"For the prophylaxis of organ rejection in pediatric patients receiving allogeneic kidney transplant and heart transplant, in combination with other immunosuppressants.","Astellas Pharma Global Development, Inc.",1 Astellas Way,,Northbrook,Illinois,' 60062 ' ,United States,534516.0
tacrolimus,Envarsus XR,12/20/2013,Prophylaxis of organ rejection in patients receiving allogeneic kidney transplant,Designated/Approved,,,ENVARSUS XR is indicated for the prophylaxis of organ rejection in kidney transplant patients in combination with other immunosuppressants.,12/19/2018,,,"Veloxis Pharmaceuticals, Inc.",1001 Winstead Drive,Suite 310,Cary,North Carolina,' 27513 ' ,United States,407113.0
tacrolimus,Prograf,2019-12-09 00:00:00,Prevention of rejection in lung transplantation,Designated/Approved,,,"Prophylaxis of organ rejection in adult and pediatric patients receiving allogeneic kidney transplant, liver transplant, heart transplant, or lung transplant in combination with other immunosuppressants",07/16/2021,07/16/2028,Prophylaxis of organ rejection in adult and pediatric patients receiving allogeneic lung transplant,"Astellas Pharma Global Development, Inc.",1 Astellas Way,,Northbrook,Illinois,' 60062 ' ,United States,701319.0
tacrolimus extended-release capsules,Astagraf XL,2016-04-10 00:00:00,"Prevention of rejection in kidney, liver or heart transplant in pediatric patients",Designated/Approved,,,prophylaxis of organ rejection in kidney transplant patients in combination with other immunosuppressants in adult and pediatric patients.,11/29/2018,,,"Astellas Pharma Global Development, Inc.",1 Astellas Way,,Northbrook,Illinois,' 60062 ' ,United States,534516.0
tadalafil,Adcirca,12/18/2006,Treatment of pulmonary arterial hypertension,Designated/Approved,,,Treatment of pulmonary arterial hypertension (WHO Group I) to improve exercise ability,05/22/2009,05/22/2016,,Eli Lilly and Company,Lilly Corporate Center,,Indianapolis,Indiana,' 46285 ' ,United States,228206.0
tafasitamab,MONJUVI,2014-01-12 00:00:00,Treatment of diffuse large B-cell lymphoma,Designated/Approved,,,"MONJUVI is indicated in combination with lenalidomide for the treatment of adult patients with relapsed or refractory diffuse large B-cell lymphoma (DLBCL) not otherwise specified, including DLBCL arising from low grade lymphoma, and who are not eligible for autologous stem cell transplant (ASCT)",07/31/2020,07/31/2027,"indicated in combination with lenalidomide for the treatment of adult patients with relapsed or refractory diffuse large B-cell lymphoma (DLBCL) not otherwise specified, including DLBCL arising from low grade lymphoma, and who are not eligible for autologous stem cell transplant (ASCT)",Incyte Corporation,1801 Augustine Cut-Off,,Wilmington,Delaware,' 19803 ' ,United States,456014.0
tafenoquine,Krintafel,01/15/2013,Treatment of malaria,Designated/Approved,,,KRINTAFEL is indicated for the radical cure (prevention of relapse) of Plasmodium vivax malaria in patients aged 16 years and older who are receiving appropriate antimalarial therapy for acute P. vivax infection.,07/20/2018,07/20/2025,KRINTAFEL is indicated for the radical cure (prevention of relapse) of Plasmodium vivax malaria in patients aged 16 years and older who are receiving appropriate antimalarial therapy for acute P. vivax infection.,GlaxoSmithKline Intellectual Property Development Ltd. England,980 Great West Road,,"Brentford, Middlesex",England,' ' ,United Kingdom,385812.0
Tagraxofusp-erzs,ELZONRIS,2013-06-06 00:00:00,Treatment of blastic plasmacytoid dendritic cell neoplasm,Designated/Approved,,,ELZONRIS is a CD123-directed cytotoxin for the treatment of blastic plasmacytoid dendritic cell neoplasm (BPDCN) in adults and in pediatric patients 2 years and older.,12/21/2018,12/21/2025,ELZONRIS is indicated for the treatment of blastic plasmacytoid dendritic cell neoplasm (BPDCN) in adults and in pediatric patients 2 years and older.,"Stemline Therapeutics, Inc.",750 Lexington Avenue,11th floor,New York,New York,' 10022 ' ,United States,397413.0
talquetamab-tgvs,Talvey,2021-03-05 00:00:00,Treatment of Multiple Myeloma,Designated/Approved,,,"treatment of adult patients with relapsed or refractory multiple myeloma who have received at least four prior lines of therapy, including a proteasome inhibitor, an immunomodulatory agent and an anti-CD38 monoclonal antibody",2023-09-08 00:00:00,2030-09-08 00:00:00,"treatment of adult patients with relapsed or refractory multiple myeloma who have received at least four prior lines of therapy, including a proteasome inhibitor, an immunomodulatory agent and an anti-CD38 monoclonal antibody","Janssen Biotech, inc.",800/850 Ridgeview Dr.,,Horsham,Pennsylvania,' 19044 ' ,United States,814921.0
tarlatamab-dlle,Imdelltra,12/27/2018,Treatment of small cell lung cancer (SCLC),Designated/Approved,,,treatment of adult patients with extensive stage small cell lung cancer (ES-SCLC) with disease progression on or after platinum-based chemotherapy,05/16/2024,05/16/2031,treatment of adult patients with extensive stage small cell lung cancer (ES-SCLC) with disease progression on or after platinum-based chemotherapy,Amgen Inc.,1 Amgen Center Drive,,Thousand Oaks,California,' 91320 ' ,United States,665418.0
tasimelteon,HETLIOZ,01/19/2010,Non-24-hour sleepwake disorder in blind individuals without light perception,Designated/Approved,,,Treatment of non-24-hour sleep-wake disorder,01/31/2014,01/31/2021,Treatment of non-24-hour sleep-wake disorder,"Vanda Pharmaceuticals, Inc.","2200 Penn. Ave., NW",Suite 300 E,Washington,District of Columbia,' 20037 ' ,United States,297409.0
tasimelteon,Hetlioz LQ,04/30/2010,Treatment of sleep disorder in Smith-Magenis syndrome associated with diurnal melatonin secretion,Designated/Approved,,,Treatment of nighttime sleep disturbances in Smith-Magenis Syndrome (SMS) in pediatric patients 3 to 15 years of age,2020-01-12 00:00:00,2027-01-12 00:00:00,Treatment of nighttime sleep disturbances in Smith-Magenis Syndrome (SMS) in pediatric patients 3 to 15 years of age,"Vanda Pharmaceuticals, Inc.",9605 Medical Center Drive,,Rockville,Maryland,' 20850 ' ,United States,301410.0
tasimelteon,Hetlioz,04/30/2010,Treatment of sleep disorder in Smith-Magenis syndrome associated with diurnal melatonin secretion,Designated/Approved,,,Treatment of nighttime sleep disturbances in Smith-Magenis Syndrome (SMS) in patients 16 years of age and older,2020-01-12 00:00:00,2027-01-12 00:00:00,Treatment of nighttime sleep disturbances in Smith-Magenis Syndrome (SMS) in patients 16 years of age and older.,"Vanda Pharmaceuticals, Inc.",9605 Medical Center Drive,,Rockville,Maryland,' 20850 ' ,United States,301410.0
tazemetostat,Tazverik,11/14/2017,Treatment of follicular lymphoma,Designated/Approved,,,TAZVERIK (tazemetostat) is indicated for: the treatment of adult patients with relapsed or refractory (R/R) follicular lymphoma (FL) whose tumors are positive for an EZH2 mutation as detected by an FDA-approved test and who have received at least 2 prior systemic therapies; and the treatment of adult patients with R/R FL who have no satisfactory alternative treatment options.,06/18/2020,06/18/2027,"For the treatment of adult patients with relapsed or refractory follicular lymphoma whose tumors are positive for an EZH2 mutation as detected by an FDA-approved test and who have received at least 2 prior systemic therapies, and for the treatment of adult patients with relapsed or refractory follicular lymphoma who have no satisfactory alternative treatment options","Epizyme, Inc.",400 Technology Square,4th Floor,Cambridge,Massachusetts,' 02139 ' ,United States,607017.0
tebentafusp-tebn,Kimmtrak,01/21/2016,Treatment of uveal melanoma,Designated/Approved,,,treatment of HLA-A*02:01-positive adult patients with unresectable or metastatic uveal melanoma,01/25/2022,01/25/2029,treatment of HLA-A*02:01-positive adult patients with unresectable or metastatic uveal melanoma,Immunocore Ltd,Milton Park,90 Park Drive,Milton,,' ' ,United Kingdom,503615.0
teclistamab-cqyv,Tecvayli,11/24/2020,Treatment of multiple myeloma,Designated/Approved,,,"Treatment of adult patients with relapsed or refractory multiple myeloma who have received at least four prior lines of therapy, including a proteasome inhibitor, an immunomodulatory agent and an anti-CD38 monoclonal antibody",10/25/2022,10/25/2029,"Treatment of adult patients with relapsed or refractory multiple myeloma who have received at least four prior lines of therapy, including a proteasome inhibitor, an immunomodulatory agent and an anti-CD38 monoclonal antibody","Janssen Biotech, Inc.",920 Route 202,,Raritan,New Jersey,' 08869 ' ,United States,782920.0
tecovirimat,TPOXX,12/27/2006,Treatment of smallpox,Designated/Approved,,,Treatment of human smallpox disease caused by variola virus in adults and pediatric patients weighing at least 3 kg,05/18/2022,,,"SIGA Technologies, Inc.",4575 SW Research Way,Suite 230,Corvallis,Oregon,' 97333 ' ,United States,229806.0
tecovirimat,TPOXX,12/27/2006,Treatment of smallpox,Designated/Approved,,,TPOXX is indicated for the treatment of human smallpox disease caused by variola virus in adults and pediatric patients weighing at least 13 kg.,07/13/2018,07/13/2025,TPOXX is indicated for the treatment of human smallpox disease caused by variola virus in adults and pediatric patients weighing at least 13 kg.,"SIGA Technologies, Inc.",4575 SW Research Way,Suite 230,Corvallis,Oregon,' 97333 ' ,United States,229806.0
telotristat etiprate,Xermelo,2012-09-03 00:00:00,Treatment of carcinoid syndrome in patients with neuroendocrine tumors,Designated/Approved,,,Treatment of carcinoid syndrome diarrhea in combination with somatostatin analog (SSA) therapy in adults inadequately controlled by SSA therapy.,02/28/2017,02/28/2024,Treatment of carcinoid syndrome diarrhea in combination with somatostatin analog (SSA) therapy in adults inadequately controlled by SSA therapy.,"TerSera Therapeutics, LLC","520 Lake Cook Road, Suite 500",,Deerfield,Illinois,' 60015 ' ,United States,266308.0
temozolomide,Temodar,1998-05-10 00:00:00,Treatment of recurrent malignant glioma.,Designated/Approved,,,Treatment of adult patients with newly diagnosed glioblastoma multiforme concomitatly with radiotherapy and then as maintenance treatment,03/15/2005,03/15/2012,,Schering-Plough Research Institute,2000 Galloping Hill Rd.,,Kenilworth,New Jersey,' 07033 ' ,United States,116798.0
temozolomide,Temodar,1998-05-10 00:00:00,Treatment of recurrent malignant glioma.,Designated/Approved,,,"Treatment of adult patients with refractory anaplastic astrocytoma, i.e., patients at first relapse who have experienced disease progression on a drug regimen containing a nitrosourea and procarbazine",1999-11-08 00:00:00,2006-11-08 00:00:00,,Schering-Plough Research Institute,2000 Galloping Hill Rd.,,Kenilworth,New Jersey,' 07033 ' ,United States,116798.0
Temsirolimus,Torisel,12/16/2004,Treatment of renal cell carcinoma,Designated/Approved,,,Treatment of advanced renal cell carcinoma,05/30/2007,05/30/2014,,"Wyeth Pharmaceuticals, Inc.",P. O. Box 8299,,Phildelphia,Pennsylvania,' 19101 ' ,United States,196404.0
tenofovir,Viread,03/17/2009,Treatment of pediatric HIV infection.,Designated/Approved,,,Treatment of HIV infection in combination with other antiretroviral agents in patients 12 to less than 18 years of age,03/24/2010,03/24/2017,,"Gilead Sciences, Inc.",333 Lakeside Drive,,Foster city,California,' 94404 ' ,United States,276209.0
tepotinib,Tepmetko,10/26/2020,Treatment of non-small cell lung cancer with MET genomic tumor aberrations,Designated/Approved,,,treatment of adult patients with metastatic non-small cell lung cancer (NSCLC) harboring mesenchymal-epithelial transition (MET) exon 14 skipping alterations,2021-03-02 00:00:00,2028-03-02 00:00:00,treatment of adult patients with metastatic non-small cell lung cancer (NSCLC) harboring mesenchymal-epithelial transition (MET) exon 14 skipping alterations,"EMD Serono, Inc.",One Technology Place,,Rockland,Massachusetts,' 02370 ' ,United States,679719.0
Teriparatide,Parathar,1987-09-01 00:00:00,Diagnostic agent to assist in establishing the diagnosis in patients presenting with clinical and laboratory evidence of hypocalcemia due to either hypoparathyroidism or pseudohypoparathyroidism.,Designated/Approved,,,,12/23/1987,12/23/1994,,"Rhone-Poulenc Rorer Pharmaceuticals, Inc.",500 Arcola Road,,Collegeville,Pennsylvania,' 19426 ' ,United States,14486.0
terlipressin,Terlivaz,10/29/2004,Treatment of Hepatorenal Syndrome,Designated/Approved,,,To improve kidney function in adults with hepatorenal syndrome with rapid reduction in kidney function,09/14/2022,09/14/2029,To improve kidney function in adults with hepatorenal syndrome with rapid reduction in kidney function,Mallinckrodt Pharmaceuticals Ireland Ltd,College Business & Technology Park,Cruiserath Road,"Blanchardstown, Dublin, Ireland D15 TX2V",,' ' ,Ireland,191804.0
Tetrabenazine,Xenazine,1997-11-12 00:00:00,Treatment of Huntington's disease,Designated/Approved,,,Treatment of chorea associated with Huntington's disease,08/15/2008,08/15/2015,,"Prestwick Pharmaceuticals, Inc",1825 K Street NW,Suite 1475,Washington,District of Columbia,' 20006 ' ,United States,108897.0
Thalidomide,thalomid,10/14/1998,Treatment of multiple myeloma,Designated/Approved,,,Treatment of patients with newly diagnosed multiple myeloma,05/25/2006,05/25/2013,,Celgene Corporation,P.O. Box 4914,7 Powder Horn Srive,Warren,New Jersey,' 07059 ' ,United States,115598.0
Thalidomide,Thalomid,07/26/1995,Treatment of erythema nodosum leprosum.,Designated/Approved,,,Acute treatment of the cutaneous manifestations of moderate to severe erythema nodosum leprosum (ENL) and as maintenance therapy for prevention and suppression of the cutaneous manifestations of ENL recurrences.,07/16/1998,07/16/2005,,Celgene Corporation,86 Morris Avenue,,Summit,New Jersey,' 07901 ' ,United States,90795.0
Thyrotropin alfa,Thyrogen,2001-03-08 00:00:00,"Treatment of well-differentiated papillary, follicular or combined papillary/follicular carcinomas of the thyroid",Designated/Approved,,,For use as an adjunctive treatment for radioiodine ablation of thyroid tissue remnants in patients who have undergone thyroidectomy for well-differentiated thyroid cancer and who do not have evidence of metastatic thyroid cancer,12/14/2007,12/14/2014,,Genzyme Corporation,One Kendall Square,,Cambridge,Massachusetts,' 02139 ' ,United States,142301.0
Thyrotropin alpha,Thyrogen,02/24/1992,As an adjunct in the diagnosis of thyroid cancer.,Designated/Approved,,,As an adjunctive diagnostic tool for serum thyroglobulin (Tg) testing with or without radioiodine imaging in the follow-up of patients with thyroid cancer.,11/30/1998,11/30/2005,,Genzyme Corporation,One Kendall Square,,Cambridge,Massachusetts,' 02139 ' ,United States,63191.0
Tinidazole,Tindamax,08/20/2003,Treatment of amebiasis,Designated/Approved,,,Treatment of intestinal amebiasis and amebic liver abcess caused by E. histolytica in both adults and pediatric patients older than three years of age. It is not indicated for the treatment of asymptomatic cyst passage.,05/17/2004,05/17/2011,,"Presutti Laboratories, Inc.",1607 N. Douglas Ave.,,Arlington Heights,Illinois,' 60004 ' ,United States,173603.0
tinidazole,Tindamax,04/18/2002,Treatment of giardiasis,Designated/Approved,,,Treatment of giardiasis caused by G. duodenalis (also termed G. lamblia) in both adults and pediatric patients older than three years of age,05/17/2004,05/17/2011,,"Presutti Laboratories, Inc.",1607 N. Douglas Ave.,,Arlington Heights,Illinois,' 60004 ' ,United States,155402.0
Tiopronin,Thiola,01/17/1986,Prevention of cystine nephrolithiasis in patients with homozygous cystinuria.,Designated/Approved,,,"Indicated for the prevention of cystine (kidney) stone formation in patients with severe homozygous cystinuria with urinary cystine greater than 500 mg/day, who are resistant to treatment with conservative measures of high fluid intake, alkali and diet modification or who have adverse reactions to d-penicillamine.",1988-11-08 00:00:00,1995-11-08 00:00:00,,Mission Pharmacal Company,P.O. Box 786099,,San Antonio,Texas,' 78278 ' ,United States,12386.0
Tiopronin,Thiola,01/17/1986,Prevention of cystine nephrolithiasis in patients with homozygous cystinuria.,Designated/Approved,,,"THIOLA is indicated, in combination with high fluid intake, alkali, and diet modification, for the prevention of cystine stone formation in adults and pediatric patients 20 kg and greater with severe homozygous cystinuria, who are not responsive to these measures alone.",06/28/2019,06/28/2026,"Indicated in combination with high fluid intake, alkali, and diet modification, for the prevention of cystine stone formation in pediatric patients between 20 kg and 9 years of age with severe homozygous cystinuria, who are not responsive to these measures alone",Mission Pharmacal Company,P.O. Box 786099,,San Antonio,Texas,' 78278 ' ,United States,12386.0
Tiopronin,Thiola,01/17/1986,Prevention of cystine nephrolithiasis in patients with homozygous cystinuria.,Designated/Approved,,,"THIOLA EC is indicated, in combination with high fluid intake, alkali, and diet modification, for the prevention of cystine stone formation in adults and pediatric patients 20 kg and greater with severe homozygous cystinuria, who are not responsive to these measures alone.",06/28/2019,06/28/2026,,Mission Pharmacal Company,P.O. Box 786099,,San Antonio,Texas,' 78278 ' ,United States,12386.0
tislelizumab-jsgr,Tevimbra,2019-06-11 00:00:00,Treatment of Esophageal Cancer,Designated/Approved,,,"in combination with platinum-containing chemotherapy, for the first-line treatment of adults with unresectable or metastatic esophageal squamous cell carcinoma (ESCC) whose tumors express PD-L1 (greater than or equal to 1)",2025-03-03 00:00:00,2032-03-03 00:00:00,first-line treatment of adults with unresectable or metastatic esophageal squamous cell carcinoma (ESCC) whose tumors express PD-L1 (greater than or equal to 1),"BeOne Medicines USA, Inc.","311 Pennington-Rocky Hill Rd., Bldg 51-Ste 1358",,Pennington,New Jersey,' 08534 ' ,United States,708919.0
tislelizumab-jsgr,Tevimbra,05/14/2020,"Treatment of gastric cancer, including cancer of the gastroesophageal junction",Designated/Approved,,,"in combination with platinum and fluoropyrimidine-based chemotherapy, for the first-line treatment of adults with unresectable or metastatic HER2-negative gastric or gastroesophageal junction adenocarcinoma (G/GEJ) whose tumors express PD-L1 (greater than or equal to 1)",12/26/2024,12/26/2031,first-line treatment of adults with unresectable or metastatic HER2-negative gastric or gastroesophageal junction adenocarcinoma (G/GEJ) whose tumors express PD-L1 (greater than or equal to 1),"BeOne Medicines USA, Inc.","311 Pennington-Rocky Hill Rd., Bldg 51-Ste 1358",,Pennington,California,' 08534 ' ,United States,738120.0
tislelizumab-jsgr,Tevimbra,2019-06-11 00:00:00,Treatment of Esophageal Cancer,Designated/Approved,,,"as a single agent, for the treatment of adult patients with unresectable or metastatic esophageal squamous cell carcinoma after prior systemic chemotherapy that did not include a PD-(L)1 inhibitor",03/13/2024,03/13/2031,treatment of adult patients with unresectable or metastatic esophageal squamous cell carcinoma after prior systemic chemotherapy that did not include a PD-(L)1 inhibitor,"BeOne Medicines USA, Inc.","311 Pennington-Rocky Hill Rd., Bldg 51-Ste 1358",,Pennington,New Jersey,' 08534 ' ,United States,708919.0
Tobramycin for inhalation,TOBI,10/13/1994,Treatment of bronchopulmonary infections of Pseudomonas aeruginosa in cystic fibrosis patients.,Designated/Approved,,,Management of cystic fibrosis patients with P.aeruginosa.,12/22/1997,12/22/2004,,Mylan Specialty LP,781 Chestnut Ridge Road,Regulatory Affairs-Greenbag Road,Morgantown,West Virginia,' 26505 ' ,United States,84494.0
tocilizumab,Actemra,07/31/2012,Treatment of pediatric patients (age 16 years and younger) with polyarticular-course juvenile idiopathic arthritis,Designated/Approved,,,ACTEMRA (tocilizumab) for subcutaneous injection is indicated for the treatment of active polyarticular juvenile idiopathic arthritis in patients 2 years of age and older,04/29/2013,04/29/2020,Treatment of active polyarticular juvenile idiopathic arthritis in patients 2 through 16 years of age.,"Genentech, Inc.",1 DNA Way,,South San Francisco,California,' 94080 ' ,United States,367812.0
tocilizumab,Actemra,04/17/2013,Treatment of systemic sclerosis,Designated/Approved,,,slowing the rate of decline in pulmonary function in adult patients with systemic sclerosis-associated interstitial lung disease,2021-04-03 00:00:00,2028-04-03 00:00:00,slowing the rate of decline in pulmonary function in adult patients with systemic sclerosis-associated interstitial lung disease,"Genentech, Inc.",1 DNA Way,,South San Francisco,California,' 94080 ' ,United States,381212.0
tocilizumab,Actemra,2017-01-08 00:00:00,Treatment of chimeric antigen receptor (CAR) T cell-induced cytokine release syndrome,Designated/Approved,,,Treatment of chimeric antigen receptor (CAR) T cell-induced severe or life-threatening cytokine release syndrome (CRS) in adults and pediatric patients 2 years of age and older,08/30/2017,08/30/2024,Treatment of chimeric antigen receptor (CAR) T cell-induced severe or life-threatening cytokine release syndrome (CRS) in adults and pediatric patients 2 years of age and older,"Genentech Inc., a member of the Roche Group",1 DNA Way,MS #355e,South San Francisco,California,' 94080 ' ,United States,589317.0
tocilizumab,Actemra,07/31/2012,Treatment of pediatric patients (age 16 years and younger) with polyarticular-course juvenile idiopathic arthritis,Designated/Approved,,,ACTEMRA (tocilizumab) for subcutaneous injection is indicated for the treatment of active polyarticular juvenile idiopathic arthritis in patients 2 years of age and older,2018-11-05 00:00:00,,,"Genentech, Inc.",1 DNA Way,,South San Francisco,California,' 94080 ' ,United States,367812.0
tofersen,Qalsody,09/19/2016,Treatment of amyotrophic lateral sclerosis,Designated/Approved,,,treatment of amyotrophic lateral sclerosis (ALS) in adults who have a mutation in the superoxide dismutase 1 (SOD1) gene,04/25/2023,04/25/2030,treatment of amyotrophic lateral sclerosis (ALS) in adults who have a mutation in the superoxide dismutase 1 (SOD1) gene,Biogen Inc.,225 Binney St.,,Cambridge,Massachusetts,' 02142 ' ,United States,537216.0
tolvaptan,Jynarque,2012-06-04 00:00:00,Treatment of autosomal dominant polycystic kidney disease,Designated/Approved,,,JYNARQUE is indicated to slow kidney function decline in adults at risk of rapidly progressing autosomal dominant polycystic kidney disease (ADPKD),04/23/2018,04/23/2025,JYNARQUE is indicated to slow kidney function decline in adults at risk of rapidly progressing autosomal dominant polycystic kidney disease (ADPKD),"Otsuka Pharmaceutical Company, Ltd.","2-9, Kanda-Tsukasamachi",,Tokyo,,' ' ,Japan,347311.0
Topiramate,Topamax,11/25/1992,Treatment of Lennox-Gastaut syndrome.,Designated/Approved,,,As adjunctive therapy in patients two years and older with siezures associated with Lennox-Gastaut syndrome.,08/28/2001,08/28/2008,,"Johnson & Johnson Pharmaceutical R & D, LLC","Route 202, P.O. Box 300",,Raritan,New Jersey,' 08869 ' ,United States,70792.0
Toremifene,Fareston,09/19/1991,Hormonal therapy of metastatic carcinoma of the breast.,Designated/Approved,,,Treatment of metastatic breast cancer in postmenopausal women with estrogen positive or receptor unknown tumors.,05/29/1997,05/29/2004,,Orion Corporation,Orionintie 1,,Espoo,,' ' ,Finland,60291.0
toripalimab-tpzi,Loqtorzi,05/18/2020,Treatment of nasopharyngeal carcinoma,Designated/Approved,,,"In combination with cisplatin and gemcitabine, for the first-line treatment of adults with metastatic or with recurrent, locally advanced nasopharyngeal carcinoma (NPC); and as a single agent, for the treatment of adults with recurrent unresectable or metastatic NPC with disease progression on or after a platinum-containing chemotherapy",10/27/2023,10/27/2030,"first-line treatment of adults with metastatic or with recurrent, locally advanced nasopharyngeal carcinoma (NPC); and for the treatment of adults with recurrent unresectable or metastatic NPC with disease progression on or after a platinum-containing chemotherapy","Coherus BioSciences, Inc.","333 Twin Dolphin Drive, Suite 600",,Redwood City,California,' 94065 ' ,United States,738620.0
tovorafenib,Ojemda,09/24/2020,Treatment of malignant glioma,Designated/Approved,,,"treatment of patients 6 months of age and older with relapsed or refractory pediatric low-grade glioma (LGG) harboring a BRAF fusion or rearrangement, or BRAF V600 mutation",04/23/2024,04/23/2031,"treatment of patients 6 months of age and older with relapsed or refractory pediatric low-grade glioma (LGG) harboring a BRAF fusion or rearrangement, or BRAF V600 mutation","Day One Biopharmaceuticals, Inc.","1800 Sierra Point Parkway, Suite 200",,Brisbane,California,' 94005 ' ,United States,768320.0
trabectedin,Yondelis,09/30/2004,Treatment of soft tissue sarcoma,Designated/Approved,,,For the treatment of patients with unresectable or metastatic liposarcoma or leiomyosarcoma who received a prior anthracycline-containing regimen,10/23/2015,10/23/2022,For the treatment of patients with unresectable or metastatic liposarcoma or leiomyosarcoma who received a prior anthracycline-containing regimen,"Janssen Research & Development, LLC",920 Route 202 South,,Raritan,New Jersey,' 08869 ' ,United States,193604.0
trametinib,Mekinist,06/24/2022,Treatment of malignant glioma with BRAF V600 mutation,Designated/Approved,,,"in combination with dabrafenib, for the treatment of pediatric patients 1 year of age and older with low-grade glioma (LGG) with a BRAF V600E mutation who require systemic therapy",03/16/2023,03/16/2030,treatment of pediatric patients 1 year of age and older with low-grade glioma (LGG) with a BRAF V600E mutation who require systemic therapy,Novartis Pharmaceuticals Corporation,One Health Plaza,,East Hanover,New Jersey,' 07936-1080 ' ,United States,882722.0
trametinib,MEKINIST,12/20/2010,Treatment of Stage IIb through Stage IV melanoma,Designated/Approved,,,Treatment of patients with unresectable or metastatic melanoma with BRAF V600E or V600K mutations as detected by an FDA approved test.,05/29/2013,05/29/2020,Treatment of patients with unresectable or metastatic melanoma with BRAF V600E or V600K mutations as detected by an FDA approved test.,Novartis Pharmaceuticals Corp.,One Health Plaza,,East Hanover,New Jersey,' 07936 ' ,United States,325410.0
tranexamic acid,Cyklokapron,1985-03-12 00:00:00,"For use in patients with congenital coagulopathies undergoing surgical procedures, e.g. dental extractions",Designated/Approved/Designation Withdrawn or Revoked,,,Treatment of patients with hemophilia for short term use (2 to 8 days) before and after tooth extraction to reduce or prevent hemorrhage abd reduce the need for replacement therapy,12/30/1986,12/30/1993,,Pharmacia Inc.,P.O. Box 16529,,Columbus,Ohio,' 43216 ' ,United States,8885.0
trastuzumab,Herceptin,10/13/2009,"Treatment of HER2-overexpressing advanced adenocarcinoma of the stomach, including gastroesophageal junction",Designated/Approved,,,"Treatment of patients with HER2 overexpressing metastatic gastric or gastroesophageal junction adenocarcinoma, who have not received prior treatment for metastatic disease",10/20/2010,10/20/2017,,"Genentech, Inc.",1 DNA Way,,South San Francisco,California,' 94080 ' ,United States,292409.0
tremelimumab-actl,Imjudo,01/15/2020,Treatment of hepatocellular carcinoma,Designated/Approved,,,In combination with durvalumab for the treatment of adult patients with unresectable hepatocellular carcinoma (uHCC),10/21/2022,10/21/2029,treatment of adult patients with unresectable hepatocellular carcinoma (uHCC),AstraZeneca Pharmaceuticals LP,1800 Concord Pike,,Wilmington,Delaware,' 19803 ' ,United States,721419.0
treosulfan,Grafapex,2015-08-04 00:00:00,Conditioning treatment prior to hematopoietic stem cell transplantation (HSCT) in malignant and non-malignant diseases in adults and pediatric patients.,Designated/Approved,,,"in combination with fludarabine as a preparative regimen for allogeneic hematopoietic stem cell transplantation in adult and pediatric patients 1 year of age and older with acute myeloid leukemia (AML); and in combination with fludarabine as a preparative regimen for allogeneic hematopoietic stem cell transplantation in adult and pediatric patients 1 year of age and older with myelodysplastic syndrome (MDS) (ODE held by Medexus Pharma, Inc.)",01/21/2025,01/21/2032,as a preparative regimen for allogeneic hematopoietic stem cell transplantation in adult and pediatric patients 1 year of age and older with acute myeloid leukemia (AML); and as a preparative regimen for allogeneic hematopoietic stem cell transplantation in adult and pediatric patients 1 year of age and older with myelodysplastic syndrome (MDS),Medac GmbH,TheaterstraBe 6,,Wedel,,' ' ,Germany,468014.0
treprostinil inhalation powder,Tyvaso DPI,06/17/2010,Treatment of pulmonary arterial hypertension,Designated/Approved,,,Treatment of pulmonary arterial hypertension (PAH; WHO Group 1) to improve exercise ability,05/23/2022,,,United Therapeutics Corporation,PO Box 14186,55 TW Alexander Drive,Research Triangle Park,North Carolina,' 27709 ' ,United States,189104.0
treprostinil inhalation solution,Tyvaso,06/17/2010,Treatment of pulmonary arterial hypertension,Designated/Approved,,,"Treatment of pulmonary arterial hypertension (WHO Group I) in patients with NYHA Class III symptoms, to increase walk distance",07/30/2009,07/30/2016,,United Therapeutics Corporation,PO Box 14186,55 TW Alexander Drive,Research Triangle Park,North Carolina,' 27709 ' ,United States,189104.0
Tretinoin,Vesanoid,10/24/1990,Treatment of acute promyelocytic leukemia.,Designated/Approved/Designation Withdrawn or Revoked,2024-12-09 00:00:00,,Induction of remission in patients with acute promyelocytic leukemia who are refractory to or unable to tolerate anthracycline based cytotoxic chemotherapeutic regimens.,11/22/1995,11/22/2002,,"Hoffmann-La Roche, Inc.",340 Kingsland Street,,Nutley,New Jersey,' 07110 ' ,United States,50990.0
triclabendazole,Egaten,04/17/2017,Treatment of fascioliasis,Designated/Approved,,,EGATEN is indicated for the treatment of fascioliasis in patients 6 years of age and older.,02/13/2019,02/13/2026,EGATEN is indicated for the treatment of fascioliasis in patients 6 years of age and older.,Novartis Pharmaceuticals Corporation,1 Health Plaza,,East Hanover,New Jersey,' 07936 ' ,United States,564216.0
Trientine HCl,Syprine,12/24/1984,"Treatment of patients with Wilson's disease who are intolerant, or inadequately responsive to penicillamine.",Designated/Approved,,,,1985-08-11 00:00:00,1992-08-11 00:00:00,,Merck Sharp & Dohme Research,Division Of Merck And Company,,West Point,Pennsylvania,' 19486 ' ,United States,4884.0
trientine tetrahydrochloride,Cuvrior,2016-10-03 00:00:00,Treatment of Wilson's disease excluding patients intolerant to penicillamine,Designated/Approved,,,Treatment of adult patients with stable Wilsons disease who are de-coppered and tolerant to penicillamine,04/28/2022,04/28/2029,Treatment of adult patients with stable Wilsons disease who are de-coppered and tolerant to penicillamine,Orphalan,226 boulevard Voltaire,,Paris,,' 75011 ' ,France,492915.0
trifluridine/tipiracil,LONSURF,04/17/2017,Treatment of gastric cancer including cancer of the gastroesophageal junction,Designated/Approved,,,"LONSURF is indicated for the treatment of adult patients with metastatic gastric or gastroesophageal junction adenocarcinoma previously treated with at least two prior lines of chemotherapy that included a fluoropyrimidine, a platinum, either a taxane or irinotecan, and if appropriate, HER2/neu-targeted therapy.",02/22/2019,02/22/2026,"LONSURF is indicated for the treatment of adult patients with metastatic gastric or gastroesophageal junction adenocarcinoma previously treated with at least two prior lines of chemotherapy that included a fluoropyrimidine, a platinum, either a taxane or irinotecan, and if appropriate, HER2/neu-targeted therapy.","Taiho Oncology, Inc.",101 Carnegie Center,Suite 101,Princeton,New Jersey,' 08540 ' ,United States,564116.0
triheptanoin,Dojolvi,04/15/2015,Treatment of fatty acid oxidation disorders,Designated/Approved,,,DOJOLVI is indicated as a source of calories and fatty acids for the treatment of pediatric and adult patients with molecularly confirmed long-chain fatty acid oxidation disorders (LC-FAOD).,06/30/2020,06/30/2027,Indicated as a source of calories and fatty acids for the treatment of pediatric and adult patients with molecularly confirmed long-chain fatty acid oxidation disorders (LC-FAOD).,"Ultragenyx Pharmaceutical, Inc.",60 Leveroni Court,,Novato,California,' 94949 ' ,United States,474015.0
Trimetrexate glucuronate,Neutrexin,05/15/1986,Treatment of Pneumocystis carinii pneumonia in AIDS patients.,Designated/Approved,,,"Concurrent leucovorin administration as an alternative therapy for the treatment of moderate to severe PCP in immunocompromised patients who are intolerant of, or are refractory to, trimethoprim sulfamethoxazole.",12/17/1993,12/17/2000,,"Medimmune Oncology, Inc.",One Tower Bridge,"100 Front Street, Suite 400",West Conshohocken,Pennsylvania,' 19428 ' ,United States,14286.0
trofinetide,Daybue,2015-11-02 00:00:00,Treatment of Rett syndrome,Designated/Approved,,,treatment of Rett syndrome in adults and pediatric patients 2 years of age and older,2023-10-03 00:00:00,2030-10-03 00:00:00,treatment of Rett syndrome in adults and pediatric patients 2 years of age and older,Acadia Pharmaceuticals Inc.,3611 Valley Centre Drive,Suite 300,San Diego,California,' 92130 ' ,United States,363111.0
Trypan blue,MembraneBlue,2006-02-08 00:00:00,Selectively staining epiretinal membranes during ophthalmic surgical vitrectomy procedures,Designated/Approved,,,"For use as an aid in ophthalmic surgery by staining the epiretinal membranes during ophthalmic surgical vitrectomy procedures, facilitating removal of the tissue",02/20/2009,02/20/2016,,Dutch Ophthalmic Research Center International BV,P.O. Box 43,,Zuidland,,' ' ,Netherlands,207505.0
tucatinib,Tukysa,09/18/2017,Treatment of HER2+ colorectal cancer,Designated/Approved,,,"in combination with trastuzumab for the treatment of adult patients with RAS wild-type, HER2-positive unresectable or metastatic colorectal cancer that has progressed following treatment with fluoropyrimidine-, oxaliplatin-, and irinotecan-based chemotherapy",01/19/2023,01/19/2030,"treatment of adult patients with RAS wild-type, HER2-positive unresectable or metastatic colorectal cancer that has progressed following treatment with fluoropyrimidine-, oxaliplatin-, and irinotecan-based chemotherapy",Seagen Inc.,21823 30th Drive Southeast,,Bothell,Washington,' 98021 ' ,United States,571216.0
umbralisib,Ukoniq,2019-11-04 00:00:00,Treatment of splenic marginal zone lymphoma,Designated/Approved,,,treatment of adult patients with relapsed or refractory marginal zone lymphoma (MZL) who have received at least one prior anti-CD20-based regimen (Indication withdrawn),2021-05-02 00:00:00,05/31/2022,treatment of adult patients with relapsed or refractory marginal zone lymphoma (MZL) who have received at least one prior anti-CD20-based regimen (Indication withdrawn),"TG Therapeutics, Inc.",3020 Carrington Mill Blvd. Suite 475,,Morrisville,North Carolina,' 27560 ' ,United States,680019.0
umbralisib,Ukoniq,2020-04-03 00:00:00,Treatment of Follicular Lymphoma,Designated/Approved,,,Treatment of adult patients with relapsed or refractory follicular lymphoma (FL) who have received at least three prior lines of systemic therapy (Indication withdrawn),2021-05-02 00:00:00,05/31/2022,Treatment of adult patients with relapsed or refractory follicular lymphoma (FL) who have received at least three prior lines of systemic therapy (Indication withdrawn),"TG Therapeutics, Inc.",3020 Carrington Mill Blvd. Suite 475,,Morrisville,North Carolina,' 27560 ' ,United States,726819.0
umbralisib,Ukoniq,2019-11-04 00:00:00,Treatment of nodal marginal zone lymphoma,Designated/Approved,,,Treatment of adult patients with relapsed or refractory marginal zone lymphoma (MZL) who have received at least one prior anti-CD20-based regimen (Indication withdrawn),2021-05-02 00:00:00,05/31/2022,Treatment of adult patients with relapsed or refractory marginal zone lymphoma (MZL) who have received at least one prior anti-CD20-based regimen (Indication withdrawn),"TG Therapeutics, Inc.",3020 Carrington Mill Blvd. Suite 475,,Morrisville,North Carolina,' 27560 ' ,United States,687519.0
umbralisib,Ukoniq,2019-11-04 00:00:00,Treatment of extranodal marginal zone lymphoma,Designated/Approved,,,Treatment of adult patients with relapsed or refractory marginal zone lymphoma (MZL) who have received at least one prior anti-CD20-based regimen (Indication withdrawn),2021-05-02 00:00:00,05/31/2022,Treatment of adult patients with relapsed or refractory marginal zone lymphoma (MZL) who have received at least one prior anti-CD20-based regimen (Indication withdrawn),"TG Therapeutics, Inc.",3020 Carrington Mill Blvd. Suite 475,,Morrisville,North Carolina,' 27560 ' ,United States,687419.0
upadacitinib,Rinvoq,09/18/2015,Treatment of pediatric (aged 0 through 16 years) juvenile idiopathic arthritis (JIA) ILAR categories excluding systemic JIA,Designated/Approved,,,"treatment of patients 2 years of age and older with active polyarticular juvenile idiopathic arthritis who have had an inadequate response or intolerance to one or more tumor necrosis factor (TNF) blockers, and for the treatment of pediatric patients 2 years of age and older with active psoriatic arthritis who have had an inadequate response or intolerance to one or more TNF blockers",04/26/2024,04/26/2031,"treatment of pediatric patients 2 years of age and older with active polyarticular juvenile idiopathic arthritis who have had an inadequate response or intolerance to one or more tumor necrosis factor (TNF) blockers, and for the treatment of pediatric patients 2 years of age and older with active psoriatic arthritis who have had an inadequate response or intolerance to one or more TNF blockers","AbbVie, Inc.",1 North Waukegan Road,,North Chicago,Illinois,' 60064 ' ,United States,485415.0
upadacitinib,Rinvoq,09/20/2024,treatment of giant cell arteritis,Designated/Approved,,,treatment of adults with giant cell arteritis,04/28/2025,,,AbbVie Inc.,1 North Waukegan Road,,North Chicago,Illinois,' 60064 ' ,United States,858021.0
valbenazine,Ingrezza,2022-10-05 00:00:00,Treatment of Huntington disease,Designated/Approved,,,treatment of adults with chorea associated with Huntington's disease,04/30/2024,,,Neurocrine Biosciences Inc.,6027 Edgewood Bend Court,,San Diego,California,' 92130 ' ,United States,875022.0
valbenazine,Ingrezza,2022-10-05 00:00:00,Treatment of Huntington disease,Designated/Approved,,,treatment of adults with chorea associated with Huntington's disease,08/18/2023,08/18/2030,treatment of adults with chorea associated with Huntington's disease,Neurocrine Biosciences Inc.,6027 Edgewood Bend Court,,San Diego,California,' 92130 ' ,United States,875022.0
vamorolone,Agamree,2011-02-12 00:00:00,Treatment of Duchenne muscular dystrophy,Designated/Approved,,,Treatment of Duchenne muscular dystrophy (DMD) in patients 2 years of age and older,10/26/2023,10/26/2030,Treatment of Duchenne muscular dystrophy (DMD) in patients 2 years of age and older,"Catalyst Pharmaceuticals, Inc.","355 Alhambra Circle, Suite 801",,Coral Gables,Florida,' 33134 ' ,United States,343111.0
"vanzacaftor, tezacaftor, and deutivacaftor",Alyftrek,10/26/2020,treatment of cystic fibrosis,Designated/Approved,,,treatment of cystic fibrosis (CF) in patients 6 years of age and older who have at least one F508del mutation or another responsive mutation in the cystic fibrosis transmembrane conductance regulator (CFTR) gene,12/20/2024,,,Vertex Pharmaceuticals Incorporated,50 Northern Avenue,,Boston,Massachusetts,' 02210 ' ,United States,777220.0
velaglucerase-alfa,VPRIV,2009-08-06 00:00:00,Treatment of Gaucher disease,Designated/Approved,,,Treatment of Type I Gaucher Disease,02/26/2010,,,"Takeda Development Center Americas, Inc.",500 Kendall Street,,Cambridge,Massachusetts,' 02142 ' ,United States,283509.0
velmanase alfa-tycv,Lamzede,2006-02-02 00:00:00,Treatment of alpha-mannosidosis,Designated/Approved,,,treatment of non-central nervous system manifestations of alpha-mannosidosis in adult and pediatric patients,02/16/2023,02/16/2030,treatment of non-central nervous system manifestations of alpha-mannosidosis in adult and pediatric patients,"Chiesi USA, Inc.",175 Regency Woods Place,Suite 600,Cary,North Carolina,' 27518 ' ,United States,212005.0
vemurafenib,Zelboraf,2016-02-08 00:00:00,Treatment of Erdheim-Chester Disease,Designated/Approved,,,Treatment of patients with Erdheim-Chester Disease with BRAF V600 mutation,2017-06-11 00:00:00,2024-06-11 00:00:00,Treatment of patients with Erdheim-Chester Disease with BRAF V600 mutation,"Genentech, Inc.",1 DNA Way,,South San Francisco,California,' 94080 ' ,United States,529616.0
vemurafenib,Zelboraf,12/20/2010,Treatment of patients with IIb to Stage IV melanoma positive for the BRAF(v600) mutation,Designated/Approved,,,Treatment of unresectable or metastatic melanoma with the BRAFV600E mutation as detected by an FDA-approved test.,08/17/2011,08/17/2018,,"Hoffmann-La Roche, Inc.",340 Kingsland Street,,Nutley,New Jersey,' 07110 ' ,United States,325310.0
venetoclax,VENCLEXTA,2016-04-02 00:00:00,Treatment of acute myeloid leukemia.,Designated/Approved,,,"VENCLEXTA is indicated in combination with azacitidine, or decitabine, or low-dose cytarabine for the treatment of newly-diagnosed acute myeloid leukemia (AML) in adults who are age 75 years or older, or who have comorbidities that preclude use of intensive induction chemotherapy.",11/21/2018,11/21/2025,"VENCLEXTA is indicated in combination with azacitidine, or decitabine, or low-dose cytarabine for the treatment of newly-diagnosed acute myeloid leukemia (AML) in adults who are age 75 years or older, or who have comorbidities that preclude use of intensive induction chemotherapy.",AbbVie Inc.,1 North Waukegan Road,"Dept PA72, Bldg. AP30-4",North Chicago,Illinois,' 60064 ' ,United States,506815.0
venetoclax,VENCLEXTA,09/20/2012,Treatment of chronic lymphocytic leukemia,Designated/Approved,,,VENCLEXTA is indicated for the treatment of adult patients with chronic lymphocytic leukemia (CLL) or small lymphocytic lymphoma (SLL).,05/15/2019,05/15/2026,Treatment of previously untreated adult patients with chronic lymphocytic leukemia (CLL) or small lymphocytic lymphoma (SLL),"AbbVie, Inc",1 North Waukegan Road,"Dept. PA72, Bldg. AP30",North Chicago,Illinois,' 60064 ' ,United States,375612.0
venetoclax,VENCLEXTA,09/20/2012,Treatment of chronic lymphocytic leukemia,Designated/Approved,,,"Treatment of patients with chronic lymphocytic leukemia (CLL) with 17p deletion, as detected by an FDA approved test, who have received at least one prior therapy",2016-11-04 00:00:00,2023-11-04 00:00:00,"Treatment of patients with chronic lymphocytic leukemia (CLL) with 17p deletion, as detected by an FDA approved test, who have received at least one prior therapy","AbbVie, Inc",1 North Waukegan Road,"Dept. PA72, Bldg. AP30",North Chicago,Illinois,' 60064 ' ,United States,375612.0
venetoclax,VENCLEXTA,09/20/2012,Treatment of chronic lymphocytic leukemia,Designated/Approved,,,"VENCLEXTA (venetoclax) indicated for the treatment of patients with chronic lymphocytic leukemia (CLL) or small lymphocytic lymphoma (SLL), with or without 17p deletion, who have received at least one prior therapy.",2018-08-06 00:00:00,2025-08-06 00:00:00,"For treatment of patients with chronic lymphocytic leukemia (CLL) or small lymphocytic lymphoma (SLL), without 17p deletion, who have received at least one prior therapy.","AbbVie, Inc",1 North Waukegan Road,"Dept. PA72, Bldg. AP30",North Chicago,Illinois,' 60064 ' ,United States,375612.0
vestronidase alfa-vjbk,Mepsevii,02/16/2012,"Treatment of mucopolysaccharidosis VII (MPS VII, Sly Syndrome)",Designated/Approved,,,"Indicated in pediatric and adult patients for the treatment of Mucopolysaccharidosis VII (PMS VII, Sly syndrome).",11/15/2017,11/15/2024,"Indicated in pediatric and adult patients for the treatment of mucopolysaccharidosis VII (MPS VII, Sly Syndrome).","Ultragenyx Pharmaceutical, Inc.",60 Leveroni Court,,Novato,California,' 94949 ' ,United States,359811.0
vigabatrin,Sabril,2000-12-06 00:00:00,Treatment of infantile spasms.,Designated/Approved,,,For infantile spasms (IS) - 1 month to 2 years of age.,08/21/2009,08/21/2016,,H. Lundbeck A/S,Four Parkway North,,Deerfield,Illinois,' 60015 ' ,United States,135100.0
vigabatrin,Vigafyde,2022-12-10 00:00:00,Treatment of Infantile Spasms,Designated/Approved,,,as monotherapy for the treatment of infantile spasms in pediatric patients 1 month to 2 years of age for whom the potential benefits outweigh the potential risk of vision loss,06/17/2024,,,"Pyros Pharmaceuticals, Inc.","2001 Route 46, Suite 310",,Parsippany,New Jersey,' 07054 ' ,United States,905322.0
viltolarsen,VILTEPSO,2017-12-01 00:00:00,Treatment of Duchenne Muscular Dystrophy,Designated/Approved,,,VILTEPSO is indicated for the treatment of Duchenne muscular dystrophy (DMD) in patients who have a confirmed mutation of the DMD gene that is amenable to exon 53 skipping,2020-12-08 00:00:00,2027-12-08 00:00:00,VILTEPSO is indicated for the treatment of Duchenne muscular dystrophy (DMD) in patients who have a confirmed mutation of the DMD gene that is amenable to exon 53 skipping,"NS Pharma, Inc.","140 East Ridgewood Avenue, Suite 280S",,Paramus,New Jersey,' 07652 ' ,United States,565616.0
vorasidenib,Voranigo,2018-10-09 00:00:00,Treatment of glioma,Designated/Approved,,,"treatment of adult and pediatric patients 12 years and older with Grade 2 astrocytoma or oligodendroglioma with a susceptible isocitrate dehydrogenase-1 (IDH1) or isocitrate dehydrogenase-2 (IDH2) mutation following surgery including biopsy, sub-total resection, or gross total resection",2024-06-08 00:00:00,2031-06-08 00:00:00,"treatment of adult and pediatric patients 12 years and older with Grade 2 astrocytoma or oligodendroglioma with a susceptible isocitrate dehydrogenase-1 (IDH1) or isocitrate dehydrogenase-2 (IDH2) mutation following surgery including biopsy, sub-total resection, or gross total resection",Servier Pharmaceuticals LLC,200 Pier Four Blvd,,Boston,Massachusetts,' 02210 ' ,United States,649318.0
vorinostat,Zolinza,03/16/2004,Treatment of T-cell non-Hodgkin's lymphoma,Designated/Approved,,,"Treatment of cutaneous manifestations in patients with cutaneous T-cell lymphoma (CTCL) who have progressive, persistant or recurrent disease on or following two systemic therapies.",2006-06-10 00:00:00,2013-06-10 00:00:00,,"Merck & Co., Inc.","P. O. Box 2000, RY 32-605",,Rahway,New Jersey,' 07065 ' ,United States,174203.0
vosoritide,Voxzogo,01/17/2013,Treatment of achondroplasia,Designated/Approved,,,To increase linear growth in pediatric patients with achondroplasia who are 5 years of age and older with open epiphyses,11/19/2021,11/19/2028,To increase linear growth in pediatric patients with achondroplasia who are 5 years of age and older with open epiphyses,"BioMarin Pharmaceutical, Inc.",105 Digital Drive,,Novato,California,' 94949 ' ,United States,386012.0
vosoritide,Voxzogo,01/17/2013,Treatment of achondroplasia,Designated/Approved,,,to increase linear growth in pediatric patients with achondroplasia with open epiphyses,10/20/2023,10/20/2030,to increase linear growth in pediatric patients less than 5 years of age with achondroplasia with open epiphyses,"BioMarin Pharmaceutical, Inc.",105 Digital Drive,,Novato,California,' 94949 ' ,United States,386012.0
voxelotor,Oxbryta,12/29/2015,Treatment of sickle cell disease,Designated/Approved,,,OXBRYTA is indicated for the treatment of sickle cell disease (SCD) in adults and pediatric patients 12 years of age and older.,11/25/2019,11/25/2026,Indicated for the treatment of sickle cell disease (SCD) in adults and pediatric patients 12 years of age and older.,"Global Blood Therapeutics, Inc.",181 Oyster Point Blvd,,South San Francisco,California,' 94080 ' ,United States,499715.0
voxelotor,Oxbryta,12/29/2015,Treatment of sickle cell disease,Designated/Approved,,,treatment of sickle cell disease (SCD) in adults and pediatric patients 4 years of age and older,12/17/2021,12/17/2028,treatment of sickle cell disease (SCD) in pediatric patients 4 years of age to less than 12 years of age,"Global Blood Therapeutics, Inc.",181 Oyster Point Blvd,,South San Francisco,California,' 94080 ' ,United States,499715.0
vutrisiran,Amvuttra,05/25/2018,Treatment of transthyretin-mediated amyloidosis (ATTR amyloidosis),Designated/Approved,,,Treatment of the polyneuropathy of hereditary transthyretin-mediated amyloidosis in adults,06/13/2022,06/13/2029,Treatment of the polyneuropathy of hereditary transthyretin-mediated amyloidosis in adults,"Alnylam Pharmaceuticals, Inc.",300 Third Street,,Cambridge,Massachusetts,' 02142 ' ,United States,637618.0
vutrisiran,Amvuttra,05/25/2018,Treatment of transthyretin-mediated amyloidosis (ATTR amyloidosis),Designated/Approved,,,"treatment of the cardiomyopathy of wild-type or hereditary transthyretin-mediated amyloidosis (ATTR-CM) in adults to reduce cardiovascular mortality, cardiovascular hospitalizations and urgent heart failure visits",03/20/2025,,,"Alnylam Pharmaceuticals, Inc.",300 Third Street,,Cambridge,Massachusetts,' 02142 ' ,United States,637618.0
Zalcitabine,Hivid,06/28/1988,Treatment of AIDS.,Designated/Approved/Designation Withdrawn or Revoked,2024-12-09 00:00:00,,Combination therapy with zidovudine is indicated for the treatment of adult patients with advanced HIV infection (CD4 count < 300) who have demonstrated malignant clinical or immunologic deterioration.,06/19/1992,06/19/1999,,"Hoffmann-La Roche, Inc.",340 Kingsland Street,,Nutley,New Jersey,' 07110 ' ,United States,28388.0
zanidatamab-hrii,Ziihera,12/18/2019,Treatment of Biliary Tract Cancer,Designated/Approved,,,"treatment of adults with previously treated, unresectable or metastatic HER2-positive (IHC 3+) biliary tract cancer (BTC), as detected by an FDA-approved test",11/20/2024,11/20/2031,"treatment of adults with previously treated, unresectable or metastatic HER2-positive (IHC 3+) biliary tract cancer (BTC), as detected by an FDA-approved test",Jazz Pharmaceuticals Ireland Limited,3170 Porter Drive,,Palo Alto,California,' 94304 ' ,United States,715119.0
zanubrutinib,Brukinsa,07/20/2016,Treatment of chronic lymphocytic leukemia,Designated/Approved,,,treatment of adult patients with chronic lymphocytic leukemia (CLL) or small lymphocytic lymphoma (SLL),01/19/2023,01/19/2030,treatment of adult patients with chronic lymphocytic leukemia (CLL) or small lymphocytic lymphoma (SLL),"BeOne Medicines USA, Inc.","311 Pennington-Rocky Hill Rd., Bldg 51-Ste 1358",,Pennington,New Jersey,' 08534 ' ,United States,527516.0
zanubrutinib,BRUKINSA,06/23/2016,Treatment of mantle cell lymphoma,Designated/Approved,,,BRUKINSA is indicated for the treatment of adult patients with mantle cell lymphoma (MCL) who have received at least one prior therapy.,11/14/2019,11/14/2026,Indicated for the treatment of adult patients with mantle cell lymphoma (MCL) who have received at least one prior therapy.,"BeOne Medicines USA, Inc.","311 Pennington-Rocky Hill Rd., Bldg 51-Ste 1358",,Pennington,New Jersey,' 08534 ' ,United States,527416.0
zanubrutinib,Brukinsa,06/29/2016,Treatment of Waldenstrom's macroglobulinemia,Designated/Approved,,,Treatment of adult patients with Waldenstroms macroglobulinemia (WM),08/31/2021,08/31/2028,Treatment of adult patients with Waldenstroms macroglobulinemia (WM),"BeOne Medicines USA, Inc.","311 Pennington-Rocky Hill Rd., Bldg 51-Ste 1358",,Pennington,New Jersey,' 08534 ' ,United States,527616.0
zanubrutinib,Brukinsa,2022-08-11 00:00:00,Treatment of follicular lymphoma,Designated/Approved,,,"treatment of adult patients with relapsed or refractory follicular lymphoma (FL), in combination with obinutuzumab, after two or more lines of systemic therapy",2024-07-03 00:00:00,2031-07-03 00:00:00,"treatment of adult patients with relapsed or refractory follicular lymphoma (FL), after two or more lines of systemic therapy","BeOne Medicines USA, Inc.","311 Pennington-Rocky Hill Rd., Bldg 51-Ste 1358",,Pennington,New Jersey,' 08534 ' ,United States,889422.0
zanubrutinib,Brukinsa,08/24/2020,Treatment of nodal marginal zone lymphoma (MZL),Designated/Approved,,,Treatment of adult patients with relapsed or refractory marginal zone lymphoma (MZL) who have received at least one anti-CD20-based regimen,09/14/2021,09/14/2028,Treatment of adult patients with relapsed or refractory marginal zone lymphoma (MZL) who have received at least one anti-CD20-based regimen,"BeOne Medicines USA, Inc.","311 Pennington-Rocky Hill Rd., Bldg 51-Ste 1358",,Pennington,New Jersey,' 08534 ' ,United States,757120.0
zanubrutinib,Brukinsa,08/24/2020,Treatment of splenic marginal zone lymphoma (MZL),Designated/Approved,,,Treatment of adult patients with relapsed or refractory marginal zone lymphoma (MZL) who have received at least one anti-CD20-based regimen,09/14/2021,09/14/2028,Treatment of adult patients with relapsed or refractory marginal zone lymphoma (MZL) who have received at least one anti-CD20-based regimen,"BeOne Medicines USA, Inc.","311 Pennington-Rocky Hill Rd., Bldg 51-Ste 1358",,Pennington,New Jersey,' 08534 ' ,United States,757020.0
zanubrutinib,Brukinsa,08/24/2020,Treatment of extranodal marginal zone lymphoma of mucosa-associated lymphoid tissue (MALT),Designated/Approved,,,Treatment of adult patients with relapsed or refractory marginal zone lymphoma (MZL) who have received at least one anti-CD20-based regimen,09/14/2021,09/14/2028,Treatment of adult patients with relapsed or refractory marginal zone lymphoma (MZL) who have received at least one anti-CD20-based regimen,"BeOne Medicines USA, Inc.","311 Pennington-Rocky Hill Rd., Bldg 51-Ste 1358",,Pennington,New Jersey,' 08534 ' ,United States,756920.0
zenocutuzumab-zbco,Bizengri,07/22/2020,Treatment of pancreatic cancer,Designated/Approved,,,treatment of adults with advanced unresectable or metastatic pancreatic adenocarcinoma harboring a neuregulin 1 (NRG1) gene fusion with disease progression on or after prior systemic therapy,2024-04-12 00:00:00,2031-04-12 00:00:00,treatment of adults with advanced unresectable or metastatic pancreatic adenocarcinoma harboring a neuregulin 1 (NRG1) gene fusion with disease progression on or after prior systemic therapy,"Partner Therapeutics, Inc.",19 Muzzey Street,,Lexington,Massachusetts,' 02421 ' ,United States,750020.0
zidovudine,Retrovir,07/17/1985,Treatment of AIDS,Designated/Approved,,,Management of certain adult patients with symptomatic HIV infection (AIDS and advanced ARC) who have a history of cytologically confirmed Pneumocytis carinii pneumonia (PCP) or an absolute CD4 (T4 helper/induccer) lymphocyte count of less than 200/mm in the peripheral blood before therapy is begun,03/19/1987,03/19/1994,,Glaxo Wellcome Inc.,5 Moore Drive,,Research Triangle Park,North Carolina,' 27709 ' ,United States,8185.0
zilucoplan,Zilbrysq,08/26/2019,Treatment of myasthenia gravis,Designated/Approved,,,Treatment of generalized myasthenia gravis (gMG) in adult patients who are anti-acetylcholine receptor (AChR) antibody positive,10/17/2023,10/17/2030,Treatment of generalized myasthenia gravis (gMG) in adult patients who are anti-acetylcholine receptor (AChR) antibody positive,"UCB, Inc.","1950 Lake Park Drive, Bldg. 2100",,Smyrna,Georgia,' 30080 ' ,United States,699319.0
Zinc acetate,Galzin,1985-06-11 00:00:00,Treatment of Wilson's disease.,Designated/Approved,,,For maintenance treatment of patients with Wilson's disease who have been initially treated with a chelating agent.,01/28/1997,01/28/2004,,"Eton Pharmaceuticals, Inc","21925 W. Field Parkway, Suite 235",,Deer Park,Illinois,' 60010 ' ,United States,11185.0
zolbetuximab-clzb,Vyloy,11/20/2012,Treatment of gastric cancer,Designated/Approved,,,"in combination with fluoropyrimidine- and platinum-containing chemotherapy, for the first-line treatment of adults with locally advanced unresectable or metastatic human epidermal growth factor receptor 2 (HER2)-negative gastric or gastroesophageal junction (GEJ) adenocarcinoma whose tumors are claudin (CLDN) 18.2 positive as determined by an FDA-approved test",10/18/2024,10/18/2031,first-line treatment of adults with locally advanced unresectable or metastatic human epidermal growth factor receptor 2 (HER2)-negative gastric or gastroesophageal junction (GEJ) adenocarcinoma whose tumors are claudin (CLDN) 18.2 positive as determined by an FDA-approved test,Astellas Pharma Global Development Inc.,1 Astellas Way,,Northbrook,Illinois,' 60062 ' ,United States,383312.0
