Administration_route,Application_date,Application_year,Current_status,Dataset,Decision,Decision_date,Decision_year,Disease_class(es),Document_name,Drug_class,Drug_name,Indication_approved,Indication_approved_extracted,Indication_extended,Indication_requested,Indication_requested_extracted,Marketing_authorisation_holder,Marketing_authorisation_holder_extracted,Marketing_authorisation_number,Non_proprietary_name,Nonclinical_abridged,Orphan_drug_status,Pharmaceutical_form,Procedure_number,Referral_body,Agency
intravenous,31.03.2009,2009,authorised,japan,approved,26.02.2010,2010,diseases of the blood and blood-forming organs,000153009.pdf,biologics,soliris,reduction of hemolysis in patients with paroxysmal nocturnal hemoglobinuria,<paroxysmal nocturnal hemoglobinuria>,no,paroxysmal nocturnal hemoglobinuria,<paroxysmal nocturnal hemoglobinuria>,alexion pharma k.k.,alexion,,eculizumab,yes,yes,solution,,,PMDA
oral,29.02.2008,2008,authorised,japan,approved,29.01.2010,2010,mental and behavioural disorders,000153012.pdf,small molecule,rozerem,improvement of sleep-onset insomnia,<insomnia>,no,insomnia,<insomnia>,takeda pharmaceutical company limited,takeda,,ramelteon,no,no,tablet,,na,PMDA
intravenous,26.02.2008,2008,authorised,japan,approved,31.08.2009,2009,neoplasms; diseases of the blood and blood-forming organs,000153036.pdf,biologics,rasuritek,hyperuricemia associated with cancer chemotherapy,<hyperuricemia>,no,treatment and prophylaxis of acute hyperuricemia associated with the treatment of hematological malignancies,<hyperuricemia>; <hematologic neoplasms>,sanofi-aventis k.k.,sanofi-aventis,,rasburicase,no,no,injection,,na,PMDA
intravenous,26.04.2011,2011,authorised,japan,approved,01.02.2012,2012,neoplasms; diseases of the blood and blood-forming organs,000153052.pdf,biologics,poteligeo,relapsed or refractory ccr4-positive adult t-cell leukemia lymphoma,<adult t-cell leukemia-lymphoma>,no,recurrent/relapsed ccr4-positive adult t-cell leukemia lymphoma,<adult t-cell leukemia-lymphoma>,"kyowa hakko kirin co., ltd.",kyowa hakko kirin,,mogamulizumab,no,yes,solution,,na,PMDA
intravitreous,30.03.2007,2007,authorised,japan,approved,25.04.2008,2008,diseases of the eye and adnexa,000153104.pdf,peptides and proteins,macugen,subfoveal choroidal neovascularization secondary to age-related macular degeneration,<macular degeneration>,no,subfoveal choroidal neovascularization secondary to age-related macular degeneration,<choroidal neovascularization>; <macular degeneration>,pfizer japan inc.,pfizer,,pegaptanib sodium,no,yes,solution,,na,PMDA
oral,30.05.2006,2006,authorised,japan,approved,30.05.2007,2007,infectious and parasitic diseases; diseases of the respiratory system,000153135.pdf,small molecule,geninax,"laryngopharyngitis, tonsillitis, acute bronchitis, pneumonia, secondary infection of chronic respiratory disease, otitis media, sinusitis",<laryngopharyngitis>; <tonsillitis>; <bronchitis>; <pneumonia>; <respiratory tract infections>; <otitis media>; <sinusitis>,no,"laryngopharyngitis, tonsillitis, acute bronchitis, pneumonia, secondary infection of chronic respiratory disease, otitis media, sinusitis",<laryngopharyngitis>; <tonsillitis>; <bronchitis>; <pneumonia>; <respiratory tract infections>; <otitis media>; <sinusitis>,"toyama chemical co., ltd.",toyama,,garenoxacin mesilate hydrate,no,no,tablet,,na,PMDA
oral,28.07.2004,2004,authorised,japan,approved,27.04.2007,2007,diseases of the nervous system,000153173.pdf,small molecule,topina,concomitant therapy with other antiepileptic drugs for partial seizures (including secondary generalized seizures) in patients who fail to show satisfactory response to other antiepileptic drugs,<seizures>,no,concomitant therapy with other antiepileptic drugs for partial seizures (including secondary generalized seizures) in patients who fail to show satisfactory response to other antiepileptic drugs,<seizures>,"kyowa hakko kogyo co., ltd.",kyowa hakko kogyo,,topiramate,no,no,tablet,,na,PMDA
oral,10.12.2007,2007,authorised,japan,approved,24.07.2009,2009,"endocrine, nutritional, and metabolic diseases",000153174.pdf,small molecule,januvia,type 2 diabetes mellitus,<type 2 diabetes mellitus>,no,improvement of post-prandial hyperglycemia in type 2 diabetes mellitus,<type 2 diabetes mellitus>,"banyu pharmaceutical co., ltd.; ono pharmaceutical co., ltd.",banyu; ono,,sitagliptin,no,no,tablet,,na,PMDA
subcutaneous,14.07.2008,2008,authorised,japan,approved,27.11.2009,2009,"endocrine, nutritional, and metabolic diseases",000153180.pdf,peptides and proteins,victoza,type 2 diabetes mellitus,<type 2 diabetes mellitus>,no,type 2 diabetes mellitus,<type 2 diabetes mellitus>,novo nordisk pharma ltd.,novo nordisk,,liraglutide,no,no,solution,,na,PMDA
intramuscular,26.09.2007,2007,authorised,japan,approved,31.08.2009,2009,neoplasms; infectious and parasitic diseases,000153196.pdf,vaccine,cervarix,prevention of cervical cancer (squamous-cell carcinoma and adenocarcinoma) and its precursor lesions (cervical intraepithelial neoplasia [cin] grades 2 and 3) caused by infection with human papillomavirus (hpv) types 16 and 18.,<cervical cancer>; <cervical intraepithelial neoplasia>,no,prevention of cervical cancer (squamous-cell carcinoma and adenocarcinoma) and its precursor lesions (cervical intraepithelial neoplasia [cin] grades 2 and 3) caused by infection with human papillomavirus (hpv) types 16 and 18.,<cervical cancer>; <cervical intraepithelial neoplasia>,glaxosmithkline k.k.,glaxosmithkline,,recombinant adsorbed bivalent human papillomavirus-like particle vaccine,no,no,injection,,na,PMDA
subcutaneous,27.01.2012,2012,authorised,japan,approved,20.07.2012,2012,infectious and parasitic diseases,000153291.pdf,vaccine,quattrovac,"prevention of pertussis, diphtheria, tetanus, and acute poliomyelitis",<pertussis>; <diphtheria>; <tetanus>; <poliomyelitis>,no,"prevention of pertussis, diphtheria, tetanus, and acute poliomyelitis",<pertussis>; <diphtheria>; <tetanus>; <poliomyelitis>,the chemo-sero-therapeutic research institute (kaketsuken),kaketsuken,,adsorbed diphtheria-purified pertussis-tetanus-inactivated polio (sabin strain) combined vaccine,yes,no,suspension,,,PMDA
intravenous,18.09.2008,2008,authorised,japan,approved,23.04.2010,2010,diseases of the musculoskeletal system and connective tissue,000153322.pdf,biologics,orencia,rheumatoid arthritis (for use only in patients who have not adequately responded to conventional treatments),<rheumatoid arthritis>,no,rheumatoid arthritis (for use only in patients who have not adequately responded to conventional treatments),<rheumatoid arthritis>,bristol-myers k.k.,bristol-myers,,abatacept,no,no,lyophilisate,,na,PMDA
intravenous,30.06.2006,2006,authorised,japan,approved,31.01.2007,2007,"endocrine, nutritional, and metabolic diseases",000153325.pdf,biologics,myozyme,type ii glycogen storage disease,<glycogen storage disease type ii>,no,type ii glycogen storage disease,<glycogen storage disease type ii>,genzyme japan k.k.,genzyme,,alglucosidase alfa,no,yes,formulation,,na,PMDA
subcutaneous,27.07.2012,2012,authorised,japan,approved,08.03.2013,2013,"endocrine, nutritional, and metabolic diseases",000153334.pdf,peptides and proteins,metreleptin,lipodystrophy,<adiposity>,no,improvement of hyperglycemia and hypertriglyceridemia in lipodystrophy,<hyperglycemia>; <hypertriglyceridemia>; <lipodystrophy>,"shionogi & co., ltd.",shionogi,,metreleptin,yes,yes,solution,,,PMDA
subcutaneous,27.12.2011,2011,authorised,japan,approved,20.07.2012,2012,infectious and parasitic diseases,000153343.pdf,vaccine,tetrabik,"prevention of pertussis, diphtheria, tetanus, and acute poliomyelitis",<pertussis>; <diphtheria>; <tetanus>; <poliomyelitis>,no,"prevention of pertussis, diphtheria, tetanus, and acute poliomyelitis",<pertussis>; <diphtheria>; <tetanus>; <poliomyelitis>,the research foundation for microbial diseases of osaka university,osaka university,,adsorbed diphtheria-purified pertussis-tetanus-inactivated polio (sabin strain) combined vaccine,yes,no,suspension,,,PMDA
oral,08.08.2006,2006,authorised,japan,approved,27.08.2008,2008,neoplasms; diseases of the blood and blood-forming organs,000153348.pdf,small molecule,thaled,relapsed or refractory multiple myeloma,<multiple myeloma>,no,multiple myeloma (to be used only when conventional treatment is not sufficiently effective),<multiple myeloma>,fujimoto pharmaceutical corporation,fujimoto,,thalidomide,yes,yes,capsule,,,PMDA
oral,31.07.2012,2012,authorised,japan,approved,13.03.2013,2013,neoplasms; diseases of the digestive system,000153351.pdf,small molecule,stivarga,"incurable, unresectable, advanced/recurrent colorectal cancer",<colorectal neoplasms>,no,"incurable, unresectable, advanced/recurrent colorectal cancer",<colorectal neoplasms>,"bayer yakuhin, ltd.",bayer,,regorafenib,no,no,tablet,,na,PMDA
oral,31.10.2003,2003,authorised,japan,approved,31.01.2007,2007,"endocrine, nutritional, and metabolic diseases",000153400.pdf,small molecule,zetia,"hypercholesterolemia, familial hypercholesterolemia, homozygous sitosterolemia",<hypercholesterolemia>; <sitosterolemia>,no,"hypercholesterolemia, familial hypercholesterolemia, homozygous sitosterolemia",<hypercholesterolemia>; <sitosterolemia>,schering-plough k.k.,schering-plough,,ezetimibe,no,no,tablet,,na,PMDA
oral,29.09.2010,2010,authorised,japan,approved,07.02.2013,2013,diseases of the digestive system,000153467.pdf,small molecule,acofide,"postprandial fullness, upper abdominal bloating, and early satiation in patients with functional dyspepsia",<functional dyspepsia>,no,"functional dyspepsia (gastrointestinal symptoms such as postprandial fullness, upper abdominal bloating, and early satiation)",<functional dyspepsia>,"zeria pharmaceutical co., ltd.",zeria,,acotiamide,no,no,tablet,,na,PMDA
oral,05.07.2012,2012,authorised,japan,approved,13.03.2013,2013,neoplasms; diseases of the nervous system,000153482.pdf,small molecule,alabel,visualization of malignant tissue during surgical resection of malignant glioma,<glioma>,no,visualization of malignant tissue during surgical resection of malignant glioma,<glioma>,"nobelpharma co., ltd.; sbi pharmaceuticals co., ltd.","nobel  
sbi",,aminolevulinic acid hydrochloride,yes,yes,lyophilized preparation,,,PMDA
oral,28.11.2006,2006,authorised,japan,approved,27.10.2008,2008,diseases of the skin; diseases of the genitourinary system,000153525.pdf,small molecule,remitch,improvement of pruritus in hemodialysis patients (for use only when conventional treatments are not sufficiently effective),<pruritus>,no,improvement of intractable pruritus in hemodialysis patients,<pruritus>,"toray industries, inc.",toray,,nalfurafine hydrochloride,no,no,capsule,,na,PMDA
intravenous,20.12.2007,2007,authorised,japan,approved,21.10.2009,2009,other,000153538.pdf,small molecule,bridion,reversal of neuromuscular blockade induced by rocuronium bromide or vecuronium bromide,not reported,no,reversal of neuromuscular blockade induced by rocuronium bromide or vecuronium bromide,<neuromuscular blockade>,schering-plough k.k.,schering-plough,,sugammadex sodium,no,no,solution,,na,PMDA
oral,13.12.2011,2011,authorised,japan,approved,06.09.2012,2012,neoplasms,000153553.pdf,small molecule,votrient,soft tissue sarcoma,<soft tissue neoplasms>,yes,advanced soft tissue sarcoma,<soft tissue neoplasms>,glaxosmithkline k.k.,glaxosmithkline,,pazopanib hydrochloride,no,yes,tablet,,na,PMDA
oral,26.08.2011,2011,authorised,japan,approved,27.04.2012,2012,"endocrine, nutritional, and metabolic diseases",000153594.pdf,small molecule,tenelia,type 2 diabetes mellitus,<type 2 diabetes mellitus>,no,type 2 diabetes mellitus,<type 2 diabetes mellitus>,mitsubishi tanabe pharma corporation,mitsubishi tanabe,,teneligliptin hydrobromide hydrate,no,no,tablet,,na,PMDA
oral,01.12.2011,2011,authorised,japan,approved,13.03.2013,2013,diseases of the musculoskeletal system and connective tissue,000153609.pdf,small molecule,xeljanz,rheumatoid arthritis in patients who have not adequately responded to conventional treatments,<rheumatoid arthritis>,no,rheumatoid arthritis in patients who have not adequately responded to conventional treatments,<rheumatoid arthritis>,pfizer japan inc.,pfizer,,tofacitinib citrate,no,no,tablet,,na,PMDA
oral,26.06.2012,2012,authorised,japan,approved,26.04.2013,2013,"endocrine, nutritional, and metabolic diseases",000153624.pdf,small molecule,topiloric,"gout, hyperuricaemia",<gout>; <hyperuricemia>,no,"gout, hyperuricaemia",<gout>; <hyperuricemia>,"fujiyakuhin co., ltd.; sanwa kagaku kenkyusho co., ltd.",fujiyakuhin; sanwa kagaku kenkyusho,,topiroxostat,no,no,tablet,,na,PMDA
intravenous,30.10.2009,2009,authorised,japan,approved,26.12.2009,2009,infectious and parasitic diseases,000153628.pdf,small molecule,rapiacta,influenza a or b virus infection,<influenza>,no,influenza a or b virus infection,<influenza>,"shionogi & co., ltd.",shionogi,,peramivir,no,no,solution,,na,PMDA
oral,21.12.2007,2007,authorised,japan,approved,27.02.2009,2009,mental and behavioural disorders,000153638.pdf,small molecule,clozaril,treatment-resistant schizophrenia,<schizophrenia>,no,treatment-resistant schizophrenia,<schizophrenia>,novartis pharma k.k.,novartis,,clozapine,yes,no,tablet,,,PMDA
intramuscular; subcutaneous,30.01.2007,2007,authorised,japan,approved,31.08.2007,2007,infectious and parasitic diseases; diseases of the respiratory system,000153640.pdf,vaccine,adsorbed influenza vaccine,prophylaxis of pandemic influenza (h5n1),<influenza>,no,prophylaxis of pandemic influenza (h5n1),<influenza>,the research foundation for microbial diseases of osaka university,osaka university,,adsorbed influenza vaccine,yes,yes,suspension,,,PMDA
subcutaneous,22.12.2011,2011,authorised,japan,approved,31.08.2012,2012,"endocrine, nutritional, and metabolic diseases",000153683.pdf,peptides and proteins,tresiba,diabetes mellitus where treatment with insulin is required,<diabetes mellitus>,no,diabetes mellitus where treatment with insulin is required,<diabetes mellitus>,novo nordisk pharma ltd.,novo nordisk,,insulin degludec,no,no,solution,,na,PMDA
oral,12.03.2007,2007,authorised,japan,approved,29.08.2008,2008,diseases of the respiratory system,000153687.pdf,small molecule,pirespa,idiopathic pulmonary fibrosis,<idiopathic pulmonary fibrosis>,no,idiopathic pulmonary fibrosis,<idiopathic pulmonary fibrosis>,"shionogi & co., ltd.",shionogi,,pirfenidone,no,yes,tablet,,na,PMDA
oral,12.03.2008,2008,authorised,japan,approved,30.04.2008,2008,infectious and parasitic diseases,000153689.pdf,small molecule,isentress,hiv infection,<hiv infections>,no,hiv-1 infection,<human immunodeficiency virus>,"banyu pharmaceutical co., ltd.",banyu,,raltegravir potassium,no,yes,tablet,,na,PMDA
intravenous,28.04.2006,2006,authorised,japan,approved,30.01.2008,2008,diseases of the musculoskeletal system and connective tissue; neoplasms,000153709.pdf,biologics,actemra,rheumatoid arthritis; polyarticular-course juvenile idiopathic arthritis; systemic juvenile idiopathic arthritis; castleman's disease,"<rheumatoid arthritis>; <arthritis, juvenile>; <castleman disease>",yes,rheumatoid arthritis; polyarticular-course juvenile idiopathic arthritis; systemic juvenile idiopathic arthritis,"<rheumatoid arthritis>; <arthritis, juvenile>","chugai pharmaceutical co., ltd.",chugai,,tocilizumab,no,no,concentrate,,na,PMDA
subcutaneous,09.03.2012,2012,authorised,japan,approved,30.11.2012,2012,"endocrine, nutritional, and metabolic diseases",000153726.pdf,peptides and proteins,ryzodeg,diabetes mellitus where treatment with insulin is required,<diabetes mellitus>,no,diabetes mellitus where treatment with insulin is required,<diabetes mellitus>,novo nordisk pharma ltd.,novo nordisk,,insulin degludec/insulin aspart,no,no,solution,,na,PMDA
intravenous,29.01.2013,2013,authorised,japan,approved,26.08.2013,2013,neoplasms,000153735.pdf,biologics,kadcyla,her2-positive inoperable or recurrent breast cancer,<breast neoplasms>,no,her2-positive inoperable or recurrent breast cancer,<breast neoplasms>,"chugai pharmaceutical co., ltd.",chugai,,trastuzumab emtansine,no,no,lyophilisate,,na,PMDA
subcutaneous,21.01.2010,2010,authorised,japan,approved,29.11.2010,2010,diseases of the skin; diseases of the musculoskeletal system and connective tissue,000153747.pdf,biologics,stelara,psoriasis vulgaris and psoriatic arthritis in patients who have had an inadequate response to conventional therapy,"<psoriasis>; <arthritis, psoriatic>",no,moderate to severe psoriasis vulgaris; psoriatic arthritis with moderate to severe plaque psoriasis,"<psoriasis>; <arthritis, psoriatic>",janssen pharmaceutical k.k.,janssen,,ustekinumab,no,no,solution,,na,PMDA
oral,13.02.2013,2013,authorised,japan,approved,22.08.2013,2013,diseases of the nervous system,000153750.pdf,small molecule,vyndaqel,delay of peripheral neurologic impairment in patients with transthyretin familial amyloid polyneuropathy,<polyneuropathies>,no,delay of peripheral neurologic impairment in patients with transthyretin familial amyloid polyneuropathy,<polyneuropathies>,pfizer japan inc.,pfizer,,tafamidis meglumine,no,yes,capsule,,na,PMDA
intramuscular; subcutaneous,30.01.2007,2007,authorised,japan,approved,31.08.2007,2007,infectious and parasitic diseases,000153773.pdf,vaccine,adsorbed influenza vaccine (h5n1) “hokken”,prophylaxis of pandemic influenza (h5n1),<influenza>,no,prophylaxis of pandemic influenza (h5n1),<influenza>,the kitasato institute,kitasato,,adsorbed influenza vaccine (h5n1),yes,yes,suspension,,,PMDA
oral,29.02.2008,2008,authorised,japan,approved,29.05.2009,2009,diseases of the circulatory system,000153807.pdf,small molecule,rasilez,hypertension,<hypertension>,no,hypertension,<hypertension>,novartis pharma k.k.,novartis,,aliskiren,no,no,tablet,,na,PMDA
oral,30.03.2012,2012,authorised,japan,approved,08.03.2013,2013,diseases of the nervous system,000153870.pdf,small molecule,nouriast,improvement of the “wearing-off” phenomenon in patients with parkinson’s disease on levodopa-containing preparations,<parkinson disease>,no,patients with parkinson’s disease on levodopa-containing preparations with motor complications,<parkinson disease>,"kyowa hakko kirin co., ltd.",kyowa hakko kirin,,istradefylline,no,no,tablet,,na,PMDA
subcutaneous,11.06.2012,2012,authorised,japan,approved,24.05.2013,2013,"endocrine, nutritional, and metabolic diseases",000153885.pdf,peptides and proteins,lyxumia,type 2 diabetes mellitus,<type 2 diabetes mellitus>,no,type 2 diabetes mellitus,<type 2 diabetes mellitus>,sanofi k.k.,sanofi,,lixisenatide,no,no,solution,,na,PMDA
inhalation,25.11.2011,2011,authorised,japan,approved,06.09.2012,2012,diseases of the respiratory system,000153897.pdf,small molecule,seebri,relief of symptoms of airway obstruction in patients with chronic obstructive pulmonary disease (chronic bronchitis and emphysema),<chronic obstructive pulmonary disease>,no,relief of symptoms of airway obstruction in patients with chronic obstructive pulmonary disease (chronic bronchitis and emphysema),<chronic obstructive pulmonary disease>,novartis pharma k.k.,novartis,,glycopyrronium bromide,no,no,capsule,,na,PMDA
subcutaneous,31.05.2006,2006,authorised,japan,approved,27.10.2008,2008,diseases of the respiratory system,000153931.pdf,biologics,xolair,bronchial asthma (only for refractory patients whose asthma symptoms are not controlled by conventional therapies),<bronchial asthma>,no,bronchial asthma (only for patients who respond inadequately to conventional therapies),<bronchial asthma>,novartis pharma k.k.,novartis,,omalizumab,no,no,lyophilisate,,na,PMDA
oral,31.03.2011,2011,authorised,japan,approved,29.02.2012,2012,neoplasms; diseases of the respiratory system,000153949.pdf,small molecule,xalkori,"alk-positive, unresectable, advanced or relapsed non-small-cell lung cancer",<non-small-cell lung carcinoma>,no,alk-positive advanced non-small-cell lung cancer,<lung neoplasms>,pfizer japan inc.,pfizer,,crizotinib,no,yes,capsule,,na,PMDA
ocular,30.05.2008,2008,authorised,japan,approved,26.02.2010,2010,diseases of the eye and adnexa,000153954.pdf,small molecule,moistear,dry eye,<dry eye syndromes>,no,corneal and conjunctival epithelial damage associated with dry eye (including sjogren’s syndrome and stevens-johnson syndrome),<corneal diseases>; <conjunctival diseases>; <dry eye syndromes>; <sjögren's syndrome>; <stevens-johnson syndrome>,"santen pharmaceutical co., ltd.",santen,,diquafosol sodium,no,no,solution,,na,PMDA
intravenous,27.12.2012,2012,authorised,japan,approved,18.11.2013,2013,diseases of the blood and blood-forming organs,000203945.pdf,biologics,novoeight,control of bleeding tendency in patients with blood coagulation factor viii deficiency,<blood coagulation disorders>,no,control of bleeding tendency in patients with haemophilia a (congenital blood coagulation factor viii deficiency),<hemophilia a>,novo nordisk pharma ltd.,novo nordisk,,turoctocog alfa,no,no,lyophilisate,,na,PMDA
oral,18.06.2010,2010,authorised,japan,approved,01.06.2011,2011,diseases of the genitourinary system,000204240.pdf,small molecule,betanis,"urgency, urinary frequency, and urge urinary incontinence in patients with overactive bladder",<overactive bladder>,no,"urgency, urinary frequency, and urge urinary incontinence in patients with overactive bladder",<overactive urinary bladder>,astellas pharma inc.,astellas,,mirabegron,no,no,tablet,,na,PMDA
sublingual,25.12.2012,2012,authorised,japan,approved,18.11.2013,2013,diseases of the respiratory system,000204241.pdf,other,cedartolen,japanese cedar pollinosis (hyposensitization therapy),<allergic rhinitis>,no,japanese cedar pollinosis (allergen immunotherapy),<allergic rhinitis>,"torii pharmaceutical co., ltd.",torii,,none,yes,no,sublingual drop,,,PMDA
oral,06.12.2012,2012,authorised,japan,approved,13.03.2013,2013,infectious and parasitic diseases,000205730.pdf,small molecule,stribild,hiv-1 infection,<acquired immunodeficiency syndrome>,no,hiv-1 infection,<hiv infections>,japan tobacco inc.,japan tobacco,,elvitegravir/cobicistat/emtricitabine/tenofovir disoproxil fumarate,no,yes,tablet,,na,PMDA
oral,13.03.2013,2013,authorised,japan,approved,29.11.2013,2013,"endocrine, nutritional, and metabolic diseases",000206796.pdf,small molecule,suglat,type 2 diabetes mellitus,<type 2 diabetes mellitus>,no,type 2 diabetes mellitus,<type 2 diabetes mellitus>,astellas pharma inc.,astellas,,ipragliflozin,no,no,tablet,,na,PMDA
oral,17.05.2013,2013,authorised,japan,approved,29.11.2013,2013,diseases of the circulatory system,000207309.pdf,small molecule,adempas,inoperable chronic thromboembolic pulmonary hypertension (cteph) or postoperative persistent or recurrent cteph,"<hypertension, pulmonary>",no,inoperable chronic thromboembolic pulmonary hypertension (cteph) or postoperative persistent or recurrent cteph,"<hypertension, pulmonary>","bayer yakuhin, ltd.",bayer,,riociguat,no,yes,tablet,,na,PMDA
oral,04.03.2010,2010,authorised,japan,approved,24.11.2010,2010,diseases of the circulatory system,000207341.pdf,small molecule,pradaxa,reduction in the risk of ischaemic stroke and systemic embolism in patients with non-valvular atrial fibrillation,<ischemic stroke>; <embolism>,no,reduction in the risk of stroke and systemic embolism in patients with atrial fibrillation,<stroke>; <embolism>; <atrial fibrillation>,"nippon boehringer ingelheim co., ltd.",boehringer ingelheim,,dabigatran etexilate methanesulfonate,no,no,capsule,,na,PMDA
oral,05.02.2010,2010,authorised,japan,approved,24.11.2010,2010,diseases of the nervous system,000207435.pdf,small molecule,memary,control of the progression of dementia symptoms in patients with moderate to severe alzheimer’s disease,<alzheimer disease>,no,control of the progression of dementia symptoms in moderate to severe alzheimer’s disease,<alzheimer disease>,"daiichi sankyo company, limited",daiichi sankyo,,memantine hydrochloride,no,no,tablet,,na,PMDA
subcutaneous,28.04.2009,2009,authorised,japan,approved,23.04.2010,2010,diseases of the musculoskeletal system and connective tissue,000207926.pdf,peptides and proteins,forteo,treatment of patients with osteoporosis at high risk for fracture,<osteoporosis>,no,treatment of patients with osteoporosis at high risk for fracture,<osteoporosis>,eli lilly japan k.k.,eli lilly,,teriparatide,no,no,solution,,na,PMDA
oral,26.02.2013,2013,authorised,japan,approved,03.02.2014,2014,neoplasms; diseases of the digestive system,000207987.pdf,small molecule,lonsurf,unresectable advanced or recurrent colorectal cancer,<colorectal neoplasms>,no,unresectable advanced or recurrent colorectal cancer,<colorectal neoplasms>,"taiho pharmaceutical co., ltd.",taiho,,trifluridine and tipiracil hydrochloride,no,no,tablet,,na,PMDA
oral,30.05.2013,2013,authorised,japan,approved,24.02.2014,2014,diseases of the genitourinary system,000208511.pdf,small molecule,samsca,slowing of the progression of autosomal dominant polycystic kidney disease,<polycystic kidney diseases>,yes,slowing of the progression of autosomal dominant polycystic kidney disease,<polycystic kidney diseases>,"otsuka pharmaceutical co., ltd.",otsuka,,tolvaptan,yes,yes,tablet,,,PMDA
oral,30.09.2009,2009,authorised,japan,approved,26.08.2010,2010,diseases of the blood and blood-forming organs,000208512.pdf,small molecule,revolade,chronic idiopathic thrombocytopenic purpura,"<thrombocytopenic purpura, idiopathic>",no,idiopathic thrombocytopenic purpura,"<thrombocytopenic purpura, idiopathic>",glaxosmithkline k.k.,glaxosmithkline,,eltrombopag,no,yes,tablet,,na,PMDA
oral,21.12.2011,2011,authorised,japan,approved,30.11.2012,2012,diseases of the circulatory system,000208682.pdf,small molecule,eliquis,reduction of the risk of ischemic stroke and systemic embolism in patients with nonvalvular atrial fibrillation,<ischemic stroke>; <embolism>; <atrial fibrillation>,no,reduction of the risk of stroke and systemic embolism in patients with nonvalvular atrial fibrillation,<stroke>; <embolism>; <atrial fibrillation>,bristol-myers k.k.,bristol-myers,,apixaban,no,no,tablet,,na,PMDA
oral,07.10.2013,2013,authorised,japan,approved,26.05.2014,2014,neoplasms; diseases of the respiratory system,000208811.pdf,small molecule,alecensa,"alk fusion gene-positive, unresectable, recurrent or advanced non-small cell lung cancer",<non-small cell lung cancer>,no,"alk fusion gene-positive, unresectable, recurrent or advanced non-small cell lung cancer",<non-small cell lung carcinoma>,"chugai pharmaceutical co., ltd.",chugai,,alectinib hydrochloride,no,yes,capsule,,na,PMDA
oral,27.03.2013,2013,authorised,japan,approved,10.01.2014,2014,diseases of the circulatory system; diseases of the digestive system,000208812.pdf,small molecule,takelda,"reduction of the risk of thrombosis and embolism in patients with a history of gastric or duodenal ulcers who have angina pectoris, myocardial infarction, ischemic cerebrovascular diseases, or who underwent cabg or ptca",<thrombosis>; <embolism>; <gastric ulcer>; <duodenal ulcer>; <angina pectoris>; <myocardial infarction>; <ischemic cerebrovascular disorders>,yes,"reduction of the risk of thrombosis and embolism and prevention of recurrent gastric or duodenal ulcers associated with low-dose aspirin in patients with angina pectoris, myocardial infarction, ischemic cerebrovascular diseases, or who underwent cabg or ptca",<thrombosis>; <embolism>; <gastric ulcer>; <duodenal ulcer>; <angina pectoris>; <myocardial infarction>; <ischemic cerebrovascular disorders>,takeda pharmaceutical company limited,takeda,,aspirin/lansoprazole,yes,no,tablet,,,PMDA
inhalation,22.04.2013,2013,authorised,japan,approved,30.04.2014,2014,diseases of the respiratory system,000208866.pdf,small molecule,anoro ellipta,relief of symptoms of obstructive airway disorder due to chronic obstructive pulmonary disease (chronic bronchitis and pulmonary emphysema),<chronic obstructive pulmonary disease>,no,relief of symptoms of obstructive airway disorder due to chronic obstructive pulmonary disease (chronic bronchitis and pulmonary emphysema),<chronic obstructive pulmonary disease>,glaxosmithkline k.k.,glaxosmithkline,,umeclidinium bromide/ vilanterol trifenatate,no,no,powder,,na,PMDA
oral,29.10.2013,2013,authorised,japan,approved,26.06.2014,2014,infectious and parasitic diseases,000209021.pdf,small molecule,daklinza,improvement of viraemia in patients with chronic hepatitis c serogroup 1 or with compensated cirrhosis,<chronic hepatitis c>; <cirrhosis>,no,improvement of viraemia in patients with chronic hepatitis c serogroup 1 or with compensated cirrhosis,<chronic hepatitis c>; <cirrhosis>,bristol-myers k.k.,bristol-myers,,daclatasvir,no,no,tablet,,na,PMDA
oral,29.10.2013,2013,authorised,japan,approved,26.06.2014,2014,infectious and parasitic diseases,000209023.pdf,small molecule,sunvepra,"improvement of viraemia in patients with chronic hepatitis c serogroup 1 (genotype 1), or chronic hepatitis c serogroup 1 with compensated cirrhosis",<chronic hepatitis c>; <cirrhosis>,no,"improvement of viraemia in patients with chronic hepatitis c serogroup 1 (genotype 1), or chronic hepatitis c serogroup 1 with compensated cirrhosis",<chronic hepatitis c>; <liver cirrhosis>,bristol-myers k.k.,bristol-myers,,asunaprevir,no,no,capsule,,na,PMDA
oral,27.03.2013,2013,authorised,japan,approved,30.04.2014,2014,infectious and parasitic diseases,000209024.pdf,small molecule,deltyba,multidrug-resistant pulmonary tuberculosis,<pulmonary tuberculosis>,no,multidrug-resistant pulmonary tuberculosis,<pulmonary tuberculosis>,"otsuka pharmaceutical co., ltd.",otsuka,,delamanid,no,yes,tablet,,na,PMDA
oral,05.12.2013,2013,authorised,japan,approved,28.02.2014,2014,infectious and parasitic diseases,000209096.pdf,small molecule,tivicay,hiv infectious disease,<acquired immunodeficiency syndrome>,no,hiv infectious disease,<acquired immunodeficiency syndrome>,viiv healthcare k.k.,viiv,,dolutegravir sodium,no,yes,tablet,,na,PMDA
intravenous,24.12.2013,2013,authorised,japan,approved,26.06.2014,2014,neoplasms,000209430.pdf,biologics,opdivo,treatment of unresectable malignant melanoma,<melanoma>,no,malignant melanoma,<melanoma>,"ono pharmaceutical co., ltd.",ono,,nivolumab,no,yes,injection,,na,PMDA
oral,25.12.2013,2013,authorised,japan,approved,29.10.2014,2014,"endocrine, nutritional, and metabolic diseases",000209718.pdf,small molecule,orfadin,tyrosinemia type i,<tyrosinemias>,no,tyrosinemia type i,"<tyrosinemia, type i>",astellas pharma inc.,astellas,,nitisinone,no,,capsule,,na,PMDA
intravenous,26.12.2013,2013,authorised,japan,approved,01.08.2014,2014,diseases of the blood and blood-forming organs; diseases of the genitourinary system; neoplasms,000209810.pdf,biologics,rituxan,cd20-positive b-cell non-hodgkin’s lymphoma; cd20-positive b-cell lymphoproliferative disorder associated with immunosuppression; wegener’s granulomatosis and microscopic polyangiitis; refractory nephrotic syndrome (frequently relapsing or steroid-dependent); premedication for indium (111in) ibritumomab tiuxetan (genetical recombination) injection and yttrium (90y) ibritumomab tiuxetan (genetical recombination) injection,<non-hodgkin lymphoma>; <lymphoproliferative disorders>; <granulomatosis with polyangiitis>; <microscopic polyangiitis>; <nephrotic syndrome>,yes,refractory nephrotic syndrome (frequently relapsing or steroid-dependent),<nephrotic syndrome>,"zenyaku kogyo co., ltd.",zenyaku kogyo,,rituximab,yes,yes,injection,,,PMDA
oral,21.10.2013,2013,authorised,japan,approved,26.05.2014,2014,diseases of the respiratory system,000209869.pdf,small molecule,rapalimus,lymphangioleiomyomatosis,<lymphangioleiomyomatosis>,no,lymphangioleiomyomatosis,<lymphangioleiomyomatosis>,"nobelpharma co., ltd.",nobel,,sirolimus,yes,yes,tablet,,,PMDA
subcutaneous,20.02.2013,2013,authorised,japan,approved,26.06.2014,2014,infectious and parasitic diseases,000210040.pdf,vaccine,squarekids,"prevention of pertussis, diphtheria, tetanus, and acute poliomyelitis",<pertussis>; <diphtheria>; <tetanus>; <poliomyelitis>,no,"prevention of pertussis, diphtheria, tetanus, and acute poliomyelitis",<pertussis>; <diphtheria>; <tetanus>; <poliomyelitis>,"kitasato daiichi sankyo vaccine co., ltd.",kitasato daiichi sankyo,,adsorbed diphtheria-purified pertussis-tetanus-inactivated polio (salk vaccine) combined vaccine,no,no,injection,,na,PMDA
subcutaneous,24.12.2013,2013,authorised,japan,approved,10.10.2014,2014,"endocrine, nutritional, and metabolic diseases",000210092.pdf,peptides and proteins,insulin glargine bs,treatment of diabetes mellitus where treatment with insulin is required,<diabetes mellitus>,no,treatment of diabetes mellitus where treatment with insulin is required,<diabetes mellitus>,eli lilly japan k.k.,eli lilly,,insulin glargine,no,no,solution,,na,PMDA
oral,15.03.2013,2013,authorised,japan,approved,24.01.2014,2014,"endocrine, nutritional, and metabolic diseases",000210230.pdf,small molecule,forxiga,type 2 diabetes mellitus,<type 2 diabetes mellitus>,no,type 2 diabetes mellitus,<type 2 diabetes mellitus>,bristol-myers k.k.,bristol-myers,,dapagliflozin,no,no,tablet,,na,PMDA
oral,26.06.2014,2014,authorised,japan,approved,21.01.2015,2015,"neoplasms; endocrine, nutritional, and metabolic diseases",000210264.pdf,small molecule,lenvima,unresectable thyroid cancer,<thyroid neoplasms>,no,thyroid cancer,<thyroid neoplasms>,"eisai co., ltd.",eisai,,lenvatinib mesilate,no,yes,capsule,,na,PMDA
oral,30.03.2011,2011,authorised,japan,approved,03.02.2014,2014,infectious and parasitic diseases,000210319.pdf,small molecule,avigan,treatment of novel or re-emerging pandemic influenza virus infections (limited to cases in which other influenza antiviral drugs are ineffective or not sufficiently effective),<influenza>,no,influenza a or b virus infection,<influenza>,"toyama chemical co., ltd.",toyama,,favipiravir,no,no,tablet,,na,PMDA
oral,30.11.2012,2012,authorised,japan,approved,18.11.2013,2013,neoplasms; diseases of the respiratory system,000210320.pdf,small molecule,giotrif,egfr mutation-positive inoperable or recurrent non-small cell lung cancer,<non-small cell lung carcinoma>,no,egfr mutation-positive inoperable or recurrent non-small cell lung cancer,<non-small cell lung carcinoma>,"nippon boehringer ingelheim co., ltd.",boehringer ingelheim,,afatinib maleate,no,no,tablet,,na,PMDA
oral,27.06.2014,2014,authorised,japan,approved,05.03.2015,2015,infectious and parasitic diseases,000210796.pdf,small molecule,sovaldi,suppression of viremia in serogroup 2 (genotype 2) chronic hepatitis c patients with or without compensated cirrhosis,<chronic hepatitis c>; <liver cirrhosis>,no,suppression of viremia in serogroup 2 (genotype 2) chronic hepatitis c patients with or without compensated cirrhosis,<chronic hepatitis c>; <liver cirrhosis>,gilead sciences k.k.,gilead,,sofosbuvir,no,no,tablet,,na,PMDA
oral,18.09.2014,2014,authorised,japan,approved,05.03.2015,2015,infectious and parasitic diseases,000210800.pdf,small molecule,copegus,suppression of viremia in chronic hepatitis c patients with or without compensated cirrhosis in combination with peginterferon alfa-2a or sofosbuvir,<chronic hepatitis c>; <liver cirrhosis>,yes,suppression of viremia in chronic hepatitis c patients,<chronic hepatitis c>,"chugai pharmaceutical co., ltd.",chugai,,ribavirin,yes,no,tablet,,,PMDA
cutaneous,23.10.2012,2012,authorised,japan,approved,30.04.2014,2014,infectious and parasitic diseases; diseases of the skin,000211073.pdf,small molecule,clenafin,tinea unguium,<tinea unguium>,no,onychomycosis,<onychomycosis>,"kaken pharmaceutical co., ltd.",kaken,,efinaconazole,no,no,solution,,na,PMDA
oral,25.10.2013,2013,authorised,japan,approved,21.11.2014,2014,diseases of the digestive system,000211074.pdf,small molecule,nopicor,alleviation of pruritus in patients with chronic hepatic disease (only when the patient’s response to conventional treatments is inadequate),<pruritus>,yes,alleviation of pruritus in patients with chronic hepatic disease (only when the patient’s response to conventional treatments is inadequate),<pruritus>; <liver diseases>,"toray medical co., ltd.",toray,,nalfurafine hydrochloride,no,no,capsule,,na,PMDA
oral,28.02.2014,2014,authorised,japan,approved,21.11.2014,2014,diseases of the digestive system; neoplasms; diseases of the blood and blood-forming organs; infectious and parasitic diseases,000211075.pdf,small molecule,takecab,"treatment of gastric ulcer, duodenal ulcer, or reflux esophagitis; prevention of recurrent gastric or duodenal ulcer associated with low-dose aspirin administration; and prevention of recurrent gastric or duodenal ulcer associated with non-steroidal anti-inflammatory drug administration; adjunct therapy to helicobacter pylori eradication in gastric or duodenal ulcer, gastric mucosa-associated lymphatic tissue (malt) lymphoma, idiopathic thrombocytopenic purpura, the stomach after endoscopic resection of early stage gastric cancer, or helicobacter pylori gastritis",<gastric ulcer>; <duodenal ulcer>; <reflux esophagitis>; <gastric mucosa-associated lymphoid tissue lymphoma>; <idiopathic thrombocytopenic purpura>; <gastric cancer>; <helicobacter pylori gastritis>,no,"treatment of gastric ulcer, duodenal ulcer, or reflux esophagitis; prevention of recurrent gastric or duodenal ulcer associated with low-dose aspirin administration; and prevention of recurrent gastric or duodenal ulcer associated with non-steroidal anti-inflammatory drug administration; adjunct therapy to helicobacter pylori eradication in gastric or duodenal ulcer, gastric mucosa-associated lymphatic tissue (malt) lymphoma, idiopathic thrombocytopenic purpura, the stomach after endoscopic resection of early stage gastric cancer, or helicobacter pylori gastritis",<gastric ulcer>; <duodenal ulcer>; <reflux esophagitis>; <gastric mucosa-associated lymphoid tissue lymphoma>; <idiopathic thrombocytopenic purpura>; <gastric cancer>; <helicobacter pylori gastritis>,takeda pharmaceutical company limited,takeda,,vonoprazan fumarate,no,no,tablet,,na,PMDA
inhalation,29.01.2010,2010,authorised,japan,approved,29.07.2010,2010,infectious and parasitic diseases,000211260.pdf,small molecule,inavir,treatment of influenza a or b virus infection,<influenza>,no,treatment of influenza a or b virus infection,<influenza>,"daiichi sankyo company, limited",daiichi sankyo,,laninamivir octanoate hydrate,no,no,powder,,na,PMDA
inhalation,15.11.2012,2012,authorised,japan,approved,18.11.2013,2013,infectious and parasitic diseases,000211431.pdf,small molecule,inavir,treatment and prophylaxis of influenza a or b virus infection,<influenza>,yes,treatment and prophylaxis of influenza a or b virus infection,<influenza>,"daiichi sankyo company, limited",daiichi sankyo,,laninamivir octanoate hydrate,yes,no,powder,,,PMDA
intravenous,29.10.2014,2014,authorised,japan,approved,05.06.2015,2015,diseases of the nervous system,000212453.pdf,small molecule,radicut,"improvement of neurological symptoms, disability in activities of daily living, and functional impairment associated with acute ischemic stroke; slowing of progression of functional impairment in patients with amyotrophic lateral sclerosis (als)",<stroke; amyotrophic lateral sclerosis>,yes,"improvement of neurological symptoms, disability in activities of daily living, and functional impairment associated with acute ischemic stroke; treatment of amyotrophic lateral sclerosis (als)","<stroke, ischemic>; <amyotrophic lateral sclerosis>",mitsubishi tanabe pharma corporation,mitsubishi tanabe,,edaravone,yes,yes,injection,,,PMDA
oral,26.09.2014,2014,authorised,japan,approved,28.05.2015,2015,neoplasms; diseases of the blood and blood-forming organs,000212785.pdf,small molecule,farydak,relapsed or refractory multiple myeloma,<multiple myeloma>,no,relapsed or refractory multiple myeloma,<multiple myeloma>,novartis pharma k.k.,novartis,,panobinostat,no,yes,capsule,,na,PMDA
sublingual,24.04.2014,2014,authorised,japan,approved,21.01.2015,2015,diseases of the respiratory system,000213143.pdf,other,actair,desensitization therapy for house dust mite antigen-induced allergic rhinitis,"<rhinitis, allergic, perennial>",no,house dust mite antigen-induced allergic rhinitis,<allergic rhinitis>,"shionogi & co., ltd.",shionogi,,none,yes,no,tablet,,,PMDA
intravenous,29.08.2014,2014,authorised,japan,approved,05.03.2015,2015,diseases of the blood and blood-forming organs,000213204.pdf,peptides and proteins,novothirteen,control of bleeding tendency in patients with congenital blood coagulation factor xiii a-subunit deficiency,<blood coagulation disorders>,no,control of bleeding tendency in patients with congenital blood coagulation factor xiii a-subunit deficiency,<blood coagulation disorders>,novo nordisk pharma ltd.,novo nordisk,,catridecacog,no,yes,lyophilisate,,na,PMDA
intramuscular,30.09.2014,2014,authorised,japan,approved,26.02.2015,2015,infectious and parasitic diseases; diseases of the respiratory system,000213511.pdf,vaccine,emulsion-adjuvanted cell-culture derived influenza ha vaccine,prophylaxis of pandemic influenza,<influenza>,no,prophylaxis of pandemic influenza,<influenza>,the chemo-sero-therapeutic research institute (kaketsuken),chemo-sero-therapeutic research institute,,emulsion-adjuvanted cell-culture derived influenza ha vaccine,yes,yes,emulsion,,,PMDA
oral,18.06.2013,2013,authorised,japan,approved,24.02.2014,2014,diseases of the circulatory system,000213561.pdf,small molecule,efient,"the following ischemic heart diseases in patients who are to be managed with pci: acute coronary syndrome (unstable angina, non-st segment elevation myocardial infarction, or st segment elevation myocardial infarction); stable angina pectoris or old myocardial infarction",<coronary artery disease>; <acute coronary syndrome>; <unstable angina>; <myocardial infarction>; <angina pectoris>,no,reduction of thrombotic events in patients with ischemic heart diseases managed with pci,<ischemic heart disease>,"daiichi sankyo company, limited",daiichi sankyo,,prasugrel hydrochloride,no,no,tablet,,na,PMDA
intravenous,30.10.2014,2014,authorised,japan,approved,03.08.2015,2015,diseases of the musculoskeletal system and connective tissue; diseases of the eye and adnexa; diseases of the skin; diseases of the digestive system; diseases of the circulatory system,000213562.pdf,biologics,remicade,"treatment of the following diseases in patients who had an inadequate response to conventional therapies: rheumatoid arthritis, refractory uveoretinitis associated with behcet's disease, plaque psoriasis, psoriatic arthritis, pustular psoriasis, erythrodermic psoriasis, ankylosing spondylitis, intestinal-behcet's disease, neuro-behcet's disease, vasculo-behcet's disease, treatment and maintenance therapy of crohn's disease, treatment of moderate to severe ulcerative colitis",<rheumatoid arthritis>; <uveitis>; <behcet syndrome>; <psoriasis>; <psoriatic arthritis>; <ankylosing spondylitis>; <crohn disease>; <ulcerative colitis>,yes,"treatment of the following diseases in patients who had an inadequate response to conventional therapies: rheumatoid arthritis, refractory uveoretinitis associated with behcet's disease, plaque psoriasis, psoriatic arthritis, pustular psoriasis, erythrodermic psoriasis, ankylosing spondylitis, intestinal-behcet's disease, neuro-behcet's disease, vasculo-behcet's disease, treatment and maintenance therapy of crohn's disease, treatment of moderate to severe ulcerative colitis",<rheumatoid arthritis>; <uveitis>; <behcet syndrome>; <psoriasis>; <psoriatic arthritis>; <ankylosing spondylitis>; <crohn disease>; <ulcerative colitis>,mitsubishi tanabe pharma corporation,mitsubishi tanabe,,infliximab,yes,yes,powder,,,PMDA
subcutaneous,15.10.2014,2014,authorised,japan,approved,05.06.2015,2015,"endocrine, nutritional, and metabolic diseases",000213563.pdf,biologics,strensiq,hypophosphatasia,<hypophosphatasia>,no,hypophosphatasia,<hypophosphatasia>,alexion pharma g.k.,alexion,,asfotase alfa,no,yes,injection,,na,PMDA
oral,07.03.2014,2014,authorised,japan,approved,30.01.2015,2015,"endocrine, nutritional, and metabolic diseases",000213963.pdf,small molecule,zafatek,type 2 diabetes mellitus,<type 2 diabetes mellitus>,no,type 2 diabetes mellitus,<type 2 diabetes mellitus>,takeda pharmaceutical company limited,takeda,,trelagliptin succinate,no,no,tablet,,na,PMDA
sublingual,26.01.2015,2015,authorised,japan,approved,31.08.2015,2015,diseases of the respiratory system,000214453.pdf,other,miticure,desensitization therapy for allergic rhinitis induced by mite allergens,"<rhinitis, allergic>",no,desensitization therapy for allergic rhinitis induced by mite allergens,"<rhinitis, allergic>","torii pharmaceutical co., ltd.",torii,,none,yes,no,tablet,,,PMDA
oral,14.10.2014,2014,authorised,japan,approved,28.05.2015,2015,diseases of the respiratory system,000214531.pdf,small molecule,ofev,idiopathic pulmonary fibrosis,<idiopathic pulmonary fibrosis>,no,treatment of idiopathic pulmonary fibrosis and slowing of disease progression,<idiopathic pulmonary fibrosis>,"nippon boehringer ingelheim co., ltd.",boehringer ingelheim,,nintedanib,no,yes,capsule,,na,PMDA
intravenous,19.09.2014,2014,authorised,japan,approved,28.05.2015,2015,neoplasms,000215223.pdf,biologics,yervoy,unresectable malignant melanoma,<melanoma>,no,unresectable or metastatic malignant melanoma,<melanoma>,bristol-myers squibb k.k.,bristol-myers squibb,,ipilimumab,no,yes,injection,,na,PMDA
oral,24.09.2014,2014,authorised,japan,approved,28.05.2015,2015,infectious and parasitic diseases,000215262.pdf,small molecule,harvoni,suppression of viremia in serogroup 1 (genotype 1) chronic hepatitis c patients with or without compensated cirrhosis.,<chronic hepatitis c>; <cirrhosis>,no,suppression of viremia in serogroup 1 (genotype 1) chronic hepatitis c patients with or without compensated cirrhosis.,<chronic hepatitis c>; <liver cirrhosis>,gilead sciences k.k.,gilead,,ledipasvir acetonate/sofosbuvir,no,no,tablet,,na,PMDA
oral,25.07.2014,2014,authorised,japan,approved,26.02.2015,2015,neoplasms; diseases of the blood and blood-forming organs,000215395.pdf,small molecule,pomalyst,relapsed or refractory multiple myeloma,<multiple myeloma>,no,relapsed or refractory multiple myeloma,<multiple myeloma>,celgene k.k.,celgene,,pomalidomide,no,yes,capsule,,na,PMDA
oral,17.12.2014,2014,authorised,japan,approved,28.08.2015,2015,diseases of the blood and blood-forming organs; diseases of the digestive system,000215708.pdf,small molecule,mulpleta,improvement of thrombocytopenia associated with chronic liver disease in patients prior to elective invasive procedures,<thrombocytopenia>; <liver diseases>,no,thrombopoiesis stimulation prior to invasive procedures in patients with chronic liver disease,<chronic liver disease>,"shionogi & co., ltd.",shionogi,,lusutrombopag,no,no,tablet,,na,PMDA
oral,30.06.2014,2014,authorised,japan,approved,20.02.2015,2015,"endocrine, nutritional, and metabolic diseases",000215814.pdf,small molecule,cerdelga,"alleviation of symptoms of gaucher disease (anemia, thrombocytopenia, hepatosplenomegaly, and skeletal pathology)",<gaucher disease>,no,gaucher disease type 1,<gaucher disease>,genzyme japan k.k.,genzyme,,eliglustat,no,yes,capsule,,na,PMDA
cutaneous,20.05.2014,2014,authorised,japan,approved,17.06.2015,2015,infectious and parasitic diseases,000215815.pdf,small molecule,olanedine,preoperative skin preparation at the surgical site,not reported,no,preoperative skin preparation at the surgical site,not reported,"otsuka pharmaceutical factory, inc.",otsuka,,olanexidine gluconate,no,no,solution,,na,PMDA
intravenous,31.07.2014,2014,authorised,japan,approved,05.06.2015,2015,diseases of the musculoskeletal system and connective tissue,000215883.pdf,peptides and proteins,xiaflex,dupuytren’s contracture,<dupuytren contracture>,no,dupuytren’s contracture with a palpable cord,<dupuytren contracture>,asahi kasei pharma corporation,asahi kasei,,collagenase,yes,no,lyophilisate,,,PMDA
inhalation,17.10.2014,2014,authorised,japan,approved,03.08.2015,2015,diseases of the respiratory system,000216005.pdf,small molecule,spiolto respimat,relief of symptoms of airflow obstruction in patients with chronic obstructive pulmonary disease (chronic bronchitis and emphysema) who require combination therapy with a long-acting inhaled anticholinergic agent and a long-acting inhaled β2-agonist.,<chronic obstructive pulmonary disease>,no,"relief of symptoms of airflow obstruction in patients with chronic obstructive pulmonary disease (copd, i.e., chronic bronchitis and emphysema)",<chronic obstructive pulmonary disease>,"nippon boehringer ingelheim co., ltd.",boehringer ingelheim,,tiotropium bromide hydrate/olodaterol hydrochloride,no,no,solution,,na,PMDA
intramuscular,28.03.2014,2014,authorised,japan,approved,05.03.2015,2015,infectious and parasitic diseases; diseases of the respiratory system,000216064.pdf,vaccine,synflorix,"prevention of invasive infections and pneumonia caused by streptococcus pneumoniae (pneumococcal serotypes 1, 4, 5, 6b, 7f, 9v, 14, 18c, 19f, and 23f)",<infections; pneumonia>,no,"prevention of invasive infections, acute otitis media, and pneumonia caused by streptococcus pneumoniae",<invasive pneumococcal disease>; <otitis media>; <pneumonia>,"japan vaccine co., ltd.",japan vaccine,,pneumococcal 10-valent conjugate vaccine,yes,no,suspension,,,PMDA
oral,14.07.2014,2014,authorised,japan,approved,28.04.2015,2015,diseases of the digestive system,000216189.pdf,small molecule,irribow,diarrhea-predominant irritable bowel syndrome,<irritable bowel syndrome>,yes,male patients with diarrhea-predominant irritable bowel syndrome,<diarrhea-predominant irritable bowel syndrome>,astellas pharma inc.,astellas,,ramosetron hydrochloride,yes,no,tablet,,,PMDA
intravenous,21.07.2015,2015,authorised,japan,approved,30.11.2015,2015,neoplasms; diseases of the respiratory system,000216478.pdf,biologics,opdivo,"treatment of unresectable malignant melanoma; treatment of unresectable, advanced or recurrent non-small cell lung cancer",<melanoma>; <lung neoplasms>,yes,"treatment of unresectable malignant melanoma; treatment of unresectable, advanced or recurrent non-small cell lung cancer",<melanoma>; <lung neoplasms>,"ono pharmaceutical co., ltd.",ono,,nivolumab,yes,no,injection,,,PMDA
intravenous,05.01.2015,2015,authorised,japan,approved,31.08.2015,2015,neoplasms,000216480.pdf,small molecule,yondelis,soft tissue sarcomas,<soft tissue neoplasms>,no,"soft tissue sarcomas of the following histological subtypes: myxoid/round cell liposarcoma, synovial sarcoma, alveolar rhabdomyosarcoma, extra-osseous ewing’s sarcoma/primitive neuroectodermal tumor, dermatofibrosarcoma protuberans, low-grade fibromyxoid sarcoma, alveolar soft part sarcoma, clear cell sarcoma, angiomatoid fibrous histiocytoma, desmoplastic small round cell tumor, extraskeletal myxoid chondrosarcoma, mesenchymal chondrosarcoma, giant cell fibroblastoma, and endometrial stromal sarcoma.",<soft tissue sarcomas>,"taiho pharmaceutical co., ltd.",taiho,,trabectedin,no,yes,lyophilisate,,na,PMDA
oral,12.02.2015,2015,authorised,japan,approved,31.08.2015,2015,infectious and parasitic diseases,000216650.pdf,small molecule,viekirax,suppression of viremia in serogroup 1 (genotype 1) chronic hepatitis c patients with or without compensated cirrhosis,<chronic hepatitis c>; <cirrhosis>,no,"suppression of viremia in serogroup 1 (genotype 1) chronic hepatitis c patients, including those with compensated cirrhosis",<chronic hepatitis c>; <liver cirrhosis>,abbvie gk,abbvie,,ombitasvir hydrate/paritaprevir hydrate/ritonavir,no,no,tablet,,na,PMDA
oral,30.05.2014,2014,authorised,japan,approved,24.04.2015,2015,diseases of the respiratory system; diseases of the skin,000216694.pdf,small molecule,talion,"allergic rhinitis, urticaria, and pruritus associated with skin disorders (eczema/dermatitis, prurigo, cutaneous pruritus)",<allergic rhinitis>; <urticaria>; <pruritus>; <eczema>; <dermatitis>; <prurigo>; <cutaneous pruritus>,yes,"allergic rhinitis, urticaria, and pruritus associated with skin disorders (eczema/dermatitis, prurigo, cutaneous pruritus)",<allergic rhinitis>; <urticaria>; <eczema>; <dermatitis>; <prurigo>; <pruritus>,mitsubishi tanabe pharma corporation,mitsubishi tanabe,,bepotastine besilate,yes,no,tablet,,,PMDA
intravenous,31.07.2014,2014,authorised,japan,approved,28.05.2015,2015,diseases of the blood and blood-forming organs,000216795.pdf,biologics,acoalan,thrombophilia due to congenital antithrombin deficiency; disseminated intravascular coagulation (dic) accompanied by a decrease in antithrombin,<thrombophilia>; <disseminated intravascular coagulation>,no,thrombophilia due to congenital antithrombin deficiency; disseminated intravascular coagulation (dic) accompanied by a decrease in antithrombin,<thrombophilia>; <disseminated intravascular coagulation>,"kyowa hakko kirin co., ltd.",kyowa hakko kirin,,antithrombin gamma,no,no,lyophilisate,,na,PMDA
intravenous,22.09.2014,2014,authorised,japan,approved,24.04.2015,2015,neoplasms; diseases of the respiratory system,000216837.pdf,other,laserphyrin,early-stage lung cancer; primary malignant brain tumor; local residual/recurrent oesophageal carcinoma after chemoradiotherapy or radiotherapy,<lung neoplasms>; <brain neoplasms>; <esophageal neoplasms>,yes,local residual/recurrent oesophageal carcinoma after chemoradiotherapy or radiotherapy,<oesophageal neoplasms>,"meiji seika pharma co., ltd.",meiji,,talaporfin sodium,yes,yes,lyophilisate,,,PMDA
epicutaneous,22.12.2014,2014,authorised,japan,approved,31.08.2015,2015,diseases of the skin,000216840.pdf,small molecule,allergen scratch extract positive control “torii”,positive control to evaluate skin reactions to allergens,<allergic reaction>,yes,positive control to evaluate skin reaction for a diagnosis of allergy,<allergy>,japan tobacco inc.,japan tobacco,,histamine dihydrochloride,yes,no,solution,,,PMDA
intramuscular,28.08.2015,2015,authorised,japan,approved,08.02.2016,2016,infectious and parasitic diseases; diseases of the respiratory system,000216875.pdf,vaccine,adsorbed cell culture-derived influenza vaccine h5n1,prevention of pandemic influenza (h5n1),<influenza>,yes,prevention of pandemic influenza (h5n1),<influenza>,"kitasato daiichi sankyo vaccine co., ltd.",kitasato daiichi sankyo,,adsorbed cell culture-derived influenza vaccine,yes,yes,suspension,,,PMDA
subcutaneous,26.12.2013,2013,authorised,japan,approved,28.11.2014,2014,diseases of the skin; diseases of the musculoskeletal system and connective tissue,000216876.pdf,biologics,cosentyx,treatment of psoriasis vulgaris and psoriatic arthritis in patients who have had an inadequate response to conventional therapy,"<psoriasis>; <arthritis, psoriatic>",no,treatment of psoriasis vulgaris and psoriatic arthritis in patients who have had an inadequate response to conventional therapy,"<psoriasis>; <arthritis, psoriatic>",novartis pharma k.k.,novartis,,secukinumab,no,no,solution,,na,PMDA
subcutaneous,03.03.2015,2015,authorised,japan,approved,12.11.2015,2015,diseases of the skin; diseases of the musculoskeletal system and connective tissue,000216877.pdf,biologics,cosentyx,"treatment of psoriasis vulgaris, psoriatic arthritis, and pustular psoriasis (generalized) in patients who have had an inadequate response to conventional therapy",<psoriasis>; <psoriatic arthritis>,yes,"treatment of psoriasis vulgaris, psoriatic arthritis, and pustular psoriasis (generalized) in patients who have had an inadequate response to conventional therapy","<psoriasis>; <arthritis, psoriatic>",novartis pharma k.k.,novartis,,secukinumab,yes,no,solution,,,PMDA
intravitreal,28.08.2014,2014,authorised,japan,approved,15.05.2015,2015,diseases of the eye and adnexa,000216947.pdf,biologics,eylea,age-related macular degeneration with subfoveal choroidal neovascularization; macular edema secondary to central retinal vein occlusion; choroidal neovascularization in pathologic myopia; diabetic macular edema,<macular degeneration>; <macular edema>; <retinal vein occlusion>; <choroidal neovascularization>; <myopia>; <diabetic macular edema>,yes,age-related macular degeneration with subfoveal choroidal neovascularization; macular edema secondary to central retinal vein occlusion,<macular degeneration>; <macular edema>; <retinal vein occlusion>,"bayer yakuhin, ltd.",bayer,,aflibercept,yes,no,solution,,,PMDA
intramuscular,25.07.2014,2014,authorised,japan,approved,05.06.2015,2015,diseases of the nervous system; diseases of the eye and adnexa; diseases of the musculoskeletal system and connective tissue,000216948.pdf,biologics,botox,"blepharospasm, hemifacial spasm, cervical dystonia, upper limb spasticity, lower limb spasticity, talipes equinus associated with lower limb spasticity in patients ≥2 years of age with infantile cerebral palsy, severe primary axillary hyperhidrosis, and strabismus",<blepharospasm>; <hemifacial spasm>; <cervical dystonia>; <spasticity>; <talipes equinovarus>; <cerebral palsy>; <hyperhidrosis>; <strabismus>,yes,"blepharospasm, hemifacial spasm, cervical dystonia, upper limb spasticity, lower limb spasticity, talipes equinus associated with lower limb spasticity in patients ≥2 years of age with infantile cerebral palsy, severe primary axillary hyperhidrosis, and strabismus",<blepharospasm>; <hemifacial spasm>; <cervical dystonia>; <upper limb spasticity>; <lower limb spasticity>; <talipes equinus>; <cerebral palsy>; <hyperhidrosis>; <strabismus>,glaxosmithkline k.k.,glaxosmithkline,,botulinum toxin type a,yes,no,powder,,,PMDA
oral,20.10.2014,2014,authorised,japan,approved,10.07.2015,2015,diseases of the circulatory system,000217011.pdf,small molecule,artist,tachycardiac atrial fibrillation,"<arrhythmias, cardiac>",yes,tachycardiac atrial fibrillation,"<arrhythmias, cardiac>","daiichi sankyo company, limited",daiichi sankyo,,carvedilol,yes,no,tablet,,,PMDA
subcutaneous,20.03.2015,2015,authorised,japan,approved,27.11.2015,2015,"endocrine, nutritional, and metabolic diseases",000217925.pdf,biologics,repatha,"familial hypercholesterolemia, hypercholesterolemia",<hypercholesterolemia>,no,"hypercholesterolemia, heterozygous familial hypercholesterolemia, homozygous familial hypercholesterolemia",<hypercholesterolemia>,amgen astellas biopharma k.k.,amgen astellas,,evolocumab,no,no,solution,,na,PMDA
intravenous,27.05.2015,2015,authorised,japan,approved,24.02.2016,2016,neoplasms; diseases of the digestive system,000217926.pdf,small molecule,proemend,acute or delayed digestive symptoms (nausea and vomiting) resulting from the administration of antineoplastic agents such as cisplatin,<not reported>,yes,acute or delayed digestive symptoms (nausea and vomiting) resulting from the administration of antineoplastic agents such as cisplatin,<not reported>,"ono pharmaceutical co., ltd.",ono,,fosaprepitant meglumine,yes,no,lyophilisate,,,PMDA
oral,31.03.2015,2015,authorised,japan,approved,28.08.2015,2015,diseases of the circulatory system,000218422.pdf,small molecule,tracleer,pulmonary arterial hypertension,<pulmonary hypertension>,yes,pulmonary arterial hypertension,<pulmonary hypertension>,actelion pharmaceuticals japan ltd.,actelion,,bosentan,no,yes,tablet,,na,PMDA
oral,04.02.2015,2015,authorised,japan,approved,09.11.2015,2015,"endocrine, nutritional, and metabolic diseases",000218646.pdf,small molecule,suiny,type 2 diabetes mellitus,<type 2 diabetes mellitus>,yes,type 2 diabetes mellitus,<type 2 diabetes mellitus>,"sanwa kagaku kenkyusho co., ltd.",sanwa kagaku kenkyusho,,anagliptin,yes,no,tablet,,,PMDA
cutaneous,24.03.2014,2014,authorised,japan,approved,21.01.2015,2015,diseases of the skin,000218938.pdf,small molecule,duac,acne vulgaris,<acne vulgaris>,no,acne vulgaris,<acne vulgaris>,glaxosmithkline k.k.,glaxosmithkline,,clindamycin phosphate hydrate/benzoyl peroxide,yes,no,gel,,,PMDA
subcutaneous,30.07.2015,2015,authorised,japan,approved,30.05.2016,2016,diseases of the skin; diseases of the musculoskeletal system and connective tissue,000219040.pdf,biologics,lumicef,"treatment of psoriasis vulgaris, psoriatic arthritis, pustular psoriasis, and erythrodermic psoriasis in patients who have had an inadequate response to conventional therapies",<psoriasis>; <psoriatic arthritis>,no,"treatment of psoriasis vulgaris, psoriatic arthritis, pustular psoriasis, and erythrodermic psoriasis in patients who have had an inadequate response to conventional therapies","<psoriasis>; <arthritis, psoriatic>","kyowa hakko kirin co., ltd.",kyowa hakko kirin,,brodalumab,no,no,solution,,na,PMDA
intravenous,30.03.2010,2010,authorised,japan,approved,20.01.2011,2011,neoplasms,000219170.pdf,small molecule,halaven,inoperable or recurrent breast cancer,<breast neoplasms>,no,inoperable or recurrent breast cancer,<breast neoplasms>,"eisai co., ltd.",eisai,,eribulin mesilate,no,no,solution,,na,PMDA
intravenous,30.07.2015,2015,authorised,japan,approved,01.02.2016,2016,neoplasms,000219171.pdf,small molecule,halaven,inoperable or recurrent breast cancer and soft tissue sarcoma,<breast neoplasms>; <sarcoma>,yes,inoperable or recurrent breast cancer and soft tissue sarcoma,<breast neoplasms>; <sarcoma>,"eisai co., ltd.",eisai,,eribulin mesilate,yes,yes,solution,,,PMDA
intravenous,22.05.2015,2015,authorised,japan,approved,24.02.2016,2016,"endocrine, nutritional, and metabolic diseases",000219254.pdf,biologics,kanuma,"lysosomal acid lipase deficiency (cholesteryl ester storage disease, wolman disease)",<lysosomal storage diseases>,no,lysosomal acid lipase deficiency,<lysosomal storage diseases>,synageva biopharma japan k.k. (a predecessor of alexion pharma godo kaisha),synageva,,sebelipase alfa,no,yes,injection,,na,PMDA
intravenous,16.04.2015,2015,authorised,japan,approved,26.02.2016,2016,diseases of the blood and blood-forming organs,000219621.pdf,biologics,adynovate,control of bleeding tendency in patients with blood coagulation factor viii deficiency,<blood coagulation disorders>,no,control of bleeding tendency in patients with blood coagulation factor viii deficiency,<blood coagulation disorders>,baxter limited,baxter,,rurioctocog alfa pegol,no,no,lyophilisate,,na,PMDA
intravenous,25.07.2014,2014,authorised,japan,approved,05.03.2015,2015,neoplasms; diseases of the digestive system,000219876.pdf,biologics,cyramza,unresectable advanced/recurrent gastric cancer,<gastric cancer>,no,unresectable advanced/recurrent gastric cancer,<gastric neoplasms>,eli lilly japan k.k.,eli lilly,,ramucirumab,no,no,injection,,na,PMDA
intravenous,26.05.2015,2015,authorised,japan,approved,25.04.2016,2016,neoplasms; diseases of the digestive system,000219877.pdf,biologics,cyramza,unresectable advanced/recurrent gastric cancer; unresectable advanced/recurrent colorectal cancer,<gastric neoplasms>; <colorectal neoplasms>,yes,unresectable advanced/recurrent gastric cancer; unresectable advanced/recurrent colorectal cancer,<gastric neoplasms>; <colorectal neoplasms>,eli lilly japan k.k.,eli lilly,,ramucirumab,yes,no,injection,,,PMDA
oral,24.04.2015,2015,authorised,japan,approved,05.02.2016,2016,mental and behavioural disorders; diseases of the nervous system,000220043.pdf,small molecule,risperdal,schizophrenia; irritability associated with autism spectrum disorder in pediatric patients,<schizophrenia>; <autism spectrum disorder>,yes,schizophrenia; irritability associated with autistic disorder in pediatric patients,<schizophrenia>; <autistic disorder>,janssen pharmaceutical k.k.,janssen,,risperidone,no,no,tablet,,na,PMDA
oral,21.08.2015,2015,authorised,japan,approved,26.02.2016,2016,neoplasms; diseases of the respiratory system,000220615.pdf,small molecule,tagrisso,inoperable or recurrent egfr t790m mutation-positive non-small cell lung cancer resistant to egfr tyrosine kinase inhibitors,<lung neoplasms>,no,"unresectable, advanced or recurrent egfr t790m mutation-positive non-small cell lung cancer that progressed during or after egfr tyrosine kinase inhibitor treatment",<non-small cell lung carcinoma>,astrazeneca k.k.,astrazeneca,,osimertinib mesilate,no,no,tablet,,na,PMDA
oral,29.03.2010,2010,authorised,japan,approved,21.02.2011,2011,diseases of the musculoskeletal system and connective tissue,000220894.pdf,small molecule,lixiana,prevention of venous thromboembolism in patients undergoing orthopedic surgery of the lower limbs,<venous thromboembolism>,no,prevention of venous thromboembolism in patients undergoing orthopedic surgery of the lower limbs,<venous thromboembolism>,"daiichi sankyo company, limited",daiichi sankyo,,edoxaban tosilate hydrate,no,no,tablet,,na,PMDA
intravenous,23.07.2015,2015,authorised,japan,approved,16.05.2016,2016,neoplasms; diseases of the respiratory system,000221104.pdf,biologics,cyramza,unresectable advanced/recurrent non-small cell lung cancer,<non-small-cell lung carcinoma>,yes,unresectable advanced/recurrent non-small cell lung cancer,<non-small cell lung carcinoma>,eli lilly japan k.k.,eli lilly,,ramucirumab,yes,no,injection,,,PMDA
intravenous,17.12.2015,2015,authorised,japan,approved,09.09.2016,2016,diseases of the blood and blood-forming organs,000221483.pdf,biologics,idelvion,control of bleeding tendency in patients with blood coagulation factor ix deficiency,<blood coagulation disorders>,no,control of bleeding tendency in patients with blood coagulation factor ix deficiency,<blood coagulation disorders>,csl behring k.k.,csl behring,,albutrepenonacog alfa,no,no,lyophilisate,,na,PMDA
subcutaneous,22.05.2015,2015,authorised,japan,approved,26.02.2016,2016,diseases of the respiratory system,000221523.pdf,biologics,nucala,bronchial asthma (only for patients with refractory asthma whose symptoms cannot be controlled by conventional treatment),<bronchial asthma>,no,bronchial asthma (severe eosinophilic asthma with exacerbation despite conventional treatment),<bronchial asthma>,glaxosmithkline k.k.,glaxosmithkline,,mepolizumab,no,no,lyophilisate,,na,PMDA
oral,07.08.2014,2014,authorised,japan,approved,05.06.2015,2015,"endocrine, nutritional, and metabolic diseases",000221617.pdf,small molecule,livalo,"hypercholesterolemia, familial hypercholesterolemia",<hypercholesterolemia>; <familial hypercholesterolemia>,yes,familial hypercholesterolemia in pediatric patients,<familial hypercholesterolemia>,"kowa company, ltd.",kowa,,pitavastatin calcium hydrate,yes,no,tablet,,,PMDA
oral,24.06.2015,2015,authorised,japan,approved,26.02.2016,2016,neoplasms; diseases of the respiratory system,000221838.pdf,small molecule,zykadia,"alk-positive, unresectable, advanced or recurrent non-small cell lung cancer resistant or intolerant to crizotinib",<non-small cell lung carcinoma>,no,"alk-positive, unresectable, advanced or recurrent non-small cell lung cancer resistant or intolerant to crizotinib",<lung neoplasms>,novartis pharma k.k.,novartis,,ceritinib,no,yes,capsule,,na,PMDA
oral,07.01.2016,2016,authorised,japan,approved,07.09.2016,2016,diseases of the circulatory system,000222147.pdf,small molecule,uptravi,pulmonary arterial hypertension,<pulmonary hypertension>,no,pulmonary arterial hypertension,<pulmonary hypertension>,"nippon shinyaku co., ltd.",nippon shinyaku,,selexipag,no,yes,tablet,,na,PMDA
intravenous,23.02.2016,2016,authorised,japan,approved,07.09.2016,2016,diseases of the circulatory system,000222407.pdf,biologics,prizbind,reversal of the anticoagulant effects of dabigatran,not reported,no,reversal of the anticoagulant effects of dabigatran,<not reported>,nippon boehringer ingelheim co. ltd.,boehringer ingelheim,,idarucizumab,no,no,solution,,na,PMDA
oral,04.03.2016,2016,authorised,japan,approved,30.05.2016,2016,infectious and parasitic diseases,000222430.pdf,small molecule,genvoya,hiv-1 infection,<acquired immunodeficiency syndrome>,no,hiv-1 infection,<hiv infections>,japan tobacco inc.,japan tobacco,,elvitegravir/cobicistat/emtricitabine/tenofovir alafenamide,no,yes,tablet,,na,PMDA
oral,31.03.2016,2016,authorised,japan,approved,11.11.2016,2016,infectious and parasitic diseases,000222576.pdf,small molecule,vemlidy,suppression of hepatitis b virus replication in chronic hepatitis b patients with evidence of viral replication and abnormal liver function,<chronic hepatitis b>,no,suppression of hepatitis b virus replication in chronic hepatitis b patients with evidence of viral replication and abnormal liver function,<chronic hepatitis b>,gilead sciences k.k.,gilead,,tenofovir alafenamide fumarate,no,no,tablet,,na,PMDA
oral,30.03.2016,2016,authorised,japan,approved,09.02.2017,2017,diseases of the digestive system,000222647.pdf,small molecule,symproic,opioid-induced constipation,<constipation>,no,opioid-induced constipation,<constipation>,"shionogi & co., ltd.",shionogi,,naldemedine tosilate,no,no,tablet,,na,PMDA
oral,25.12.2015,2015,authorised,japan,approved,09.09.2016,2016,infectious and parasitic diseases,000222648.pdf,small molecule,rebetol,suppression of viremia in serogroup 2 (genotype 2) chronic hepatitis c patients,"<hepatitis c, chronic>",yes,suppression of viremia in serogroup 2 (genotype 2) chronic hepatitis c patients,<chronic hepatitis c>,msd k.k.,msd,,ribavirin,no,no,capsule,,na,PMDA
oral,17.12.2015,2015,authorised,japan,approved,09.09.2016,2016,infectious and parasitic diseases,000222649.pdf,small molecule,viekirax,suppression of viremia in serogroup 2 (genotype 2) chronic hepatitis c patients,<chronic hepatitis c>,yes,suppression of viremia in treatment-naïve patients with serogroup 2 (genotype 2) chronic hepatitis c,<chronic hepatitis c>,abbvie gk,abbvie,,ombitasvir hydrate/paritaprevir hydrate/ritonavir,no,no,tablet,,na,PMDA
inhalation,07.10.2015,2015,authorised,japan,approved,24.06.2016,2016,infectious and parasitic diseases,000222716.pdf,small molecule,inavir,treatment and prophylaxis of influenza a or b virus infection,<influenza>,yes,treatment and prophylaxis of influenza a or b virus infection,<influenza>,"daiichi sankyo company, limited",daiichi sankyo,,laninamivir octanoate hydrate,yes,no,powder,,,PMDA
,01.10.2015,2015,authorised,japan,approved,04.08.2016,2016,diseases of the musculoskeletal system and connective tissue,000223081.pdf,peptides and proteins,regroth dental kit,alveolar bone defect due to periodontitis,<periodontitis>,no,regeneration of periodontal tissues destroyed by periodontitis,<periodontitis>,"kaken pharmaceutical co., ltd.",kaken,,trafermin,yes,no,lyophilisate,,,PMDA
intravenous,18.03.2016,2016,authorised,japan,approved,11.11.2016,2016,neoplasms; diseases of the blood and blood-forming organs,000223200.pdf,biologics,opdivo,treatment of relapsed or refractory classical hodgkin lymphoma,<classical hodgkin lymphoma>,yes,treatment of relapsed or refractory classical hodgkin lymphoma,<classical hodgkin lymphoma>,"ono pharmaceutical co., ltd.",ono,,nivolumab,yes,yes,injection,,,PMDA
intravenous,27.07.2016,2016,authorised,japan,approved,,2017,neoplasms,000223201.pdf,biologics,opdivo,treatment of recurrent or distant metastatic head and neck cancer,<head and neck neoplasms>,yes,treatment of recurrent or distant metastatic head and neck cancer,<head and neck neoplasms>,"ono pharmaceutical co., ltd.",ono,,nivolumab,yes,no,injection,,,PMDA
intravenous,11.12.2015,2015,authorised,japan,approved,05.08.2016,2016,neoplasms; diseases of the genitourinary system,000223202.pdf,biologics,opdivo,treatment of unresectable or metastatic renal cell carcinoma,<renal cell carcinoma>,yes,treatment of unresectable or metastatic renal cell carcinoma,<renal cell carcinoma>,"ono pharmaceutical co., ltd.",ono,,nivolumab,yes,no,injection,,,PMDA
intravenous,27.12.2016,2016,authorised,japan,approved,22.08.2017,2017,neoplasms; diseases of the digestive system,000223203.pdf,biologics,opdivo,treatment of unresectable advanced or recurrent gastric cancer that has progressed after cancer chemotherapy,<gastric cancer>,yes,treatment of unresectable advanced or recurrent gastric cancer,<gastric cancer>,"ono pharmaceutical co., ltd.",ono,,nivolumab,yes,no,injection,,,PMDA
ocular,01.10.2015,2015,authorised,japan,approved,07.09.2016,2016,diseases of the eye and adnexa,000223317.pdf,small molecule,mikeluna,glaucoma and ocular hypertension,<glaucoma>; <ocular hypertension>,no,glaucoma and ocular hypertension,"<glaucoma>; <hypertension, ocular>","otsuka pharmaceutical co., ltd.",otsuka,,carteolol hydrochloride /latanoprost,yes,no,solution,,,PMDA
intravenous,05.11.2015,2015,authorised,japan,approved,10.08.2016,2016,diseases of the nervous system,000223352.pdf,biologics,kenketu glovenin-i,guillain-barré syndrome (for patients with severe gbs in the acute exacerbation phase and difficulty in walking),<guillain-barre syndrome>,yes,guillain-barré syndrome (for patients with severe gbs in the acute exacerbation phase and difficulty in walking),<guillain-barré syndrome>,"nihon pharmaceutical co., ltd.",nihon,,polyethylene glycol-treated human normal immunoglobulin,yes,no,lyophilisate,,,PMDA
intravenous,25.12.2014,2014,authorised,japan,approved,09.10.2015,2015,diseases of the skin,000223353.pdf,biologics,kenketu glovenin-i,bullous pemphigoid (for patients with bp inadequately responsive to corticosteroids),<bullous pemphigoid>,yes,bullous pemphigoid (for patients with bp inadequately responsive to corticosteroids),<bullous pemphigoid>,"nihon pharmaceutical co., ltd.",nihon,,polyethylene glycol-treated human normal immunoglobulin,yes,no,lyophilisate,,,PMDA
oral,25.12.2009,2009,authorised,japan,approved,08.11.2010,2010,"diseases of the musculoskeletal system and connective tissue; endocrine, nutritional, and metabolic diseases",000223354.pdf,small molecule,feburic,gout and hyperuricemia,<gout>; <hyperuricemia>,no,improvement of hyperuricemia in patients with gout or hyperuricemia,<hyperuricemia>; <gout>,teijin pharma limited,teijin,,febuxostat,no,no,tablet,,na,PMDA
oral,29.07.2015,2015,authorised,japan,approved,20.04.2016,2016,diseases of the musculoskeletal system and connective tissue; neoplasms,000223355.pdf,small molecule,feburic,gout and hyperuricemia; hyperuricemia associated with cancer chemotherapy,<gout>; <hyperuricemia>,yes,gout and hyperuricemia; prevention of hyperuricemia associated with cancer chemotherapy,<gout>; <hyperuricemia>,teijin pharma limited,teijin,,febuxostat,yes,no,tablet,,,PMDA
oral,25.09.2015,2015,authorised,japan,approved,27.05.2016,2016,neoplasms,000223356.pdf,small molecule,hemangiol,infantile hemangioma,<infantile hemangioma>,yes,infantile hemangioma,<infantile hemangioma>,"maruho co., ltd.",maruho,,propranolol hydrochloride,yes,yes,solution,,,PMDA
intravenous,26.08.2015,2015,authorised,japan,approved,25.04.2016,2016,neoplasms; diseases of the blood and blood-forming organs,000224115.pdf,small molecule,kyprolis,relapsed or refractory multiple myeloma,<multiple myeloma>,no,relapsed or refractory multiple myeloma,<multiple myeloma>,"ono pharmaceutical co., ltd.",ono,,carfilzomib,no,yes,powder,,na,PMDA
subcutaneous,28.07.2015,2015,authorised,japan,approved,30.05.2016,2016,diseases of the skin; diseases of the musculoskeletal system and connective tissue,000224346.pdf,biologics,taltz,"treatment of psoriasis vulgaris, psoriatic arthritis, pustular psoriasis, and erythrodermic psoriasis in patients who have had an inadequate response to conventional therapies",<psoriasis>; <psoriatic arthritis>,no,"treatment of moderate to severe psoriasis vulgaris, pustular psoriasis, erythrodermic psoriasis, and psoriatic arthritis",<psoriasis>; <psoriatic arthritis>,eli lilly japan k.k.,eli lilly,,ixekizumab,no,no,solution,,na,PMDA
intravenous,17.09.2015,2015,authorised,japan,approved,25.04.2016,2016,neoplasms; diseases of the genitourinary system,000224436.pdf,biologics,avastin,advanced or recurrent cervical cancer,<cervical cancer>,yes,advanced or recurrent cervical cancer,<cervical cancer>,"chugai pharmaceutical co., ltd.",chugai,,bevacizumab,yes,yes,injection,,,PMDA
intravenous,21.04.2006,2006,authorised,japan,approved,22.02.2007,2007,neoplasms; diseases of the digestive system,000224437.pdf,biologics,avastin,unresectable advanced or recurrent colorectal cancer,<colorectal neoplasms>,no,unresectable advanced or recurrent colorectal cancer,<colorectal neoplasms>,"chugai pharmaceutical co., ltd.",chugai,,bevacizumab,no,no,injection,,na,PMDA
subcutaneous,29.10.2015,2015,authorised,japan,approved,09.09.2016,2016,diseases of the eye and adnexa,000224547.pdf,biologics,humira,"non-infectious intermediate uveitis, posterior uveitis, or panuveitis",<uveitis>,yes,"non-infectious intermediate uveitis, posterior uveitis, or panuveitis",<uveitis>,abbvie gk,abbvie,,adalimumab,yes,no,solution,,,PMDA
subcutaneous,06.08.2015,2015,authorised,japan,approved,27.05.2016,2016,"endocrine, nutritional, and metabolic diseases",000224582.pdf,biologics,praluent,familial hypercholesterolemia and hypercholesterolemia,<familial hypercholesterolemia>; <hypercholesterolemia>,no,hypercholesterolemia and familial hypercholesterolemia,<hypercholesterolemia>,sanofi k.k.,sanofi,,alirocumab,no,no,solution,,na,PMDA
subcutaneous,25.08.2016,2016,authorised,japan,approved,10.04.2017,2017,diseases of the musculoskeletal system and connective tissue,000224729.pdf,biologics,actemra,treatment of rheumatoid arthritis with an inadequate response to existing therapies (including the inhibition of progression of structural joint damage),<rheumatoid arthritis>,yes,treatment of rheumatoid arthritis with an inadequate response to existing therapies (including the inhibition of progression of structural joint damage),<rheumatoid arthritis>,"chugai pharmaceutical co., ltd.",chugai,,tocilizumab,yes,no,injection,,,PMDA
subcutaneous,30.11.2016,2016,authorised,japan,approved,27.07.2017,2017,diseases of the musculoskeletal system and connective tissue; diseases of the circulatory system,000224730.pdf,biologics,actemra,treatment of rheumatoid arthritis (including the inhibition of progression of structural joint damage); takayasu’s arteritis or giant cell arteritis,<rheumatoid arthritis>; <takayasu arteritis>; <giant cell arteritis>,yes,treatment of rheumatoid arthritis with an inadequate response to existing therapies; treatment of large vessel vasculitis (takayasu’s arteritis or giant cell arteritis),"<rheumatoid arthritis>; <vasculitis, large-cell>","chugai pharmaceutical co., ltd.",chugai,,tocilizumab,yes,yes,injection,,,PMDA
oral,11.03.2016,2016,authorised,japan,approved,09.09.2016,2016,infectious and parasitic diseases,000224902.pdf,small molecule,grazyna,suppression of viremia in serogroup 1 (genotype 1) chronic hepatitis c patients with or without compensated cirrhosis,<chronic hepatitis c>; <cirrhosis>,no,suppression of viremia in serogroup 1 (genotype 1) chronic hepatitis c patients with or without compensated cirrhosis,<chronic hepatitis c>; <liver cirrhosis>,msd k.k.,msd,,grazoprevir,no,no,tablet,,na,PMDA
oral,11.03.2016,2016,authorised,japan,approved,09.09.2016,2016,infectious and parasitic diseases,000224903.pdf,small molecule,erelsa,suppression of viremia in serogroup 1 (genotype 1) chronic hepatitis c patients with or without compensated cirrhosis,<chronic hepatitis c>; <cirrhosis>,no,suppression of viremia in serogroup 1 (genotype 1) chronic hepatitis c patients with or without compensated cirrhosis,<chronic hepatitis c>; <liver cirrhosis>,msd k.k.,msd,,elbasvir,no,no,tablet,,na,PMDA
oral,22.06.2017,2017,authorised,japan,approved,09.06.2017,2017,mental and behavioural disorders; neoplasms,000224954.pdf,small molecule,zyprexa,"schizophrenia; improvement of manic and depressive symptoms associated with bipolar disorder; gastrointestinal symptoms (nausea, vomiting) associated with antineoplastic agents",<schizophrenia>; <bipolar disorder>,yes,"gastrointestinal symptoms (nausea, vomiting) associated with antineoplastic agents",<not reported>,eli lilly japan k.k.,eli lilly,,olanzapine,yes,no,tablet,,pharmaceutical affairs and food sanitation council,PMDA
cutaneous,20.10.2017,2017,authorised,japan,approved,01.03.2018,2018,neoplasms; diseases of the skin,000225368.pdf,small molecule,rapalimus,tuberous sclerosis complex-associated skin lesions,<tuberous sclerosis>,no,tuberous sclerosis complex-associated skin lesions,<tuberous sclerosis>,"nobelpharma co., ltd.",nobel,,sirolimus,no,yes,gel,,na,PMDA
oral,25.10.2017,2017,authorised,japan,approved,02.02.2018,2018,infectious and parasitic diseases; diseases of the respiratory system,000225380.pdf,small molecule,xofluza,influenza a or b virus infection,<influenza>,no,influenza a or b virus infection,<influenza>,"shionogi & co., ltd.",shionogi,,baloxavir marboxil,no,no,tablet,,na,PMDA
cutaneous,20.10.2014,2014,authorised,japan,approved,31.08.2015,2015,diseases of the musculoskeletal system and connective tissue,000225702.pdf,small molecule,loqoa,relief of pain and inflammation associated with osteoarthritis,<osteoarthritis>,no,relief of pain and inflammation associated with osteoarthritis,<osteoarthritis>,"taisho pharmaceutical co., ltd.",taisho,,esflurbiprofen,no,no,plaster,,na,PMDA
oral,04.07.2016,2016,authorised,japan,approved,03.03.2017,2017,neoplasms; diseases of the blood and blood-forming organs,000225743.pdf,small molecule,ninlaro,relapsed or refractory multiple myeloma,<multiple myeloma>,no,relapsed or refractory multiple myeloma,<multiple myeloma>,takeda pharmaceutical company limited,takeda,,ixazomib citrate,no,yes,capsule,,na,PMDA
oral,21.12.2015,2015,authorised,japan,approved,11.11.2016,2016,infectious and parasitic diseases,000226231.pdf,small molecule,ximency,suppression of viremia in serogroup 1 (genotype 1) chronic hepatitis c patients without cirrhosis or with compensated cirrhosis,<chronic hepatitis c>,no,suppression of viremia in serogroup 1 (genotype 1) chronic hepatitis c patients without cirrhosis or with compensated cirrhosis,<chronic hepatitis c>,bristol-myers squibb k.k.,bristol-myers squibb,,daclatasvir hydrochloride/asunaprevir/beclabuvir hydrochloride,no,no,tablet,,na,PMDA
subcutaneous,07.10.2016,2016,authorised,japan,approved,27.07.2017,2017,diseases of the musculoskeletal system and connective tissue,000226413.pdf,biologics,kevzara,rheumatoid arthritis in patients who have had an inadequate response to conventional treatments,<rheumatoid arthritis>,no,rheumatoid arthritis in patients who have had an inadequate response to conventional treatments,<rheumatoid arthritis>,sanofi k.k.,sanofi,,sarilumab,no,no,solution,,na,PMDA
oral,19.10.2015,2015,authorised,japan,approved,09.06.2017,2017,"endocrine, nutritional, and metabolic diseases",000226672.pdf,small molecule,parmodia,hyperlipidemia (including familial hyperlipidemia),<hyperlipidemias>,no,hyperlipidemia (including familial hyperlipidemia),<hyperlipidemias>,"kowa company, ltd.",kowa,,pemafibrate,no,no,tablet,,na,PMDA
oral,07.06.2016,2016,authorised,japan,approved,03.03.2017,2017,neoplasms; diseases of the blood and blood-forming organs,000226817.pdf,small molecule,mundesine,relapsed or refractory peripheral t-cell lymphoma,<peripheral t-cell lymphoma>,no,relapsed or refractory peripheral t-cell lymphoma,<peripheral t-cell lymphoma>,mundipharma k.k.,mundipharma,,forodesine hydrochloride,no,yes,capsule,,na,PMDA
intravenous,06.10.2016,2016,authorised,japan,approved,24.11.2016,2016,neoplasms; diseases of the respiratory system,000226880.pdf,biologics,keytruda,"unresectable, advanced or recurrent pd-l1 positive non-small cell lung cancer",<non-small-cell lung carcinoma>,yes,"unresectable, advanced or recurrent non-small cell lung cancer",<non-small cell lung carcinoma>,msd k.k.,msd,,pembrolizumab,yes,no,injection,,,PMDA
intravenous,22.12.2015,2015,authorised,japan,approved,09.09.2016,2016,neoplasms; diseases of the skin,000226881.pdf,biologics,keytruda,unresectable malignant melanoma,<melanoma>,no,unresectable or metastatic malignant melanoma,<melanoma>,msd k.k.,msd,,pembrolizumab,no,yes,injection,,na,PMDA
intravenous,04.03.2016,2016,authorised,japan,approved,18.01.2017,2017,diseases of the circulatory system,000227028.pdf,small molecule,epoprostenol act,pulmonary arterial hypertension,<pulmonary hypertension>,yes,pulmonary arterial hypertension,<pulmonary hypertension>,actelion pharmaceuticals japan ltd.,actelion,,epoprostenol sodium,yes,no,powder,,,PMDA
intravenous,14.01.2016,2016,authorised,japan,approved,31.10.2016,2016,"endocrine, nutritional, and metabolic diseases",000227138.pdf,peptides and proteins,parsabiv,secondary hyperparathyroidism in patients on hemodialysis,"<hyperparathyroidism, secondary>",no,secondary hyperparathyroidism in patients on hemodialysis,"<hyperparathyroidism, secondary>","ono pharmaceutical co., ltd.",ono,,etelcalcetide,no,no,solution,,na,PMDA
intravenous,05.10.2016,2016,authorised,japan,approved,24.11.2016,2016,neoplasms; diseases of the blood and blood-forming organs,000227269.pdf,small molecule,treakisym,low-grade b-cell non-hodgkin’s lymphoma and mantle cell lymphoma; chronic lymphocytic leukemia,"<non-hodgkin lymphoma>; <mantle cell lymphoma>; <leukemia, lymphocytic, chronic, b-cell>",yes,low-grade b-cell non-hodgkin’s lymphoma and mantle cell lymphoma; chronic lymphocytic leukemia,"<non-hodgkin lymphoma>; <mantle cell lymphoma>; <leukemia, lymphocytic, chronic, b-cell>",symbio pharmaceuticals limited,symbio,,bendamustine hydrochloride,yes,no,lyophilisate,,,PMDA
oral,31.10.2016,2016,authorised,japan,approved,22.05.2017,2017,neoplasms; diseases of the digestive system,000227545.pdf,small molecule,stivarga,unresectable hepatocellular carcinoma progressed after cancer chemotherapy,<hepatocellular carcinoma>,yes,unresectable hepatocellular carcinoma progressed after cancer chemotherapy,<hepatocellular carcinoma>,"bayer yakuhin, ltd.",bayer,,regorafenib,yes,no,tablet,,,PMDA
oral,31.08.2016,2016,authorised,japan,approved,22.02.2017,2017,infectious and parasitic diseases,000227562.pdf,small molecule,sovaldi,suppression of viremia in patients with chronic hepatitis c with or without compensated cirrhosis (any serogroup [genotype] other than serogroup 1 [genotype 1]),<chronic hepatitis c>; <cirrhosis>,yes,suppression of viremia in patients with chronic hepatitis c with or without compensated cirrhosis (any serogroup [genotype] other than serogroup 1 [genotype 1]),<chronic hepatitis c>; <liver cirrhosis>,gilead sciences k.k.,gilead,,sofosbuvir,no,no,tablet,,na,PMDA
oral,31.08.2016,2016,authorised,japan,approved,22.02.2017,2017,infectious and parasitic diseases,000227563.pdf,small molecule,sovaldi,suppression of viremia in patients with chronic hepatitis c with or without compensated cirrhosis (any serogroup [genotype] other than serogroup 1 [genotype 1]),<chronic hepatitis c>; <cirrhosis>,yes,suppression of viremia in patients with chronic hepatitis c with or without compensated cirrhosis (any serogroup [genotype] other than serogroup 1 [genotype 1]),<chronic hepatitis c>; <liver cirrhosis>,gilead sciences k.k.,gilead,,sofosbuvir,no,no,tablet,,na,PMDA
oral,31.08.2016,2016,authorised,japan,approved,03.03.2017,2017,infectious and parasitic diseases,000227564.pdf,small molecule,sovaldi,suppression of viremia in patients with chronic hepatitis c with or without compensated cirrhosis (any serogroup [genotype] other than serogroup 1 [genotype 1]),<chronic hepatitis c>; <cirrhosis>,yes,suppression of viremia in patients with chronic hepatitis c with or without compensated cirrhosis (any serogroup [genotype] other than serogroup 1 [genotype 1]),<chronic hepatitis c>; <cirrhosis>,gilead sciences k.k.,gilead,,sofosbuvir,no,no,tablet,,na,PMDA
oral,22.02.2013,2013,authorised,japan,approved,13.09.2013,2013,infectious and parasitic diseases,000227565.pdf,small molecule,sovriad,improvement of viraemia in patients with serogroup 1 (genotype i [1a] or ii [1b]) chronic hepatitis c virus infection,<chronic hepatitis c>,no,improvement of viraemia in patients with serogroup 1 (genotype i [1a] or ii [1b]) chronic hepatitis c virus infection,<chronic hepatitis c>,janssen pharmaceutical k.k.,janssen,,simeprevir sodium,no,no,capsule,,na,PMDA
intravenous,30.03.2016,2016,authorised,japan,approved,09.02.2017,2017,diseases of the digestive system,000227668.pdf,biologics,stelara,induction therapy for moderately to severely active crohn’s disease (only in patients who have had an inadequate response to conventional therapy),<crohn disease>,yes,induction therapy for moderately to severely active crohn’s disease (only in patients who have had an inadequate response to conventional therapy),<crohn disease>,janssen pharmaceutical k.k.,janssen,,ustekinumab,yes,no,solution,,,PMDA
oral,27.04.2016,2016,authorised,japan,approved,30.05.2017,2017,infectious and parasitic diseases; diseases of the nervous system,000227731.pdf,small molecule,amenalief,herpes zoster,<herpes zoster>,no,herpes zoster,<herpes zoster>,"maruho co., ltd.",maruho,,amenamevir,no,no,tablet,,na,PMDA
subcutaneous,25.04.2016,2016,authorised,japan,approved,24.11.2016,2016,"diseases of the musculoskeletal system and connective tissue; endocrine, nutritional, and metabolic diseases",000227995.pdf,biologics,ilaris,cryopyrin-associated periodic syndromes; familial mediterranean fever refractory to conventional treatment; tumor necrosis factor receptor-associated periodic syndrome; hyperimmunoglobulin d syndrome (mevalonate kinase deficiency),<cryopyrin-associated periodic syndromes>; <familial mediterranean fever>; <tumor necrosis factor receptor-associated periodic syndrome>; <hyperimmunoglobulin d syndrome>,yes,,not reported,novartis pharma k.k.,novartis,,canakinumab,yes,yes,lyophilized injection,,,PMDA
intrathecal,07.12.2016,2016,authorised,japan,approved,09.06.2017,2017,diseases of the nervous system,000228334.pdf,other,spinraza,infantile spinal muscular atrophy,<spinal muscular atrophy>,no,spinal muscular atrophy,<spinal muscular atrophies of childhood>,biogen japan ltd.,biogen,,nusinersen,no,yes,solution,,na,PMDA
intrathecal,05.07.2017,2017,authorised,japan,approved,22.08.2017,2017,diseases of the nervous system,000228335.pdf,peptides and proteins,spinraza,infantile spinal muscular atrophy; non-infantile spinal muscular atrophy,<spinal muscular atrophy>,yes,infantile spinal muscular atrophy,<spinal muscular atrophy>,biogen japan ltd.,biogen,,nusinersen,yes,yes,solution,,,PMDA
oral,24.06.2016,2016,authorised,japan,approved,03.02.2017,2017,neoplasms; diseases of the blood and blood-forming organs,000228384.pdf,small molecule,revlimid,relapsed or refractory adult t cell leukemia-lymphoma,<adult t-cell leukemia-lymphoma>,yes,relapsed or refractory adult t cell leukemia-lymphoma,<adult t-cell leukemia-lymphoma>,celgene k.k.,celgene,,lenalidomide hydrate,yes,yes,capsule,,,PMDA
oral,23.03.2018,2018,authorised,japan,approved,29.08.2018,2018,neoplasms; diseases of the blood and blood-forming organs,000228502.pdf,small molecule,xospata,flt3 mutation-positive relapsed or refractory acute myeloid leukemia,"<leukemia, myeloid, acute>",no,flt3 mutation-positive relapsed or refractory acute myeloid leukemia,"<leukemia, myeloid, acute>",astellas pharma inc.,astellas,,gilteritinib,no,yes,tablet,,na,PMDA
oral,31.08.2016,2016,authorised,japan,approved,21.04.2017,2017,neoplasms; diseases of the respiratory system,000228503.pdf,small molecule,xalkori,"ros1-positive, unresectable, advanced or relapsed non-small-cell lung cancer",<non-small-cell lung carcinoma>,yes,"ros1-positive, unresectable, advanced or relapsed non-small-cell lung cancer",<non-small-cell lung carcinoma>,pfizer japan inc.,pfizer,,crizotinib,no,yes,capsule,,na,PMDA
subcutaneous,23.09.2016,2016,authorised,japan,approved,30.05.2017,2017,diseases of the musculoskeletal system and connective tissue,000228530.pdf,biologics,pralia,osteoporosis; inhibition of progression of bone erosion associated with rheumatoid arthritis,"<osteoporosis>; <arthritis, rheumatoid>",yes,osteoporosis; prevention of structural joint damage associated with rheumatoid arthritis,"<osteoporosis>; <arthritis, rheumatoid>","daiichi sankyo co., ltd.",daiichi sankyo,,denosumab,no,no,solution,,na,PMDA
oral,30.01.2018,2018,authorised,japan,approved,29.08.2018,2018,neoplasms; diseases of the respiratory system,000228981.pdf,small molecule,lorbrena,alk fusion gene-positive unresectable advanced and/or recurrent non-small cell lung cancer with resistance or intolerance to alk tyrosine kinase inhibitor(s),<non-small cell lung carcinoma>,no,alk fusion gene-positive unresectable advanced and/or recurrent non-small cell lung cancer with resistance or intolerance to alk tyrosine kinase inhibitor(s),<non-small cell lung carcinoma>,pfizer japan inc.,pfizer,,lorlatinib,no,no,tablet,,na,PMDA
intravenous,17.10.2017,2017,authorised,japan,approved,29.08.2018,2018,diseases of the blood and blood-forming organs,000229786.pdf,biologics,jivi,control of bleeding tendency in patients with blood coagulation factor viii deficiency,<blood coagulation disorders>,no,control of bleeding tendency in patients with blood coagulation factor viii deficiency,<blood coagulation disorders>,"bayer yakuhin, ltd.",bayer,,damoctocog alfa pegol,no,no,lyophilisate,,na,PMDA
intravenous,22.03.2013,2013,authorised,japan,approved,18.11.2013,2013,neoplasms; diseases of the blood and blood-forming organs,000229787.pdf,biologics,adcetris,"the following relapsed or refractory cd30-positive diseases: hodgkin’s lymphoma, anaplastic large-cell lymphoma","<hodgkin disease>; <lymphoma, large-cell, anaplastic>",no,"the following relapsed or refractory cd30-positive diseases: hodgkin’s lymphoma, anaplastic large-cell lymphoma","<hodgkin disease>; <lymphoma, large-cell, anaplastic>",takeda pharmaceutical company limited,takeda,,brentuximab vedotin,no,yes,powder,,na,PMDA
oral,09.02.2016,2016,authorised,japan,approved,25.11.2016,2016,diseases of the musculoskeletal system and connective tissue,000229930.pdf,small molecule,cymbalta,pain associated with osteoarthritis,<osteoarthritis>,yes,pain associated with osteoarthritis,<osteoarthritis>,"shionogi & co., ltd.",shionogi,,duloxetine,yes,no,capsule,,,PMDA
intravenous,31.01.2018,2018,authorised,japan,approved,28.06.2018,2018,neoplasms; diseases of the blood and blood-forming organs,000230125.pdf,biologics,adcetris,previously untreated cd30-positive hodgkin’s lymphoma,<hodgkin disease>,yes,previously untreated cd30-positive hodgkin’s lymphoma,<hodgkin disease>,takeda pharmaceutical company limited,takeda,,brentuximab vedotin,yes,yes,powder,,,PMDA
oral,24.03.2016,2016,authorised,japan,approved,24.11.2016,2016,diseases of the skin; diseases of the musculoskeletal system and connective tissue,000230195.pdf,small molecule,otezla,psoriasis vulgaris inadequately responding to topical therapy; psoriatic arthritis,"<psoriasis>; <arthritis, psoriatic>",no,psoriasis vulgaris inadequately responding to topical therapy; psoriatic arthritis,"<psoriasis>; <arthritis, psoriatic>",celgene k.k.,celgene,,apremilast,no,no,tablet,,na,PMDA
oral,14.02.2017,2017,authorised,japan,approved,08.09.2017,2017,infectious and parasitic diseases,000230308.pdf,small molecule,maviret,improvement of viremia in patients with chronic hepatitis c or compensated cirrhosis type c,<chronic hepatitis c>; <liver cirrhosis>,no,improvement of viremia in patients with chronic hepatitis c or compensated cirrhosis type c,<chronic hepatitis c>; <liver cirrhosis>,abbvie gk,abbvie,,glecaprevir hydrate/pibrentasvir,no,no,tablet,,na,PMDA
oral,11.01.2018,2018,authorised,japan,approved,03.12.2018,2018,"endocrine, nutritional, and metabolic diseases",000230401.pdf,small molecule,suglat,type 1 diabetes mellitus,<type 1 diabetes mellitus>,yes,type 1 diabetes mellitus,<type 1 diabetes mellitus>,astellas pharma inc.,astellas,,ipragliflozin,yes,no,tablet,,,PMDA
intravenous,27.10.2016,2016,authorised,japan,approved,08.09.2017,2017,diseases of the blood and blood-forming organs,000231145.pdf,biologics,afstyla,control of bleeding tendency in patients with blood coagulation factor viii deficiency,<blood coagulation disorders>,no,control of bleeding tendency in patients with blood coagulation factor viii deficiency,<blood coagulation disorders>,csl behring k.k.,csl behring,,lonoctocog alfa,no,no,solution,,na,PMDA
oral,26.02.2018,2018,authorised,japan,approved,03.12.2018,2018,diseases of the circulatory system,000231769.pdf,small molecule,minnebro,hypertension,<hypertension>,no,hypertension,<hypertension>,"daiichi sankyo company, limited",daiichi sankyo,,esaxerenone,no,no,tablet,,na,PMDA
intravenous,30.03.2018,2018,authorised,japan,approved,29.11.2018,2018,neoplasms; diseases of the respiratory system; diseases of the blood and blood-forming organs; diseases of the genitourinary system,000231921.pdf,biologics,keytruda,"unresectable malignant melanoma; unresectable, advanced or recurrent pd-l1 positive non-small cell lung cancer; relapsed or refractory classical hodgkin lymphoma; radically unresectable urothelial carcinoma that has progressed after cancer chemotherapy; advanced or recurrent microsatellite instability-high (msi-high) solid tumors that have progressed after cancer chemotherapy",<melanoma>; <lung neoplasms>; <hodgkin disease>; <urothelial carcinoma>; <microsatellite instability>,yes,,not reported,msd k.k.,msd,,pembrolizumab,yes,yes,injection,,,PMDA
intravenous,22.03.2017,2017,authorised,japan,approved,04.12.2017,2017,diseases of the nervous system,000231967.pdf,biologics,soliris,treatment of patients with generalized myasthenia gravis (only for symptoms uncontrollable with high-dose intravenous immunoglobulin therapy or plasmapheresis),<myasthenia gravis>,yes,treatment of patients with generalized myasthenia gravis (only for symptoms uncontrollable with high-dose intravenous immunoglobulin therapy or plasmapheresis),<myasthenia gravis>,alexion pharma godo kaisha,alexion,,eculizumab,yes,yes,injection,,,PMDA
oral,01.02.2017,2017,authorised,japan,approved,04.12.2017,2017,diseases of the digestive system,000232054.pdf,small molecule,goofice,chronic constipation (excluding constipation caused by organic disease),<constipation>,no,chronic constipation (excluding constipation caused by organic disease),<constipation>,"ea pharma co., ltd.",ea,,elobixibat,no,no,tablet,,na,PMDA
subcutaneous,19.12.2016,2016,authorised,japan,approved,03.12.2018,2018,diseases of the musculoskeletal system and connective tissue,000232793.pdf,biologics,evenity,osteoporosis with a high risk of fracture,<osteoporosis>,no,osteoporosis with a high risk of fracture,<osteoporosis>,amgen astellas biopharma k.k.,amgen astellas,,romosozumab,no,no,injection,,na,PMDA
oral,19.12.2018,2018,authorised,japan,approved,30.05.2019,2019,neoplasms,000232794.pdf,small molecule,rozlytrek,"ntrk fusion-positive, advanced/recurrent solid tumors",<solid tumors>,no,"ntrk fusion-positive, locally advanced or metastatic solid tumors",<neoplasms>,"chugai pharmaceutical co., ltd.",chugai,,entrectinib,no,yes,capsule,,na,PMDA
oral,22.05.2018,2018,authorised,japan,approved,21.02.2019,2019,"endocrine, nutritional, and metabolic diseases",000232846.pdf,small molecule,rosuzet,"hypercholesterolemia, familial hypercholesterolemia",<hypercholesterolemia>; <familial hypercholesterolemia>,no,"hypercholesterolemia, familial hypercholesterolemia",<hypercholesterolemia>,msd k.k.,msd,,ezetimibe / rosuvastatin calcium,no,no,tablet,,na,PMDA
oral,28.07.2017,2017,authorised,japan,approved,02.03.2018,2018,infectious and parasitic diseases,000232850.pdf,small molecule,prevymis,prophylaxis of cytomegalovirus disease in allogeneic hematopoietic stem cell transplant recipients,<cytomegalovirus infections>,no,prophylaxis of cytomegalovirus disease in allogeneic hematopoietic stem cell transplant recipients,<cytomegalovirus infections>,msd k.k.,msd,,letermovir,no,yes,tablet,,na,PMDA
intravenous,29.09.2017,2017,authorised,japan,approved,13.04.2018,2018,neoplasms; diseases of the respiratory system; diseases of the genitourinary system; diseases of the blood and blood-forming organs,000232984.pdf,biologics,opdivo,"treatment of unresectable malignant melanoma; treatment of unresectable, advanced or recurrent non-small cell lung cancer; treatment of unresectable or metastatic renal cell carcinoma; treatment of relapsed or refractory classical hodgkin lymphoma; treatment of recurrent or distant metastatic head and neck cancer; treatment of unresectable, advanced or recurrent gastric cancer that has progressed after cancer chemotherapy","<melanoma>; <lung neoplasms>; <carcinoma, renal cell>; <hodgkin disease>; <head and neck neoplasms>; <stomach neoplasms>",yes,treatment of unresectable malignant melanoma,<melanoma>,"ono pharmaceutical co., ltd.",ono,,nivolumab,yes,yes,injection,,,PMDA
intravenous,29.09.2017,2017,authorised,japan,approved,13.04.2018,2018,neoplasms,000232985.pdf,biologics,yervoy,unresectable malignant melanoma,<melanoma>,no,unresectable malignant melanoma,<melanoma>,bristol-meyers squibb k.k.,bristol-meyers squibb,,ipilimumab,no,yes,injection,,na,PMDA
oral,31.05.2018,2018,authorised,japan,approved,22.02.2019,2019,diseases of the musculoskeletal system and connective tissue,000233074.pdf,small molecule,smyraf,treatment of rheumatoid arthritis (including prevention of structural joint damage) in patients who have an inadequate response to conventional therapies.,<rheumatoid arthritis>,no,treatment of rheumatoid arthritis (including prevention of structural joint damage) in patients who have an inadequate response to conventional therapies.,<rheumatoid arthritis>,astellas pharma inc.,astellas,,peficitinib,no,no,tablet,,na,PMDA
intravenous,07.03.2017,2017,authorised,japan,approved,08.09.2017,2017,neoplasms; diseases of the skin,000233296.pdf,biologics,bavencio,unresectable merkel cell carcinoma,<merkel cell carcinoma>,no,unresectable merkel cell carcinoma,<merkel cell carcinoma>,"merck serono co., ltd.",merck,,avelumab,no,yes,injection,,na,PMDA
intravenous,24.12.2015,2015,authorised,japan,approved,09.09.2016,2016,neoplasms; diseases of the blood and blood-forming organs,000233297.pdf,biologics,empliciti,relapsed or refractory multiple myeloma,<multiple myeloma>,no,relapsed or refractory multiple myeloma,<multiple myeloma>,bristol-myers squibb k.k.,bristol-myers squibb,,elotuzumab,yes,yes,lyophilisate,,,PMDA
intravenous,02.09.2016,2016,authorised,japan,approved,30.05.2017,2017,neoplasms; diseases of the blood and blood-forming organs,000233298.pdf,small molecule,istodax,relapsed or refractory peripheral t-cell lymphoma,<peripheral t-cell lymphoma>,no,relapsed or refractory peripheral t-cell lymphoma,<peripheral t-cell lymphoma>,celgene k.k.,celgene,,romidepsin,no,yes,lyophilisate,,na,PMDA
intravenous,22.12.2017,2017,authorised,japan,approved,03.08.2018,2018,neoplasms; diseases of the respiratory system; diseases of the digestive system,000233403.pdf,biologics,opdivo,"treatment of unresectable malignant melanoma; treatment of unresectable, advanced or recurrent non-small cell lung cancer; treatment of unresectable or metastatic renal cell carcinoma; treatment of relapsed or refractory classical hodgkin lymphoma; treatment of recurrent or distant metastatic head and neck cancer; treatment of unresectable, advanced or recurrent gastric cancer that has progressed after cancer chemotherapy; treatment of unresectable, advanced or recurrent malignant pleural mesothelioma that has progressed after cancer chemotherapy","<melanoma>; <lung neoplasms>; <carcinoma, renal cell>; <hodgkin disease>; <head and neck neoplasms>; <stomach neoplasms>; <mesothelioma>",yes,,not reported,"ono pharmaceutical co., ltd.",ono,,nivolumab,yes,yes,infusion,,,PMDA
intravenous,15.01.2018,2018,authorised,japan,approved,03.08.2018,2018,neoplasms; diseases of the genitourinary system,000233404.pdf,biologics,yervoy,unresectable malignant melanoma; unresectable or metastatic renal cell carcinoma,"<melanoma>; <carcinoma, renal cell>",yes,unresectable malignant melanoma; unresectable or metastatic renal cell carcinoma,"<melanoma>; <carcinoma, renal cell>",bristol-meyers squibb k.k.,bristol-meyers squibb,,ipilimumab,yes,no,injection,,,PMDA
oral,17.08.2018,2018,authorised,japan,approved,17.07.2019,2019,neoplasms; diseases of the digestive system,000233503.pdf,small molecule,lonsurf,unresectable advanced or recurrent gastric cancer progressing after cancer chemotherapy,<gastric cancer>,yes,unresectable advanced or recurrent gastric cancer,<gastric neoplasms>,"taiho pharmaceutical co., ltd.",taiho,,trifluridine and tipiracil hydrochloride,yes,no,tablet,,,PMDA
oral,23.06.2017,2017,authorised,japan,approved,02.03.2018,2018,neoplasms; diseases of the digestive system,000233542.pdf,small molecule,lenvima,"unresectable thyroid cancer, unresectable hepatocellular carcinoma","<thyroid neoplasms>; <carcinoma, hepatocellular>",yes,unresectable hepatocellular carcinoma,<hepatocellular carcinoma>,"eisai co., ltd.",eisai,,lenvatinib mesilate,yes,no,capsule,,,PMDA
oral,28.06.2017,2017,authorised,japan,approved,01.03.2018,2018,"endocrine, nutritional, and metabolic diseases",000233695.pdf,small molecule,galafold,treatment of fabry disease with migalastat-responsive gla mutations,<fabry disease>,no,treatment of fabry disease with migalastat-responsive gla mutations,<fabry disease>,"amicus therapeutics, inc.",amicus,,migalastat,no,yes,capsule,,na,PMDA
oral,27.04.2015,2015,authorised,japan,approved,01.02.2016,2016,neoplasms; diseases of the skin,000233740.pdf,small molecule,tafinlar,unresectable malignant melanoma with braf mutations,<melanoma>,no,malignant melanoma with braf v600 mutations,<melanoma>,novartis pharma k.k.,novartis,,dabrafenib,no,yes,capsule,,na,PMDA
oral,27.04.2015,2015,authorised,japan,approved,01.02.2016,2016,neoplasms; diseases of the skin,000233741.pdf,small molecule,mekinist,unresectable malignant melanoma with braf mutations,<melanoma>,no,malignant melanoma with braf v600 mutations,<melanoma>,novartis pharma k.k.,novartis,,trametinib,no,yes,tablet,,na,PMDA
intramuscular,18.04.2017,2017,authorised,japan,approved,02.03.2018,2018,infectious and parasitic diseases,000233792.pdf,vaccine,shingrix,prevention of herpes zoster,<herpes zoster>,no,prevention of herpes zoster and postherpetic neuralgia,<herpes zoster>; <postherpetic neuralgia>,"japan vaccine co., ltd.",japan vaccine,,dried recombinant herpes zoster vaccine,no,no,lyophilisate,,na,PMDA
oral,30.11.2016,2016,authorised,japan,approved,01.08.2017,2017,diseases of the blood and blood-forming organs,000233994.pdf,small molecule,revolade,chronic idiopathic thrombocytopenic purpura; aplastic anemia,"<thrombocytopenic purpura, idiopathic>; <anemia, aplastic>",yes,chronic idiopathic thrombocytopenic purpura; aplastic anemia,"<thrombocytopenic purpura, idiopathic>; <anemia, aplastic>",novartis pharma k.k.,novartis,,eltrombopag olamine,yes,yes,tablet,,,PMDA
intramuscular,30.06.2017,2017,authorised,japan,approved,01.03.2018,2018,"endocrine, nutritional, and metabolic diseases",000234111.pdf,peptides and proteins,signifor,treatment of cushing’s disease (who have had an inadequate response to surgery or for whom surgery is not an option),<cushing syndrome>,yes,treatment of cushing’s disease,<cushing syndrome>,novartis pharma k.k.,novartis,,pasireotide,yes,yes,powder,,,PMDA
intravenous,20.12.2016,2016,authorised,japan,approved,08.09.2017,2017,neoplasms; diseases of the blood and blood-forming organs,000234203.pdf,biologics,darzalex,relapsed or refractory multiple myeloma,<multiple myeloma>,no,relapsed or refractory multiple myeloma,<multiple myeloma>,janssen pharmaceutical k.k.,janssen,,daratumumab,no,yes,solution,,na,PMDA
subcutaneous,20.04.2017,2017,authorised,japan,approved,02.03.2018,2018,diseases of the skin; diseases of the musculoskeletal system and connective tissue,000234741.pdf,biologics,tremfya,"treatment of plaque psoriasis, psoriatic arthritis, pustular psoriasis, and erythrodermic psoriasis in patients who have had an inadequate response to conventional therapies",<psoriasis>; <psoriatic arthritis>,no,"treatment of plaque psoriasis, psoriatic arthritis, pustular psoriasis, and erythrodermic psoriasis in patients who have had an inadequate response to conventional therapies",<psoriasis>; <psoriatic arthritis>,janssen pharmaceutical k.k.,janssen,,guselkumab,no,no,solution,,na,PMDA
intravenous,17.02.2017,2017,authorised,japan,approved,06.11.2017,2017,neoplasms; diseases of the respiratory system,000234771.pdf,biologics,tecentriq,unresectable advanced or recurrent non-small cell lung cancer,<non-small cell lung carcinoma>,no,unresectable advanced or recurrent non-small cell lung cancer,<non-small-cell lung carcinoma>,"chugai pharmaceutical co., ltd.",chugai,,atezolizumab,no,no,solution,,na,PMDA
intravenous,07.12.2018,2018,authorised,japan,approved,02.08.2019,2019,neoplasms; diseases of the respiratory system,000234772.pdf,biologics,tecentriq,unresectable advanced or recurrent non-small cell lung cancer; extensive-stage small cell lung cancer,<lung neoplasms>,yes,unresectable small cell lung cancer,<small cell lung carcinoma>,"chugai pharmaceutical co., ltd.",chugai,,atezolizumab,yes,yes,injection,,,PMDA
intravenous,30.11.2018,2018,authorised,japan,approved,07.08.2019,2019,neoplasms; diseases of the digestive system; diseases of the respiratory system,000234773.pdf,small molecule,abraxane,"breast cancer, gastric cancer, non-small cell lung cancer, and unresectable pancreatic cancer","<breast neoplasms>; <stomach neoplasms>; <lung neoplasms, non-small cell>; <pancreatic neoplasms>",yes,"breast cancer, gastric cancer, non-small cell lung cancer, and unresectable pancreatic cancer","<breast neoplasms>; <stomach neoplasms>; <lung neoplasms, non-small cell>; <pancreatic neoplasms>","taiho pharmaceutical co., ltd.",taiho,,paclitaxel,yes,no,suspension,,,PMDA
oral,28.09.2018,2018,authorised,japan,approved,29.08.2019,2019,diseases of the blood and blood-forming organs,000234811.pdf,small molecule,evrenzo,renal anemia in patients on dialysis,<anemia>,no,renal anemia in patients on dialysis,<anemia>,astellas pharma inc.,astellas,,roxadustat,no,no,tablet,,na,PMDA
oral,28.05.2018,2018,authorised,japan,approved,29.11.2018,2018,neoplasms; diseases of the respiratory system,000235181.pdf,small molecule,vizimpro,"egfr mutation-positive, unresectable or recurrent non-small cell lung cancer",<non-small cell lung carcinoma>,no,"egfr mutation-positive, unresectable or recurrent non-small cell lung cancer",<non-small cell lung carcinoma>,pfizer japan inc.,pfizer,,dacomitinib,no,no,tablet,,na,PMDA
intravenous,24.05.2018,2018,authorised,japan,approved,26.03.2019,2019,diseases of the musculoskeletal system and connective tissue,000235285.pdf,biologics,actemra,treatment of adult still’s disease that have not adequately responded to existing therapies,"<still's disease, adult-onset>",yes,adult still’s disease that have not adequately responded to existing therapies,"<still's disease, adult-onset>","chugai pharmaceutical co., ltd.",chugai,,tocilizumab,yes,no,solution,,,PMDA
intravenous,21.12.2018,2018,authorised,japan,approved,07.08.2019,2019,neoplasms,000235286.pdf,biologics,tecentriq,"pd-l1-positive, hormone-receptor-negative and her2-negative inoperable or recurrent breast cancer",<breast neoplasms>,yes,pd-l1-positive inoperable or recurrent breast cancer,<breast neoplasms>,"chugai pharmaceutical co., ltd.",chugai,,atezolizumab,yes,no,injection,,,PMDA
intravenous,23.01.2019,2019,authorised,japan,approved,10.10.2019,2019,neoplasms; diseases of the respiratory system,000235287.pdf,biologics,tecentriq,unresectable advanced or recurrent non-small cell lung cancer; extensive-stage small cell lung cancer,<lung neoplasms>,yes,unresectable advanced or recurrent non-small cell lung cancer,<non-small-cell lung carcinoma>,"chugai pharmaceutical co., ltd.",chugai,,atezolizumab,yes,no,injection,,,PMDA
subcutaneous,21.02.2017,2017,authorised,japan,approved,06.11.2017,2017,diseases of the skin,000235351.pdf,biologics,dupixent,atopic dermatitis that have not responded adequately to conventional treatments,"<dermatitis, atopic>",no,atopic dermatitis that have not responded adequately to conventional treatments,"<dermatitis, atopic>",sanofi k.k.,sanofi,,dupilumab,no,no,syringe,,na,PMDA
intramuscular,29.06.2018,2018,authorised,japan,approved,21.02.2019,2019,diseases of the blood and blood-forming organs; congenital malformations and chromosomal abnormalities,000235387.pdf,peptides and proteins,revcovi,adenosine deaminase deficiency,<adenosine deaminase deficiency>,no,adenosine deaminase deficiency,<adenosine deaminase deficiency>,teijin pharma limited,teijin,,elapegademase,no,yes,injection,,na,PMDA
subcutaneous,07.01.2019,2019,authorised,japan,approved,29.08.2019,2019,"endocrine, nutritional, and metabolic diseases; diseases of the musculoskeletal system and connective tissue",000235589.pdf,biologics,crysvita,fgf23-related hypophosphatemic rickets/osteomalacia,<hypophosphatemic rickets>; <osteomalacia>,no,fgf23-related hypophosphatemic rickets/osteomalacia,<hypophosphatemic rickets>; <osteomalacia>,"kyowa kirin co., ltd.",kyowa kirin,,burosumab,no,yes,injection,,na,PMDA
oral,10.08.2018,2018,authorised,japan,approved,28.05.2019,2019,mental and behavioural disorders,000235724.pdf,small molecule,intuniv,attention-deficit/hyperactivity disorder (ad/hd) in adults,<attention deficit disorder with hyperactivity>,yes,attention-deficit/hyperactivity disorder (ad/hd) in pediatric patients,<attention deficit disorder with hyperactivity>,"shionogi & co., ltd.",shionogi,,guanfacine,yes,no,tablet,,,PMDA
intravenous,30.11.2017,2017,authorised,japan,approved,24.05.2018,2018,neoplasms; diseases of the skin,000235773.pdf,biologics,poteligeo,relapsed or refractory cutaneous t-cell lymphoma,<cutaneous t-cell lymphoma>,yes,relapsed or refractory ccr4-positive cutaneous t-cell lymphoma,<cutaneous t-cell lymphoma>,"kyowa hakko kirin co., ltd.",kyowa hakko kirin,,mogamulizumab,no,yes,solution,,na,PMDA
oral,27.04.2017,2017,authorised,japan,approved,01.03.2018,2018,"endocrine, nutritional, and metabolic diseases; diseases of the genitourinary system",000235777.pdf,small molecule,orkedia,secondary hyperparathyroidism in patients on maintenance dialysis,"<hyperparathyroidism, secondary>",no,secondary hyperparathyroidism in patients on maintenance dialysis,"<hyperparathyroidism, secondary>","kyowa hakko kirin co., ltd.",kyowa hakko kirin,,evocalcet,no,no,tablet,,na,PMDA
intravenous,29.11.2018,2018,authorised,japan,approved,05.08.2019,2019,diseases of the musculoskeletal system and connective tissue,000235893.pdf,biologics,benlysta,treatment of patients with systemic lupus erythematosus who have inadequately responded to conventional treatments,<systemic lupus erythematosus>,yes,treatment of patients with systemic lupus erythematosus who have inadequately responded to conventional treatments,<systemic lupus erythematosus>,glaxosmithkline k.k.,glaxosmithkline,,belimumab,yes,no,powder,,,PMDA
intravenous,13.12.2016,2016,authorised,japan,approved,08.09.2017,2017,diseases of the musculoskeletal system and connective tissue,000235894.pdf,biologics,benlysta,treatment of patients with systemic lupus erythematosus who have inadequately responded to conventional treatments,<systemic lupus erythematosus>,no,treatment of patients with systemic lupus erythematosus who have inadequately responded to conventional treatments,<systemic lupus erythematosus>,glaxosmithkline k.k.,glaxosmithkline,,belimumab,no,no,solution,,na,PMDA
oral,28.09.2005,2005,authorised,japan,approved,28.11.2008,2008,diseases of the nervous system,000235932.pdf,small molecule,trerief,parkinson’s disease (for patients who did not respond adequately to a combination of levodopa-containing drugs with other antiparkinsonian drugs),<parkinson disease>,yes,parkinson’s disease (for patients who have not responded adequately to a combination of levodopa-containing drugs with other antiparkinsonian drugs),<parkinson disease>,"dainippon sumitomo pharma co., ltd.",dainippon sumitomo,,zonisamide,no,no,tablet,,na,PMDA
oral,30.08.2017,2017,authorised,japan,approved,08.06.2018,2018,diseases of the nervous system,000235933.pdf,small molecule,trerief,parkinsonism in dementia with lewy bodies,<parkinsonism>; <dementia with lewy bodies>,yes,parkinsonism in dementia with lewy bodies,<parkinsonism>; <dementia with lewy bodies>,"sumitomo dainippon pharma co., ltd.",sumitomo dainippon,,zonisamide,yes,no,tablet,,,PMDA
oral,28.02.2018,2018,authorised,japan,approved,03.12.2018,2018,neoplasms; diseases of the genitourinary system,000236064.pdf,small molecule,relumina,"relief of symptoms associated with uterine fibroids: menorrhagia, lower abdominal pain, lumbar pain, and anemia.",<uterine fibroids>,no,"relief of symptoms associated with uterine fibroids: menorrhagia, lower abdominal pain, lumbar pain, and anemia.",<uterine fibroids>,takeda pharmaceutical company limited,takeda,,relugolix,no,no,tablet,,na,PMDA
subcutaneous,22.02.2017,2017,authorised,japan,approved,24.11.2017,2017,diseases of the respiratory system,000236124.pdf,biologics,fasenra,bronchial asthma (only for patients with intractable bronchial asthma uncontrolled on conventional therapy),<bronchial asthma>,no,bronchial asthma (only for patients with intractable bronchial asthma uncontrolled on conventional therapy),<bronchial asthma>,astrazeneca k.k.,astrazeneca,,benralizumab,no,no,injection,,na,PMDA
oral,05.03.2019,2019,authorised,japan,approved,25.11.2019,2019,neoplasms; diseases of the genitourinary system,000236125.pdf,small molecule,nubeqa,non-metastatic castration-resistant prostate cancer,<prostatic neoplasms>,no,castration-resistant prostate cancer,<prostatic neoplasms>,"bayer yakuhin, ltd.",bayer,,darolutamide,no,no,tablet,,na,PMDA
subcutaneous,21.07.2017,2017,authorised,japan,approved,02.03.2018,2018,diseases of the blood and blood-forming organs,000236236.pdf,biologics,hemlibra,reduction in bleeding tendency in patients with congenital blood coagulation factor viii deficiency with blood coagulation factor viii inhibitors,<blood coagulation disorders>,no,reduction in bleeding tendency in patients with congenital blood coagulation factor viii deficiency with blood coagulation factor viii inhibitors,<congenital blood coagulation factor viii deficiency>,"chugai pharmaceutical co., ltd.",chugai,,emicizumab,no,yes,injection,,na,PMDA
subcutaneous,29.03.2010,2010,authorised,japan,approved,24.11.2010,2010,diseases of the blood and blood-forming organs,000236304.pdf,peptides and proteins,romiplate,chronic idiopathic thrombocytopenic purpura,"<thrombocytopenic purpura, idiopathic>",no,thrombocytopenia in adult patients with chronic immune-mediated (idiopathic) thrombocytopenic purpura,"<thrombocytopenia>; <purpura, thrombocytopenic, idiopathic>","kyowa hakko kirin co., ltd.",kyowa hakko kirin,,romiplostim,no,yes,solution,,na,PMDA
oral,12.11.2019,2019,authorised,japan,approved,26.02.2020,2020,neoplasms; diseases of the respiratory system,000236338.pdf,small molecule,tepmetko,"unresectable, advanced or recurrent met exon 14 skipping mutation-positive non-small cell lung cancer",<non-small cell lung carcinoma>,no,"unresectable, advanced or recurrent met exon 14 skipping mutation-positive non-small cell lung cancer",<non-small cell lung carcinoma>,"merck biopharma co., ltd.",merck,,tepotinib hydrochloride hydrate,no,yes,tablet,,na,PMDA
subcutaneous,31.07.2018,2018,authorised,japan,approved,28.05.2019,2019,diseases of the blood and blood-forming organs,000236502.pdf,biologics,romiplate,aplastic anemia that has not responded sufficiently to conventional treatments,<aplastic anemia>,yes,aplastic anemia,<aplastic anemia>,"kyowa hakko kirin co., ltd.",kyowa hakko kirin,,romiplostim,yes,yes,lyophilisate,,,PMDA
oral,07.03.2019,2019,authorised,japan,approved,29.11.2019,2019,mental and behavioural disorders,000236878.pdf,small molecule,dayvigo,insomnia,<insomnia>,no,insomnia,<insomnia>,"eisai co., ltd.",eisai,,lemborexant,no,no,tablet,,na,PMDA
oral,05.12.2016,2016,authorised,japan,approved,02.03.2018,2018,neoplasms; diseases of the respiratory system,000237163.pdf,small molecule,mekinist,unresectable advanced or recurrent non-small cell lung cancer with braf mutations,<lung neoplasms>,yes,unresectable advanced or recurrent non-small cell lung cancer with braf mutations,<lung neoplasms>,novartis pharma k.k.,novartis,,trametinib,no,yes,tablet,,na,PMDA
oral,05.12.2016,2016,authorised,japan,approved,02.03.2018,2018,neoplasms; diseases of the respiratory system,000237164.pdf,small molecule,tafinlar,unresectable advanced or recurrent non-small cell lung cancer with braf mutations,<lung neoplasms>,yes,unresectable advanced or recurrent non-small cell lung cancer with braf mutations,<non-small cell lung carcinoma>,novartis pharma k.k.,novartis,,dabrafenib mesilate,no,yes,capsule,,na,PMDA
oral,17.11.2017,2017,authorised,japan,approved,11.05.2018,2018,neoplasms; diseases of the respiratory system,000237219.pdf,small molecule,mekinist,unresectable malignant melanoma with braf mutations; unresectable advanced or recurrent non-small cell lung cancer with braf mutations,<melanoma>; <lung neoplasms>,yes,unresectable malignant melanoma with braf mutations,<melanoma>,novartis pharma k.k.,novartis,,trametinib dimethyl sulfoxide,yes,yes,tablet,,,PMDA
oral,17.11.2017,2017,authorised,japan,approved,11.05.2018,2018,neoplasms; diseases of the respiratory system,000237220.pdf,small molecule,tafinlar,unresectable malignant melanoma with braf mutations; unresectable advanced or recurrent non-small cell lung cancer with braf mutations,<melanoma>; <lung neoplasms>,yes,unresectable malignant melanoma with braf mutations,<melanoma>,novartis pharma k.k.,novartis,,dabrafenib mesilate,yes,yes,capsule,,,PMDA
oral,28.08.2019,2019,authorised,japan,approved,26.02.2020,2020,neoplasms; diseases of the nervous system,000237315.pdf,small molecule,velexbru,recurrent or refractory primary central nervous system lymphoma,<central nervous system neoplasms>,no,recurrent or refractory primary central nervous system lymphoma,<central nervous system neoplasms>,"ono pharmaceutical co., ltd.",ono,,tirabrutinib hydrochloride,no,yes,tablet,,na,PMDA
intravenous,26.09.2019,2019,authorised,japan,approved,28.02.2020,2020,diseases of the musculoskeletal system and connective tissue; congenital malformations and chromosomal abnormalities,000237467.pdf,peptides and proteins,viltepso,duchenne muscular dystrophy with a deletion in the dystrophin gene amenable to exon 53 skipping therapy,<duchenne muscular dystrophy>,no,duchenne muscular dystrophy with a deletion in the dystrophin gene amenable to exon 53 skipping therapy,<duchenne muscular dystrophy>,"nippon shinyaku co., ltd.",nippon shinyaku,,viltolarsen,no,yes,solution,,na,PMDA
oral,31.05.2017,2017,authorised,japan,approved,27.04.2018,2018,diseases of the digestive system,000237584.pdf,small molecule,xeljanz,induction and maintenance of remission in patients with moderately to severely active ulcerative colitis (only patients who have not adequately responded to conventional treatments),<ulcerative colitis>,yes,rheumatoid arthritis in patients who have not adequately responded to conventional treatments; induction and maintenance of remission in patients with moderate to severe ulcerative colitis (only patients who have not adequately responded to conventional treatments),<rheumatoid arthritis>; <ulcerative colitis>,pfizer japan inc.,pfizer,,tofacitinib citrate,yes,no,tablet,,,PMDA
oral,02.11.2018,2018,authorised,japan,approved,21.02.2019,2019,diseases of the circulatory system,000237869.pdf,small molecule,vyndaqel,delay of peripheral neurologic impairment in patients with transthyretin familial amyloid polyneuropathy; transthyretin amyloid cardiomyopathy (wild-type or variant),<transthyretin familial amyloid polyneuropathy>; <transthyretin amyloid cardiomyopathy>,yes,delay of peripheral neurologic impairment in patients with transthyretin familial amyloid polyneuropathy; reductions in all-cause mortality and the frequency of cardiovascular-related hospitalizations in patients with transthyretin amyloid cardiomyopathy (wild-type or variant),<transthyretin familial amyloid polyneuropathy>; <transthyretin amyloid cardiomyopathy>,pfizer japan inc.,pfizer,,tafamidis meglumine,yes,yes,capsule,,,PMDA
intravenous,15.10.2019,2019,authorised,japan,approved,26.02.2020,2020,neoplasms,000237990.pdf,small molecule,steboronine,"unresectable, locally advanced or locally recurrent head and neck cancer",<head and neck neoplasms>,no,unresectable locally recurrent head and neck cancer; unresectable advanced head and neck non-squamous cell carcinoma,<head and neck neoplasms>,stella pharma corporation,stella,,borofalan,no,no,solution,,na,PMDA
intravenous,11.07.2017,2017,authorised,japan,approved,23.05.2018,2018,diseases of the blood and blood-forming organs,000238159.pdf,biologics,refixia,control of bleeding tendency in patients with factor ix deficiency,<factor ix deficiency>,no,control of bleeding tendency in patients with factor ix deficiency,<factor ix deficiency>,novo nordisk pharma ltd.,novo nordisk,,nonacog beta pegol,no,no,powder,,na,PMDA
intravenous,30.08.2017,2017,authorised,japan,approved,25.04.2018,2018,neoplasms; diseases of the respiratory system,000238551.pdf,biologics,imfinzi,"maintenance treatment of locally-advanced, unresectable non-small cell lung cancer following definitive chemoradiotherapy",<non-small-cell lung carcinoma>,no,"locally-advanced, unresectable non-small cell lung cancer",<non-small-cell lung carcinoma>,astrazeneca k.k.,astrazeneca,,durvalumab,no,no,solution,,na,PMDA
oral,14.12.2018,2018,authorised,japan,approved,22.02.2019,2019,infectious and parasitic diseases,000238705.pdf,small molecule,biktarvy,human immunodeficiency virus type 1 (hiv-1) infection,<acquired immunodeficiency syndrome>,no,human immunodeficiency virus type 1 (hiv-1) infection,<acquired immunodeficiency syndrome>,gilead sciences k.k.,gilead,,bictegravir sodium/emtricitabine/tenofovir alafenamide fumarate,no,yes,tablet,,na,PMDA
intravenous,09.09.2019,2019,authorised,japan,approved,26.02.2020,2020,neoplasms,000238706.pdf,biologics,enhertu,unresectable or recurrent her2-positive breast cancer previously treated with chemotherapy,<breast neoplasms>,no,unresectable or recurrent her2-positive breast cancer previously treated with trastuzumab emtansine,<breast neoplasms>,"daiichi sankyo company, limited",daiichi sankyo,,trastuzumab deruxtecan,no,no,injection,,na,PMDA
intravenous,28.04.2020,2020,authorised,japan,approved,20.08.2020,2020,neoplasms; diseases of the digestive system,000238707.pdf,biologics,enhertu,unresectable advanced or recurrent her2-positive gastric cancer that has progressed after cancer chemotherapy,<gastric cancer>,yes,unresectable advanced or recurrent her2-positive gastric cancer that has progressed after cancer chemotherapy,<stomach neoplasms>,"daiichi sankyo company, limited",daiichi sankyo,,trastuzumab deruxtecan,yes,no,injection,,,PMDA
oral,12.12.2019,2019,authorised,japan,approved,28.05.2020,2020,neoplasms; diseases of the respiratory system,000238885.pdf,small molecule,tabrecta,met exon 14 skipping mutation-positive unresectable advanced or recurrent non-small cell lung cancer,<non-small cell lung cancer>,no,met mutation-positive unresectable advanced or recurrent non-small cell lung cancer,<non-small cell lung carcinoma>,novartis pharma k.k.,novartis,,capmatinib hydrochloride hydrate,no,yes,tablet,,na,PMDA
subcutaneous,25.05.2018,2018,authorised,japan,approved,22.02.2019,2019,diseases of the skin; diseases of the musculoskeletal system and connective tissue,000239461.pdf,biologics,skyrizi,"treatment of psoriasis vulgaris, psoriatic arthritis, pustular psoriasis, and erythrodermic psoriasis in patients with inadequate response to conventional therapies",<psoriasis>; <psoriatic arthritis>,no,"treatment of psoriasis vulgaris, psoriatic arthritis, pustular psoriasis, and erythrodermic psoriasis in patients with inadequate response to conventional therapies","<psoriasis>; <arthritis, psoriatic>",abbvie gk,abbvie,,risankizumab,no,no,solution,,na,PMDA
oral,28.03.2018,2018,authorised,japan,approved,30.01.2019,2019,neoplasms,000239551.pdf,small molecule,erleada,non-metastatic castration-resistant prostate cancer,<prostatic neoplasms>,no,castration-resistant prostate cancer,<prostatic neoplasms>,janssen pharmaceutical k.k.,janssen,,apalutamide,no,no,tablet,,na,PMDA
inhalation,10.07.2018,2018,authorised,japan,approved,19.04.2019,2019,infectious and parasitic diseases,000239716.pdf,small molecule,inavir,treatment of influenza a or b virus infection,<influenza>,no,treatment of influenza a or b virus infection,<influenza>,"daiichi sankyo company, limited",daiichi sankyo,,laninamivir octanoate hydrate,yes,no,suspension,,,PMDA
intravenous,26.03.2020,2020,authorised,japan,approved,04.09.2020,2020,neoplasms; diseases of the respiratory system,000239770.pdf,biologics,akalux,unresectable locally advanced or recurrent head and neck cancer,<head and neck neoplasms>,no,recurrent head and neck cancer,<head and neck neoplasms>,rakuten medical japan k.k.,rakuten,,cetuximab sarotalocan sodium,no,no,injection,,na,PMDA
oral,17.10.2018,2018,authorised,japan,approved,30.05.2019,2019,neoplasms; diseases of the blood and blood-forming organs,000240288.pdf,small molecule,vanflyta,relapsed or refractory flt3-itd mutation-positive acute myeloid leukemia,"<leukemia, myeloid, acute>",no,relapsed or refractory flt3-itd mutation-positive acute myeloid leukemia,"<leukemia, myeloid, acute>","daiichi sankyo company, limited",daiichi sankyo,,quizartinib hydrochloride,no,yes,tablet,,na,PMDA
oral,25.04.2018,2018,authorised,japan,approved,29.11.2018,2018,neoplasms; diseases of the skin,000240418.pdf,small molecule,braftovi,unresectable malignant melanoma with braf gene mutation,<melanoma>,no,unresectable malignant melanoma with braf gene mutation,<melanoma>,"ono pharmaceutical co., ltd.",ono,,encorafenib,no,yes,capsule,,na,PMDA
oral,25.04.2018,2018,authorised,japan,approved,29.11.2018,2018,neoplasms; diseases of the skin,000240419.pdf,small molecule,mektovi,unresectable malignant melanoma with braf gene mutation,<melanoma>,no,unresectable malignant melanoma with braf gene mutation,<melanoma>,"ono pharmaceutical co., ltd.",ono,,binimetinib,no,yes,tablet,,na,PMDA
inhalation,07.09.2018,2018,authorised,japan,approved,30.05.2019,2019,diseases of the respiratory system,000240531.pdf,small molecule,bevespi aerosphere,"relief of symptoms of chronic obstructive pulmonary disease (chronic bronchitis, emphysema) secondary to airway obstructive disorder",<chronic obstructive pulmonary disease>,no,"relief of symptoms of chronic obstructive pulmonary disease (chronic bronchitis, emphysema) secondary to airway obstructive disorder",<chronic obstructive pulmonary disease>,astrazeneca k.k.,astrazeneca,,glycopyrronium bromide /formoterol fumarate hydrate,no,no,aerosol,,na,PMDA
inhalation,04.09.2018,2018,authorised,japan,approved,30.05.2019,2019,diseases of the respiratory system,000240532.pdf,small molecule,breztri aerosphere,"relief of symptoms of chronic obstructive pulmonary disease (chronic bronchitis, emphysema) (requiring a combination therapy with an inhaled corticosteroid, an inhaled long-acting muscarinic antagonist, and an inhaled long-acting beta2 agonist)",<chronic obstructive pulmonary disease>,no,"relief of symptoms of chronic obstructive pulmonary disease (chronic bronchitis, emphysema) (requiring a combination therapy with an inhaled corticosteroid, an inhaled long-acting muscarinic antagonist, and an inhaled long-acting beta2 agonist)",<chronic obstructive pulmonary disease>,astrazeneca k.k.,astrazeneca,,budesonide/ glycopyrronium bromide /formoterol fumarate hydrate,no,no,aerosol,,na,PMDA
intravenous,14.12.2018,2018,authorised,japan,approved,06.06.2019,2019,neoplasms; diseases of the blood and blood-forming organs,000240736.pdf,biologics,darzalex,relapsed or refractory multiple myeloma,<multiple myeloma>,yes,relapsed or refractory multiple myeloma,<multiple myeloma>,janssen pharmaceutical k.k.,janssen,,daratumumab,yes,yes,solution,,,PMDA
intravenous; subcutaneous,14.12.2018,2018,authorised,japan,approved,,2019,neoplasms; diseases of the blood and blood-forming organs,000240737.pdf,small molecule,velcade,multiple myeloma; mantle cell lymphoma; primary macroglobulinemia and lymphoplasmacytic lymphoma,"<multiple myeloma>; <lymphoma, mantle-cell>; <waldenstrom macroglobulinemia>; <lymphoma, lymphoplasmacytic>",yes,multiple myeloma; mantle cell lymphoma; primary macroglobulinemia and lymphoplasmacytic lymphoma,"<multiple myeloma>; <lymphoma, mantle-cell>; <waldenstrom macroglobulinemia>; <lymphoma, lymphoplasmacytic>",janssen pharmaceutical k.k.,janssen,,bortezomib,yes,yes,lyophilisate,,,PMDA
cutaneous,31.01.2019,2019,authorised,japan,approved,25.10.2019,2019,diseases of the skin,000240793.pdf,small molecule,corectim,atopic dermatitis,"<dermatitis, atopic>",no,atopic dermatitis,"<dermatitis, atopic>",japan tobacco inc.,japan tobacco,,delgocitinib,no,no,ointment,,na,PMDA
oral,04.03.2020,2020,authorised,japan,approved,30.10.2020,2020,neoplasms; diseases of the digestive system,000240840.pdf,small molecule,braftovi,unresectable advanced or recurrent colorectal cancer with braf mutation that has progressed after cancer chemotherapy,<colorectal neoplasms>,yes,unresectable advanced or recurrent colorectal cancer with braf mutation,<colorectal neoplasms>,"ono pharmaceutical co., ltd.",ono,,encorafenib,no,no,capsule,,na,PMDA
oral,04.03.2020,2020,authorised,japan,approved,30.10.2020,2020,neoplasms; diseases of the digestive system,000240841.pdf,small molecule,mektovi,unresectable advanced or recurrent colorectal cancer with braf mutation that has progressed after cancer chemotherapy,<colorectal neoplasms>,yes,unresectable advanced or recurrent colorectal cancer with braf mutation,<colorectal neoplasms>,"ono pharmaceutical co., ltd.",ono,,binimetinib,no,no,tablet,,na,PMDA
intravenous,28.03.2019,2019,authorised,japan,approved,09.01.2020,2020,neoplasms; diseases of the digestive system,000241165.pdf,biologics,opdivo,"treatment of unresectable, advanced or recurrent microsatellite instability-high (msi-high) colorectal cancer that has progressed after cancer chemotherapy; treatment of unresectable, advanced or recurrent esophageal cancer that has progressed after cancer chemotherapy",<colorectal neoplasms>; <esophageal neoplasms>,yes,"treatment of unresectable, advanced or recurrent microsatellite instability-high (msi-high) colorectal cancer that has progressed after cancer chemotherapy; treatment of unresectable, advanced or recurrent esophageal cancer that has progressed after cancer chemotherapy",<colorectal neoplasms>; <esophageal neoplasms>,"ono pharmaceutical co., ltd.",ono,,nivolumab,yes,no,injection,,,PMDA
oral,24.04.2019,2019,authorised,japan,approved,29.11.2019,2019,"endocrine, nutritional, and metabolic diseases",000241166.pdf,small molecule,orkedia,hypercalcaemia in patients with parathyroid carcinoma and hypercalcaemia in patients with primary hyperparathyroidism who are unable to undergo parathyroidectomy or patients with recurrent primary hyperparathyroidism after parathyroidectomy,"<hypercalcemia>; <parathyroid neoplasms>; <hyperparathyroidism, primary>",yes,hypercalcaemia in patients with parathyroid carcinoma and hypercalcaemia in patients with primary hyperparathyroidism who are unable to undergo parathyroidectomy or patients with recurrent primary hyperparathyroidism after parathyroidectomy,"<parathyroid neoplasms>; <hyperparathyroidism, primary>","kyowa kirin co., ltd.",kyowa kirin,,evocalcet,yes,yes,tablet,,,PMDA
oral,07.04.2020,2020,authorised,japan,approved,29.06.2020,2020,neoplasms; diseases of the blood and blood-forming organs,000241167.pdf,small molecule,velexbru,recurrent or refractory primary central nervous system lymphoma; waldenström’s macroglobulinemia and lymphoplasmacytic lymphoma,<central nervous system neoplasms>; <waldenstrom macroglobulinemia>; <lymphoma>,yes,recurrent or refractory primary central nervous system lymphoma; waldenström’s macroglobulinemia and lymphoplasmacytic lymphoma,"<central nervous system neoplasms>; <waldenstrom macroglobulinemia>; <lymphoma, lymphoplasmacytic>","ono pharmaceutical co., ltd.",ono,,tirabrutinib hydrochloride,yes,yes,tablet,,,PMDA
oral,07.01.2019,2019,authorised,japan,approved,21.05.2020,2020,diseases of the nervous system,000241414.pdf,small molecule,mayzent,prevention of relapsing secondary progressive multiple sclerosis and delay in the progression of associated physical disability,"<multiple sclerosis, relapsing-remitting>",no,prevention of relapsing secondary progressive multiple sclerosis and delay in the progression of associated physical disability,"<multiple sclerosis, relapsing-remitting>",novartis pharma k.k.,novartis,,siponimod,no,yes,tablet,,na,PMDA
intravenous,23.08.2019,2019,authorised,japan,approved,28.05.2020,2020,neoplasms; diseases of the blood and blood-forming organs,000242148.pdf,biologics,sarclisa,relapsed or refractory multiple myeloma,<multiple myeloma>,no,relapsed or refractory multiple myeloma,<multiple myeloma>,sanofi k.k.,sanofi,,isatuximab,no,no,injection,,na,PMDA
oral,31.01.2020,2020,authorised,japan,approved,30.10.2020,2020,diseases of the blood and blood-forming organs,000242285.pdf,small molecule,orladeyo,prevention of acute attacks of hereditary angioedema,"<angioedema, hereditary>",no,prevention of acute attacks of hereditary angioedema,"<angioedema, hereditary>","orphanpacific, inc.",orphanpacific,,berotralstat,no,yes,capsule,,na,PMDA
intravenous,29.09.2020,2020,authorised,japan,approved,25.02.2021,2021,"endocrine, nutritional, and metabolic diseases",000242410.pdf,biologics,izcargo,mucopolysaccharidosis type ii,<mucopolysaccharidoses>,no,mucopolysaccharidosis type ii,<mucopolysaccharidoses>,"jcr pharmaceuticals co., ltd.",jcr,,pabinafusp alfa,no,yes,lyophilisate,,na,PMDA
oral,11.03.2016,2016,authorised,japan,approved,30.05.2017,2017,diseases of the musculoskeletal system and connective tissue,000242825.pdf,small molecule,olumiant,rheumatoid arthritis in patients who have had an inadequate response to conventional treatments,<rheumatoid arthritis>,no,rheumatoid arthritis in patients who have had an inadequate response to conventional treatments,<rheumatoid arthritis>,eli lilly japan k.k.,eli lilly,,baricitinib,no,no,tablet,,na,PMDA
oral,27.11.2018,2018,authorised,japan,approved,11.12.2020,2020,"neoplasms; endocrine, nutritional, and metabolic diseases",000242929.pdf,small molecule,adlumiz,cancer cachexia,<cachexia>,no,improvement in body weight loss and anorexia in cancer cachexia,<cachexia>,"ono pharmaceutical co., ltd.",ono,,anamorelin hydrochloride,no,no,tablet,,na,PMDA
intravenous,29.03.2019,2019,authorised,japan,approved,05.11.2019,2019,neoplasms; diseases of the blood and blood-forming organs,000243154.pdf,biologics,adcetris,"the following cd30-positive diseases: hodgkin’s lymphoma, peripheral t-cell lymphoma",<hodgkin disease>; <peripheral t-cell lymphoma>,yes,"the following cd30-positive diseases: hodgkin’s lymphoma, peripheral t-cell lymphoma, relapsed or refractory anaplastic large-cell lymphoma",<hodgkin disease>; <peripheral t-cell lymphoma>; <anaplastic large-cell lymphoma>,takeda pharmaceutical company limited,takeda,,brentuximab vedotin,yes,yes,powder,,,PMDA
intramuscular,18.12.2020,2020,authorised,japan,approved,12.02.2021,2021,infectious and parasitic diseases,000243206.pdf,vaccine,comirnaty,prevention of disease caused by sars-cov-2 infection (covid-19),<covid-19>,no,prevention of disease caused by sars-cov-2 infection (covid-19),<covid-19>,pfizer japan inc.,pfizer,,coronavirus modified uridine rna vaccine,no,no,injection,,na,PMDA
oral,25.12.2020,2020,authorised,japan,approved,21.04.2021,2021,infectious and parasitic diseases; diseases of the respiratory system,000243207.pdf,small molecule,olumiant,pneumonia caused by sars-cov-2 infection (covid-19) (limited to patients requiring supplemental oxygen),<pneumonia>; <covid-19>,yes,disease caused by sars-cov-2 infection (covid-19),<covid-19>,eli lilly japan k.k.,eli lilly,,baricitinib,yes,no,tablet,,,PMDA
intravenous,04.05.2020,2020,authorised,japan,approved,07.05.2020,2020,infectious and parasitic diseases,000243209.pdf,small molecule,veklury,disease caused by sars-cov-2 infection (covid-19),<coronavirus infections>,no,disease caused by sars-cov-2 infection (covid-19),<covid-19>,gilead sciences k.k.,gilead,,remdesivir,yes,no,solution,,,PMDA
intramuscular,05.03.2021,2021,authorised,japan,approved,20.05.2021,2021,infectious and parasitic diseases,000243267.pdf,vaccine,covid-19 vaccine moderna,prevention of disease caused by sars-cov-2 infection (covid-19),<sars-cov-2 infections>,no,prevention of disease caused by sars-cov-2 infection (covid-19),<covid-19>,takeda pharmaceutical company limited,takeda,,coronavirus modified uridine rna vaccine,no,no,suspension,,na,PMDA
oral,29.01.2020,2020,authorised,japan,approved,04.12.2020,2020,diseases of the skin; diseases of the musculoskeletal system and connective tissue,000243471.pdf,small molecule,olumiant,rheumatoid arthritis in patients who have had an inadequate response to conventional treatments (including the prevention of structural joint damage); moderate to severe atopic dermatitis,"<rheumatoid arthritis>; <dermatitis, atopic>",yes,moderate to severe atopic dermatitis,"<dermatitis, atopic>",eli lilly japan k.k.,eli lilly,,baricitinib,yes,no,tablet,,,PMDA
oral,27.02.2019,2019,authorised,japan,approved,29.05.2020,2020,diseases of the nervous system,000243472.pdf,small molecule,ongentys,improvement of end-of-dose motor fluctuations (wearing-off phenomenon) in patients with parkinson’s disease by combination use with levodopa/carbidopa or levodopa/benserazide hydrochloride,<parkinson disease>,no,improvement of end-of-dose motor fluctuations (wearing-off phenomenon) in patients with parkinson’s disease by combination use with levodopa/carbidopa or levodopa/benserazide hydrochloride,<parkinson disease>,"ono pharmaceutical co., ltd.",ono,,opicapone,no,no,tablet,,na,PMDA
intravenous,13.11.2019,2019,authorised,japan,approved,29.06.2020,2020,neoplasms; diseases of the respiratory system,000243599.pdf,biologics,imfinzi,"maintenance treatment of locally-advanced, unresectable non-small cell lung cancer following definitive chemoradiotherapy; extensive-stage small cell lung cancer",<non-small cell lung carcinoma>; <small cell lung carcinoma>,yes,extensive-stage small cell lung cancer,<lung neoplasms>,astrazeneca k.k.,astrazeneca,,durvalumab,yes,no,injection,,,PMDA
oral,29.11.2019,2019,authorised,japan,approved,27.08.2020,2020,diseases of the blood and blood-forming organs,000243772.pdf,small molecule,enaroy,renal anemia,<anemia>,no,renal anemia,<anemia>,japan tobacco inc.,japan tobacco,,enarodustat,no,no,tablet,,na,PMDA
oral,24.10.2019,2019,authorised,japan,approved,20.05.2020,2020,diseases of the respiratory system,000243773.pdf,small molecule,ofev,idiopathic pulmonary fibrosis; systemic sclerosis-associated interstitial lung disease; progressive fibrosing interstitial lung disease,<idiopathic pulmonary fibrosis>; <systemic sclerosis>; <interstitial lung diseases>,yes,progressive fibrosing interstitial lung disease,<interstitial lung diseases>,"nippon boehringer ingelheim co., ltd.",boehringer ingelheim,,nintedanib,yes,no,capsule,,,PMDA
oral,08.07.2019,2019,authorised,japan,approved,29.05.2020,2020,diseases of the blood and blood-forming organs,000243933.pdf,small molecule,vafseo,renal anemia,<anemia>,no,renal anemia,<anemia>,mitsubishi tanabe pharma corporation,mitsubishi tanabe,,vadadustat,no,no,tablet,,na,PMDA
subcutaneous,08.11.2019,2019,authorised,japan,approved,29.05.2020,2020,diseases of the nervous system,000244464.pdf,biologics,enspryng,prevention of relapse of neuromyelitis optica spectrum disorder (including neuromyelitis optica),<neuromyelitis optica spectrum disorder>,no,prevention of relapse of neuromyelitis optica spectrum disorder (including neuromyelitis optica),<neuromyelitis optica spectrum disorder>,"chugai pharmaceutical co., ltd.",chugai,,satralizumab,no,yes,solution,,na,PMDA
intravenous,12.11.2019,2019,authorised,japan,approved,15.07.2020,2020,neoplasms; diseases of the digestive system,000244664.pdf,biologics,opdivo,"unresectable, advanced or recurrent microsatellite instability-high (msi-high) colorectal cancer that has progressed after cancer chemotherapy",<colorectal neoplasms>,yes,"unresectable, advanced or recurrent microsatellite instability-high (msi-high) colorectal cancer that has progressed after cancer chemotherapy",<colorectal neoplasms>,"ono pharmaceutical co., ltd.",ono,,nivolumab,yes,no,injection,,,PMDA
intravenous,12.11.2019,2019,authorised,japan,approved,26.08.2020,2020,neoplasms; diseases of the digestive system,000244665.pdf,biologics,yervoy,"unresectable, advanced or recurrent microsatellite instability-high (msi-high) colorectal cancer that has progressed after cancer chemotherapy",<colorectal neoplasms>,yes,"unresectable, advanced or recurrent microsatellite instability-high (msi-high) colorectal cancer that has progressed after cancer chemotherapy",<colorectal neoplasms>,bristol-myers squibb k.k.,bristol-myers squibb,,ipilimumab,yes,no,injection,,,PMDA
intravenous; subcutaneous,11.10.2021,2021,authorised,japan,approved,04.11.2021,2021,infectious and parasitic diseases,000244786.pdf,biologics,ronapreve,treatment and suppression of development of disease caused by sars-cov-2 infection (covid-19),<coronavirus infections>,yes,treatment and prevention of disease caused by sars-cov-2 infection (covid-19),<sars-cov-2 infections>,"chugai pharmaceutical co., ltd.",chugai,,casirivimab and imdevimab,no,no,injection,,na,PMDA
intravenous,29.06.2021,2021,authorised,japan,approved,19.07.2021,2021,infectious and parasitic diseases,000244787.pdf,biologics,ronapreve,treatment of disease caused by sars-cov-2 infection (covid-19),<covid-19>,no,treatment of disease caused by sars-cov-2 infection (covid-19),<covid-19>,"chugai pharmaceutical co., ltd.",chugai,,casirivimab and imdevimab,no,no,solution,,na,PMDA
oral,03.12.2021,2021,authorised,japan,approved,24.12.2021,2021,infectious and parasitic diseases,000245005.pdf,small molecule,lagevrio,treatment of disease caused by sars-cov-2 infection (covid-19),<covid-19>,no,treatment of disease caused by sars-cov-2 infection (covid-19),<covid-19>,msd k.k.,msd,,molnupiravir,yes,no,capsule,,,PMDA
intravenous,06.09.2021,2021,authorised,japan,approved,27.09.2021,2021,infectious and parasitic diseases,000245006.pdf,biologics,xevudy,disease caused by sars-cov-2 infection (covid-19),<coronavirus infections>,no,disease caused by sars-cov-2 infection (covid-19),<covid-19>,glaxosmithkline k.k.,glaxosmithkline,,sotrovimab,no,no,solution,,na,PMDA
oral,28.02.2020,2020,authorised,japan,approved,04.09.2020,2020,neoplasms; diseases of the genitourinary system,000245811.pdf,small molecule,zejula,maintenance treatment of ovarian cancer after the initial chemotherapy; maintenance treatment of platinum-sensitive recurrent ovarian cancer; treatment of platinum-sensitive recurrent ovarian cancer with homologous recombination deficiency,<ovarian neoplasms>; <recurrent ovarian cancer>,no,maintenance treatment of ovarian cancer after the initial chemotherapy; maintenance treatment of platinum-sensitive recurrent ovarian cancer; treatment of platinum-sensitive recurrent ovarian cancer with homologous recombination deficiency,<ovarian neoplasms>,takeda pharmaceutical company limited,takeda,,niraparib,no,no,capsule,,na,PMDA
oral,25.11.2014,2014,authorised,japan,approved,28.08.2015,2015,diseases of the skin,000245812.pdf,small molecule,zagallo,androgenetic alopecia in men,<androgenetic alopecia>,yes,"hair growth, hair restoration, and prevention of the progression of hair loss in men with androgenetic alopecia",<androgenetic alopecia>,glaxosmithkline k.k.,glaxosmithkline,,dutasteride,yes,no,capsule,,,PMDA
intravenous,08.11.2019,2019,authorised,japan,approved,07.07.2020,2020,neoplasms; diseases of the digestive system,000245967.pdf,biologics,keytruda,"radically unresectable, advanced or recurrent pd-l1 positive esophageal squamous cell carcinoma that has progressed after cancer chemotherapy",<esophageal squamous cell carcinoma>,yes,"unresectable, advanced or recurrent esophageal cancer",<esophageal neoplasms>,msd k.k.,msd,,pembrolizumab,yes,no,injection,,,PMDA
intramuscular,28.09.2021,2021,authorised,japan,approved,10.11.2021,2021,infectious and parasitic diseases,000245968.pdf,vaccine,comirnaty,prevention of disease caused by sars-cov-2 infection (covid-19),<covid-19>,yes,prevention of disease caused by sars-cov-2 infection (covid-19),<sars-cov-2>,pfizer japan inc.,pfizer,,coronavirus modified uridine rna vaccine,yes,no,injection,,,PMDA
intramuscular,10.11.2021,2021,authorised,japan,approved,20.01.2022,2022,infectious and parasitic diseases,000245994.pdf,vaccine,comirnaty,prevention of disease caused by sars-cov-2 infection (covid-19),<covid-19>,yes,prevention of disease caused by sars-cov-2 infection (covid-19),<covid-19>,pfizer japan inc.,pfizer,,coronavirus modified uridine rna vaccine,yes,no,injection,,,PMDA
oral,30.07.2020,2020,authorised,japan,approved,22.02.2021,2021,neoplasms,000246143.pdf,small molecule,lenvima,"unresectable thyroid cancer, unresectable hepatocellular carcinoma, unresectable thymic carcinoma","<thyroid neoplasms>; <carcinoma, hepatocellular>; <thymus neoplasms>",yes,unresectable thymic carcinoma,<thymic carcinoma>,"eisai co., ltd.",eisai,,lenvatinib mesilate,yes,yes,capsule,,,PMDA
oral,14.01.2022,2022,authorised,japan,approved,10.02.2022,2022,infectious and parasitic diseases,000246305.pdf,small molecule,paxlovid,treatment of disease caused by sars-cov-2 infection (covid-19),<covid-19>,no,treatment of disease caused by sars-cov-2 infection (covid-19),<covid-19>,pfizer japan inc.,pfizer,,nirmatrelvir and ritonavir,yes,no,tablet,,,PMDA
intravenous,13.12.2021,2021,authorised,japan,approved,07.01.2022,2022,infectious and parasitic diseases; diseases of the respiratory system,000246328.pdf,biologics,actemra,pneumonia caused by sars-cov-2 infection (covid-19) (limited to patients requiring supplemental oxygen),<pneumonia>,yes,pneumonia caused by sars-cov-2 infection (covid-19) (limited to patients requiring supplemental oxygen),<pneumonia>; <covid-19>,"chugai pharmaceutical co., ltd.",chugai,,tocilizumab,yes,no,concentrate,,,PMDA
intravenous,10.12.2020,2020,authorised,japan,approved,,2021,neoplasms; diseases of the digestive system,000246571.pdf,biologics,opdivo,"treatment of unresectable, advanced or recurrent gastric cancer; adjuvant therapy of esophageal cancer",<gastric cancer>; <esophageal neoplasms>,yes,"treatment of unresectable, advanced or recurrent gastric cancer previously untreated with chemotherapy; adjuvant therapy of esophageal cancer",<gastric neoplasms>; <esophageal neoplasms>,"ono pharmaceutical co., ltd.",ono,,nivolumab,yes,no,injection,,,PMDA
oral,16.01.2020,2020,authorised,japan,approved,29.10.2020,2020,"endocrine, nutritional, and metabolic diseases; diseases of the circulatory system",000246621.pdf,small molecule,forxiga,chronic heart failure,<heart failure>,yes,chronic heart failure,<heart failure>,astrazeneca k.k.,astrazeneca,,dapagliflozin,no,no,tablet,,na,PMDA
oral,30.07.2020,2020,authorised,japan,approved,26.05.2021,2021,"endocrine, nutritional, and metabolic diseases",000246722.pdf,small molecule,twymeeg,type 2 diabetes mellitus,<type 2 diabetes mellitus>,no,type 2 diabetes mellitus,<type 2 diabetes mellitus>,"sumitomo dainippon pharma co., ltd.",sumitomo dainippon,,imeglimin hydrochloride,no,no,tablet,,na,PMDA
oral,16.10.2019,2019,authorised,japan,approved,30.10.2020,2020,infectious and parasitic diseases,000246924.pdf,small molecule,xofluza,treatment and prophylaxis of influenza a or b virus infection,<influenza>,yes,prophylaxis of influenza a or b virus infection,<influenza>,"shionogi & co., ltd.",shionogi,,baloxavir marboxil,no,no,tablet,,na,PMDA
subcutaneous,24.01.2020,2020,authorised,japan,approved,02.12.2020,2020,diseases of the nervous system,000247408.pdf,biologics,emgality,prevention of migraine attacks,<migraine disorders>,no,prevention of migraine attacks,<migraine disorders>,eli lilly japan k.k.,eli lilly,,galcanezumab,no,no,injection,,na,PMDA
intravenous,30.09.2021,2021,authorised,japan,approved,25.02.2022,2022,"endocrine, nutritional, and metabolic diseases",000247409.pdf,biologics,xenpozyme,acid sphingomyelinase deficiency,<acid sphingomyelinase deficiency>,no,acid sphingomyelinase deficiency,<acid sphingomyelinase deficiency>,sanofi k.k.,sanofi,,olipudase alfa,no,yes,lyophilisate,,na,PMDA
oral,14.02.2020,2020,authorised,japan,approved,02.12.2020,2020,diseases of the circulatory system,000247811.pdf,small molecule,xarelto,treatment of venous thromboembolism and prevention of its recurrence,<venous thromboembolism>,yes,treatment of pediatric venous thromboembolism and prevention of its recurrence,<venous thromboembolism>,"bayer yakuhin, ltd.",bayer,,rivaroxaban,yes,no,tablet,,,PMDA
oral,08.10.2019,2019,authorised,japan,approved,04.09.2020,2020,diseases of the musculoskeletal system and connective tissue,000247830.pdf,small molecule,jyseleca,rheumatoid arthritis in patients who have had an inadequate response to conventional therapies (including the prevention of structural joint damage),<rheumatoid arthritis>,no,rheumatoid arthritis in patients who have had an inadequate response to conventional therapies (including the prevention of structural joint damage),<rheumatoid arthritis>,gilead sciences k.k.,gilead,,filgotinib maleate,no,no,tablet,,na,PMDA
percutaneous,06.07.2022,2022,authorised,japan,approved,29.07.2022,2022,infectious and parasitic diseases,000247943.pdf,vaccine,freeze-dried smallpox vaccine prepared in cell culture lc16 “kmb”,prevention of smallpox and monkeypox,<smallpox>; <monkeypox>,yes,prevention of smallpox and monkeypox,<smallpox>; <monkeypox>,"km biologics co., ltd.",km biologics,,freeze-dried smallpox vaccine prepared in cell culture,yes,no,powder,,,PMDA
oral,28.05.2020,2020,authorised,japan,approved,25.02.2021,2021,mental and behavioural disorders,000248223.pdf,small molecule,lonasen,schizophrenia,<schizophrenia>,yes,schizophrenia,<schizophrenia>,"sumitomo dainippon pharma co., ltd.",sumitomo dainippon,,blonanserin,yes,no,tablet,,,PMDA
intramuscular,16.12.2021,2021,authorised,japan,approved,18.04.2022,2022,infectious and parasitic diseases,000248293.pdf,vaccine,nuvaxovid,prevention of disease caused by sars-cov-2 infection (covid-19),<coronavirus infections>,no,prevention of disease caused by sars-cov-2 infection (covid-19),<coronavirus infections>,takeda pharmaceutical company limited,takeda,,recombinant coronavirus (sars-cov-2) vaccine,yes,no,injection,,,PMDA
oral,29.07.2020,2020,authorised,japan,approved,25.02.2021,2021,diseases of the circulatory system,000248791.pdf,small molecule,volibris,pulmonary arterial hypertension,<pulmonary hypertension>,yes,pulmonary arterial hypertension,<pulmonary hypertension>,glaxosmithkline k.k.,glaxosmithkline,,ambrisentan,yes,yes,tablet,,,PMDA
intramuscular,08.08.2022,2022,authorised,japan,approved,07.09.2022,2022,infectious and parasitic diseases,000249126.pdf,vaccine,comirnaty,prevention of disease caused by sars-cov-2 infection (covid-19),<covid-19>,yes,prevention of disease caused by sars-cov-2 infection (covid-19),<sars-cov-2>,pfizer japan inc.,pfizer,,coronavirus modified uridine rna vaccine,yes,no,injection,,,PMDA
intramuscular,22.06.2022,2022,authorised,japan,approved,17.08.2022,2022,infectious and parasitic diseases,000249127.pdf,vaccine,comirnaty,prevention of disease caused by sars-cov-2 infection (covid-19),<sars-cov-2 infections>,no,prevention of disease caused by sars-cov-2 infection (covid-19),<covid-19>,pfizer japan inc.,pfizer,,coronavirus modified uridine rna vaccine,yes,no,injection,,,PMDA
intramuscular,10.08.2022,2022,authorised,japan,approved,06.09.2022,2022,infectious and parasitic diseases,000249128.pdf,vaccine,spikevax,prevention of disease caused by sars-cov-2 infection (covid-19),<covid-19>,yes,prevention of disease caused by sars-cov-2 infection (covid-19),<sars-cov-2>,"moderna japan co., ltd.",moderna,,coronavirus modified uridine rna vaccine,no,no,suspension,,na,PMDA
intramuscular,10.11.2021,2021,authorised,japan,approved,15.12.2021,2021,infectious and parasitic diseases,000249129.pdf,vaccine,covid-19 vaccine moderna,prevention of disease caused by sars-cov-2 infection (covid-19),<sars-cov-2 infections>,yes,prevention of disease caused by sars-cov-2 infection (covid-19),<sars-cov-2>,takeda pharmaceutical company limited,takeda,,coronavirus modified uridine rna vaccine,yes,no,suspension,,,PMDA
intramuscular,14.07.2022,2022,authorised,japan,approved,05.10.2022,2022,infectious and parasitic diseases,000249724.pdf,vaccine,comirnaty,prevention of disease caused by sars-cov-2 infection (covid-19),<coronavirus infections>,yes,prevention of disease caused by sars-cov-2 infection (covid-19),<sars-cov-2>,pfizer japan inc.,pfizer,,coronavirus modified uridine rna vaccine,yes,no,injection,,,PMDA
oral,25.02.2022,2022,authorised,japan,approved,22.11.2022,2022,infectious and parasitic diseases,000249828.pdf,small molecule,xocova,disease caused by sars-cov-2 infection (covid-19),<coronavirus infections>,no,disease caused by sars-cov-2 infection (covid-19),<covid-19>,"shionogi & co., ltd.",shionogi,,ensitrelvir fumaric acid,no,no,tablet,,na,PMDA
intramuscular,09.06.2022,2022,authorised,japan,approved,29.08.2022,2022,infectious and parasitic diseases,000250093.pdf,biologics,evusheld,treatment and prevention of disease caused by sars-cov-2 infection (covid-19),<covid-19>,no,prevention and treatment of disease caused by sars-cov-2 infection (covid-19),<sars-cov-2 infections>,astrazeneca k.k.,astrazeneca,,tixagevimab and cilgavimab,no,no,injection,,na,PMDA
intramuscular,05.02.2021,2021,authorised,japan,approved,20.05.2021,2021,infectious and parasitic diseases,000250094.pdf,vaccine,vaxzevria,prevention of disease caused by sars-cov-2 infection (covid-19),<coronavirus infections>,no,prevention of disease caused by sars-cov-2 infection (covid-19),<covid-19>,astrazeneca k.k.,astrazeneca,,covid-19 (sars-cov-2) vaccine,no,no,injection,,na,PMDA
intramuscular,24.05.2021,2021,authorised,japan,approved,30.05.2022,2022,infectious and parasitic diseases,000250190.pdf,vaccine,jcovden,prevention of disease caused by sars-cov-2 infection (covid-19),<coronavirus infections>,no,prevention of disease caused by sars-cov-2 infection (covid-19),<sars-cov-2>,janssen pharmaceutical k.k.,janssen,,covid-19 (sars-cov-2) vaccine,no,no,injection,,na,PMDA
oral,30.06.2020,2020,authorised,japan,approved,28.05.2021,2021,neoplasms; diseases of the blood and blood-forming organs,000250191.pdf,small molecule,tazverik,relapsed or refractory ezh2 gene mutation-positive follicular lymphoma (limited to those refractory to standard treatments),<follicular lymphoma>,no,relapsed or refractory ezh2 gene mutation-positive follicular lymphoma (limited to those refractory to standard treatments),<follicular lymphoma>,"eisai co., ltd.",eisai,,tazemetostat hydrobromide,no,no,tablet,,na,PMDA
oral,05.06.2020,2020,authorised,japan,approved,28.04.2021,2021,diseases of the circulatory system,000250274.pdf,small molecule,verquvo,chronic heart failure (only in patients who are receiving standard treatment for chronic heart failure),<heart failure>,no,chronic heart failure (only in patients who are receiving standard treatment for chronic heart failure),<heart failure>,"bayer yakuhin, ltd.",bayer,,vericiguat,no,no,tablet,,na,PMDA
oral,28.10.2020,2020,authorised,japan,approved,30.07.2021,2021,diseases of the skin,000250304.pdf,small molecule,rinvoq,atopic dermatitis that have an inadequate response to conventional treatments,"<dermatitis, atopic>",yes,,not reported,abbvie gk,abbvie,,upadacitinib hydrate,yes,no,tablet,,,PMDA
oral,26.02.2021,2021,authorised,japan,approved,06.09.2021,2021,diseases of the blood and blood-forming organs; diseases of the circulatory system,000250305.pdf,small molecule,tavneos,microscopic polyangiitis and granulomatosis with polyangiitis,<microscopic polyangiitis>; <granulomatosis with polyangiitis>,no,microscopic polyangiitis and granulomatosis with polyangiitis,<microscopic polyangiitis>; <granulomatosis with polyangiitis>,"kissei pharmaceutical co., ltd.",kissei,,avacopan,no,yes,capsule,,na,PMDA
oral,30.09.2020,2020,authorised,japan,approved,28.05.2021,2021,neoplasms; diseases of the blood and blood-forming organs,000250457.pdf,small molecule,hiyasta,relapsed or refractory adult t-cell leukemia/lymphoma,<adult t-cell leukemia-lymphoma>,no,relapsed or refractory adult t-cell leukemia/lymphoma,<adult t-cell leukemia-lymphoma>,huya japan g.k.,huya,,tucidinostat,no,yes,tablet,,na,PMDA
cutaneous,28.09.2020,2020,authorised,japan,approved,30.08.2021,2021,diseases of the skin,000250545.pdf,small molecule,moizerto,atopic dermatitis,"<dermatitis, atopic>",no,atopic dermatitis,"<dermatitis, atopic>","otsuka pharmaceutical co., ltd.",otsuka,,difamilast,no,no,ointment,,na,PMDA
oral,09.12.2020,2020,authorised,japan,approved,06.09.2021,2021,diseases of the skin,000251034.pdf,small molecule,cibinqo,atopic dermatitis in patients who have had an inadequate response to conventional treatments,"<dermatitis, atopic>",no,atopic dermatitis in patients who have had an inadequate response to conventional treatments,"<dermatitis, atopic>",pfizer japan inc.,pfizer,,abrocitinib,no,no,tablet,,na,PMDA
subcutaneous,27.05.2020,2020,authorised,japan,approved,25.02.2021,2021,diseases of the musculoskeletal system and connective tissue,000251036.pdf,peptides and proteins,ostabalo,treatment for patients with osteoporosis at high risk of fracture,<osteoporosis>,no,treatment for patients with osteoporosis at high risk of fracture,<osteoporosis>,teijin pharma limited,teijin,,abaloparatide,no,no,injection,,na,PMDA
intravenous,22.03.2021,2021,authorised,japan,approved,25.02.2022,2022,diseases of the circulatory system,000252154.pdf,small molecule,samtasu,treatment of fluid retention in heart failure when treatment with other diuretics including loop diuretics is not sufficiently effective,<heart failure>,no,treatment of fluid retention in heart failure when treatment with other diuretics including loop diuretics is not sufficiently effective,<heart failure>,"otsuka pharmaceutical co., ltd.",otsuka,,tolvaptan sodium phosphate,no,no,lyophilisate,,na,PMDA
oral,26.03.2020,2020,authorised,japan,approved,27.01.2021,2021,"neoplasms; diseases of the blood and blood-forming organs; endocrine, nutritional, and metabolic diseases; diseases of the skin",000252521.pdf,small molecule,thaled,relapsed or refractory multiple myeloma; erythema nodosum leprosum; crow-fukase (poems) syndrome,<multiple myeloma>; <erythema nodosum leprosum>; <poems syndrome>,yes,crow-fukase (poems) syndrome,<poems syndrome>,fujimoto pharmaceutical corporation,fujimoto,,thalidomide,yes,yes,capsule,,,PMDA
oral,14.09.2021,2021,authorised,japan,approved,30.05.2022,2022,neoplasms; diseases of the digestive system,000252522.pdf,small molecule,jeselhy,gastrointestinal stromal tumor that has progressed after cancer chemotherapy,<gastrointestinal stromal tumors>,no,gastrointestinal stromal tumor that has progressed after cancer chemotherapy,<gastrointestinal stromal tumors>,"taiho pharmaceutical co., ltd.",taiho,,pimitespib,no,no,tablet,,na,PMDA
intravenous,19.04.2021,2021,authorised,japan,approved,26.11.2021,2021,diseases of the nervous system,000252640.pdf,biologics,vyvgart,generalized myasthenia gravis,<myasthenia gravis>,no,generalized myasthenia gravis,<myasthenia gravis>,argenx japan k.k.,argenx,,efgartigimod alfa,no,yes,solution,,na,PMDA
oral,22.04.2021,2021,authorised,japan,approved,25.02.2022,2022,diseases of the nervous system,000252828.pdf,small molecule,dysval,tardive dyskinesia,<tardive dyskinesia>,no,tardive dyskinesia,<tardive dyskinesia>,mitsubishi tanabe pharma corporation,mitsubishi tanabe,,valbenazine tosilate,no,no,capsule,,na,PMDA
subcutaneous,29.07.2020,2020,authorised,japan,approved,03.03.2022,2022,diseases of the skin,000252994.pdf,biologics,mitchga,treatment of pruritus associated with atopic dermatitis (only for patients who are inadequately controlled by conventional treatments),"<pruritus>; <dermatitis, atopic>",no,treatment of pruritus associated with atopic dermatitis (only for patients who are inadequately controlled by conventional treatments),"<pruritus>; <dermatitis, atopic>","maruho co., ltd.",maruho,,nemolizumab,no,no,solution,,na,PMDA
intramuscular,13.10.2022,2022,authorised,japan,approved,07.02.2023,2023,infectious and parasitic diseases,000253046.pdf,vaccine,comirnaty,prevention of disease caused by sars-cov-2 infection (covid-19),<covid-19>,yes,prevention of disease caused by sars-cov-2 infection (covid-19),<sars-cov-2>,pfizer japan inc.,pfizer,,coronavirus modified uridine rna vaccine,yes,no,injection,,,PMDA
oral,26.02.2021,2021,authorised,japan,approved,02.12.2021,2021,diseases of the respiratory system,000263285.pdf,small molecule,lyfnua,refractory chronic cough,<chronic cough>,no,refractory or unexplained chronic cough,<chronic cough>,msd k.k.,msd,,gefapixant citrate,no,no,tablet,,na,PMDA
intravenous,26.04.2021,2021,authorised,japan,approved,09.02.2022,2022,neoplasms; diseases of the digestive system,000263433.pdf,biologics,herceptin,her2-overexpressing breast cancer; unresectable advanced or recurrent her2-overexpressing gastric cancer; unresectable advanced or recurrent her2-positive salivary gland carcinoma; unresectable advanced or recurrent her2-positive colorectal cancer that has progressed after cancer chemotherapy,<breast neoplasms>; <stomach neoplasms>; <salivary gland neoplasms>; <colorectal neoplasms>,yes,her2-overexpressing breast cancer; unresectable advanced or recurrent her2-overexpressing gastric cancer; unresectable advanced or recurrent her2-overexpressing colorectal cancer,<breast neoplasms>; <stomach neoplasms>; <colorectal neoplasms>,"chugai pharmaceutical co., ltd.",chugai,,trastuzumab,yes,no,lyophilisate,,,PMDA
intravenous,26.04.2021,2021,authorised,japan,approved,09.02.2022,2022,neoplasms; diseases of the digestive system,000263434.pdf,biologics,perjeta,unresectable advanced or recurrent her2-positive colorectal cancer that has progressed after cancer chemotherapy,<colorectal neoplasms>,yes,her2-positive breast cancer; unresectable advanced or recurrent her2-positive colorectal cancer,<breast neoplasms>; <colorectal neoplasms>,"chugai pharmaceutical co., ltd.",chugai,,pertuzumab,yes,no,infusion,,,PMDA
intravenous,25.05.2012,2012,authorised,japan,approved,25.04.2013,2013,neoplasms,000263435.pdf,biologics,perjeta,her2-positive inoperable or recurrent breast cancer,<breast neoplasms>,no,her2-positive inoperable or recurrent breast cancer,<breast neoplasms>,"chugai pharmaceutical co., ltd.",chugai,,pertuzumab,no,no,solution,,na,PMDA
intravenous,30.06.2021,2021,authorised,japan,approved,12.05.2022,2022,neoplasms; diseases of the blood and blood-forming organs,000263873.pdf,small molecule,darvias,relapsed or refractory peripheral t-cell lymphoma,<peripheral t-cell lymphoma>,no,relapsed or refractory peripheral t-cell lymphoma,<peripheral t-cell lymphoma>,solasia pharma k.k.,solasia,,darinaparsin,no,no,lyophilisate,,na,PMDA
oral,26.11.2020,2020,authorised,japan,approved,25.02.2022,2022,"diseases of the genitourinary system; endocrine, nutritional, and metabolic diseases",000264058.pdf,small molecule,kerendia,chronic kidney disease associated with type 2 diabetes mellitus,"<chronic kidney disease>; <diabetes mellitus, type 2>",no,chronic kidney disease associated with type 2 diabetes mellitus,"<chronic kidney disease>; <diabetes mellitus, type 2>","bayer yakuhin, ltd.",bayer,,finerenone,no,no,tablet,,na,PMDA
intravenous,01.03.2021,2021,authorised,japan,approved,26.11.2021,2021,diseases of the circulatory system; diseases of the nervous system,000264059.pdf,small molecule,pivlaz,prevention of cerebrovascular spasm after surgery for subarachnoid haemorrhage caused by cerebral aneurysm and subsequent cerebral infarction and cerebral ischemic episodes,<subarachnoid hemorrhage>; <cerebral aneurysm>; <cerebral infarction>; <cerebral ischemia>,no,prevention of cerebrovascular spasm after surgery for subarachnoid haemorrhage caused by cerebral aneurysm and subsequent cerebral infarction and cerebral ischemic episodes,"<subarachnoid hemorrhage>; <cerebral aneurysm>; <cerebral infarction>; <ischemic attack, transient>",idorsia pharmaceuticals japan ltd.,idorsia,,clazosentan sodium,no,no,injection,,na,PMDA
intravitreal,20.10.2021,2021,authorised,japan,approved,25.08.2022,2022,diseases of the eye and adnexa,000264250.pdf,biologics,eylea,age-related macular degeneration with subfoveal choroidal neovascularization; macular edema secondary to retinal vein occlusion; choroidal neovascularization in pathologic myopia; diabetic macular edema; neovascular glaucoma; retinopathy of prematurity,"<macular degeneration>; <macular edema>; <retinal vein occlusion>; <myopia, degenerative>; <diabetic macular edema>; <glaucoma, neovascular>; <retinopathy of prematurity>",yes,age-related macular degeneration with subfoveal choroidal neovascularization; macular edema secondary to retinal vein occlusion; choroidal neovascularization in pathologic myopia; diabetic macular edema; neovascular glaucoma; retinopathy of prematurity,"<macular degeneration>; <macular edema>; <retinal vein occlusion>; <myopia, degenerative>; <diabetic macular edema>; <glaucoma, neovascular>; <retinopathy of prematurity>","bayer yakuhin, ltd.",bayer,,aflibercept,yes,no,solution,,,PMDA
subcutaneous,25.08.2021,2021,authorised,japan,approved,27.01.2023,2023,"endocrine, nutritional, and metabolic diseases",000265142.pdf,peptides and proteins,wegovy,obesity,<obesity>,yes,obesity,<obesity>,novo nordisk pharma ltd.,novo nordisk,,semaglutide,no,no,injection,,na,PMDA
intravenous,10.02.2022,2022,authorised,japan,approved,25.08.2022,2022,diseases of the blood and blood-forming organs,000265467.pdf,biologics,cablivi,acquired thrombotic thrombocytopenic purpura,<thrombotic thrombocytopenic purpura>,no,acquired thrombotic thrombocytopenic purpura,<thrombotic thrombocytopenic purpura>,sanofi k.k.,sanofi,,caplacizumab,no,yes,lyophilisate,,na,PMDA
intravenous,29.10.2021,2021,authorised,japan,approved,02.06.2022,2022,diseases of the nervous system,000265591.pdf,biologics,rituxan,prevention of the relapse of neuromyelitis optica spectrum disorder (including neuromyelitis optica),<neuromyelitis optica spectrum disorder>,yes,prevention of the relapse of neuromyelitis optica spectrum disorder (including neuromyelitis optica),<neuromyelitis optica spectrum disorder>,"zenyaku kogyo co., ltd.",zenyaku,,rituximab,yes,yes,solution,,,PMDA
intravenous,27.05.2022,2022,authorised,japan,approved,03.03.2023,2023,diseases of the digestive system,000265667.pdf,biologics,omvoh,remission induction therapy for moderate to severe ulcerative colitis,<ulcerative colitis>,no,remission induction therapy for moderate to severe ulcerative colitis,<ulcerative colitis>,eli lilly japan k.k.,eli lilly,,mirikizumab,no,no,injection,,na,PMDA
intravenous,18.03.2022,2022,authorised,japan,approved,28.11.2022,2022,neoplasms; diseases of the genitourinary system,000265791.pdf,biologics,libtayo,advanced or recurrent cervical cancer that has progressed after chemotherapy,<cervical cancer>,no,advanced or recurrent cervical cancer that has progressed after chemotherapy,<cervical cancer>,sanofi k.k.,sanofi,,cemiplimab,no,no,injection,,na,PMDA
intravenous,30.03.2022,2022,authorised,japan,approved,27.01.2023,2023,other,000265792.pdf,small molecule,precedex,sedation of non-intubated pediatric patients during non-invasive procedures or examinations,not reported,yes,sedation of non-intubated pediatric patients during non-invasive procedures or examinations,not reported,pfizer japan inc.,pfizer,,dexmedetomidine hydrochloride,yes,no,solution,,,PMDA
intramuscular,11.04.2023,2023,authorised,japan,approved,25.07.2023,2023,infectious and parasitic diseases,000266328.pdf,vaccine,comirnaty,prevention of disease caused by sars-cov-2 infection (covid-19),<sars-cov-2 infection>,yes,prevention of disease caused by sars-cov-2 infection (covid-19),<sars-cov-2>,pfizer japan inc.,pfizer,,coronavirus (sars-cov-2) rna vaccine,yes,no,injection,,,PMDA
oral,10.06.2022,2022,authorised,japan,approved,18.01.2023,2023,neoplasms; diseases of the blood and blood-forming organs,000266405.pdf,small molecule,imbruvica,treatment-naïve mantle cell lymphoma,<mantle cell lymphoma>,yes,treatment-naïve mantle cell lymphoma,<mantle cell lymphoma>,janssen pharmaceutical k.k.,janssen,,ibrutinib,yes,yes,capsule,,,PMDA
intramuscular,13.01.2023,2023,authorised,japan,approved,31.07.2023,2023,infectious and parasitic diseases,000266892.pdf,vaccine,daichirona,prevention of disease caused by sars-cov-2 infection (covid-19),<covid-19>,no,prevention of disease caused by sars-cov-2 infection (covid-19),<sars-cov-2>,"daiichi sankyo company, limited",daiichi sankyo,,coronavirus (sars-cov-2) rna vaccine,no,no,injection,,na,PMDA
oral,12.09.2022,2022,authorised,japan,approved,12.05.2023,2023,"endocrine, nutritional, and metabolic diseases",000266893.pdf,small molecule,parmodia xr,hyperlipidemia (including familial hyperlipidemia),<hyperlipidemias>,yes,hyperlipidemia (including familial hyperlipidemia),<hyperlipidemias>,"kowa company, ltd.",kowa,,pemafibrate,yes,no,tablet,,,PMDA
oral,25.08.2022,2022,authorised,japan,approved,29.05.2023,2023,diseases of the skin,000266925.pdf,small molecule,litfulo,alopecia areata (limited to intractable cases involving extensive hair loss),<alopecia areata>,no,alopecia areata (limited to intractable cases involving extensive hair loss),<alopecia areata>,pfizer japan inc.,pfizer,,ritlecitinib tosilate,no,no,capsule,,na,PMDA
intravenous,16.01.2023,2023,authorised,japan,approved,21.08.2023,2023,diseases of the nervous system,000267068.pdf,biologics,leqembi,to slow the progression of mild cognitive impairment and mild dementia due to alzheimer’s disease,<alzheimer disease>,no,to slow the progression of early alzheimer’s disease (mild cognitive impairment and mild dementia due to alzheimer’s disease),<alzheimer disease>,"eisai co., ltd.",eisai,,lecanemab,no,no,injection,,na,PMDA
oral,14.02.2022,2022,authorised,japan,approved,,2022,neoplasms,000267330.pdf,small molecule,ts-1,"adjuvant therapy for hormone receptor-positive, her2-negative breast cancer with a high risk of recurrence",<breast neoplasms>,yes,"adjuvant therapy for hormone receptor-positive, her2-negative breast cancer with a high risk of recurrence",<breast neoplasms>,"taiho pharmaceutical co., ltd.",taiho,,tegafur/gimeracil/oteracil potassium,yes,no,capsule,,,PMDA
oral,28.07.2022,2022,authorised,japan,approved,29.05.2023,2023,neoplasms; diseases of the digestive system,000267944.pdf,small molecule,lytgobi,unresectable fgfr2 gene fusion-positive biliary tract cancer that has progressed after cancer chemotherapy,<biliary tract neoplasms>,no,"previously treated, locally advanced or metastatic biliary tract cancer harboring fgfr2 gene fusion or other rearrangements",<biliary tract neoplasms>,"taiho pharmaceutical co., ltd.",taiho,,futibatinib,no,no,tablet,,na,PMDA
subcutaneous,29.08.2022,2022,authorised,japan,approved,31.07.2023,2023,diseases of the blood and blood-forming organs,000268789.pdf,biologics,alhemo,control of bleeding tendency in patients with congenital hemophilia with coagulation factor viii or ix inhibitors,<congenital hemophilia>,no,control of bleeding tendency in patients with congenital hemophilia with coagulation factor viii or ix inhibitors,<congenital hemophilia>,novo nordisk pharma ltd.,novo nordisk,,concizumab,no,yes,solution,,na,PMDA
intramuscular,09.02.2023,2023,authorised,japan,approved,15.06.2023,2023,infectious and parasitic diseases,000269293.pdf,vaccine,spikevax,prevention of disease caused by sars-cov-2 infection (covid-19),<coronavirus infections>,yes,prevention of disease caused by sars-cov-2 infection (covid-19),<sars-cov-2 infections>,"moderna japan co., ltd.",moderna,,coronavirus (sars-cov-2) rna vaccine,yes,no,suspension,,,PMDA
intramuscular,28.04.2023,2023,authorised,japan,approved,27.11.2023,2023,infectious and parasitic diseases,000269813.pdf,vaccine,kostaive,prevention of disease caused by sars-cov-2 infection (covid-19),<covid-19>,no,prevention of disease caused by sars-cov-2 infection (covid-19),<sars-cov-2>,"meiji seika pharma co., ltd.",meiji,,coronavirus (sars-cov-2) rna vaccine,no,no,lyophilisate,,na,PMDA
subcutaneous,31.10.2014,2014,authorised,japan,approved,10.07.2015,2015,"endocrine, nutritional, and metabolic diseases",000269814.pdf,peptides and proteins,tresiba,diabetes mellitus where treatment with insulin is required,<diabetes mellitus>,yes,diabetes mellitus where treatment with insulin is required,<diabetes mellitus>,novo nordisk pharma ltd.,novo nordisk,,insulin degludec,yes,no,solution,,,PMDA
oral,10.02.2022,2022,authorised,japan,approved,05.07.2023,2023,neoplasms; diseases of the genitourinary system,000269956.pdf,small molecule,lynparza,treatment of brca mutation-positive metastatic castration-resistant prostate cancer,<prostatic neoplasms>,yes,treatment of brca mutation-positive metastatic castration-resistant prostate cancer,<prostatic neoplasms>,astrazeneca k.k.,astrazeneca,,olaparib,yes,no,tablet,,,PMDA
oral,28.12.2021,2021,authorised,japan,approved,29.08.2022,2022,neoplasms; diseases of the blood and blood-forming organs,000269997.pdf,small molecule,ezharmia,relapsed or refractory adult t-cell leukemia-lymphoma,<adult t-cell leukemia-lymphoma>,no,relapsed or refractory adult t-cell leukemia-lymphoma,<adult t-cell leukemia-lymphoma>,"daiichi sankyo company, limited",daiichi sankyo,,valemetostat tosilate,no,yes,tablet,,na,PMDA
intravenous,19.01.2021,2021,authorised,japan,approved,30.08.2021,2021,"endocrine, nutritional, and metabolic diseases",000270056.pdf,biologics,nexviazyme,pompe disease,<pompe disease>,yes,pompe disease,<pompe disease>,sanofi k.k.,sanofi,,avalglucosidase alfa,no,yes,lyophilisate,,na,PMDA
subcutaneous,08.12.2022,2022,authorised,japan,approved,21.08.2023,2023,diseases of the nervous system,000270515.pdf,peptides and proteins,zilbrysq,generalized myasthenia gravis (only in patients who inadequately respond to corticosteroids or nonsteroidal immunosuppressants),<generalized myasthenia gravis>,no,generalized myasthenia gravis,<myasthenia gravis>,"ucb japan co., ltd.",ucb,,zilucoplan,no,no,solution,,na,PMDA
subcutaneous,03.03.2023,2023,authorised,japan,approved,27.11.2023,2023,diseases of the skin,000270578.pdf,biologics,ebglyss,atopic dermatitis not responding adequately to conventional treatments,"<dermatitis, atopic>",no,atopic dermatitis not responding adequately to conventional treatments,"<dermatitis, atopic>",eli lilly japan k.k.,eli lilly,,lebrikizumab,no,no,injection,,na,PMDA
intramuscular,07.09.2023,2023,authorised,japan,approved,17.11.2023,2023,infectious and parasitic diseases,000270669.pdf,vaccine,daichirona,prevention of disease caused by sars-cov-2 infection (covid-19),<covid-19>,yes,prevention of disease caused by sars-cov-2 infection (covid-19),<covid-19>,"daiichi sankyo company, limited",daiichi sankyo,,coronavirus (sars-cov-2) rna vaccine,yes,no,injection,,,PMDA
oral,24.02.2023,2023,authorised,japan,approved,27.11.2023,2023,neoplasms,000270833.pdf,small molecule,talzenna,brca-mutated her2-negative inoperable or recurrent breast cancer after prior chemotherapy,<breast neoplasms>,no,castration-resistant prostate cancer; brca-mutated her2-negative inoperable or recurrent breast cancer,"<prostatic neoplasms, castration-resistant>; <breast neoplasms>",pfizer japan inc.,pfizer,,talazoparib tosilate,no,no,capsule,,na,PMDA
oral,30.06.2022,2022,authorised,japan,approved,27.02.2023,2023,infectious and parasitic diseases,000270863.pdf,small molecule,valixa,symptomatic congenital cytomegalovirus disease,<cytomegalovirus infections>,yes,symptomatic congenital cytomegalovirus disease,<cytomegalovirus infections>,mitsubishi tanabe pharma corporation,mitsubishi tanabe,,valganciclovir,yes,yes,dry syrup,,,PMDA
oral,24.04.2023,2023,authorised,japan,approved,08.12.2023,2023,neoplasms; diseases of the circulatory system,000271105.pdf,small molecule,rapalimus,refractory vascular tumors and refractory vascular malformations,<refractory vascular tumors>; <refractory vascular malformations>,yes,refractory vascular tumors and refractory vascular malformations,<neoplasms>; <vascular malformations>,"nobelpharma co., ltd.",nobel,,sirolimus,yes,yes,tablet,,,PMDA
subcutaneous,26.04.2023,2023,authorised,japan,approved,22.02.2024,2024,diseases of the respiratory system,000271106.pdf,biologics,fasenra,bronchial asthma (only for patients with intractable bronchial asthma uncontrolled on conventional therapy),<bronchial asthma>,yes,bronchial asthma (only for patients with intractable bronchial asthma uncontrolled on conventional therapy),<bronchial asthma>,astrazeneca k.k.,astrazeneca,,benralizumab,yes,no,injection,,,PMDA
oral,19.05.2023,2023,authorised,japan,approved,08.12.2023,2023,diseases of the blood and blood-forming organs,000271107.pdf,small molecule,voydeya,paroxysmal nocturnal hemoglobinuria,<paroxysmal nocturnal hemoglobinuria>,no,inhibition of extravascular hemolysis in patients with paroxysmal nocturnal hemoglobinuria,<paroxysmal nocturnal hemoglobinuria>,alexion pharma gk,alexion,,danicopan,no,yes,tablet,,na,PMDA
intravenous,27.07.2023,2023,authorised,japan,approved,22.02.2024,2024,neoplasms; diseases of the blood and blood-forming organs,000271597.pdf,biologics,besponsa,relapsed or refractory cd22-positive acute lymphoblastic leukemia,<precursor cell lymphoblastic leukemia-lymphoma>,yes,relapsed or refractory cd22-positive acute lymphoblastic leukemia,<precursor cell lymphoblastic leukemia-lymphoma>,pfizer japan inc.,pfizer,,inotuzumab ozogamicin,yes,yes,lyophilisate,,,PMDA
oral,28.10.2022,2022,authorised,japan,approved,21.08.2023,2023,"diseases of the genitourinary system; endocrine, nutritional, and metabolic diseases",000271700.pdf,small molecule,phozevel,improvement of hyperphosphatemia in patients with chronic kidney disease on dialysis,<hyperphosphatemia>; <chronic kidney disease>,no,improvement of hyperphosphatemia in patients with chronic kidney disease on dialysis,<hyperphosphatemia>; <chronic kidney disease>,"kyowa kirin co., ltd.",kyowa kirin,,tenapanor hydrochloride,no,no,tablet,,na,PMDA
intravenous,16.08.2023,2023,authorised,japan,approved,29.02.2024,2024,diseases of the blood and blood-forming organs,000272019.pdf,biologics,adzynma,congenital thrombotic thrombocytopenic purpura,<thrombotic thrombocytopenic purpura>,no,congenital thrombotic thrombocytopenic purpura,<thrombotic thrombocytopenic purpura>,takeda pharmaceutical company limited,takeda,,apadamtase alfa,no,yes,lyophilisate,,na,PMDA
oral,30.01.2023,2023,authorised,japan,approved,08.12.2023,2023,mental and behavioural disorders,000272245.pdf,small molecule,rexulti,depression or depressive state (for use only in patients who have an inadequate response to existing antidepressant therapy),<depressive disorder>,yes,depression or depressive state (for use only in patients who have an inadequate response to existing antidepressant therapy),<depressive disorder>,"otsuka pharmaceutical co., ltd.",otsuka,,brexpiprazole,yes,no,tablet,,,PMDA
intravenous,09.06.2023,2023,authorised,japan,approved,04.03.2024,2024,neoplasms; diseases of the digestive system,000272323.pdf,biologics,vyloy,cldn18.2-positive unresectable advanced or recurrent gastric cancer,<gastric cancer>,no,"cldn18.2-positive locally advanced, unresectable or metastatic gastric cancer",<gastric cancer>,astellas pharma inc.,astellas,,zolbetuximab,no,no,lyophilisate,,na,PMDA
oral,31.01.2024,2024,authorised,japan,approved,24.05.2024,2024,neoplasms; diseases of the blood and blood-forming organs,000272485.pdf,small molecule,ezharmia,relapsed or refractory peripheral t-cell lymphoma,<peripheral t-cell lymphoma>,yes,relapsed or refractory peripheral t-cell lymphoma,<peripheral t-cell lymphoma>,"daiichi sankyo company, limited",daiichi sankyo,,valemetostat,yes,no,tablet,,,PMDA
inhalation,30.06.2023,2023,authorised,japan,approved,04.03.2024,2024,diseases of the respiratory system,000272776.pdf,biologics,sargmalin,autoimmune pulmonary alveolar proteinosis,<autoimmune diseases>,no,autoimmune pulmonary alveolar proteinosis,<autoimmune diseases>,"nobelpharma co., ltd.",nobel,,sargramostim,no,yes,lyophilisate,,na,PMDA
oral,26.07.2023,2023,authorised,japan,approved,29.02.2024,2024,diseases of the musculoskeletal system and connective tissue,000273006.pdf,small molecule,acenobel,suppression of the progression of muscular weakness in patients with distal myopathy with rimmed vacuoles,<distal myopathy>,no,suppression of the progression of muscular weakness in patients with gne myopathy,<gne myopathy>,"nobelpharma co., ltd.",nobel,,aceneuramic acid,no,yes,tablet,,na,PMDA
intravenous,14.06.2023,2023,authorised,japan,approved,29.02.2024,2024,diseases of the blood and blood-forming organs,000273123.pdf,biologics,piasky,paroxysmal nocturnal hemoglobinuria,<paroxysmal nocturnal hemoglobinuria>,no,paroxysmal nocturnal hemoglobinuria,<paroxysmal nocturnal hemoglobinuria>,"chugai pharmaceutical co., ltd.",chugai,,crovalimab,no,no,injection,,na,PMDA
oral,08.06.2023,2023,authorised,japan,approved,04.03.2024,2024,infectious and parasitic diseases,000273156.pdf,small molecule,xocova,disease caused by sars-cov-2 infection (covid-19),<coronavirus infections>,no,disease caused by sars-cov-2 infection (covid-19),<coronavirus infections>,"shionogi & co., ltd.",shionogi,,ensitrelvir fumaric acid,no,no,tablet,,na,PMDA
intravenous,13.06.2023,2023,authorised,japan,approved,29.02.2024,2024,diseases of the blood and blood-forming organs,000273743.pdf,biologics,vyvgart,generalized myasthenia gravis; chronic idiopathic thrombocytopenic purpura,"<generalized myasthenia gravis>; <thrombocytopenic purpura, chronic>",yes,generalized myasthenia gravis; primary immune thrombocytopenia,<generalized myasthenia gravis>; <primary immune thrombocytopenia>,argenx japan k.k.,argenx,,efgartigimod alfa,yes,yes,injection,,,PMDA
intramuscular,25.05.2023,2023,authorised,japan,approved,05.10.2023,2023,infectious and parasitic diseases,000274240.pdf,vaccine,spikevax,prevention of disease caused by sars-cov-2 infection (covid-19),<sars-cov-2 infections>,yes,prevention of disease caused by sars-cov-2 infection (covid-19),<sars-cov-2 infections>,"moderna japan co., ltd.",moderna,,coronavirus rna vaccine,yes,no,suspension,,,PMDA
subcutaneous,31.03.2023,2023,authorised,japan,approved,05.02.2024,2024,diseases of the skin,000274306.pdf,biologics,dupixent,chronic spontaneous urticaria,<chronic urticaria>,yes,chronic spontaneous urticaria,<chronic urticaria>,sanofi k.k.,sanofi,,dupilumab,yes,no,syringe,,,PMDA
subcutaneous,10.08.2023,2023,authorised,japan,approved,31.05.2024,2024,"endocrine, nutritional, and metabolic diseases",000274762.pdf,peptides and proteins,awiqli,diabetes mellitus where treatment with insulin is required,<diabetes mellitus>,no,diabetes mellitus where treatment with insulin is required,<diabetes mellitus>,novo nordisk pharma ltd.,novo nordisk,,insulin icodec,no,no,solution,,na,PMDA
oral,30.06.2023,2023,authorised,japan,approved,09.05.2024,2024,neoplasms; diseases of the blood and blood-forming organs,000275223.pdf,small molecule,jaypirca,relapsed or refractory mantle cell lymphoma in patients who are resistant or intolerant to other btk inhibitors,<mantle cell lymphoma>,no,relapsed or refractory mantle cell lymphoma in patients who are resistant or intolerant to other btk inhibitors,<mantle cell lymphoma>,eli lilly japan k.k.,eli lilly,,pirtobrutinib,no,,tablet,,na,PMDA
intravenous,18.08.2023,2023,authorised,japan,approved,01.08.2024,2024,diseases of the nervous system,000275604.pdf,biologics,kisunla,to slow the progression of mild cognitive impairment and mild dementia due to alzheimer’s disease,<alzheimer disease>,no,to slow the progression of mild cognitive impairment and mild dementia due to alzheimer’s disease,<alzheimer disease>,eli lilly japan k.k.,eli lilly,,donanemab,no,no,solution,,na,PMDA
oral,07.08.2023,2023,authorised,japan,approved,31.05.2024,2024,diseases of the blood and blood-forming organs,000275874.pdf,small molecule,fabhalta,paroxysmal nocturnal hemoglobinuria,<paroxysmal nocturnal hemoglobinuria>,no,paroxysmal nocturnal hemoglobinuria,<paroxysmal nocturnal hemoglobinuria>,novartis pharma k.k.,novartis,,iptacopan,no,no,capsule,,na,PMDA
